id,label
6403a3f8d07557bc,0.11431007173715597
1b1d097ff5b144e1,0.10390412039665325
08c7c3c71a02ca8a,0.20098443606718458
7f09e9039629a38a,0.12539666763210128
1fecfdee265e685f,0.20708212298893147
2b1b1ab99f54e1a7,0.12385474032544044
f893cdb025b56c89,0.17781922431727276
84466d5fc69b1dd1,0.181832472890987
e0f419be2a81cbff,0.0979540636577125
d9e55e1259c7c29e,0.20525899619561283
602d7f4b0882ec4b,0.16270127501780712
67f2f87cc129d7da,0.16325370490819663
eec96ea0e1c9f7cf,0.07162577983741752
d85127e773ec4820,0.1666051084190119
9e96822b06b0f7f3,0.10144626044944899
c6489148a3f9498b,0.12972582657258963
ad5ca801b22a4eb2,0.07354515916056904
22e01b671e9f12bc,0.10962857361673917
4953dbf3e113fbdc,0.07705692101180234
95397470f084bc6e,0.40815379212092107
ff39045f375a9792,0.08615144911942456
893575902a76b6bf,0.09141497519930127
4d9211d2b44f7d9f,0.11678035418729564
8205441451789e41,0.07188752787235456
5ade617aad761daa,0.4073865254049444
7d8bd74eaaf831a8,0.16315399572047143
3a4abb16616fb838,0.07819904489370338
6e14ae545a54ec6b,0.19818005246947656
a6d127f7b7a19a79,0.16003972344355444
e29e33c4a6eaf6fb,0.11858919066098711
42b296aec3a400d2,0.11991108323462901
238a42187f0c12de,0.09637310832430182
4c99d80ab952e272,0.18417947322999695
ef909ea8db65784b,0.17390203177687816
53283f9869842cd5,0.24529675307955867
fa99ef0b96b51157,0.15312246498466206
3cdaa31c37582a6d,0.22737529920469052
e007009eea08f15e,0.11191665412714681
e46769b586a6b83b,0.19650728413985621
c77497b63a864028,0.08886863959899871
bceeb0086c625fac,0.08803170135136454
5abf8e5791e5fa94,0.24461387337759388
0b7d89ea3694651f,0.16346506721934081
ce60477eea0a9007,0.2525627415431991
847baeeadbaba41a,0.11299451283956029
aefefeee7da6b616,0.2005732141425381
321cc4b04985f915,0.12221104762532553
590cfafdd102ec19,0.1482037830467299
0a3027ad8dd82438,0.09385362560106615
01e58c9ae88cd390,0.07585365007985988
8f5eb2d903aad722,0.09350108265862077
3f1b90f008fcd5d0,0.20126132062073926
9e55098b34909114,0.19948520897505378
ed3723d6f0b305ec,0.16831952164403463
e1d77367315c8c64,0.11725829791918085
b97a34687794c3cc,0.07873814716091387
2d9a8bda25c031b1,0.08004172888285133
367427e76fbb967a,0.14868388099365487
2d1de7cf3363aa2c,0.0895424433416665
d69cf5bc1f0112f9,0.07602154809793751
2a75c552e6a0103c,0.19598991815024963
943114c642b7e30a,0.08801965693297008
5f4258edf6c1b382,0.08070020662728816
ff0a817eba03cc6b,0.1830230044839283
c77fe2a4fb942f02,0.20433313311550733
df587d726667a5fb,0.17028517224045092
8c09d6fdeb48dfe5,0.07651712365750575
564e16bfb829c7a8,0.07498811274226137
e592482dff2b62bb,0.07297613711763966
33319a7020313788,0.16339391572496087
4700a73d634e28f5,0.25916214729083215
e5d9aee597bb4052,0.09440489371798924
b93533776029ab4e,0.2491213908118187
e9274894e7ca5d48,0.07087860587386616
37e126228f093cb2,0.08366086942663116
ee5e8daf19a62436,0.25002881816282385
5c2af7cb33fcb9b8,0.11246145499445273
dd6cf914fd458758,0.08332865737819199
7943edf1ba3d08c4,0.10011353446741728
50dccf68b6d84c9a,0.10761139039174983
71b1d024ea8e0791,0.14042157286580007
a8ccfbc903739855,0.08489717624038269
bbf9130a10bb2e61,0.07275270213906519
41a2cd1fb3af1f62,0.12295406299063262
e5b00c5e94bb1efc,0.12814595154132613
8a2951b875e32f95,0.07891398649844218
4b4241c32f2ae2c3,0.0922673992702026
8beed49416c057b7,0.09947034833009599
1cc185c7cde5f29e,0.20412305694884697
635d0e269bd151c8,0.07373112538100698
9eb98f9a7202dfe8,0.07496321688835034
c224615f7e3ecda9,0.07338286720758035
f93a14286735bede,0.0915299234138994
c118092c44e808f2,0.1778205604848937
0972b7359cd12fb8,0.07320880991146808
22318b12ec6eb14f,0.17296511377350304
9c92d4068021c258,0.23090949701211863
053aaf6bcba9464c,0.09917709044200845
966f0341c7d1f5bb,0.09041868971761034
624826d8d4f7d476,0.09686215482438879
250e83ae550b1992,0.27755864561585597
9ff420d30b835836,0.1531024031333814
f74cb9754e9ea82c,0.1240465366090775
8ab5a2752e698725,0.09534176892677955
56957aca1f34dcea,0.16313520901049253
a6c0cf21bf0a1be2,0.07204150397918266
427e6266110ac72a,0.22319101185012524
7b84fe626f3ebccc,0.17038861308196773
6abd9ee5808aa267,0.09567540904743844
15aaf86082111e4c,0.18911623131191635
afb1bcdc94b9bce3,0.07211819429713949
93a337e7b4fedfd4,0.11115333246012207
cddee4f1517d9dd4,0.11496408490115649
755140c7bd8e7223,0.12102201547651875
0ae88cec371ee0f0,0.07280228672620828
08a9f02754051fc8,0.22602419419198158
4bab179b9218d454,0.12319090247142184
2af9aad0b831d3ec,0.07405545234516456
7d330fd87e35ee09,0.13112139907029852
d79f0de699294b3b,0.18205628999868653
652a8c0826eb2609,0.1601682131743004
2ae2ef63a2565c3d,0.19945100792843887
1bcffad3764f7c4a,0.10231746320453583
707e78f41fd82174,0.0781251711332009
e4824a55ce76b702,0.07485907371549262
993182bb80730c31,0.14164457138116146
dd67c105d030f636,0.1802788028420969
3dc4dceeeecb58eb,0.15334575849393303
90a67d119116b976,0.18583846097309553
a483f8d40e026f5d,0.07163928984586802
3d24648e710fafb4,0.08914115303755145
9104c44e8910b122,0.07632522260620421
47b77ad7aec9f1dd,0.08498941053464172
a66cc4155a0edaca,0.14594722659929643
1f4dcc29503e1a4d,0.14083516535246343
0a295834d6044914,0.09787630383941548
bdce8615df21ee2f,0.0726628772399022
694b4d3b1ed04c61,0.0761860736222395
ffd75ff5c92f624d,0.14919494283198698
717e992041e77d9a,0.1520447148654375
eb5157274916100f,0.1618034073185261
b77c5c610fc74da8,0.07531359541563508
41d2ba14e653bbad,0.1587477165335745
f2b612c9be07aabe,0.12868112794409398
3451e892c310a998,0.11730078216730762
2ab24c04722d8bf6,0.08129712665008151
38ded7c17115e7e6,0.19826502653620084
afed8219aa70efeb,0.11594469713562738
1e9c4d7d2de01fba,0.15503065512534628
c1bda90e9a3b9ec3,0.11059817825274665
d406fda410e7c177,0.23237525438728246
f49753bbcfabdaff,0.12782559059695942
4daee2e232e58a56,0.23297026217038844
858a9c1611f558cb,0.12662762149390286
05b0a9e8b1444d99,0.10905238230016354
8b2ac5da79a42e4a,0.22372560475768677
222fc0675ea28b67,0.0775240405536213
77cb5f88dff15921,0.13367607045842111
947d5752d88dc00c,0.2628645322215749
309a531dddebb471,0.20220879897226332
7e5f9d7d0cdf5a81,0.08157169064767314
6dfe2ff41e67b01d,0.11405984508333425
9a51f7696f388499,0.12990250231756867
9c5cb5a9b9b2b4cb,0.17910362453090126
bc7e89abddb2aa54,0.55132349094672
5d3eff0bafcd186f,0.1752285028687843
d592e9d5579075d5,0.09981430295806348
475f765f9fa22959,0.20261548408596325
71d36204d6040aaa,0.17465716158427708
78119b8ffb9aa8ab,0.07466502055609239
09d1e9b9b858fe18,0.17122443678595292
ba5f5f59e3b0b755,0.19732238631213642
3b7344f40bf64734,0.1305364994157508
1f72c876a5e3738a,0.16499398700068668
86262f7438a90d1d,0.11708356978765971
3f6e10ed3e6a6303,0.2902446770569253
ada42e94aae1a58f,0.20606074231000354
b5320e4cd134414b,0.1341510408403609
ef83ac91e80ddd9d,0.10319812830751064
b8a457f0c9f14bef,0.11491621175655983
74947cda3decdbb1,0.12833418891713297
a39392c735bde1ac,0.10813419997778524
afb321701a74d5b0,0.07305463715017815
df401b9701e04299,0.09100472044125417
c9b67772b4c4f44b,0.19517849668832177
b5665177cd7b6c5d,0.07252912707385031
1d621e5fa6b0c45f,0.1174525848671206
2d595ec6f4c2524c,0.11423818282596154
6a96a53512d24696,0.09389726184248066
b3a68808640b25da,0.07420912424848167
cd9f2b2346e70af7,0.08266348681459958
d78d162e0d903e67,0.21339004563176175
512b0444982361f4,0.2068413918876566
36f4f9a58e05409e,0.08208036962854064
e4b4fc878504822b,0.11957658059586442
d2c6c32ea3387653,0.07292286717680169
62d5596d1fe892ad,0.2471082306300145
8756eb85074bbf32,0.08576639729589028
9120f37fb674d8d5,0.13803590754526168
ad529a51765d4ec3,0.09387732330737623
f5e98c69a45e4a76,0.2072399644311017
4e8ecc5a6ef67336,0.11983841294746884
e26f37d892f837e3,0.16862605437881828
377bd33e8a9d5e7b,0.0961376055067591
7277e822016a05a5,0.16327115828825275
94fed9a4092a19bd,0.11884346150839611
28d304cf97ca614c,0.16472729989524246
5a5195df47e373d6,0.07303553940941893
ebc9acfa1d364336,0.08503789039230325
5d76c6de5ee62843,0.14017832358235502
511d1dd15e99184d,0.14507096647359036
b6d744f202fb4a14,0.15346797562093673
43c3e8abee7ceeda,0.15652523559833043
41afcd725afd0bb9,0.13328356657962454
bd4f0c1a61da90cc,0.32457085534324875
ac5e8e6812e3a526,0.1621851530592911
61843635f4d407cc,0.20344119594714627
d643d4e6d84db59f,0.15946709673429124
5c0b8bce49a0a773,0.18776460137906476
7c6020b2e5dae41a,0.1567891133448117
4a6f26c4ccfa8a2a,0.08767513529887112
f5ff436197b8129d,0.1279649268690785
27b8587241bf56d8,0.10106929934011387
a198a7b963854e6e,0.07274882357766223
8661667952751501,0.207290711070961
282a1321ef8c1306,0.11194762766567053
db3dd0b21b03ce9e,0.16067970334229587
3bdc9a83d65a78f8,0.1460173703096495
2983651d59dfaedd,0.17899574611309332
ba2be23d69668658,0.08829894568656385
89d58eb00d13e4fd,0.0948685215023793
d2caeec36f4769a6,0.11815102448980587
dc23c7fae5f57288,0.10143831488223638
c6e284593c89d176,0.14850359436099625
523464c4f48eb02d,0.27115765217459664
cc7624fbfc77736e,0.20738506156850914
6b0c371df7cfc676,0.141383153667487
986e8a5497d243a9,0.21499324993438723
0880ed3a1a77013a,0.15998848222911047
791d60ceeffd7ccc,0.24417082210971647
1fb2b452cb819b3a,0.19513527190235247
6e683e5731d8aac7,0.13977946705547578
d752f92de2b858c1,0.09339531816127253
91654f6c88bcc480,0.09947109435671567
308caeebcc6bc059,0.10623484811875156
0a092e2b8c9c06c5,0.1491882051459193
e29749c7cbb0ef48,0.07425984777388454
02521319f8872bf9,0.07333512850518256
f699494da66c4efe,0.14908571080506428
060f874ec99eadc4,0.12582717576651992
1a2ea8a74fd54c2b,0.13446679388893465
a98b83e132c75465,0.07509692679966086
0fe8ca7c247fab07,0.1469196973642153
c8d9bcea59632f23,0.14295750285625625
0ab0d9c2a040f32e,0.0745706317150153
a03fc647d8141fd3,0.22430964577801782
1036e1cd53a850ec,0.07782552786441432
519d3f96c9895253,0.07651024814624842
28df6bdb66f8e09b,0.28409056190736204
89713786047cfd0e,0.1258391609691328
6389830954a0227d,0.12716517543156067
8a5f2d2c5004dead,0.07385358671033442
19d4cd44aecb29c7,0.13617070672928683
2ed9718fa269e456,0.15126265812035755
31d0832c9b203b46,0.093516024671558
e21b68ce26bfc500,0.15927728135024952
cf8783ddc0b9bf95,0.07467762863551053
fcd44919c1b3f412,0.20465940939116248
c6e50665e7bf8738,0.12285225065674676
ce0179fa676d128e,0.3077790658343171
423e064e247fe04c,0.17692981273991804
0ebb4ab2c338fde0,0.13484805904719274
37337cc831e40a2d,0.1513113227669442
04eb53517170d936,0.09567069986923721
dac684a7b8635061,0.11637703611974402
a2f354d17d1431d3,0.15289472250776315
8a42e6579214e167,0.1306291445669619
c35d24cd26008161,0.1325503163742549
077789ab8d103e29,0.14460021601490378
5deb9f3705c67be7,0.15065425727630424
dc531f502bccc4fd,0.12274244754337534
ab4b4d6c12291a2a,0.11267601460441334
47b284804faf97e4,0.13873354557205742
d46bd1fa92be695e,0.08189015081527726
11c536ec56a47156,0.08576021709423219
d5bd7d0c4a297748,0.07278374296133316
d30e6ef239a13f14,0.18280760094306936
8be010237b513256,0.2001927685745631
e3ed18d3d53d8aed,0.09967951070628243
a9f5c2f8c5922e10,0.21111053010274314
05a75c012be2ab6b,0.27005906656325046
a068617fc089ad48,0.1300432952181634
687932e8fcf71376,0.07462802360198316
fedeffd4ef29f976,0.0808675998999371
5d3e23d9b2256c27,0.11324671998518886
c6544d7502deea99,0.1045033697132501
096cba9bc78d7637,0.2038461435074068
76b587348b5c4d59,0.17064779748102699
62185555ed060f0b,0.11965424189102526
b538966eb4ce164f,0.0729134221730597
8dfc12a6712b0903,0.1936648804371116
3ab52adc4b1c1768,0.090769540606429
463847f9a1f414b6,0.16600141261266257
e93e14d11fc793e7,0.08214152587259281
2cd7ea4ff0b97ed6,0.12835067929682406
3cf1ec0a8c671d61,0.07563149745131958
e39df281ee7e153e,0.085356828335303
272a6816ce2c7c9d,0.10335538701739565
f56230f889018c95,0.2005621486208486
4119f28f6d4d40eb,0.13896836460044312
3e744e15c1c6600a,0.1396281746984976
7975b8ce43d7163f,0.1455195711184378
76519a1ae0dba3b0,0.12164151446052418
6f6aca7dc35afbbe,0.10912867450888655
658aa810bdae773d,0.33905703040395235
41c3618b9180e8e2,0.11101130975302467
7cd53693b2b3a4b3,0.0810598206151314
a450a4bce9f2cac2,0.17409381940869464
05bd9ec45ff54b8b,0.07503958845546375
0d67ef8a9dd3249f,0.15208063149682868
514cfc846a144390,0.16321865621580176
2856a2a0114ba55e,0.20666685234735027
ebe02c0b1c116ac9,0.08719673184590675
cc31cb4421bd54a5,0.15912651061941846
d63593c7bd5f72a9,0.18079771537470352
962b8c33b5be069b,0.09122552080630952
40e508ceed1116f3,0.090413416579004
668eca9c4cdf1507,0.16637969657172497
c15735bac7d4e6bd,0.08510375922014363
09d2cd5ccb05a325,0.1126060532476957
71ed58a8f5d479e3,0.17676425718984995
56fd1ce474cc243a,0.21733068207819245
4c4fc4fe6dea340b,0.1865329048350881
68fcea284ddff8ff,0.166766878128296
8913329e85f873f7,0.14217451584721727
7a210b4ff6c29678,0.16122309185074957
91bd2a01c0384263,0.21265297430225116
14e4e31c9bd8d90b,0.07640935947443206
410f92d0f317cc8e,0.13440202094414277
780cd523f303a8ba,0.1054289912062288
77ae2af1842fa5b4,0.10442986872232843
eebeb3dc997eab87,0.1522118095164422
fa6c4d5205fdd5db,0.25495959161589615
f1798e22aeb3b385,0.34763213281267913
8af0df5286089649,0.12443168806176744
6e224e4033db63b7,0.07598163307807716
b8624ae03bb7e7d7,0.07720392017419701
52ca2f9cf118011b,0.3894478585653882
52c5dee14f8320fc,0.16614453501436843
43a4ed5577b3346d,0.15012863257507741
332563e196c7a1ee,0.267980371603071
cc4b32b77225218c,0.1544283014032591
0b34a503e14e5271,0.2676963053725657
33100c4fe51f7435,0.1428061742045644
6de5ffe2b6664d73,0.07223572193472068
ba39076152cb0ee3,0.11534804916217578
aed179ff9c81f4f1,0.07406629991149724
ea1a9bf792fb6a7e,0.09149588941508807
2f06ce2d10fe3866,0.16594506692727948
11855575a4718674,0.11419360817987464
06d39de4f0e13f3b,0.14144701089778486
5fd7c68abce444af,0.17955225525772733
d464bbc0a2f6ec7f,0.20794204655910847
86a7d5c47fa116f8,0.07280624784211934
a260e587d0fd3fdc,0.24996468651039516
6c07a18d9f02a585,0.22891719166035607
8fd3d88e27ef7240,0.09928816559357433
80dd9757384d7ae3,0.10186030931114269
00a0f9038422aeb4,0.14166802489302477
dd38ea8c63c0a90b,0.12753708548964335
e23a165731b18098,0.27104322491780886
9bef89bb8b6e707d,0.07364677354858652
db5779805bc9128a,0.25523743900042684
13c6185147e496ca,0.29317637975010097
c23ad10e1020a370,0.11007389011491156
cdc252e1304b3741,0.1004842547757242
c9866843a2ca38c5,0.12038928722188783
1193dd7feb2e1c1f,0.07418227090546768
145626c411263ea0,0.1051334184510171
b2bb6e4261a0a280,0.29319208801324337
ce6c9830339e8d23,0.15357383092228202
e5a315b7bb844af6,0.17291329772424435
d85cacbda54cea30,0.11204602063860752
ec609eb2e4100b33,0.1907557191915139
0d785515807808bd,0.19772807934071238
6bcfa2aeebd0236f,0.09156993618123843
9ed83fa2f828fbc3,0.08365037072829812
f596ac3c62688ee6,0.2183642049383085
654c4ca75e7a6d56,0.1604678993466418
162146e83243572d,0.18357098264735894
9878dbf0860838fa,0.15058586378497524
332ca627787dd758,0.20214867954315002
679ad425e74f2477,0.09371339343879236
df5a276859dd4308,0.18093326532360607
e1f7d0ae0443184d,0.16518302024152143
a6434286f4234aba,0.19771826209033144
3351a9314dfcaa5e,0.07440476845412466
e19b22778dcddf3d,0.10807854154780301
a98a59904fcba403,0.11941424988482031
efe47bc01bf23b67,0.12360608063470913
a1a862c811a320f0,0.11818095806213452
bdef7203033a959e,0.17479489550184907
0fa3fd428635e63e,0.09713254737714162
8ed23ba67702fe54,0.2391368288993442
ece14f4f1731d91c,0.20509615670016332
ca20fb73d0c544ac,0.09769466235845674
927bbcf7fa67bfb8,0.18013617542160643
deffe32d78bf8a82,0.1584715862328944
319944ea096b3a65,0.07709415773293998
19bd6f94f36d44a1,0.1106898034378545
6e7447b72d462201,0.09454570027532336
be6959210f99dd41,0.25772192311252706
bc1a4abb3dbcab55,0.10500749686337911
41032395ff67eef0,0.22449605875435397
2b4004b2678cf0a1,0.10885216040222527
469658e2c6728fd1,0.11941353149469634
e67a54cb89e72744,0.07961586010805667
0a1aa269dba98abf,0.10406858256628881
746e977975fa2166,0.07190105837166222
ca51e1b6ef04fd43,0.10025800403368296
dd96408688197b1f,0.15885390880695988
23b5530f05f1d9e5,0.1677652972598336
da29e21770225527,0.09861655011982833
adb83a06bb93e782,0.08571560434797401
0e4d2b4f26be08db,0.2069771005303958
6ece7a74dc7701ed,0.07286281865243208
e5306d42c50fcc55,0.083556562844139
4381dd659292aa24,0.10919030227695915
e31ebedf532c25cb,0.13211959264809275
853b98dd483b98b9,0.10006584816549365
2e54b76182ee44e1,0.17236785998447207
338f6834e70af5fa,0.07164186541851149
b5abaa739dbebcbc,0.18962894441133657
5a8bb8464a290761,0.1665120623769411
f0e90b285061c449,0.07285257461268455
e66581f055ee3b78,0.17137686340786867
0a21004c4d12a011,0.1071028531582266
04cee8b938d82d19,0.08184561208357778
c2eb2ef42ef59006,0.11417116113076617
4db76ad147f6dde7,0.14519001704665982
388d2efe55423a29,0.2405645998959048
b9875250f7ce8623,0.16095286632067607
e354d93aaeda004f,0.3412647376537692
39e7b31ad6490a4b,0.15261528298366242
a31878efea02ed42,0.10242532982188814
4db06f2609831909,0.13736510864322854
e23ceacf623bf244,0.14632464119700123
5b30a3dce1e3fc54,0.21697579373642073
9b09b933e5488d29,0.13536526571831559
64f0282d10422cde,0.10126714410340139
d171c9bf0e731793,0.139211196467543
699a9d5c734b80f3,0.12241400030964628
79281527b5fd74b9,0.09590500300636001
63b9f2af8362641a,0.15591979071586112
8e20990222b8b1d1,0.11822327909739626
cbfad4f1f811ddcf,0.1911859963292672
a6dde1511fe8d47d,0.09496806808034619
54e8815e9966bb51,0.29655344335261125
cda24d31d8c08104,0.15053100147725476
2e41b0e18fd08067,0.07541758983472639
6e8f4f5c6e28c26a,0.16660101576658679
1f4157812e2bb339,0.15739107338285138
c2d3133094dc0fad,0.07278354763619405
e7e2da8351240636,0.11037687459973694
ef2946985749757f,0.09821930594724347
ae735efdf3a84f05,0.18093702268691
8a459d7c2b588a93,0.21148045739595975
df0d35696f4b164e,0.12254097815658319
8f745cf8cd93face,0.07379670091284109
7aef10c8e6aae208,0.08752788568065181
706e881832fde05c,0.2434258877016369
03a6674f904defe8,0.09823242223371347
f00500b8110dde92,0.19244726972766135
1475216e327695c5,0.19351994302095452
3fc20688817559fa,0.0749072804149563
70df3ece5d814a70,0.08664034151944873
bcf591e552b3ba82,0.07208664055117592
a04e514a6ca8156d,0.21645741295648496
f83e082f10dc4f9a,0.07436555394283893
21a0898a3f0c502a,0.08540085630181085
c9afe9c2efa6168d,0.08664707486664075
9423152627c5de85,0.18961290785522505
fc5761df1ee97d2a,0.08835801796528123
b51c1517f2b27082,0.0975181065340243
966bd6f4b801db6c,0.1968558817827235
c39f09a3a7ee5d1a,0.1629377492014361
cd4ab667a784a10d,0.21276179607774132
053911f801591901,0.15077028707026024
4c12cd87dc745584,0.17955453822051615
f0c4df4801e5dd7b,0.07515630362752057
1cdb9e6374b25c46,0.0835574871920604
55a04d93184e2087,0.14839851803716778
b0259adc08c321ab,0.11731920011724543
3ebefad692cdc413,0.11034340667956616
83d05a33f78392ef,0.10441202994692719
57e746a1c420f866,0.18585293150115983
7086b53e09fe17c0,0.15646646403254585
2cefa5982f1e5321,0.1373573763414032
c4a61e6a8fa1704b,0.1532683932803515
cf3db8bd220d5bdf,0.17937972011455938
75c651d11c0a0337,0.07638048061328408
10dca6cd4d946194,0.12510749410199745
316d771ed9f0b6a1,0.1070491130320872
ef64650ddba7c539,0.07226382183727088
721f58982ee85da8,0.19023084643396954
e8f08bd5b06f41ef,0.07284405886202071
8c2e815ac865660d,0.18552558243316075
8191fefedc6afd32,0.08976398434326367
15c9fc425aed1fd5,0.15521648716720596
52f896a602e74ef9,0.21406828370491648
c8a94bf1f874596b,0.14286274102621932
64024839f91aaea9,0.16580889076751254
23a06e4e391dfcaf,0.1321004997953252
76fc88367fd4b329,0.07615418587815041
e7ffd70d1007bf31,0.09188665524918613
4df67b2b4764df2b,0.32726098680305815
5e23b5ebcc3c7201,0.20365118818490358
97c325c9980b0ab2,0.07728579926034793
3c8bace911db4b05,0.20983650816093063
d3af2a4f1b0513ef,0.158094159018921
8a66145d22484a10,0.17212264741994343
f501884aa3b0a2bf,0.07520074222606438
21f8710a682b6ca8,0.13511092457569068
67addba46911ef5a,0.2011859547068824
cd5a8d124051f2a9,0.18697648553519602
a1acde423d140030,0.07217635520435134
6284cf5236839f36,0.12736651265420187
37f720257a8a7a33,0.18192778132434315
acc257668dc46b34,0.18765705776288472
23424057c8458694,0.10620666119990702
418a7b8fddf172d2,0.265088366228698
dc356b2589e04c87,0.19700069396073866
f64eef65821a8f3e,0.10027884813036922
9fce647d5b47563a,0.30522361981551976
52f9976ea5b478fc,0.08186442568755625
d240c91989c04146,0.21677461354098215
47ef036d29375b9b,0.22775477422161522
8808a12bef546809,0.10162354958435299
d3a20f2bcf2db8fe,0.13649998841267985
a451d8e451fac918,0.09422154934140577
9826735b01a08344,0.11022402934250099
c4a29152e2eacc8a,0.07133585276504532
631690ed30cc1631,0.27742192809918886
d84d8a6e6ca5eec8,0.07663480097469472
efbafec85fb00cc9,0.2617814532667038
24556c1044963c8b,0.22840212098149534
5dfe6e2137dc82e7,0.07739933568857658
b2400c3aa22283d6,0.09580061498414323
71602580e012f168,0.18819983863235806
cf01eb3e54442236,0.07149194091839846
1a07d25426f87edf,0.12096019636959965
13b3d3fe65bea413,0.09818078412435993
059edd840763fd81,0.19892228225091538
48288e044d74e7cd,0.15342827809705845
add068ffe0671cf6,0.07569210781059155
c99de47efecac792,0.1579389243454798
11cef543afe62f88,0.09789958080780861
e512156389905eec,0.08905091872405482
138703e658867a2c,0.188935641523029
454c3092e6edd433,0.07284426196095259
dd957118652b5ed5,0.16540732887680284
af01fa5eafb4602a,0.09459035522695754
7bffcfd2a9da1725,0.20901758008115584
24f3f1ab071df78b,0.08651474416700786
3ec7c9ebab0a4a2f,0.20350147690433618
3c1d10f4646f69fa,0.09650491797637155
9c5f959e1195fc54,0.07140353211047405
cda81aae0a16f97a,0.14889453008229417
2bf6c949fa0b6053,0.1394747739209769
546683ea9e5995f2,0.17135595101836637
c4563254d849a8c2,0.11652672392322208
e9e85a92d9ed5065,0.10134582480571631
fc9fd5a085f168e9,0.145913452791381
54049d409156afd1,0.22260061346375462
e4c0d5c0b9045e4b,0.17889619375941482
058f290d4016fd11,0.07863800323463202
e14cd74f951c3910,0.09196543390218255
05018e18dc83e13e,0.3692182186985259
763ff25fb3a65368,0.08645022977731079
eb5cf6bf7c8b4e5a,0.1723678511978495
013351fb7667dab2,0.12967785886602362
e08181f896cfb680,0.09255721383528111
e65d39ec9e3de422,0.18786200655841467
9cf499aa7626f14a,0.1194928726443184
f203a5ba78b7389f,0.15686089629310218
8ea386546c0f8c96,0.24916356983566992
0391f48a6955106e,0.07459758569196734
d2f70a0377eebc5c,0.078728188932526
b96e54496b6a6713,0.15159683726578319
1ecd7d7fc32cc874,0.1474642283745491
a91fae320445e22f,0.07958691092057173
7f7f8d9e95bc3227,0.17544161004886577
8ed9c9b27ed7229d,0.10671064922400379
19862b4c0d2f34b9,0.09982387361798159
e5b1c6b3822addb0,0.1662026318773461
191edcd8d76cb951,0.35923834419342904
6b08a1554cdf28c8,0.09477888089690933
706610ca333da138,0.13418692202478993
5cb5f8466022eb46,0.15236717979060516
acb3a526d9921b55,0.09255836809727183
947db252e781ab55,0.11912737629585429
e94881433d15d819,0.08673521568037386
34439005f71e07fd,0.11719317302908706
989a2593307d72e3,0.14030127702331543
ec8f1d04cffddc96,0.1235351779617264
11dd5f5d722fb0e0,0.17292845565171347
d6738bf320835a10,0.10402868688209188
025b09a306181a55,0.1297522450238343
e5e3f5fbf93a1918,0.1748497132188764
2d60731de40ca5ec,0.10661701754021655
96789dc76cce8bb4,0.1635556513041039
e04c2f21eb86c30b,0.08625343520161335
eb4f7827e27f3e50,0.5785184027950094
c72cafb3b0ed2058,0.07383093089434418
38e789ce64afac4f,0.13580109916306052
961a36d1522e6ffe,0.10233383107591723
d915888ab3fe3241,0.11821242315443808
6d047ff0d07fd1a2,0.09606645294815731
96212cff04501fdf,0.18320574893361524
6cb30ccf0384596a,0.18726761155043598
1878cf5a842e6727,0.14696351364377438
47adc8c9afbd6fad,0.08174873102544976
bcecb579dcba782a,0.0976681596141053
24fe0dc9ab19be83,0.07352108758784727
d56cbf99a17acafd,0.10163671196134941
5caed519a777c666,0.07535973782777913
de3dd7a6a4564414,0.16555746753735434
3ddc28164f664050,0.09666175116168961
45693136342888df,0.07376657521834894
143c3caf6eb25742,0.12221656988289627
9295c919e27237a6,0.11604678042972605
0dc756a818dc5d9e,0.16110589817840348
67a0ca3f82ae78c6,0.07762730491421589
cbd51c3558265f5b,0.09919172050049162
b6df5050c31c7287,0.08786006556453954
73f20d006cfc47e6,0.09351020458695908
2de69b9443d4fc52,0.09230022774485255
1ea20c09b6c79a3d,0.1153525736119686
ea1427791f675329,0.14606759550103074
cd6c9a86e5c13535,0.17202036820614913
fe03f010fd99f729,0.22048453092376427
3cac934a5e569272,0.16346188337874623
1f9c8c5a31c38592,0.12065200648529578
325d3152d318ac6a,0.10599919914563646
c796149ae059bd36,0.1910236251749466
139b95acad0d8500,0.07431182032344955
ef8ca6e1ad6cbc40,0.18333934555461673
738b1f5edad8bc5e,0.0725227095935472
00b5753c64f3aa5e,0.1983400429176779
7509e02d19e2f87e,0.07809214532086582
a85aa8068fa925c9,0.2042572004914513
f8ff744430f73aa6,0.17232293133795473
4106129a02383134,0.07359446755828672
3be6495b6e47bbe8,0.13932027151977794
d58d8cb98c5344c3,0.11026355604310213
72c32db073874592,0.09664551315110209
b33541a9535d3cb6,0.14068113464262966
f117d4aad78b524a,0.11281524631251888
5e48da846d46eabc,0.1841717320421789
b0b266000f2d6b03,0.18479549180831728
2aa63d23f11f3aa0,0.07272782069052597
7ca15ff99bdc719f,0.09500294798458715
286e550605b2d970,0.07616658243997229
140d123f8919309f,0.19691663627024292
5406d7c0119b8b77,0.15433370149058792
feb8f158efc528af,0.14880450736530063
20e9295f7f1b6809,0.10196439932530804
8c67df2b06a8af30,0.12665000510968288
0b5100f2d589252d,0.18631214342447736
a7dff4879e1f2c8f,0.24751686405672366
6b9c17dec469153c,0.2084620346874368
b064e718f3825ae0,0.07631484455933486
633aa423117b483a,0.0965902617276033
2bd2dc8cda610b2b,0.16273668472278
16b4f1b4b30d7a5f,0.2582121789184118
7ce520db2bb5b181,0.1765652730446497
359fc18aad246386,0.1382282119445303
4040467f440a4681,0.11534783970499299
ba27a17c66a28567,0.1455471601730096
5e4bef63f0b3974c,0.17406911893451013
849863283a0793dc,0.16937091672890864
aa9c499ad44baf78,0.15529463173182687
a3fd494842016ae7,0.1520265304515081
5f079c78614b8a83,0.2504980399217779
7420f14669961a6a,0.2006891462544998
0a083c164a874ea9,0.08009307118781875
396f04d4bed14a3c,0.1456279197200904
bda29126d66debaf,0.09373824841661378
8d5ece395c6a6b60,0.13915554092745533
9ea22d08386ce3ae,0.08153401829046482
1a277b47ca192cc3,0.0771193786405922
5534d1ac3ad47ca1,0.13285699256724418
164e32a2b96ed3eb,0.18443352382196118
cdea1d25f481df1c,0.0910972384893597
37e1f37cd163cc12,0.21298196094767097
4f896e74ddfe48f5,0.14702190031788537
ec881c0b42489ba6,0.12487976818616561
6cbbc142e3b6532d,0.09395400493348469
af58eeb2cce1b1d8,0.08419050968951709
3792b407d3147240,0.11493521720315536
44abea18902dcc6f,0.09305399515839599
f174b76e8c589bc7,0.1322349735635025
d5cb1d76e26e865f,0.22774039097163645
c953fc1a52b6d2ae,0.18172556758131106
dd9860c103eaa486,0.07410178931040746
1a338e9358b4b71c,0.07259171749411517
28a055a15e2bee63,0.13492708270397813
d810129e88130889,0.12887522039618637
20b2f55f0ebfeb9c,0.12954646359497474
2dbfb79bb9d5d576,0.22416893128762339
a4f168601004a705,0.1191782605870895
7419f46f112678b9,0.18746323214282254
7d0ff708b6d6752f,0.21316397453412683
cbb85fa489a893cf,0.07333426938660427
c46a723fbfa594f7,0.09580031516305375
2104390897549457,0.10956662178640089
75c276f7d0f29aa9,0.2716287867041269
01a679a23b212287,0.20879075766238994
6cc58651b88eadb4,0.10182939818281464
14cf1ac65f8ca02b,0.07692366134878904
2a5d42d92966192f,0.08767579004275611
2010478948b9aef8,0.11207649276380492
31542ae607bdb59f,0.16719152086307798
783c99f058bdb723,0.10682057377680824
8e49ec786a6d5abd,0.13555019442944366
d2b9a740ddba79a2,0.08308741417528746
47c1231311a7aaaf,0.11796896028342363
c7937d0c63ca6a92,0.13287512333254897
64628bdb8224fe18,0.0829487563356076
49cbb2ff9274a4cd,0.0847627567601914
a4dbc0e728a780d5,0.20572226279028683
54a5b82f046318b5,0.19810183823769406
daa0b6896a1749ca,0.09248763120718238
4a251ebb1de72153,0.21588508561727643
edc7eab7534ce904,0.12511191797173823
0d31a18c31d12329,0.21285487190224897
ef643ea0ac629b95,0.11359233432237428
39049e24be5a4306,0.30068790184366134
f41fb0591a5b1902,0.08688543691011111
ef3add49907eb895,0.09550814164703392
3c80e6a34fb3e4ce,0.18804455610477117
681bbfb8c5372f79,0.18909173742055754
007f4be9a3f6e89f,0.08316860761300277
25144a9b2bed9be3,0.17842882902538915
61233f40c0cdaa2b,0.09285543549932515
73a058838f6b7f2a,0.2428072364863311
cbc20660739af678,0.28385432519970977
8fc723bf625337ee,0.18221605555249704
3ba49bd9e60f519a,0.07599120820078209
6a3b3033fdfe94b2,0.12477720681460044
c8ed653c9f871795,0.17776487578570885
2f6d48d7acb127aa,0.17264067130075997
92ff64a44efeaa6d,0.10244659022065312
d7169f20999bc93f,0.4622583123736461
53604f2aaf701357,0.14448007700122564
a7001845bc2108a4,0.16979414039218782
e1c8d84bbb8add74,0.07455472019571374
0b6ec467b5610434,0.08954762860887654
8ac52d2ec127a096,0.10959714425187089
b10baee15fb9d01e,0.19655989293842221
221ebe5d40d467ff,0.17525087548040322
4fe55b114acc6ade,0.12519091478553568
d8482a667d8a69cf,0.07223601002609542
53ade36e2a1b1e97,0.20909411982604859
23415b9cfe9e209c,0.16445729880109233
280c7808d94b9763,0.1876240598050568
de5885c6a7c6423d,0.23908589881736553
38de0e8716fdf6cc,0.10558310739888564
55bc25143589b254,0.17007216409648016
957e73c37d447545,0.07929688798628161
af84b2641d1c74b3,0.10386829966256877
e7be7f3fe2a831bb,0.07158950282147086
841f7e8235380174,0.3030033134523588
63d88f28c2a5df22,0.18107423751819943
8dad4fd4df5c221c,0.17593922066842102
3572ebf75eb17942,0.125410306284412
25a1a550572c1f93,0.07597211637409236
6ae06440fe74b44d,0.23770551718549554
b4bf088ea90582b9,0.11382466568676212
6b9449d16e81079b,0.08114102223010065
4ff7c9e8a089b94d,0.14904918698564074
aa5c5648b80a1a3a,0.14153751368726147
5dc1f3d49bbbe4c7,0.16213345257493092
99546cb325e5dc06,0.17848413055867207
220c843637482425,0.13800050477895942
6608fca5b64d440e,0.19598680133975727
f29988dc0a3c0243,0.1504269620626608
51058b99b395787f,0.08523797431719767
ed1bbe11677f7bca,0.11307353045664688
9f9b85620fbc0cf4,0.09790361196468383
8aaeef3315304e45,0.10221853264560238
5d92173cdb00c0c4,0.1096858682666476
acbcfbef3b1946c1,0.08712104240619964
73cb612fe6d23320,0.19126939296265288
4216594871a36761,0.07852265449666106
1c2bf4927779574e,0.24642632102535994
1498d0dff1fb5394,0.08065642374708633
53f47e8f08b91aad,0.1168900731800111
c4229a0ce07e83b9,0.07521472743317402
bf61a06ee47b2027,0.07362303629363551
8aef635fd1b3a740,0.07365675971651542
0f6a8a20e3587b09,0.07427427668179369
75d7914477c996b1,0.0966891274558424
7b1790935e6cb838,0.07540571638368108
d680549ede3f6dc9,0.09350799348305745
f3bf39cd2ab5bd9b,0.10774485972561668
0b0930b54070750a,0.07717086278954834
3d97f118d250279a,0.22860393173452986
e9de0ad29a82a54b,0.11357963387261827
9485f200c4e02805,0.12569358999743233
12d95850d018d3a3,0.1092367851955941
ddc866b96dfc3aa3,0.18061269234213856
45a33a8161cb4b46,0.08935370349429039
990eb9e1c61c80b9,0.08469609933681996
378b6aac03179007,0.08710414931784824
b6ce4df0bfb4d3c4,0.07650717283867157
a50653ff586cd76a,0.1334995393313969
65cd9ee07cfab83a,0.13160116504256672
d2bbc0c9f79df720,0.22870414157880992
82ce816296a1512d,0.07083914621496687
e502c517a223aa14,0.09039611667727666
71d19ea693604e1d,0.10390512335028776
0d037e649d83d735,0.13187228415866198
6ba6991213384d83,0.17252257724782244
4cac0de9485495fc,0.2083251052587059
9a0be358e968c623,0.07308724602231664
f1ca34616439cd54,0.07695516093601273
e301cf1f2e4c3681,0.1592006555824732
d614ef3ad50cc2bd,0.18806768495571657
c0b33846eed21da4,0.11511884945321892
d4e499c8cbcbf2c7,0.12500451870853652
112d556866bfa77d,0.2030018703709892
3f5b776bac1c2a71,0.12228295455341023
97fe9a981d0717bf,0.1252329883543195
ce3280649c6eb5c9,0.17687565439105096
7ae7079159ced82d,0.10708301117964615
f1eb50e28869a50f,0.08832991387130762
52c8dc366cde6d2f,0.08536495353479541
ef14064579612c4d,0.18547297738166865
7897eec02201ca6e,0.11386930792054165
321d33ef853c8fb7,0.21047065120178607
96766da6bd7c3998,0.07417999558880314
fdccd120c1ead149,0.18529674971789956
288252f0e770ce50,0.19938335400555285
d4d977f5a3d8f01e,0.14520363996362134
62ea4677a492334c,0.20685289377903887
d1f182b83a420b6b,0.0896252344894976
0a8ea601fcc75d1c,0.16043360656831976
27930c385742439f,0.17329171475956245
13d12d929ca71339,0.26303404177169365
159b4f9fc1efcb55,0.07402373466432657
94ffb2f9a90b358c,0.1271421568488721
68615d70615e3b37,0.07556400135289944
d4a40bf8afd7e4b4,0.09584601722113656
e3dcfffec2d51e7e,0.08055319744552082
10366fd321e0ad43,0.09175379531428801
80e3f13b4e86e5f9,0.21147165541860719
6272a9e176561590,0.16177984963636965
14ead2f08e775ba6,0.13305406163452138
08ecd3e0061305ed,0.18325754688643214
b91abfe0273da79d,0.2544330570339346
0c3efbd8c39177b8,0.44916258750434046
e9e21b290009d63a,0.09808179138417578
c188505410fa547d,0.1353611797303419
768d9e0553a1399e,0.07209060697175351
a9370f34870acac0,0.17558279585112108
9f6dbe29c2020549,0.09026438048093562
6da7088fbbdbdec4,0.12160813731424229
944a046635530efe,0.22484540359115743
55a97e1488c333a9,0.08530131255210778
bba6644aefeb263d,0.1948469028016976
750f5d2c63709654,0.23056726379244497
b7f5c550aeab6fa4,0.15321313572169218
bf2efa05075a9f6e,0.10676589602451005
2987973344ab04ce,0.1180155664588415
a97d19edf8f608bd,0.09316332336144893
6138ff6754f14dc4,0.09401139012492374
87522437573af7c1,0.190382479181344
57cc4278d6b67c5a,0.08089593422018326
8f29d789ebf40f9f,0.08078307098327253
15e17422c43ac280,0.10461769595517678
57faf77cf5f72f53,0.14349413157345647
febc8ada0a8d768d,0.08982896967878591
86ab68be69241db5,0.15017128162578297
5fcfe942606240bd,0.07803618829376939
31bf257f6a4a70d1,0.18770041690662986
a09897cadb789dba,0.07216935441724215
328299ca9da15ccb,0.10940626442443557
c95184d7971b2960,0.20407176163899757
6ba9df085d34410d,0.3586265570524075
396ed8ae6d33d2bd,0.1850017981624053
b058bc3c8a9fe33f,0.1868902707678641
77b29cbb7ea1ac6b,0.20218928533696812
c8d191e05666d6f5,0.21966176304710094
c4d716a53ad99b70,0.16194298814442024
31d17f992245249a,0.10211897459322723
aa459cbd8c781f76,0.1210905876857722
7ba0185e8220f22c,0.08546270693592845
eb077a940d0bbcbe,0.12968871165384743
9298c80a21191034,0.13025860146482832
037747626ac5db4a,0.08843156117967992
8ee7aa8b54022319,0.2322765993893532
a2b57b918f2661db,0.10018323060006243
e703b056b17c6038,0.0876841846348687
5d760ec696eac629,0.14840975966693196
68589cc32366dc9a,0.12826216649476305
83d1d02b456e13c0,0.14055664953165622
f5ea6585ff5edb0b,0.22245968702091995
32290819a9b6b754,0.11967979174833002
f0cddec42ddbe07d,0.07298615740614192
41d5134ef4aa43c6,0.11647781943896837
9a422d8246e3f97d,0.13086648412622306
341cbe1cbd51048e,0.0929805630242501
3d2c0583f01cd72c,0.1567360650525794
870996e4835ca83f,0.09563559135950714
28b09161f3b17dab,0.1444586093723837
051b367d8fe91233,0.07344549520117447
9b8aba50b3ab95c1,0.17884495004798234
ff5577bdd79bcd6b,0.09960277427442386
92e4eb0a0d4c41e0,0.30071012920304024
575ace0896b22257,0.22983049143013315
a16f31da04bf60c4,0.1197298339909851
cbc13a2671d3578b,0.07481838152189772
876ba2c5e443fd41,0.18560428325961498
5d5689e87dee129a,0.2120245066818639
71a60a6dfa7e1760,0.15120656625677953
f2a38a0b81dc90e3,0.19806983033539544
ec97de286c2686f9,0.09642006807474819
b77b633a5106f906,0.10844556036329393
972df202456969d5,0.09431584062043949
5d7f4e9617d1e7a2,0.07297897894912783
196dc3655d9d1d79,0.07508256949594211
7b9da0adcf1bf365,0.07651062840447272
b9d78de840ab100c,0.0832923079037638
803868566ffdbdc1,0.07444660341111194
cc5f60c8c3c2b5e2,0.09751169748588885
88919e17cce1dcd0,0.07450390485457858
88bff82c05879a44,0.08662584539654102
aa64759c290cdf84,0.12046288669754304
b224a7d8b6f39ab3,0.11012824189482603
ef11b15a28910cae,0.0944153472213582
7e08eb8d4482e7e0,0.19449123392497927
609b606891c6ff2c,0.07254073412234237
07ecd08d07bac830,0.1189785300612932
aea578dbbc154142,0.19527307324776144
9c702ee77f731a28,0.12226151473139933
74a102877446027d,0.15231078576527213
dd13d150ff97f653,0.22746668964585448
36157f72f10981f7,0.12547029502701088
808639f0db0c51a9,0.10158803926081338
d809389ba1350646,0.13991544173375164
353512ba78ee6085,0.07275830279030654
207ae6c9e8f4fabf,0.09676748014760185
333ed3894f0f2865,0.19486390507792845
c8e41f868f963ff6,0.1511791279084553
c0436a45e3cdfea0,0.07286353991790645
497bc4409ccbba90,0.20108603453664228
b29f7d1224fd0321,0.1211170216897631
7795ac2497824361,0.15856491011046336
28bd2f25cefc0467,0.07512294308190036
7a5268c2c0ad3fb2,0.11285381725455103
9335e306e6ef6c17,0.09227879148521469
380dbd85787bd38f,0.19793953747190013
4df3a358e7ec87b0,0.07253316549824855
b423d03461c67e1f,0.2129718115169949
8d6c8b00790579fe,0.12337711594598313
75302981ca660bf5,0.16071015717424694
34fae39e3b6350ef,0.1282725059879189
47ee9553918d83bb,0.19793076822664357
525eb09cf01d4422,0.10575530508218937
f285090a9d6de2ea,0.20855188240724154
9a015d0a0e9dca3f,0.09904269255657464
5b9ec24c9cacd921,0.11079298492557846
80f6887bba571ef8,0.11852355191908731
a0121be4cb97ee81,0.08434593951787557
98bbb1d875be50a8,0.2063791488821113
d13d14d73f638740,0.1131547210552471
b2c1f66103087339,0.09758921153484973
ed544070c1558a6e,0.12519335200592518
6dd8a5af5647059e,0.13032204880523754
ec707e8be77e5bf3,0.11372328847084714
435ba973814b0e29,0.12997598209502292
a003759cbad0ca72,0.11403524410364778
4c1f413aeaaeca8d,0.09323267508857187
febaa69039e2d424,0.14599032793828204
1a7702c55d1c3c6c,0.16482864398197583
747b48174e7e8cc5,0.07431797587045058
e73a38787bc7abf6,0.12536755036893799
591163e5c881643c,0.19601725291998304
95f08a028b009350,0.0871594317768165
74cf8eff69e3ee73,0.07488898145375056
44639b509c809540,0.15105008474356818
abcf4a1f567f5b1e,0.13012442016844908
987d6ffc23a79a57,0.13260958969139655
e7aea6a6f0d83afb,0.13977469064499679
d9d2d9b2890a7999,0.08921574402256952
deeaee8dc56ee2e3,0.12895557057844917
ed44fe0714d05825,0.17761165906789628
68d0096d6964bebf,0.08853936751504556
8d52d8ee49e4e8ec,0.21578311729078029
b877123e88a6a266,0.11332286310871931
8aae92b438c0c262,0.07886896006245928
40864f11272e903b,0.09865411907533514
7583bd973a7787bf,0.3050705925346223
209764663e3680ab,0.11240035749269581
1802828e130f444f,0.156152834651969
c7226e4c37f1c216,0.20904633439396625
cd0110875b4d057e,0.11671143511198923
b66e634d66bc8033,0.07576357945469811
644bd7580a1fab58,0.11480558119431275
ceed54b1129eb356,0.09976964654097167
4a02d907bb4803fd,0.07864118652984464
d09af6dce02bcd02,0.0745223770093264
c81869bf2ef1408e,0.20128963057265065
455bd62f0c9a8b18,0.21459095501173214
8c648fe7475ba2a1,0.15758490718071938
e7c1606cda3f50ca,0.09945196884112553
386a0c809777aa8b,0.117937699562369
882d6e6250d5d648,0.1529866191859563
e73fd396a2d7e661,0.09647945876496322
e1293605384c5923,0.07578698721634408
d8e5a75d55957e5b,0.1761305696966044
75e6395a1cc7d878,0.14848935833878615
ecc995a8d29cc898,0.14682822554891128
ba27e43ae6b021c3,0.10816968424435067
075b11725eefed48,0.2044435299821422
16e06a6abad58f9f,0.1135040272709806
039a18d8a9005443,0.23350940469699216
166eabcb1845baea,0.0903483976887883
150f221c402f471f,0.16795925613597656
2af5183224226208,0.12380351160783722
30a31bbf87301908,0.077103271405598
95c87aa909d557a9,0.07263098557530834
d70eb57711fa415b,0.21919068102857417
9464555817eb4951,0.22013424103820006
8d4e5d5935a1a663,0.0755189404254826
289e3f76cc551091,0.10972278959738874
8646ded190e78433,0.13673225276115195
f2e3c326fd923449,0.09605467980857381
83f8985c38ecf25c,0.11438756818281356
8b698836d194ab64,0.0893151445171669
74a48ddff930321f,0.0772292496458743
79a5efbbc2b4f8ec,0.09779807374947437
6e88ede348b8871c,0.144800523689959
d98b06d0f7e1b8d0,0.09534825532554309
dc56b06363e3abc1,0.1308268293779178
b5355653b987b958,0.10124907200799732
e5bc532f235bc0d5,0.07467671725997801
153cb69740320d37,0.0915434929131404
30ad5d4441533a6c,0.13403853039459102
05ba774a4ce6ab73,0.2380928064492703
ba467da19b1f2810,0.07279907832125163
9ad04a6b621bfaf3,0.17029756846929117
f605e43b08e76847,0.1651141469227248
fe2d494aa36b099a,0.10487997722290525
1e5a8f5e21430d42,0.12088597133505223
9b28fcb2ee487967,0.2722029277543331
2f1c0ef6d36a75c4,0.11367069967952986
37fc5525bb7de5e9,0.07499024299278337
d6538f0dbb2a123b,0.15908752828714384
7dde59a4542325aa,0.07727906797063179
20c617dcbd71f357,0.09702305474964516
77f00b5e8f833d41,0.19426991826326684
869a14428379a740,0.11670080087430874
5fe5544f8e236559,0.15535635399074
2d3681cba05bb562,0.22913387298386478
499be0abf97d1597,0.09322848199657183
5b423761773c3a6b,0.2507589170899585
57cfb14bc788cf66,0.17428077699000735
bf8ee8443882eb4a,0.17926184022812397
400e3c9ccfed951c,0.09702097730647803
95c34bd334691146,0.20348969173491493
441b99f616030e70,0.10844521688311075
d6449401e78d3385,0.10931196595517254
ee04b5380c7d4f07,0.20286969424907358
47350f4648bd6090,0.07359190582340892
3d184c420016986f,0.0926982081910293
2525af5583075cac,0.14851526329237977
37055ef29f0a3dd1,0.12390357875968935
741ca2e53f728930,0.2150902243201505
c2060532831835cd,0.1614260567175682
bdf51afd82ed739b,0.1409963498745844
87516eb4863191a1,0.17266391404351117
034a25e098498861,0.07208485815435735
2beaa963f217969a,0.2940885713431834
6b03ea3eb3783933,0.10348263374077835
99cd56ca4ca12f1f,0.07537082158023176
42288d86bd56d80a,0.1153284750705387
a5497f531ca73858,0.08995119172635525
6b8797ea062ce398,0.10450245544585111
1514a9ebdc630056,0.12309307874470404
6a47264adc77dad4,0.09884944253102132
4cbd1cfe1be11280,0.2383965299280465
555f489d111c7db7,0.10488538776839154
d3d1d52e817c754c,0.07432531855232359
80c2b83979b319eb,0.08258738557536097
b601ede8f1d5ecc9,0.073541501263791
ac4e394f11848f01,0.18537723705336245
a5d564228af285dc,0.10288790550751803
872eaff0cae2acee,0.09802566636255025
ca524fe71b6054b7,0.12181299920196856
092fdb93d96ab75e,0.07422960198906402
b1224feb365fa8bf,0.1027269235618406
b5883c6e74b0ff0b,0.07382554086152779
7aade43a31d09f8a,0.11457778017463888
585ac3a63ccab1a8,0.08539679144976126
e4933222bb492af7,0.14350305979802383
d4fff28089f09f7a,0.18608484944318185
1faffaa35ce84d77,0.14885313215794224
27afb6fd6aac442b,0.07243111666979486
847a053fb85c500b,0.09224636256953997
9ad6971bd0ebf223,0.11274837070900409
a14e1a04f336c6c8,0.08196667620333756
50698da7b2db2350,0.11545376877089539
15655e2cf84c9cb7,0.19168676579634195
ef796da1e5967ff4,0.2252382327672319
9331c7e2dd294fef,0.15002244118696548
b7796a59af546a3e,0.10422895993439585
d9279cd811aae7c0,0.1090407157858087
df81c08c47af6c59,0.2023800055954726
1b9dcbf8b65b1a52,0.16460963774564466
dd377f760a65ba2e,0.18561129644669755
995b4a4b97e53e5d,0.13820074331622806
13b533f79e5a5caf,0.14718670175778634
d4c903b8efe43c13,0.21126961482547102
4fb9e1bf5a2f571f,0.17888364397924625
ed595c03e7747694,0.08342707357651591
73e9645c3d48fbb5,0.07408311551576177
a4b5405b00736981,0.20935426381480954
2a653776755ba7b8,0.07327207344598402
158fa97bf999e010,0.14136100186413422
a95d0a261a3bb142,0.11278851367852281
ea46e88a59d4fe5f,0.07310402853628065
6496d7761a0c6190,0.09989671977543516
6f4ba984b6dc3289,0.11591378850565243
5afad3e6c2fda712,0.09343401525637729
02effb9a084a466f,0.11902308740254856
f43a5e53fd455d87,0.2346326296147657
49bcb75b2ef9551f,0.07288593527523313
b21c8167caedde33,0.07181998738378684
15d2bbcb8c316442,0.07728379054412743
523bc8b194fc69ce,0.0804035139239196
d7b8e5c99743aab4,0.1311547442268421
3ad43bd42075bb8b,0.20708175779672805
812b9840da2dccbb,0.21756545727321835
e70b5a521c308e83,0.18629647091184603
3c45ba8ca9f6f412,0.0752504475142103
7f616f8d83b3eb18,0.1043074668153875
26c592e1845bb489,0.08488965428376465
68d37c0a802b47e7,0.1628928100870168
d8934f60893849d4,0.07600757452179199
2a3dc482e2f9765b,0.12214413993449283
016da23592d81da0,0.07450962241944556
4fdfd4d0c0f506a0,0.20727557210362613
729fc49d981fa3bd,0.10386131896802543
15deccf643c21df1,0.11961513820941955
7daf2f242a027468,0.08370465285508624
d51a0a86350f7add,0.0731144960573463
52fa3a33f632aec0,0.15611357217963298
bb4d95ad5da1ac87,0.13034739992821814
cd23dbd0e165834e,0.0838963127537802
ba39191a07cf9e7f,0.13999203922661876
9ba5cac296310d3a,0.21553782340729244
d322c51efb437d17,0.07185393342454059
3af739b2f776287d,0.17164656906661507
85804c2e9c6d680a,0.07884631446492801
cb0cd20b25649838,0.08939277400367929
12c942ad8a277403,0.13155580505940273
289e502cd91b1547,0.1852792250971291
31c382a7004fe972,0.11599548766737564
d169a1c279a46015,0.33696588980011616
f9b4abfb6291393e,0.10422995707690824
6717d92d92048fbb,0.11251873143832597
469f41c8da1eeb41,0.13995097566076253
769314bb014d1235,0.15985353149107037
ff2e280d521989fe,0.09146643061463876
1d52653d4f3c35fc,0.0725676844183377
4c0ebdf6c9dd9fb9,0.08957986834597514
8e182e2e4650cebd,0.17606285918369022
f55714d17852a183,0.09533032161898126
f2e291daed34f717,0.18159452483303504
2fedf01adbad6180,0.07244008925134021
7079029a20553569,0.16398509409729126
7214daf28cec2f25,0.11099682687227048
3037ee52ce757f35,0.07222425487201052
301594a1fbd58308,0.13671206746445974
971dbbb99046d9fb,0.19562256914097406
c7647059905f4dd4,0.07703438145798054
796f7cb75fc0eb55,0.2058189920575832
bcf00da3386bb946,0.17334108534008497
9fde66ee9b59f95d,0.0716686077079707
752d3e65ebd63369,0.07647051544079522
1a6bbae0cb804476,0.10363205296753973
03cac4272e7b8e63,0.18736477745546268
055fecf2717f29a3,0.1585214275893214
a2aa85d0e1bc4e6b,0.11184844878161612
ef9db57cac44e529,0.12401908253674823
8c91442db55d9d64,0.14038863621716896
7cfa3fef2d1a1dfe,0.07839304204367947
56ede8d9842e0590,0.07691324671331269
fc74e63ad196960c,0.2299437713005954
342867ccf7337815,0.07641520634234443
866f7ea3c4be20e6,0.12236209910222609
f45494a74c712731,0.12526344671869363
414228464c8b74af,0.15544711096942979
e4a3f7a35452e28c,0.1625854667827478
c1eccbf012d9a361,0.08836280346344724
a715e394b41f3a16,0.0740607708448201
26a24b8218ee00b6,0.21721133170563584
db4b58e70acde06b,0.07952464621109763
deaf015c1e137149,0.07192705659924194
9d4fbfbf523a0472,0.27829021534821347
ff7e2911a22e8008,0.2024451342588002
30449ce55b14d344,0.0741981408011136
b930073e02948360,0.15009250723422526
9326674b4c828c15,0.14796509816233783
a9b474db35164846,0.13165807386714173
9183d88dcf308c8d,0.09371044126573846
47c8c6f64cdc0a43,0.11482783229097868
2ee4722095033329,0.12852320323346145
cb8a02ecca44027a,0.07197764316308036
1925e9dc63237314,0.14089813804499166
dd36f08b99fcfa16,0.2074717883196128
9bbd43f6f760c243,0.16331656618947837
a766359aef66a25f,0.1244514478789932
4d10a4698fff400a,0.13224280219695977
44a6285639d7fcc7,0.1596141992859768
a64ce0de598f4714,0.17045255986206398
8c887a6a554fcff6,0.07150409041887841
ef3f3402f7530e37,0.07177209488358313
e9cf43bab751f410,0.07167303880622142
1245634a78a3136a,0.0754976489474739
7c5ed75e73c20133,0.10018161477496446
ff7628423503cb61,0.08351939423255209
55df3baf4cb22442,0.07486797342665337
20497b1ff5df51bd,0.17558786510052132
fe1c1e2e166d6943,0.14364616346664352
0a6a2ebc3b004ba8,0.12108885055854324
ba16bc573e1d9a6e,0.16585676589233433
41ae92fc5f37cdc1,0.09254759878724632
ae05071f58d92774,0.08742783563361432
a8d4083bb2383da5,0.1933183258513566
92cf17c3d59c9b61,0.07093603849994029
f591caedceef4268,0.08690168066709028
e3d006785a8a409d,0.11671944344557118
dcbc913499301796,0.07911372622672981
b630e1af9fc1f3b9,0.17200231509456376
7d6a1e459131bf25,0.18662791398694484
5f891649affd8c18,0.11929430740750832
7dc102adb7ad6667,0.13108008726649545
1b8c16064d0dc4d7,0.11518218360973076
8e5286a9c7d73ad0,0.07444658607866739
147e554cda420ba2,0.07392898792520897
18517e2df9cc10ea,0.12528652279451166
54ca2e9aaea55320,0.4658368953319828
a923278148853286,0.1478573556132449
cfb35f11977c3be6,0.1115982021666739
aef8a4667274a47a,0.07162164694109281
2c51172cc4d5eba0,0.07377581107310263
494446d84318c9ee,0.1295844089229193
aa652d97612fe50e,0.0726032937764677
baecb9e5cd4b2907,0.17442785173401265
c29488c64d211da8,0.0998194441987981
28746b4c4b26d721,0.07233876392804284
8a45d03fa3989bff,0.09628628121889021
462b3e544fe612a2,0.15264353784686444
359614f152fbbc2d,0.12055877460923622
5e953db789137f0e,0.1761018616966148
2a99aaa9555b3dab,0.13050338606834985
aa37a77bc447fc0a,0.25975376954919693
8c0d7f3ade155e48,0.07500055912831145
45b05dd1071039ab,0.3184194622249277
7e037c271c23576a,0.0977892548720381
9adb38d0576dec06,0.15722813994181314
532c84dea557da7a,0.1564782305543554
6c302b9662d3b5c1,0.11064316235165464
666231af023e8fd6,0.08923906134807251
9c06ef2fdb037a79,0.14731405060235597
65230a28464587f9,0.09382775604860305
b3ea4baf43182919,0.15466506171810146
c1f297271ef8cab3,0.07445374053355332
7c58e1fb77913d4c,0.2208353680285831
00ece1c11b40f8ce,0.07353269154083995
a820b5633583bac7,0.20640087029220638
b4e9165d8e2aebad,0.08898623844915775
85f20d358a8d6ce8,0.1246268370310514
148fdf734e431091,0.09976905233802832
67708062cc529759,0.1382829693728289
d764e50c36756862,0.2936275368129525
dc093657cc4bfbc2,0.14573664893030355
08c0597e111a2388,0.1378987041950357
58fc68c0720d8cbe,0.10193521223918178
387b7309eb20b505,0.16197582884855902
cca31a05a820ea88,0.21159910838861168
be7e5b7b5839a348,0.16127479265224406
ef7aa159ba83917c,0.13519832588318495
3dbaccedf2355696,0.08516516770823875
3774263bf5c9a393,0.09604433064989994
e830f76f4667709e,0.15159596403435516
c96965b10fe9e8ba,0.07550954004611342
aea0b2d75bb410f5,0.1315263770590296
892d778bace3f693,0.13137918846283606
f46440975132762e,0.27751104963544554
6084fc419fc10f1d,0.21279249763090058
c6fb1852daad742d,0.08791296035157574
2bd09ffffa247f82,0.09469045893722339
5ded576ceda86075,0.13002317677379324
c066afacb3fe3a52,0.1521673524472135
21e99c194e94917b,0.0748293667534451
7f4eef61767e4c67,0.07313415200889471
dd19efa057bdb4b9,0.07692702645673812
2b309ca794e9b11f,0.22980814910519265
8428fd508cf86cb1,0.134304408287777
bd059d7efcd14494,0.1555923594037653
7fcd9aa10e5ab5aa,0.11690581968903227
9398c438c5fe8b90,0.098145497717418
7401e49aee3edc69,0.15134934938165293
0520f17da71602b5,0.09396942587872689
efeb31befebbeedb,0.08366560711663519
df3fd48fd3b3331d,0.13796700050743754
14e14e2218536077,0.1598880852999817
1f92d25274d4f038,0.11619166831068944
7170ea34f6161e69,0.14402920671207678
04b0152464b775d6,0.12506258903361073
7653ee403f88ff26,0.13030164218524543
ee84092d5d680f67,0.2308405258026279
c41b6329fa5e7012,0.07662877322093789
1514f652f00c3b36,0.09968063829769792
0c6d11c69bcc6f46,0.11167032238398952
382f75d2edb9f457,0.21234447363444597
ab482dbf08ad90d2,0.13300604590476126
5ecd94cb7901e72e,0.08069163433782635
176da975d008461e,0.139773542084766
882d984b9b9d8fb6,0.10275399608699372
efecedca199bc74e,0.14534851918211444
5f185fd802f0c00c,0.13482950600361815
b7be75c69ddcfdc9,0.07184578026144256
4da0a9696b2e9612,0.10046797136347585
755bd669f9bccb8e,0.11036477471130486
dc744a1038657389,0.12078633333919797
f5565f23a877bd69,0.15522488663809422
45485cf629983a40,0.19574025113121812
9d8248668d721756,0.13274952518881564
7e637102a104b616,0.07657859230070581
b9095cbbb40751d4,0.2164155177604858
b6f5bc351054c7df,0.10450883796909244
d08fe94fcb0dabad,0.07461683785911787
edb4aa5de0832a92,0.10241533107850812
b142c9c1185e5f66,0.09385079150468272
1473309b954d71f3,0.1939333803744662
b604a5e504b627c0,0.2556473921376784
d5d6a72d9d2c827c,0.07756151457212397
aac5a801e8926a83,0.12097128157549308
45b600cd20830ac1,0.1535706069611664
8b6f8e193f28c495,0.08999162768058694
9cbdc55a60ad3994,0.07325440579674135
59cc8f62d55aab98,0.07221431339443983
42f81ab5abcba09f,0.13092702630341974
758524a5d6a74122,0.15185528929686337
0acada29c4de07eb,0.13072670994424768
6bf56d0ceb2c1ab7,0.07704201652215753
03b29070bb68828a,0.07401080108163419
2f553bd8ba413efa,0.07315983738198327
c3ea0fbb29a15317,0.11255337480808192
797edeb1c8a9c95a,0.12451105659459419
beb71749be71fd3b,0.14535287740562414
c660714dc6059849,0.11537552463593462
549961b37bef9764,0.0730242878626531
dfac78eae9821675,0.07238592292951669
588c204b822eb2c2,0.16265860998417464
e96e43deab9b69f6,0.2287513370510041
9c9a726ae65647b0,0.07652003940018619
58f635ddafc61c78,0.3010585257179866
d40624f11c720afd,0.20800716728425855
73575ac328053efd,0.10687290775789082
809a4127b076294c,0.2762379060631303
d476e643d990be24,0.07777602340922858
4d04534027759be4,0.110508603536327
72c2c7664c8294e1,0.1857471626318427
d3bea4fa475618cf,0.15368406692419187
7af7100957117fae,0.1091114959682802
bfeae03c16252052,0.09362639475254128
dab19b0b61104952,0.17834126157477773
8b72f86a4e6a970d,0.16649931329218842
c775b6de816c5092,0.17224802652393587
0de6dca19e114646,0.12043844741373053
0ee2b0fc31b7cbb6,0.07558877224993925
3363b132efc51b9f,0.26204734929697343
ee924a0428a40a76,0.0751137076138028
ac3726dc72e71ad0,0.11236397239206353
374584473bf4cec4,0.1040922416529582
e6b8e496d903523d,0.12509312027139471
8fe009970d6cbeca,0.07377520094010444
b03e574c8770e9d1,0.08063909944007687
27905f95e6931f22,0.10966186688726381
8099a0f72ee1a1b1,0.10248971312910696
5fbbd8a6f4ba3669,0.08937234061327573
24033a02989369f5,0.16400558622606692
223faad452bc6598,0.2087477674554009
c5c13adedfefc67d,0.1041252886973691
ec24ebbbc53f73ce,0.08001076048329893
3a3e4d31cbad45e5,0.07503879941907986
79763f9ebecaea1d,0.17542193651526564
46806e41926c192e,0.149880259327777
a5cfdf6746ec5cbf,0.19860161502274373
0ddbe3ef0aed551c,0.08828919996658116
b641fe7061b46442,0.07567093958186749
be98835c447eea49,0.22467224139327963
98aa4160c7876f0e,0.22706503507727227
0753638b45dfacf0,0.1614612571364639
e938301ba66e78e1,0.17250265806364035
64b695db5b68b91c,0.12928483300199806
2797a5b06b8c68ee,0.0788954131319104
aee53ec38b7eb6f0,0.15760590617235282
d59b57f46a383c1f,0.1293898702965654
8c3a505dd927009e,0.09564889367392296
436e01defb530baa,0.07211992671440222
2f54c0acfcbfd646,0.20174876897392235
20f15dad96dc92a0,0.08197655010073371
8a16a230e343a296,0.11914681158506402
fc511072e8631203,0.15787376405688572
5d976c71ca9049f3,0.1735420891318481
b207e579713d5841,0.44864771602797515
ac03eddc2e2fd2ca,0.17069452323380666
6b1e6ff0118fe59b,0.16216687953131062
2cc92c1f6bdd93d0,0.1277483153513054
f651266acfce6c0d,0.10274693575057875
c3b49d19c43acd64,0.08208037901731713
05a27ebb8a82cea7,0.3346824827657858
f32c511446a68874,0.08982134386621014
108d6b400d52aa73,0.1640658700389349
7e3cd0895bbfcd9e,0.1889413562202005
2245ed07ee31662f,0.1630981642242806
c81aede118be0e5a,0.11275697318798719
d664a113973613cf,0.13839651210723786
2899dbe3769e8b1c,0.1327826142772891
164d8c33239c5511,0.14176917254979263
e753bb93c30cfba0,0.18871622437700641
4493eab669361ba7,0.09129919668657928
4e55ed26dc79c3e0,0.11509151933247663
1d2f7db4504f10b9,0.07328734051801986
9749ddc8b2a3a385,0.0740188744936203
9aab93db4ffdba7e,0.18807863308159659
88558205521546f1,0.1059154011037153
02a8e05f667b2fa4,0.09966530375313107
f95b0bb67413dff1,0.14205924575775752
b821f8fa7a26d286,0.08443377333022258
bed1456aa64d60fb,0.19610606298961736
685b1294dc5f8cbe,0.17930260434797032
79a0510c936f5eb5,0.19628747855825407
07f28f119366b484,0.09223406658013965
949af0edccb8d159,0.17531097032379073
9965f63ba2d41ed4,0.08252176932725273
f635cdb577ae5471,0.17071718707932793
6419d144df4c87de,0.1585732599387437
bc7f2dd2340df372,0.07133388558976544
cd35e912794bda2e,0.09199503525903466
abf3b6dbce73db98,0.0976623794496629
4eeba8a4c17e4351,0.1273644940431273
f612b9af4ce98bda,0.2157091340469766
d8120911733689b5,0.09019217778606281
723bd2532e39f731,0.13672321723532257
3889ee7a1f5fd62a,0.1234270863113503
66ffb196fbbb4006,0.09457432254221582
53a1c51ae93d0e81,0.1508736510563279
0a4f5ec5f9339110,0.08358129832533788
34416b6b8b600a61,0.08273701853625641
1e0b561b5df0447d,0.15446805451786605
43e848bf56ec0bb2,0.1342769679217477
1ace2be427eaf92b,0.08445836741516342
e24ea459233ec078,0.24978740224808577
e019c487befa7761,0.07246059792451584
7734ddeb14b3d277,0.07681641410977237
1961aba76570acf7,0.10567685465408334
276265c86a0e2a26,0.08719769661066168
4fc5594c301766d5,0.1494022914121849
bfd20f3d76573073,0.13292659290494946
8526753e065f5b50,0.2683690422766948
5c03ad68783d0d61,0.07793173166891805
9c83e80d019e0f5c,0.1399745023881453
4e6019e87ab5ac6c,0.1481714955920428
dbf6023ccc73b0e7,0.09047897346026855
fb35b29ad551c9c9,0.09398774257269796
3ab9a4e335cdfda6,0.11118364660635914
86fa9d51e632ae1d,0.12500878758360606
ab30ffa9ef0220dd,0.25606787536005765
ebfe496544b5a6af,0.1798180175666902
4cb026b93d1e4edd,0.08975539901587516
426a41478cfcfc22,0.0993397464733072
3e16e5f885a5764e,0.09812965988141928
dab52f137b1ba008,0.18456069547996634
a7e545c29eee2bf1,0.10522494280528999
6a50159c50f7f9d0,0.07334661990534608
ded3c69308607da3,0.20541584526628043
921388faeaacbc80,0.25850274471964474
8c90e1ab4a546bcd,0.10912703499579585
31b1827fce88917c,0.0752741632282674
d97cfaa40be224a1,0.07516007167055452
b4dae0ea6d15a25f,0.11500728370030829
ffb033e54895ee3d,0.20423801093654348
2b625e5d9c22b0cc,0.09924914638255185
87605745817d0ffd,0.0717187404443222
9717417666a66daa,0.0938602232733379
3267d4ecd26e96f1,0.08488507836066751
3399800c4f113d8d,0.1720219335322779
f457366f48f27702,0.10354886430454101
5a6c4f9b661a0ab2,0.18047552515491355
76628bf9d8b6b0e6,0.39032576397768026
997a5333179da7c1,0.09031520325129312
044dbb2023ecc53f,0.2527373924384271
737497734f709843,0.21469155614150026
fc7d05c3ca74b0fe,0.09473704792613775
f5b74bbaa8085255,0.1090563153425873
c1d1e5c41f539d03,0.13914093652107742
86f9c72ffb536f2d,0.3176248210020556
95b9d46eff640109,0.10645013715743715
3aff516939a3de92,0.10750516568243852
23c1d6b14d960725,0.07164702051337421
0b0950c974175a86,0.10913538358453143
e94d8ce0ed816caf,0.0970093350905961
037bc4751346a482,0.16028783713775904
d43c5617c5e69df5,0.3394221164941585
82c6f27cdcf850e2,0.21323616027159759
7652727437cf5e6b,0.09402822544847221
86f089e7c7ae0d75,0.09272890391564924
b9d7751ccd00d9c9,0.21290622316358168
0a079836e9e1ac2f,0.10879530248545329
90461cd0e33baa56,0.15631845907868336
825b16c4984f4382,0.14820599316168978
9054cbcd60dd433c,0.11521185373733674
770e4ea8a1273a1c,0.15976578814783363
518ad8ed2ff052f7,0.12957975732319266
f12c4df4f05fb6c3,0.085671090501896
95a9d1c987aae5f2,0.14220574744590547
1d60b64e1441c91d,0.1312637235500724
84ed70c1cda568a6,0.1009678080463923
3d6e8f3a5d06c7a4,0.07947865747765259
eb1779538632b044,0.08240135748401062
bcf84068bc4b5615,0.11679490032177406
3dceaab87e5bd6cb,0.12612525319467
c86b418e43874d34,0.1251236692265511
95397751cf365c4c,0.1461313363431732
e80b64dbd916f780,0.09075986955369639
d2a231ba481924eb,0.12378582245982801
e86aab1a495bc94e,0.07343226929925384
4c088c5147f6cc2a,0.13125503573233882
746c9771aa5c751d,0.11712215121717515
90005adf46be6af1,0.07184158737961355
78338f5a63e742f5,0.17186811032546684
9c3f2d29681d0d34,0.1668763518550688
f93fd851b68279a6,0.21827962873698203
afed2c838b247303,0.21471730136171086
995d752a3bf1fbb2,0.11495396886240855
33609320e5c7578f,0.09632082480750001
1ecda15121ffa27d,0.07948114964497427
47b2accb2f516cd3,0.18127625713383144
5571f2482997d163,0.1802465417789149
32897e94a9feeb0f,0.22787143838932622
3d5fedc7f245d35f,0.10272411693662489
1b4707947519036f,0.12626969365317792
3cee4d33cd4686de,0.1309425149851478
155f6d74191258a2,0.12985634348792796
3ae6a0b3d379dce4,0.10764337115598956
dab9de12664f7b0b,0.1117779427047817
cc73e04980d2167e,0.09710994143458428
be7f0f5d2c65bf06,0.1268178047789805
dea114b428048ebf,0.07266324977372612
deece306851a2a78,0.097693536994726
d1ce358b8f732eb4,0.0982036016249708
e025d916d395fc1e,0.16446368839953399
f50d9be3d733fdc9,0.0948171613181672
a6c0d8fd193f76fe,0.1147628569307162
569e045332c790a0,0.16924125583730132
977114ec6d208ff4,0.07462496439891723
17faede0e698eb93,0.10559295998520042
0610c3287750d822,0.13861908036366072
58e6e26dd56a60a1,0.07589255379543515
bc263b5b32d9ae07,0.07656355530336979
8894323cc5f185da,0.07389261803887316
e8229221a1595393,0.0837917877923804
63c589b1e27997d2,0.17761969375891373
fe21e0f0344dfca8,0.1717925579762517
7e0194535136acfe,0.09909187717637309
cc859709caaa52f9,0.07448072009105595
56e7153dc35c0573,0.08848756265707255
c76e1ab42940cee5,0.10908678479308336
2ed46ca4b8d10516,0.1314654613414364
ae2f86a0a6c3b696,0.1184513712969635
a05d11d463a21a32,0.09144832083897303
89e7dc0647f4db8e,0.16765786631582108
80934ce845013628,0.12746038450941988
f66422247e89d830,0.14724238373883966
b0a301739cfa2228,0.07518967366384778
42b93c5a8b628ba5,0.10637412633543286
f74f1673a45ce9b3,0.14609862819192776
2b76aa4b82e23768,0.11025581974806326
0d6190a27ee0d6ad,0.1853838155676687
7492fbffda1eb950,0.10462416111376875
35355c2d5692cdbb,0.16030711549746843
de976dafed9c0fc3,0.17443028205737748
e2601be919261723,0.07272966923529363
f56a91dde5defb60,0.0888869706424271
1a9c207021895aad,0.20243084981445003
86ec8e715d2efa2f,0.1375653277592758
7762b73652848f92,0.12233912948385775
ccd34b74bb18d71e,0.16337632875936806
eb6c259855aee52d,0.16396863633677017
7bfe956eabaf5f10,0.11459908744406655
38c6063d22fa4f9e,0.18236859890447857
46b7352aa3c8a1ba,0.11743287578833074
049fa3f6cc3a62a7,0.23342254086035308
5f77b44deef47d28,0.07894780138687223
27462f3d6cf43575,0.11407774134148764
ca854373b937b419,0.18864746197451393
1f6eb5f2da254111,0.17684388452055888
9262bb44aa7937b7,0.11779268674563306
d81678051b65ebc4,0.14340739514058817
0edc1ad07f4aa86e,0.20818533121820423
a8e836b90034f123,0.09325903448782118
c729d0e49b2411cc,0.4003975678312004
db925a43365c86f3,0.1186623805534334
1cda28c15e8e4170,0.15662951280094856
ef5a97a20c5118bb,0.22283880193119082
4b990b98ec734989,0.1899103435701378
a96f328dda3bc98f,0.12314557529936465
b467b21cee5c9a57,0.07624284217982631
8c1694e84b06dad7,0.09722497619630527
7b038881fb7ec965,0.15320405658374417
60e46ceca8ca6531,0.09389361913188535
be2e51dc6bf61727,0.18603480657788268
f1063bee63d2cbd4,0.11126560186925194
1a3d53e660017625,0.1136772801944838
6db1dc15ad1e28e3,0.21110521406684896
34f0bfc533c2a23c,0.12648294856753747
76e738496305310c,0.10597017155278768
a76e95f0a09b03d4,0.07190769847593009
6a0d13d3e413c0e5,0.07876882874193863
e002702b095c4d9b,0.11980266077732359
435eb85f778a69f5,0.07983324040923027
5584a339491f1a03,0.1509776405497152
9a06cac14b623965,0.11627332633747761
b199a982f9480beb,0.2434406685482466
e32add368c6de44a,0.10368234889768502
34824decbc66688c,0.09883966720916741
070711d7fd9b7ea3,0.1498060037962975
a1656b509ebf749c,0.31024239159092976
ee96df140d42129a,0.31822169715707166
09fb51e0fded24ab,0.11664213865671685
77e04872ab10bf20,0.15342811520809957
6b34ce0940c8c237,0.1976243025557456
8b94f16483f351e9,0.15529010600981707
a7d4f13860590306,0.07596686329662808
66537bdf81c41f46,0.21655749261450152
3014fd36c07b8950,0.1656232626919788
789380ce86c031af,0.2105360840533505
dbaee9defc780591,0.14670083886917967
bad0375f198257db,0.09140253971115968
a7b766569c6f66fe,0.09533077380520041
efd3fc92b86b90cb,0.1273432589844368
3ca6e7825d948c12,0.15284038910730807
5c73fed8f1d584c0,0.09599829337858098
cb7f45c4ee30e84d,0.14230944545332036
aac70ac68209f1cb,0.16340010223348633
fb253a15132c7c36,0.16232849057681611
4f1ad3d1864799f9,0.21881514645139588
06cc890b7c3abdd8,0.08510773638338937
48f5b50b05af6685,0.0741176733645485
8abc163b25fe8f16,0.07561297429963375
5220ee550d303425,0.1753218391142723
8f7e85307eb35706,0.13712676724063375
dec525eaa4588cc8,0.1759218292285618
8a7aa7c3acead22b,0.1492747062935043
0618f0627df67711,0.1615388048602607
5d9929a965640bc0,0.1312743142934603
b45f8124eea44b5f,0.07617205087706412
32e371f83b148fb6,0.21708106218674048
83b9c322c9febec6,0.12096275281660246
8bb4d82df107f45e,0.13752869709535945
cc28d0d6ace393b0,0.11815911413662784
29c17f03906ad1f0,0.11010041917515583
b10cf30c243ed8c4,0.20100394731117643
85c180d755530692,0.08059625665209089
e9478d4c11f48523,0.0715182815936894
329d63bfe65d67f5,0.09666770385249339
4e7c7fbcb6fde9af,0.07262237851950591
1f2d4ca7586d9ef4,0.08563196106397296
04ff2418e503eb55,0.19178192675699507
5807d02f74d22963,0.16199750736006938
23aa15ff2408a5ed,0.08597982509965128
5c3fe62807fba6c3,0.08400568619165817
c97a3c1357c537a3,0.15583046607317663
bde91246f16123d6,0.07397403282934872
dfcf3493677dd9ae,0.0735442312756879
4a0cb390212d6320,0.17306916907190145
dd48f98a0e7c2640,0.09716187355613153
21669e26853a5beb,0.160711490905735
c4c279dadffc28bf,0.198419411300199
27f99b00db0702b4,0.07490008554863985
823a471435809e0c,0.21265115322252018
36d9872df73f0208,0.15929344798795186
69b691bd3b11f565,0.13345539295215575
051aab7c376493bc,0.07196482943404889
897a042cdd939f4a,0.20963522866961742
16e574aceb37758f,0.20246450973255664
7acdad670c7e177e,0.1486437372591304
af7211a4b66028fa,0.08560033383770314
3b768875237c8195,0.16845273514891812
a9e4e55b286f1971,0.16654850170439092
1e42f2e9ad67815d,0.09216709048043023
0d527f8f008f8efe,0.07163914232901941
4c2ccade1925c5d7,0.1435317664686231
b3a98dacc0702405,0.08608505943502517
9b8e0f7bf05d953d,0.07420041389756496
7968527b42656286,0.08355122828876191
caf14438584b43fa,0.07216442942323784
31e140000e0bf36b,0.12123525081860942
336acc52a893cf2f,0.11563779979821956
bce6e39fc4407c93,0.07453848410715005
d5e58bdbf23f01f5,0.07479727265613853
1ff7a8ec347ef2c7,0.09296559257006706
ce432d29b214887d,0.08943862560861646
44e820df9233e162,0.13957025090745256
fd036d6641276c78,0.11813765785679158
45c36909115a7b3d,0.18008503069202275
0c18ad3d4c7f25b8,0.18068487502286845
4502d8fecdca43ef,0.1543529206027118
9bf5cf3ace55851d,0.12016431413155236
0e04a1cc15af0b5c,0.07092368177774719
86bc772734133e12,0.13324236498758735
76fda8694024d3e9,0.16588427319844934
d244839566b6672e,0.11754817720084676
e165495e76c8691b,0.11336990096628852
18e8d9f4f0ed1ffc,0.0890956885801246
c198ddc9a1a0f0a3,0.07302243290890191
4f15b2cd5370863e,0.11418281107283064
5b71a33a75b4b41a,0.2405002813797021
85211a41d91dfa68,0.15122537568333014
31c3ad8e554acb99,0.13302868117659417
f05e3b467a207ea7,0.07200733966644178
20eea1cacbacd917,0.20248099318212454
338ac2331272bb7c,0.12009448523690265
e6740f272d44da83,0.21039830683202349
9368ba44560c50d9,0.1274846867396156
18e4039723086124,0.13208223416539422
c935d65cb1c5cfc1,0.09275442060410036
dd819f141dcc8319,0.07588193467991372
90488975d041fada,0.12465443097712231
a5aa463adede1f1b,0.1548254641238576
872ac9ef6cc6a618,0.0913915024815361
ae4040a11f651b1b,0.11049305831711889
468c82067304eb0a,0.18961292189102358
cb460a2bc70974da,0.08652724224960787
366ae30bce6f5b98,0.09094898580306619
7638518d282a3163,0.20466642279436065
633878cd7103f469,0.12727142774585132
73b8cda0da8e3c6c,0.1141952465419229
b24a01610939d7fc,0.07366287190389104
99024e3163df7833,0.21284353154168828
f67fd1bdae4a88b9,0.13469957064969684
bed6a87757540498,0.10254952161414586
97afe9a3ddc497f7,0.07419387193123297
dd9f348a3e019188,0.1372705106959037
34946df4f3dcb0b6,0.1654460114568448
9444819c9eb0c9d9,0.18506426847934812
fb4483e1ad010ba7,0.07156152710468298
00c68b30c299654d,0.14595826447963534
72515cd3d8b3aa9a,0.18418237104786428
908510f96be347b0,0.18063298430044258
99a21c81b1b48573,0.12999630648322344
22f68a423b09a5d9,0.07263863669317634
e7f04cb37080c9fa,0.07358600234168845
dc02fa202a12aa6d,0.09524978194456171
10d0b7f586529eff,0.07527782706887104
ffd7b011eb85f998,0.12707329438985557
e621dd32e1b264df,0.09231301178291237
4af1a1f24964fe8a,0.08596337828640298
811ce0830dbadcca,0.07510348451959419
19f0e848aacfeb93,0.15985654890981016
8d3f02ada61029a5,0.19242242882761845
1e2a07a17f935db5,0.0741938761333674
32328db851b10b18,0.10024627635739072
9ee145457cc792ea,0.22304042930118995
ad8df560233793e0,0.09006141243163227
d22762aa0ca69d56,0.1371815725988358
f8355291593dca46,0.20653418643848476
0c612654e51e01fc,0.07503212223254965
ae7e23426e25bea2,0.0758414863092912
e009b5beb1619a81,0.18265558072179067
520faa13a8c7065c,0.2163239195357277
b5f1a39aded71e0d,0.07266690240067415
de6cb6bc5b8d1640,0.13559861163357967
d51fb6ba7bb6913b,0.2093205233897802
a1375923af03ec27,0.15317103540793647
8c4b7d8e2bf037d3,0.1015002905469202
681405cfbc0dd97d,0.12678669164797046
992164c7365bc333,0.1964356260584334
4814a10f30ed6822,0.14350742097254796
f125562b955f34ac,0.10403800311103345
8665c174c23e0232,0.10909548740952629
c03010cc5ef028ec,0.2309497006191905
d2cbd396091301dd,0.10019879815911167
c5b700f429ada2a9,0.09329300879124028
07d97ad7c5757563,0.07542346889027722
abe88bd25b74cec2,0.24732627774347055
b5242ec51fa10803,0.0894691916835979
504c204a4b07adc1,0.08478808797641783
eb3e885ca8381431,0.1204111277097574
88019e77a7570235,0.19321426378938145
4f5b5ab494b7fa3c,0.1478847591792991
ff857c8685376696,0.17555093212702844
c97ffff5899cdd5b,0.2667706188084717
06d8545946fb794f,0.1882993580384223
86a18a847664c8db,0.13618789188313485
236b7caf60e83702,0.0816362131777022
b7362d1c5e6ea485,0.11816738617404353
75a194abbc3951a6,0.17581144288584177
0739352b03f43601,0.13577085532947167
d5fb0ad6dfbebd36,0.07508354605917632
ab3267950cbf32e4,0.13531554960435754
061b96409f1ecea5,0.08799148719153889
77507cbfe35570ee,0.07407819563897709
a36af5b550eaa873,0.13103886073786689
9ea7c406af2ba7ab,0.1465310634647499
f67f1e53508bf00a,0.2697199770876633
c1e4dc287c41d581,0.08912179562843088
a53a53e86b02f37d,0.09289738021217418
608291782c527827,0.12096253893629921
d0ad07399c84455b,0.13496490274460438
fc8986567718f61a,0.23772833429910262
5dc1fc6a5d643435,0.16159392986385895
5c05741c61417dc3,0.1133799399754711
d702bbe78e1fa189,0.07479352985621418
e781540ac8518204,0.07769890738075672
7dfe0b8686f2f32d,0.15876316728462453
150a93d31aae72a3,0.1001930568865563
6eef12e9a09066d4,0.23118810726094785
636152d21bd16667,0.18201848277142166
c7f6af439da950c2,0.07291212475111845
27acdee466fcf485,0.3932490462106115
a8804fe9eee0fa90,0.07544652988772708
6192ee4938021f38,0.19112528224848538
fc02f9550afeac41,0.0719974162227551
7c9ba87d30178a3e,0.2508827962936081
a17444b2e1cdd78a,0.14394610368768734
83df6fde56cebe4a,0.09266175202733543
b35110acb0de3b77,0.18802206403837676
9fc1dd40acc8bff1,0.19807381972102034
0c521eb5fabcd49d,0.10140332389951107
e081802079fcf55a,0.18406468097023077
12aedbe868f79776,0.07318103906006714
be8a2586f0738799,0.17652042163167983
077d63174223dbbb,0.08393806265776378
bf95a5f9268fccfc,0.07527012518140519
51ac7bebc69eaad3,0.20193196467077235
823b8b0cbed56665,0.15707141343568434
7b06037a7dc44eab,0.29959558738249215
c3468f13ce305a3e,0.23762790355276983
82906bbb278815e9,0.07551012767110259
26d93d94ea19b1b9,0.11069804589020238
d59469ecf7c3bb29,0.11703591569749694
7db5fdf7d9e7b81b,0.11593975312161119
251dd43cde3297db,0.11756153995953603
cb1945985d64f4de,0.09689027506266315
4eeb92e907af170f,0.11393912098506692
feb8fa429dd67ef4,0.15620569655093214
4de67c2419537ea6,0.0763304450240128
538e4f56402af36b,0.2052479611474471
a4cf878441380a52,0.15690817327788542
96be7b3de04ff62a,0.14894250892500405
39c3d3887c8c1a94,0.07756682635802503
1921999c1eb2c5c0,0.12412505248170148
d57e9b30000ad4ad,0.1554659075471507
7c4dea060b3cac3b,0.19152364225916288
b72576d562bd56cf,0.20153245676979428
e1b21c89aa287e10,0.09166781812975892
ea91d426f07b035a,0.09618566499001979
e3fe0ea3b0e68165,0.0974138746557737
733a4e55740edd52,0.18007988323397783
e3ec47884acfc533,0.2626634456907346
8b4fc284f4d71fb3,0.18245812958096574
ecc8c2db5ddf594a,0.07295337730738732
6a2e9bd8a0f89c66,0.10906846310226126
330cb959caca2412,0.21400340817460786
d9ec4fb651c85ebe,0.10538409141967439
059f9fe46af8bf1c,0.1115966543572077
3a4738e51c5cab59,0.13603228015326962
2defc05f8aab4fc1,0.21465939295395325
5eff676251527676,0.0727117657384075
fbe244ca19447d90,0.1264837321789077
6a795f7ddcc9922b,0.07829734198491767
31e47d59215b37f6,0.10127452877661491
dc507cec24e10ba0,0.1676852111598676
a6bb01f0933df044,0.07547072210105062
8d856f853ce1deca,0.12200784419471475
6da96325a4517519,0.11282821447616925
1154f92cf57d2532,0.0736595663516188
f6f5511b39bec2b4,0.07121421937581482
52b72c128d8d91b3,0.1701617479331643
75e7fc7c7ea0f472,0.14537358163232364
197817ba33606b5a,0.1180185013206795
c1951ebb86cb1446,0.1916627302611057
c4c41b18d788438d,0.16594307740136327
aa26bb9dcc890fe2,0.16159067357945617
c2c4703ee4c876c6,0.19468098444959225
4c5d7e0beffa310b,0.08046285913233842
83c908bdb66cb2b3,0.14654248612391305
f5402da16c14957e,0.10150015333357848
2ab80ba80d56a41d,0.1644212219666621
1c6b71fcf804ee07,0.16194090226903612
2f3e4501cfcf6dfb,0.12416041873235686
e6dae542e381015e,0.08044280568595749
eec4124d10360067,0.07499094012775126
9105a2588a4a2770,0.15492340697498974
130f75788d8a46aa,0.10625470130643694
8835b5e539659c18,0.10457140974665977
d219e6e0ab855f68,0.14997498264048037
0723230fe86de14f,0.15381887298982613
e81853b0b0f8c271,0.08670273436733597
979af46a1f611253,0.16486846005972675
945f78f066a99193,0.10541230943641498
9fd22540f39891b0,0.07410171467574841
2631c1e94bf99eb0,0.2066963303254889
41d6c34577272404,0.09059934039698554
13285c2b73770aa9,0.11237483134998624
1d2b2b68357f4992,0.08646310030186104
5e3172665089f4f1,0.20575103096478717
9f7be9231e3552f7,0.1809888072905941
6e458ab88b4204e1,0.07536335909561835
10739a7eee3e87cc,0.08099265185603856
a326839f328dce7e,0.2268861887773279
2e706184335e4bfb,0.22578036593245077
e10da35ed5233e23,0.07418607863974695
85df2a159bcafca0,0.1629460592023503
7e459f89aae58555,0.09313886181337909
c5733fd52fad180c,0.16079238077315033
d78be06de4424dc7,0.07234205000841153
af782e55eeec3b26,0.21666637615615147
a5428b7d3e5eb0a2,0.11252204690229839
8d920a6bdb004f92,0.23236467029567065
f4be0e405024df8e,0.20021001071130123
d5059f8f88290d5d,0.12170463697564808
e368d0170d51ce4b,0.09748610336746888
d8ddb30bad626df3,0.09614365717174181
d1e892e5a070ad3b,0.08916920557990124
8a30b24e45c8dd56,0.12502608838657875
7616820e7f2f060c,0.07389530472903341
35bf1de33ef37b4e,0.203158088467834
7fc73341974a9c57,0.21205111428220008
9f5bd41b72cee0ab,0.1017354548833605
44e5daba8a615664,0.17512297336780386
6a29aa78116608ee,0.15577858722018173
74c36fa527d5e914,0.09280160704833212
65e5065a97a00477,0.12594687811598512
2bb9d6b7e64b8108,0.07424354465115256
297129de9133a71a,0.07942090079873997
e6233ca37ff20ae1,0.1572209043243003
e6c230b1db202085,0.20954762852894968
042447db024700a4,0.07729454534789541
5347f880cf1bb93b,0.10960208744694039
f7f2f5d41652f6cc,0.07162747169367106
71ccebe269774017,0.07222114258699061
5d89474915222841,0.09063021120129516
583b0f485ee37a28,0.0885429937701835
cc5a91f4a1b878cf,0.3097607906611383
636604af09feb6f9,0.07298048497630687
9149bfd2414e1f06,0.16322809100631458
69c71a71af3a6a93,0.08947087103537263
5cab1ef744ae1f07,0.12019642839335312
2c01a13c5bd11b48,0.12751178523442172
3dd5148c39f554e1,0.08544976034559384
e55b6c8712632bca,0.12144412350546077
1e70f997f11d309b,0.10259114966191579
0b5140a69c454fd2,0.0833821752193617
bf3433f1790ded45,0.1560527108413843
848bb9f5e15ea664,0.10573266084371297
ddec6d5fb5e1d8e6,0.21438476951028024
483be22ba816efd7,0.10009728021234134
c5e5341d9853e204,0.10248425089876481
21afeb4d02745cb0,0.09435098970098478
214573582fdadc69,0.11028586932153442
1584cb670481cd0c,0.2058229950518762
a5b74fec60dff97f,0.28401570528151343
500761048fa68af7,0.14519696781433708
17911ade8f9db4a9,0.13516915163804116
0d5e4ec73265e718,0.17229212362209684
9a23b511d19c5b74,0.12864543295324954
b0a68b6e9b5aa0fc,0.15723332924635955
f2408ea825dab651,0.11491263371002614
c46a0253ce15db70,0.14964295000562128
280ee758ffb1d1f5,0.12463061845365772
f120c6f37766ad60,0.07741645856540236
f0bd6e897436f50f,0.09852818301318081
d9838a74cd5c15d2,0.0722456815182403
ef4f4beebb23098c,0.16962366870364876
81e1191f9eeac89d,0.13354128838295615
38a4b85540a1d008,0.08730561520835502
583c98e432bf450e,0.12179104475674325
9319566dff410e11,0.11895208965491184
967a61a65ca3958f,0.07243285482857165
78d063e4b7ce7f7e,0.09860318095686763
d2f8e62df2e4ba25,0.15085416269112364
810d2f780629077a,0.19443213769605155
3515d882b6639805,0.13821794654217034
11e50493155c9e73,0.3114987291630694
4ed708372af004b4,0.2086913582821867
c4e45da34ddf3b44,0.1579729374068215
c8a93dd49c2a92bb,0.21253897787254228
0db19fe44a9a780e,0.07419367913369654
2b3538d47f1c15b4,0.08499736539088687
c3310c72d9734462,0.1102448882268541
14085746773f19af,0.07359753899597903
556db80d967a1693,0.10742961200737744
43fc5ae409f4f500,0.1489584994844195
081a87f22c3b38c2,0.17967859004481862
d375cbc133ed4f4e,0.1554675537856098
5ad546feb694ad21,0.12401086484604655
4f93720827de0ed1,0.11496397094918465
3aa17624d6ff3bda,0.0743378577248766
9242e8dc12c52248,0.16181565479929216
6842dfe6284804e1,0.26341839881083384
0d73a6a834744d44,0.12039911373889697
0830204cd861c6bf,0.07349060022527265
66161f0924e78225,0.15455534317255573
496464a4d50db8c5,0.14489476353757064
06324bbe66728955,0.21057842873305654
14f78d4e391911eb,0.07233837898780515
2b82c80f72759096,0.09813377152199976
098ac1d81b9e8c1e,0.18835548487521148
1b76ea6cbf734ce4,0.07454259294067297
0500bc92e5b55537,0.07912743224938526
ac5aed573f280b25,0.10579947891860314
ea03975f1d5baea3,0.10229946204297002
88b17a552fbab232,0.1505549085231136
b8de7af9fcdbf382,0.20322060106946538
1200abef5b424cb7,0.07363247472901224
31b60e9d8cfa862c,0.07620775479940903
893db3bdf6bcd36a,0.16888051849186314
ceb6b035da1d3d7a,0.1489604536786216
4ec436f2d7284b90,0.08646590777791349
8aed9038981199a5,0.10504039411171923
0004c2d09b2a5399,0.13735367517979563
5205db0c297b51cf,0.1249036850319404
fa00a8d5645e29e8,0.08166839898482128
e059a125b2f75271,0.19390686502528576
0a245e9039a475ae,0.12245574489109148
f6dd2588e26ea334,0.17440532172981094
973b401c5b3a29bc,0.11268213463402552
3c3d0acff02d8d77,0.17733864535918334
29614e0f15db6e61,0.14036623505531126
59556138531e1193,0.08762790463768445
6864e194fe467f06,0.1273435789093113
92d1a78a0805f085,0.13913478670123278
673c83d5875338f6,0.19868435304192392
97b9da49283296e1,0.09042597754758336
8e266443d27cb222,0.10329171730317521
01740ec6cd7d3fe6,0.1773538896649527
bf22ef3c96b1cf8c,0.07999717438311679
eceff6a46e6bb846,0.08973406409355283
595cd3775c548381,0.08017632021630879
dc88015ad74c395c,0.09363661317928493
1d829ac1fba966c2,0.09396011204132754
7af5a547c0ff87df,0.0887037568223453
42082090188c20fe,0.20025148226770523
f7c6df36a4354bbd,0.11861472519630636
fa583dbce17dca3f,0.1285743905918544
31b430017b021b90,0.21588737971437455
7efc9cb13b2def86,0.23318136461276545
d06fda4e5bcfc129,0.2948581205914572
72cb2bb85767bcac,0.21935668847294001
50f1226e03b9f878,0.09584032995814981
24eed0e6d7789047,0.14047847846956116
d026da38fc55bfdd,0.09404701125094034
47c591c2bae2052d,0.1274847532170182
92966f857e0e8aaf,0.09291742441541034
56b22e07fb9e4c9f,0.27817661686809736
95e7a0024d29a8e8,0.14654944558157326
77413f2ce0fc0b0d,0.10857408134118762
169ad5f354082bda,0.11623037535373952
cb6a3ddb00bb4caf,0.21750120733924416
c1351ef23bdee19f,0.09861183904731988
23e0eeea647bf809,0.12136104687526983
52cb9f8084c2979d,0.1607681661041938
7f071403034451bd,0.2767440987534134
64c6b8a675d8d210,0.1246635222787657
25bcfd9c6c4bc119,0.1169914656298674
68234d071437f6c1,0.07692610963574044
cdba54b09ad0a5e0,0.0829411928873943
8b2a453d25a9793d,0.271460460344447
379b3cf15b5cd618,0.0746315577573306
04f8b3d8fbcd3c09,0.08082527087236636
8db2aa7a87a0b0b0,0.14750844060354928
09904cf5297e4c52,0.17388454791528543
e5d6021439d46003,0.155706259808901
87a2e4212129d19c,0.21437195754856098
e218c57596992271,0.12862737911994498
18b98da5b42722da,0.12419166855427383
449920a89db3ac7d,0.18201714323138868
9ce041cdc0639315,0.15581503874254696
722f357fdbd5c880,0.13784574105707162
d468cd43dc6a08bd,0.2678708761784343
9700c7a3ef819ef3,0.20819644664042347
b7f1d881f8c72980,0.07587322051293802
b23236c476c94144,0.23386973868305488
18dd1046074e1b37,0.10626994503326286
55f227029ee88bf8,0.09985423449953125
5e3b8e365345db58,0.09005545149051161
d97a5d6269148ed6,0.09214161158167627
ec6dfb974b3c0b88,0.21127486559500533
7ff4153e9bc66bd5,0.21049974214738976
70ade30377aa52d0,0.13830463615909763
e81c74c9a5e64310,0.20519194207818015
27609b892f19ce38,0.08488752304453491
665fe4d9e267c32d,0.19628170471083822
e4efa861a25c36f2,0.1771029438173265
707cf306deb0ca20,0.10282113261230784
53a0fc682407a107,0.15472298683110738
4bd91ec011ba7743,0.0760268158152023
3b7c880189ffdf65,0.1448080541483614
c5f1834657b1d9a8,0.15501718614760618
60a043d7036ea402,0.09137261275295012
d69dc65f9a8e3647,0.14063399667335624
c3978282c1335961,0.17274258218898503
248bcc5d97740cb9,0.11394333040533167
ba074101d0551828,0.12882634772489548
f22fd6cc76b9eb99,0.07195726973156369
cad3b5acbccd1a75,0.07330076173312854
4e3d749c5d0d8b99,0.17128724038611157
1024028ec93908ac,0.35204332567924784
db5f96700f81e32e,0.21045812870790603
d00456f5c537affe,0.08278471784661955
ae6c9a4ac1923d77,0.08734587442797952
5c4ef0457f9b795e,0.11451683201776901
a36087b510ed1bbe,0.21326478867684456
9700dc3668cb0d40,0.07208050500184296
e404394c28efb780,0.13191762919902061
0720a1b755cf55ed,0.15508549197919258
035439e10d353f33,0.10543355943859473
53421be12c0c7d0a,0.17873332103790796
c76422f9c7f1c224,0.07196350052915765
ca75e192477ae30e,0.10014984078001068
480e9e2f5f6eac7f,0.16554988413070343
b1b0c9414a07e81e,0.07287537276828396
e09f31da0edae6b7,0.08702224637077689
9386dbd09f1eea31,0.11316531872818036
4027ad13f744ab47,0.20395027210800246
dd57f9a9617410f2,0.18888194291490132
53816ae08db4500d,0.1163615807919712
d39479f04b318c0d,0.18880278615879215
5223cd189c2850d3,0.11400043661944118
8c0a9ec776187a0a,0.07143570962005859
387c460bf9c82eed,0.14608135623363583
1fd31e1faa118ee6,0.07863503613262551
49fba05cb591b00c,0.07443622963370847
bd80ada68eebd0b9,0.1049206000321601
0e3f686f072a8a0c,0.09246075240179526
84925d826d461c4d,0.1721003601018985
a7badd0bb8ead7cc,0.11606109307957252
e2c838fd32fbb729,0.11156012705242582
3a6cf220f53b4cb4,0.1503033975527394
9dacb79ad9fcf34d,0.10412621760574346
92aa4c1f7f258a86,0.17836270925897568
c85e22a117db207d,0.07533109633493487
c5acfefdb9e64f54,0.09707356556648616
26015640e05a3378,0.10517690566096702
834b3501453f5c5c,0.14950923862671836
42af151534cbcca4,0.07794510461855496
6342222ab4bd07c5,0.21459935999413007
cec95d0eb86b553d,0.1616491527289869
b4129a57f4c5c1ca,0.12351035982418868
8b51d76d9c838743,0.10694398510473714
36d6124fdfb6b5fe,0.11689218307498069
2212f9196bf749b0,0.22783875390680938
fe9345df75362fb9,0.16108389983387267
75774ccf0b19e8bd,0.07175628997583336
026c096720d1702d,0.17334126451760443
6aca91fcef83cdf6,0.1293795414750651
8fc4c42ef85eb9e6,0.23847919728946926
1b64496c26985a3d,0.07723525943765372
591d0017ec185df0,0.129303943250073
028968c773b11f62,0.1638647882966252
3a09eb47d1ba4acc,0.0706823538393135
000019235d24a363,0.1158326758025543
ac5122e50d1ce8c3,0.12353558900069139
7d4feba02220abf7,0.07330152559444432
e59a3b16b4a6d416,0.2173723932357638
84a820be4f12f7cf,0.07402043526838831
2f535756a73607c7,0.23388940486351534
fe5a15197d453416,0.07224134600391052
dfe7a446a8aeb1c9,0.07169299113527969
0ba28eeeb91393c6,0.1302770358141987
6cbf1767b759c6cd,0.15092594806419235
a6e42b03d097a184,0.15484724850369486
da6efa9d56a293d8,0.16569856687809242
20eb958ac40ae3ec,0.07397273732489688
861472b884b8b80b,0.20127604306597563
83313fb5d3e30121,0.09179690146505017
75c00015b88462e9,0.31507549798113593
abad9a6070f32056,0.12698176638967656
dbb0ac574180786c,0.1627794925586335
1ff23956ddb48080,0.24363851622032628
1030748990c873e0,0.1546589195871275
3b392b51ebbe98a8,0.21842321051146124
9bd3ce96b5220545,0.07548037724537252
e80afbedc991fe85,0.23579551425126183
b892e30bd65f1cf7,0.07219419093826356
45be6aeb64cd6e75,0.09736965203529846
10b2dab220d2112a,0.17861032948335243
397e2c46ae990a0c,0.10825405387871657
19d3b02c14e869e0,0.07622569100188954
cd4dc389be000277,0.2138159894281557
fddeaaa21cf9f333,0.10846516589132318
c73cf810b1eec5b7,0.08158510689308504
2d89c6930c494b36,0.14692674167715736
731c1ccc4e036603,0.08560061385580063
a9448f44773fe67d,0.15268519160111996
89d7d09573e87744,0.21492535438458227
09a1c2b53c31bc10,0.15754794934438396
6c6319f9764e8514,0.30851731528752746
f56bb1ad09aacd4d,0.19054402127254041
a49d99323a265849,0.07446653551121618
3ee9be6434e0e715,0.13472862945944372
875debef7413e1cb,0.13262961097811066
a2d775ceeadd24c4,0.20198412595775456
18c8aaea7c834671,0.2526217967438024
df0c46251bada9cd,0.15218217571713638
aab9add2fbc56aa9,0.08273911917975194
a6fc3e9da5c8e555,0.09146543743180505
f637661db81b90bf,0.21379212619069482
33f67c649066e956,0.10565072263590791
86c73cb2d30683cb,0.14486953969974878
b5c00f8557fcf692,0.12162855289107388
a2c9a8f18d345227,0.18245304748677854
5ec5cdcb7ea71186,0.10795037552848297
0f3e463f9177f7f5,0.16844410875406712
4e7f08dff5d4d708,0.14471937502722365
3bf84009bb5fc3d5,0.21585026893381537
51395fde52e82c96,0.18933344105818253
11111626d4279259,0.10429703353964834
ae179d72addf4dc6,0.08141174201834785
e88ef89c0abd640c,0.07793822557278499
c514af589b1c5c49,0.08619062317263171
ff07eef5fb056c81,0.1948176843388737
96fcc4e5d6f59237,0.31728032313209564
28c21a0768568fe3,0.1908538897401157
73627db8491905c4,0.10447944831123343
99467bd1e0347c4f,0.07171314815170071
f68ba1afefa7c356,0.22274810078204488
f2dc825ecdbac412,0.08847883632227002
4aba146c1a03941e,0.07603747014662296
80d5d6de30bce75a,0.1349597439959851
07139bc3c4fbcf8e,0.19355269503159256
e20fe10aec859d4a,0.25085951274314483
7ede37b476b9198b,0.14112524148921987
13f259dd7b600fe1,0.09157068679967315
351f432cde665f41,0.075883754526751
a0721905432fac03,0.245581611200459
c64298a4451fa34e,0.1460940676693919
4498869b991b879d,0.17616158409955018
17636075cadd05b7,0.1194248821101119
f1a1bbb6f878a877,0.10817145539451986
0eb6903ad4fa3f90,0.11655167097850905
3188bea8d6f5b35b,0.1848761987569184
c4c409536eb6c51a,0.0754926280713219
d280dab3667294dd,0.14452743228597895
52c6f5f136513403,0.11515663175224794
5090d67fa1877997,0.09501234073278614
16b61b14def64393,0.16744494191557627
baafe2fb18314839,0.07267221385004795
4dd870bba94a4e61,0.11394457211953671
09dc62cfe943169d,0.07816210948062871
c479d440fcf7aa16,0.1853087950583876
8afc03aa50ceaa11,0.17163106711053802
edde45a77638faf8,0.07337999345433445
6d7692d9c32c3019,0.12005291819267178
5732b6767099399b,0.09608127481998695
17d91b5e97f3116f,0.08520641670092129
0d8f39533be9f182,0.17194736612581435
fde5949373183adb,0.22742360394679098
958e0e17661293ac,0.21478149276665176
c5216e7c4a482059,0.08880927502005924
903c649790deba31,0.07881541979751581
4a0069fc3386e06c,0.15514614496206489
a8ed067c70e68299,0.22872351586072112
2739c45027efcd82,0.12177396769497434
9cebb6633780881d,0.24045205686151672
61795ee62a8075d9,0.07376587970494004
58f2b934b0d49345,0.17090288423284816
dae79d85843b121b,0.07174323879785419
2a1568df2de08c44,0.1555961551001897
ee4fd2a6e3a78dff,0.1290060786898367
b757cce25b9c26a4,0.08629434825231712
66ff45cad74a6679,0.10225912274360466
b0017bdcd541c6d4,0.09075750208473889
a3f277c9b5c91e67,0.10739242221654277
a5cf1cd034f1cbe7,0.21293082699594787
68c1e518bbf4e77b,0.0972530313029911
39bc60ddd2106538,0.12265860089664721
6efa72d0df99c34d,0.19443853088445165
ba7209f117ae9238,0.18932279553789103
7c5bee138819f339,0.16605632447803567
0a18482d62e5cb36,0.14263550940191919
8e35efabb244500d,0.08692191753895209
43a9275d59ca040c,0.16480498546519834
481df5704a84657c,0.0721905244365717
4d8d82c65a5b6227,0.07675164343086072
f93eec03effd7d38,0.33836140183065966
3ffdcb2a25a0754d,0.13712398179524826
95109279ae9a6a9e,0.17940909925657855
d6ee9c0efd68efce,0.1263744641184505
74c4894e7bd0708d,0.12539469236519168
d33fec8f45769c79,0.14873133583452927
8fa4532d6a6caae1,0.07404591108926091
3dff5467e3be88a2,0.1755179217516697
fc6d9a8363c4609c,0.07671221509145927
c9cec12908a9bfc4,0.0928132162832973
a971fe519809a939,0.09128501070477421
5ef5d379d20d65e1,0.1302009055594926
e3fb799669853199,0.1769573322260684
6f8c415e8466353c,0.1168393835050352
6a84824f0fe20d4b,0.10745546810169458
8cfc43e4b7c26f14,0.08895306574614238
de7c6a12dea21dcb,0.1777613215736079
d478e64abc5e2623,0.14529910157050574
437101bfe8957347,0.120229587690242
6e285e3b9740ddd7,0.1671009303390653
c3ad227a535c2fe2,0.22207208337481893
8f43b3a85065f086,0.19699178617725827
90aa3a900822f96a,0.15663087804100378
c9000a6868faa0ce,0.21716889196442166
32a000ae2024ab05,0.08270877098099973
c4605d1a5e5e5f5a,0.1476222986453616
892acb659d8cf3f0,0.10537609860559435
c69855f3bb4ca032,0.07020897776306913
edf73aedf6b35217,0.1092813799727308
8877ec8e52d1ecc5,0.08514713746062087
fa3630178cfa8ffa,0.07296388019064214
9f5f7129d1af2116,0.09918960634063298
5e7e17e9ef20547d,0.17908958314664103
a0bb691eee0adcbc,0.07297897692972119
47aa950ec1d03709,0.10607813442661461
89b3fd466c092666,0.07376874583005932
f58ae0404d156690,0.07458481048881804
766c4ba6be3c0785,0.14456535929753123
eb2e4b71d64f3173,0.20740707671889613
4912ee4332177555,0.1767486441692492
2bef19c70fa1eb95,0.08602275017307225
c6686c6fb6297feb,0.25255224198516646
67508ac580fa166b,0.1435545903271498
ff311f69cd822985,0.10113656645407498
bfff1dc879c76509,0.12478531277091968
3d1fb3f5ce631cd6,0.2103821783170648
cc268338bd6cf9ca,0.17311821497602564
d5798960a3e8183a,0.12442347926359111
11d573b74ae9ba82,0.1521547543177522
8c8705f908dede75,0.21949403122380784
ed2bfbed36ac2b84,0.15465012963582878
89361517fc2f10d5,0.21240250435049515
1626bf6a9e33402d,0.17814873795710426
549de17e617d4cb1,0.0726729024203262
241acccc8c4c5c98,0.20300247017392445
ea3cd2074cfdd18b,0.07304258488846296
3482477cef332442,0.17498401302772737
4f0e6d903964496b,0.0888254668008476
55f5ac50a1704cc5,0.1242653070962321
2754a911af5ae6ac,0.0864649656749414
f2e293367584282c,0.26798874363617736
2efb3cb92bcc9b98,0.07082562854908815
5896699316dc3ab8,0.10397598710564804
2d0483ceb9c643bb,0.13934629194355375
efc8974e6723a58f,0.09904198179388399
a6a0006f726c94b1,0.162655064705766
6f5c59612f3c92fc,0.3813092671062991
c78209036cd357a4,0.21970733486767446
db9a3030e417457d,0.07420446861356336
99988b482a1d195f,0.1884783895404124
52e13ab6586efd97,0.21214526808034573
3e8fbcc54eca7fca,0.10623773215632325
5bd1113a10668c30,0.09593316949786863
4bef48512ade85b6,0.07699605205789506
2882464c483cd0f8,0.09333839258057879
079b1ed9350bf75b,0.1511330734133369
7063caa968c586c4,0.09592101101622433
ec19c34addb8624f,0.10198990212093481
8cbafbdb15a9de28,0.10303981832064686
a38115fdbf75c1c5,0.14300743111570938
6d8390c7927568de,0.07629051230526702
00981f14236ef71d,0.20187995230866054
12f84fa2b4c572e1,0.0725511151191426
ca5bb700586628a5,0.0740834606800392
4a7058a9b89ae975,0.08931304985683494
878bc0b3326ea889,0.07362768773749864
57f748e3454293d9,0.13568808571168461
07949795ad3e2e93,0.15812684637639676
8cfaf8d91ea4f1c0,0.0954648929671998
0973b331fb200feb,0.41344600487059524
fe33cc8c6e5126c9,0.07961608296775304
95338421b02d6100,0.1848797410616575
6d14e413603d239b,0.16820298960731309
8dd0a5354bcc36ad,0.18691738980666817
73e26e96853b1101,0.07352258134614958
1d9173dbd30bfa8b,0.35766876691979654
b8164626d047cbb3,0.1545310749873442
0fb7907993c4b37f,0.2575860262234541
59ee8f98bf511a26,0.16401936329797304
0c3008cd7e493e83,0.2055567936018694
ca16172c325cea2f,0.07541558995479665
2bca85f81b167432,0.19783411995767114
22fee0166c140a09,0.22114266325860665
e2724c0840a5145f,0.11418030845351561
f36672a2c0e1cfac,0.07147713089388089
1fb583d94ee99482,0.1938931265430781
02f264a344c830ab,0.13837331636747183
4da6645d6969cd52,0.08762073507207929
44dc081e8f45104c,0.1496199035996553
2c2b2f0c44e4f0d6,0.09038731752575561
36b10927a5ef8124,0.21335242804589588
c1aaa1a11b02c7a6,0.09231594446459093
052a4c4d54a4bc92,0.18908371885362862
d52322d3a4091590,0.0768411597015578
836f3b0ea82976dd,0.11517145217758287
76fb069dc8449b55,0.1552467252490453
9c73e1140fc59c02,0.09080183270561155
ae6c780a01769bbd,0.12618084101376492
ef3be0cbdd14848e,0.07760706913070849
3599f0b9c0feb095,0.07119789297069028
88664205bb714f9a,0.0744493778820309
b978ad9fbc2debb9,0.15020511657374436
c82c9b618c165d10,0.10752234948096859
0b15c07bf352553a,0.18027389201540628
7891a28610913711,0.17140996329929753
ad4639fd4e49662d,0.0779404565934304
08bf7df7a564e646,0.10612984271961401
7ed362e9d16716d9,0.07838863171357735
0ad5b72ef7c0ed2b,0.12739739537523115
511e654ff2a5008d,0.1206624426148476
c2cd9bde4b5e7a21,0.17527436752028352
5b3e02e26bec5e7b,0.16257216335248706
89c64c8f9efcecb3,0.14239161512390228
a8f6c6e3e62d6b71,0.09260084316218137
019cc0b8962f5cc0,0.18372435658568753
bc4e4242db6ccd37,0.07580786348346664
3fff2ee4dbde3d85,0.11184206382311516
dc37fcbe553235d5,0.09821575463658996
3bd0b86bbb97a337,0.0929178385913012
4992d9bc07447302,0.09866707664971386
bfdf1c0f0ba7cdac,0.21681353700928552
a6ab2d1d53fe912a,0.07893798526657378
1891df3302c7b348,0.07537217653254075
b9959e103e10b920,0.1183927603112107
0ef3c10f8c9072d3,0.11613418632445724
a10619d97fb76c2d,0.07689159273468711
0863a38392b70b67,0.1069273847581829
60b64acaf466a536,0.17040573505059267
12e3e5d6d9c41e98,0.17965678685543268
9523154e7d045c29,0.19027756270652482
c75a93ff5b4249af,0.07667733571867774
254953a015ac6eeb,0.21723188595488274
800fca2f6db1274a,0.07453335872982741
495cb7b810650027,0.07696681955203989
32f2ab9bccd62523,0.10128809380355609
710c1a24eaeead5b,0.09119738301730734
bc05e8a0b1a36967,0.12180893354939556
7f9c858cee39c32f,0.10974957267350555
d943890ab2a0dabc,0.14830304031660552
e8365a58644b452e,0.1654386955337628
8b6555b1e2375ec2,0.1310609878720045
2d05b7a2752c3cd7,0.09648249039488961
cae674aba0ce36bd,0.1829661702178328
ded2185f98f5d222,0.18504171785079587
5aa4335a084d6172,0.1436025697305852
ea84e8283949a22b,0.1556706137654646
e05b38abdcb5ba20,0.07233972931958987
1a8232cb16668217,0.07221835323184432
964453e5682c98dc,0.11362243634350785
6220fee3bc1e75ff,0.22169905147867242
44c74ce2f7dfda22,0.23087812811834635
0e420abbb67f6653,0.3140499370283181
381d753868abf15f,0.08968852418522548
c90e0c45f7fc22d0,0.07233247274413057
28cc75a35f51a8f5,0.17672973752245483
3ec9f6c06061e5fe,0.20539793831853434
b014ddae55b634f3,0.07327220049193428
90879b42c1e54236,0.16338839236983865
7e62b4fce61bbae5,0.13841165085338633
6e384e2ddbb3399a,0.1160505847663953
6f07849a73f44a97,0.2483329488582136
f48a2f5d095509de,0.14503843603811525
ba999a22ce5b3fa3,0.35501111099498134
ba9181802cbd9401,0.19673801613289574
bd73bd26225890fa,0.07963027539642177
64c38fe6742e3036,0.0906749835450142
df243043992dea1a,0.14345869260845143
0119114d3ccf9eba,0.2151982513495543
f21453041c1dbfb2,0.1374591107430025
65850a53164c135e,0.08187778283090254
48527244bf10d792,0.10630530055126355
cd4848b0c5d09b82,0.13047373002279414
d29250c293d24f3b,0.15190485433617024
8e49853ead7a7782,0.08948955453642668
c4468c09563855e0,0.107635352973579
06fbbe29034b7d22,0.07460409437204442
85f4de85a28f72e5,0.22545060142966872
61a2fd323396df30,0.09809258013904702
57131a5c1fd27b0a,0.11120726456234509
97148caf47baee80,0.15390774712499228
bc00a7f9820c18b9,0.08353870917388675
0774fb3a81023543,0.1393286150011945
26fce92bc23cb74d,0.1588119196452127
c97cd71a9a738f03,0.11953819359677292
e241738a2d4f1fbd,0.19169433938628785
da7df03e550c90ab,0.11155591246671923
35c07da89ceda890,0.18634997896892813
5cf499e1908cd296,0.12317076690473533
d8e67e20d907c472,0.10885798945988093
f3135343f9e7c1fc,0.2249799230322797
35e24477ff3e4121,0.12299107737537701
ad3c1d21283a66e7,0.1442390380993819
fa88a2d04837aa67,0.1670337955589741
3d8cc5538995bbb1,0.07123847464286415
2cd57b0959ffa8b8,0.09287039453617386
abf05406b1a91bf6,0.39038547486930425
0f7b3fdc5d781296,0.20579975780762283
03365bdfcc4be998,0.09424875184559665
b46302fe840c3d5c,0.13234090511739596
b1f966468fc49840,0.10460485113416503
6adafe7e6a6e6865,0.22330747252993147
e92c7a5333472aa1,0.1516212863204836
7eabeacacbf8b37c,0.12524567197157657
655d9a938cd682a0,0.3629919832514325
a26607cfecac0d77,0.09334713736671546
8d29e784c2fbc4ca,0.22073160265990716
0552a72825b82f4f,0.09355709405896759
8db26f10038d6705,0.09611204502231241
0eb4f40d8b4a0e29,0.1032643281622253
a1caff7700882d18,0.20989816240645848
ee70a37197156928,0.07887608221266197
6de1b2f62b6369e2,0.19411378814762997
9c2d074867b45c86,0.09564066353813673
36c975ccff63cd9a,0.15111209008461143
eac85b26c054de88,0.16368993004841736
318d374ee2d57a71,0.13631654333523707
ea743176167975bc,0.12335158301975355
3ab9fd28956b4c1d,0.07734450795313502
478582ec139d868b,0.15703164911496276
fb9d44e71840eb0a,0.08794796534436812
bd4fd0a37b2b9312,0.14995513595458793
5dffe03302a0fce9,0.2741358441809131
d94e1f4138ee9631,0.11782336634912786
298ced22f474a1c7,0.13782730630537826
0268d1d90c8858ff,0.11460527117845681
84cf6eb7514ea305,0.08119819704114811
95d0de11255bad7e,0.08385178361907086
9df308f6f0758e94,0.1454142120693057
b0fb6fef1f3a5762,0.13377624879760613
3fe46d292459737f,0.07307484208023593
6bf62b52eaee324d,0.08420142371863638
8b6a50f8f0d1474f,0.19758709342087455
89833118f346eb37,0.08456864472122132
48fd781830adf147,0.22281847818890146
209845b666a00820,0.09624555239800203
f23faebe09506cb7,0.158286717112895
5f9584bc58bae0e2,0.07655047398373907
a08d713f9ab75910,0.14900383462381653
5c4f577995e30921,0.21152921396149338
db21d37dde61a7e5,0.11556411635841704
d22dc3977ccf9208,0.10923827378443393
d0fab5e12cd60c77,0.07513744463307578
5293676c6774f75b,0.07868448574274174
d3ae1f0b7031a78a,0.08667380366503252
bf57f1265cfe2fc2,0.10464194706373614
468b54d83b570a50,0.09384738536079713
134c07b69f25f030,0.13182077903834358
2cfa14158d7d3661,0.13431217568477724
a87b1a98b2c48b05,0.10524200739926777
c0bed62168e9892d,0.1425988178689852
fc44e0d5137363f1,0.10668009785453085
1247308f81ebf41c,0.071969224690988
083caac4b6cb4eba,0.15460868780504322
a9d470ae3ce0af34,0.0709678723148349
935c423d001e7dda,0.0966732824349247
d096b8795c71a6e2,0.21157455542636083
2acc0dd1e03e59b3,0.11682004754084158
bdba30d6e4c5095a,0.1037346155540182
57b0ac86659a9329,0.15379429419314386
23d831dd1ba487be,0.07312699994096536
628b14a47b392334,0.17137571713456612
76a400c7177ea365,0.10366913542548306
86ab9bf8f20612b3,0.11496239516618162
fb26e948e7444ee8,0.17596384345063443
367ec7e6bfbfc6a1,0.2775350971425493
efb297fa666f7cca,0.20242196183565286
0a0f715a63ed4738,0.11559008432338325
00b759c30fbbcbd4,0.2137859519917238
4c133deea22458f5,0.2238217711781586
b354cc89789a3136,0.15130687624555464
f3595bdad2050118,0.09284495630335374
2171a4f574746f33,0.1317109913721437
ce89301fff62a739,0.0874749651457839
f4786178a6026169,0.11656803054190756
e1db1fa3be2d2bde,0.135292534178325
05b896a0d6b00e98,0.07203694015812753
89658e4ea0b49c47,0.20837928894305896
db78c841ae5796ca,0.0924050164036021
6af4698b636d1c84,0.11048074034972089
be3f82b0567a0962,0.09200615371981966
1dbeb642447425a9,0.07331459576574882
eec325cdb9dc0154,0.15524779006597697
cab58c1297ee8294,0.11937272130352278
97e9bafef493dc0c,0.09870262557048795
c738edb5352110f8,0.10289862726081045
fe298587b58a6ac7,0.2541769229495513
b01b2bff457f7030,0.09827478370230502
599065c0cda14c65,0.17772604211503323
feb91e47c3d327b0,0.11241096021331765
1b0d5c427077f7e9,0.12893572752092533
6c1338d0338c0bca,0.1956834132817224
aec29f6d68d9e001,0.07344088192763017
c6567adae6722bc2,0.14226436295942047
c6e04efe9811e16f,0.08749439802390177
eb86688c957ec913,0.13727294235315843
a450a6576dc20dbd,0.11493249639124686
b700f2322066f731,0.21450639535275604
a4302475b7326abd,0.21091014998032426
af5f8038b513a4c1,0.10616688666825749
0d73ab8c4cb1fa9d,0.21378932772548992
8ca59ee3a85773df,0.07782803522704214
e3f7ceafab0856f5,0.08398454879879683
2445f30cdcdf58f8,0.1515267920323443
23b0f57c015407cb,0.08798139064584017
2750f1a3f3525b16,0.0739688410053546
4d1502e6806c5f5f,0.09875797240974019
9cd2cc7d553443cf,0.11319763525106946
5e314b952cc18869,0.10056298068504849
e8851ddb49233587,0.2047700071267165
6339c240bbb14c01,0.1099681669070228
196ca6bac51b24e0,0.185424251894252
ff664b7817ef187d,0.07180944593417901
1f50f2cb8e01a9d2,0.12236538126864513
f655a99b43cc6c6f,0.07791069570012146
2dc6d88fd87d67db,0.11550997624188312
b61c9fd4a46a6bff,0.07208615339020201
478a862e9bd10007,0.13105466575494518
0b9c9bb9e3bd1c5c,0.09403299293836379
8ba72175f80e2cb8,0.1111122894376255
80bd1c42bca86409,0.11963391381001075
ee7025a20728385f,0.11193103665613226
a94a734822cd1066,0.11808018363872734
9e445d829547acdf,0.1273078394838212
d08fa8b4d19b0300,0.20891041514336306
8ef8adecee83165a,0.18766993307415455
476933f8311d441a,0.15422309665806577
fd9f323abdfccd58,0.11339201312948177
fde943f5062e49d2,0.16961598427873098
32e1723a53483290,0.10580473505208085
3189ae9ce5829fb1,0.20390562395812778
a691ae869c7c7c20,0.22275671330442368
aec6a61870dceefa,0.1295551369278503
301339e42c2fd935,0.1396555718245607
33bdb599f03ad3cc,0.07380523400412085
ef958079692354ec,0.3531562727180689
6b9de167c2e2a382,0.1617669038189982
81a3aaebe87a402c,0.09268648899326286
78734bb73a549d35,0.14213426450925545
801a31247ebc0426,0.13169199146584126
703c72ed057e80ad,0.19542971631396322
d512ce41ff14126d,0.07855675289356363
b14adfc6f2de5274,0.12352148586515671
3ffc252e11d8a5c7,0.09046923569908473
dd94c4e414636803,0.10731439225885711
089a1dca65e44b84,0.12669970072180312
95e32e732db3ccdb,0.0984717972163357
aca38e8f736ef297,0.07323145333486857
78b2b40abd748fc2,0.15899210020088123
2595c73b081498d2,0.0839096706559358
4821901eb98463cf,0.16241395726151991
81f36fdaf2813666,0.0737668214968401
1e80444ce87788eb,0.1517231705863364
47c976d0b2db324a,0.07281258938442116
76e7956f7212a4d7,0.09320741370615787
2f42d37419bdab8f,0.25500482227356835
460717034c7c127a,0.18818832065592822
f46b154a36f88b49,0.14208273439524924
af4a2f1334861acc,0.21879589110515824
cf562fd6a1ec6763,0.13904578501811424
a58fda4597ded16e,0.11703350538422652
7c5b545797c724f6,0.19203713711354473
cd2d2cade053f8e7,0.1842131319189609
0d42478d5f847ddc,0.07288449149513677
fcdbc1ca107a390e,0.1964408336019947
4a6cd78198d5a5ce,0.19302048265770122
13c39c2f8d3cd810,0.07318820782928141
c79d8a5d80e7f04c,0.0729578490522002
51a701717aef4136,0.22253028267775168
4e8d630667c21f23,0.14450308372023507
9b8e9dc382061f91,0.09710071604970238
fddd94710360c28b,0.12480853247347651
2c33fa5f3f2d5e24,0.07523671113031219
3ca87064dc34dde6,0.14989078559385055
c9d8edd3fb7bf971,0.11775363185448977
d582a1a34b5b977c,0.2240631648734116
2fd593bbcde3caa3,0.21680432252904586
d2f2308d5fd09adb,0.09497639711294036
dc6fdbb3f28f8f2f,0.1701114703929335
ba8e32a15085aa3a,0.16386444757841945
3ecab659633b8be1,0.20149792396383984
80f14a6b7deb5266,0.10635568410522457
6809016a071b3b5e,0.16955038977526848
d26156516af475ee,0.12509733111932936
7946e76f5438edcc,0.16729704277475338
b11ee2ead8527494,0.16869057299335588
03e49d963acfe851,0.10334039779070926
4a3e2db752cc071f,0.24185523100588896
6e5157888073a37b,0.19513033911552494
1f7bd653103f1863,0.1270316623710874
5cc0f066c9d8a28c,0.1591336223132453
61240fe8a4dc9a2d,0.11926874090894929
ab6cae9885409088,0.347655464604962
c4e40432b0ffcfda,0.15141574054645296
1f7fbe6992fe8f33,0.16870367398483485
94953e6bc4d48c7a,0.11800111586651675
e1f4fd779b279dca,0.2156431603028244
38ccb655faf1cbcc,0.09421302850384107
dcc976ac3a08e676,0.07168167143337918
8a586d58683ab8fd,0.18685099544566414
9d1f98568599273a,0.07259609657474726
f5a4bf16401623fa,0.21261150109995164
42c6f25951f7db7b,0.09920575652696254
673b99f498fb7880,0.12529920297706407
e4f2c6820273bf2b,0.22947163948957716
8e7d37f34a1f3efa,0.21592875961389543
ec4bdd78abd81c4d,0.13823996732148863
a15343296b9f6f42,0.15488892101216895
dd76563555eb67b5,0.17065598442170968
3ce8de8291ffa6a6,0.21708226394741992
1d036919bb298ab6,0.0919345714868967
9579b233e83fe284,0.08437760552196034
be5c561435858f1c,0.2821950151813731
5cf1d9bf22b73559,0.1985971918053982
d5e3e7616edfb5bc,0.08017285697468422
ad00da3aa56f4d7b,0.08868692860549417
0ccceb1154debc59,0.16448897355764325
8e2c8545bf82cc60,0.22005286338605046
d62e1e8938e1c97a,0.24916581352031691
a8dc86e602a746d3,0.36814794715994437
c4329a7f54415286,0.12411531049778929
04ec4184a6a2f40e,0.17472867596638667
a8874aa6ff7ddd20,0.09856998644043338
c9a607048a5bc5dc,0.20835945202993914
002c27108f6666f6,0.10904969461139485
e4f6a20915cb1601,0.09748457891442505
bb014c28cd6924bc,0.16024055020931063
196e2f507f594bbd,0.10081474430529017
9f1be9fcf021fb5b,0.07851084946926272
9391d5f366da4c40,0.16640292741008128
3453a5ca3d904777,0.12818118459731234
686ba22e52de9068,0.08475390428102739
3553eafc050e9c0b,0.1609908090097251
edab086e1fc56c68,0.21583060838536156
d79a009be9287b82,0.1329736862924665
b86e1b1f8503684e,0.16445095779315494
9ad70763cc07c36c,0.21485429385155225
419885390abac7a1,0.07244267412727605
70bb28465e350bba,0.2173237379156498
d2fe3be15c7a040c,0.13662391124079679
df051580b1fd88ae,0.09058503473906579
799dbb3bc5de0bff,0.1783734952695992
c18575ea64f02a42,0.22457031570655833
bc265e458d29169e,0.20994058225735737
d59c94219a63b100,0.2049754921728096
0b79c6776df906c4,0.165475978068916
1bbd089c39955fe1,0.10919949021116937
e07ee63645347087,0.1337573189368871
6795923abfe3b196,0.33334155904361995
f23bdf1e94c91124,0.10284061373616785
a1fbaeecebb55865,0.07494010530841572
bc95d3915a49249a,0.12419311011537663
c565efbb2d18144b,0.21894818605490451
321866d63b3b1b00,0.1637143353467062
50ef5d8288aabf7e,0.09193444804399274
3948549457628975,0.1968000503877587
b958074c10bc601c,0.11779591450639902
f075bd7b8efbf058,0.14421532097514647
f05a42508ffff350,0.20326468322937077
3c1c900935bc3285,0.07524700012451185
cba59c1afecb3734,0.13523844585656825
013e1691ae9f7898,0.07615096153951675
ff4fafab1f01bf0d,0.20327912175021132
16a52132c026c176,0.10375591869720062
7e6dc3264a60f3c6,0.07714240915564838
fde7be20171bb23d,0.07506967053851743
4709ae8a61f423da,0.1778693601364588
f2f7edc4fdecd842,0.07311220135818289
81421fdc47bf7d1e,0.12482301601393161
e130b6363bcbe974,0.08884854268159235
8b5dc994eb4224ef,0.10813561456268972
ced09e40d6cdb2ec,0.09311287038394687
b65873d2d6509482,0.10740469754080671
d663eee7b55b1c09,0.09295872914046366
e8ac634318c1c070,0.16541659524831165
9861a481912689da,0.0768551395787101
c170f4b630a3b239,0.41503798925428126
31f66aa5ebaf2ad8,0.1477055821019502
31bc47bb1448c433,0.07378587216839688
79eacc58c9cd0f29,0.22248575394298029
32cb3b1b23ea545b,0.09300005932510069
89357b6904f7d6ab,0.12491980016098278
0d9d1cf89bcda082,0.19105114513181753
7c15e3fb5080a6af,0.10985333057126166
a8580d9f4b1f100b,0.34883457800873785
ba1c0d81b8bfcda3,0.11550131416957582
d5c76d632f469288,0.22981571994478134
4faeee72bb8b4acc,0.09100744275294766
10875f7f7d53acdc,0.09129137142681862
3fb5a4da63283ba6,0.2245080264901586
6551e600570cb09a,0.21618500155431913
6b4949612595764e,0.09940511232667518
d45b6491898d0fdc,0.09888064463375168
0c40fcc6d696a66c,0.11635103284117396
74607a92b5ef932a,0.07740031048206178
e7bf586ef35ff70a,0.0919267985154776
65e0da070f27aa66,0.09248373824532514
38a09fd79a425aac,0.12224355563993183
aed136202b0b58d4,0.10366496524147623
5f5b7b68b01d1299,0.420776776161626
cc5db835afffd307,0.11195809384629497
d8842b37f5416b48,0.13341176783372466
d8aee4335af252d3,0.10104344570038927
00494862dd9b9e04,0.13195555293056496
95d5441c82b1c46c,0.33681996666851455
c6e492bd428631d5,0.11101774232295553
598200ada2678880,0.29674143434109085
8094f4dc74add0aa,0.08168416687541198
6831a0024a1dd23a,0.07634232644815096
d56926e610462f66,0.09078446877720268
bbe39148bfc2e434,0.1801563795547572
1a07a83f589de802,0.1407892441134151
8210d5a233d3d65f,0.07220323606236326
ef4e598f566c9558,0.10069565660740074
c02b919584ea5cd9,0.08822462835824653
68bc1f08eb5258a7,0.25797344623354285
d57a9ae04f68912b,0.16303489398556562
fa41a48959374ae3,0.0904914122399634
5e725dcb74b4e75e,0.09135673919488552
121dbf76a9cf73a8,0.21400476910054797
a2383e552a5f2313,0.07858563964341096
378738808b201e0f,0.1103894508617812
9642ee1e267eee82,0.13018717432014962
e55cdf82fcc57177,0.09639548159727021
2103c3d1e5063e3d,0.08645018125935885
02004dc8e2729e0a,0.1071718753737729
95ae4af4bade5009,0.11558982702014417
8a4e103c92d62a5e,0.20400335723804963
c4414b2ee31b7e94,0.11576389771111367
0866387e16259486,0.14482990790533234
f0b7e616767a0197,0.11800650883901824
a86d2f80a3468f5f,0.10826535474786994
691f9a97e9645bce,0.0736762045207107
2f2e7662f26d0933,0.09871007938688571
72cbdcef4a6b4f07,0.15492358122690766
3ca15eac9b7ce8d7,0.1613671335984049
d9f713c872a26c76,0.14137474994075086
38c5cae3c23f24a9,0.08966522143163795
80e12c9a6e625e7a,0.21134274332497405
78211c4fb5585628,0.20820918731695437
59e71eb2f5c7c432,0.17801893532080898
b7abc4b3e6ff0e3c,0.08057823102921195
42eaa77ee15f2ca3,0.07256043306984766
bb8ed5a0931148f7,0.07663610076459633
2ca7468532706e2e,0.09418541776777845
98791c70677eb76c,0.13726852930623087
e7ec6ff3f296ed38,0.09649732544503595
7845f67130f900d3,0.15100943945481463
fcec4d0ce44eda40,0.14303214589729818
0ac91fd23085433d,0.17406475707910118
ff61891d90f930cb,0.10045853950824433
41fb4a2210a6066c,0.16934916326926439
4c7ebaf834966e32,0.07180603315926731
81aef88d712fdd5b,0.11517346191631922
36b0ae34db90ecd7,0.22089195063139683
72fff2ad28f42426,0.16481838331052262
717207649c078f67,0.08230707044385653
925d6e357d7ec158,0.1886089906345646
effe2d48627efbe4,0.11374828955304427
0577c43390d4bf43,0.4671735753548097
546cd9bb6f2ba820,0.10556278866612118
8a47c92c6443e7e9,0.16561394149827335
bc9467bdc8642922,0.10989836006270307
af91160b63f1bc90,0.21050787745137917
464ea9bea5384944,0.15328565268353295
b838b4792a3c540a,0.129274127183402
11fd6e717c95ce29,0.17829137434621237
b1e2e5a1c0f42f8f,0.13394291093626723
222e74272be1ccd2,0.10685471508125641
21a85a0b474e45d8,0.13109887872127482
5c5c76ce21ac9a03,0.07587914158523026
98c3f3c5243d4fc6,0.08324918480979898
745be7354fe05a2c,0.07165720341437487
ebf17df229daa6aa,0.13401477744525864
14929f1035ed296c,0.28612596018093833
af1bc354186d653b,0.07270283356060477
88e44f6549d78a5c,0.07795589474440816
1a5119861af7675c,0.0822552803316132
4675a1f396e095ac,0.15491189830575178
306fd63061172f24,0.07246304523911183
68fb9067ffff02de,0.20340605714466237
93665736b22ae558,0.11311891297817335
2f3252e131fb28c1,0.15461009363626682
a90bb7ef537f3ccc,0.13577348386831148
f8c47e6a1ab0bf1f,0.14121770407165896
7f335ac0ff549013,0.08996946854750613
e9c7c37b6584e68a,0.0794010719459386
e2f8c99b54c930c0,0.07310539633089175
4f0ffae34b450b85,0.1632679194047792
94e27d2dbdf9010f,0.21436802012420803
db05b31fda1c2b1b,0.1361830344319507
af64ad7d713d5a93,0.13037692996657643
4d1462da71b0efa9,0.08210286464901546
04fbab7984c52c30,0.1959153573164285
c01a62e78e6d8a2c,0.13771650573912406
74f8579fc40b2d7b,0.0914779300805239
0eb2d3b71cf2b61a,0.17990537032311854
57788504ce4c82b2,0.1657136176287297
9e7dfd444a9f30e7,0.12988563344531512
0cd8b38e5a4b74cf,0.10108115972362314
e8c1c982ff8a6704,0.11808943031025879
36bfe943ee63fe65,0.11744717260004456
998d9f62a717ccd1,0.07539812606612607
8069d4397377adbc,0.07648505637223706
ba8f312910226da5,0.19587306899597623
37faa0207a18eb20,0.16916652986344977
c16962d752780184,0.22962339479171706
f1d62e28f903e96c,0.13523322501809146
8cab416d1f2bc624,0.18175530069188472
b791af74c95ffa06,0.3022517343247758
05b113e465a98080,0.1175350584538229
b17d9630e851487a,0.11668019127632315
92981268f9d56f38,0.17386631567699942
76775e095989aebc,0.07402044788297373
a07f4266c4b1cb5a,0.08605562364573512
7b5b1f94772d1b60,0.08975488092201658
4f8ef604a40bca4d,0.09077904668591201
673f3a4c0bd90267,0.09342217948440278
58139d3ae9373ae0,0.19157997296974966
c24d1452d22e8db4,0.1420205813084062
441d9763fdc1b0df,0.23457678394485568
d2987a3199c1109d,0.1581427074197571
cab99a91ac2562ca,0.17591009624276083
df1222f0cc1e08bf,0.13556594484991247
bdb610f14d1f9c0a,0.08118317563982884
d63652d83092f4cc,0.07675332242158432
dc121e137a206780,0.11678815811371175
e5fde6a720ffea60,0.0840944082620642
52f7118d77a951d2,0.08519990361679243
1b60cd7738483c77,0.17300097351688465
c7ef81c5ec66b855,0.27557485356526507
42a4005911b6abb2,0.22174663722205182
926e4ef2979d43ba,0.08232799962683626
936393261928dd44,0.14940769813299332
90b3943086a67cf1,0.11471051401501829
80b6c2497708cc79,0.13039512310828988
dc880492a16f61a0,0.13130041295353406
363fa6d193ea1791,0.09009507138976493
11443cec444ffbdd,0.24885207015357275
174e280d8c42163e,0.19649481498280524
d7fddec00bcd1345,0.12010020866112525
2f2a0292483de945,0.25521515674785067
2638757dc8ccf105,0.07410445325800137
af967b1ba12837c7,0.1134975657747129
6cf0ebd8925305ad,0.21720912604568154
0307e7dd94f223c0,0.07174124624108001
d86f818a421d896a,0.19963367990760952
95c76aa135d94e8b,0.08608137827764786
dfb2dc72331615e7,0.20151675432774274
b488c877787792d6,0.12702627077306977
5864514fce7556aa,0.13948254194134982
7db51b9dfaa6c3be,0.07236663027559019
475afd5ca8082909,0.1472213539386176
aef3fd34396adfe2,0.0772289907679752
e93ef7b1eb85a270,0.1104757905385062
e643f5e629c7ab40,0.07283016601582232
e9234451a7ebfa5b,0.14437053823853885
e8b95693607a1af6,0.2541857583541677
362e59ee5f24ba56,0.12233553065993295
760d3c489cbc2365,0.09283482009572142
cdc43a10fec587b7,0.2091699984568849
436bfce1b2e96ebc,0.18674674130955632
8364b88b9aee50f6,0.15235659472756657
49b33a422ea5bc22,0.2965358215422422
7c87edf2fa4449ce,0.07257853110450237
ae4d87302f77418e,0.0950384414607644
80504f5553a663cd,0.09241951335484375
285102ab56c81c9a,0.13212038050939443
ce75929520b6600d,0.2159497677690464
90e157fa590bed49,0.22130465327090548
72308a9b8ed351ac,0.19068699584908552
67da97f4bf5a43aa,0.0787574503095047
7a2c3503f50e758b,0.16060591149283585
7c277b093ca6e70a,0.07792102139599157
e17cdb698e7793a0,0.12747227932588165
304f33ed70c9905c,0.16414227555050043
f671940234873df5,0.16709833294053827
4c60ff51f1a98ddb,0.09920482871906643
357333ab581b26a4,0.12678288904618215
c12b50c410a56d62,0.07739004162679834
280ee73ea3f9a150,0.13854091781793682
9794f61f2b35c374,0.0831034578390344
99bef954535737b8,0.20147758246776243
164deb1fbf6d3d15,0.12586821134921655
17f64dfc919c257d,0.09344102518274129
177f1a78be284fe4,0.10105179195257942
6575a6e55c3aa52b,0.15965728244845603
e1ceb3cf89c78b04,0.11571836059410409
2787d14ba4491e60,0.12833799732503232
47283a11f402ab9e,0.15619045631215794
3e13ab75e759c66d,0.18818516995629297
565632830f202280,0.15000476601797888
c60dd36532e24523,0.1558033636150226
1bbb760f70ac35fd,0.09447979697349995
5952ee73f64f8e8d,0.12895317001134798
0d2e12deb5dc05bb,0.11624140651365113
93cf50cff9e70197,0.15592029942280464
71a0f1d3a79f9279,0.1178178009367351
ff1b97bfbc1de495,0.1726210074811356
152d66dccd700ae2,0.17195239168105309
af9475d72cb09bff,0.10183093601006014
50c6ae4f3f0c520f,0.1878128833544495
53277c274f93827c,0.17463045024648172
65c28bc2a138b604,0.19263568227852157
ab3f36de97ff5288,0.0741462141127328
6e673b3e05a86556,0.07501356023633787
29ade739f5ac47ef,0.1455216015713766
d6c96030b8564b06,0.15397830270416013
5ffe88ee98e246bd,0.07479863899466921
b75847a46dbc7758,0.08685382193148347
fd4f072e7db648e2,0.2127296414012848
3b600a791eee47c3,0.13258205502225723
3205c60644f3310a,0.07940711738172049
37edd7d198365da8,0.31241052982132167
4aed77bb42b6c35b,0.07187552368658436
70b9c5d2c47a6231,0.18952323919366337
5aee71b30cf4e773,0.07257439430739257
3b6034955fe901a7,0.07235488497149348
53f7e37ad065a1ff,0.1649666473545956
8249af221f0dfc62,0.10824683705008693
4a798f098b3ac80e,0.18869850559776738
7859a3365dc11f7e,0.16458759715751056
0d6ab61f58e22d8b,0.10495561587603179
d90f47b845ad8044,0.14111803466438588
908f76b67c5d77d6,0.10929954219926316
2e13d0c9efbac24d,0.12159135140490045
fbd3509fdc1e2fe3,0.07605149421183995
d0c07aa05dbee8c0,0.08646853670006385
e2066400c0c997d5,0.16675048588767924
9d002016fad484c4,0.44301920642645837
18105a09ff042e04,0.1187125804913014
97dbf62f03867f4e,0.11894906951670267
008e7b56ab9053c6,0.22743216371417116
e382e61b69858e84,0.07100392477650126
a02b2c12a9b232a6,0.1031950151968405
5d4eefc602f1a815,0.14561231088953314
8c8faef5bff7b3c9,0.07581350170580306
8ea4fb1f9e66fa76,0.07300382895585814
22a32bb8f8bde6fe,0.17927493781146311
6a655866f90d61e3,0.15240832361480547
b15548596622ebdc,0.07945869919822124
e6426b5a54e4a972,0.17457572343063524
2bb1ea15970a2de4,0.08338955453816418
5b2c1fc3ca8dca34,0.08129090588916249
b26bc3d1078e5a5f,0.09121605326293972
9db2f38d40ccfed4,0.09418972798947889
8481c054b0537a7b,0.18325833288043725
c4016925a614e39a,0.1591456322222272
a6145b00b87ffbfc,0.2692021918726815
856c1f1b7a16dccc,0.07491745639937747
5db9aa657576b123,0.07183457527696413
e6c91e69fe022b81,0.4254935865508107
18323213899682a7,0.0752386513178666
84aeda77a9eaf7a8,0.14800108326530625
60aa7eb39a1066d5,0.19848012101078075
011908fe41b2ead8,0.287308035043168
95a236faf4cbd0c8,0.16069699495055148
c58d93928c4b43a9,0.07537513192822601
e3d5116d0ddea646,0.19483177169996552
3d33771711b587e9,0.16223141507730157
ca902179e21ff302,0.1761527942386125
4b2142ee3d149d15,0.11050887865573844
d78803f699e1394d,0.1621634549388356
ef2d9881a6438977,0.07413946371525051
3b5fc032ae2a290c,0.09374603483729227
9d5473cf79999f4a,0.1457376740505063
9aefa72a94558b66,0.14626893154653828
78cc36a16e5afd3f,0.10740598094338322
0628d45dc33a5639,0.18011611863036792
bc63ee6da23c5dc0,0.2114003802210671
5a69761001b7342a,0.12330256902500561
f5384c1b33a306d5,0.08845856544054319
9f4fb39fb6e8b6a8,0.17898888815673442
f7787ed37e4b9d05,0.1618801098459472
eecdd457b6c7edb2,0.206054372863669
f36c01f2f7fefef6,0.18394415379741036
abe3d414c510a7dd,0.1198572751239432
d1f7dc9b905e0fb1,0.08466265768723504
a97c23cf1c8d474e,0.11503421868664879
fa77ebf418dd2361,0.07670196918118938
4fa91df3f09b649a,0.1872127290242737
4c40bd5075d26ea1,0.2112423567133281
559cb0c10ea413cf,0.15345782697812796
b07714f5d0a305a3,0.1734518389486423
ac26d06332fffb35,0.08887715005462019
f3a18a7976f15c5b,0.09227072758550285
bd610a8daf3173f8,0.07154140628427035
b4db2ea448a373cd,0.07460809838532609
a9e601aca0377220,0.16620869626452664
7580e5af192dbd01,0.30775486476017816
3b50e09f1d1584b8,0.14085129034002297
e752099897ef3c84,0.075267446627861
9e556374eb31bdcc,0.11522784654717645
09bf3001382d4d51,0.08645300501786858
ac4f9d21db6d0551,0.11893528566171109
bab162c780dd5d3c,0.12140460271375605
1ac05275c95e2b9b,0.08655955543583578
ba53d76ac3815303,0.168615585502415
731194026ddc8a00,0.20483401211036992
565ccf55ce0f19b3,0.08984232949761027
c610846e274513ff,0.11501984398206143
4f2f55e6f8f022f8,0.1159033494475886
171594c12d4f22c7,0.07335272450105797
fd9a29be83f07915,0.08783266287554128
0e69e13d2585552f,0.3211232545299197
8458a25c7d299656,0.098558397389747
36510a7e2e8cf5e6,0.17854262982003355
4c689c2ab0b1e458,0.33344659725150116
bbbb01b896a60659,0.11139580782053773
95a6091ed902a1c0,0.13880008369844857
226f1fdbdf45c3f3,0.09132250243011099
b3776535f92034c1,0.08274892962565496
e136a41bbd9d2ebb,0.18123527386039762
2acab7498f95984e,0.07858342883873846
5a97d6bb500166e9,0.1180748472477019
53ad75887ce27a2f,0.07613851578368391
4bbccacfaab6a76f,0.1451494790272231
8d5dbeff654a20b3,0.07303716915104125
885918cc4b58a92d,0.13107103619184632
c33b954ec9e9d53a,0.0794146428390202
c73aa72e6960366b,0.13549500320852195
28c265c8e738031b,0.22143395005560643
16f59244fa16b9c5,0.1769146062936728
ab1bbd20f2288ef0,0.092022641999593
21ce9f486720b00d,0.14602306439726662
ea98936cd5a062ef,0.1357510755573688
092b99905affadc7,0.1833933328013081
f8a1935cbff0e3e2,0.14146381184575949
557ff2105e2227eb,0.0747072041632928
e28b4c1e7eede953,0.07732282379770798
afcd2875196e3514,0.14959064584673426
622d0c5c885e5d67,0.12941852902855078
5ab123deb8c8e0b9,0.17938606193684206
d70f7077ffdc3675,0.12957084414523343
ec0e23575480409a,0.15180772337417683
c42b1312f2466d13,0.09304341489102161
58f7c9cedf508963,0.33700907379430034
483a6a2fc6820e34,0.09333263471126661
9a410bdaf99ab250,0.20343266566811935
27d8448c7743312d,0.15116386437871238
d22510648b60b80f,0.5479361021198608
cf71cc1d5beaf427,0.19287072346743292
b16d96c422e7686d,0.16488877839267993
f3bb00d62eddf347,0.08036171486053868
e7ad214e8e1b87e3,0.1509268164028758
a149a81fa46121c8,0.08755751743687702
954ac0304d013ceb,0.18510952946811213
5fb61c8caa291bb7,0.08680856344455916
b3e6b65c022e07a8,0.18058139530378386
014590f5ad393d98,0.12056417795971704
fd3098a48d0565da,0.07212885784180266
597dfb91140f7a43,0.07628967939452241
29c72ad86d92588c,0.07730718261550443
46403e8726688e63,0.07440199851335748
586f9bad93615a9e,0.2584000870579469
518268ad7eaad020,0.10649503859761714
eb68006674ff7853,0.14828845463749302
829bf94f3c7511b9,0.1156958454527634
472338feab38fd63,0.07161468822566401
e2eb7c00452da3bf,0.11927190382143499
264d5eac0a3db4c1,0.16605493312039207
5dd40ed8f6931f40,0.12931044334877162
ea07294f7b9321f6,0.12286361038359025
800d5b199211d908,0.08019952359376484
c26171ff73291cde,0.1947770508339592
9b039401395029d1,0.09430601529196275
149773fc93e82e0b,0.22155324535849152
377962b226c4354c,0.09420110564169197
b33ace47f8c9cce3,0.07396419270669781
5898aee0357167ae,0.09166347706881939
5011475bc46160b0,0.09164350414191752
49403fb05b28bdc1,0.19658460353051804
d64f9b8328cadfcf,0.1836368421975428
8347b5a18bb84a35,0.1088386268366815
a72c9158377598af,0.11343855570544623
346932f67e7d808f,0.15668227133775875
e4962aaff0cf97fc,0.17090365944826846
d63549a6e599cc24,0.07183761861831262
d013eaf626e99575,0.13434417897756862
a7c0072db3d224b7,0.15502660607956625
b87493b15c6b1e21,0.10530787815592772
cd6d6ab0bf1601eb,0.1254829318934334
fc7b0d78438f45bc,0.14874942619959874
b53e88867e63ec5f,0.1275249823387403
1e1e7de7f17a14fe,0.11646714777396265
fff1df28cf047de8,0.10905930628239954
9a4279b8c94a438c,0.07474316868602052
d1a19d29c2aa4b9a,0.17653685082486648
ea65ca7ec57132e3,0.1671134211505409
35cc6e8b29ac28d6,0.27211817958747764
35cebb20cef64701,0.1803197288006707
03c27c6fa94b88b1,0.07734728268720674
654a7847a4c3d0a9,0.28431947708667193
d82da976d107c4ef,0.21470572029966753
0f7cdda5aab7cb9b,0.12085089844735157
511e61b096246922,0.09782924664500105
9bd56be8ba9524b8,0.1978031935978687
08980e1d210b6aa6,0.16704455623708026
c84430f350b3a159,0.1155528965260305
152edc8f6b8762bb,0.17514710971740893
a4a8682aa22552a5,0.1570853050095431
5448387d25232e4f,0.07327812293697718
86b5af3c99c2229f,0.08123725344946581
a243c84e17ad5313,0.1505962354397053
1cd4111d9e2c14af,0.07339319007431712
d6596bfbfd4cc049,0.18671026230089566
5f6669357f9d2602,0.17706513926673084
8ce4d3415fe4440d,0.13338036701061665
b7804e0aef5425ac,0.07570644958224708
a68ac8503924dfd3,0.18676347367330948
0ee54a169cddc5a0,0.10579423996771717
91e67962d58a2196,0.1259429506287789
337f92313341198c,0.12470296939006249
62fdb17735fc24f2,0.09684128771736017
32070e417cceeade,0.12911434005840425
d10e86cc3232dbc9,0.29081922926710846
9e379ff80b817265,0.2008874766329667
cfff3503c56dab5b,0.07341547625705015
9f21d3f021ded79b,0.09476569242853147
5fe69ac7610324ba,0.1338637877741561
fda80e0f061a2a2b,0.1270772128292783
e5f50a39b4e83fe7,0.15170716530606992
b7ac8ea60b369ad0,0.07651121195788714
f4aefa9fc2e0d241,0.2848955792189143
0f32bcb05a22709a,0.15598296538935028
13334ae771ee01a2,0.14845827971405734
d2596a53564c0b21,0.11686217596994616
1a90578444c1c9a4,0.09457784262571266
38767f6c13ad1bfc,0.1202150569914105
8d312d36ba150056,0.09122387015781015
c4e9fb7cce4bc726,0.13023007642792403
9ff220beebc71a5e,0.08069759778234746
24bb5e20d933da44,0.12841462461095218
42f6ebdc63da37de,0.1383888384724308
39f065a3b51d8011,0.07721230821831249
adfccf4de2f8f9e4,0.10926030152395066
bb73756443a5eee4,0.11403307623135295
0d9c7ad016175e4c,0.12565602355352246
01d6dee3fee929b0,0.07824145631959806
4c94ce26b7eb0794,0.15637495100530494
184edb2637a41d50,0.11141997951426151
b14c8ed6d2ad7039,0.07179407904265864
efdd1d7495765245,0.09334728560549474
affe3b0f590fae77,0.21341233361993261
3edd7de677b91b05,0.14154273961779681
ba9e4528463c5dbd,0.11110849054800216
8be8330f2029f548,0.09761941465975904
df6e6d77a02918af,0.09678091996635246
33d9746c24d2c070,0.13848376081126387
e51c785618029ad1,0.19645626367867514
d53ca1e375f1420d,0.15962840457743563
d4133e84363708fa,0.18828872059905843
094a4df459f84f9c,0.07926891602939659
c95b97cbc9622e38,0.07780482419807104
8a243d50081a0a41,0.1656430152916037
f6f2fd05daf66b4d,0.07949188955945749
3b5e52e54ed29ece,0.16469395354393745
144d292add5f41e9,0.1509056866370262
49aedb77fa2fb4fc,0.1658372623247899
81e5d80b657413b9,0.17587953188201622
fb21fa126522b6e2,0.13535173169358178
3451b921fd37a93f,0.16859956011305371
e25080fc68263c8a,0.21580548593396914
64f0448c8bc4b1eb,0.07297545870659594
ed89496194aa19dc,0.11547405409209152
fb22f7c013b24779,0.16493584919778445
1590a07714e8a656,0.07785785625402701
54ae2ffdf139cc38,0.07677147967696214
96bf13f3fa835169,0.1312052307565744
559cc1345795571a,0.08886643192076171
325ad194b9f588f7,0.15982664898645366
13ff609306472199,0.17677200955693567
3c87f31b6953fbbb,0.07345454870244242
2dd14f20786549ef,0.12743518139727786
be72fb5da729ec70,0.07574454790755214
dea2b01ff6868477,0.14975219097691664
c7ffc036c6fcf66f,0.15266827878955938
67b0cdefddff90ef,0.1526223507842392
eb949d7c7beb6354,0.1318322991897348
72dbbe8ab710128c,0.15024436310784675
fe50a3aa77d27195,0.07325617060007762
b7dea5f446a371e0,0.10456153063593157
3b6627fce4fa7c6e,0.07271096232115769
5766e8d8c783a487,0.15293725327719906
818813e68f11c85d,0.12788686237183194
4efd1ededeb6af5b,0.11716447773133168
7339d8d336c0728a,0.1167716649137192
5932b86b513569c7,0.15523661123586366
667e3c34655efebc,0.18281799302939367
211cf2ea67620b3e,0.20401809310072383
73ddd41ae18acb03,0.09813217961869045
b7d7b9bb940bf7b0,0.19893283925624305
672de9994012beff,0.0989914245208283
1fcb989eab73caf4,0.07247795474100499
1a8eef4f4936cf0b,0.0984918853312777
181bfbae0ed5b503,0.07275635484652651
0144b06a9d5772ce,0.22978446706579952
a6d79b35c359d2ca,0.21043562126386797
adb1f5a83ffc8956,0.20743893944903102
7fe7578307634c36,0.26456486326899115
ef916f6bd9bbf8f3,0.16584284775424082
261b4b9303f16955,0.1923897360438373
bdd3d57f2dcbf24e,0.07855730384709066
87478ecab9990b69,0.11528701638003988
00903281b49f7885,0.39326735638441046
faa54ef489380476,0.20599057896949785
afd67495e65ca43e,0.08600614103081013
3cfeab5f2a521bd7,0.35111295317014024
f889243e554a57b9,0.1820687985402743
1633226e5baee1a0,0.30611031274362327
09429539f12260dd,0.09594103139895471
4642f19a02b65fbc,0.07954258603726899
454379600a0d58ae,0.15722383652173164
806b67c9407deaf5,0.07638502709181907
64147a091385f1dd,0.08301647019743782
410684a9ca496c4c,0.07823053917867397
198aca03e558bad7,0.07612713456124416
19112c76b72e70ac,0.08127932832376791
33cdd595d6f64465,0.08819567572123652
b678efa350251d1a,0.23262861773134325
2773ef74c8379c3e,0.19581980311688763
21a85668c56f4a28,0.13833439532652203
ad44c67c941b730b,0.07566308281365143
afafaec6ed7cb894,0.17718816896339507
7b2afaaec11da7c6,0.13150383491158169
14f8df83cb5fb959,0.1710999376979294
2fa6287a9d075ec1,0.1159628434652551
a20301029a5e8b78,0.15918781386587377
64c226150b42ee5c,0.16356193357241838
7012b66ec38b6038,0.0718224797062838
334a43b3d7746442,0.16009488665604482
3e39b50358f01b64,0.1434510501542581
dd424dd258080c0f,0.1273417850044743
b6815449a050c02f,0.10523113795646191
786b0bb1d7a4dfb8,0.0796781872797425
bfadd1b4779947e6,0.2352108045522736
23bda92c60bb92e1,0.22501928906447236
20f374eb224e1a7c,0.07646774237259318
04bc6e2ce35edb4c,0.21219762700731443
f5fe2d58beb86d40,0.1169073311419991
203f3df885ff03b3,0.073237978970507
ac5388e6680db6ba,0.07644543531192381
20a190db150bd0a2,0.10296059249739153
03b8f432ac8e3226,0.12752437427036595
800d13aa581dc05a,0.18804794575730746
32ad97494e39788e,0.20381774186760265
762f69f875d0a0a7,0.149166936663281
7102288564065a58,0.17804158709189427
a244d35bd0a46b86,0.15565776101339357
9fd85d10d8d80cd1,0.10222480646991422
cd37f417a290a412,0.1814497942325863
087a61efb373df95,0.09140918071593523
5cc1bb67fc9fa495,0.07307565197002266
38260167161be0f4,0.13333708069672923
377d6156aea5f7b3,0.16560677992716005
de73631ba462d9d8,0.07310377611175982
c6ad617675fc82bf,0.20939810513502133
53c0301b075c4edb,0.09821852791867275
d5d5bb7bc7475a6d,0.10453013288218496
2785f7c003032f79,0.11339699578474269
bacabfcb41e851d5,0.22573956819721588
930620d9c45cfc16,0.15610505346816636
a2253bc60bd26111,0.12426906043937008
48be98b0da47a60d,0.0759847774886002
4192611de72c647f,0.20330783120344662
0a3e55a0415cf1db,0.07180231049245113
94a41eaf6c166f8a,0.07547188769824105
65c588ff0e6a0940,0.14612325616567098
7316f0f5207cff7d,0.2096708698292009
fb48d6120d40241e,0.07323028977909975
83e835be4b7da5bf,0.09732280353123755
be007ff41dfe8e33,0.21649552452265036
ae762981ec3e2222,0.23778569495976648
9cde4da63a470364,0.10283799066158907
1e641e6a0e15cb0a,0.3081038797170883
f1e1bfceceaf5b3d,0.08328611353460158
b33a9dd2d6116451,0.1454749839482882
6a00f8682a96e6c2,0.09920762525495908
4889bb3fafff04a6,0.07812420214222968
d83965adda3948e8,0.18921824846386712
35ebd3eb17d43331,0.17817047956901486
4fddbddae3f8c321,0.0907052820204001
279f5d02ec1d4618,0.1833926676043186
18dc05e08437b19d,0.13526797156589937
fd5e41a3afe867c6,0.1113955821614192
4dfc9b4693d64425,0.15093669696831533
38efe84b2371909b,0.07282225033473047
d5ab3634461fbdba,0.15772407465249097
88ee52d04ccee47b,0.18681739837103423
311d0a7d1bc40182,0.12400657524459714
ca3eabbb86d9d394,0.1495227027668428
0839345320590491,0.1100276000576504
3166da0225b35bf6,0.13376810788863577
4fdcce92f68b7529,0.21112711018740132
4c0a03f188fa9938,0.11487910682339342
efd671b84d562241,0.07505182796628551
a1be96b06611a4a7,0.1210480737278967
7c15209ba7808ba2,0.1885731514253326
b4fb7e75679d28cb,0.20274898564195887
095adfc07a65ed27,0.1201627071305356
a19e6a028348c708,0.07204689474723908
bb5e510a6639b43f,0.15588747366141975
fcf27b9cd834eeab,0.07559364155984241
dd9e809656743e04,0.11694777791133071
9cf20fc9b8513a03,0.19819238826245897
d929256e10f5e94b,0.14156792383119246
c7372107d1356264,0.19665115262176575
fb002ae965e2435b,0.11288755015317714
891d7ae2edccb735,0.17804815781718045
33b3795f9d4a8ef6,0.07245013755122832
bd1c976bfd04983e,0.14391834420385888
22d26961eaf80875,0.28019424255540976
3267d0aa9600286c,0.14800224453257138
f85b98ab9c2071aa,0.07884527279657931
4b4c86d64f258caa,0.14579307797466168
af271d6d690a0b0b,0.0738305066515582
8b1bdd0f68e6ab19,0.09086749240226716
aca740ec2df56ecd,0.15510005222349701
66cae06936335046,0.17425033997170503
8aa96ed1f09b6e82,0.22210368071059075
fb089d648c0fd719,0.12325472540900137
b3b39f3310bed9f2,0.1310215110241436
4c9ddb6a1c08a7ae,0.07180103146276516
8dafb6cdb58233f8,0.24911415352001692
8512f25e0995f115,0.18097329286774103
3e89b24f6780dfad,0.1429681672731186
811b5cd3d60f8f01,0.13780999095066215
8cecb78a9a20021d,0.10243706967540539
c726d19506a1a864,0.09486704406724839
bb71d5690f654fab,0.17049240842523505
01fddb547603eef0,0.12530541711172719
c6592de36f791128,0.10874718472447736
ccde7fc6a8ec59a5,0.09355402621991489
ba6d1493e3a1c1ad,0.16237616997944498
7dfaf88276d52a5e,0.1782341567319924
c09d65931e21624b,0.20725578249004967
f9544a6dbd4caa2f,0.0755479938811704
b374ef23d5ca3b3c,0.12404924785070473
c51f8b67a66b5aa4,0.3374526665578824
4793cb7dc1d36c4d,0.17496735485188647
c4a77a4226cf0e3f,0.12394440412506505
11b46e06959d7824,0.20742989552466656
75083fbf03436018,0.15715162346386527
44cc96b7436e60fb,0.20044125444182626
9c78ab8c7f52b1ad,0.11435979691742107
27c3ba5b3d6374ec,0.07782392787525863
09bad77cec8a0ea7,0.13239592822976606
7e5eaee69f7e8e60,0.09049451421404389
9701beed4cb2fd40,0.07386883479088319
a886ee5f5e57d356,0.07224159306984865
43322ba6466f83ae,0.12296250970723593
39ac7a6c910dc826,0.11699855033187333
a7624810eab99b39,0.13205043547374307
27ce336c13dd7f0e,0.0884356396396095
35ec56371ec7bab3,0.1763849575911751
1033972a8d27b8f3,0.20437246415754606
246fdf152b78ea45,0.08171542276154871
67db089b7a0697c3,0.0742092847215471
51541de4865fee3b,0.11366241878582604
2e0ffa5c733d2a47,0.21953851586578832
c307a7a1d2e93ae9,0.20545309024144062
60775afc974d2192,0.10889321412243538
1af8370aec8adce1,0.15986810897284195
7adaed59e375f94a,0.10114707908432133
d3f971f17d9ab0d0,0.0793531194328487
f1eff57932ef0f4a,0.1366096113780261
b41ea8380984305d,0.14284508614099756
dac2137cd3aface7,0.18508790276492287
48da40bf199dedce,0.09068990245624357
2c36f80cd8d50da4,0.0732978603901019
e45c5c285ae25a13,0.15323591284294658
d57fa89c692abe6a,0.18044176592652567
0d5b889f910953e2,0.07504455644716118
a2bb73ef62a1fa41,0.18721382541257414
161e450caac64b0b,0.10387222751531545
870239c07fe84d59,0.19192072761353063
1a510d36c73a9190,0.1291517391334784
6365e056680facbe,0.13754289961032365
7e5efd56e82bc148,0.0935755717946052
8ddf8d226ddfa267,0.07288653783986639
aa2927ee663efd7e,0.11457929985790213
1969a71e6c309cce,0.11597927812178196
33e3103e2045fa64,0.07548152721073584
79d3953d4c100b9d,0.3072796273452029
8a0bec565c237aae,0.11785053001468235
e7b2425696ad04e1,0.07523898396089113
1585c48da5187cc9,0.15868071149262655
b508d898d174eb05,0.16597408194204616
ae96ed3d88eb7aed,0.0898553448136205
3780b01a20d9aafc,0.17490492058766022
5d2ea0bc3f49f99f,0.15806892810511575
609566c49b16621d,0.07373444009293476
52a50658bfe832ee,0.12355126563287597
76655f684bc2518a,0.10051374885569034
507aa51e38d00459,0.10469955473686676
e7edc5fb783b818a,0.08110658823436066
3488c9b765c1219f,0.07786116266159926
60726ee6707bab89,0.21474940745935933
724b704c54783fd3,0.07194534129454813
23405c43202f489c,0.10650354998388473
0a275c8c3adc1e3b,0.09180735468255798
ad727a83295f79c1,0.25450000164517306
9fcd517a3727524e,0.12765066365826325
c1a15f34e5189a8f,0.11181239341695533
ee586308edeeb5fd,0.17582017189100252
61323c4c907b9667,0.20472752146331563
dc6ad9b2ea237556,0.3078350553554373
fc261535991f079a,0.08000808204504642
199f8696fe22e8f6,0.10506845015629435
80c803fed1e7b815,0.07409226458388532
b3645ff1881e6181,0.09104231906873295
f077bcf8ba579026,0.13590353335531044
c98984325495234b,0.11530254517496834
2b1acfb2885f0207,0.08884884968777226
58aea5fe94bdc9f0,0.11178376839396625
13ce2e76f9ac9797,0.16159111271286136
585b1ae5f2fdf9d8,0.26408823178824803
c02d00f3c935fac9,0.09154386970034821
961c1ecf22020dd7,0.1260002574118092
34a2c0730076cd51,0.21968748551654452
f08c72208c842a80,0.20698222977122788
3d0365b300b08d12,0.17254522883022372
7698d1646b1160a7,0.09239712410126301
46fe0812a4d6a0e5,0.10125030648095165
1992a8cfd9dcd0a4,0.1999326401401908
234824681fe92370,0.08048126010426895
66dae8fb83f01cda,0.0829370802647551
565a8741e734fb66,0.10079648262937643
85796d3a4623f1b4,0.08936664403432691
980c038df259aca4,0.07789660121576503
847d49fff22ffac8,0.22402015752422336
3ab579aad87803f2,0.0724478246369593
7c287939d256c04a,0.09141189890088408
9b56b63c1ce61e36,0.07954986923185879
2b2beb4ade849fe5,0.17346838201670778
ca97e3a639d0f212,0.10720993743045164
cdf0a515724936f7,0.10076213922119862
f0d9600d63271cb1,0.21969288903647066
61f6d6cd6e8ebecb,0.11729489463523741
66bb128d75c1a31d,0.14173053032507915
ff6ace3df2f93fd8,0.07226384514940022
174f6de5e6fd0ce6,0.21005146255504092
f629016e686c93c7,0.17801764655618943
8a5cd96071aee653,0.07125524364714152
47a56fcce1a48c57,0.22235478633686748
bc218a229f6dd8a3,0.09780030495580005
6700a0d8cc03fd40,0.16163303476226784
bf07422782deaa4e,0.2910264067254997
67e5b268a06fc16c,0.09471242579906607
775246a31de87040,0.11696163059959892
a8c96679585190f7,0.07419356190579443
85e8b073ae9d6cb6,0.1635661578020331
8d783fa9a84a2016,0.28642737120758216
afa9ef8b36efca27,0.07147520986308194
292ad72f433b2ec4,0.09138832890218616
543a382acb950efa,0.09726772888403001
97eee667e12fac11,0.09027308316010305
f1594e042dbd4135,0.08675566153871886
c4acac79bfd54ae4,0.09828381579324896
f1bc5cee7cfbe74f,0.1165729304398114
25e346e1b0340347,0.12577671623996256
53b71602a81f5c52,0.13233324043297917
6d2d4b17736e595e,0.10451454912586773
f652427f39b6f10d,0.23847807337356497
1437d0c59eca00af,0.0754705355423985
d8980b5b1d68a4ee,0.18105679609010222
442b8a915014e871,0.14957939132976736
6a1e5bce20cbbd53,0.20960357231009316
ec75dfc7e578543f,0.07511793133727618
94cd35193b228a90,0.32174697757610443
15617a2281e76896,0.15843000069755533
ae22b29ad0d98702,0.08020414389032263
3e5ee530dd802ab2,0.10675656957295426
9304c1771978ab05,0.07478171907576935
635d5bab100147aa,0.10418942334432159
cf12cab6ff5fa6dc,0.14443257644474097
cc7ce49efd47f0a0,0.0742761481552203
20c507d578183dfc,0.17999386908967324
e29e2bc7c3e6ef41,0.23781484577836481
61e270d51cee0fe8,0.13342432790289224
a1cf27e43a150760,0.2452151076416082
9bdddc292578558b,0.08586421333691245
fa0f0cb920abdb0c,0.1642501888220415
95dc87b7553104b2,0.24184303899136844
c268681605733a6e,0.11884720837318842
57f8444d376ead3c,0.1669079412771006
1eb08c4e2e2d0a0a,0.14613172776337685
65f04a475e60bc71,0.15116826572667855
54b86d86b2c582db,0.09219762736574592
ac660728eb9adcbe,0.13667735625955818
9dc70760c7a65427,0.23281882161744713
707fa7577b28c00b,0.08145182069087042
dfc0ad3ac006f7dc,0.1520604497619699
d02c60d97c52824d,0.08252304899603605
68735cd4123d2c31,0.2772577188495071
e7fa76e1a52159ec,0.07702152941378208
8e2a48702b61cf4b,0.0743953977903971
7b4d442d12660d2e,0.09825855497486821
1879fdf1618adb5c,0.14086155882971418
28331b7b0b1598fa,0.07810033908140641
c27a3cd35a718f85,0.12391429326423782
003398b630719a7d,0.0749001831741125
70b9137733db97b6,0.13490330398796885
f0ea5635eb777479,0.17671156145204164
e80ca1e08210095b,0.18393403868415353
033b8feb5aaae03b,0.07528314178300481
ac6a54139c7c9d37,0.1787277978420371
ebc95757b2947172,0.09218351499186836
2fcf426035785728,0.12589292110059203
78996a14f02ebbe3,0.07687890019574242
a87e26d221511c94,0.07192767542612323
c5eddf448403ab6e,0.07561740473172936
e8da0e67e35aa293,0.10276871156390417
88b632eaf9356d3a,0.10305489473403379
85571b011c6fcfaa,0.24012041009521531
9013d63ab473f952,0.16312523476028654
960cad37cffe68eb,0.09926254813031575
e247eb8f78f75a9f,0.092479441234097
80eaa51c4c8a00ee,0.08322109919091372
35849a3326fb87fa,0.08385469723505598
d95e6b933db44247,0.08171263924928311
c8d99c2ec6082321,0.07502328701540328
c9aea5e1048b2e51,0.17003203610736384
e01947dd147cbbce,0.08788704780577998
ae79b75a13c928bf,0.08674956148751334
ce571fad3257b3f6,0.07312261378847004
a95633f51ef3a7b0,0.07487851077754636
297c6928439e696a,0.24109692543535893
a4d78fd9f9ffb303,0.11023390094090063
2dbf5dac4bc14af2,0.20407855416539658
484f57153280140c,0.14123004861661156
db3d92a2887ed53d,0.16708169695027705
0fcc2eaacbd92a61,0.07324278031948572
3b06de421485ddad,0.17026327387748755
3ab1395e200e5b42,0.18401061737696311
8b607b6592065a8e,0.09941003688043873
a58b1c259179dc09,0.2256687847265687
a84f2ec64cddb96d,0.22774542694669042
794ec7ff88727529,0.09447859640795353
7bec4fd7e9a158f2,0.11504347907134399
bb364b5bbcd978f4,0.21148830292872944
89b648a5f0f0ab12,0.11585893220889601
63de8d6c54817aa3,0.07164723537206667
f379e9f71ba0c23e,0.11854349045069087
a4d79f83a661fa2e,0.15515189590170433
211b21d15b3b91a0,0.09236780915869364
1186f6b426beed22,0.10323729728449196
8dbf55afa93fb576,0.14920816723833846
4c37d40f77654769,0.07952420393749925
282449c18b62e5e6,0.20194969082475078
12472f1c83854116,0.1994087404441466
eb624c530d058714,0.10628415493320699
916aa0618dc412d3,0.15820236278733218
b9f7f01f0c234a62,0.21598933403686937
d6a72e0c5f8c9277,0.07632384603797547
888195334e946eb0,0.07379104393517277
f1aaca6b558ffaf2,0.10127152208048562
cfd7c6655e63d480,0.22920967174648993
d54c579db2ee74b5,0.07364415370817626
3d05c28ee2849928,0.3132275835015417
88653ba09b9797ff,0.07189091676209255
270649bc52035cbd,0.07422195070531488
164c0240a44d6755,0.10926046255491019
71d79d68a2b92f27,0.15884803951132118
9bb25aadd2b3bdb4,0.21259723614243514
b3c62935a53d8997,0.10324303966746123
e850d24192f9e415,0.07611070585178825
0834b059b33fe386,0.21196359883452517
57cca7c7ea10b6ab,0.10204329719593676
39483c2d8174f1ed,0.2075996956151816
4df07eb70c71ec51,0.21529733970644158
771b30a38c390789,0.113277625857713
65037a69f9336b3b,0.13796299081374963
97bf39056279f7fa,0.10088594922193145
1a2d12af54623039,0.1118553962424797
e649d739e4cbe4eb,0.26939804661048317
7c35e8ece8dd52b2,0.20617370917926106
4f679f800c6abb6d,0.18607338093717077
42a8a8ccd4f9f9e2,0.07206972017642266
662eb31e5ca29cb7,0.14305408999526373
39a75d0fc9a932b4,0.12937134037459558
f80b6c96f9ca16ca,0.07267738765217542
d1112438bc117eb4,0.14170537792230792
2a23256f8a1b1dad,0.1764963203127764
e3da84e292717dd8,0.10930036972923743
b3da0bcad91df631,0.21089356116780394
b7317d34b8035aa3,0.10638251327052492
263b44530f890156,0.15229349369416015
4908216a464f51c6,0.1925119844118673
d0b576af5fedd973,0.1331688115207293
d53abab056eabccb,0.13756014616709583
9947a71c07c08013,0.17298240458056063
e3f83e6765042b60,0.15094473586853788
b5e1fe2cd612caf7,0.10422864643212618
2c979dd3ae786b0b,0.07265017607710333
37ebd133842ac652,0.16470160067599682
8d7452fc00bad24b,0.1617194906123149
be4d73360ad37873,0.11653881642707203
40b14de62d50cd96,0.34866132634729613
e8b95e5aac14d285,0.07327943934459415
545aeb4e5c2808c7,0.07793728833871705
3ea943e815e609c3,0.09119151333278243
9c3663c00fb99ff6,0.10840032523118767
6806a16705d54743,0.1626408417057335
9658ef3f8e3ed080,0.16006759188529687
72aca7fa36feebdf,0.16130061406926294
dfe86e43c4930991,0.16668940049186262
4f82ff5b5651d2f0,0.09153349979157217
d13da56afbdee207,0.14628379138691489
0dcdbb940af66121,0.08658102636627396
0e09773245767eac,0.09291239282234504
b186bc9610e2b533,0.2002521469914801
d54841a2e0a4cca8,0.35574057560133465
166c017caddab251,0.21906325245244407
a23f0288384f2f2d,0.1219262373069447
4886d310e5914363,0.11192870566952087
41edfc6111e88f1f,0.08696811509233793
0f33a4c86170e40b,0.12105302418143347
19bac5bcc4414e66,0.07449792221045898
88ddba34446d1ade,0.10488617747096265
a8dfc97deea7f5fa,0.1650055400998805
fbe5da4001a21c4a,0.0763829417515656
8ea535444187b6ac,0.0778628185796599
1be66765efbe9174,0.13631165980115956
05f16b595e33f77b,0.09914407294504048
3fb3259efef9eda0,0.09191274360532291
43836f5657b092dc,0.19501789787305807
26ac42441170201f,0.20848031778875156
12a4ec2031ef6174,0.08346688962856362
d8e7f33605a80ae3,0.15435765098391738
d6bde3bc380d8735,0.13676131498241187
9e0c178f3e852551,0.20759416141239
88a6149ecfb1f651,0.11614378954255862
54a33fc8125490a9,0.10896490443115972
2930f4f063583542,0.08825079590151352
5092541f5024187c,0.08542763606882607
e78a593c9b385330,0.12285894917384793
a09be3a8eeceee6f,0.20176500833378044
7010ac1b44772de3,0.09833700907946671
49a17880c454c7c3,0.08730883151830221
4e36cc0f1383ebd3,0.1741918997974161
ebdb25864f6ce1b9,0.08644698003715978
bdb72360a5581c6d,0.15915482011665083
8c698e0fbcb6a090,0.08973415382497313
9c350ea7550d8378,0.08348796914746912
a8b88f7bb8ca6361,0.1011201219825061
3d326c98287fba6f,0.10508441654027131
f42c01d8b045f708,0.17621817034675735
8e5d62b3ab696aaa,0.07424245030720025
6224caf3c72e7ee3,0.1114084638579582
926fddd6b2ee63aa,0.07142980390405117
922cf50522b3b88b,0.1744004924508597
7d0fb10204af6166,0.19717661182324725
1a76fbd031e39a6b,0.23050825379657852
fd68ea29d356dd75,0.08495480430798323
03cc36191251ada1,0.16170861349212814
99b5bb0b92d8a55a,0.0855419449906129
aac02a9d632924f3,0.07263107739094798
5d220b8e18201d3a,0.10307260271459569
14fc1d6fe2d4e69a,0.22590439951419955
35e119f52196b1ba,0.07449267767271407
40f1234b5a30403c,0.14625953999816887
d59ccb5d557c022e,0.173351311798032
0c385e728de38f99,0.10258232469871567
f8683477a2ab2ade,0.18876009912898878
511fe8f39056b9f0,0.13123863116442935
c99c5d897170f156,0.13061267464968315
9d753071d21e6c36,0.10279019775686747
9e9289f66961c664,0.15485338968791437
5f8b0d75fdfecea0,0.0803760734275727
9dc13c482e059e6f,0.10824388754337606
3f87fc97c66a3191,0.2008543964021172
1b3f3ffb589858e3,0.08301005905557761
5358785efbcfdaaa,0.09687758105900579
57193bdf5b9a6b42,0.16264914793332758
4ba6c061c5bcb057,0.32180206507094505
218a85cad268eab4,0.21392074755694784
f93dbe2cfff78101,0.1424644637361599
a8481146cd533ccd,0.17629097713527175
84b0e8fa750b7a33,0.11132139436287361
fdcc76060f099b01,0.07259710079481717
300a47eca14f8974,0.17744672226473515
14218faebac40dda,0.10378029449491097
6df2c2d2e3c3a7a8,0.16273514229773295
73b49cfc1f3e9dfe,0.07463957458317773
7f686a76e0a43e5a,0.11521148158547806
bf81324a27520bde,0.15699075295276244
f5d463ec64cf0b0d,0.11513444888392338
7b0554b8ca04f697,0.09928363346035171
e1b2fbbaa6be8596,0.13064498234387648
1b881aaa4217102a,0.11715106742471364
c212840fd1764342,0.1058219225108053
ef314439dbb365d6,0.07770631733432833
1772dc13f02d39b7,0.10295276624440641
b9ed04801fc7a354,0.09335856829861358
105a3d1544b0f94b,0.15970921927450193
78654baca9d1378e,0.260668566860214
9bc2056512b6d4b6,0.09938852870680881
09c4cf78e2e7adc5,0.11446395966694162
b2555ae21207d05b,0.1793978322898216
ae348fe15c764802,0.09690636431202411
f0124c71b8a4ad33,0.15415459992593455
b56dc4e690b38942,0.09242398632883704
f780521ce14740f3,0.08190694415945461
dc6f043604dd54fe,0.1079116077858979
e07db4ab9d64f3ee,0.163457238943091
8afd23b140e4bcb6,0.1547393205124093
11bdf36dc7a35404,0.08986523806908187
4996a5c048b055d5,0.19954741031472026
623d8021b7d32292,0.15651969611405195
9eaa2f70288d4b3f,0.09361674557034438
9b0054be7988059a,0.10696144840701508
3952d82f6df456f1,0.07536649292063066
8533f9a63a9367b1,0.1076758196841204
391d9fb2c3bd6fbe,0.07374718979494393
101b529dd70a1e11,0.08553707332939635
85b19b6a46b45156,0.0811510313620931
a4b17c05d90ca2b2,0.11999437806800767
194ecba02d51bfb5,0.08837210818508319
20a12da2d8890e93,0.08305549885636242
2df9214ba1de660d,0.12051383709122357
bd7e307eb75933e1,0.13885533938472322
5e0b0dbe5ffe6e83,0.5353994318440611
bf3a6cfc9a1f3c80,0.1067872982108754
82ae8090ca11b2e6,0.11671964323896385
4901ed9747386ca7,0.16075476090330307
53084b49be13c52f,0.19902012231242378
0263cc51aa1acd4c,0.160632112912369
41e313f2355b137c,0.16767166848677334
51a37cfce403f12f,0.09291952549953948
df4f484e6719459f,0.0871279360771006
de7f255e061d07f9,0.12558414338180554
741683772f1576c7,0.18753509629370071
54c7fb2af01e96d6,0.2139848201600531
24c542dab399c685,0.07315132265164
a1230bf06c58290d,0.09719036155371275
900e15461a12870f,0.18655098214659746
c089536a25834f70,0.08806415607000907
afc3286b544f0040,0.10484367000661242
c61465243a2221a5,0.14684942794581335
cb1f20d4bb93c243,0.10788803827233769
30725d20e5558b56,0.10306340663313153
94ce3e10e75f90a6,0.07471153116283402
48d0b89d569495d8,0.13255809124066106
ff1ad6d36283f697,0.0992338721937042
72be68b75d2c814b,0.08523055558810366
e4b90062b12b7030,0.21163813508829787
d6323a665e446722,0.08959060853048571
2d37f4baed1667c1,0.15395332123808841
05781aee37a18dac,0.08703929187852034
de24d558a18a9f32,0.09779050420619899
cb44379989560ff1,0.07849619096195122
eb333ca8ccdad2c8,0.09492266159803533
1d5cf29e044bf468,0.1852164469964134
172401cbfcd665a3,0.16246403432866563
8247761544773a90,0.07111472237924789
5f2c0797f7cb831e,0.07483634216780975
a7edbfd2acdf8ad0,0.1034699794081352
fdcb685349aaef9b,0.15478593600492552
1568e5a308c50e7b,0.2035380775115765
53f5f1c7014efbaf,0.1329481223763807
e992034fc58854a7,0.09448739301912576
b1fc334e48e20c8a,0.07500109558954188
ca9f6168acd90b8b,0.07518914723865752
929bd47a71c6b958,0.3159144767865735
f7ee05e2b2ea34e4,0.10322251460873032
2f3fdc90e73536d0,0.0746485824413856
b43f6d156041778c,0.0762975464920674
6b0740f130757056,0.08166175002489179
9f1200bd8ef18393,0.10695344475303753
bf0849396acf9180,0.07580236922975961
58f62b02898dcd7c,0.2815078618626339
825b360a284d4a2e,0.07593170015532098
0274228343b0c7cc,0.2697202545671051
746ca6b736caea7b,0.07663627255132399
69cadc81ce7e015c,0.09052855975050751
295dc3bdd969b7cf,0.1613755078150611
e0c7aeb2471c9ba6,0.2051063289265704
a7c128e7baf08587,0.1158928032298966
74ac5ce19092de45,0.15379977082666677
5642496d768456f0,0.22667469391722278
9568d09b37d48147,0.16306514766354702
687eb07ac1ec9aba,0.10917318297625297
1131d59f818ebfc7,0.09087404971353903
70d46c4ad271dfcf,0.1277674544088316
333d8235e3bd1acc,0.0981294096612112
f9dc0ee30937f393,0.14395482633300558
e2e48b863ea7d61c,0.15129706380257144
96ad67d29a15ec47,0.16604400315444945
998b0ea49069c858,0.0758613066597179
cbf500fe483dca27,0.09836082538099916
32889f39f5c7e4e1,0.09315992650652008
f87241418df6147d,0.13278754485332062
afed174cf13b9d7f,0.12418534198265438
d52f3c40480519e8,0.18299632540078475
67306d595867bdca,0.07277691807721187
dc439b5c79486948,0.11677595844920162
35089dcee9e9ba1c,0.0883949097297327
61b5d6ef5f241490,0.07913771282659277
45f5713dcef10264,0.12731556342141087
2a3053d58302242a,0.07404185205424774
0998f38d4d069491,0.16205445959578482
accc2c8ae67e6063,0.0738954853002322
9f5292cbd3806d79,0.09190013551299847
1fb85b95e91ae45e,0.1191862319596792
faa0394464cef2e8,0.07300091877866959
af95309c63fadc79,0.13208001930224492
b8b45d6732b08fb5,0.09345101935361694
66966f55862259dc,0.11825317749887443
608333309da6527a,0.17874229468455138
36dc5921a7d84ed1,0.14174281765999117
27813742ebfe2b33,0.13735581232259308
211d5db960ca61c8,0.07474233005160183
5b186ac0d11513b9,0.31833817222604044
832d1c008bc3ef2b,0.19690519216018532
7d4e4f8d7d40dcfc,0.09502676219675799
f0dfb22c3a27665d,0.21289664114389922
407451c452cc5d17,0.21152302941648793
56928312feff0ba3,0.12145572909220607
9454541a6582c13a,0.10012066532437455
e6e2f33f21d593de,0.0733348822967379
eaa2910769614f8e,0.07146201997867813
127bd9796d970cc9,0.10810388729993245
169858f0ea055525,0.09781243636134929
47a3a9c393a619bb,0.07791767493165395
d25e98683c74aa8c,0.12352062913361767
4f2ec1f813538809,0.15178205866762823
8e5753d72777a9ac,0.10970998727289687
d9cef172341ac628,0.37326635870690605
d2c6b2e087495365,0.1865554386794943
5aab483da67d16b3,0.12508318525058917
ad319fa45d964c5e,0.2084982112653289
730d677b8c968e37,0.08467930738896962
b1e38b684248bd0f,0.1571883658179886
ccd097c32d7ca7c0,0.10259388965784666
4cb0f5de29f8b8a8,0.12354562855770601
902aa8ae7819a527,0.07347146453213835
36cc1fd78eea46be,0.20288311646791324
5b8a6b0aae157e06,0.17908389006812597
d371f4cddd5ab580,0.09650797792295983
a07311ae113f1cc7,0.21225519399173431
8ff382f017152a6b,0.16411058334272502
bfe18fe096f61209,0.10609997138583861
97f3a3f55f767d91,0.09802817791546643
a4058a2e4bbcaddc,0.19400469095509823
6dbcfd20040642cf,0.0723751175990788
42a6b3c10ef18f02,0.1354468451360673
9d7f6f4e136504fc,0.09246308350582103
0165f411bc818cb0,0.1442745851219681
bffe1b12bbe69fb2,0.1479629582414999
e01b40b1d6f30df0,0.21561192245159985
3201c568d1d26470,0.18782285137163846
0affa4eadbf1db83,0.20632063687829216
ddd3b7b0ab9f40d9,0.19878789868917268
ec738c2ec1bfcd80,0.07166621530864949
906a954f8e1fea07,0.2146630721308666
cdbfc59fb04fc180,0.21329566375866368
2d4770eef88200b3,0.07486278361636925
3d18600bcebb32aa,0.1244800780223706
3e050322f92541d9,0.10700500205537475
1221e13593768788,0.10557942511802357
e7ea980a9b3cc8c4,0.12593323936653322
398953f786ac4845,0.22257819633905296
e8efc32edeaa174c,0.1773194073137729
49f061e869ee997d,0.1269142676838458
17668415b4ad9f20,0.09919558325746525
81e71cda520c7c11,0.16181902138683835
7c48e5537ec69161,0.11564696215137528
7b6ba45bf7c43e21,0.13259586256028488
9cdc08694020bc45,0.15516952426283107
60a026b4a766753d,0.093209104507445
719db72fef47ca30,0.09019281602732054
c0b5b808eb068fc6,0.1397713246915479
b20616efa1e51758,0.07825729274277278
d1c2190b7e54ae51,0.07420727946333916
88d71cf388b60bf4,0.16935303628522932
c2394a42025bd869,0.2821807964403358
19b165b652dbcda4,0.19607129341575136
c17841139e5914a5,0.1991248397805392
5549a53bbf9d24be,0.17422013071336423
2da830aa5b2812cb,0.09336121288226985
fb36e8ea3112744a,0.11783921101162795
3dcfee7f0efc084a,0.2097470766650851
16a97d3860c22e1c,0.20027739484061174
6322b2e3f7dca7db,0.12519407929596124
a48ff3331f89fc6d,0.14579347478647786
e07a96472008d97e,0.24982303109771903
42af4fb223127bc3,0.0854374404886509
4aa484762f1d25ae,0.14304026273393114
c414fb964c9cbb8f,0.16699534827420512
397cb89e6ab8a959,0.19335325574343978
2e9d9d9e0a6af0ff,0.15478698051263437
fc32ff9c59a22f95,0.07154503738920227
5783d334ad7f831b,0.17563930686741652
dbaa31f9fbbb6219,0.08700983023491982
93eb228beb06de30,0.0762100103789808
482d6bc5204e5ae1,0.09969684113249752
7128efa4863f0362,0.13750574461578002
ba5809f410734a94,0.13117301680900006
a571eb5010a2e299,0.084650720795902
ad6cdd09fea09683,0.17373043803750704
fa9d2cf12e72efce,0.174398390892256
a8ae0f9ef30ce81a,0.2794123254377488
3b234a17219db0b1,0.08586775498814417
25b24a0734045bd8,0.21538507053088307
771f41a483c9f8a5,0.12792884542305247
22a6c4ec274869d7,0.16696227600378694
e48895820558223a,0.077494014628928
02c11767f29d0426,0.07274583310197633
d686fd200c65923c,0.24588284465068322
adfe117f01ca698a,0.07137236351876991
69f3b49837e76dc6,0.1213070826352591
2e72632e2ea73631,0.09307628953611483
3207b91e24e27568,0.09801716449803896
95f22517cd16a7c2,0.11106794017199487
543936caa0e83a72,0.09315184495462182
58c5c659df736b0b,0.07568627508384891
997b65e2ca34d529,0.09761118315698834
75bd9c566434eae8,0.08627566274621198
14088d0f66d091e7,0.2300921548747623
4014d97b63499622,0.12770099339673166
f9d10471eb47111f,0.1662900257221695
545fffb7628e26bd,0.07512520116706833
9c45d75bebd4d820,0.07253158218370148
f710caef77284ef1,0.193336222205082
e4bc3c14c4f4b1a8,0.15719641035864018
392b17be6354d3a9,0.1271642694506826
9cc8d07ee090f377,0.20809863091895253
b2fbccdb690a2b84,0.1553009090453208
291257ccaccf9d11,0.1579674697936134
c9022a6ee3a5d7d8,0.07864724125734811
19a688707e160732,0.07608764408135847
84bef4f5323ebd93,0.20884047508770925
a3e5e1903e0e9682,0.11945440004831707
3b0297530613b732,0.07781091963376048
ca0fa3062d6f947a,0.15304530820993906
aba2a7eb167c6548,0.16803171213726997
7dace0a49f811059,0.17003219538527742
522ed32d9fdf2d72,0.11617771032330923
8771c418cc219aa1,0.1528162294019371
1b8f8b528f041137,0.07292638916635795
a9112add272578cc,0.09573143408742514
e722b584b816d2f4,0.1685905887694383
324dcb8fa3962b96,0.139927808056481
ee84f939a7ab4e14,0.20467852631686326
f7a5683abeeb512e,0.09840394098355792
788dec8bb41081b9,0.07316185037022997
20880910f50c0159,0.1559540266904977
a55d2babd6ac6e05,0.07680465186851616
7c5af2b41b2f1889,0.1403039674123111
af9599e0e687edff,0.09428056720050475
96de608fb997caee,0.08227564733911033
ef99f60d68f58a7e,0.27325238398806456
59d2159096523cdb,0.2961012132229253
606abd74dcfa442e,0.18096648792022713
20fdb4917e7e9401,0.08881685498910147
a3a5ff27339bb075,0.15166922628951962
b5ecb5c63b48ec75,0.21339542074614895
0a039166594e063a,0.07655505586716262
62bfe04683f51a3c,0.14217142867328786
b430c4d5161b59db,0.22212279505623797
a385f4145be5f5d0,0.07200007608360774
904e0bfdad64bd43,0.30798843932658665
0f4074528657c491,0.20648325688203728
39e4468b2f4b7935,0.11735050907888031
9125b00413b353d6,0.07250903891729381
fafd8063bc5f5cec,0.15931723494745811
6b06401ff364064a,0.07285686760535981
e5c9addac3faca6d,0.07730855142012558
d12807d748517f6e,0.10160817723567503
828de307532bb29a,0.22224373553392235
2799da617b3128ab,0.07442528934108071
7b6d6ea6d9feff86,0.07180877965744983
0627c402fd75fb9d,0.20219418269789632
a1bb99f3b749279f,0.11228831523697043
ceac2c53c27234d5,0.07200781193810578
9b3de1b793447910,0.09453202691669163
76a426cfc81a4d2d,0.15987855563168454
abac3cc21ba1b309,0.08492085819942934
4e8b9323fa254334,0.15814055336956648
1a4205578a28486e,0.20170094143677103
fa7dfc3f7d4a1344,0.18073673748468244
340b1651b36c8645,0.11674680501170973
73cf2e26157ed703,0.1613824139650095
87add43c2ce1b06e,0.1416909980107951
01717bfb5b3542c8,0.14462219655334108
70ca05c9213444aa,0.13788562593154657
0684a9a80bfd34b3,0.09931374210019209
8c2ae373e2809c29,0.10360953513588356
331341a7f1c33272,0.1606110068871489
97078c12c161c701,0.11833100889694301
4ddffb1d8861cc54,0.07412986989150903
2dbc5e3027b4817b,0.14685145366035277
8fcb717c71bb3cfc,0.0919870899082536
58ed220fa88a029b,0.07199796969068534
fcad4ebd837b0031,0.0839065622663592
0792e52fe2c9b711,0.17039264775803786
576de6970c4ba90c,0.16186936203277216
930888a00b16e315,0.17557281682544018
bb00b59f720aadc8,0.14528730829834693
05aad23e028bea27,0.13349335950449176
0ccaef7346d2eebe,0.11377447429708079
bc31c0a97c89dac1,0.1671998386004206
239478b0c695aad2,0.12677090642728228
6d59238e91d3c6d6,0.14803836740031337
02b6f6002980042e,0.18351847136110994
0164fc5fb575ee2b,0.11023829740600107
d8ba5ce01fe8a09d,0.17272685213415145
173b378df818b167,0.0706101295264962
7f5edae9b09a208c,0.15855881058539148
0b5662c2a594c20c,0.1622052410438509
55ba1dbed1a641ea,0.177794333724601
c944ecb134192652,0.22673669737516383
3984b7d478aec2b1,0.20000325881867054
f6ff304e4f459ab4,0.18371942269267383
a49951ac9b42ceab,0.10947959124024459
4b48ddb6a65e584b,0.26470612494692003
624009526008e265,0.11398022240433947
9ca1f3fd0ed031b3,0.17318271810980412
dd7e10345355a17c,0.10940575854513007
a324ae18d57bb12f,0.17020637686153212
f3aede6892999fdd,0.1080523655128214
798f779dbd13fb6c,0.20795178442212245
21481b4c28f91b47,0.08542300525747387
8529066c088169cd,0.07332032337374865
7e93ed2093de4112,0.09722895905196559
51687c7ba8a553be,0.15699763489055238
4ad8b585409698e6,0.07645513945191491
eca2dbbd4829118c,0.17132653587963034
7a9bea3f50549e57,0.1264738217791098
e53cb4d81fe012e8,0.140364079023473
25e3af07b73ccb43,0.11800314339947177
939b59f220b94ec8,0.11228125266992016
9618c75bab14bdc4,0.20869119326976193
2ac483615d4696d4,0.21765487096120642
b357b45b22852d5f,0.07515871202727356
eed158b983054ab2,0.0781311218569583
25b699ec3d33020b,0.2162743866980102
fabe692869cbf6a8,0.08415296123010241
e30cdc55701f891d,0.16283644881960485
4e247c59738e0754,0.14401821550614244
eb6c93bf83ef9f01,0.17681217421618495
4b2a51b89182eb2f,0.1471901568369165
920800c7a752c35e,0.07283998296024863
00e3f3638706ad20,0.13178346764419385
3b68344f608e8cf6,0.08604947136284125
bd0092d0e87dd02b,0.12293256407446161
d3020752ddea13e5,0.14702866436496914
679a41beeaebf503,0.18018125386449363
7fcec9e71dcf18cc,0.10055228837487358
735724a234bf2816,0.15245401850909526
31cdf3e24ce53af5,0.13214064650256288
58b83792be0f6321,0.19891699643898808
2a84a58cf96025f5,0.07544849086035363
9fcedeea63586bf0,0.16988057710221943
d9de7aba8c682fda,0.07535936536560506
08572215a3892815,0.1076286380914038
b488884763d551a2,0.20009522815840167
c30e80405d6e58b2,0.07429708442340623
0c86a250e70f6eb2,0.12396943669649295
a11c15fcf4597f82,0.16159656381199164
2caedcb4ee1a4103,0.22301052481196385
f91d05eaa3df539e,0.1367795277018548
8bba0a98ae140af5,0.1937486805968828
a987e81632676043,0.13889100020947157
f50807d17b5c038f,0.19408456580236083
ee12454070596716,0.1471084640950003
b6e0190c3e5766ef,0.19281852601478033
a57b30735e272a29,0.07204775135574094
ca66fe2ee058013e,0.17093036777959264
1969a8349757d32d,0.13008580005207165
a5bad4f4702eb96b,0.09278216054272329
2f4ee5ef7a9e32ab,0.23925361707119658
abb1f9350d96ed70,0.09497617216439944
8a663152856f606b,0.0769610858089522
5965e2be33eecfc3,0.0733117298695698
75414a1e69d6f205,0.12621359107964225
0d6362f82430762d,0.15285944081543018
cded8976cdbec569,0.15509467902399318
2f21d9cb88d7004a,0.1747163342059039
bd0809d01c93396d,0.22964621137440844
d368fd4152e904a0,0.21217953784814675
7a088b0bef4cb74c,0.09145221424148141
dad9460a25f9913b,0.19882483077005164
50f138449e3fe2e8,0.10726880646764028
53eecae41b9614fd,0.19454447480961604
c88755b5796bc0c9,0.20466704443877812
1b2bf22690f55b23,0.1001953605457054
4c0b6078692f7c89,0.14816853222116652
d310596293c8f04c,0.11391026877215066
3a724ceda4c76f9c,0.07402205087313214
57c2219b4f1a0a5a,0.1555917800841696
6069a9ccdba45516,0.1394043633254162
504a8185dad726d7,0.12852565223765802
c950477e87d58094,0.0855575148535401
9f1e86207b2be555,0.2191785153322398
69051b19215e3e0a,0.1185963589087034
7f70b72d97083c7b,0.17022515045546197
61279ec74a6d3645,0.08442596332366725
4a35368f7daabf53,0.13249115434504613
8730f5f1237b818b,0.0716620722031701
f9492b545b552f5b,0.1626847737702709
a5e99c4117b486a0,0.11142759513780957
c10ccbadcdafc1cc,0.07461043781155369
e0d15a865fdfb988,0.09354662754612213
eb916f460ee1b545,0.11836400822053403
1b7bb61fe350c5ec,0.07986588086213273
03e5516590f20096,0.1149817253125659
18e0a9eb3145a82b,0.08228763367365026
39cab30b8f09a081,0.27753864971279707
dd47b13d3aa2de79,0.07611091045347763
6a431bf1b07deab0,0.20196588622914063
2b0db9b43f8d905b,0.1137475273109318
363b638b117d0e37,0.07248971260304002
87518c28a26f4d41,0.07050836587415213
3e73b6c86098ef20,0.17343069578475478
f7580d024f627389,0.10829525630710803
626946bf85055423,0.08388493315280283
1d4ec81574db910c,0.1246344038488266
eb3384eb6ec0ee10,0.0858349591169496
ba1a0a18164d2ed4,0.0926101506642868
8736a356e18687f9,0.09325197716989408
f66ad6f9a0d13057,0.0942495609761767
6781beeb2a94c80b,0.11932301141143054
45ec50d9e9b762dc,0.08223863199613415
f993d49be31858db,0.13298198798752658
68630d40b3d8c8a7,0.1299789089989165
790d0e863cbc896c,0.07923664474775663
6b9f40e1b5440454,0.07637252496899019
5bd12aaf1d87cfb6,0.12102867084193963
9593f8af8e49622c,0.07702837268839438
7787873ef39eb65f,0.1909726687767695
3b43be2428bd133c,0.11565720253382365
51614174133f7405,0.1501391367693074
90ef1be7933c7d32,0.09274360263284934
b9b0bc5968838ca2,0.09264798288693868
34854ac0b59be9cb,0.1801693787823521
552972fc397a3d7b,0.13853849800894003
538cce811be930f6,0.22756188716670572
3684947575a87995,0.2792990419863104
3458934dca749c27,0.15661024506506413
777593519303d6bc,0.17204619178954722
c998d0d7e544f18a,0.10404458795853733
a23ad55fcdc44126,0.16890751042947239
628f59b52e0f1abb,0.23964021912553946
f55fd4a896009b37,0.09524650284528206
891966bf8125b263,0.08723178434704701
31a036f4acb27daa,0.13892954746007202
b329a2756c4e7e5c,0.07200957661362292
4abec7b3aa11b00d,0.09796195632957382
506d7e6eca5fce8a,0.09438194867751523
93767eb66242b1fc,0.20771894215593173
f07f619af08f71e3,0.30296062642514154
067779ad870efb29,0.10846735408222793
5772509431f3d5d1,0.15926528302440485
562161d24bca87e5,0.07191023028834702
f3e2eded68a25564,0.11354119153406665
4e9f50f16ba04465,0.09299181066507009
a4208a55db792b95,0.09995621169478983
9540d1c34ce10213,0.10314561535310152
3b047ea1a379c251,0.09461102272524935
90c24520deb11d2d,0.11036039365700112
174bf54853f8e212,0.11005473525049243
e32af9607e1574ac,0.0771689577114318
177d7eaf2ebe4bb3,0.07233036762721098
1d3872dea5918cf8,0.25052229184361247
b6641f418df5107a,0.14158193589806353
7b0a91f0c2754446,0.20560141481898808
3074d01b6d512da1,0.12326956134045503
a1ded8ab2ac8cbc3,0.0932814965823593
99d24231acc81bda,0.20212657533149048
ff0efc6b635f0dfe,0.12578391304135406
4b26bc2a5271e828,0.11131748340890316
323cc294321346a4,0.1593628644091684
1c5da1e20342a0bf,0.1269269337972471
4f414677966cf8e5,0.11708823840043817
a08962f7cf8ef6ea,0.2533743349045946
e6778d3ce59810c5,0.09639758963355971
944d32b8f9e9db1a,0.24943320350680936
e5c8bee2002b6ca3,0.2078182002803008
fcc9190b336ccdc9,0.08679622588266704
d8c0de2ec20dd583,0.13489782290856556
fb55a45c51379250,0.07662057775052264
d6e81f789123be62,0.10554026195786022
2653ffee6d9f5abd,0.19262055827301677
daf885e44112d6f2,0.15972779174958843
a75fbb195a5c31b4,0.34627338112665546
d6946d6a1e5de8e0,0.10823686497677762
262eea09fa9fdd15,0.07693342987927487
0661f0f9daa76a96,0.1448515928626416
3796742963319893,0.24454089663760614
b7d31b3502739b04,0.14064888173914863
ca3ab2b2441679fe,0.12254299193595071
6ff3c95261a2e60c,0.0760651881487632
296198ef516bccfc,0.07199499982741116
fd7387d23f2c2e12,0.12933261165235654
705f7c9f6f9a1ddb,0.07549414144245811
664080d9a44e09d5,0.07689750071188407
d7bfb116b3f0171e,0.11508609963725394
df7650f2e15b685c,0.13793762706676793
13d553333a49e1fc,0.07330117500323859
d60997f0da2b3161,0.07423614264101286
e3dc5b0748d9d1be,0.3113446001689527
126cc7a3354c3a59,0.08314678692158567
68c831e307f80c40,0.07275724359783993
4c10437c6f1f749e,0.3359861885604018
4de56fff18170df4,0.09774101169874237
93ee64e43ea9b0ac,0.13947771687194302
622e27b7a834d371,0.216713249933268
8283fa9a80b68052,0.09301238314768394
3cbb48910802e9b0,0.18322291504740243
898c4451fed60e39,0.1312415227431495
560b7b7af9fe8dd1,0.15267828823321522
bcc595e893e2a797,0.0957295791100341
cb2fa098224a9f0b,0.13687053780222203
9e2a88f835bbb5df,0.1384723007966941
07e1bd9a166bc257,0.18656175566184058
10fdd890be2462d8,0.07495571854922967
34a7adccbdf4dbe6,0.20111390963704706
5dca94f6e13922ed,0.10040004019946662
be032af3265ed2f8,0.2945621604505708
afebc493854ff065,0.07193282410393936
755bf2132b96ea88,0.07344546175714557
11b6872eb913fe4d,0.07192430478856147
5a73131a74b5e6f1,0.09217317175683917
a1445f34ce4c970c,0.17168905617023217
c84303c64f096b4d,0.13143143626807136
ee5a57da13fbcab4,0.19373582928528793
9e237fe51b937f8b,0.11591795226209647
04c0ce452fa54511,0.1303078856911224
e4cc4cfb493c102c,0.16352700695203595
13ec6848e5d8c7ec,0.09377174960898751
8b117511fb3c0bb5,0.21016373658830526
45109a7dafad71a4,0.25585984625359603
be5d51769b283a70,0.17299509255857431
4b049c030fc355f2,0.13109191391334862
e1b125afa19663b9,0.11713818048140459
7f5ee99bec52fb31,0.25239770655576005
0ea477a7bb524c43,0.11827924368897223
b2ef814029a4593b,0.15545550846629572
54642bb90de7c651,0.0880457149059162
5562db51544efda6,0.12008377636408984
8c3fc61ec6b0570c,0.17157911644667306
19990ada3d732a59,0.1673514321677933
d4a097538c2270df,0.13156944850170255
a8e6780d12272bb2,0.1684473578509879
0de7c0afdf2ac64d,0.122011136230713
ec3a682eb391eb7a,0.12294904762581924
de499b3d3aa77620,0.1070600693721319
bb95d7738f26c137,0.11446818577556245
76de6c48fb303a99,0.2030668083244901
f54db052a2c1bf61,0.2093901319921334
d2b45f024d0f9012,0.2041294179389267
26693e446f60e43c,0.10969859201438963
00fedb2a014dd220,0.11340683797923692
8b353042d65300c8,0.11005985394333098
90c55b1f3ca98c5b,0.07721735534176372
b874c35d79d74f6c,0.13104835033878734
d482eb847a0a40c6,0.10362645174604268
fc4d3a97478802f1,0.11315188256478445
0a7a2b85838db506,0.07534693860904193
c697f27fe38b040c,0.09040649563963016
a4d2009627d556d9,0.1499671027602249
1c403f2124470ed4,0.08524331999171332
33627e42df750fa3,0.07587428550248702
ba9bd925e360f225,0.12528209118147438
ea28b791d0295ad0,0.13752861255552312
d149d439304c8705,0.07525100141422592
536b709bf5515eeb,0.0817860673428105
88c0a8061e7a3795,0.1661225963892261
8764acb490f19b62,0.08879882618762633
417f76acebadcb48,0.2088490236239472
475869c5be3c507b,0.12401364826055025
3ef8009767c7fa25,0.23269239030066197
b554efed5fb706fa,0.20511369979840133
84da50183b024285,0.08469099929442851
a4b1d18f46aa981c,0.07320018402497643
9b47e555a004cdae,0.09674078336927155
ef262814960ff13f,0.15696237772986169
5c0868ac8eafc7f9,0.11173318932689719
db15a0f6f796aefc,0.0725019789660497
9e813d48e7fed678,0.16026179281349978
7e45e93f027eadd9,0.21018002766092292
bba24189518e4411,0.2036813310998104
80cba429bade3fd1,0.07370139353215885
ea2c64045d0a1c12,0.18106218886591235
6eea65bf31a2bde4,0.07573870361851515
986a532aee033e7a,0.08528194935799707
d254bc6437766f3e,0.09127419755416245
3c2c4044a5a205b7,0.11039373030441382
d1698b7f7ce2ac63,0.17982352283736355
5615043a1f36b137,0.07336779013369338
fcb9321c88377fa5,0.0849447305462914
885250c55edfcb6f,0.11639377405934459
f48232723a1bd05d,0.26438985284778815
27b4eb77530a112c,0.07431443880790507
98a1669bde0eac7b,0.240221468790634
c85cfc3341c8708c,0.07837732829638758
8043ae38af9b3ce5,0.1717473473669856
babccd7388fd8c21,0.1124386428815996
28aeae730b623cab,0.08862815567993103
4bf1da87dd838f3f,0.0733706127867056
8da93da167404e45,0.14907120151732806
4a0a3077b5581645,0.13002982944427435
bfa2d19017923568,0.10886233949742444
5f6e00c966c5f59f,0.21329613731620936
52c9dbfce9f1b95b,0.08261028537272992
cdfc3b9f626b0845,0.16255397822839623
5e6ad4f66342dce9,0.1626299982998713
42b0a534c0da50ab,0.08711596587132951
e454a16a94a43530,0.11750842915465887
1b6c9c3629bff42e,0.21789394060952127
3d4ea2f562e04d67,0.07896836232837898
e5e88946dd245e5b,0.12602307465477028
7c08fe11ea59472e,0.1275647405767046
48716b8ef3837856,0.0858581894303495
22cb220fb3d03ef0,0.2116019798162988
ad38c3a4c4f92dd2,0.0762251696797014
439506f46710d418,0.1419468433551144
e6d46d90ae71b635,0.11531161809853238
cc306ba2474886f5,0.07414475365053882
c3dbfacba8b29888,0.08373450281328737
3349746bf536b40c,0.09319888188155898
254dff7f2f5e27da,0.07643689189340172
5f715d9d99d8aef8,0.16658768082196102
28877bba74273a2c,0.07400873518618736
0837f11e1dc53f72,0.21742193909625004
700d9c6e6406ca13,0.19306766093885688
6e0d475eeeff64fb,0.13423361993383806
36ba7c400d24c8ad,0.07210386383677003
8c371f8737f1a2dc,0.45001102332482623
163b4afe1f475ea0,0.2677766210832874
2e2c632a9af9b807,0.24146171140835726
a891091666dc0643,0.1538859633934484
a990b188a8200e9e,0.07231672425705046
e0da7835cc3694da,0.14106757981899365
6965bd28dc460b44,0.07518693642020428
84b4fd2717d4bf2c,0.08866597399104761
0544118474e570be,0.1355337776315037
2437b2d4a2e8ae82,0.3436588289037528
647299fb2ba00e43,0.07504857233111117
7372537f1eba1dab,0.20774445530772015
8854c27e996efd14,0.11521731185154335
380235b034a986da,0.21859439450657092
a2d407f16ff373fe,0.19524024043879792
0ed19a3a868aaa3c,0.10985165296605082
c173b6242dff9b1c,0.10887959659453808
2043889f64f744b8,0.13941979816312264
19989bc6ef928517,0.1564741170991007
d0665c65b0cf8d5d,0.2232550960294219
2b072792e895a81c,0.0779159852636647
c531857150c9674b,0.12841682240535726
bb56bbe97134a4d1,0.08415884884681311
3e062b6117c4918a,0.10802831279162896
a58a4c24d35bd7fa,0.17329753384614877
4ea7721e8c059b2e,0.0976479119676397
32a75809119cf7bc,0.14109919404338556
e4794a0287930fdc,0.10146742776756441
028903129d296567,0.15423989364790913
910a3bc19a45f893,0.16773429098373943
afb4e9017f94d52b,0.07513774632598323
8c75ef81ac907000,0.1286702924323359
de995213b69871cd,0.09020058686374471
593b54413b1695ee,0.13887814794311795
d68b798f72ec2a7b,0.073552533227348
2abd97afe8848116,0.07391303521217898
b80ebde982296428,0.138170550367681
dbe8ab13dd1f44f4,0.08088848181249932
db6b5f2104046f55,0.14837549537608533
1f67c146861efa15,0.07293215376411076
38f490199f1306b5,0.09232414341438792
dce69a47bd1feb56,0.1099258219978518
12cd790efb4486a6,0.19318132420485018
d5806dd0784560a5,0.07656635920632543
207f45be2fb83671,0.1974402181615948
848e2c11fd115b35,0.16264442034344867
0f9d093c9db25458,0.15296708894520236
13e9da15ed290868,0.11360563288284474
8c584f6c1538beaa,0.0721628109926315
5fcd3e5896568513,0.26519560072237586
aa1f013ff05a59f3,0.10505513354966121
eb2bbf6f740d132f,0.07508795829255444
51fcfaba58d7f511,0.21933653433440856
abfff37a1f178105,0.25520935129939126
918258103a71c3ab,0.08049401243402476
99beaa8c134356ed,0.1755953303311933
f3d97c979517c08d,0.16476944554547168
577a00d787373595,0.2146230312912359
d71bd663eab2681d,0.17135988612348874
3b59c956b239b3db,0.0939103089204491
9115eeed93f30a1c,0.07675682768971473
3d992bc625e7dad1,0.0728237113721466
4db07f6033192f9b,0.08754845668127428
a58a45e9afd5b405,0.1652057482937852
519774a276bdada6,0.19359014713219086
50bc50ed77a01d75,0.15828464335704998
d608451c67dc5cfb,0.12113446612171078
2856ffa4f0a1ce80,0.15610783182527543
2bdff8f74778c4ea,0.0745782274909103
068acd67c99550cd,0.16120640424302393
6123220972766a4a,0.1283907428820427
c4d534fff3fc5628,0.14017890090135562
9fc3fdf14ea045ac,0.11784840882802519
3f86edfd0be75ecf,0.11582017983332643
c36573a6175092a9,0.16927166468123975
7c4df8c2f29666ee,0.07626193842270092
3c791b72118b74a6,0.13713383356096204
747b04b604c95fc1,0.0871804625144937
e780dca0db5520a5,0.07888374290169761
af83daec6d450e57,0.12788225569251363
5d4ff9f52e2e4f34,0.1632069579149443
b2b8e551d87be54f,0.5361737540344741
203b6e0e0fcaa971,0.11330648035992132
eb36b4336605a7d6,0.11794816121295403
14713adcc060333a,0.12195997935927141
251c0c9a3789eff9,0.18151854017039126
0d0e059449af50d6,0.09228851738130758
63b1850f6f5df5d3,0.10592592732064905
90ace0c383247390,0.07510422085635378
1ba1d1cb2d6d1bb9,0.11204139704304263
dcb2cbe56ba92129,0.07494555547676232
88b8fdeb6d82597c,0.09040659959954207
0ccfe20a4b77ea6e,0.07605017883835356
3482a5b15357f00e,0.07487972378912047
6d71348fed8b9c4f,0.09368253370606855
f8723e3306bf7c43,0.24275025068830422
7ef77b74f9baecb6,0.08871095374377604
bc80f01834269376,0.09679892407900421
18da383af4fa3cb8,0.2927227898652415
b474ff492fb9a94d,0.07807635597582739
d157b8492ffba0dc,0.08894174166436304
cbd2d4eb5123804b,0.15767017215439752
0f9515404031e965,0.09749628638780426
4f1dcb8a1669a31c,0.15953607079630389
28c27ce346a7a7b7,0.20675603196566844
58928eff8cb29089,0.12716028246989106
8069cea0e02052d2,0.07647212383795254
3b583c05db5ea4a6,0.07273684965554338
36384df41240d0c1,0.11317249413572635
15e9a245d6d06a3e,0.2023017574534655
d2dba561c29b817d,0.135281111714114
2a507f7014709986,0.19713920509620764
a27e43abacf3b1f2,0.2141873166562155
686019b683e849d6,0.22641964728343278
9a3663eadae7822e,0.17348848406944498
f4857bb0e0b52a47,0.10599463122352643
29f988f929e638a6,0.08487827007033459
cc08f5318b40d7b5,0.09266565487341909
3aa8c59d9c5dc7ac,0.12478758658549352
eeeb124ea0b0d51f,0.10118306899650309
c422bdf822a0dc56,0.17497087726961855
98269904767a2636,0.08933601245008829
e6cbd02151c72662,0.2281386691544456
5e7bd880681d9f61,0.1536077436673136
fbe456da262eaa3b,0.12323512960986277
dfe3e7968ec080ba,0.09757213669928702
0e9ef351ddbc9ab1,0.09334371298102855
2902b3339eeca5e3,0.1345427617321392
a7137a063b883e92,0.14660169096066344
b733ad3dd8899d06,0.10317118578051428
44fe9234ab115e2f,0.28791601758458013
000b03fc8664c7d1,0.07443301073169156
9020a01496eaf633,0.1820921803708057
53b7a21b0f4cc200,0.07761066591518334
20cc306cbb1c6bcc,0.22217045315558165
debcfcb981ae0125,0.0769360154716362
802bd1039c3e6a1b,0.07459281902816577
5f5c21e0b6a4d4a7,0.09984570951269509
4e1d92bfbc009b58,0.16552274889852642
644c03f056f3bf9e,0.2179332318719414
3b4855d86d450661,0.07619019502259732
dbe1c9a9d3e563ac,0.09254382760003173
2fb49e6e63bbe8f6,0.1803776311709212
2347ddad2e1b095f,0.10345454312113544
e315a627d1ca8573,0.1993431136142147
0558a476ace81c15,0.1327393507965206
4426fc96456aa43d,0.20591247563816
ee5092888f963b26,0.09327314442366179
57886ec9ac1bcba7,0.21177089813971156
69e1947ef1a19192,0.16040601678207236
af29d6fac97c87a3,0.0960826971680531
6952926383750b48,0.1257732427235882
b6e14b919c7ad1f2,0.08996810971673895
8d09ba7da0267580,0.19027327476823727
40e7e13ba421c25f,0.08522638898671948
c3d8677083122b80,0.20966570032716395
e41366313db49145,0.08399967324228691
ed95e31015c5959c,0.15105398500577735
64f0bef89a702494,0.0761803945997398
81918dc774b899ca,0.07475484384878091
dc9dc895fc8368b6,0.11642299332729916
ea0dcc9add9ba8c9,0.14562169700740552
c45a009981cf2faf,0.18512012137293554
ee4eee5c2cad18b3,0.08979162345037314
4b8886ccb99d4b95,0.12498865154508502
a11b7637d21059b0,0.08610786260517468
ae6bfde3685ef5dd,0.07459047002989681
095f96ba3b90f727,0.13131268063025128
c800465fabd83658,0.08487462681841836
c75993f60039bc22,0.15175158920827692
15b2e13c51d54758,0.12772286072975686
cef343af7e936391,0.1425104347654751
bb9e37137f42fad4,0.12054361352230095
b6f54b152f0f2c28,0.12513632141394593
54548a1370ae962d,0.13830469432388237
774675091e96f38e,0.07297872865174025
64db0198c907fdc5,0.07831373537872688
ee3a2eba79a61cd2,0.08651759669350854
d87ea92ca2504e8e,0.2643455631581621
493f68967d2931dd,0.1059595795501389
33c5bd3953cad989,0.11655766224528949
31719675e9834500,0.08659998976647408
283d0d3d8afdcd48,0.18452490046792008
0954b46131527b56,0.0752655312367438
c7f99cdcd74ddfb2,0.20203207249949284
89e81b0750c67025,0.1518913326254836
ef2e114a293d6051,0.08627897944000307
3eaa82eb74b0d2b9,0.30063911875797406
f115b5827c53fdae,0.22097375697533606
5b981d50572234ec,0.12003484165044578
bc2a7ac2fb6ad312,0.180797056607826
cabb5fa14742de79,0.20570425234737638
9dcd899d3120d04e,0.07684914099484576
5bf75dc153469005,0.16803302891785274
a99c57a3cfd238a9,0.21988032617452516
7d3c73f6e6251236,0.17384120164521616
79c824cab095ef0e,0.12061612318901871
50457f03b19ce000,0.17860404376445133
72ea29c850f97747,0.11920451854204661
949aabf35ccb0c4c,0.14810589396716525
bd3b7b9b5cc3a346,0.1319369800308371
581ae7bcf533000a,0.0852710371397596
f944b728b8eb9aac,0.13228628999723907
6add937f4476df2c,0.13619926589384435
478be273b158fbf1,0.07567693258357541
43c1856ef31d1073,0.21568529994269586
8f97466fd3810c1f,0.09459614103101083
3ae22b8a964781ec,0.13060569337917047
82ba55bfceb0ffbd,0.12137167466817197
5966bfc14b304d05,0.12459090924969121
eedd90867e3cd9d4,0.07139826224105861
99db9ab5fdf84102,0.07325751329524047
6c6761878fa11c78,0.14970464893792454
731bd2e8496a9b0e,0.07801519656604339
9f1fd83e49b82f88,0.26616437869618625
51a2cc12286941ac,0.32130541943733704
7b60067efe8e7c4a,0.2157269362024588
7ba8d7a5a2f30106,0.23374563427747536
677aebcf5c57a29d,0.11755140415020587
c2e6810f10057ffc,0.12748894195284513
f770bf49e8b32f7d,0.16304311191715756
d999d97cecc80f08,0.16601150781215201
225695249568ef3d,0.2561273309602968
64c347ce204607a2,0.1972402253399232
8b972fc1665f8aff,0.08230964753050242
fd3a180f558ad235,0.1294324962567924
f24ea2f162b99780,0.1999028486011266
71edcfb193fa3be3,0.19098272784666048
4507c7c846e862ed,0.0979625230041604
ac51d145f495fdf8,0.13000888916293887
3ab5c54552e9add3,0.15056227981075657
0e545a1fa4aecf83,0.07945762087523325
19eb7f93e53f33d0,0.10678385798678741
f4653f53352a740c,0.148773813841456
c716d718820e66c0,0.0891198825507804
a8a2778b42759e84,0.16786697221255192
d632ca08f997e38d,0.07806925727845952
47c56ea6034205ca,0.07578813812347009
f436395245784b88,0.2477614342348654
ddb7078278325022,0.09135689851652282
1c24525f31c1953f,0.2037277653138319
7c7e6ee56d6ea5c1,0.19336069746447698
0e67b9cedd55f492,0.09371555188611905
a585afa6cc802221,0.09828017231815492
132bdb2d81abf434,0.1352114168491221
cdafcf3dcd774b36,0.13677242891875668
5694f780d2c8e463,0.07397657725268404
317ba4057a04aa16,0.19659813278710386
a92ae25f2defd1f4,0.15201322626732167
ff0073be9d8669a3,0.21420875700168746
2c4d6fd16e7da4d0,0.14990504009812794
e8b93ecfcfcf69bf,0.13202078429563127
aecdf632644c9922,0.19195498732298627
0f4ac8759cecccb4,0.071721377876035
ae0ed79b3f56091e,0.14433169292175865
492dcb545fd160e3,0.11522904749690124
b6feaae9a6963540,0.10362438601151658
10bc80bca38b6418,0.10585939647753122
d8bf52f15b58b474,0.07833155226675022
d590d13d8a0daf0a,0.14296723401784345
bafce96906ba0c73,0.09701892525798403
15a89b9d9a174795,0.11492955740084793
3c895a00e202bc6e,0.17943518580026058
62100baf87d531c1,0.15288292419811117
8ea52f2642c87cd9,0.12104155746655462
78bf3db367f46ea8,0.2663674905090409
7303626be6419b04,0.14369145384739318
86f2e3f9f88bf00e,0.21654139019261948
39921131b7d48cf3,0.16320966503633086
7c06255c489ce455,0.21773643493841685
2a0f68fcd60099b6,0.17620392072333918
968f899504b28211,0.15013282099125205
98dd9df8fdcb29f4,0.12061628403439943
ed55728c47c8b666,0.08368973153792565
0e54abd540000681,0.20755832431231563
2687ae2ad26c6497,0.17154026295795455
afe3e3f4edc8f7b7,0.1155122136743846
3d8ff2a3976b69b9,0.11707458442905497
13e6deb5f77cd1f5,0.1391870918568728
8c8711be796262dc,0.10632005138445691
8eb1ab06839664b5,0.10477708039079878
dbd58b32bf776c26,0.08538161096663541
4be0c2fba004271c,0.15654134151816326
a0f6b49ec1b86bc1,0.17659590833117345
3b33e5fb16341fe1,0.1645419614275127
d39f326ae61cb937,0.07270849872995859
00e28c2a11d38c61,0.1899985086441378
a55c74a9759fd56a,0.07535132035170065
8bfd04b0788122e2,0.44349129319693364
895776a9cf9c8d43,0.11913555394111439
7ff187535e206416,0.3141675424694889
b2d991e4147a68e0,0.07409342560573212
b62ae246269c58c4,0.2221138945756674
b8af731f19b5c84d,0.07130023558031909
19f5143484b38101,0.15962240296202965
982f6a3f1bccc6d4,0.09047338057884143
2cdfb20347feec4e,0.21400924036944727
5b2d62e736467c16,0.11208829070687103
f85bf07959deae92,0.08832274691627516
8e923fa1dedcd01b,0.1294178795769271
93b3dea6a99fe31a,0.11842327346529538
8bc3af23b3d5ba85,0.09440570685931099
91db39152bd6ad50,0.3021524326290308
d911a9c74b505826,0.1789100691425791
0e53e628826772d6,0.07774074244468665
14d7b607e5e3f0cc,0.10888377010043354
f3e8e3469f0aab7b,0.08285024679727823
b9c36eb092bb275d,0.1478897733136197
9cff3e265921dfed,0.16629607667507074
585bc81acbe5b1ec,0.07420213391505248
15f8e68c7ac23dec,0.1057281180620531
a37b05bbb09f8496,0.22192004005184449
4f31f80a263d61dd,0.0785017720498767
6a3987a9bab31c44,0.07589059314038407
9f59a5ca5ae6d119,0.11249399855019573
afc6cb824b3596c7,0.0746885113352086
64dcbe6f4ac8de61,0.21448048652200663
1fcaa5c3533f63ca,0.09228675303915207
a266793e0c2619d2,0.16622718858408014
598af3378495839d,0.11023877831429608
b40ecfcda1506387,0.08689991465440974
22537a4c1f1cb22f,0.09148145823739653
8c5b78cda30c225e,0.14616028587664884
3239189122d043fe,0.10283368378255595
4b34859a41dd8627,0.10202792948439429
7577c8941b2e888b,0.07411987079924202
8ef15229dd291883,0.07225124197630851
3332780ef14cd99b,0.16492972865546396
f93d1a6ecd62d897,0.12375665160876798
9505f55ac00dbadb,0.2060912592108462
7c1831bf48bd728b,0.07235686242199667
17cf81ec2dede54e,0.18129929615968401
e84c6f3155ec9762,0.38673635205001544
e894ec9e0ac2e7a5,0.20550731880068068
c307472500eaf782,0.20233996312929448
96de47679c4cb6b6,0.08839111935532422
e0dd44e7040c3168,0.11709146605527726
bd9e6bd2fcf5a54e,0.1671842036494898
0382e0d155285962,0.12444079728396318
509eccae9abde09a,0.21037806004687853
f2147e0be04acf5c,0.16610173524269517
f3a6b01cc0938196,0.1911564050864823
c1956069b7309004,0.09789685392606323
2292dd5e617286e5,0.14115121828458177
3644d81639ce9f29,0.23967092906966972
4a5bf3e5c85dbfe9,0.07894081494511086
095a4f241c64795f,0.20690501173746295
aa45545b6df75be3,0.15001575799404188
ffda21a7e2973492,0.15924102191227849
662adc1ed3e8fd43,0.13089996242153168
218ae6cc5968ab6e,0.21066721766218074
316379f30810e1c6,0.11986427286060108
eef8a37b8fe20ec4,0.3199162519628969
d9a0aead3407db9e,0.16241614792693201
f0c65e7320950a84,0.18145828155080518
4625132a59dcda74,0.28768793452771874
ab1c8b0c3967b656,0.28323956891763075
f00224def382933b,0.1482566229049878
090051f10ebcb768,0.11581576872727423
2a0c37f157e82f1b,0.12429168000743554
61914ca3afe42c15,0.09323410718063688
a9fc0e9ff5b0e706,0.07638162626848556
f548f7ed3074067e,0.11100453071765226
9aec70578372daed,0.08226051597774395
fbb0734a4e985290,0.07770547309040385
a8cd11786e7fe2b1,0.1237332732569665
6a4338f210f336ad,0.1072988861446277
cdb63c81014bd072,0.10477496539006506
2c5a98b60450efca,0.10881220796799836
2337a75838293036,0.07822563104967828
a0ed386ea018cce6,0.13237995005295428
db76609f02b3bb31,0.1582453514554336
597bd387a63987b9,0.22057239641112225
bc7571c47a54ce9b,0.11760529316259083
547510d3ce221301,0.1612814541077248
8e84181f60b3ec91,0.11803216411241782
13880ba898b8f597,0.32538146281122404
9ee1fb0201512e8b,0.20655531633212815
48aefa3d80da5764,0.11398084878970526
498d517a667856a7,0.1347637175439807
f07b0e35881505f2,0.0916970367726573
1df225f3addcce26,0.07200709932936464
84a772cbe6d216a1,0.1068415759784851
f0e4a70f82f01004,0.1440171361785909
3b639af3777f4c39,0.07270803809376342
b9f77a4295400abe,0.07477308170070497
7d646e2fd78953af,0.07230625401996504
4127b246e0beff6c,0.07398968479407962
2321d1fdb21c809d,0.1021389109078703
9936f8d7184f5e10,0.07309059044725594
e2e9ef0520d08656,0.07854064145256857
0aa9b948dc8766c5,0.08108301121044995
d96df85b5160b1a8,0.08836390531760055
3bef9584524abbef,0.16175089636222437
806989faeae50571,0.0729991510517076
6fedd263e1290110,0.15691350241100466
5762314e60a560e2,0.22699677682129976
748cd550549c514c,0.12527140725206723
58a8e997e2757de6,0.07215580443912714
c13887db4b2ded8d,0.16142458656603076
eba0106899e8fdf1,0.21385654692884226
a947c7f89cb176bf,0.22750788347754164
4ac4a17692a2a70b,0.07328522248838283
2fa4409e1b6a3d85,0.18990836428141897
a783eca691369f3a,0.12949930472881918
e6e45dc137aa0511,0.07241816390728101
c589fb4e517e579b,0.10694641423565776
0535f48557a68402,0.16890973546152324
48e423add1624f2d,0.1774287294558695
d20110b1a6f20e55,0.08233094319254973
739f7cc76c78d0bb,0.2223491781596394
2d439083c11f62ae,0.17576646162462653
0c74bc780e465296,0.09264130597514474
52294576789c8ec1,0.15396291836679338
99b2421c51d37084,0.08227523381590914
de49e465a4c970c4,0.3226486430489748
4c88fb93b8d12270,0.07436253917844272
dcce15e3b59d9796,0.07991142657314057
b8e0e09067432f1c,0.21015432345058918
962f882f18c11d46,0.10201223346214328
34753ee28116af4d,0.15768067713886907
7c71a6fe87ccd6e2,0.07668765664096809
7ff97e6a175132ea,0.14373983376076424
d84022bd67943384,0.15150781673973757
c270a677c7614aa6,0.09590457101330221
1266e1b58e87a761,0.16163945209334332
9fc631524aa3372e,0.08261516201708967
88da969d80daabce,0.18742904136862673
9c5cf1807334358b,0.10865739971084673
0e5706f9560fdbf7,0.1062852521686728
d9db7cf658a35e31,0.2117640763639934
38bb0629e63b6590,0.143298032563154
726236f75c9de724,0.15286636071322277
47ff559912cb3714,0.09010478202265113
bd567ce69cb8cb62,0.09094432522933998
6b7338c16e1db627,0.07324027968190457
2e47f13eecf939c0,0.10356090270209609
7e001225afcdc58c,0.17267300229142513
b0ba287dc9f94b2c,0.14832519550583573
07be300260466f0d,0.07819928311873722
49e2abe2ca234745,0.21029519177710648
bf163922b4b12745,0.20530313120855853
aef9d385e9ff8518,0.21588154875736562
3e364e82bc780650,0.24903947952554692
393a9aece2867c5d,0.11559089574095763
b0519105b55d4bc5,0.16875076370412115
c5a4b1418dc4e412,0.15908068837383615
ae000e40b4cdbc49,0.09561146598648324
bdb4932474ae13dc,0.20185572153656967
54ab20f1339d0955,0.09068424635947477
bb6cce3b0b6744fe,0.08978541739211321
0d04ac4d48d1e700,0.26659920780338375
6e3f51731aaa2c77,0.11754519563781776
783b7b163b234e5e,0.17506942211440618
bb6501e8f6ab95a2,0.07567511065706164
e5f20b7a540b7472,0.11399344228693621
726e2ec81830f724,0.1853187895733721
e8dc50204900e975,0.07463200692080607
1334006b9c4f4ffd,0.2209987182945954
3553330b5c7e6092,0.15214294339672044
e1a3e161c8b2e221,0.11629483863379411
44e747740cb4260b,0.07404897236303681
00202304b4481207,0.19481523884085
931eab5e85d6e3fc,0.08411436921766051
e4b8ca3da3eff8e6,0.0943990845989848
103e5a44f9c30ed7,0.12055788494277586
448d40536e9c5670,0.11525871055286516
1b4d4b42760e781e,0.28253548096036535
e0b110d4f6844bbb,0.16617266608472533
0d928dd7f13b92dc,0.15490203890407647
1bf6e2dae324cf0e,0.14430188551624215
b2a17e2a9337f111,0.25879940243882626
564d7ef8fb681d94,0.10915431402176287
a2088d882fb6d77d,0.20232599567893159
3fe22caa380445a9,0.1447778717526581
2b3c171024a98155,0.3346652702080492
2014d23cd7792183,0.15983915405557522
fc996643d63f02d7,0.08950638859491597
c8d5c605e447f4fd,0.11807100317400376
634298df42266b22,0.09132419635051889
5c8cbaf8b4d39f57,0.20829870663108518
a688ddfeb76eb78c,0.2213378157512164
85a12cd29f47007e,0.08039795068697624
a5e1a3f8e312e1a0,0.0723567975068875
29e076c93c2b7fab,0.20776072046417066
71b7b90e9a0b70ae,0.1676811866295948
11583aaab15330e4,0.0719381067497254
5b34705855c1c880,0.10258712608447834
26361ce2a06897d2,0.0952333493413833
2be888bcb74be336,0.09769239061093071
fd96abe884c43d6c,0.20486487338430748
165fc0b6a160dbd9,0.22389891939185766
b8c8c114a79ff453,0.0769711276697808
e22746fcf084642c,0.07337582579701867
3fc60942cef4b9f8,0.18363694775329248
c78a85aab85debf8,0.1353760194488008
9c2166227724c80c,0.07439317982692993
e0291b12205c2c68,0.1802203645164409
307b5de4b89748c8,0.0730584937639911
b83469a7d7ed138a,0.19061731589153835
4726c5e084cb6f1c,0.1524757269592262
33795c308f648269,0.3090856554501861
d44b56532551df1f,0.18999357640444084
7db689f550f62666,0.11224779305039295
c64b1df6de24f982,0.07747928112604581
d9685a6aeee511e7,0.09092578441202144
2c867c13048a2311,0.22015466793217273
b3f36f5f67857959,0.09872849957869939
c8dbafacc0fb77d3,0.15030137523861312
3a1b2137777bcba5,0.07443182411546768
c9627e77fcbdd360,0.15072225682414483
cf4f6641c91382ed,0.09961908451663021
fb519c3fdb753245,0.23658609416817483
035449e62c90677f,0.13903680056570866
5201d1bc5a7cf0ef,0.1443306517198365
01ef09b451cbddb0,0.12686556710092756
b98e367af7c0158c,0.073827675540303
bec6844244ad0aa4,0.1281696263470169
ed82262b135c6e4f,0.19340371953629554
67637bf7061cb7b0,0.07430570865882248
96ef8b85b60392d5,0.21758931774330714
fc1b0a61b9dd082c,0.1362363690343079
c408b4beae948cc1,0.10988767995388236
f26323206d284ed1,0.1378037065539404
9214caa6c1a0dc02,0.08253176228539276
591a28a3c195b6f1,0.18047469987003656
9cd8a8ffb7a9e96e,0.07456124894902248
7ce580a49450111c,0.09129982715492556
abccd8c43775abd4,0.07647924285609642
5c6acd44464d3db3,0.27346910430548593
b0e58b3d4a2a773c,0.2238904847573045
eff75fe4ffdcb49f,0.21004979307146
06ac1908fb89960e,0.17019153258211556
6e61df7259588c80,0.2652315448733204
87752778bf4206ba,0.1470372007606794
2fecec0b55303222,0.10795229668755113
d57c0fad9eabe24a,0.21673458908357549
93cc7546b8c345e6,0.23973422335519795
eb76de6938c4c38e,0.14748952009755223
0e733a579e63472e,0.09477798570488957
e7dff8305acefcd5,0.09022051926672754
23423479e34fc441,0.21610309051703244
3f66f582c2bdc24a,0.1234175759152964
d312e4d7fce5fa01,0.15811149116092638
c04cd9fa54077b8e,0.0979260300485266
04b68ab2f6458e33,0.11710018141732854
35665b0fc6847811,0.16862295741943745
9028f284365c7863,0.1151510667385923
fa23926a88284b39,0.216150968908095
ff5e27f506ba1ffc,0.1682528896400496
e6a04e92205e9e33,0.17988360657446695
934c2e26775faaec,0.07521259236436861
35403697fd72709d,0.12597492935778162
fdc814fd85f237e4,0.17760763012309627
bf4ee2f20859884d,0.09138677506712937
d2d10af48a354c4a,0.11860146798732488
a38e463e1b086d42,0.17506941803205675
ba49ce0117002110,0.12540916455118933
d5393f1776772d2b,0.12841238761028886
80a6b6e9f65aa3ae,0.11140823795496715
d84698a77b768899,0.07429165179608367
8d09ae0709d01465,0.20689659289473178
0ac53b64e16a0efa,0.330842505546933
a632a91a07ac8406,0.15615736294343707
1f2437c787ad39e6,0.21521128089498315
beb116a0a3ad4f5d,0.18524528721617817
c38f343ecf8e9527,0.10086788705821899
d04bd8d61ac99c5e,0.09288821720440987
6a279faa81d0684e,0.11534313564158179
1b49b1154407ea05,0.12916201035076186
b71746f211be0a24,0.07154982392846425
bbe0b7fa6d60f17d,0.2150094537489107
c9117e785fa1cd68,0.07821762502190642
a700a6b3a689a18f,0.10561984063458718
d998a004d828aadf,0.2245956970003671
54cfb8bb56897eb5,0.1854347828844673
bafd504785d302a8,0.21454356580530606
3f45db97b95a3352,0.0933460531215182
2364a75ca729f899,0.2196803439761938
9387acf4770f549f,0.15081873497142734
a434422326289b00,0.07555000456778274
8bbcd05afad8573e,0.238522893047859
82fc48f10b8d7cc9,0.08685390236832878
65dd24b31c0c4067,0.1537539622660618
b25ccb8b682acbeb,0.13804987685311207
291117008b4408ee,0.14895902905085556
aae3422dfbb55bf7,0.13239321944353138
d436224afb38b7e2,0.12036201950352435
1287c0ffa2f14635,0.1138217000267899
4feb7edca163def2,0.21301682540086378
00df2416e72cdbc8,0.09116927975273659
e51c757048ea36b0,0.077613654303402
59e45992c3fccfa8,0.14885702288180364
7b44475e4e2e3b92,0.17134766438732363
be457ea8112e2391,0.15134797403770778
1e4fd1293a611d2f,0.1768142395743706
343371989bd61c74,0.16465536657893723
6bb985812e990044,0.0915580079105855
c0be9996bfb5270b,0.11157230606017968
bb367ec1a239b8c8,0.14699801179248315
91fc9ee0920431a2,0.07866664961074653
82f2985fe6157914,0.09265425496437177
eaad7a9709bacd50,0.1451853189616123
1bb729bdda8eab4b,0.07488227244945841
35320f198f2157d7,0.0812046907376376
74cd9018fd2aa194,0.12021330375026944
fd091b5e49f8138b,0.14450780411945627
917e088d530b042e,0.21737416494469672
b0e606a7344aea7b,0.15706262160674547
c220230ca6b46d2e,0.11537649632326367
2174f0850e20c2b1,0.07529059959347774
3bfea4a031f46e50,0.08414147717763551
22199945c8b6f01d,0.18963177041079948
efd4e993a8d94f5e,0.12365647583105463
acad3b0b2e72b212,0.14528858697917293
1a33438ea9b6ba09,0.12036586803806293
c9a22295bdb2b49c,0.2667910470241786
0a24b5a0c164f36d,0.11599271379572809
12b662eae7ad89fd,0.10441499301284489
788a4a1a340ccebd,0.2133869364781522
0b6ebec97e53c571,0.106305683480192
be4269de80d8b34b,0.26816913794527447
ae99dff2a596c7fd,0.18667871628925567
1cc563af87248566,0.165492894389291
95b03e2a8add3a08,0.11900591329290026
bde7f9ddcf827170,0.07530170786014599
e24c4af855561b6d,0.11785457356642182
a1ef8a44aeab6af5,0.31718125700100613
2bf2e0d5f713e9ea,0.07430569552686195
6585c55605f3d692,0.1711516277347791
4a44bfcf3c8bea26,0.07290013900003643
78a21d5aa40bf4bd,0.09739120536654586
d208a68d90d83d1b,0.12227283166876492
fabf07be02cadf0d,0.19945173924840393
3fc8a4ec51114a77,0.1673066737691325
d8da2f9a640f4e03,0.14588004853678319
f7a8212a941af65b,0.07195733046209962
836c933a5cb4ecbc,0.17879680244034934
e292f252eebf817f,0.11971842332839971
ae7e8b931e0ade53,0.22244072634615636
c937062a293ea0e5,0.11313128348582517
673793020f42eaf0,0.08232710113336646
531a753aa5a10879,0.08935065277136585
65613b893147c771,0.17710083900315574
a3609d34533ca6b4,0.11637645243597944
c9eecf5329211123,0.3439717414368839
4e6d4f733588a212,0.16628780312770508
95e0d5ddca2118d4,0.2614034239627265
4b071534952c920b,0.10909400330269206
f333221664eda263,0.0932476431547395
8627e41026f74eaa,0.1468728588444665
789f4695cdd6a417,0.1240559853328782
908034eabc372b99,0.08951295000683751
984bfa387795ef76,0.20056170406570245
91c8e8e6f637fb1f,0.15870422013405064
363aeba9c072e960,0.20260848695598632
5cd6915b98d723ff,0.13416213936181648
20f027368dbc60fa,0.07496311893286649
a58841827e8017bb,0.10341655210314865
ad9e6a299aee4827,0.15063609789857463
fad46bf569ac7443,0.12695633060110775
0bdec115af64e996,0.1396356485785945
e78e15a02aa6163b,0.226031219018057
94c1b40d53f1c78b,0.12571684321683516
c1dee5b6d55fd7c1,0.25746935913952906
502f0c8494138feb,0.07266826549515375
316c5e9c86bbb645,0.0818107896481008
c5624991cdcf670d,0.10056164892829639
e000077bf8c8b49b,0.13551055859030695
9a36d5ad49081233,0.07582090577761597
e4ac16a92daba7e8,0.17287843472624737
caf1ce5141ffb34e,0.07414031842230488
d07bf091bf998e0c,0.14094694694704504
f230be64e9f003ae,0.2108147180157292
fcfe55e0768ab257,0.08444480922482135
ad04ef9c94f25ea7,0.08702015034072647
b6c3dc163008115f,0.1057280180393926
2a0af6ff3489e003,0.11262255002254917
5c098958dc2a26c1,0.07512192789648173
a802f6f7cd6d7b2d,0.10825373449011148
f0897866ed523f60,0.22535041969558908
3c1071f1773cc7f2,0.07167683039038462
5fb77ed43c58e517,0.08361582091181602
3fbcf72648af3500,0.1074039353238356
64964fe3e34849fb,0.09259558758612747
3d3b19b2da76dc78,0.19410749469004865
69eb4e47c0f3104f,0.15562192472930136
1b55daf09e9f129f,0.1146206953989099
853fa0b67eda4e6c,0.08523087494659917
636b3bfe96c8c67a,0.09225994486458836
51b24fbdde490535,0.09051102469209416
b80f84359d81c98d,0.14259935414249988
a865666aeb2b82d1,0.07234155962911475
08fd3d5f06273089,0.07344245720376562
cdac52f8c24b9616,0.22340387233450243
bdc841da585c4a1d,0.2126877986111468
8858154c3efe65ff,0.14355815432791696
29f989d45429b9ee,0.15702134509675938
b97dff4909968aa8,0.07282691988879841
69c86328a89e4898,0.07414978162184079
2d50759601edb9c3,0.16288764828724706
134be78ce02d48e1,0.14829304963027268
53b540f7c8d16cfe,0.07385499125310774
76d2e83b30cca3f9,0.10902479013336869
062167d4ccf76346,0.21504130139363123
84cc2a48661e807d,0.07956375084165226
60f1e251520005f8,0.15211388160756442
781115a32396b4cb,0.09673099521196676
4c1e17c82f4cc326,0.21075601541057187
b602ad5debd51028,0.16406915307298414
4d9da053a872a970,0.16767858054754825
95f7ebe4304bd2e4,0.2204298099338864
67a8207cfef9f011,0.37845433971203846
b1c3468185b9514e,0.1593282701991595
f80ccd7ace26ae4d,0.4307291932566454
3ac147039aaf4499,0.09090498225194926
fe5cd175ea7fc09b,0.07544477418032228
9026d2936cf2bda8,0.19709348378940444
a4b0e01784fc7cf8,0.17988951830367694
43c462b48d97dd20,0.15927011908392988
e36d0189d20a7617,0.09520038972518766
43c3586991f4b403,0.09446488470214442
009e48f2b32be557,0.07393167928672932
a1689ef168f2f333,0.2257511401583901
dc310fc66470ab07,0.13019252776069995
bc654d187751fe04,0.12333685297201502
247e62af046a99a5,0.12170443005508297
48f2f9556bb2ad1c,0.14519702106701338
e604b921624a200f,0.21741282740666007
e46765e152f7daef,0.1635581267439665
3d183f0c812b6d09,0.15497036842028153
3a7275f9aeda8305,0.07446031555372089
1d994aeb47ff952e,0.08580311981981951
75dd9cd1bcd35d05,0.07353501064485544
a976b4932381b300,0.07346394987191622
da2e39ced8c0afd6,0.07921513908537077
c77fd47bb1683f58,0.17329840213920233
ceeddee046f39ae0,0.07390007482197003
cc50dd12d1f23bac,0.13125309488984527
8b73f447d60fc992,0.14542151710429463
dba1029662f0c412,0.11953453967072099
ab65e0876504bba1,0.1865348000072233
00754e6b5a7298f1,0.08577992178824607
082f192c053e5283,0.0773827070749452
4cee8c7c13d1afe2,0.13581899495575606
9ea9e3c8cb3df9aa,0.09226510076818181
2caa75dd78c01d17,0.22053436076998503
42ca39ab5466bd19,0.28025232318877175
939ed128e268f834,0.0838809272895192
e452cd65ed19c900,0.15406636215083078
e5ee2d79d0c49d1d,0.21913272248162124
ce0d423deb82f2f5,0.08826377936338985
3c30319ed1684972,0.14036711762923473
18968bda98628242,0.15277845827000172
9566631a173d48de,0.20779540041616107
01d78d3ab164da20,0.09155015927767754
7245800926a4112f,0.15348676499721722
3fffc62471c1f18a,0.2439247400364068
3b530b29e9f5617f,0.17139362117241863
65305594301ba50f,0.1790981939293252
593ee003a4981c15,0.1281911159805162
f79985b30220adb1,0.14109156106030735
60dd8dcd3a1d1839,0.20813136284861072
288aaae44688b015,0.18499943822687734
8a16369cb4554d3e,0.08626368199445097
4e49cf49f79e1181,0.22926937189000915
1a6026c94f49058a,0.09282997248043916
8c29813aa363f889,0.13901373259670852
5fcc5826d5f8db34,0.16814391774376738
b002c58138c724fb,0.08064608928743838
62a918db11ef3076,0.3143698458755738
8fb91f382ae2782d,0.20546613578243347
af730eb0035cf0d3,0.21859286782502504
546fef357d2bcd57,0.19369522133755154
c6129c4b99d7f4c6,0.15072795814711176
7596069ac38eadb8,0.11170082686912083
9560c8310cf23dab,0.07174282535811051
ca1acdabe94e042f,0.17004115794485505
521f9d2193473fd0,0.09958312559912233
617eda3b96abb577,0.11623623685951606
8d735b59dd0a4270,0.21793023029776226
1b405139fc287a40,0.09883969963818326
e621733719a2d775,0.19700326754556452
95f4b0d76e779b43,0.16873297178060606
bd6a23cab176ffec,0.07446357547281332
3c5fadc2c957c7ce,0.2307575599436426
37cae1b2dd3c1330,0.14604662259899454
0fc2ffbd9370b121,0.12628466583780543
b31de0d8e304eeab,0.18757834920461292
5738bf5ea59fcb0a,0.16719530570658755
402c7edae37bcf39,0.17953414396669948
1d79e32040c6b05f,0.29757917362343905
bf493f6f4a48b2ff,0.07782350410903627
8530681352913ce0,0.07649023989420162
c79cb0e184ac42c1,0.09784997759041732
32ecd92eb352979d,0.19292924402528955
c9a54261284070bb,0.07525808995205295
e6c2ba81e397e33d,0.09521716868991409
955bdf4fc9420404,0.10712710146493785
b180a78e50608ab9,0.12575484817544483
69484ff0bdf4b104,0.1254535857489856
8d62a01ddfa11fe9,0.2007054651446289
12c3df9b72ef96e5,0.08033272962974512
12ccc513557a0656,0.1167452100060693
2aaa9bc35f4acee2,0.37616039581092287
e31d14248a98a72e,0.17746444414414664
1058c1f47fca2b81,0.09809185222190378
02ab14036929f70f,0.12925284977825255
6880fd1518aecd04,0.12078176245409704
580068eee74ae5d6,0.07319682931231834
fedf1e1bd320672b,0.09445210428275407
d47c1d43f9dbdf92,0.10502472645921904
8a7fa6c84cb2b0fe,0.11730564975999833
089bead0dc0d7c16,0.14718900929273188
3f12eac5d776ac9b,0.09207986152088728
2b55254bb421a326,0.14349494498199294
16721efb42f49e40,0.2233433861070335
87ada6cbd040d527,0.1336879765430542
c5c4d8e14015f4e3,0.15809543076166127
5d499b0e085f025c,0.20156414736449718
183039182079fa48,0.20920553785417548
05d6c8a5d3db19c4,0.20687682096449594
4477fb4e0a476ae4,0.1612548156225143
3965182266dda565,0.12803563574396748
72bafef29554438a,0.1424061779015973
1b31f23c3e55dcb7,0.13646680471960032
66c42c9008125f10,0.1544918902759138
5bf14b82c919f706,0.13556937928424415
2c7401c2798c92bd,0.11399274407149756
4adf517216b1dd47,0.07533989968678731
26348c70727fc713,0.23983451502881248
82c1c6b9b0ad498d,0.1433843410341363
1365ca92c2e04031,0.09480759258969201
9edbc98e397ab4c2,0.11763995195696249
1059c066d6e0626d,0.07398023323113607
af993cc3ac374b83,0.09770373736333772
f32194afe634dbba,0.16774947077515182
29de97ac80feb956,0.14300829578786597
e5fb185d8c6181d7,0.11680786628400396
632347c0452d889a,0.1915449787394976
35ad7b818afa2cc9,0.22230965051973445
0e9b47d072e9f5d9,0.10524005026366198
4b2ee7a5a4d7d797,0.14500094795162896
793b579534d59c3e,0.1183765232979288
3b23c46e8aebaa25,0.1789924167818293
f68b741461469ae2,0.07238412431713301
79e144db8265864c,0.07282246102085943
09c4fd90bed2d748,0.19269541864014877
2215efb176105acd,0.1623988952429561
b4a9877c6c234878,0.12913158593117344
529f75ff399c033b,0.1912179404979667
ad20741d26dac628,0.23308282860969043
abee4fe9fcb49deb,0.08010926723911797
80bf7ea1dfa6b569,0.16354521209775127
7d637676608f51cb,0.08916080741097965
79855154621f663c,0.07970499845749562
db630a696b94324c,0.1288031671953463
2c87f55f1bd853bf,0.07590459240981573
05466a89f589fe04,0.36392682070266313
073f9b06f7bf95f5,0.07984363044552657
d8c52af1d9a0ab94,0.07859858120255139
170df691b9758d76,0.16450280680182497
098c223fa7ac1f73,0.14490765128091643
947d4f80370f0b58,0.11427466961508019
66196fa0af9abe3f,0.1797161697629298
356513b3059ae50f,0.14985446144159728
a951ca23d4bdcc33,0.16559114696861454
defaffd4e20a4c47,0.08373191321090724
9aeb8ce75c56fcce,0.08303028348160628
0e52e6d570d8f008,0.07504049758466952
d177a330dadb2707,0.0728796001909175
4acf903d98d08aa8,0.2552283851281763
673bd4205f6635b8,0.17464973728091027
17b635201a20862b,0.1407304782862219
e31cdafcb4337eef,0.07848227985308938
2f57ad23a2ad21f5,0.17124932445117577
8c76f3fa81c149a4,0.11463259661283191
7448092b980edcbb,0.1749436093694108
cc3891e28dd031fb,0.07790883009880897
05d416ef906cddf6,0.07925344934287214
d5cdb3c4f4965afa,0.09105557092803823
bc40575e98475699,0.0731189128605162
7227a9d91f309e1e,0.10926756480849992
f83295ed727a429c,0.08799277305616199
44f16ce1d7899c02,0.07487083643017335
219b4d22a5bcceb7,0.07663224892503452
5684d434bf545e82,0.08520481678222103
03d5ff6b9db6a1ce,0.10607648892556681
c402ad00c62dd803,0.08656748658449909
d384f2bb50d7321e,0.17021482489975592
865ca8dbe8ae9927,0.11802138170128007
0cfaded78f4c55c4,0.194673730125279
c1f9c03f1f673cb2,0.17886231124618862
80784aef1b00a337,0.17616185667816447
2cc7c6c16592cbf5,0.10037967358960452
f816697d9e23576b,0.1125054436622974
e0a3063ee410875f,0.09976916237861125
187c083474d62911,0.11780057835975438
32fe8606c8a5cb67,0.19823668296982233
e3b603a450f69271,0.08846904678343036
13ea25fe500d74e1,0.1293617582151969
3465f2b92e5411a4,0.07710661649272321
f84c04deab8f0a53,0.219343116852342
ce64b825ce5f48e0,0.075928679697159
a03d161faa6231d7,0.08009310533634947
7b73399454d06d9d,0.07693862983170063
726ce1fc6c05064c,0.16492114201033486
0e660e2441745329,0.15080640010063556
d4373d25e109dcb5,0.20947521640336805
6c8ad2f1018079fb,0.07305410821053662
485cc002fda9b938,0.07384669231042154
840b1b00c51f87cb,0.07124222195890383
e7c9e19e247f843b,0.1381800411298126
4f97589fa05c40f1,0.2055502174608025
41919c492d55190b,0.17677692627740615
8fc6cb3936ed4ac6,0.13577801006532647
75e3076bf4b29ba8,0.09890312264341622
8357351f6977683d,0.13985952713746458
1a6590aa6c3d2a06,0.16492412460264985
6b0dae5047e0ba12,0.15893303279813148
6f8bc4fa3d91a3dc,0.09706059559352992
e4aecbadc139b9ec,0.11915817375784357
7616bb2872e18231,0.1644046209398838
f97102e411194f18,0.08760983607153322
4f25e4f4959ce4e1,0.1037258238638654
46d34ae6f3e900ba,0.1299184012079098
73e3288eeb552e3f,0.0758489772977154
e7010fbb2150676d,0.11611739966607902
cc2c1c680ac82832,0.07512536347039293
d025b02417a63fbb,0.13995585234955338
08070948781ecfb5,0.08534180095401503
2bdbf073750d4864,0.14311229941621975
2783928eaba81305,0.1806214678981135
51bcbc84c0f437ad,0.09137115929589469
dbecf7b9325b78d3,0.217115713942816
39b3096dbfceade4,0.12169732904912205
4299599a54525066,0.21053492432705845
ccd92654fb1f721f,0.25767510287700857
ee1170819ca7d594,0.07822782566166916
c30ab4f74d33afa9,0.0726023132308331
40f10fad12afb51f,0.14314126838483193
f4e63fba51ec3896,0.2086940879286012
60ad4f8eda2cf6d5,0.21245360536083024
4dfcb17aa4236952,0.1498280102525492
2e54d9b1b4e00337,0.09309214481241587
47a9e135733c2ab4,0.11763682957905408
4b3c22d3da587d59,0.1388876173527546
ef89abef9807c003,0.09934474167580372
e7530eb737c85931,0.1065609679308643
dea26fe32dbe26a7,0.13945456135031908
08133a148f3d4ed6,0.1756747318666898
d39b177320bf091f,0.15817777648027928
c2eeafe05948ccae,0.1671854005999765
73c8d1e2bc9f517f,0.08714612767244422
0dd4da33e5e18c44,0.1339695742007764
25e076876a1fb6c3,0.18980892089242052
873d0ca47a7ce61e,0.1450142521447143
930d090798b9ad8e,0.13827398665589147
98e38baebfb97bcd,0.18621253682234185
9c779fba6fe0839e,0.07387436014599603
5bb1f9fc76a02c1b,0.11371119843013167
f83de39c4e518f6b,0.22121029704735592
10bbab1f08d2e6c2,0.07229894393955143
ffe63eebf605244b,0.4018842506946476
1e55e67dbb9fa1ef,0.12979511459464085
e53426cca968ebd9,0.1847869913717643
51bba86dd8aaec50,0.2053086370788776
582102afed3c818c,0.08922083319981435
b280a8fb8ffb9bf1,0.12697051446865262
e8e7ee8589574a45,0.10936461645285514
228ac1a17bade85a,0.11846719050944661
2bb37b0ac11a0c2b,0.17968702809854772
5588a1f5d8da9c77,0.08902736335135879
a46d657f4c9bc8ca,0.10056694501650788
7373ad47c61f558c,0.21488920412866652
0f1fcadf13eee28b,0.17952022504255521
1f8603bf90774382,0.3546016600333278
b0dc746e7f7ac87b,0.10607744494057908
82107223b7ff9788,0.16406509509307612
a38cbc0aecaa644c,0.10624668719400131
61dbaab39e7dbc01,0.07165208009786622
85064aac24d665cd,0.07275705575162669
48be998c9a3000d0,0.11537892518503623
26b2daccb2b045e0,0.25694693544047137
95198d21e3fae237,0.0965049687280512
b2a2d7a18404d7a4,0.1676736637853578
6b178de020b8598f,0.09193618187788452
38c1b19633279892,0.15089533090771112
186d5468edde7455,0.21497034371957735
4f33d36d7b629852,0.11876668378307899
b955eeaecbe25ef7,0.18305114370971332
39ad39dbe012b34a,0.27901190418518723
929e8e2af2403da0,0.10427070401539645
fa22cc093dcf1822,0.08115582558020859
f56ff6b1c2817475,0.09024939068207644
56b30f44349ddb92,0.14131193048498722
617dd77adea9e711,0.13609339912809298
4cd7a91de7bacdd1,0.15981568967592358
c07844f4e94ce116,0.2442730238652806
692bbfe3fde429f2,0.28015729602114686
6e8117bf11d2b904,0.10464642151167772
27efca94126fb8ff,0.07933440471560838
4d2a406b540c41f9,0.22187033311096016
5ca9c8756c163b0e,0.08709700002059294
c10aad8b54af6017,0.1472065361280234
60798b007f7b4637,0.09551514721953908
805031b5ab834e54,0.12403308614134385
fea6be92744b0c40,0.2362204592733736
284e4bea4a96494c,0.11485598799339936
4db0c35a634d4fb9,0.09180529474678123
351dca6bfd544a21,0.23124655128283178
c36cc7323d4f4de5,0.1880386486249016
78c350098097af6d,0.07206847755651462
1404eca61a3105b6,0.08013166669958921
2472a09a3e602f48,0.17443390471378256
5f9d50958df392e6,0.3430203377239823
ab8fde4ac70ac766,0.21617557795967549
6649908e57ee98c0,0.07289273095142672
6f6b426a42753b8f,0.11218566678768586
9f89dd1b9ea145e9,0.16296745465600446
d56cce1c1c4c9780,0.10318313187256054
fd794932c3ad58d3,0.07164977393790876
901c8562d025f79d,0.09518820939611189
2460966f3ca7d3bd,0.17328953085837798
41c6149d1848cad1,0.11108736139064525
2c948ba95eb3128a,0.1927481676367199
0263f07afc6e71f9,0.07485128293957552
59520bb39396ae13,0.18100583463378356
096e1b740c779095,0.13845683706428913
13bcd446b5b75780,0.07394420412501093
82652e7aaa1e423f,0.07538759320345455
b4c2a047510b1d1d,0.07843632367063479
8e95fe1172cfd49b,0.1314329468594142
8b3b319f1bf34127,0.20199341977112661
8e876b9274c5930f,0.08249044414050559
74c8dbccca14e4c9,0.24460804345257506
a13d2861af1b8b95,0.16898377669322423
3d0443784b9008d8,0.14460178325146253
30a6c22faea5d219,0.1775519169323309
8ccaf0cd13ec8d69,0.2599676885457515
ea79b75b6fa4e024,0.1291096204736801
df41150fbde2201f,0.13431178028052748
6bfaf27148ca783a,0.1633383336609521
016b24ffbde9f2e6,0.22454638758477138
c7f17aea0b57c810,0.07991299620412382
1974cb4a4a5105f9,0.13183349064008065
ed6fb2d892b20325,0.10623363361233851
029aa7e7739f68f3,0.09258683514478142
1499ced0a7fec031,0.10352901247340915
1da835ae2069715d,0.0820084553474394
3b48789ebdae6cf1,0.1421848180578162
b2501a34b4204e11,0.09589805334565292
4e1bde0d2fdb1719,0.11928277069539493
bd42c11dc1ea52c1,0.07477839944264408
dcdd441194892326,0.11314017793623202
890cf601bcb4d1fc,0.17481857208105878
efcfd07026d6f75c,0.17642521659442606
6e5921c9eaa0bbae,0.11477766065736514
076e6b937f9e0f1e,0.23104992480667916
fe7aa6148631a52b,0.10685513424728516
0204709b122147fa,0.0806787766480702
3bf87c4ce9af3343,0.07303086697732462
e5d3cf73e07cb881,0.1666378761987373
d79da024e674f570,0.16044301703181166
f137410611053710,0.10235218825449105
4b48a5ea7d8db38d,0.07921022366248287
6e5b5708c1bbde63,0.1765379733381191
2e21f1e2f4f0d11b,0.094615195807293
2fcb7b875a97fd67,0.16218057235863956
c9c50dcabb2aaebd,0.0735115002230618
ade709965be588c6,0.10170290318882087
e99ce68035fd1383,0.15038611255977627
9abdf47140639086,0.2853170039436485
c0370f3f688a69d3,0.2191167068285597
023ecf078fbcbe04,0.13248050221080154
9366b2145d9ffbaa,0.22888696723640856
907dcd98979cefc5,0.0816112805984153
1430d1f8417967a9,0.1319421325132495
12cf954bc6f7953f,0.25164860990874766
9f439978c3ff1caf,0.19529931540485324
3d566b52640665bf,0.21772831450683072
1da24b04359879c2,0.0958409341528411
5fb8e8cdc5a458af,0.12881132674956858
69f63de79af9dd49,0.16692843419513856
078cef5b5f6aff6f,0.18832840863953057
ee64ad3ef7cbc727,0.07587868278142842
30f789de29e44c84,0.27441831486975904
ed6dc35d0f6c3f4b,0.3105845318380215
24171dc6016596e0,0.21425801882607
d9753be4a4ac4d5f,0.2312031007018937
08b18f56dc4a9978,0.13493100927714194
2fe99f58d73a842b,0.08117404502739317
231cb4b19f8ddc4a,0.07350011034989598
a0f57bb92842d2c6,0.09394986497890243
b451e5af95310e52,0.16316575940477812
4d5e3c273bff2df6,0.14756549182147397
69445874395ad7f7,0.07676116387048312
72d5eb4d04446c06,0.10601342601409941
676277c834acaafa,0.08594033546553397
345fac6fcbfce3ac,0.15959703832495314
77268d80339453f4,0.11906149534045304
0a3d332e3608b10c,0.20571784216315098
3d3e247d278aad6c,0.21338737767107985
c6d0f1503380066c,0.24121061869596383
a7ccb8ff054ea663,0.19084986558753714
d3b3fd3963b35751,0.20603836546648052
e361e82e1559efea,0.15818928531294552
94f03a339108fe12,0.07305516731061432
0d6b47fe3047807f,0.12929703624413377
f0d2a9398458201f,0.09396848747202372
8189ef648444f31a,0.19355680869999742
b341aa9047a23001,0.10299628608533792
0b603f589ffe5334,0.2194852700586587
dfcd5836b6d7807c,0.22160477836449033
c69510f82760fc8e,0.10291327364356773
bc2b0e3b0279f394,0.07645213023857801
9e59359a937dc386,0.0989881524062366
9bd6fbbffc3029b7,0.11287495242336346
78533ed0a4d75031,0.14220987478277744
24d3b857d9ec7516,0.1826622785194579
d9f1874f6346d786,0.17143839353654633
6588a72e611a860f,0.07806148088550549
52fef00321899df1,0.1947169592388891
b3c2a81210323102,0.0919345714868967
c1501d30afd688d2,0.11754230443578477
2bd1f2fa8a7cdbba,0.09525952678734612
7472a7ac18cd8ab0,0.23064151591717225
b1dcab1c1027e375,0.18524028811260493
2add558fb5890d0f,0.08317830684890704
51a6b2ebff82bb8d,0.15621817300793714
3486d76917d26380,0.18824604837039222
7d9915dadeee6dc0,0.13625704465966748
1a5e5859e62a5ff4,0.07242535178527455
ba7cc06ca707247c,0.13403973164917252
3c42318ad81df936,0.07790705809180898
e7f32c62736ba8ec,0.11132847738009655
01970049a1d79ee3,0.20181261138802586
c34d08417ccc14e1,0.1688454778481045
dd08d7511ab95a7c,0.12865672177850368
147c9ed162930636,0.17596257302089857
4d55d8c7e32d9a9c,0.1151487192009161
1df22e6d0f4be856,0.12493341245560469
29e5cfdbc9735f7b,0.17492498425628866
529dfd620d6ee22a,0.10573309195029237
22b829fba260c24a,0.09433503888208547
712c502ecc45cac8,0.08443009734812386
2806f2b7f968844a,0.16150174861068048
1ff716c957da8f4c,0.07127437498426295
33a651d1e2266900,0.26627922153451683
01aa41460821647d,0.14164208842244147
2728591ac3aaa7f9,0.1951376410729335
62153e0ba99bfdc4,0.19113461112136412
a336835871390b27,0.11097623079417204
66040815dd14bdc6,0.10647406266318496
e0d8f324ffe3e925,0.15615478087792314
e7d245b8d234167a,0.09120502335915853
b30acd5fe8990b03,0.3310456454425164
8b87df65e3f61018,0.1426165037806211
92d913128fc856dd,0.13439029963826393
c1aa97bf3aa49c01,0.09167577550433348
37b85ed57524087b,0.21757417921155423
fbbd2368a21a9e6b,0.12577205375272943
39795c53fb16d719,0.1083673660989116
6d637bbe837caf77,0.15275956030252627
ac09426ca8b44dc8,0.2728731075121714
0007a5bb7310d604,0.16080036054964042
f8c5400d321751bb,0.2336533217657511
5c5d74b2ed3fe0b2,0.07476932084096762
a0d70afd5aebab39,0.12868950249138236
dab67f5669ab1b4a,0.15736553076231108
b094a6aee2983e4b,0.12398101093629313
76eceb39e4bbf598,0.14809504946544128
08792ceaef2278a0,0.10326341741005804
421639eb32096298,0.17509179605582795
3732446a2dc0ff2c,0.10420291733284964
f42e7bbaae983e33,0.16904813031031846
1d7a33be5e41401e,0.12984316025768455
c94efe294bf687bc,0.20353178000276134
54153bda194f6353,0.07709971316899199
275f14633d4a7de0,0.08366139562185143
7a750521e7810b4b,0.2236028892334449
b94bc2b4bd62e236,0.15786600195024061
3c2076842f11afcb,0.08151899963534609
53c3d245534bdda0,0.07202493988798972
bee1ce38b4653a33,0.08507802687784999
7fcd7a8a7c44d7f7,0.07893798526657378
60fc2edd396bed1b,0.14353718986284444
df7a1a739d1e3d31,0.18262269292302585
293173b622ae6047,0.1197725817285788
c18a9f29b23ca49b,0.08672534370122978
4497cca94390df91,0.1117675131260055
40d9096835771f2f,0.2111884383386347
ba30e997b8338d76,0.18969893818029254
56d89283c0f5c7c8,0.1017138843948428
f460984ca4f4f1a0,0.0940234423660879
63585cd6e35862a2,0.10475292853570553
26e41712e705d5ad,0.16179779093094265
0a056eacd56539b4,0.07544514774573785
9060dd63376b8616,0.1225000320536447
f11e51ec27009738,0.172235317073931
d0496dc870887d72,0.15304770713223895
65fef6d3fb26ca70,0.07379637664543422
a586684b41fa9769,0.15602993523575298
3bb2f0950e70a234,0.13393640006080665
6c6a97e3ad10abbf,0.2025037385492497
ede33053b334b03e,0.1512444444153527
0dfab1673fe84ab2,0.09765708578229504
f65b0230673c2e76,0.13792331713538547
5618ac6872992ff3,0.3101407871669094
77febd71dc7777e6,0.21100981025435905
7f54b45c8c0b9310,0.21760438809091803
9273e3e5412cfeae,0.1649090196806453
52087475796918f7,0.0994188944691453
643455f14aa1df04,0.0723158911945397
d1b24b005a16d2e7,0.15886633949072568
88788f98d41f9611,0.1815433916290044
bbbe50af555f1d68,0.1324069042712559
1bfe964817713a25,0.3828156220969657
40d6df07da814020,0.1690506202491375
8a96d0eccabff7b3,0.07688111234015615
439300a43f735490,0.07209982709268035
bfaf88448d1869a5,0.15785862944360562
1eb331ca2d61f16e,0.1840198135233781
5ad8f23386d2ce42,0.20840395690179794
69ddf95fb1e28199,0.17327960809007265
6c224fe2f90a4ac6,0.10553400563910226
7d2d81f3b2e16bb2,0.2026931905665879
306bcc14dd7bcd69,0.21568729945395004
db0b579d4d6c3202,0.07149551612203184
5e7670a553fae63c,0.14784750913461892
999f8c054ed84981,0.10020597169922202
645969c8fdeb22a1,0.07080051202665091
6158cad9f5117a45,0.10271471440145868
3717d43b0bfbe61e,0.16867744633976162
8ffc981637d61bb9,0.09852307901885948
8b934f4c25070ad8,0.09701852334025399
15701cad20890a02,0.11986391564061576
4a22e527eecd22b2,0.1673311089263088
6b7e69ddbeb27f14,0.2073998314727507
c44f66a5254d5ede,0.23073382162953684
1dd06cc994df91c5,0.20145881049086026
43da23e0c905b332,0.12153984759894934
cef6bb5fbd6d7d4c,0.07277206898829744
74e65522686e974b,0.11159206819165456
b2ec41e4d4e17991,0.10198928445071284
7adfda5837586ee5,0.11613733486347186
7be7cd83da184778,0.18497010969882602
331453c919db4a8a,0.08498300386201799
1ad90b2ad8ec5751,0.07451454019483648
06f305aa47e1f3e5,0.18131084222833535
5d77b6a032a98222,0.13720540074553061
2fadc388cbe136d8,0.07361105583300732
3a64f59d79eebaa0,0.1245809695299426
e9d4d3a03ce54237,0.18462020077256333
5bc032bc2d4db536,0.09089268835561928
42afab27f6d63b09,0.148182428066415
0ce59aff9d61ddc0,0.17008288789467813
c4b23b3e64f8fa59,0.0731007089493231
df5826f4adc2407c,0.17055337266503875
1006c7d207337c5d,0.09018758012685184
74f20f15f7388f9c,0.0748224427854178
e8c69436b1cb3320,0.11038270196060734
609680f04da9fb46,0.07691969308279038
060d99e1fde9dc79,0.073213947524179
6555f0c293c5a1f9,0.1924401143758879
cc835ba475e9656e,0.16049284616527312
960c65dd29d3417b,0.11869361065741307
c7596c71a0f505bf,0.07346054150085171
3f3297df319604e8,0.16229069112175648
21c886bdfaeba657,0.2107341080417464
4c47eb742008376f,0.14779345009531997
0360ab7e3c03e1d6,0.1069494490952996
106e8c5cc993ce96,0.1369812856100924
3f189ef767336273,0.15089888343887428
d87c2b5ea60e2e70,0.08173305252445721
924a02ba0ace2e0f,0.08688777955362857
e0a93aee5351fc40,0.21927860195497106
60036012aab0d68e,0.1535518591925812
92196298fd1f0a2c,0.12682859811583375
2c9507cd32c0dc32,0.08053684669009632
f138d3401d1ef8d3,0.07283293404572956
0550e84ce3342ea2,0.22485844412791767
433b7b91aefd0d89,0.07404317357597977
2f084abde9824f95,0.08761156614820333
aec34c208a4086e3,0.20805355437433048
77832263f798d3db,0.1426389807699198
423646a4264a51ea,0.13868616437204176
99a11463587499b5,0.19651567745238818
5666dcd2f61e1fdc,0.11857323748396839
414bb3e31a06b128,0.21230256710108059
9825bfe27f61ead1,0.11818668399243845
3e8b0ac764ba974f,0.07287673870545423
f494e58fc4f527c1,0.11118290886709324
4b3ed9d300487cc2,0.18425567278673183
064d5daca103bb1b,0.1171528620204946
1a4b5aa55f664cd7,0.1152110946464234
65fae5433da58938,0.10683613728235884
77df36f32951641e,0.0771568643210728
2734faa9175621e1,0.3089644119660199
6952ae6c0325e147,0.0739844238819303
bc49ff32a733b5b3,0.15537196991674154
ddb437f22bdce5ad,0.2134762628952177
ad2ca89540526e80,0.21840379972304585
8eb86976f1f7faeb,0.23684559136784805
351b2cac3bb60649,0.1859756684611706
f3685748a7717d4b,0.07425161291309391
af64f4a787a28c01,0.07727704558970803
e41d8e72f6a6da64,0.09177740333713597
43199fd3cad0d080,0.15055990886701304
08639490dad5a32a,0.21772612509460104
251545c20caf2d9a,0.13511412062430864
657fbf140a397f3b,0.12299512202072341
d28dd01372e08f90,0.14378553765388868
fb9bccbf5affc835,0.07469918368093606
0c3e0f0e422bc214,0.17371223323860316
b6fe616b3ee4f983,0.13661090015491043
1a05d9b0ab2c483b,0.11209586371062485
be053c37d8d326fd,0.12423307694397351
b0cc45542dd09eba,0.12208858629487851
0d1c9ebdc72b57f6,0.11110677490824156
926a38d305ede2ee,0.2085177645413888
381047d838351f95,0.14084829741816943
5afb977a1eeba5b5,0.11016284155877215
1ef7c785c8633cc8,0.11409073284602864
2f0bd78e22c8874e,0.193658194874806
2765e2bdf659e633,0.07348113931381682
31756eaf193dde51,0.0939771702763158
ba5f5a3df72c6be8,0.2114107739014502
90e87591d24ae44e,0.1031019998016058
f9f063e55d3db8b4,0.1418964964196472
3ef90711b7e5d86b,0.1755098858698923
ec0a6ecd2422c215,0.1700622810040611
2a75009bf5006a5b,0.09358357596708992
9edf622febac0e4b,0.14623099984115456
9cee551773541f4f,0.1254225151869925
2a07f1c2d7378d29,0.13970670739569857
aacdb09c08c9a960,0.07550760532644604
df9753fd02aeca78,0.1159267872016057
ecc853e05f1891ac,0.14277797756757404
859bd8582d3d2811,0.12762585192062811
a124273d56f60796,0.12038398845670623
9cd33034524d6b66,0.12086232045553483
9e58973154c42431,0.07820364489713746
fe78518186335668,0.07749002902519522
0c195b45f68a8952,0.09905150212902777
bb6b109cc9317218,0.07334221046485886
a58342d3aee051b5,0.09951636417176805
48f975291ebf9397,0.2126608853664036
672604676c29d735,0.1672379015841379
144b0a7e9cb057ed,0.22335666931167675
02ea6c1ef4cf0b61,0.07385940663593642
fe3c47193f742bd1,0.09242217530802602
782fd306b790e8b4,0.13107936243672502
53f0ab0c206a7f5b,0.19131504751719808
2d15bf73a2700357,0.10472373616131335
569b34b568032161,0.20285638810939355
d98474765b2d7880,0.1492456379013849
f3088caf81ec54f5,0.23412585053109683
884de3bae564118d,0.2300954070719733
5b62a55571d795f7,0.17914921080587914
e860976e6aaf78f3,0.14653548760164728
bc5f8d0b2f9683ba,0.07295922441424393
92555d85c6369cfd,0.21695540025312182
189861fc294e0daf,0.13404668024207197
b8212e2222eb4313,0.0734505499983369
53afc56ddcd63d8d,0.1646930197431631
0592b0cab7becf5c,0.12639605278290555
ac4cbdd76a84da91,0.14674738742014443
f2eeb139d518ca60,0.18026262183666253
e02fcc8b8b63c0cb,0.09259689437131899
a7f194a18e15e185,0.10800794262793334
b9b57b5beadd1490,0.17905075103333828
357c4988d289017f,0.11742149950846906
f0d98c09bd71837f,0.1524571821865214
b1c0df4bb0c82383,0.1471639470163982
5bb361813a233522,0.0997397132049175
c3eeda7b200e2c92,0.0991932426966847
db0460b8a23a94e3,0.12786465470069183
3c80f795a35190af,0.07726851339155792
ecf5824d8b392491,0.10586567390747044
5fc7a11376239e12,0.07250688604433371
2008fba1ef946ecb,0.1587315557551574
e2aa59fe541e0ac8,0.1025745789914817
09b5c7802e6b561b,0.07358385350367741
988df0719acbb76e,0.1470623798259459
48d79ec301d31948,0.10463770415112736
d288ed9b89b3675c,0.10461778274837005
75abd1caba2694a1,0.0779155219905254
3660f3c735d8a187,0.12451260015938766
0440ac4598276f6f,0.21513069354336817
836bbb09e4831df8,0.11858461431035251
51432ea27e463eb4,0.09503318266607082
3fd99194e4efb12e,0.0933070815175269
ef1b4ca1f2c1e357,0.07816775814547233
70c464af7e1cea4a,0.08961648460331018
54c64f47d761f86d,0.17141005728339417
333dcb05411a601b,0.09481172637001414
11861d1571dcc3a1,0.09391042213418711
20e00d08f625d409,0.17015351076772803
8574c4f5b2db8c92,0.16977640185000603
95feb433faa8520b,0.2004746582540633
1dd496796a5dadff,0.0991690711298064
c1c248e8483e9ef8,0.09783829201756382
5e0dc0f0f0ea48f3,0.08699958720958414
7ecca4d6c9eac123,0.111326110711234
58dbf7650b2286e5,0.08920999274858604
4c62224901fd183c,0.13638871482792572
affa636fe0cafb15,0.21277391246545133
c9f2c416d003a925,0.07110869882013043
c19024a709757f11,0.10158881516959166
d3444b15af3a9536,0.14176472256485445
2f54cc2167b0cfdb,0.1036135618605796
d974c7d47092679a,0.10562939618892463
1f04a25da2b17ee9,0.16945237237805372
f133299dc49c2bf2,0.07509460559095055
9542ec8d29575b20,0.2171913310907985
6e476b773a15e2f7,0.08051360754224506
c468f0fe05876276,0.09301598512430222
1bdf15bc47508221,0.14944216302989372
687b1d6eaf1bb287,0.17349925877322947
fc8590ee9d55c5db,0.07425049754514003
a4379a3efec7361a,0.07352184352198006
30a2e56d4d608b28,0.14508875684174846
4b400d52635e28ff,0.365527280810994
992d4d4846551047,0.2055697510811117
b91c089133d42f62,0.10870377655460883
c98879c523da912b,0.07824381136212634
7c8f510d8af822b4,0.1662862409199082
9d674a6212b3431c,0.08490114602387948
d3da05b2f284cb87,0.13163379640289957
853ab873686c227e,0.19473420557792812
ee0d55e13012503e,0.0747360962160625
fed761caa06202e1,0.08412301923211825
7750406f980f78c8,0.169139941881044
e8770d9a28fdaeaf,0.2949109841921064
4025856444b9ab51,0.08484489642176496
1d0cc87631f52974,0.376633508863473
f87d2af1aa151b69,0.13557741520947875
e2746f6359714da0,0.1032352209937372
6b20c519964ca8fe,0.09807519524508836
ac0ef70a6dbe1ce0,0.07537763759020978
29219b6baa3ffa60,0.14257057796952918
ef5245dc0733939e,0.11726930614249816
26d625d3997169dc,0.0782687551157488
ff9580c0b2b1a370,0.16740332530921107
bdad383d41eac454,0.07196782949011075
a6bebd6247dce4a2,0.29161838372348253
846ab5063b60d099,0.2363896439039526
1e342d4cd0cd2bac,0.12246886428227136
b111d554bd56dcf7,0.12965969363364427
9ddbb649643fc0ee,0.18514381059458998
0dc9c8998b42da67,0.21824905666823868
80444594c0d4b5b8,0.10819192819790895
9bf8b2752ad4d752,0.20541224231713323
794812675f553fb1,0.15746575302613883
c60c7cf09844c202,0.10557350910268053
06559b4012a85953,0.07643641257647248
dde7362e34a81ac2,0.10783505930571471
fa1ccff8a7481b47,0.18637794767001375
89c1eb286bad23b4,0.07543220535021024
b389067306356b78,0.1402414579927275
a4328554fc4a45e3,0.17162758350845425
fe2ff0422ecd1440,0.11016317440195543
e1f0e9e0dd1f6a8e,0.1455273563274691
e431bdc8db1622e3,0.14334088861746197
54d5ddd4fde3db7e,0.07352552231946057
d6a2262fc314d2a8,0.11079608381391454
e7039d9ed0ec0c39,0.07426780068966071
357fb25344e0d8ef,0.11053310419975292
8479ceedf945cd0b,0.1062636465442077
30e12f447d932d19,0.15476721849270034
a33acfadc007c5d3,0.20137352792092195
32b72fee7f2bc37f,0.11148503209548791
e2ef0cf7c0138e95,0.1967738613170742
c53a5098d3feab43,0.15127792258088865
2d1a504956a9bc59,0.07366531558489309
5b9d63bb61f11842,0.07775645686333807
f8fbcd4440a074e6,0.15272211649805628
c18b0ab8490d1c66,0.09996465693063047
18cc6b0ca558d790,0.22162919992294797
c78d6d8adb708879,0.08354006027477989
928fe114a90feded,0.15575731999599493
806b11fae1f6bd45,0.09106942890789178
ac8d5b4456a25f98,0.07905550762419394
0de3b4e998fb61e4,0.07467439933348845
0344ee3e70daaee8,0.21909164357780125
9459a694f708e7cc,0.07084308740559926
f8f24bc3cf3562cb,0.104249103639425
fca0d01a476eb58c,0.09025834121545619
ef25fb3354e1c732,0.17169885874075902
83ce56a22c714f81,0.19093824383362573
781864846ec190fd,0.07776903266400714
99c27791616e6a14,0.15059053916739382
f00a56545441ae1e,0.07849204594237781
160c77c56d0bc3b3,0.0787242377627873
6bc7f7e6a8dbe398,0.11600860378297123
565c31dc34339cb6,0.19272300394943712
d47a57dc58d8cfca,0.13108891342494955
7d91fd093f331634,0.22634818079346036
a33fd6143896a064,0.08037795940346154
af6776fae916125c,0.3101654826683534
eb63791dfd566fd7,0.16195583915495848
fd94632e98a57fd7,0.1952307938102214
7afa48755b2905cd,0.30914687545265174
cbfe89a23b516339,0.17756872863163753
bc9eb4d602b27458,0.11241819166637165
fb8b7e3482eaa33f,0.11538726515786879
0d172dce11eeef53,0.07635569937388463
6cb7efe2f15a8b1f,0.10317921310630204
0b234c8955fa5560,0.09180684414748953
1564bc14da2389b8,0.20867716281829032
11d440c4ffeb2e60,0.09561231972394568
fa46240b99291663,0.16252294435156764
52eb5978e0a48397,0.22410146064875902
bb2cb3fc47f785b4,0.19669372851755623
bd402ae2e81bc456,0.07344335926776897
5b2c73c3c2fab67b,0.07243072805455149
558785e2cd64bd4e,0.18878368333487955
d8d0cdd0e630be6e,0.32205200635525294
54a5cf67504e37cf,0.16510067357998526
b7225c4787addde6,0.07580691588791409
2e444cb3f4217098,0.07886683262732455
ae6ea7b6c44fe6f5,0.14581592396608062
8917e3ac1e161b77,0.11749417060835751
ca8e1b8f4b045be2,0.2603798454713076
b16a002c43cda488,0.19718614338477367
38988311c0c8e2b7,0.19504148356217665
40ac9a289f991b8c,0.13486505892705422
83dbe87c0f3ff118,0.12026304611662239
d8412746401ef6ff,0.08390119989199162
95a1b17435300c3e,0.12813869569857145
9576e0a63d76b324,0.11125510323427537
8e43c1faf8514a42,0.07337972136795176
64462847893bb0c3,0.1585282538315617
2e8d60596fe0288d,0.07292060841178105
e3064eb18f25f417,0.2067357928412984
5c24da1b9f2ac392,0.07227845350672277
ad26aaf8f4bdaf41,0.15679045787111393
a21097bbd8645f25,0.0745635885797479
cffe1ff942479449,0.08430817628532036
39170ff154aa8058,0.1839986650923558
0e2b77f6fe4d94af,0.16749670257821805
4fb4ed274c87cfd9,0.08866809140133976
dbe218b606bf3cff,0.12183883578770245
b1ff3f405ab15e62,0.12281577974312345
b77bd0eb977bfde6,0.07331770782472997
c65c01d13c9051fb,0.2032342570257431
9f7d2bd32579e9b3,0.09883276578787797
1d42bbb95380256d,0.17018599046395044
799c5bdb519f3962,0.12764865585570145
af54b26cbb15ae3e,0.12563465644226388
9ce958c47b1e7d3c,0.1553817435543224
d39bba0520b226fe,0.13114033875519296
c4923735c16e8881,0.07101099109565155
43506b20fd8ac430,0.10541322212348951
685b0ab35ff084e8,0.21207510470703947
03212fcbf4fcc22d,0.20764313801679252
7aff26a87411e8ee,0.18317759560008293
9af789cec1453f89,0.07373101850897529
41f2ebd04afb728d,0.19366938428367317
a3a3009c55baa210,0.30968324152314386
688382bd40810598,0.11043208360360159
42cce10beb6c55b1,0.08207609495649028
59fe211f9aa2b83d,0.17639572468588188
86466c925086fe3c,0.21402601811166266
cd36f54626e83a21,0.09493609173935373
ded728c05e20539a,0.20950197732818712
0c7fd3a164040b3f,0.2122513115309415
614f526f552a972f,0.1006915584934506
cf076cf42abbd2a6,0.09675737961143645
e20135d1136fb289,0.09230751388854547
2b40340f15b07950,0.1910812782453332
92ea7f3ec80af25f,0.18751871638524376
1de6db095fe81c3a,0.185260095196643
e13432ce761076fd,0.11736705640390345
ae126eb3da41487a,0.07230495699632407
05436df37c119ff6,0.14039009911304773
b9203ce854a26300,0.14827240790635696
e39f8336b7fa1f6e,0.18849836764820366
2d031b0318ea5a02,0.11450355001200133
54304b5c419290ad,0.08810489239781684
e9b3e8a0a4077e28,0.0740568966508342
1dced917867d765e,0.19797729744826742
c004a070a93054de,0.19070097232907907
3fa194a91f4562c5,0.10759148913127663
76d5a2300ca56933,0.07545686460550138
993bd3c445b80c92,0.1417088542653574
16eff5adf0cf07a9,0.23586874518093132
19f4c91cd1038cc8,0.08306373021222045
4ace42dbd199d1b2,0.0985369109757829
8232534ba45ef07e,0.1271398923303358
a2eb06ecbdb56bd2,0.07926767141724404
e33ca091fb503e03,0.13348136066465266
8b65603997a5d0ae,0.07773329588030727
c4702fc1a3b838e1,0.10482541130201417
0a2ca915437c9a04,0.09075482070204183
6e4d60a1e5913350,0.07705482810132319
0eb4def034c0e542,0.2171021621693166
0dc7bc6ce45f37c8,0.07422746020366242
69c1bc9b1691880f,0.1344702470917869
249619e3bba248c5,0.1388877982212292
8a0925f386616243,0.10892605291386494
c609c9019d1d7b32,0.17031437765689442
dea132cdd56b9c8f,0.21283331079680218
24c6ff18b883edd2,0.2183478775563771
06ea151cc4ea5974,0.08102388403737212
dde1072c2340c07c,0.07303276119224948
bf6234d11406ea49,0.1007685418116421
610c0fee53d0cf9e,0.18128505027196862
fc0691273040fddb,0.17644591603802628
46bbaf2bcdf5a362,0.12306910979736972
6f4198d004803569,0.1110645256921857
3f726ca9a49e022b,0.07821273594685117
2263ab08ec01d546,0.09044479431802163
dc2a61d22023b42b,0.3774573132995094
9cb03c429bd54976,0.07405834850274927
d3d5427c6c9640bd,0.20874599410888806
a356aac05b7d44bf,0.09584520166364033
2c28820cf1ae8254,0.17533204288552062
cf49994228b74e3d,0.09393985508807824
ea984ee0501b30dd,0.1323510375925083
3639d96562366ada,0.074311092801648
007d989968211b0c,0.1202295610070129
47b004a1df7ac9c9,0.1365381761924807
f09cbcb79049a436,0.20529564344765006
d3e17fc998bf6787,0.14847250051195823
0c6c8663f624c58e,0.07447281228726065
52720efef03dc54f,0.2339227579892197
c6a5cca33f57da61,0.09676144769299014
b1208369a0074122,0.0905117952374516
b0563e971ad0dbda,0.07338277511282536
a0bb9373f1dff1b6,0.18957415980670375
607b5d747f350fa9,0.1963819356882428
8945214e2c9cda71,0.23184361903970305
7fdea294906af44c,0.2118033128134627
1f3c2f31d844d10a,0.0768163077339291
248eb5a4a5179bb0,0.2636977262491189
f7522ca250fc8477,0.08950930402210064
3ac3d9675fc09e64,0.16154349950984084
b65116a131be84cf,0.21064065065161286
7cba939dfaa4fb1c,0.21774583039686374
4e484a321de70373,0.16829359597642107
48c00464ee810da7,0.15564616000498913
11c760a8108e0ab5,0.18363241062122052
4ece5849758d2bbf,0.13264164420982089
2d34cfaba66dade6,0.23609375930089851
597b3aa023ec1731,0.07474607981527011
65e095698c6b2018,0.17587245710778882
d4685373bfa64d8c,0.09941448199951294
b2a24aac339b046a,0.12798367504594757
d018e1502c830522,0.17303660576902397
b4a5d705266bfd48,0.10197878620110215
1bc1ad21db736edf,0.09042778150502992
3584862144963b16,0.09723928488393528
64acc3b4a0341a38,0.07258144734024584
ae1b7c2913418b6f,0.07281964635609334
5ff184c18b029b7c,0.07451202469726761
d407cc2c1f68ef5b,0.2113507271116239
10610f40d2c4beb2,0.07716375611491019
a8e72b280bf38b81,0.08897003331395045
4802ee9701571a2d,0.38827778110163
c0ba503ad79cb130,0.36140424088951434
a428e18a2571696e,0.13059782170989123
d973ea3bf88a0f3e,0.17471375302446687
cca48a6fecdefbfd,0.134736809369024
387eb4b1c9690ed5,0.08589276952845139
f9b045f246df515e,0.17389953935106134
b8aa274fe0062de8,0.20120675774560662
9d67fee3adf9e1fb,0.20678606443500872
3196cf2ddaa8893c,0.19468964133944494
c6cb67394ff79930,0.11795661279545766
b713b9f13a1a825f,0.0997597475973333
0c55301e8a9a0e8b,0.15533935913560473
06cf6a66edc51d64,0.3301584636928162
73877568d5adcb7f,0.07660172135220945
6e713b6c6d9ff701,0.20696915588578363
35b98290788b0e15,0.23002291639891403
c1699d21d21f249c,0.09560012810990191
4d4b1f0d9defbbe6,0.20583372173394943
c1eb4bc9fb4e0c7f,0.16466252064451836
ac64ea4bb93cb2ae,0.19816238697321137
a6c0198d0ade9eda,0.2475421968485026
4ee5d36590d4f29e,0.14064851121993316
39d7718a5529cc62,0.07374992691199801
4f6e36e222d122b1,0.11588009996405763
f7b65c4533428cbf,0.30183839506877985
32839e57f8e1ec72,0.1213291019614332
0a631a26c3a1a8ef,0.18324468885649361
42ae365efff05b84,0.10879691173023853
aaf16c83ac07884a,0.16702049546840608
e3fe57ec38bc0cae,0.10246819437293163
a269d748b94103bf,0.11529979106697452
29320c0461eae48c,0.07222547988965712
98b75056b390e87d,0.17915472924512962
a18aa53890bd84ac,0.18793187242739895
fc5a2a2354cb11ed,0.07348062679035959
912408725cfa628f,0.13538366449010708
6453b1a068b68ddb,0.20439015667338714
d95e854d614ff5a3,0.16072551866070867
85a79337144b2a84,0.09820561990324056
b5e18d3eb66f6250,0.07316673015545118
3b90fc3f1087e3d5,0.07563529519853066
36f89bae0e5df26e,0.1311545145223062
7de9a21c9a6df7bc,0.24115816028499293
4ad662d48155a76d,0.1432498412656432
1016d05cc8d07dfe,0.13180720697615628
b0a028857d9a81dd,0.12968865674963354
c7da65ddda5ab002,0.17416116946567806
8faf1048140782ab,0.14587866740805022
d0f1cbe5f5c2cc97,0.18580697949874608
766a85256e2db000,0.07554125013918159
83f8495a5ff0fc2d,0.07613811261589648
a57ac84facc6651c,0.20415952457116737
3e18333d2d1812a0,0.07421868760407799
2e2c93c0b28242d7,0.2018178547541114
290025e556e7a964,0.11447304108933817
34abf7197c7817bf,0.1500950793427302
4c990af23095a8ad,0.20202720025092308
b30f0e7ab6ef02e6,0.13807970502337968
955f054ef8ac2a98,0.36389315753735096
efdde8377abe8fe4,0.17995306173246833
cbfaa9b940f4c2cf,0.19061893656943504
51e64153531937a9,0.30421221006917887
3b7b80317148399b,0.15947816621588323
b1de8383db45dfc8,0.13010497325699946
0d3f9429ecf4d4c2,0.07584512190274172
c4499c39e29ecf53,0.10421487236438007
7800f7a3f936332b,0.08500855787468255
b837532e3fdf4a50,0.12419269984032426
c681da0099cefd6a,0.07858721253715402
c7acb3b5705e68f2,0.0768268797349802
7072f5cd32c791ed,0.21866210372640194
00b5216b2f2dfa33,0.5852218943453399
b2ae02f82d15b4ad,0.14425703723385122
5ddd4c1db54b9114,0.14268268021912167
3e6fa59b53549aa5,0.10592331035278918
6b853eda68180bf6,0.20787734972873395
0ee247af650122c3,0.2447816240930994
9e2c6c5193f21067,0.08616116835110887
6cb5b3e20565dfc2,0.18174965130048018
dedaeeed301662dc,0.08398004250047157
7244a91f3ecd611f,0.07256448723590292
d5447b494619e05f,0.12423228619703644
d114e64d8dfca5ca,0.07338728456317867
762e061721ae89c2,0.07622117936855394
0359613691f7c01f,0.11996913267921935
ca90a47bd789f6fd,0.13038945679271885
b43584123f43b018,0.0909730986110028
0770e000ee552df7,0.1945790105739741
b396a1df0d592f4f,0.08836795946300927
51ffd9a173cdec87,0.24213157515878703
38e628d583de2dcc,0.07578026545303745
5e444909efb4f076,0.12754572933364536
147047e5cda600ea,0.14700119207960807
02f5e786b6ca732f,0.09248457407291866
b29abac474eba51d,0.2775436762582387
14f09256775b5595,0.15770510997827186
4132a178395f2d42,0.16994663017142325
3ecf5a5ba7668082,0.08470671903880751
f7b8ef9f4baa3954,0.22610751352619002
344ae6cefc6e5e28,0.0839764436336749
9f8993a4d3fd8c66,0.125467187432124
02fb2d64b2963430,0.1479428681774695
cc3e88fc10db73fd,0.18159171986139644
e1b25ee0d1bded29,0.2213027619462619
6811aeda7c48195f,0.14522992425225584
2caefea2089d3348,0.19391157750083993
06624c42e6f173c4,0.3038618525888044
18d0862452891d30,0.17659210526243702
aeff78b9acbf4d71,0.10846907243854853
3c4fb720d11f542d,0.08080830003538952
ccf649ea4bfee844,0.1017158018018269
72bca5a449e85cd9,0.08289935642294981
fd6a74697a1a9ec1,0.08055012933000219
a629bcd8e7727428,0.08316417610926137
4234c32600399d7b,0.19042373653620637
dbf0f354d6059039,0.09196264478083849
3807b180f301e7e0,0.15901858921637602
5cff8cd0dc4c326d,0.10704837331725461
a28550e03a14c9e2,0.20663535334059224
244915cbbfabaa93,0.07499354903098221
f5d28c37e1483258,0.10752030658027971
625d0351dedf957b,0.14664462866370476
daa98d98f6971d07,0.1316048988373828
aac141e3478df5f8,0.1359332149091268
6e2d6b44bfbd409b,0.17951050265308394
34a46acb36dc8ef8,0.07346078273629066
f709bf78e6f0fe9a,0.09996143927910664
573ce0864f1f1a1e,0.0904318162833653
d6421a369f95b35a,0.10373379793835046
6c74b5b293b1b97b,0.08555280519231352
51cf0713d5fbc070,0.1625760124225092
062ba7304652bc27,0.08767784171277804
930853397c388814,0.07322663203459909
2e48c840c19e48bf,0.16641353030142406
2a51f116e23cffb3,0.13752857636674423
070669d7057f8aa5,0.24132202207776596
967936eb15802a83,0.13434850894812903
83ec0a0ff919a926,0.07547704101977133
a35f4a25719a4b95,0.07855391959614917
e646bad2986e850e,0.1711039596166016
8b488afbcc578dfc,0.08332193113351345
13ea6594c14a4026,0.10212541009640055
d0e536523f93f64c,0.10907052521418975
0e5ca22bcfd8c5db,0.2013650904335703
9fb1e891c08b715f,0.07537980338347305
7199fd0ada65fcc2,0.10269405140998161
2275f9dac244010e,0.07830909324211341
24e5ed05f908296f,0.10049092004151797
6cb602b86bec19a4,0.1600078587184829
9325343b0fd3d676,0.10527509255534123
644e5f81463951ba,0.11366067954607674
37046a2dda9e5889,0.08265815833339682
c7df199599dc296d,0.11622548362849996
54e463d760c0c6af,0.0767027148900315
9bde8f101bdb4095,0.12019934292001258
bc5c320666ed7ca3,0.07559213920744814
4e44d72109230bfd,0.15834213144776438
235aebae2ca0d45e,0.2017263859688816
55a1d48711c4359f,0.09561450615178849
c1ec685fcc48d91e,0.13007564607998826
a51c93906bd78ab7,0.1664567295445214
207c0a6423cf7a33,0.14982526186534653
c7693bad80c482e1,0.16451700343379352
36b92309f6e5618a,0.12911008834805865
26ee6d56130da0fc,0.18639542981640106
587c7d36156381d1,0.07690005494695334
50d432d2b52052b2,0.14604044491790785
b738afb14f60d587,0.22737988706951695
1157c08c11e901e9,0.15729641348073975
cfaea6958357ef1d,0.09782956967293804
d8b3ec80ec080d08,0.17515079391808924
809c8f80468b1337,0.16097914911908492
1bdded460bb636a5,0.3430310594383259
96cc52a1a3f13e6b,0.10289605958483639
c97a25af08369f73,0.07857530120362129
0de5d7bc5b46bdc6,0.09928312454923688
c6eca151f8576037,0.12341583834820365
7ef7f606745e05ec,0.07237954122659013
c5ea9ba7fa065f8d,0.4570917522399835
63142c0d75cf9aa4,0.0728647378083772
c396e609d01a9bcc,0.07951162453619087
7c9db70c27860a32,0.15366392251999478
8dd4bb6eda603b43,0.10121803997583749
d5eb724b5ea43bba,0.23504941554688077
e7e9bc7d5e2e5674,0.18202766950694058
24b3176d5020b612,0.219286698407934
6fed295aff782896,0.3938002464222791
12d17a3ef6b47faa,0.19872115054632297
2c550aa9cd671368,0.07316523735852805
df00e28247baf9ff,0.18834531690423495
9449a45c9d7b914f,0.07865527295380192
9a8393310d9b352a,0.1378598773218911
e1b1b6a194b4b1d6,0.10489534863998284
7097d3e397e94525,0.08538592446844696
e3d1f895e94e8bbf,0.1521052310493909
6c46ce4b2303ecb9,0.1337933980476385
999760aff655cfad,0.07433149218424215
6d526f4593563124,0.10890901411181167
467801b5de42246d,0.15380376664842904
81c9cccf75c1503c,0.07447425462256878
bd1aa64c7a5dcc06,0.07121614182496323
df1a75c489d95957,0.07409566112215756
7e6ebb5b237b817e,0.08065383910624897
1aeecba2c7866fb9,0.14668604576501715
14269028868b89d2,0.09261068828249243
5ec456826b243dcb,0.09884292301970093
e574a546f8e193c1,0.22339099410199492
b0ce65cf243f3ae1,0.1549638706524759
8b8e8a00e6e1fdc9,0.08280939841119485
4a87b2b000e87686,0.18471975146408853
1175204fe5f8cb6b,0.0927635576382292
50a79bbfcd719a29,0.15314745618777448
0d8c215cc600c1f5,0.1025596720890706
3ceb989ec05cb0ef,0.20715455914927036
c7ea3f3ae516dbc5,0.07672469410678563
060631dc9f8845f2,0.1541654114953551
4ccc3fe421151149,0.07807077235271428
fd51240f58f2ec0a,0.07298812263586493
9bb25b00d30f4ce0,0.07205026685676151
1e633867010ad35c,0.07248597195949583
90da0c9b099080e2,0.11635077747339842
f3ba8015df41ef05,0.1869840364764771
7006c751c11cdc01,0.15218175710293058
db5b922ab7ac849c,0.10698561542155526
8ed9c5e3ceb94d30,0.12489306178332679
32bc573af0d063e6,0.07878344822509609
b6f5ace9b32140b2,0.18885040056695687
2acea7857a236b62,0.12881179971058349
2dd5886a7dff0caf,0.15566410637911193
cec7e9631578eacf,0.29207026655438934
aa1276a52bb96bae,0.2091869715705078
f90658bc8d521271,0.15584296863748212
8b65638e31a74f80,0.14594536877595254
233d4e0eb18d8449,0.2145138198675468
95e779988eaf54f9,0.14881707708521372
ce033e0586a41f4e,0.08872644173254716
29007abfebc6bd71,0.1463822800853657
37555eedf932eb41,0.11667094595131376
43f0b7fdd64e4d62,0.11819522674446037
48d11190742f10b8,0.24134947910731686
54167e2d347acd9f,0.07536344025518427
adf2b2540dad8766,0.17904976150921031
aa4854b6b5329860,0.5497473796665044
371dbcc2d3dab4d7,0.11876957191194323
29fd5cd58cb38dfb,0.21337066764687182
276d786a03dacf69,0.12174625296876355
90290aaf619cb77b,0.09948027093547995
80904c6eddcf06db,0.07310222766370922
5232eeb9a1fa8f60,0.17070649726229722
6205daeed9459b81,0.09182864980313285
6b4abc5da4e3aad2,0.18264708663300622
ecce281c5f6153c3,0.2025240326915203
926feb1c20abd0b8,0.0749759015863696
64874c60d39dc86d,0.2224382308590783
1868aaf30c77d6e0,0.1370238359614333
52e964be6dd475ed,0.2593867424802864
4404ade20ca8acab,0.24743695402689062
f6bbde7cdf6430cf,0.5531005566712378
6f9ac9a8227bf174,0.2916903937600761
e4afa0c3ef07f2b8,0.09568295875460667
a85d4f04f63f1f8b,0.09284518545910622
7f3411e87c2708d7,0.13248157840211316
5be924d7d731a308,0.1090176919187445
41ea202bf96f7295,0.09104509826280827
e7d3e68c097838d3,0.22020606277343657
c21ded045b04b1d7,0.11281414964115058
a87de56d4f2dc966,0.07510798981726177
b073cc5a7d5d1fc4,0.11409560257369365
cdbbb57088163b02,0.0898737254891105
97a093dfe9e1eb64,0.30798930031945326
68aafe54d00b3081,0.13708884930479637
dca611f4099c1df7,0.09908457573773877
068c9856fb6bfd0f,0.0761931751396086
ccec2927e56ab3d2,0.07164688671861234
f4239e382087c8d0,0.22948469080462516
a37f1921e2ae64c3,0.13904834267519758
abc7d40ccad7d04c,0.07833163331927323
7be1ba405f826136,0.2202970919022236
82f1ae3eff7b57d1,0.0971041873199075
64bcb6835fcb93ff,0.21320080349549475
8a7d498479d37ffe,0.12659150154687748
ddd893f6f7c67340,0.08260797309423283
63438b2313c7cb87,0.07511583954815598
