id,label
6403a3f8d07557bc,0.08432184618645851
1b1d097ff5b144e1,0.07515834902830029
08c7c3c71a02ca8a,0.16014417480310592
7f09e9039629a38a,0.09066422492746362
1fecfdee265e685f,0.16459631289467905
2b1b1ab99f54e1a7,0.08368983940986661
f893cdb025b56c89,0.14387810554778804
84466d5fc69b1dd1,0.13578769996639523
e0f419be2a81cbff,0.07453484280311279
d9e55e1259c7c29e,0.14103755537656545
602d7f4b0882ec4b,0.11738641041996054
67f2f87cc129d7da,0.12672321761167313
eec96ea0e1c9f7cf,0.031568594613737004
d85127e773ec4820,0.12780045191965783
9e96822b06b0f7f3,0.05620494254043404
c6489148a3f9498b,0.10653264436350902
ad5ca801b22a4eb2,0.037562493930727386
22e01b671e9f12bc,0.07236895653206309
4953dbf3e113fbdc,0.049360939799694734
95397470f084bc6e,0.3632298930965877
ff39045f375a9792,0.056683294846245943
893575902a76b6bf,0.05408803564665142
4d9211d2b44f7d9f,0.08724319703285836
8205441451789e41,0.03345509465529863
5ade617aad761daa,0.3089588264698266
7d8bd74eaaf831a8,0.11532362157233332
3a4abb16616fb838,0.041710406231562476
6e14ae545a54ec6b,0.1664809842924646
a6d127f7b7a19a79,0.13462412227598802
e29e33c4a6eaf6fb,0.08458612029482906
42b296aec3a400d2,0.07331463379445588
238a42187f0c12de,0.06530377440124167
4c99d80ab952e272,0.1479798858607703
ef909ea8db65784b,0.12763344405354674
53283f9869842cd5,0.169322938781148
fa99ef0b96b51157,0.11272578099836075
3cdaa31c37582a6d,0.20536396698413462
e007009eea08f15e,0.0850604125581936
e46769b586a6b83b,0.1614420421624184
c77497b63a864028,0.060519318003285485
bceeb0086c625fac,0.0493022475319044
5abf8e5791e5fa94,0.21180899263267047
0b7d89ea3694651f,0.14681873815706348
ce60477eea0a9007,0.21529342192148462
847baeeadbaba41a,0.07863745035844945
aefefeee7da6b616,0.1457782041021086
321cc4b04985f915,0.09512941756117696
590cfafdd102ec19,0.10359313793184546
0a3027ad8dd82438,0.05248311784599146
01e58c9ae88cd390,0.047147033079134
8f5eb2d903aad722,0.06069492011445344
3f1b90f008fcd5d0,0.16546235860133152
9e55098b34909114,0.16084946155898022
ed3723d6f0b305ec,0.10717969281088595
e1d77367315c8c64,0.08508507885263535
b97a34687794c3cc,0.03624911779699071
2d9a8bda25c031b1,0.04936849699373361
367427e76fbb967a,0.1154675511595032
2d1de7cf3363aa2c,0.05515763210539285
d69cf5bc1f0112f9,0.04113980785880221
2a75c552e6a0103c,0.21994456139146346
943114c642b7e30a,0.07343969735166486
5f4258edf6c1b382,0.04661057325290955
ff0a817eba03cc6b,0.13615090197402438
c77fe2a4fb942f02,0.1588271854157736
df587d726667a5fb,0.12492122180049495
8c09d6fdeb48dfe5,0.04167459337047472
564e16bfb829c7a8,0.04057000615033859
e592482dff2b62bb,0.03565756367258054
33319a7020313788,0.14208765286215963
4700a73d634e28f5,0.1600905576011174
e5d9aee597bb4052,0.06231769702444473
b93533776029ab4e,0.1942950978457828
e9274894e7ca5d48,0.028666640079058545
37e126228f093cb2,0.050788265652662465
ee5e8daf19a62436,0.20171670373764441
5c2af7cb33fcb9b8,0.07806818426421265
dd6cf914fd458758,0.05360635321927609
7943edf1ba3d08c4,0.062143905950358756
50dccf68b6d84c9a,0.0751931481229135
71b1d024ea8e0791,0.08695950046869984
a8ccfbc903739855,0.049292009139841886
bbf9130a10bb2e61,0.038153968757322854
41a2cd1fb3af1f62,0.10354848983884937
e5b00c5e94bb1efc,0.09524556467612735
8a2951b875e32f95,0.042823665865497136
4b4241c32f2ae2c3,0.060223481515774856
8beed49416c057b7,0.09834223944896191
1cc185c7cde5f29e,0.1689054990753291
635d0e269bd151c8,0.0374940729108693
9eb98f9a7202dfe8,0.041359780440773486
c224615f7e3ecda9,0.037228721171400046
f93a14286735bede,0.059942604422660056
c118092c44e808f2,0.12490679096709063
0972b7359cd12fb8,0.03938951878873263
22318b12ec6eb14f,0.12690641936133257
9c92d4068021c258,0.16669165809959458
053aaf6bcba9464c,0.06847886316806859
966f0341c7d1f5bb,0.06618360952937902
624826d8d4f7d476,0.06665904336548448
250e83ae550b1992,0.16893668014678762
9ff420d30b835836,0.1539469294716716
f74cb9754e9ea82c,0.0815966059225877
8ab5a2752e698725,0.05846749636428224
56957aca1f34dcea,0.11394743806540694
a6c0cf21bf0a1be2,0.030472699643673544
427e6266110ac72a,0.1934904843673913
7b84fe626f3ebccc,0.1247656658479741
6abd9ee5808aa267,0.06058254962469307
15aaf86082111e4c,0.1520393042219387
afb1bcdc94b9bce3,0.03467799677790044
93a337e7b4fedfd4,0.10383819371521054
cddee4f1517d9dd4,0.07618551900352565
755140c7bd8e7223,0.09260235235364347
0ae88cec371ee0f0,0.0347815512609259
08a9f02754051fc8,0.17703382814683588
4bab179b9218d454,0.07078413172276052
2af9aad0b831d3ec,0.04160508613610934
7d330fd87e35ee09,0.12699626159131117
d79f0de699294b3b,0.178636980606853
652a8c0826eb2609,0.112702077511162
2ae2ef63a2565c3d,0.15648181576427442
1bcffad3764f7c4a,0.0693677996148566
707e78f41fd82174,0.047631932201781954
e4824a55ce76b702,0.03837159916110287
993182bb80730c31,0.09712381261160971
dd67c105d030f636,0.14160519374089636
3dc4dceeeecb58eb,0.1208410213569924
90a67d119116b976,0.1269493047739375
a483f8d40e026f5d,0.03729840614968369
3d24648e710fafb4,0.05932821634268981
9104c44e8910b122,0.04192063362820488
47b77ad7aec9f1dd,0.061336619860679606
a66cc4155a0edaca,0.10690920227151586
1f4dcc29503e1a4d,0.09496790693644303
0a295834d6044914,0.06727262600775252
bdce8615df21ee2f,0.03268045688658264
694b4d3b1ed04c61,0.041700266943423665
ffd75ff5c92f624d,0.11404502373706937
717e992041e77d9a,0.1202833048603732
eb5157274916100f,0.11372657007254919
b77c5c610fc74da8,0.04374360633415786
41d2ba14e653bbad,0.12466510112036629
f2b612c9be07aabe,0.10378874081784527
3451e892c310a998,0.07696303984483675
2ab24c04722d8bf6,0.048092640819502964
38ded7c17115e7e6,0.1246643912980217
afed8219aa70efeb,0.07509858717704983
1e9c4d7d2de01fba,0.11607374975610181
c1bda90e9a3b9ec3,0.06745644131550285
d406fda410e7c177,0.16417051531527638
f49753bbcfabdaff,0.1117592270198701
4daee2e232e58a56,0.20762380133126862
858a9c1611f558cb,0.09028103405984253
05b0a9e8b1444d99,0.0789403198450663
8b2ac5da79a42e4a,0.15898692850592752
222fc0675ea28b67,0.05220062592177828
77cb5f88dff15921,0.09564496106716759
947d5752d88dc00c,0.22765427445712996
309a531dddebb471,0.1615736950795923
7e5f9d7d0cdf5a81,0.04209338367474649
6dfe2ff41e67b01d,0.058115843301176466
9a51f7696f388499,0.08510048244216185
9c5cb5a9b9b2b4cb,0.1713160464373783
bc7e89abddb2aa54,0.04951225676159779
5d3eff0bafcd186f,0.12316637998342297
d592e9d5579075d5,0.05624951921876742
475f765f9fa22959,0.1608782159394953
71d36204d6040aaa,0.15203356160562814
78119b8ffb9aa8ab,0.04006990072834101
09d1e9b9b858fe18,0.13079426473462583
ba5f5f59e3b0b755,0.15136544979138705
3b7344f40bf64734,0.09132621588245615
1f72c876a5e3738a,0.11588096303080882
86262f7438a90d1d,0.08181259114935213
3f6e10ed3e6a6303,0.20197287531619623
ada42e94aae1a58f,0.17496084463097136
b5320e4cd134414b,0.09164659904659596
ef83ac91e80ddd9d,0.06996699598700573
b8a457f0c9f14bef,0.0729551053878707
74947cda3decdbb1,0.0871801918166485
a39392c735bde1ac,0.06840512364385684
afb321701a74d5b0,0.045468510979177326
df401b9701e04299,0.050207041341214974
c9b67772b4c4f44b,0.15470067117703992
b5665177cd7b6c5d,0.030213702969600312
1d621e5fa6b0c45f,0.07576369291765545
2d595ec6f4c2524c,0.07002973482961296
6a96a53512d24696,0.051331683581629345
b3a68808640b25da,0.04253090469728469
cd9f2b2346e70af7,0.06022802699285881
d78d162e0d903e67,0.1954732001190475
512b0444982361f4,0.14939812334562158
36f4f9a58e05409e,0.04775820174153996
e4b4fc878504822b,0.0928510406981627
d2c6c32ea3387653,0.04033161118884104
62d5596d1fe892ad,0.15964332026090938
8756eb85074bbf32,0.04963473573419484
9120f37fb674d8d5,0.11444850688637356
ad529a51765d4ec3,0.05235592439390037
f5e98c69a45e4a76,0.14740630225114554
4e8ecc5a6ef67336,0.08637450625579929
e26f37d892f837e3,0.15240458951027044
377bd33e8a9d5e7b,0.06503488402454159
7277e822016a05a5,0.1489255617357768
94fed9a4092a19bd,0.08530203725070444
28d304cf97ca614c,0.11590712839388784
5a5195df47e373d6,0.03903157385401167
ebc9acfa1d364336,0.04492400634841438
5d76c6de5ee62843,0.09756851175713553
511d1dd15e99184d,0.10577529965302782
b6d744f202fb4a14,0.15681614304612745
43c3e8abee7ceeda,0.14432326857149944
41afcd725afd0bb9,0.0830047996568452
bd4f0c1a61da90cc,0.2543520379230818
ac5e8e6812e3a526,0.11687291772636915
61843635f4d407cc,0.1478136148001817
d643d4e6d84db59f,0.13066863236918164
5c0b8bce49a0a773,0.15083092211855847
7c6020b2e5dae41a,0.12425932983258879
4a6f26c4ccfa8a2a,0.04587127015576329
f5ff436197b8129d,0.0963247918143244
27b8587241bf56d8,0.06409233448390117
a198a7b963854e6e,0.03955909950338915
8661667952751501,0.16578816934838492
282a1321ef8c1306,0.0810269888447877
db3dd0b21b03ce9e,0.10803438552040011
3bdc9a83d65a78f8,0.11543281845037431
2983651d59dfaedd,0.16159549453463715
ba2be23d69668658,0.053740777337213996
89d58eb00d13e4fd,0.05695711540415068
d2caeec36f4769a6,0.07914680118497937
dc23c7fae5f57288,0.058258305944706226
c6e284593c89d176,0.13001794957370078
523464c4f48eb02d,0.1779350321632306
cc7624fbfc77736e,0.16687319330518977
6b0c371df7cfc676,0.10610071949921675
986e8a5497d243a9,0.1632412056945021
0880ed3a1a77013a,0.13336927138526108
791d60ceeffd7ccc,0.1887240558006867
1fb2b452cb819b3a,0.14846141834850013
6e683e5731d8aac7,0.11034475230413143
d752f92de2b858c1,0.0556732614005808
91654f6c88bcc480,0.06549511856349792
308caeebcc6bc059,0.06763309205939136
0a092e2b8c9c06c5,0.11299299986370984
e29749c7cbb0ef48,0.04452070832042743
02521319f8872bf9,0.03924853395266403
f699494da66c4efe,0.10355391760209373
060f874ec99eadc4,0.09283321948898166
1a2ea8a74fd54c2b,0.08775016116277051
a98b83e132c75465,0.0380384362135122
0fe8ca7c247fab07,0.10634733001834074
c8d9bcea59632f23,0.10454584516462553
0ab0d9c2a040f32e,0.04025489850301188
a03fc647d8141fd3,0.1582507080684872
1036e1cd53a850ec,0.04770706284146835
519d3f96c9895253,0.042355468085197315
28df6bdb66f8e09b,0.21390410072851276
89713786047cfd0e,0.09866779005560244
6389830954a0227d,0.07983896469370674
8a5f2d2c5004dead,0.03789047755431401
19d4cd44aecb29c7,0.08619336579846845
2ed9718fa269e456,0.10835557281953431
31d0832c9b203b46,0.09605169452196871
e21b68ce26bfc500,0.11320431203734241
cf8783ddc0b9bf95,0.027221054807765162
fcd44919c1b3f412,0.15415742273310687
c6e50665e7bf8738,0.08671948102241561
ce0179fa676d128e,0.2106209859976341
423e064e247fe04c,0.18824564307368707
0ebb4ab2c338fde0,0.10708577111758771
37337cc831e40a2d,0.10823372368656183
04eb53517170d936,0.06083263170691934
dac684a7b8635061,0.07024008210527369
a2f354d17d1431d3,0.1074674480203053
8a42e6579214e167,0.08805840265955003
c35d24cd26008161,0.10605810945352181
077789ab8d103e29,0.09642385305105221
5deb9f3705c67be7,0.11624322993126496
dc531f502bccc4fd,0.17069007870685554
ab4b4d6c12291a2a,0.07534897315829615
47b284804faf97e4,0.10233597724342414
d46bd1fa92be695e,0.046758003170952966
11c536ec56a47156,0.04340119955203881
d5bd7d0c4a297748,0.03507587779519927
d30e6ef239a13f14,0.14838842777692846
8be010237b513256,0.17510495704129564
e3ed18d3d53d8aed,0.06197242980587211
a9f5c2f8c5922e10,0.1633759188011062
05a75c012be2ab6b,0.241436104799915
a068617fc089ad48,0.0973582912097303
687932e8fcf71376,0.044008435849048025
fedeffd4ef29f976,0.05368856759670944
5d3e23d9b2256c27,0.07306740800304763
c6544d7502deea99,0.05675673935169963
096cba9bc78d7637,0.13492542254953352
76b587348b5c4d59,0.13171527110133646
62185555ed060f0b,0.09321564412656985
b538966eb4ce164f,0.03362937092684959
8dfc12a6712b0903,0.13900474664634566
3ab52adc4b1c1768,0.05403415278907104
463847f9a1f414b6,0.11967542731948279
e93e14d11fc793e7,0.04958003625897675
2cd7ea4ff0b97ed6,0.09875959862558467
3cf1ec0a8c671d61,0.04784958545061355
e39df281ee7e153e,0.04636524341181617
272a6816ce2c7c9d,0.07767516718427186
f56230f889018c95,0.1313341385577253
4119f28f6d4d40eb,0.11996257791248616
3e744e15c1c6600a,0.1047757316499489
7975b8ce43d7163f,0.10554445421161097
76519a1ae0dba3b0,0.08336368657308113
6f6aca7dc35afbbe,0.08851841278290346
658aa810bdae773d,0.29091878243922054
41c3618b9180e8e2,0.07185121066007075
7cd53693b2b3a4b3,0.05555558751979342
a450a4bce9f2cac2,0.1409845172356615
05bd9ec45ff54b8b,0.04204443572088819
0d67ef8a9dd3249f,0.1237281874328803
514cfc846a144390,0.12854446245942142
2856a2a0114ba55e,0.1570161053051498
ebe02c0b1c116ac9,0.05169952074280185
cc31cb4421bd54a5,0.11017019224940511
d63593c7bd5f72a9,0.1531516417363225
962b8c33b5be069b,0.05216586924076605
40e508ceed1116f3,0.05884736275147737
668eca9c4cdf1507,0.1493890167704549
c15735bac7d4e6bd,0.045635673646677075
09d2cd5ccb05a325,0.0703243000506987
71ed58a8f5d479e3,0.12486719629707656
56fd1ce474cc243a,0.18558021414110953
4c4fc4fe6dea340b,0.15573732168643742
68fcea284ddff8ff,0.11802096856964325
8913329e85f873f7,0.10713301742592546
7a210b4ff6c29678,0.11013821279992808
91bd2a01c0384263,0.15678800615887373
14e4e31c9bd8d90b,0.04203963686266792
410f92d0f317cc8e,0.0907197884393307
780cd523f303a8ba,0.06298598305119951
77ae2af1842fa5b4,0.07183139207734371
eebeb3dc997eab87,0.10331031943574093
fa6c4d5205fdd5db,0.20104154337285463
f1798e22aeb3b385,0.3053622749378815
8af0df5286089649,0.10063305263863585
6e224e4033db63b7,0.03513658109841111
b8624ae03bb7e7d7,0.04105135110194248
52ca2f9cf118011b,0.34668215633793087
52c5dee14f8320fc,0.11157224085926715
43a4ed5577b3346d,0.12120079129699579
332563e196c7a1ee,0.2075751217087565
cc4b32b77225218c,0.121022658749497
0b34a503e14e5271,0.17104417495358568
33100c4fe51f7435,0.11188464451089081
6de5ffe2b6664d73,0.03864516846862641
ba39076152cb0ee3,0.08761194090608246
aed179ff9c81f4f1,0.0323130817525604
ea1a9bf792fb6a7e,0.04839484427005859
2f06ce2d10fe3866,0.11265768148682613
11855575a4718674,0.07349659564228142
06d39de4f0e13f3b,0.09840121418453418
5fd7c68abce444af,0.11883059730289897
d464bbc0a2f6ec7f,0.1891254134872803
86a7d5c47fa116f8,0.03428988685979176
a260e587d0fd3fdc,0.2441979071362397
6c07a18d9f02a585,0.15492395707607695
8fd3d88e27ef7240,0.1002262415715109
80dd9757384d7ae3,0.07290457659065702
00a0f9038422aeb4,0.10487015192991357
dd38ea8c63c0a90b,0.08650497319403111
e23a165731b18098,0.189955383401675
9bef89bb8b6e707d,0.040387747417562465
db5779805bc9128a,0.1989283466661449
13c6185147e496ca,0.18700542005651238
c23ad10e1020a370,0.08679201361750802
cdc252e1304b3741,0.058351878943768865
c9866843a2ca38c5,0.09339681969321534
1193dd7feb2e1c1f,0.03156924043536684
145626c411263ea0,0.07534997134396793
b2bb6e4261a0a280,0.24126042932776393
ce6c9830339e8d23,0.11393334888313286
e5a315b7bb844af6,0.11144900107496417
d85cacbda54cea30,0.072756777598769
ec609eb2e4100b33,0.12885905084247273
0d785515807808bd,0.13014729323919189
6bcfa2aeebd0236f,0.0633415525803348
9ed83fa2f828fbc3,0.04462489867654832
f596ac3c62688ee6,0.16601530922929847
654c4ca75e7a6d56,0.151938300764954
162146e83243572d,0.15340194548411096
9878dbf0860838fa,0.09686105036504106
332ca627787dd758,0.16161213793651
679ad425e74f2477,0.06446018014318168
df5a276859dd4308,0.1339340788757105
e1f7d0ae0443184d,0.14214442695295754
a6434286f4234aba,0.1271486012528398
3351a9314dfcaa5e,0.03789066796280487
e19b22778dcddf3d,0.0695391370811156
a98a59904fcba403,0.08388305288213495
efe47bc01bf23b67,0.07919613463024545
a1a862c811a320f0,0.07711612056652578
bdef7203033a959e,0.13710881554939972
0fa3fd428635e63e,0.0584737563160301
8ed23ba67702fe54,0.1688724782863768
ece14f4f1731d91c,0.1716811492760243
ca20fb73d0c544ac,0.05812200280046815
927bbcf7fa67bfb8,0.14436734301089613
deffe32d78bf8a82,0.11453541716100844
319944ea096b3a65,0.04552746468446642
19bd6f94f36d44a1,0.07890287596144635
6e7447b72d462201,0.0645735001768237
be6959210f99dd41,0.207950439582881
bc1a4abb3dbcab55,0.07520650442014068
41032395ff67eef0,0.1805999924436731
2b4004b2678cf0a1,0.08059142193762799
469658e2c6728fd1,0.09877982906207591
e67a54cb89e72744,0.044957685045436666
0a1aa269dba98abf,0.06266412136667086
746e977975fa2166,0.030588735463558232
ca51e1b6ef04fd43,0.06675257131193252
dd96408688197b1f,0.14779749353904303
23b5530f05f1d9e5,0.1442917443346145
da29e21770225527,0.07753828173199852
adb83a06bb93e782,0.0550148234670165
0e4d2b4f26be08db,0.1523311949063079
6ece7a74dc7701ed,0.03925632668669881
e5306d42c50fcc55,0.045917006998926854
4381dd659292aa24,0.07351671889404787
e31ebedf532c25cb,0.08588455757220889
853b98dd483b98b9,0.0689944111576027
2e54b76182ee44e1,0.1341396047590379
338f6834e70af5fa,0.02682214168243108
b5abaa739dbebcbc,0.1306679090881758
5a8bb8464a290761,0.12291924406542015
f0e90b285061c449,0.04100773331689276
e66581f055ee3b78,0.13481774071567165
0a21004c4d12a011,0.0611098794849195
04cee8b938d82d19,0.04768355384017693
c2eb2ef42ef59006,0.09265218566964789
4db76ad147f6dde7,0.0941654207778686
388d2efe55423a29,0.1858007464896256
b9875250f7ce8623,0.12066040541185002
e354d93aaeda004f,0.24344617121157663
39e7b31ad6490a4b,0.11022953010657754
a31878efea02ed42,0.07640410444517691
4db06f2609831909,0.11609799207557797
e23ceacf623bf244,0.09462298436077236
5b30a3dce1e3fc54,0.1706260502398756
9b09b933e5488d29,0.10003590328125228
64f0282d10422cde,0.057987125224941434
d171c9bf0e731793,0.08777136369050752
699a9d5c734b80f3,0.09299357455201292
79281527b5fd74b9,0.06393331820694499
63b9f2af8362641a,0.09070076472466362
8e20990222b8b1d1,0.08077269978040144
cbfad4f1f811ddcf,0.14060341861028042
a6dde1511fe8d47d,0.06308366418372348
54e8815e9966bb51,0.22248231397381504
cda24d31d8c08104,0.10840727428957575
2e41b0e18fd08067,0.040781841720629895
6e8f4f5c6e28c26a,0.1189870893294207
1f4157812e2bb339,0.10526376212589006
c2d3133094dc0fad,0.03269809525581153
e7e2da8351240636,0.09171047439046623
ef2946985749757f,0.05706972349820486
ae735efdf3a84f05,0.13446776759464316
8a459d7c2b588a93,0.22187103956267754
df0d35696f4b164e,0.08354944314220847
8f745cf8cd93face,0.04141504316600403
7aef10c8e6aae208,0.05380153953672845
706e881832fde05c,0.21386496755224563
03a6674f904defe8,0.06385337717778672
f00500b8110dde92,0.14130373025527135
1475216e327695c5,0.14665025260349562
3fc20688817559fa,0.0394987157383081
70df3ece5d814a70,0.04783258431043329
bcf591e552b3ba82,0.02927829971035065
a04e514a6ca8156d,0.1729162096118576
f83e082f10dc4f9a,0.04485577406652741
21a0898a3f0c502a,0.05530394446232505
c9afe9c2efa6168d,0.05732497946012554
9423152627c5de85,0.14451251658640352
fc5761df1ee97d2a,0.05070502451898744
b51c1517f2b27082,0.06270336899329643
966bd6f4b801db6c,0.13626067262635969
c39f09a3a7ee5d1a,0.1381097584991263
cd4ab667a784a10d,0.1878534259104615
053911f801591901,0.10776195351130063
4c12cd87dc745584,0.1237685914159547
f0c4df4801e5dd7b,0.03855373728093865
1cdb9e6374b25c46,0.042116382004052086
55a04d93184e2087,0.12533917483842597
b0259adc08c321ab,0.0813764551362428
3ebefad692cdc413,0.08166677844060498
83d05a33f78392ef,0.057337687862960326
57e746a1c420f866,0.14629747651382988
7086b53e09fe17c0,0.12718905578455703
2cefa5982f1e5321,0.10610866013352308
c4a61e6a8fa1704b,0.09816494030411799
cf3db8bd220d5bdf,0.13443550608328533
75c651d11c0a0337,0.03780749634597358
10dca6cd4d946194,0.09009262597415545
316d771ed9f0b6a1,0.080953285716291
ef64650ddba7c539,0.04129931508089055
721f58982ee85da8,0.14652576018589764
e8f08bd5b06f41ef,0.03091795435863426
8c2e815ac865660d,0.13805295818280083
8191fefedc6afd32,0.04657906524053432
15c9fc425aed1fd5,0.12032539787905851
52f896a602e74ef9,0.13200807933296055
c8a94bf1f874596b,0.09770379696763927
64024839f91aaea9,0.11492702873999017
23a06e4e391dfcaf,0.13299237881589118
76fc88367fd4b329,0.03982213287033001
e7ffd70d1007bf31,0.06903474535352
4df67b2b4764df2b,0.2093146194362147
5e23b5ebcc3c7201,0.1577231523249809
97c325c9980b0ab2,0.04850311631479179
3c8bace911db4b05,0.1920648030323429
d3af2a4f1b0513ef,0.11794812524799247
8a66145d22484a10,0.16668844338594985
f501884aa3b0a2bf,0.03876389208311929
21f8710a682b6ca8,0.10905195633951449
67addba46911ef5a,0.15756044931507124
cd5a8d124051f2a9,0.14779139442268596
a1acde423d140030,0.03750522023778761
6284cf5236839f36,0.09874685334698208
37f720257a8a7a33,0.1710738306505456
acc257668dc46b34,0.14171402152128026
23424057c8458694,0.06659470414540629
418a7b8fddf172d2,0.2589418085057722
dc356b2589e04c87,0.1521642722477177
f64eef65821a8f3e,0.06836703058443622
9fce647d5b47563a,0.2387996446120981
52f9976ea5b478fc,0.046103205939577785
d240c91989c04146,0.1793045933159541
47ef036d29375b9b,0.19644280757058552
8808a12bef546809,0.06955891171018994
d3a20f2bcf2db8fe,0.11680660888846384
a451d8e451fac918,0.0809004898127646
9826735b01a08344,0.07100650150637755
c4a29152e2eacc8a,0.033007135966677294
631690ed30cc1631,0.18303170615114725
d84d8a6e6ca5eec8,0.0375287004299974
efbafec85fb00cc9,0.22329417148858682
24556c1044963c8b,0.19489250879803763
5dfe6e2137dc82e7,0.04259956592818828
b2400c3aa22283d6,0.06557109750915752
71602580e012f168,0.14143961927528884
cf01eb3e54442236,0.03250854706299985
1a07d25426f87edf,0.0905493642734855
13b3d3fe65bea413,0.06528909174139956
059edd840763fd81,0.17454825247265
48288e044d74e7cd,0.11869104607329502
add068ffe0671cf6,0.04141009607353546
c99de47efecac792,0.122078910642469
11cef543afe62f88,0.06297583755904305
e512156389905eec,0.05366440420318662
138703e658867a2c,0.1610673925657986
454c3092e6edd433,0.03660415680887527
dd957118652b5ed5,0.1293028524401377
af01fa5eafb4602a,0.07103079638006042
7bffcfd2a9da1725,0.14215365844632222
24f3f1ab071df78b,0.05072281721085719
3ec7c9ebab0a4a2f,0.14927148108127036
3c1d10f4646f69fa,0.060779483283690885
9c5f959e1195fc54,0.034465289050605
cda81aae0a16f97a,0.11410329418771907
2bf6c949fa0b6053,0.1026667192303555
546683ea9e5995f2,0.11993483473670682
c4563254d849a8c2,0.10886594969218383
e9e85a92d9ed5065,0.07134611801113405
fc9fd5a085f168e9,0.10987433003151204
54049d409156afd1,0.16187556795171057
e4c0d5c0b9045e4b,0.1623495346298573
058f290d4016fd11,0.03815948001557727
e14cd74f951c3910,0.0598920096061344
05018e18dc83e13e,0.3156227356724699
763ff25fb3a65368,0.0519410716145194
eb5cf6bf7c8b4e5a,0.14643227483478255
013351fb7667dab2,0.14608112664214135
e08181f896cfb680,0.06402124435498488
e65d39ec9e3de422,0.14212094848555915
9cf499aa7626f14a,0.10531166203577974
f203a5ba78b7389f,0.11050090919293284
8ea386546c0f8c96,0.19697726212542097
0391f48a6955106e,0.03503301945804292
d2f70a0377eebc5c,0.0472221027201422
b96e54496b6a6713,0.10359242072570399
1ecd7d7fc32cc874,0.09972592416473727
a91fae320445e22f,0.04705965676318021
7f7f8d9e95bc3227,0.15302092275258522
8ed9c9b27ed7229d,0.06273993962478494
19862b4c0d2f34b9,0.06385543191551597
e5b1c6b3822addb0,0.1159449027269573
191edcd8d76cb951,0.2876272841034225
6b08a1554cdf28c8,0.058198866477092444
706610ca333da138,0.09377203615521305
5cb5f8466022eb46,0.1132763773364188
acb3a526d9921b55,0.07406395525086185
947db252e781ab55,0.08294752523469576
e94881433d15d819,0.06856587299757318
34439005f71e07fd,0.13576453956162227
989a2593307d72e3,0.10303577620548607
ec8f1d04cffddc96,0.09354980397727987
11dd5f5d722fb0e0,0.12223022019242494
d6738bf320835a10,0.06917102766113868
025b09a306181a55,0.09408655538443221
e5e3f5fbf93a1918,0.11145915734464591
2d60731de40ca5ec,0.06629346480709832
96789dc76cce8bb4,0.13099408121433695
e04c2f21eb86c30b,0.05059119610493481
eb4f7827e27f3e50,0.12941975134913805
c72cafb3b0ed2058,0.0427574638926086
38e789ce64afac4f,0.10377988017018992
961a36d1522e6ffe,0.06772402969822862
d915888ab3fe3241,0.08085469589386708
6d047ff0d07fd1a2,0.06129517951032777
96212cff04501fdf,0.13928620083551657
6cb30ccf0384596a,0.16392118917959064
1878cf5a842e6727,0.12156956179944967
47adc8c9afbd6fad,0.057693835844690775
bcecb579dcba782a,0.057210956794754256
24fe0dc9ab19be83,0.03555036233433782
d56cbf99a17acafd,0.07084781037346287
5caed519a777c666,0.04252126605303934
de3dd7a6a4564414,0.1298689490686715
3ddc28164f664050,0.08729433029369979
45693136342888df,0.039407087577809786
143c3caf6eb25742,0.08920636874234289
9295c919e27237a6,0.07447175118604246
0dc756a818dc5d9e,0.11289137481988276
67a0ca3f82ae78c6,0.04687839669254988
cbd51c3558265f5b,0.06282786719440714
b6df5050c31c7287,0.05665976157764298
73f20d006cfc47e6,0.06366148752466051
2de69b9443d4fc52,0.059749109907836856
1ea20c09b6c79a3d,0.0848789968267023
ea1427791f675329,0.10901339621622312
cd6c9a86e5c13535,0.12948695133229907
fe03f010fd99f729,0.1937392073621596
3cac934a5e569272,0.1177867485056302
1f9c8c5a31c38592,0.07609544735743187
325d3152d318ac6a,0.06566874741324243
c796149ae059bd36,0.15265663656984169
139b95acad0d8500,0.03966989973170091
ef8ca6e1ad6cbc40,0.14346507681891907
738b1f5edad8bc5e,0.030127811924184865
00b5753c64f3aa5e,0.15716317102844546
7509e02d19e2f87e,0.03990437135465938
a85aa8068fa925c9,0.1564606522375348
f8ff744430f73aa6,0.11727927774859163
4106129a02383134,0.047892321248124384
3be6495b6e47bbe8,0.11229100539003205
d58d8cb98c5344c3,0.0785845017846226
72c32db073874592,0.061369309216729055
b33541a9535d3cb6,0.11047739419511186
f117d4aad78b524a,0.08386519312640112
5e48da846d46eabc,0.14534836276792856
b0b266000f2d6b03,0.1471902430715404
2aa63d23f11f3aa0,0.04359337176026955
7ca15ff99bdc719f,0.064951889884862
286e550605b2d970,0.04196975385393678
140d123f8919309f,0.1481293269394791
5406d7c0119b8b77,0.10903257758909966
feb8f158efc528af,0.12929497312373348
20e9295f7f1b6809,0.0722485198307806
8c67df2b06a8af30,0.09488969940954772
0b5100f2d589252d,0.13529694723624805
a7dff4879e1f2c8f,0.184448326380167
6b9c17dec469153c,0.16172470554970977
b064e718f3825ae0,0.03649504142439009
633aa423117b483a,0.067787438214053
2bd2dc8cda610b2b,0.11668699753488904
16b4f1b4b30d7a5f,0.19029338439328958
7ce520db2bb5b181,0.15811237363745295
359fc18aad246386,0.11341427558045074
4040467f440a4681,0.08527684121554388
ba27a17c66a28567,0.13315228795623624
5e4bef63f0b3974c,0.13182502665642146
849863283a0793dc,0.13394886718260882
aa9c499ad44baf78,0.09155089944721467
a3fd494842016ae7,0.10712059442952056
5f079c78614b8a83,0.1845034498314326
7420f14669961a6a,0.15061139373721136
0a083c164a874ea9,0.05020936199187774
396f04d4bed14a3c,0.1133371367343271
bda29126d66debaf,0.0710718871134222
8d5ece395c6a6b60,0.08624886081677179
9ea22d08386ce3ae,0.04763766455505688
1a277b47ca192cc3,0.04673965674841167
5534d1ac3ad47ca1,0.10743970974094072
164e32a2b96ed3eb,0.12793141262949756
cdea1d25f481df1c,0.06270322532687121
37e1f37cd163cc12,0.1756259260220359
4f896e74ddfe48f5,0.11713126151292155
ec881c0b42489ba6,0.10117731648587275
6cbbc142e3b6532d,0.058134967181096966
af58eeb2cce1b1d8,0.0535808072958635
3792b407d3147240,0.07677058111681574
44abea18902dcc6f,0.0697623907360204
f174b76e8c589bc7,0.09048242325327198
d5cb1d76e26e865f,0.1719844669517398
c953fc1a52b6d2ae,0.12730759406248401
dd9860c103eaa486,0.04059483192501062
1a338e9358b4b71c,0.028337812496775062
28a055a15e2bee63,0.11542095882663535
d810129e88130889,0.09230963181415325
20b2f55f0ebfeb9c,0.08521306462511372
2dbfb79bb9d5d576,0.22769074609644654
a4f168601004a705,0.07739146757250295
7419f46f112678b9,0.12469843098015192
7d0ff708b6d6752f,0.15883226932275976
cbb85fa489a893cf,0.034668812751800164
c46a723fbfa594f7,0.07984524810177035
2104390897549457,0.07590860087659265
75c276f7d0f29aa9,0.20228561480856283
01a679a23b212287,0.18860713373554908
6cc58651b88eadb4,0.06675421703658241
14cf1ac65f8ca02b,0.04146225638838962
2a5d42d92966192f,0.059732016226626466
2010478948b9aef8,0.07323194479283787
31542ae607bdb59f,0.1346606621486161
783c99f058bdb723,0.07259120095829524
8e49ec786a6d5abd,0.10724203050421902
d2b9a740ddba79a2,0.05001045416101945
47c1231311a7aaaf,0.07923597651940385
c7937d0c63ca6a92,0.08902898345694746
64628bdb8224fe18,0.04519304672129942
49cbb2ff9274a4cd,0.043099417565252124
a4dbc0e728a780d5,0.16560662101257925
54a5b82f046318b5,0.15895758113560396
daa0b6896a1749ca,0.055816102916617996
4a251ebb1de72153,0.17507120364175854
edc7eab7534ce904,0.09347074790828508
0d31a18c31d12329,0.17301511728643407
ef643ea0ac629b95,0.08929796322800056
39049e24be5a4306,0.1793013044024813
f41fb0591a5b1902,0.0435511903375396
ef3add49907eb895,0.05151211791642843
3c80e6a34fb3e4ce,0.139528805747239
681bbfb8c5372f79,0.15492008251426853
007f4be9a3f6e89f,0.05008760029280225
25144a9b2bed9be3,0.12381511736069066
61233f40c0cdaa2b,0.06729646504471662
73a058838f6b7f2a,0.21653370812321387
cbc20660739af678,0.20283548656265332
8fc723bf625337ee,0.14435535468958544
3ba49bd9e60f519a,0.04834305595677678
6a3b3033fdfe94b2,0.09063737859488238
c8ed653c9f871795,0.12850856968020052
2f6d48d7acb127aa,0.12554257393820978
92ff64a44efeaa6d,0.06169662317850041
d7169f20999bc93f,0.33927818943388943
53604f2aaf701357,0.1049278639751767
a7001845bc2108a4,0.13986166002508701
e1c8d84bbb8add74,0.041847049268449635
0b6ec467b5610434,0.05169847727767168
8ac52d2ec127a096,0.06677017806464766
b10baee15fb9d01e,0.13466217782735695
221ebe5d40d467ff,0.1458138284592554
4fe55b114acc6ade,0.08061936505265255
d8482a667d8a69cf,0.03991018072983706
53ade36e2a1b1e97,0.16100661654553425
23415b9cfe9e209c,0.10869554604416784
280c7808d94b9763,0.13896552460973388
de5885c6a7c6423d,0.19434663702173632
38de0e8716fdf6cc,0.08314721251606964
55bc25143589b254,0.1388109602423982
957e73c37d447545,0.05420584670342797
af84b2641d1c74b3,0.07453465334435781
e7be7f3fe2a831bb,0.036759787916371744
841f7e8235380174,0.27647428072906105
63d88f28c2a5df22,0.12371304736719002
8dad4fd4df5c221c,0.1502957471974292
3572ebf75eb17942,0.08218468953935551
25a1a550572c1f93,0.03776496385581933
6ae06440fe74b44d,0.30726564168997755
b4bf088ea90582b9,0.0727997672842964
6b9449d16e81079b,0.046473805465988186
4ff7c9e8a089b94d,0.11433938323827007
aa5c5648b80a1a3a,0.10444482535028354
5dc1f3d49bbbe4c7,0.1260173219003166
99546cb325e5dc06,0.12333299553075601
220c843637482425,0.09882099279077812
6608fca5b64d440e,0.15179031183662178
f29988dc0a3c0243,0.11847438183290322
51058b99b395787f,0.05366928843954777
ed1bbe11677f7bca,0.07447287350316244
9f9b85620fbc0cf4,0.05881078117928685
8aaeef3315304e45,0.07165467707045377
5d92173cdb00c0c4,0.08747972608616324
acbcfbef3b1946c1,0.03837162079850441
73cb612fe6d23320,0.15188212123747852
4216594871a36761,0.04743581914576514
1c2bf4927779574e,0.16283477378254355
1498d0dff1fb5394,0.043492150243903745
53f47e8f08b91aad,0.08062626996767365
c4229a0ce07e83b9,0.04295953138342729
bf61a06ee47b2027,0.037556185731495176
8aef635fd1b3a740,0.04448933591998666
0f6a8a20e3587b09,0.04017856321368282
75d7914477c996b1,0.061493913342231254
7b1790935e6cb838,0.03153424939628638
d680549ede3f6dc9,0.06107855848094974
f3bf39cd2ab5bd9b,0.05771551845384695
0b0930b54070750a,0.047542950659415995
3d97f118d250279a,0.1640221202597016
e9de0ad29a82a54b,0.08080825957280238
9485f200c4e02805,0.09074529179176241
12d95850d018d3a3,0.06520707810792253
ddc866b96dfc3aa3,0.1222905293113694
45a33a8161cb4b46,0.05886687267783744
990eb9e1c61c80b9,0.05248097415104669
378b6aac03179007,0.051763202964621585
b6ce4df0bfb4d3c4,0.03782200292563494
a50653ff586cd76a,0.09667755549346194
65cd9ee07cfab83a,0.09356809862612055
d2bbc0c9f79df720,0.17600199884310114
82ce816296a1512d,0.03013945350428496
e502c517a223aa14,0.04968210680808574
71d19ea693604e1d,0.07530023174284035
0d037e649d83d735,0.0980869747323221
6ba6991213384d83,0.10861594546604775
4cac0de9485495fc,0.14840853189012077
9a0be358e968c623,0.035752983151676646
f1ca34616439cd54,0.05381005968932554
e301cf1f2e4c3681,0.1118630766997191
d614ef3ad50cc2bd,0.14060527635735476
c0b33846eed21da4,0.07141383526254455
d4e499c8cbcbf2c7,0.09799839156728235
112d556866bfa77d,0.16663386506647
3f5b776bac1c2a71,0.08551038439819703
97fe9a981d0717bf,0.10212474679871361
ce3280649c6eb5c9,0.15133512897729023
7ae7079159ced82d,0.07397053196458002
f1eb50e28869a50f,0.04868959419366928
52c8dc366cde6d2f,0.046443674702431784
ef14064579612c4d,0.13973372913632956
7897eec02201ca6e,0.07804178097463021
321d33ef853c8fb7,0.17649298578380457
96766da6bd7c3998,0.035990357213424855
fdccd120c1ead149,0.15160533039012963
288252f0e770ce50,0.14833537603456762
d4d977f5a3d8f01e,0.11290071573687357
62ea4677a492334c,0.15955167513598367
d1f182b83a420b6b,0.05534826106972356
0a8ea601fcc75d1c,0.125752847602285
27930c385742439f,0.12051854703115994
13d12d929ca71339,0.1720825167186089
159b4f9fc1efcb55,0.0358574766264371
94ffb2f9a90b358c,0.0851938301450707
68615d70615e3b37,0.04649740915077345
d4a40bf8afd7e4b4,0.07598094590579176
e3dcfffec2d51e7e,0.05632336970438632
10366fd321e0ad43,0.0508079816016912
80e3f13b4e86e5f9,0.1768072271748149
6272a9e176561590,0.12761613319899884
14ead2f08e775ba6,0.10055798953286546
08ecd3e0061305ed,0.11456773403681325
b91abfe0273da79d,0.25891968161139284
0c3efbd8c39177b8,0.3891742493764187
e9e21b290009d63a,0.05089621710826247
c188505410fa547d,0.08957494932167676
768d9e0553a1399e,0.029691146139923318
a9370f34870acac0,0.14351514764373843
9f6dbe29c2020549,0.05705300744738018
6da7088fbbdbdec4,0.07865404814939285
944a046635530efe,0.18463510379861775
55a97e1488c333a9,0.06072264670457532
bba6644aefeb263d,0.14216008699764446
750f5d2c63709654,0.1617011056837112
b7f5c550aeab6fa4,0.12607024412649098
bf2efa05075a9f6e,0.06240862526502686
2987973344ab04ce,0.08487435227353535
a97d19edf8f608bd,0.06922119339173781
6138ff6754f14dc4,0.05982799607530585
87522437573af7c1,0.1325346574352557
57cc4278d6b67c5a,0.039881773319052786
8f29d789ebf40f9f,0.04473006254193392
15e17422c43ac280,0.061197504268607504
57faf77cf5f72f53,0.09070021548895295
febc8ada0a8d768d,0.051135699048904984
86ab68be69241db5,0.105541967335824
5fcfe942606240bd,0.036654885781418796
31bf257f6a4a70d1,0.1539350913372926
a09897cadb789dba,0.03013415460628671
328299ca9da15ccb,0.0905827289509856
c95184d7971b2960,0.15204838926053854
6ba9df085d34410d,0.36143389504619167
396ed8ae6d33d2bd,0.1523447629830079
b058bc3c8a9fe33f,0.21678488198808246
77b29cbb7ea1ac6b,0.17274139702562372
c8d191e05666d6f5,0.16275378540540295
c4d716a53ad99b70,0.109319365727779
31d17f992245249a,0.06997582455400406
aa459cbd8c781f76,0.09505569780395164
7ba0185e8220f22c,0.0482714502883077
eb077a940d0bbcbe,0.1008283707685663
9298c80a21191034,0.10865840535182009
037747626ac5db4a,0.05141213019654131
8ee7aa8b54022319,0.1537580854963995
a2b57b918f2661db,0.06146686869385723
e703b056b17c6038,0.07027640561255102
5d760ec696eac629,0.13021468557268973
68589cc32366dc9a,0.08471208380243535
83d1d02b456e13c0,0.10920515632346879
f5ea6585ff5edb0b,0.1896596887025435
32290819a9b6b754,0.07025499387896963
f0cddec42ddbe07d,0.034124910765666656
41d5134ef4aa43c6,0.08999127094408768
9a422d8246e3f97d,0.08763133383843705
341cbe1cbd51048e,0.05278399613478904
3d2c0583f01cd72c,0.12905278733418163
870996e4835ca83f,0.057432839100759414
28b09161f3b17dab,0.10191261390183326
051b367d8fe91233,0.03613478812016097
9b8aba50b3ab95c1,0.12277007040939687
ff5577bdd79bcd6b,0.05551400159562175
92e4eb0a0d4c41e0,0.21137320633807866
575ace0896b22257,0.18081214418318117
a16f31da04bf60c4,0.08428520614140299
cbc13a2671d3578b,0.03953567321711656
876ba2c5e443fd41,0.13989189139018385
5d5689e87dee129a,0.13760218414707737
71a60a6dfa7e1760,0.11192213611453714
f2a38a0b81dc90e3,0.14849532174381763
ec97de286c2686f9,0.06305378730780913
b77b633a5106f906,0.06628474798473928
972df202456969d5,0.0544504501852726
5d7f4e9617d1e7a2,0.03858193711512835
196dc3655d9d1d79,0.035958343336692365
7b9da0adcf1bf365,0.04376361970198375
b9d78de840ab100c,0.046762327502091756
803868566ffdbdc1,0.04035723614115059
cc5f60c8c3c2b5e2,0.05458663660069063
88919e17cce1dcd0,0.03891217418403281
88bff82c05879a44,0.05449098867128263
aa64759c290cdf84,0.0800796226768124
b224a7d8b6f39ab3,0.07916922703515412
ef11b15a28910cae,0.058868657643805236
7e08eb8d4482e7e0,0.14274100826144942
609b606891c6ff2c,0.0346778582217735
07ecd08d07bac830,0.09946410946599628
aea578dbbc154142,0.1424123398019257
9c702ee77f731a28,0.09234978637450991
74a102877446027d,0.11651700305511367
dd13d150ff97f653,0.20019980479048796
36157f72f10981f7,0.08490256161332874
808639f0db0c51a9,0.1042062260855475
d809389ba1350646,0.10452955580230952
353512ba78ee6085,0.03449992475340178
207ae6c9e8f4fabf,0.08187949626482025
333ed3894f0f2865,0.14398130898701142
c8e41f868f963ff6,0.11561452949173308
c0436a45e3cdfea0,0.035702512517145533
497bc4409ccbba90,0.1473832054062336
b29f7d1224fd0321,0.08510186427835387
7795ac2497824361,0.13997370976322623
28bd2f25cefc0467,0.049385055821048504
7a5268c2c0ad3fb2,0.08558406534871739
9335e306e6ef6c17,0.05429091077533079
380dbd85787bd38f,0.1487842180150047
4df3a358e7ec87b0,0.03433495664898717
b423d03461c67e1f,0.16082032614700828
8d6c8b00790579fe,0.09492744576288825
75302981ca660bf5,0.10537397854834749
34fae39e3b6350ef,0.09263707216657274
47ee9553918d83bb,0.13264851252952098
525eb09cf01d4422,0.08072252367273901
f285090a9d6de2ea,0.1655869515082674
9a015d0a0e9dca3f,0.07394504188102144
5b9ec24c9cacd921,0.06649938915494875
80f6887bba571ef8,0.08635754154091599
a0121be4cb97ee81,0.04641097637342763
98bbb1d875be50a8,0.1601165684329516
d13d14d73f638740,0.07302760207162098
b2c1f66103087339,0.06610345004039739
ed544070c1558a6e,0.08375160817374437
6dd8a5af5647059e,0.09188564132558877
ec707e8be77e5bf3,0.0818131582850934
435ba973814b0e29,0.0789877812816708
a003759cbad0ca72,0.07864853242969075
4c1f413aeaaeca8d,0.06213489622774332
febaa69039e2d424,0.11550625853081407
1a7702c55d1c3c6c,0.13196122136091348
747b48174e7e8cc5,0.038700822913169765
e73a38787bc7abf6,0.09794853422554664
591163e5c881643c,0.16689335119094284
95f08a028b009350,0.05036025720271918
74cf8eff69e3ee73,0.041585560803821454
44639b509c809540,0.11058317515650543
abcf4a1f567f5b1e,0.10719950884038917
987d6ffc23a79a57,0.0928192446757827
e7aea6a6f0d83afb,0.09835619677582119
d9d2d9b2890a7999,0.04618718376016777
deeaee8dc56ee2e3,0.10165835270561643
ed44fe0714d05825,0.1481071100362194
68d0096d6964bebf,0.06236554261714464
8d52d8ee49e4e8ec,0.16407928071404332
b877123e88a6a266,0.08475432492400219
8aae92b438c0c262,0.0399898438645465
40864f11272e903b,0.06648392723913489
7583bd973a7787bf,0.21398140609200053
209764663e3680ab,0.09235657660308605
1802828e130f444f,0.1252538010548632
c7226e4c37f1c216,0.18810833761109344
cd0110875b4d057e,0.08974289175773423
b66e634d66bc8033,0.04220816767606988
644bd7580a1fab58,0.0774376432866133
ceed54b1129eb356,0.06148645323758849
4a02d907bb4803fd,0.047247264731347716
d09af6dce02bcd02,0.04328466879147929
c81869bf2ef1408e,0.13925785223090267
455bd62f0c9a8b18,0.17392289638860414
8c648fe7475ba2a1,0.1254155144816248
e7c1606cda3f50ca,0.06186285385726588
386a0c809777aa8b,0.07900295505139229
882d6e6250d5d648,0.11218356879452848
e73fd396a2d7e661,0.05645699837865877
e1293605384c5923,0.031037084481314137
d8e5a75d55957e5b,0.14858982242599517
75e6395a1cc7d878,0.10119895553321662
ecc995a8d29cc898,0.13631198889146087
ba27e43ae6b021c3,0.0737607230915539
075b11725eefed48,0.17482120857305186
16e06a6abad58f9f,0.07247912559720615
039a18d8a9005443,0.20580714585629148
166eabcb1845baea,0.055911008700883474
150f221c402f471f,0.13044198557209616
2af5183224226208,0.07345482617975319
30a31bbf87301908,0.046827143608481864
95c87aa909d557a9,0.03365572241138511
d70eb57711fa415b,0.17179496244703676
9464555817eb4951,0.17321718808509434
8d4e5d5935a1a663,0.040580999006395925
289e3f76cc551091,0.06635336649227014
8646ded190e78433,0.09610282342503515
f2e3c326fd923449,0.058562379370681
83f8985c38ecf25c,0.08316386633552268
8b698836d194ab64,0.06419366167843359
74a48ddff930321f,0.05629577376757429
79a5efbbc2b4f8ec,0.06608750416468048
6e88ede348b8871c,0.10143472427860348
d98b06d0f7e1b8d0,0.05941194841534706
dc56b06363e3abc1,0.10324582333001502
b5355653b987b958,0.06800663427854894
e5bc532f235bc0d5,0.03652972149711513
153cb69740320d37,0.06936327175036888
30ad5d4441533a6c,0.10752952084280792
05ba774a4ce6ab73,0.1887725069592387
ba467da19b1f2810,0.03446270385306552
9ad04a6b621bfaf3,0.12726552121887502
f605e43b08e76847,0.12013805774069618
fe2d494aa36b099a,0.06990365891169581
1e5a8f5e21430d42,0.08205159743988158
9b28fcb2ee487967,0.28308513968222676
2f1c0ef6d36a75c4,0.08006650980659372
37fc5525bb7de5e9,0.03666119883030673
d6538f0dbb2a123b,0.1206960473198812
7dde59a4542325aa,0.04176103205405453
20c617dcbd71f357,0.061855840091401465
77f00b5e8f833d41,0.15552430951658616
869a14428379a740,0.08736112294879092
5fe5544f8e236559,0.1396883866430886
2d3681cba05bb562,0.1723272383088567
499be0abf97d1597,0.07953271488623699
5b423761773c3a6b,0.19410249832539445
57cfb14bc788cf66,0.1444308054996155
bf8ee8443882eb4a,0.13229958137269418
400e3c9ccfed951c,0.05798570743396079
95c34bd334691146,0.16358873219617648
441b99f616030e70,0.07192774515324554
d6449401e78d3385,0.07744558738584562
ee04b5380c7d4f07,0.15590704168038327
47350f4648bd6090,0.03814956901547694
3d184c420016986f,0.05886062996698499
2525af5583075cac,0.10929620391033527
37055ef29f0a3dd1,0.09464846994285978
741ca2e53f728930,0.1518045338249574
c2060532831835cd,0.11413011490736372
bdf51afd82ed739b,0.0929360688554425
87516eb4863191a1,0.13385463591668234
034a25e098498861,0.032177147547308764
2beaa963f217969a,0.21168081565541536
6b03ea3eb3783933,0.06800139224288954
99cd56ca4ca12f1f,0.04424633339567571
42288d86bd56d80a,0.07317981637124157
a5497f531ca73858,0.06066898776404815
6b8797ea062ce398,0.07903418313830834
1514a9ebdc630056,0.09720436269387785
6a47264adc77dad4,0.07229653166225349
4cbd1cfe1be11280,0.18315307794667213
555f489d111c7db7,0.07158711927228578
d3d1d52e817c754c,0.039569656761760566
80c2b83979b319eb,0.05061747553393138
b601ede8f1d5ecc9,0.038491908716579336
ac4e394f11848f01,0.14329095980124806
a5d564228af285dc,0.06943624604546048
872eaff0cae2acee,0.05747068729923706
ca524fe71b6054b7,0.0862895040398907
092fdb93d96ab75e,0.03903353433529251
b1224feb365fa8bf,0.07812269137310417
b5883c6e74b0ff0b,0.03930754288109692
7aade43a31d09f8a,0.07963475462562905
585ac3a63ccab1a8,0.05920532013391991
e4933222bb492af7,0.11624202157701816
d4fff28089f09f7a,0.13963140833150198
1faffaa35ce84d77,0.10611966282289724
27afb6fd6aac442b,0.03503374251867209
847a053fb85c500b,0.056856937480107776
9ad6971bd0ebf223,0.08736383356650826
a14e1a04f336c6c8,0.04671472385828081
50698da7b2db2350,0.08301091666907358
15655e2cf84c9cb7,0.13732291092299626
ef796da1e5967ff4,0.18882901682643924
9331c7e2dd294fef,0.10844549238160212
b7796a59af546a3e,0.07518210157446696
d9279cd811aae7c0,0.07570323022263294
df81c08c47af6c59,0.15395309424049267
1b9dcbf8b65b1a52,0.13335575593027954
dd377f760a65ba2e,0.15802884478665297
995b4a4b97e53e5d,0.09926623891830126
13b533f79e5a5caf,0.120301471491298
d4c903b8efe43c13,0.15394215324894486
4fb9e1bf5a2f571f,0.1402786227576358
ed595c03e7747694,0.048921902762271964
73e9645c3d48fbb5,0.03383665698891729
a4b5405b00736981,0.15221507613991161
2a653776755ba7b8,0.04020492913747884
158fa97bf999e010,0.10271090998916063
a95d0a261a3bb142,0.08037661061474602
ea46e88a59d4fe5f,0.03512504932838466
6496d7761a0c6190,0.06474830943703949
6f4ba984b6dc3289,0.07318429278407322
5afad3e6c2fda712,0.06543344045184424
02effb9a084a466f,0.09868953854935916
f43a5e53fd455d87,0.19715730089450462
49bcb75b2ef9551f,0.0371908971602878
b21c8167caedde33,0.030321318409942573
15d2bbcb8c316442,0.04858011091913811
523bc8b194fc69ce,0.04751506108024988
d7b8e5c99743aab4,0.09172623012885074
3ad43bd42075bb8b,0.16957414846210195
812b9840da2dccbb,0.16995247279386963
e70b5a521c308e83,0.14220270119365608
3c45ba8ca9f6f412,0.0381602901296409
7f616f8d83b3eb18,0.07750851225513998
26c592e1845bb489,0.0683550476769011
68d37c0a802b47e7,0.11971598506169283
d8934f60893849d4,0.047516288880830634
2a3dc482e2f9765b,0.07870165779463482
016da23592d81da0,0.03913722692519064
4fdfd4d0c0f506a0,0.15761142893044683
729fc49d981fa3bd,0.07175069395775416
15deccf643c21df1,0.07949337201509919
7daf2f242a027468,0.044147412243372895
d51a0a86350f7add,0.03598759648348538
52fa3a33f632aec0,0.11875072826122557
bb4d95ad5da1ac87,0.09442188256321296
cd23dbd0e165834e,0.04385587895694075
ba39191a07cf9e7f,0.09735912640414163
9ba5cac296310d3a,0.17335488966048115
d322c51efb437d17,0.0334181622997394
3af739b2f776287d,0.13809779727847518
85804c2e9c6d680a,0.03811936304380312
cb0cd20b25649838,0.05459289754749124
12c942ad8a277403,0.08757166896249821
289e502cd91b1547,0.14804769720213456
31c382a7004fe972,0.07171980764958817
d169a1c279a46015,0.254532635575958
f9b4abfb6291393e,0.08400411926843909
6717d92d92048fbb,0.08581334200963892
469f41c8da1eeb41,0.10330614920748214
769314bb014d1235,0.12107991879723987
ff2e280d521989fe,0.06840795464997752
1d52653d4f3c35fc,0.031396954688175285
4c0ebdf6c9dd9fb9,0.054677839008986845
8e182e2e4650cebd,0.13545317534062826
f55714d17852a183,0.05508525810289736
f2e291daed34f717,0.13702346417796893
2fedf01adbad6180,0.033921285284278714
7079029a20553569,0.11933622456060486
7214daf28cec2f25,0.07867996224904408
3037ee52ce757f35,0.03690782875061128
301594a1fbd58308,0.10244902376242146
971dbbb99046d9fb,0.17485419707990912
c7647059905f4dd4,0.04770467080675198
796f7cb75fc0eb55,0.16324008620575498
bcf00da3386bb946,0.14362810640493523
9fde66ee9b59f95d,0.03238675135668858
752d3e65ebd63369,0.040509390754699254
1a6bbae0cb804476,0.0859887468586236
03cac4272e7b8e63,0.13283003373311944
055fecf2717f29a3,0.11292968988788915
a2aa85d0e1bc4e6b,0.08579023807291251
ef9db57cac44e529,0.08587776844464366
8c91442db55d9d64,0.10318440596807807
7cfa3fef2d1a1dfe,0.04063107925026681
56ede8d9842e0590,0.040257219008984935
fc74e63ad196960c,0.23746039394949528
342867ccf7337815,0.04289161281034304
866f7ea3c4be20e6,0.08844104493540954
f45494a74c712731,0.10585085851359162
414228464c8b74af,0.1108708781851296
e4a3f7a35452e28c,0.11965679428130936
c1eccbf012d9a361,0.05280892971520528
a715e394b41f3a16,0.04043191554847767
26a24b8218ee00b6,0.1812280696210468
db4b58e70acde06b,0.05403381734583506
deaf015c1e137149,0.0391032168996794
9d4fbfbf523a0472,0.23449209759903078
ff7e2911a22e8008,0.15853762744466565
30449ce55b14d344,0.03959410764619809
b930073e02948360,0.13647212477491236
9326674b4c828c15,0.1026226725601345
a9b474db35164846,0.13634465600616041
9183d88dcf308c8d,0.06038204189921239
47c8c6f64cdc0a43,0.08704249278935694
2ee4722095033329,0.09974930215385401
cb8a02ecca44027a,0.0356172216620557
1925e9dc63237314,0.11336464977221164
dd36f08b99fcfa16,0.14904717133250334
9bbd43f6f760c243,0.1078230135943602
a766359aef66a25f,0.08759870422895524
4d10a4698fff400a,0.10095062628973872
44a6285639d7fcc7,0.11956858818310094
a64ce0de598f4714,0.14267682179486485
8c887a6a554fcff6,0.025648704198855607
ef3f3402f7530e37,0.024962712029636805
e9cf43bab751f410,0.028687668218039954
1245634a78a3136a,0.03693558443006455
7c5ed75e73c20133,0.057858150445022176
ff7628423503cb61,0.04422445709344254
55df3baf4cb22442,0.040508191646240935
20497b1ff5df51bd,0.1371644191463312
fe1c1e2e166d6943,0.11124139563853086
0a6a2ebc3b004ba8,0.08285126014061045
ba16bc573e1d9a6e,0.13364540525385024
41ae92fc5f37cdc1,0.056664321256062064
ae05071f58d92774,0.0548247841777398
a8d4083bb2383da5,0.15438276727577382
92cf17c3d59c9b61,0.0320313164406415
f591caedceef4268,0.05257302850811049
e3d006785a8a409d,0.08841208570761211
dcbc913499301796,0.04529452131175569
b630e1af9fc1f3b9,0.13804835572111349
7d6a1e459131bf25,0.13327213854316894
5f891649affd8c18,0.08383045621563072
7dc102adb7ad6667,0.09688448947031184
1b8c16064d0dc4d7,0.07459364566621873
8e5286a9c7d73ad0,0.03784430816569716
147e554cda420ba2,0.04658006443869686
18517e2df9cc10ea,0.1006367454565317
54ca2e9aaea55320,0.35721595942997975
a923278148853286,0.13779218506009838
cfb35f11977c3be6,0.08428208193842066
aef8a4667274a47a,0.03408447191452884
2c51172cc4d5eba0,0.04329880979478259
494446d84318c9ee,0.08161092686314077
aa652d97612fe50e,0.03405827790318255
baecb9e5cd4b2907,0.13589791247836763
c29488c64d211da8,0.05973946104847405
28746b4c4b26d721,0.0375338066576571
8a45d03fa3989bff,0.06063325604782692
462b3e544fe612a2,0.11901953671533705
359614f152fbbc2d,0.07242622510963799
5e953db789137f0e,0.12209540424142898
2a99aaa9555b3dab,0.08528218569087659
aa37a77bc447fc0a,0.15901784685247194
8c0d7f3ade155e48,0.04166254201441691
45b05dd1071039ab,0.18766031698183938
7e037c271c23576a,0.0698548494018445
9adb38d0576dec06,0.12983049834832636
532c84dea557da7a,0.11413765322269001
6c302b9662d3b5c1,0.07275200780649826
666231af023e8fd6,0.05439529876407438
9c06ef2fdb037a79,0.09798470881990878
65230a28464587f9,0.06224896670823783
b3ea4baf43182919,0.1109456970079366
c1f297271ef8cab3,0.04204100142963021
7c58e1fb77913d4c,0.19039703236426866
00ece1c11b40f8ce,0.03420259799642456
a820b5633583bac7,0.148760670568746
b4e9165d8e2aebad,0.055075169901119526
85f20d358a8d6ce8,0.09434222136870829
148fdf734e431091,0.06138214904865455
67708062cc529759,0.0949362939675258
d764e50c36756862,0.21689521069440823
dc093657cc4bfbc2,0.10936604404243722
08c0597e111a2388,0.13529976289798712
58fc68c0720d8cbe,0.09333089612468526
387b7309eb20b505,0.1261247097535289
cca31a05a820ea88,0.15290670236267215
be7e5b7b5839a348,0.11822417759442734
ef7aa159ba83917c,0.08978015650624152
3dbaccedf2355696,0.05760278023416197
3774263bf5c9a393,0.0592850059018727
e830f76f4667709e,0.1046310486682833
c96965b10fe9e8ba,0.041171517940942946
aea0b2d75bb410f5,0.10328026067720766
892d778bace3f693,0.08858500907108556
f46440975132762e,0.20586102748085777
6084fc419fc10f1d,0.15721975989918294
c6fb1852daad742d,0.058692343633088825
2bd09ffffa247f82,0.06203643082974526
5ded576ceda86075,0.10020747967178818
c066afacb3fe3a52,0.11393619424414847
21e99c194e94917b,0.040041759207888564
7f4eef61767e4c67,0.03547202676631353
dd19efa057bdb4b9,0.0445398924980273
2b309ca794e9b11f,0.19298002870700615
8428fd508cf86cb1,0.11429116381527156
bd059d7efcd14494,0.1171619157949226
7fcd9aa10e5ab5aa,0.09235565467089976
9398c438c5fe8b90,0.06390677885283114
7401e49aee3edc69,0.11668223058522317
0520f17da71602b5,0.062468783813080894
efeb31befebbeedb,0.05293762527217363
df3fd48fd3b3331d,0.13738263418084734
14e14e2218536077,0.1211317950693715
1f92d25274d4f038,0.07231793677047013
7170ea34f6161e69,0.10152924413325773
04b0152464b775d6,0.09265671455321933
7653ee403f88ff26,0.1089292516109929
ee84092d5d680f67,0.175028313154225
c41b6329fa5e7012,0.04453048358208316
1514f652f00c3b36,0.06644874321523686
0c6d11c69bcc6f46,0.06316011085799321
382f75d2edb9f457,0.1519045993450979
ab482dbf08ad90d2,0.10101432680716518
5ecd94cb7901e72e,0.04606716725222064
176da975d008461e,0.0873525564909772
882d984b9b9d8fb6,0.06584760078284015
efecedca199bc74e,0.1038586478261763
5f185fd802f0c00c,0.10074235349646031
b7be75c69ddcfdc9,0.03349023211355903
4da0a9696b2e9612,0.06645170740374388
755bd669f9bccb8e,0.06679711702691984
dc744a1038657389,0.08329976212438397
f5565f23a877bd69,0.12476592351138763
45485cf629983a40,0.14160525757549747
9d8248668d721756,0.09240010614929169
7e637102a104b616,0.04073382856845046
b9095cbbb40751d4,0.17005010491862
b6f5bc351054c7df,0.08742297383805298
d08fe94fcb0dabad,0.043194264091129225
edb4aa5de0832a92,0.06002514845310598
b142c9c1185e5f66,0.05709257505880607
1473309b954d71f3,0.15674371360043937
b604a5e504b627c0,0.239981914229705
d5d6a72d9d2c827c,0.04468044514210387
aac5a801e8926a83,0.08113649425276151
45b600cd20830ac1,0.10350472614283866
8b6f8e193f28c495,0.05588202614627871
9cbdc55a60ad3994,0.036901153691447044
59cc8f62d55aab98,0.030834578371708818
42f81ab5abcba09f,0.11676173929685914
758524a5d6a74122,0.1323794713869201
0acada29c4de07eb,0.09695259787505094
6bf56d0ceb2c1ab7,0.04478878191679006
03b29070bb68828a,0.032942948785199
2f553bd8ba413efa,0.03704132611141777
c3ea0fbb29a15317,0.07187073515084297
797edeb1c8a9c95a,0.08566033684553581
beb71749be71fd3b,0.11223466737467809
c660714dc6059849,0.08430222932141826
549961b37bef9764,0.0369394443405181
dfac78eae9821675,0.03658516096599808
588c204b822eb2c2,0.14609728282602086
e96e43deab9b69f6,0.15078801823478516
9c9a726ae65647b0,0.04238623944960112
58f635ddafc61c78,0.23421467083574943
d40624f11c720afd,0.16945107441803964
73575ac328053efd,0.0740409124321319
809a4127b076294c,0.2158307434758412
d476e643d990be24,0.03307689628653696
4d04534027759be4,0.07520159122380524
72c2c7664c8294e1,0.15374043652614094
d3bea4fa475618cf,0.12167281783974773
7af7100957117fae,0.06422232993450094
bfeae03c16252052,0.054509694911065706
dab19b0b61104952,0.14174126532350767
8b72f86a4e6a970d,0.13134795240293634
c775b6de816c5092,0.1304419926314696
0de6dca19e114646,0.08026628087230073
0ee2b0fc31b7cbb6,0.040868209317933904
3363b132efc51b9f,0.1976066458279279
ee924a0428a40a76,0.04843429477762583
ac3726dc72e71ad0,0.09968758485147913
374584473bf4cec4,0.06892509100715989
e6b8e496d903523d,0.09420269603208506
8fe009970d6cbeca,0.0489872339422285
b03e574c8770e9d1,0.04897399440575294
27905f95e6931f22,0.06894894121076828
8099a0f72ee1a1b1,0.061622200861816426
5fbbd8a6f4ba3669,0.047429212326685455
24033a02989369f5,0.1187326883030375
223faad452bc6598,0.14817018937295304
c5c13adedfefc67d,0.07373397160477964
ec24ebbbc53f73ce,0.043226053212703244
3a3e4d31cbad45e5,0.04628121645580947
79763f9ebecaea1d,0.13076058042810879
46806e41926c192e,0.1288620926840022
a5cfdf6746ec5cbf,0.15879660725156267
0ddbe3ef0aed551c,0.059286940697528594
b641fe7061b46442,0.0338502775780258
be98835c447eea49,0.17108839627401431
98aa4160c7876f0e,0.17854812336705145
0753638b45dfacf0,0.11411094725280088
e938301ba66e78e1,0.12587103451335543
64b695db5b68b91c,0.08528328120333936
2797a5b06b8c68ee,0.05433041321363612
aee53ec38b7eb6f0,0.15744023004315855
d59b57f46a383c1f,0.09191464576478339
8c3a505dd927009e,0.05941136870726088
436e01defb530baa,0.031187960397859985
2f54c0acfcbfd646,0.16691060149757508
20f15dad96dc92a0,0.049140824567680534
8a16a230e343a296,0.10814512589812345
fc511072e8631203,0.11512993133363988
5d976c71ca9049f3,0.131936781723883
b207e579713d5841,0.3448988362990772
ac03eddc2e2fd2ca,0.1505184162222919
6b1e6ff0118fe59b,0.1172914495762526
2cc92c1f6bdd93d0,0.09750373165395941
f651266acfce6c0d,0.06860312966136986
c3b49d19c43acd64,0.05399202607925056
05a27ebb8a82cea7,0.29364977887096677
f32c511446a68874,0.052387089462468214
108d6b400d52aa73,0.11945506551590947
7e3cd0895bbfcd9e,0.17870314138484236
2245ed07ee31662f,0.1491328487157172
c81aede118be0e5a,0.0657485884792457
d664a113973613cf,0.09202890201730876
2899dbe3769e8b1c,0.10171336672019404
164d8c33239c5511,0.10926950989720292
e753bb93c30cfba0,0.14292740561272127
4493eab669361ba7,0.05645582430806399
4e55ed26dc79c3e0,0.08548767309444062
1d2f7db4504f10b9,0.03728719648376045
9749ddc8b2a3a385,0.03840082947201573
9aab93db4ffdba7e,0.13798287235008902
88558205521546f1,0.0639740304117568
02a8e05f667b2fa4,0.0657762931744
f95b0bb67413dff1,0.10825361229394008
b821f8fa7a26d286,0.04592711905931131
bed1456aa64d60fb,0.12366400617244175
685b1294dc5f8cbe,0.14299587075030556
79a0510c936f5eb5,0.13910731203564422
07f28f119366b484,0.05147948140559909
949af0edccb8d159,0.12831248229853853
9965f63ba2d41ed4,0.04608742952951286
f635cdb577ae5471,0.14152339005028744
6419d144df4c87de,0.12376620779878679
bc7f2dd2340df372,0.03757736518266124
cd35e912794bda2e,0.055561913007498645
abf3b6dbce73db98,0.0637728735638258
4eeba8a4c17e4351,0.09209435596474724
f612b9af4ce98bda,0.17273420988917113
d8120911733689b5,0.07050084802958304
723bd2532e39f731,0.10625438191674606
3889ee7a1f5fd62a,0.0908262812781454
66ffb196fbbb4006,0.05552507777021125
53a1c51ae93d0e81,0.12216049420596467
0a4f5ec5f9339110,0.04754431487968572
34416b6b8b600a61,0.06484810785545063
1e0b561b5df0447d,0.11106861034956819
43e848bf56ec0bb2,0.09928618481378149
1ace2be427eaf92b,0.05259676450485873
e24ea459233ec078,0.20684670390220344
e019c487befa7761,0.029835829417895053
7734ddeb14b3d277,0.04017381623352555
1961aba76570acf7,0.06709550400931755
276265c86a0e2a26,0.04542057504057051
4fc5594c301766d5,0.11015773322111416
bfd20f3d76573073,0.0942710446534516
8526753e065f5b50,0.1821567035452512
5c03ad68783d0d61,0.053300767952212044
9c83e80d019e0f5c,0.10276548642059062
4e6019e87ab5ac6c,0.10098195493374167
dbf6023ccc73b0e7,0.052795050147527015
fb35b29ad551c9c9,0.051512596973087174
3ab9a4e335cdfda6,0.10324927307888615
86fa9d51e632ae1d,0.08800460919305084
ab30ffa9ef0220dd,0.23982346393917753
ebfe496544b5a6af,0.15805776102815855
4cb026b93d1e4edd,0.06257491560346747
426a41478cfcfc22,0.06723266634133436
3e16e5f885a5764e,0.059008747841155784
dab52f137b1ba008,0.1374605969058569
a7e545c29eee2bf1,0.07507359781124609
6a50159c50f7f9d0,0.033760196905679954
ded3c69308607da3,0.15036216639159403
921388faeaacbc80,0.22998238010478247
8c90e1ab4a546bcd,0.06136654561247511
31b1827fce88917c,0.042403358922789215
d97cfaa40be224a1,0.04289361333873111
b4dae0ea6d15a25f,0.07724786722339627
ffb033e54895ee3d,0.16328140648359543
2b625e5d9c22b0cc,0.06074793014894718
87605745817d0ffd,0.03183529400557372
9717417666a66daa,0.061680565211375674
3267d4ecd26e96f1,0.057492765626407386
3399800c4f113d8d,0.1279957012346417
f457366f48f27702,0.08909260441236189
5a6c4f9b661a0ab2,0.1495664552412421
76628bf9d8b6b0e6,0.3612428464505876
997a5333179da7c1,0.05449118987757445
044dbb2023ecc53f,0.1992339164152424
737497734f709843,0.16082536165529665
fc7d05c3ca74b0fe,0.05996303693594417
f5b74bbaa8085255,0.06924798981197898
c1d1e5c41f539d03,0.09991170685664721
86f9c72ffb536f2d,0.29777525784620607
95b9d46eff640109,0.06333490366440467
3aff516939a3de92,0.06134857954578926
23c1d6b14d960725,0.026502495921681236
0b0950c974175a86,0.06995483158965654
e94d8ce0ed816caf,0.059312592424153675
037bc4751346a482,0.0988454671871353
d43c5617c5e69df5,0.23472407953024227
82c6f27cdcf850e2,0.1607380949223961
7652727437cf5e6b,0.055039683319429246
86f089e7c7ae0d75,0.05277783660503376
b9d7751ccd00d9c9,0.18264534488368125
0a079836e9e1ac2f,0.07897242653615215
90461cd0e33baa56,0.0873470895215107
825b16c4984f4382,0.129298023136607
9054cbcd60dd433c,0.07467440865241608
770e4ea8a1273a1c,0.11530291318815393
518ad8ed2ff052f7,0.08525252219633514
f12c4df4f05fb6c3,0.05830163010736451
95a9d1c987aae5f2,0.09216709559368588
1d60b64e1441c91d,0.10269308722921684
84ed70c1cda568a6,0.07393409287721979
3d6e8f3a5d06c7a4,0.06252335041252903
eb1779538632b044,0.059527146461436115
bcf84068bc4b5615,0.09261185930937729
3dceaab87e5bd6cb,0.08482332018187111
c86b418e43874d34,0.08188281700958669
95397751cf365c4c,0.10320980158134112
e80b64dbd916f780,0.054520093807772674
d2a231ba481924eb,0.08809283604471113
e86aab1a495bc94e,0.03518342020027993
4c088c5147f6cc2a,0.082342359048792
746c9771aa5c751d,0.08745319297530155
90005adf46be6af1,0.03200876759170208
78338f5a63e742f5,0.1367345407236596
9c3f2d29681d0d34,0.14204132297936578
f93fd851b68279a6,0.1727266781508724
afed2c838b247303,0.18812784399792565
995d752a3bf1fbb2,0.0858902661611151
33609320e5c7578f,0.05503078474012679
1ecda15121ffa27d,0.03881372110283519
47b2accb2f516cd3,0.14423979104399232
5571f2482997d163,0.1521658769721858
32897e94a9feeb0f,0.1942569603732241
3d5fedc7f245d35f,0.07489862233696605
1b4707947519036f,0.09695769862554385
3cee4d33cd4686de,0.09378625942348014
155f6d74191258a2,0.09676091413044681
3ae6a0b3d379dce4,0.07421337590582505
dab9de12664f7b0b,0.07225866736100388
cc73e04980d2167e,0.06340744254786711
be7f0f5d2c65bf06,0.10140134373761853
dea114b428048ebf,0.03584471892951867
deece306851a2a78,0.05542276104386763
d1ce358b8f732eb4,0.060391055832109616
e025d916d395fc1e,0.1332215392104359
f50d9be3d733fdc9,0.06436221540468096
a6c0d8fd193f76fe,0.13636776087801122
569e045332c790a0,0.1195039552381989
977114ec6d208ff4,0.03810244690488662
17faede0e698eb93,0.06933049321679786
0610c3287750d822,0.11396156011887557
58e6e26dd56a60a1,0.0409491729226984
bc263b5b32d9ae07,0.05236709818418962
8894323cc5f185da,0.03509589841368656
e8229221a1595393,0.057042389218792
63c589b1e27997d2,0.12766468463627842
fe21e0f0344dfca8,0.12759242576770238
7e0194535136acfe,0.06373823525680967
cc859709caaa52f9,0.0396567803051509
56e7153dc35c0573,0.05528937047921029
c76e1ab42940cee5,0.08842544445965102
2ed46ca4b8d10516,0.1091198612513293
ae2f86a0a6c3b696,0.08535626096107746
a05d11d463a21a32,0.05304148426442487
89e7dc0647f4db8e,0.15841834802017982
80934ce845013628,0.09103143077017407
f66422247e89d830,0.10414303845721094
b0a301739cfa2228,0.043953911582879965
42b93c5a8b628ba5,0.06145206575642952
f74f1673a45ce9b3,0.10376458877204302
2b76aa4b82e23768,0.08317291194595286
0d6190a27ee0d6ad,0.13220607857904987
7492fbffda1eb950,0.07802670435867953
35355c2d5692cdbb,0.11423346417362563
de976dafed9c0fc3,0.11845574969113228
e2601be919261723,0.031173011836085077
f56a91dde5defb60,0.05764614060656094
1a9c207021895aad,0.14768253778641874
86ec8e715d2efa2f,0.0967558448063815
7762b73652848f92,0.09227378919834964
ccd34b74bb18d71e,0.13797427595682826
eb6c259855aee52d,0.11902439204906279
7bfe956eabaf5f10,0.07465862485566793
38c6063d22fa4f9e,0.13607847837161458
46b7352aa3c8a1ba,0.0982978010311013
049fa3f6cc3a62a7,0.16974674362513809
5f77b44deef47d28,0.04241217882480201
27462f3d6cf43575,0.0911656600175944
ca854373b937b419,0.14383620538557804
1f6eb5f2da254111,0.155335636264376
9262bb44aa7937b7,0.08359854173504778
d81678051b65ebc4,0.10648805392172703
0edc1ad07f4aa86e,0.16759153331524804
a8e836b90034f123,0.054743713761360474
c729d0e49b2411cc,0.3848549857363361
db925a43365c86f3,0.08775944922095916
1cda28c15e8e4170,0.11774212065959459
ef5a97a20c5118bb,0.17277512719672555
4b990b98ec734989,0.15351571709382025
a96f328dda3bc98f,0.08625983844874013
b467b21cee5c9a57,0.042843901175932626
8c1694e84b06dad7,0.05796591468762052
7b038881fb7ec965,0.10627379266572615
60e46ceca8ca6531,0.06688498945259819
be2e51dc6bf61727,0.1283168908797465
f1063bee63d2cbd4,0.06591213467241012
1a3d53e660017625,0.06830163891214976
6db1dc15ad1e28e3,0.18405793978703652
34f0bfc533c2a23c,0.09049305418983665
76e738496305310c,0.06385303007343741
a76e95f0a09b03d4,0.0322026317104072
6a0d13d3e413c0e5,0.048044717666306594
e002702b095c4d9b,0.07237837110189546
435eb85f778a69f5,0.041022336257181435
5584a339491f1a03,0.11193161193479724
9a06cac14b623965,0.09539768256811923
b199a982f9480beb,0.18845189812844754
e32add368c6de44a,0.06881598579927059
34824decbc66688c,0.0756994798613877
070711d7fd9b7ea3,0.11754257666218455
a1656b509ebf749c,0.21685044052438557
ee96df140d42129a,0.2163182778986725
09fb51e0fded24ab,0.08316106582367747
77e04872ab10bf20,0.11617118434751103
6b34ce0940c8c237,0.15754163511824146
8b94f16483f351e9,0.10850656763056565
a7d4f13860590306,0.03904676491877959
66537bdf81c41f46,0.19266925529793538
3014fd36c07b8950,0.13084278655524922
789380ce86c031af,0.1710676190238974
dbaee9defc780591,0.09476408861964254
bad0375f198257db,0.04787889658010239
a7b766569c6f66fe,0.06395821914568434
efd3fc92b86b90cb,0.10024460786761555
3ca6e7825d948c12,0.14043985644326934
5c73fed8f1d584c0,0.0787300780881722
cb7f45c4ee30e84d,0.10291252501457221
aac70ac68209f1cb,0.10818352258474068
fb253a15132c7c36,0.11521748172221499
4f1ad3d1864799f9,0.18147172658833094
06cc890b7c3abdd8,0.03945124997009921
48f5b50b05af6685,0.03549013223967801
8abc163b25fe8f16,0.044091823345445216
5220ee550d303425,0.1346153386663688
8f7e85307eb35706,0.11654768533902468
dec525eaa4588cc8,0.14930808827329958
8a7aa7c3acead22b,0.12182555952932642
0618f0627df67711,0.12475486300710342
5d9929a965640bc0,0.10629692424014699
b45f8124eea44b5f,0.03785819563635124
32e371f83b148fb6,0.18614038109567846
83b9c322c9febec6,0.07836171169400305
8bb4d82df107f45e,0.08966757108135953
cc28d0d6ace393b0,0.09001546089604434
29c17f03906ad1f0,0.07931490854080527
b10cf30c243ed8c4,0.15490206014577051
85c180d755530692,0.047398446947050546
e9478d4c11f48523,0.027803727765432627
329d63bfe65d67f5,0.06192239807837224
4e7c7fbcb6fde9af,0.035276163756780256
1f2d4ca7586d9ef4,0.053671742725100516
04ff2418e503eb55,0.16632308913466826
5807d02f74d22963,0.10097657663618907
23aa15ff2408a5ed,0.054354450649481925
5c3fe62807fba6c3,0.054481527796306314
c97a3c1357c537a3,0.11411537473353339
bde91246f16123d6,0.0389867624224826
dfcf3493677dd9ae,0.031566249876991574
4a0cb390212d6320,0.13083997215088128
dd48f98a0e7c2640,0.08096160969694488
21669e26853a5beb,0.13709651480434262
c4c279dadffc28bf,0.11566431851054142
27f99b00db0702b4,0.03985599605760832
823a471435809e0c,0.1952551092133315
36d9872df73f0208,0.11073402317870368
69b691bd3b11f565,0.0992332362915386
051aab7c376493bc,0.03160799936832169
897a042cdd939f4a,0.16819042722715105
16e574aceb37758f,0.16148828026158385
7acdad670c7e177e,0.10566188590573139
af7211a4b66028fa,0.04339782472882717
3b768875237c8195,0.11618314722579089
a9e4e55b286f1971,0.11602673305032844
1e42f2e9ad67815d,0.058431531620448555
0d527f8f008f8efe,0.02893188261674174
4c2ccade1925c5d7,0.10077517137834191
b3a98dacc0702405,0.0429251447407907
9b8e0f7bf05d953d,0.03682730942563628
7968527b42656286,0.05873977346630963
caf14438584b43fa,0.03841336333274977
31e140000e0bf36b,0.10446324680548133
336acc52a893cf2f,0.07953665647885456
bce6e39fc4407c93,0.042326265835852
d5e58bdbf23f01f5,0.04805456718365038
1ff7a8ec347ef2c7,0.05516559286943794
ce432d29b214887d,0.04946152133110043
44e820df9233e162,0.10711116339860867
fd036d6641276c78,0.07825063203512192
45c36909115a7b3d,0.14210039146775025
0c18ad3d4c7f25b8,0.15086091719069905
4502d8fecdca43ef,0.11445040790795992
9bf5cf3ace55851d,0.08467004569802584
0e04a1cc15af0b5c,0.03309147403719936
86bc772734133e12,0.10274957011589723
76fda8694024d3e9,0.11873574246508048
d244839566b6672e,0.08962557818151003
e165495e76c8691b,0.07837566129607301
18e8d9f4f0ed1ffc,0.06519708102599565
c198ddc9a1a0f0a3,0.037286329019500276
4f15b2cd5370863e,0.0728686215883466
5b71a33a75b4b41a,0.19289059007168907
85211a41d91dfa68,0.10599406462391855
31c3ad8e554acb99,0.09777719037485658
f05e3b467a207ea7,0.023586818170282502
20eea1cacbacd917,0.16067956531909816
338ac2331272bb7c,0.09891509676653597
e6740f272d44da83,0.16806735348470564
9368ba44560c50d9,0.08993731777511257
18e4039723086124,0.10389704393893079
c935d65cb1c5cfc1,0.053040410273316
dd819f141dcc8319,0.041145205618232004
90488975d041fada,0.081597241025517
a5aa463adede1f1b,0.11135014693336814
872ac9ef6cc6a618,0.048651337744702414
ae4040a11f651b1b,0.08695981742328707
468c82067304eb0a,0.1395549624221694
cb460a2bc70974da,0.0460680590576376
366ae30bce6f5b98,0.06519749000810776
7638518d282a3163,0.21042395334727088
633878cd7103f469,0.07895056326871996
73b8cda0da8e3c6c,0.08605489461920765
b24a01610939d7fc,0.03405945252008645
99024e3163df7833,0.16009893295764355
f67fd1bdae4a88b9,0.10289296759210187
bed6a87757540498,0.06828223633407025
97afe9a3ddc497f7,0.047306575332155223
dd9f348a3e019188,0.09698608509455849
34946df4f3dcb0b6,0.13779966397929758
9444819c9eb0c9d9,0.13490759595024443
fb4483e1ad010ba7,0.03246177059865278
00c68b30c299654d,0.13196329619732955
72515cd3d8b3aa9a,0.15111770809820332
908510f96be347b0,0.1336752265879271
99a21c81b1b48573,0.11011895685828271
22f68a423b09a5d9,0.03959841335834324
e7f04cb37080c9fa,0.02845823614632043
dc02fa202a12aa6d,0.0561438085641609
10d0b7f586529eff,0.04174972340195747
ffd7b011eb85f998,0.09063399867857838
e621dd32e1b264df,0.05151234844371298
4af1a1f24964fe8a,0.05270239055125572
811ce0830dbadcca,0.036817067055749914
19f0e848aacfeb93,0.11038329482495227
8d3f02ada61029a5,0.15311474535983233
1e2a07a17f935db5,0.03619225465297129
32328db851b10b18,0.05763681731185643
9ee145457cc792ea,0.1434001358197051
ad8df560233793e0,0.053638192212487196
d22762aa0ca69d56,0.09387585998733003
f8355291593dca46,0.11667181812796129
0c612654e51e01fc,0.03352220220075306
ae7e23426e25bea2,0.04070555420838268
e009b5beb1619a81,0.15522433215741788
520faa13a8c7065c,0.16785885479559098
b5f1a39aded71e0d,0.03420679244743857
de6cb6bc5b8d1640,0.09930550696982356
d51fb6ba7bb6913b,0.14855264195944606
a1375923af03ec27,0.09475768643567499
8c4b7d8e2bf037d3,0.0765443018457804
681405cfbc0dd97d,0.08857129937023762
992164c7365bc333,0.15385057731037294
4814a10f30ed6822,0.10448774314473676
f125562b955f34ac,0.07491206274908703
8665c174c23e0232,0.08541537075708672
c03010cc5ef028ec,0.1911680953727774
d2cbd396091301dd,0.0597294777544837
c5b700f429ada2a9,0.06316045276482322
07d97ad7c5757563,0.05432493878702707
abe88bd25b74cec2,0.21789522638807718
b5242ec51fa10803,0.05970335919704603
504c204a4b07adc1,0.05383897818282875
eb3e885ca8381431,0.10957090291847559
88019e77a7570235,0.13666662205354613
4f5b5ab494b7fa3c,0.1158831845880143
ff857c8685376696,0.11216353222868061
c97ffff5899cdd5b,0.1621967628576127
06d8545946fb794f,0.14689642508712772
86a18a847664c8db,0.08985915429797522
236b7caf60e83702,0.04968908916977864
b7362d1c5e6ea485,0.06888257531355785
75a194abbc3951a6,0.14704649940191628
0739352b03f43601,0.10875252398470257
d5fb0ad6dfbebd36,0.03596118443242777
ab3267950cbf32e4,0.10074743680638823
061b96409f1ecea5,0.05808489507449449
77507cbfe35570ee,0.03490367857792628
a36af5b550eaa873,0.11401036406466813
9ea7c406af2ba7ab,0.11130893833277525
f67f1e53508bf00a,0.20051179679672126
c1e4dc287c41d581,0.05248980700268279
a53a53e86b02f37d,0.06224486871104121
608291782c527827,0.08864607224721543
d0ad07399c84455b,0.09717106377802912
fc8986567718f61a,0.1870173296397731
5dc1fc6a5d643435,0.1323917323983288
5c05741c61417dc3,0.06824008973024784
d702bbe78e1fa189,0.038076803813465517
e781540ac8518204,0.05073143490812901
7dfe0b8686f2f32d,0.12842908115556273
150a93d31aae72a3,0.07221117920870233
6eef12e9a09066d4,0.186635373344554
636152d21bd16667,0.1374666133556449
c7f6af439da950c2,0.04335590290128655
27acdee466fcf485,0.3229145626721412
a8804fe9eee0fa90,0.0430779465995229
6192ee4938021f38,0.12225416094366033
fc02f9550afeac41,0.03331043349330599
7c9ba87d30178a3e,0.159518910047917
a17444b2e1cdd78a,0.10668743485427566
83df6fde56cebe4a,0.06136878901219745
b35110acb0de3b77,0.15121245206872114
9fc1dd40acc8bff1,0.15811510994622263
0c521eb5fabcd49d,0.06127327264287262
e081802079fcf55a,0.12541207260246096
12aedbe868f79776,0.030767436858862733
be8a2586f0738799,0.14756350820629993
077d63174223dbbb,0.05746312951328206
bf95a5f9268fccfc,0.03981608974293892
51ac7bebc69eaad3,0.1468310411134645
823b8b0cbed56665,0.10942697322572381
7b06037a7dc44eab,0.2526645981047688
c3468f13ce305a3e,0.16818306801461796
82906bbb278815e9,0.03685336300122053
26d93d94ea19b1b9,0.06139229097332749
d59469ecf7c3bb29,0.07120934368521294
7db5fdf7d9e7b81b,0.07369563307409109
251dd43cde3297db,0.0804251526019263
cb1945985d64f4de,0.07270423091835732
4eeb92e907af170f,0.08666178946439533
feb8fa429dd67ef4,0.12387374147067065
4de67c2419537ea6,0.03967572861601076
538e4f56402af36b,0.14529785178699495
a4cf878441380a52,0.18792587070328823
96be7b3de04ff62a,0.10598640866798188
39c3d3887c8c1a94,0.045295896784613654
1921999c1eb2c5c0,0.08866969624780327
d57e9b30000ad4ad,0.12339532822046849
7c4dea060b3cac3b,0.15017665644388495
b72576d562bd56cf,0.15009151167209173
e1b21c89aa287e10,0.0569789984124293
ea91d426f07b035a,0.0669271844910776
e3fe0ea3b0e68165,0.06419865469024442
733a4e55740edd52,0.1431037810796751
e3ec47884acfc533,0.23144310412681124
8b4fc284f4d71fb3,0.15174943387662188
ecc8c2db5ddf594a,0.034080826516213227
6a2e9bd8a0f89c66,0.06678365552980173
330cb959caca2412,0.1873280119636802
d9ec4fb651c85ebe,0.059954006446901714
059f9fe46af8bf1c,0.07813006949698148
3a4738e51c5cab59,0.10807583920749067
2defc05f8aab4fc1,0.1641806051939775
5eff676251527676,0.040919187199245255
fbe244ca19447d90,0.08984184064818004
6a795f7ddcc9922b,0.04262225196367614
31e47d59215b37f6,0.07346587896976435
dc507cec24e10ba0,0.1380540661659781
a6bb01f0933df044,0.04032524497817687
8d856f853ce1deca,0.10023926522421571
6da96325a4517519,0.07298295082335407
1154f92cf57d2532,0.031074883790698886
f6f5511b39bec2b4,0.035283878455710065
52b72c128d8d91b3,0.13425367306931313
75e7fc7c7ea0f472,0.10796961362798072
197817ba33606b5a,0.09534019324325088
c1951ebb86cb1446,0.13083199786280783
c4c41b18d788438d,0.13461983587545434
aa26bb9dcc890fe2,0.11047262499554145
c2c4703ee4c876c6,0.15064372898379352
4c5d7e0beffa310b,0.032291797747164376
83c908bdb66cb2b3,0.09205417092660491
f5402da16c14957e,0.06365890777113663
2ab80ba80d56a41d,0.10980760474512388
1c6b71fcf804ee07,0.1295742028320939
2f3e4501cfcf6dfb,0.10591307252435161
e6dae542e381015e,0.04627825604812729
eec4124d10360067,0.03976810416175054
9105a2588a4a2770,0.1250577272720877
130f75788d8a46aa,0.060027847030434366
8835b5e539659c18,0.07466497476216141
d219e6e0ab855f68,0.10095230785573546
0723230fe86de14f,0.1215691868670209
e81853b0b0f8c271,0.05436179321386436
979af46a1f611253,0.12049703894646534
945f78f066a99193,0.07966002004856987
9fd22540f39891b0,0.03678419326589007
2631c1e94bf99eb0,0.1683006991010908
41d6c34577272404,0.060248683318323164
13285c2b73770aa9,0.07327526011529087
1d2b2b68357f4992,0.05926886476212854
5e3172665089f4f1,0.16478421588374462
9f7be9231e3552f7,0.14270777233329002
6e458ab88b4204e1,0.04451967187027678
10739a7eee3e87cc,0.05283912945942407
a326839f328dce7e,0.160676929749935
2e706184335e4bfb,0.18267148507055256
e10da35ed5233e23,0.03802560175178423
85df2a159bcafca0,0.1130103603995497
7e459f89aae58555,0.06989189042080364
c5733fd52fad180c,0.11405161503049882
d78be06de4424dc7,0.03755243716070278
af782e55eeec3b26,0.16103435081167017
a5428b7d3e5eb0a2,0.07262606748880872
8d920a6bdb004f92,0.19983962972221864
f4be0e405024df8e,0.13896982636532268
d5059f8f88290d5d,0.10175457475094668
e368d0170d51ce4b,0.05670946897300131
d8ddb30bad626df3,0.06743973784506796
d1e892e5a070ad3b,0.046447360137025925
8a30b24e45c8dd56,0.08546356569912163
7616820e7f2f060c,0.038871287318847335
35bf1de33ef37b4e,0.1427232980094415
7fc73341974a9c57,0.20305451099607202
9f5bd41b72cee0ab,0.05715498417997596
44e5daba8a615664,0.13458443027873213
6a29aa78116608ee,0.1227767125685846
74c36fa527d5e914,0.05431491186258822
65e5065a97a00477,0.08553440861578282
2bb9d6b7e64b8108,0.04003731909629194
297129de9133a71a,0.04858467501482247
e6233ca37ff20ae1,0.114486149552012
e6c230b1db202085,0.16931925535882944
042447db024700a4,0.04127156582114202
5347f880cf1bb93b,0.08170797295661665
f7f2f5d41652f6cc,0.03758496933156247
71ccebe269774017,0.03600466261553811
5d89474915222841,0.05238836491549863
583b0f485ee37a28,0.052826545529613786
cc5a91f4a1b878cf,0.27307285540254167
636604af09feb6f9,0.03426650777673165
9149bfd2414e1f06,0.10061748626106576
69c71a71af3a6a93,0.05661759352854093
5cab1ef744ae1f07,0.08793590192001023
2c01a13c5bd11b48,0.09881435263133381
3dd5148c39f554e1,0.046189461697949706
e55b6c8712632bca,0.07241296067779117
1e70f997f11d309b,0.06330930777930936
0b5140a69c454fd2,0.04598140436074101
bf3433f1790ded45,0.12775786350427173
848bb9f5e15ea664,0.0747924707585043
ddec6d5fb5e1d8e6,0.16923112125594159
483be22ba816efd7,0.0572003553940261
c5e5341d9853e204,0.060798714730911585
21afeb4d02745cb0,0.061250743158116516
214573582fdadc69,0.07661127168095676
1584cb670481cd0c,0.15849746269790588
a5b74fec60dff97f,0.2243871696539919
500761048fa68af7,0.10977920193079597
17911ade8f9db4a9,0.09538965422905468
0d5e4ec73265e718,0.1258073066628562
9a23b511d19c5b74,0.07654836404794511
b0a68b6e9b5aa0fc,0.11760131170454954
f2408ea825dab651,0.07510652183268057
c46a0253ce15db70,0.11930337571259544
280ee758ffb1d1f5,0.07828671234961149
f120c6f37766ad60,0.05173156241418998
f0bd6e897436f50f,0.06181754696325331
d9838a74cd5c15d2,0.031499082197874326
ef4f4beebb23098c,0.1380287526431442
81e1191f9eeac89d,0.09196527665959453
38a4b85540a1d008,0.04529890880069564
583c98e432bf450e,0.08522572564502726
9319566dff410e11,0.08699925856078013
967a61a65ca3958f,0.03494869070010935
78d063e4b7ce7f7e,0.06415713269378379
d2f8e62df2e4ba25,0.09864532961536868
810d2f780629077a,0.15579425402216646
3515d882b6639805,0.098403968609865
11e50493155c9e73,0.28587950758295777
4ed708372af004b4,0.16177597602367183
c4e45da34ddf3b44,0.10471828910060936
c8a93dd49c2a92bb,0.1638911306388438
0db19fe44a9a780e,0.03568946542985702
2b3538d47f1c15b4,0.04546307554582335
c3310c72d9734462,0.07405141654839625
14085746773f19af,0.03724883135569965
556db80d967a1693,0.0728574231648674
43fc5ae409f4f500,0.12867131192502462
081a87f22c3b38c2,0.1396391464999073
d375cbc133ed4f4e,0.1300018860151092
5ad546feb694ad21,0.09338827939473293
4f93720827de0ed1,0.07502907906045167
3aa17624d6ff3bda,0.04218922739896234
9242e8dc12c52248,0.11152982888274478
6842dfe6284804e1,0.21544045219386512
0d73a6a834744d44,0.09678345699025323
0830204cd861c6bf,0.040797426528452405
66161f0924e78225,0.10421317528362804
496464a4d50db8c5,0.10202023176893327
06324bbe66728955,0.1871910060666611
14f78d4e391911eb,0.03855465710420547
2b82c80f72759096,0.05937161677655471
098ac1d81b9e8c1e,0.16502944705273206
1b76ea6cbf734ce4,0.0479914245060538
0500bc92e5b55537,0.04744238714871076
ac5aed573f280b25,0.07264437793491725
ea03975f1d5baea3,0.07219264030550218
88b17a552fbab232,0.10829533124099738
b8de7af9fcdbf382,0.15983436077655014
1200abef5b424cb7,0.03597715426059561
31b60e9d8cfa862c,0.04878778708930701
893db3bdf6bcd36a,0.13226657929249716
ceb6b035da1d3d7a,0.12368724170582777
4ec436f2d7284b90,0.04408378588815653
8aed9038981199a5,0.06703128628312106
0004c2d09b2a5399,0.09240802444291302
5205db0c297b51cf,0.09022790253563612
fa00a8d5645e29e8,0.05041227547679965
e059a125b2f75271,0.1458108541162858
0a245e9039a475ae,0.09673856093478266
f6dd2588e26ea334,0.12490257842595387
973b401c5b3a29bc,0.09588999954943597
3c3d0acff02d8d77,0.14788104290881626
29614e0f15db6e61,0.10409696476163915
59556138531e1193,0.05636707850902772
6864e194fe467f06,0.08416039949098511
92d1a78a0805f085,0.10007125063973137
673c83d5875338f6,0.16175990434167364
97b9da49283296e1,0.06040460144961322
8e266443d27cb222,0.07133548757614469
01740ec6cd7d3fe6,0.13745126711361919
bf22ef3c96b1cf8c,0.043806315687104136
eceff6a46e6bb846,0.056155545306018295
595cd3775c548381,0.05273688663376995
dc88015ad74c395c,0.05483993027648331
1d829ac1fba966c2,0.05413961783514545
7af5a547c0ff87df,0.051681662359609755
42082090188c20fe,0.1604021956665463
f7c6df36a4354bbd,0.07145131983624606
fa583dbce17dca3f,0.10178046040657598
31b430017b021b90,0.15611918277153772
7efc9cb13b2def86,0.20207112026432097
d06fda4e5bcfc129,0.2268530534967722
72cb2bb85767bcac,0.16460242687360735
50f1226e03b9f878,0.0596260224744463
24eed0e6d7789047,0.10140295455379836
d026da38fc55bfdd,0.059079057833077646
47c591c2bae2052d,0.10022012509117581
92966f857e0e8aaf,0.06305679663023997
56b22e07fb9e4c9f,0.20937060170157815
95e7a0024d29a8e8,0.10398672743972621
77413f2ce0fc0b0d,0.0815846663147539
169ad5f354082bda,0.07326135143837262
cb6a3ddb00bb4caf,0.1558012756916297
c1351ef23bdee19f,0.06109946278536722
23e0eeea647bf809,0.08133407536784125
52cb9f8084c2979d,0.10749567642336777
7f071403034451bd,0.1717910010284824
64c6b8a675d8d210,0.09807309156805669
25bcfd9c6c4bc119,0.09599577308300059
68234d071437f6c1,0.043410500434150984
cdba54b09ad0a5e0,0.04841169324325788
8b2a453d25a9793d,0.24542929803071434
379b3cf15b5cd618,0.03963467688901334
04f8b3d8fbcd3c09,0.058405879554637816
8db2aa7a87a0b0b0,0.12202950273244248
09904cf5297e4c52,0.14347323003930357
e5d6021439d46003,0.1189152765933815
87a2e4212129d19c,0.19032542371413957
e218c57596992271,0.09116542679315656
18b98da5b42722da,0.08812400944689594
449920a89db3ac7d,0.12890740067711484
9ce041cdc0639315,0.10484048442363629
722f357fdbd5c880,0.10597148867102649
d468cd43dc6a08bd,0.22595698813285614
9700c7a3ef819ef3,0.16015135668629144
b7f1d881f8c72980,0.04580395509458572
b23236c476c94144,0.2112504775080728
18dd1046074e1b37,0.0822550872235006
55f227029ee88bf8,0.06910929838010418
5e3b8e365345db58,0.054125146486593646
d97a5d6269148ed6,0.058175408550139446
ec6dfb974b3c0b88,0.13019531598934536
7ff4153e9bc66bd5,0.1647290108098956
70ade30377aa52d0,0.09561560059440292
e81c74c9a5e64310,0.17539666958693564
27609b892f19ce38,0.051143750872909226
665fe4d9e267c32d,0.14682635070844427
e4efa861a25c36f2,0.13268427946816083
707cf306deb0ca20,0.06467998892039428
53a0fc682407a107,0.12473286518808845
4bd91ec011ba7743,0.043661472736131725
3b7c880189ffdf65,0.112333277014555
c5f1834657b1d9a8,0.1269688135420517
60a043d7036ea402,0.05654304729812769
d69dc65f9a8e3647,0.12153252531421871
c3978282c1335961,0.11862198884405412
248bcc5d97740cb9,0.07704728530040461
ba074101d0551828,0.08859505518933727
f22fd6cc76b9eb99,0.03170937125727465
cad3b5acbccd1a75,0.034997384606881426
4e3d749c5d0d8b99,0.11699450905362045
1024028ec93908ac,0.35561320329180474
db5f96700f81e32e,0.15374618812554816
d00456f5c537affe,0.058187882564739064
ae6c9a4ac1923d77,0.05093230293383724
5c4ef0457f9b795e,0.09446321298448614
a36087b510ed1bbe,0.1854673717493292
9700dc3668cb0d40,0.026459615642028037
e404394c28efb780,0.10232771984037829
0720a1b755cf55ed,0.09473318743505642
035439e10d353f33,0.05935732758896052
53421be12c0c7d0a,0.16405375489669155
c76422f9c7f1c224,0.036363226645036134
ca75e192477ae30e,0.06813631782170339
480e9e2f5f6eac7f,0.11380119957609255
b1b0c9414a07e81e,0.033900887944847226
e09f31da0edae6b7,0.06266216951635338
9386dbd09f1eea31,0.08153175832238065
4027ad13f744ab47,0.1603663932428023
dd57f9a9617410f2,0.1737101406103753
53816ae08db4500d,0.08472723350809892
d39479f04b318c0d,0.11457329955758741
5223cd189c2850d3,0.08148331385048445
8c0a9ec776187a0a,0.03228882324696172
387c460bf9c82eed,0.10478345193189408
1fd31e1faa118ee6,0.033949453853190856
49fba05cb591b00c,0.04131902477566053
bd80ada68eebd0b9,0.06811413118318288
0e3f686f072a8a0c,0.053185423303304426
84925d826d461c4d,0.1562786264760193
a7badd0bb8ead7cc,0.08284964187985085
e2c838fd32fbb729,0.07318791339864104
3a6cf220f53b4cb4,0.09555034829506538
9dacb79ad9fcf34d,0.06929349002331288
92aa4c1f7f258a86,0.12963172457661296
c85e22a117db207d,0.04340983640728958
c5acfefdb9e64f54,0.07172975048918093
26015640e05a3378,0.06840204426674643
834b3501453f5c5c,0.09321524014688125
42af151534cbcca4,0.05800504768479063
6342222ab4bd07c5,0.15184382448379696
cec95d0eb86b553d,0.11646747200957608
b4129a57f4c5c1ca,0.09901820576519335
8b51d76d9c838743,0.11324364595991437
36d6124fdfb6b5fe,0.0720886914185934
2212f9196bf749b0,0.1866210616274823
fe9345df75362fb9,0.13142860077069843
75774ccf0b19e8bd,0.03443759787854309
026c096720d1702d,0.13391364078076767
6aca91fcef83cdf6,0.09540903047446261
8fc4c42ef85eb9e6,0.22118849915413222
1b64496c26985a3d,0.044211655941502746
591d0017ec185df0,0.1024528156672554
028968c773b11f62,0.12567048646159423
3a09eb47d1ba4acc,0.03094438506951379
000019235d24a363,0.0878580690865684
ac5122e50d1ce8c3,0.08830735341158544
7d4feba02220abf7,0.03381658733148369
e59a3b16b4a6d416,0.19050427750056037
84a820be4f12f7cf,0.040910282248375646
2f535756a73607c7,0.20375048315187744
fe5a15197d453416,0.029048348606299765
dfe7a446a8aeb1c9,0.03603035748386612
0ba28eeeb91393c6,0.09517505429893858
6cbf1767b759c6cd,0.1038710644809569
a6e42b03d097a184,0.11187893238329327
da6efa9d56a293d8,0.12238355311679419
20eb958ac40ae3ec,0.04275389365685181
861472b884b8b80b,0.16513558428720376
83313fb5d3e30121,0.05773972988868277
75c00015b88462e9,0.2361860846017848
abad9a6070f32056,0.1003078659164077
dbb0ac574180786c,0.13235356942878923
1ff23956ddb48080,0.1835013451252143
1030748990c873e0,0.12550287411161365
3b392b51ebbe98a8,0.19305321503685885
9bd3ce96b5220545,0.04568448749222659
e80afbedc991fe85,0.18132993276608145
b892e30bd65f1cf7,0.03917364381425213
45be6aeb64cd6e75,0.06424011925528664
10b2dab220d2112a,0.13711011329483103
397e2c46ae990a0c,0.06165515613560982
19d3b02c14e869e0,0.04134487772162347
cd4dc389be000277,0.1878168506581827
fddeaaa21cf9f333,0.08078463935589755
c73cf810b1eec5b7,0.042520647893501975
2d89c6930c494b36,0.10131313704716018
731c1ccc4e036603,0.04865377040066986
a9448f44773fe67d,0.12735812126231294
89d7d09573e87744,0.1933746064451381
09a1c2b53c31bc10,0.10200641507676723
6c6319f9764e8514,0.22907825111174626
f56bb1ad09aacd4d,0.14759286691351553
a49d99323a265849,0.04412279314332454
3ee9be6434e0e715,0.10556518892209829
875debef7413e1cb,0.10112088605622863
a2d775ceeadd24c4,0.14744706889247614
18c8aaea7c834671,0.14632089287397912
df0c46251bada9cd,0.10488552307113853
aab9add2fbc56aa9,0.039813288258251325
a6fc3e9da5c8e555,0.055726421794842815
f637661db81b90bf,0.17189364877200866
33f67c649066e956,0.07280958526628513
86c73cb2d30683cb,0.1099722194412439
b5c00f8557fcf692,0.09516966138990622
a2c9a8f18d345227,0.1332867941072115
5ec5cdcb7ea71186,0.07460478669600829
0f3e463f9177f7f5,0.1347598361406608
4e7f08dff5d4d708,0.0955785570457219
3bf84009bb5fc3d5,0.18914675391704627
51395fde52e82c96,0.16341842497342535
11111626d4279259,0.07446357174249457
ae179d72addf4dc6,0.046339379053512285
e88ef89c0abd640c,0.03794908297963674
c514af589b1c5c49,0.050257938407758065
ff07eef5fb056c81,0.16570854843941213
96fcc4e5d6f59237,0.24084080497440816
28c21a0768568fe3,0.1609893078293635
73627db8491905c4,0.07701906739790432
99467bd1e0347c4f,0.03419594197126253
f68ba1afefa7c356,0.17258220001404856
f2dc825ecdbac412,0.051306647730808376
4aba146c1a03941e,0.04783422663243702
80d5d6de30bce75a,0.09510667679529744
07139bc3c4fbcf8e,0.1404502818221593
e20fe10aec859d4a,0.21499595084012135
7ede37b476b9198b,0.10911737968116919
13f259dd7b600fe1,0.05056114182159749
351f432cde665f41,0.04607445188387453
a0721905432fac03,0.207605485165466
c64298a4451fa34e,0.0988997518712818
4498869b991b879d,0.12122339278576286
17636075cadd05b7,0.08424946172975321
f1a1bbb6f878a877,0.07663239760741279
0eb6903ad4fa3f90,0.08842212621632889
3188bea8d6f5b35b,0.1664948362592953
c4c409536eb6c51a,0.04011930473099315
d280dab3667294dd,0.10724437445862409
52c6f5f136513403,0.07338380682790405
5090d67fa1877997,0.06983691982325663
16b61b14def64393,0.12605391136237956
baafe2fb18314839,0.03781269501305368
4dd870bba94a4e61,0.07346845785277192
09dc62cfe943169d,0.03411263349524175
c479d440fcf7aa16,0.14693041683704183
8afc03aa50ceaa11,0.12681497310155476
edde45a77638faf8,0.034588124907443556
6d7692d9c32c3019,0.07245649371496675
5732b6767099399b,0.06817312989469293
17d91b5e97f3116f,0.045261162443225464
0d8f39533be9f182,0.14034424353017408
fde5949373183adb,0.18298454264908703
958e0e17661293ac,0.1603542642573833
c5216e7c4a482059,0.05144113311726428
903c649790deba31,0.04956769356345771
4a0069fc3386e06c,0.1174658151800325
a8ed067c70e68299,0.20000626843549685
2739c45027efcd82,0.09525258608776059
9cebb6633780881d,0.2176511474570588
61795ee62a8075d9,0.045380688592671636
58f2b934b0d49345,0.14033875735978626
dae79d85843b121b,0.028557501151763892
2a1568df2de08c44,0.10577106345735046
ee4fd2a6e3a78dff,0.0867330532697427
b757cce25b9c26a4,0.05240131161113098
66ff45cad74a6679,0.0702855689318709
b0017bdcd541c6d4,0.0521281930606284
a3f277c9b5c91e67,0.06967654514172687
a5cf1cd034f1cbe7,0.2109371320030724
68c1e518bbf4e77b,0.06166480175962232
39bc60ddd2106538,0.09636275151587391
6efa72d0df99c34d,0.16425352318662373
ba7209f117ae9238,0.15650845960255017
7c5bee138819f339,0.11611143578745177
0a18482d62e5cb36,0.09952600316643492
8e35efabb244500d,0.04591094432440403
43a9275d59ca040c,0.1172858969244325
481df5704a84657c,0.032819396036831844
4d8d82c65a5b6227,0.03959828528864088
f93eec03effd7d38,0.2169189577223762
3ffdcb2a25a0754d,0.10677821849248566
95109279ae9a6a9e,0.1367878058647572
d6ee9c0efd68efce,0.08176315872089047
74c4894e7bd0708d,0.09128070313098602
d33fec8f45769c79,0.09623137225812511
8fa4532d6a6caae1,0.04591961899224823
3dff5467e3be88a2,0.1278324240664455
fc6d9a8363c4609c,0.037283988478057514
c9cec12908a9bfc4,0.0613952867638112
a971fe519809a939,0.05642094819622504
5ef5d379d20d65e1,0.08199368681940883
e3fb799669853199,0.11262900000557208
6f8c415e8466353c,0.07432975072417683
6a84824f0fe20d4b,0.06275005660903586
8cfc43e4b7c26f14,0.06277504158394218
de7c6a12dea21dcb,0.13563036304986395
d478e64abc5e2623,0.11224315623294098
437101bfe8957347,0.11115721448408825
6e285e3b9740ddd7,0.13631466795998778
c3ad227a535c2fe2,0.17889125874418274
8f43b3a85065f086,0.15940879898529137
90aa3a900822f96a,0.1302839115306162
c9000a6868faa0ce,0.1463237561818778
32a000ae2024ab05,0.04593740010809613
c4605d1a5e5e5f5a,0.1229245580629828
892acb659d8cf3f0,0.05439107402901476
c69855f3bb4ca032,0.03183226935628262
edf73aedf6b35217,0.07054375015422085
8877ec8e52d1ecc5,0.04564257996236165
fa3630178cfa8ffa,0.03691552625519404
9f5f7129d1af2116,0.06915396102987897
5e7e17e9ef20547d,0.1275193371868805
a0bb691eee0adcbc,0.03514443167593518
47aa950ec1d03709,0.0765778161589391
89b3fd466c092666,0.03677878991821595
f58ae0404d156690,0.038891864463479524
766c4ba6be3c0785,0.1117509952285097
eb2e4b71d64f3173,0.14125695861403
4912ee4332177555,0.12792736774051733
2bef19c70fa1eb95,0.049042383787963294
c6686c6fb6297feb,0.2039642694500086
67508ac580fa166b,0.11128107864584696
ff311f69cd822985,0.061500155799007125
bfff1dc879c76509,0.09487712980716116
3d1fb3f5ce631cd6,0.17229924290459708
cc268338bd6cf9ca,0.12125631967647811
d5798960a3e8183a,0.08323522485138812
11d573b74ae9ba82,0.1105035095566914
8c8705f908dede75,0.1884099413506808
ed2bfbed36ac2b84,0.1128469177885773
89361517fc2f10d5,0.174108304649771
1626bf6a9e33402d,0.130538862116497
549de17e617d4cb1,0.03386029826953545
241acccc8c4c5c98,0.14364310006339748
ea3cd2074cfdd18b,0.02596378321752925
3482477cef332442,0.11675222495292471
4f0e6d903964496b,0.05125951973064699
55f5ac50a1704cc5,0.10512578057087392
2754a911af5ae6ac,0.04994401343122771
f2e293367584282c,0.18383763478872178
2efb3cb92bcc9b98,0.034852869705572415
5896699316dc3ab8,0.08272556845438264
2d0483ceb9c643bb,0.09587292690395269
efc8974e6723a58f,0.06686287752748427
a6a0006f726c94b1,0.13567769611202407
6f5c59612f3c92fc,0.3780747639690403
c78209036cd357a4,0.39006791770241256
db9a3030e417457d,0.03416219244818073
99988b482a1d195f,0.1658995426133218
52e13ab6586efd97,0.17798336258093062
3e8fbcc54eca7fca,0.06454130596746492
5bd1113a10668c30,0.059612391269028314
4bef48512ade85b6,0.04801764575678279
2882464c483cd0f8,0.0622373700883036
079b1ed9350bf75b,0.12483083854628152
7063caa968c586c4,0.066403298555536
ec19c34addb8624f,0.07784108107031346
8cbafbdb15a9de28,0.06871302687581357
a38115fdbf75c1c5,0.10091079437759505
6d8390c7927568de,0.04405537062863252
00981f14236ef71d,0.14210651989717327
12f84fa2b4c572e1,0.03270510087966508
ca5bb700586628a5,0.035193830084437855
4a7058a9b89ae975,0.05495665197220874
878bc0b3326ea889,0.036523147463804535
57f748e3454293d9,0.11065846639513512
07949795ad3e2e93,0.13712104460934138
8cfaf8d91ea4f1c0,0.06568785313106151
0973b331fb200feb,0.32561251003422215
fe33cc8c6e5126c9,0.039881585587922035
95338421b02d6100,0.16999593286988807
6d14e413603d239b,0.15876409612175607
8dd0a5354bcc36ad,0.14417829119350153
73e26e96853b1101,0.040605536051338535
1d9173dbd30bfa8b,0.24894293254202807
b8164626d047cbb3,0.09623420943431032
0fb7907993c4b37f,0.2834744824986386
59ee8f98bf511a26,0.12892052264171122
0c3008cd7e493e83,0.1526825916081613
ca16172c325cea2f,0.039723685937499524
2bca85f81b167432,0.1602543533242207
22fee0166c140a09,0.1799639451209146
e2724c0840a5145f,0.08472252876746031
f36672a2c0e1cfac,0.02955681184971125
1fb583d94ee99482,0.15665978857126517
02f264a344c830ab,0.10995024334587143
4da6645d6969cd52,0.05362787210975105
44dc081e8f45104c,0.1089706902835724
2c2b2f0c44e4f0d6,0.06348622376434468
36b10927a5ef8124,0.18439835793065887
c1aaa1a11b02c7a6,0.06681353771569598
052a4c4d54a4bc92,0.19066019808234744
d52322d3a4091590,0.0394768399197046
836f3b0ea82976dd,0.07308275339159992
76fb069dc8449b55,0.10447284254759681
9c73e1140fc59c02,0.055422774257550364
ae6c780a01769bbd,0.08739415365423238
ef3be0cbdd14848e,0.050760712928647346
3599f0b9c0feb095,0.033945100025716164
88664205bb714f9a,0.040911201633033
b978ad9fbc2debb9,0.09433645608986993
c82c9b618c165d10,0.07036285006132523
0b15c07bf352553a,0.14101678722874122
7891a28610913711,0.12413060985735921
ad4639fd4e49662d,0.03945322680387836
08bf7df7a564e646,0.06325885290621917
7ed362e9d16716d9,0.03669098689227304
0ad5b72ef7c0ed2b,0.0879716163724999
511e654ff2a5008d,0.07847719275082485
c2cd9bde4b5e7a21,0.13271752179943153
5b3e02e26bec5e7b,0.14575672587602087
89c64c8f9efcecb3,0.09917213971695704
a8f6c6e3e62d6b71,0.05747205146941997
019cc0b8962f5cc0,0.16181152800970808
bc4e4242db6ccd37,0.03226068846026556
3fff2ee4dbde3d85,0.10565942197747497
dc37fcbe553235d5,0.0841484386067467
3bd0b86bbb97a337,0.06509329520983057
4992d9bc07447302,0.06295748957893678
bfdf1c0f0ba7cdac,0.18734088130388218
a6ab2d1d53fe912a,0.04612589830742422
1891df3302c7b348,0.04009297528431201
b9959e103e10b920,0.08312701064172176
0ef3c10f8c9072d3,0.08475023577050761
a10619d97fb76c2d,0.03814412714371887
0863a38392b70b67,0.06257959034371974
60b64acaf466a536,0.1224036199227656
12e3e5d6d9c41e98,0.13973436359765737
9523154e7d045c29,0.17241730037456515
c75a93ff5b4249af,0.04248209601257705
254953a015ac6eeb,0.17366886374033286
800fca2f6db1274a,0.03604051160265021
495cb7b810650027,0.0419021346573233
32f2ab9bccd62523,0.07199268071478082
710c1a24eaeead5b,0.05310084599773031
bc05e8a0b1a36967,0.08014571899583475
7f9c858cee39c32f,0.06964723916329787
d943890ab2a0dabc,0.10726309960158704
e8365a58644b452e,0.12321642889193168
8b6555b1e2375ec2,0.08396338556599989
2d05b7a2752c3cd7,0.0676382033471017
cae674aba0ce36bd,0.16020598164443328
ded2185f98f5d222,0.15909403430964822
5aa4335a084d6172,0.10057422481675186
ea84e8283949a22b,0.1086907194541051
e05b38abdcb5ba20,0.03568730672417206
1a8232cb16668217,0.03867917082169886
964453e5682c98dc,0.08868550702433992
6220fee3bc1e75ff,0.17280176387026033
44c74ce2f7dfda22,0.18135672036298706
0e420abbb67f6653,0.21891147394577787
381d753868abf15f,0.04717061203469833
c90e0c45f7fc22d0,0.037549590300356324
28cc75a35f51a8f5,0.12615391175759827
3ec9f6c06061e5fe,0.15530277297456488
b014ddae55b634f3,0.043449475341324005
90879b42c1e54236,0.11935116203769346
7e62b4fce61bbae5,0.09973177503868007
6e384e2ddbb3399a,0.08118767542598579
6f07849a73f44a97,0.22007468864324614
f48a2f5d095509de,0.11871922871099719
ba999a22ce5b3fa3,0.2824407687350734
ba9181802cbd9401,0.16174080295397814
bd73bd26225890fa,0.05919103331146032
64c38fe6742e3036,0.05274875536950292
df243043992dea1a,0.09510949500008166
0119114d3ccf9eba,0.1578865676412083
f21453041c1dbfb2,0.09954602671480031
65850a53164c135e,0.03820308143435712
48527244bf10d792,0.08770508872287737
cd4848b0c5d09b82,0.07967505017002616
d29250c293d24f3b,0.11538075953487179
8e49853ead7a7782,0.05548521547719595
c4468c09563855e0,0.06504508279726798
06fbbe29034b7d22,0.03795663924997178
85f4de85a28f72e5,0.1887106277017586
61a2fd323396df30,0.061513826975995875
57131a5c1fd27b0a,0.07407600582707356
97148caf47baee80,0.10978953763107326
bc00a7f9820c18b9,0.05782836476744782
0774fb3a81023543,0.0993176399302178
26fce92bc23cb74d,0.13836455275574713
c97cd71a9a738f03,0.07721712632108092
e241738a2d4f1fbd,0.15871076072699614
da7df03e550c90ab,0.07374664311645003
35c07da89ceda890,0.15849626003991626
5cf499e1908cd296,0.09536199777308335
d8e67e20d907c472,0.07337505980194305
f3135343f9e7c1fc,0.20583088093469437
35e24477ff3e4121,0.08952004468958467
ad3c1d21283a66e7,0.11137996877965678
fa88a2d04837aa67,0.11230993526408256
3d8cc5538995bbb1,0.03033528156671925
2cd57b0959ffa8b8,0.058424958901805796
abf05406b1a91bf6,0.3313941515974618
0f7b3fdc5d781296,0.16285293212201177
03365bdfcc4be998,0.06570779151036601
b46302fe840c3d5c,0.10250245119468246
b1f966468fc49840,0.076141518886022
6adafe7e6a6e6865,0.1796204005409526
e92c7a5333472aa1,0.1216452134693167
7eabeacacbf8b37c,0.08363194792640714
655d9a938cd682a0,0.3028213140412128
a26607cfecac0d77,0.06939830306080463
8d29e784c2fbc4ca,0.17868428538263517
0552a72825b82f4f,0.0740650703901828
8db26f10038d6705,0.05451652474365655
0eb4f40d8b4a0e29,0.06929332710078068
a1caff7700882d18,0.1707755993151468
ee70a37197156928,0.05433413740586848
6de1b2f62b6369e2,0.16131402992716573
9c2d074867b45c86,0.06273775834557123
36c975ccff63cd9a,0.10309748076897705
eac85b26c054de88,0.10235578081175023
318d374ee2d57a71,0.11340025917987334
ea743176167975bc,0.09000812215374002
3ab9fd28956b4c1d,0.0448893804937192
478582ec139d868b,0.11170614244133795
fb9d44e71840eb0a,0.046480980332324076
bd4fd0a37b2b9312,0.11216082578562195
5dffe03302a0fce9,0.19680343949073364
d94e1f4138ee9631,0.09626506625182665
298ced22f474a1c7,0.09879428469264666
0268d1d90c8858ff,0.0731516106704683
84cf6eb7514ea305,0.04374066992361985
95d0de11255bad7e,0.04206100625288617
9df308f6f0758e94,0.11223119740389104
b0fb6fef1f3a5762,0.0940449447626768
3fe46d292459737f,0.03409462965905973
6bf62b52eaee324d,0.0415697689628973
8b6a50f8f0d1474f,0.1514134134688788
89833118f346eb37,0.055462367287318855
48fd781830adf147,0.22673703246088636
209845b666a00820,0.05447523355932835
f23faebe09506cb7,0.10710900013307778
5f9584bc58bae0e2,0.04236257966196137
a08d713f9ab75910,0.11417356451714361
5c4f577995e30921,0.1721118552279865
db21d37dde61a7e5,0.0873664717130957
d22dc3977ccf9208,0.06909839666060853
d0fab5e12cd60c77,0.03756728231325552
5293676c6774f75b,0.05137155720354668
d3ae1f0b7031a78a,0.04430643868662992
bf57f1265cfe2fc2,0.06371014094564317
468b54d83b570a50,0.05048525565810626
134c07b69f25f030,0.0988205384127896
2cfa14158d7d3661,0.09362147873583668
a87b1a98b2c48b05,0.07258696825689727
c0bed62168e9892d,0.1161317708826685
fc44e0d5137363f1,0.06572280114907177
1247308f81ebf41c,0.038186363358038614
083caac4b6cb4eba,0.1148709836154973
a9d470ae3ce0af34,0.028788123315820008
935c423d001e7dda,0.06078936558283603
d096b8795c71a6e2,0.17653196527145187
2acc0dd1e03e59b3,0.08569755805847429
bdba30d6e4c5095a,0.07423080267643199
57b0ac86659a9329,0.12272159490499356
23d831dd1ba487be,0.036991776804940146
628b14a47b392334,0.14269500272688496
76a400c7177ea365,0.05593884124112528
86ab9bf8f20612b3,0.0729302189029966
fb26e948e7444ee8,0.13952994904795277
367ec7e6bfbfc6a1,0.16215206779004848
efb297fa666f7cca,0.15826606787718078
0a0f715a63ed4738,0.0748712515053623
00b759c30fbbcbd4,0.17875621547700174
4c133deea22458f5,0.16431558695627013
b354cc89789a3136,0.10058356747377155
f3595bdad2050118,0.06145314533672633
2171a4f574746f33,0.11135776690827585
ce89301fff62a739,0.043041112713684784
f4786178a6026169,0.08894841886846505
e1db1fa3be2d2bde,0.089128804171105
05b896a0d6b00e98,0.023433910443635273
89658e4ea0b49c47,0.16400866717207166
db78c841ae5796ca,0.06417114444321809
6af4698b636d1c84,0.0646004207262112
be3f82b0567a0962,0.051866509587373794
1dbeb642447425a9,0.03529114830306661
eec325cdb9dc0154,0.1207899790328362
cab58c1297ee8294,0.0840711523138229
97e9bafef493dc0c,0.06459857601580482
c738edb5352110f8,0.0714047467910958
fe298587b58a6ac7,0.16445095423004621
b01b2bff457f7030,0.06420739141419822
599065c0cda14c65,0.14643343326410058
feb91e47c3d327b0,0.07466967868425979
1b0d5c427077f7e9,0.08824470240959921
6c1338d0338c0bca,0.1387782063647119
aec29f6d68d9e001,0.040153486610450706
c6567adae6722bc2,0.10209915908775319
c6e04efe9811e16f,0.05600744334516074
eb86688c957ec913,0.09184281027447005
a450a6576dc20dbd,0.09850820855578497
b700f2322066f731,0.17302170481661433
a4302475b7326abd,0.1688344991305604
af5f8038b513a4c1,0.07492550331133621
0d73ab8c4cb1fa9d,0.18319261844866774
8ca59ee3a85773df,0.046958159426170244
e3f7ceafab0856f5,0.04793609807499813
2445f30cdcdf58f8,0.11784081814441846
23b0f57c015407cb,0.06846878960229379
2750f1a3f3525b16,0.03998045047536278
4d1502e6806c5f5f,0.08062612886811846
9cd2cc7d553443cf,0.07165075823787938
5e314b952cc18869,0.0683268140094517
e8851ddb49233587,0.14146051923183908
6339c240bbb14c01,0.07685143074101411
196ca6bac51b24e0,0.1633890368111911
ff664b7817ef187d,0.03321443033526206
1f50f2cb8e01a9d2,0.08164674330627265
f655a99b43cc6c6f,0.0417244992398577
2dc6d88fd87d67db,0.10255603636363513
b61c9fd4a46a6bff,0.03281016454365866
478a862e9bd10007,0.07496771404525383
0b9c9bb9e3bd1c5c,0.054185359352046464
8ba72175f80e2cb8,0.08206171173812205
80bd1c42bca86409,0.08992679254384382
ee7025a20728385f,0.06849489975771694
a94a734822cd1066,0.06760657298394668
9e445d829547acdf,0.08744386790524833
d08fa8b4d19b0300,0.1460823623234086
8ef8adecee83165a,0.15821031299502675
476933f8311d441a,0.1194177829116687
fd9f323abdfccd58,0.07337092673325799
fde943f5062e49d2,0.13895815965542405
32e1723a53483290,0.06920630998992364
3189ae9ce5829fb1,0.17813914215672128
a691ae869c7c7c20,0.16093613595657927
aec6a61870dceefa,0.08006346751210791
301339e42c2fd935,0.09223120112022347
33bdb599f03ad3cc,0.03467804374676322
ef958079692354ec,0.2783330561986591
6b9de167c2e2a382,0.11730139523331112
81a3aaebe87a402c,0.06652867263966528
78734bb73a549d35,0.11155407781704314
801a31247ebc0426,0.10588417078186399
703c72ed057e80ad,0.15136464454740176
d512ce41ff14126d,0.04152612079176077
b14adfc6f2de5274,0.0830982398598024
3ffc252e11d8a5c7,0.054516927567255076
dd94c4e414636803,0.06520692594821516
089a1dca65e44b84,0.08629984842611205
95e32e732db3ccdb,0.06986467484671358
aca38e8f736ef297,0.03038648264212638
78b2b40abd748fc2,0.12147495106775222
2595c73b081498d2,0.04283129992774359
4821901eb98463cf,0.12432075288704914
81f36fdaf2813666,0.041894010839234046
1e80444ce87788eb,0.12098271272491146
47c976d0b2db324a,0.029684949811986796
76e7956f7212a4d7,0.04774953678049887
2f42d37419bdab8f,0.19166192352063485
460717034c7c127a,0.13882887783354725
f46b154a36f88b49,0.11228437361610323
af4a2f1334861acc,0.23511789740121536
cf562fd6a1ec6763,0.11157020192540941
a58fda4597ded16e,0.08279582283937224
7c5b545797c724f6,0.1324798241873591
cd2d2cade053f8e7,0.14357400276280155
0d42478d5f847ddc,0.03518848557042225
fcdbc1ca107a390e,0.1587225175769384
4a6cd78198d5a5ce,0.13177096152107848
13c39c2f8d3cd810,0.0352517659945655
c79d8a5d80e7f04c,0.035756498920408504
51a701717aef4136,0.1757985503208367
4e8d630667c21f23,0.09750078492772345
9b8e9dc382061f91,0.06535509931790351
fddd94710360c28b,0.07987895348061741
2c33fa5f3f2d5e24,0.04352806461253972
3ca87064dc34dde6,0.11577426091278997
c9d8edd3fb7bf971,0.08296477961292892
d582a1a34b5b977c,0.18202588318622692
2fd593bbcde3caa3,0.17531997220998316
d2f2308d5fd09adb,0.04964436654721148
dc6fdbb3f28f8f2f,0.12453102280318461
ba8e32a15085aa3a,0.12532189494587564
3ecab659633b8be1,0.14830139443700738
80f14a6b7deb5266,0.06919357621244265
6809016a071b3b5e,0.14274986191591038
d26156516af475ee,0.10230916900397358
7946e76f5438edcc,0.1187676912704679
b11ee2ead8527494,0.12028971897276883
03e49d963acfe851,0.061688984093842936
4a3e2db752cc071f,0.20659043560762672
6e5157888073a37b,0.1486502458954895
1f7bd653103f1863,0.07433473785315269
5cc0f066c9d8a28c,0.12140545252775362
61240fe8a4dc9a2d,0.08096783873130943
ab6cae9885409088,0.31880440798073595
c4e40432b0ffcfda,0.10024939844798145
1f7fbe6992fe8f33,0.0989608370860387
94953e6bc4d48c7a,0.08826382760015071
e1f4fd779b279dca,0.16637481178578573
38ccb655faf1cbcc,0.056483109177734504
dcc976ac3a08e676,0.036097799030853785
8a586d58683ab8fd,0.14272537272030122
9d1f98568599273a,0.04005625276126193
f5a4bf16401623fa,0.19386784075659758
42c6f25951f7db7b,0.05996947946997647
673b99f498fb7880,0.08664309720149557
e4f2c6820273bf2b,0.1791766499750402
8e7d37f34a1f3efa,0.18918441710189038
ec4bdd78abd81c4d,0.11180234982850938
a15343296b9f6f42,0.1292183669287233
dd76563555eb67b5,0.148363120413492
3ce8de8291ffa6a6,0.17206434465704884
1d036919bb298ab6,0.059306413439737235
9579b233e83fe284,0.04747929177473666
be5c561435858f1c,0.19311353815586074
5cf1d9bf22b73559,0.16338942934944928
d5e3e7616edfb5bc,0.03781509679664724
ad00da3aa56f4d7b,0.05592583572412027
0ccceb1154debc59,0.11680392768748052
8e2c8545bf82cc60,0.19931737583507136
d62e1e8938e1c97a,0.21766482654327335
a8dc86e602a746d3,0.27204247925273733
c4329a7f54415286,0.08297718427666177
04ec4184a6a2f40e,0.11984438962928293
a8874aa6ff7ddd20,0.06689691331094338
c9a607048a5bc5dc,0.16776653125047475
002c27108f6666f6,0.10770797989100442
e4f6a20915cb1601,0.07468445358541381
bb014c28cd6924bc,0.13460219601666817
196e2f507f594bbd,0.063216119789189
9f1be9fcf021fb5b,0.03714296859847979
9391d5f366da4c40,0.12249525239642818
3453a5ca3d904777,0.08343528672288816
686ba22e52de9068,0.05359461396606147
3553eafc050e9c0b,0.12347698893596097
edab086e1fc56c68,0.2010901367749602
d79a009be9287b82,0.09691257743145335
b86e1b1f8503684e,0.12626618684362187
9ad70763cc07c36c,0.19753232418665215
419885390abac7a1,0.03305580182665411
70bb28465e350bba,0.14923786519749402
d2fe3be15c7a040c,0.13113621786876206
df051580b1fd88ae,0.0601637728556429
799dbb3bc5de0bff,0.11678884272364104
c18575ea64f02a42,0.16150977408252887
bc265e458d29169e,0.15237831483308767
d59c94219a63b100,0.1718123520654328
0b79c6776df906c4,0.1341315489455039
1bbd089c39955fe1,0.0737376088196572
e07ee63645347087,0.10381769680121414
6795923abfe3b196,0.19015616136986002
f23bdf1e94c91124,0.07016718575773102
a1fbaeecebb55865,0.040063888708644385
bc95d3915a49249a,0.0700806319494447
c565efbb2d18144b,0.1756741958940645
321866d63b3b1b00,0.15444869692245916
50ef5d8288aabf7e,0.07193092397827658
3948549457628975,0.1429713535186678
b958074c10bc601c,0.08450278651502845
f075bd7b8efbf058,0.10049426886532642
f05a42508ffff350,0.1514248865999254
3c1c900935bc3285,0.035091248592954004
cba59c1afecb3734,0.09294453945490252
013e1691ae9f7898,0.04274557966056356
ff4fafab1f01bf0d,0.1844091309005177
16a52132c026c176,0.07167107632657654
7e6dc3264a60f3c6,0.03915963988922898
fde7be20171bb23d,0.03805471176973667
4709ae8a61f423da,0.1482322277915942
f2f7edc4fdecd842,0.032158295736704805
81421fdc47bf7d1e,0.09630379530743607
e130b6363bcbe974,0.06010227268116257
8b5dc994eb4224ef,0.06965935253608128
ced09e40d6cdb2ec,0.0666354652345778
b65873d2d6509482,0.08376039984333844
d663eee7b55b1c09,0.06801531394844103
e8ac634318c1c070,0.1499471398349609
9861a481912689da,0.043256711323170924
c170f4b630a3b239,0.30973918082292307
31f66aa5ebaf2ad8,0.12580345192708503
31bc47bb1448c433,0.03829059715494875
79eacc58c9cd0f29,0.17796306111656474
32cb3b1b23ea545b,0.061388336229531715
89357b6904f7d6ab,0.09311006746306714
0d9d1cf89bcda082,0.1329580961068673
7c15e3fb5080a6af,0.06378651013814313
a8580d9f4b1f100b,0.2997450052603892
ba1c0d81b8bfcda3,0.07109646623370773
d5c76d632f469288,0.1889255921230814
4faeee72bb8b4acc,0.05537310263945773
10875f7f7d53acdc,0.060386883294738174
3fb5a4da63283ba6,0.13281948300747615
6551e600570cb09a,0.1770857222019002
6b4949612595764e,0.05857832377509262
d45b6491898d0fdc,0.06735130051505728
0c40fcc6d696a66c,0.08407778704598187
74607a92b5ef932a,0.04807428000446911
e7bf586ef35ff70a,0.0655828699790514
65e0da070f27aa66,0.05490903106111772
38a09fd79a425aac,0.09145365705501764
aed136202b0b58d4,0.07321669793325572
5f5b7b68b01d1299,0.3786806427377749
cc5db835afffd307,0.07309358057709933
d8842b37f5416b48,0.10367567004294095
d8aee4335af252d3,0.05977201390477842
00494862dd9b9e04,0.10145536398830288
95d5441c82b1c46c,0.29178643013599337
c6e492bd428631d5,0.07176180846417668
598200ada2678880,0.2155162291315979
8094f4dc74add0aa,0.056102287176858195
6831a0024a1dd23a,0.039845277655046155
d56926e610462f66,0.06267557277751801
bbe39148bfc2e434,0.10652706030357181
1a07a83f589de802,0.09800114419133642
8210d5a233d3d65f,0.03297522393736721
ef4e598f566c9558,0.07167919349328722
c02b919584ea5cd9,0.05247958919115032
68bc1f08eb5258a7,0.1915981212771543
d57a9ae04f68912b,0.12194831591237029
fa41a48959374ae3,0.05610581119301784
5e725dcb74b4e75e,0.055891664362175235
121dbf76a9cf73a8,0.16075410142747076
a2383e552a5f2313,0.046764082215984
378738808b201e0f,0.07200774318235517
9642ee1e267eee82,0.08441431941256333
e55cdf82fcc57177,0.06536852471225646
2103c3d1e5063e3d,0.05048065892119622
02004dc8e2729e0a,0.07146741017857872
95ae4af4bade5009,0.07275380115658175
8a4e103c92d62a5e,0.16945866519881134
c4414b2ee31b7e94,0.0789800213795385
0866387e16259486,0.1101129201562299
f0b7e616767a0197,0.11336375838281046
a86d2f80a3468f5f,0.06784286511116963
691f9a97e9645bce,0.04100866472703953
2f2e7662f26d0933,0.06381218216985902
72cbdcef4a6b4f07,0.15369009776538306
3ca15eac9b7ce8d7,0.14259788192126802
d9f713c872a26c76,0.10904488835912364
38c5cae3c23f24a9,0.051806559769709
80e12c9a6e625e7a,0.18950187862425227
78211c4fb5585628,0.163101775351207
59e71eb2f5c7c432,0.1059121709878656
b7abc4b3e6ff0e3c,0.036857121474272
42eaa77ee15f2ca3,0.034666517941252334
bb8ed5a0931148f7,0.04740706950999513
2ca7468532706e2e,0.07040075024480325
98791c70677eb76c,0.11387757822936738
e7ec6ff3f296ed38,0.059082351158589674
7845f67130f900d3,0.1159334081450617
fcec4d0ce44eda40,0.1040110912148235
0ac91fd23085433d,0.12669747933141856
ff61891d90f930cb,0.06981101945164792
41fb4a2210a6066c,0.13321508167359897
4c7ebaf834966e32,0.03480608878943086
81aef88d712fdd5b,0.07888405009378394
36b0ae34db90ecd7,0.18995348878484472
72fff2ad28f42426,0.09456242676101534
717207649c078f67,0.05740912032706416
925d6e357d7ec158,0.151156977614344
effe2d48627efbe4,0.07943287534164517
0577c43390d4bf43,0.3717818617995752
546cd9bb6f2ba820,0.0822794278053901
8a47c92c6443e7e9,0.12845294097768875
bc9467bdc8642922,0.08620580711663317
af91160b63f1bc90,0.15076823787951374
464ea9bea5384944,0.10922343171463951
b838b4792a3c540a,0.08614129768483929
11fd6e717c95ce29,0.11553361878778035
b1e2e5a1c0f42f8f,0.09910295501818721
222e74272be1ccd2,0.07551293876937576
21a85a0b474e45d8,0.0936353971322171
5c5c76ce21ac9a03,0.03792412057680593
98c3f3c5243d4fc6,0.050242111281858085
745be7354fe05a2c,0.03509290292025775
ebf17df229daa6aa,0.1043651518534559
14929f1035ed296c,0.22266974930923472
af1bc354186d653b,0.034639518372416044
88e44f6549d78a5c,0.03982719101491048
1a5119861af7675c,0.04422321503636942
4675a1f396e095ac,0.1340289107954657
306fd63061172f24,0.02981033081505241
68fb9067ffff02de,0.14815832759773345
93665736b22ae558,0.08359385368071505
2f3252e131fb28c1,0.1170876203956198
a90bb7ef537f3ccc,0.09171207867025016
f8c47e6a1ab0bf1f,0.09372779450652054
7f335ac0ff549013,0.06335805584413871
e9c7c37b6584e68a,0.052722394432699785
e2f8c99b54c930c0,0.03614168577656117
4f0ffae34b450b85,0.13930617142163482
94e27d2dbdf9010f,0.15191822780820155
db05b31fda1c2b1b,0.10153354824423964
af64ad7d713d5a93,0.09939367096628904
4d1462da71b0efa9,0.09089434363247258
04fbab7984c52c30,0.163785393478216
c01a62e78e6d8a2c,0.13274727194401825
74f8579fc40b2d7b,0.0600893936370156
0eb2d3b71cf2b61a,0.15618136243351655
57788504ce4c82b2,0.14676089801462633
9e7dfd444a9f30e7,0.09874420753503413
0cd8b38e5a4b74cf,0.06829069227563886
e8c1c982ff8a6704,0.07623590684698048
36bfe943ee63fe65,0.08583396184670902
998d9f62a717ccd1,0.04523630966845203
8069d4397377adbc,0.04549599828376293
ba8f312910226da5,0.1509614656052247
37faa0207a18eb20,0.16293077692002422
c16962d752780184,0.2013734912924142
f1d62e28f903e96c,0.08367118380860773
8cab416d1f2bc624,0.12500020976225498
b791af74c95ffa06,0.19917062450274708
05b113e465a98080,0.07753582279748897
b17d9630e851487a,0.0970261697241873
92981268f9d56f38,0.1321669347529217
76775e095989aebc,0.033755161196805425
a07f4266c4b1cb5a,0.05009592022931445
7b5b1f94772d1b60,0.05459103769131563
4f8ef604a40bca4d,0.0754983470684473
673f3a4c0bd90267,0.05871370018417585
58139d3ae9373ae0,0.1333205730953376
c24d1452d22e8db4,0.0977915190100557
441d9763fdc1b0df,0.16706294370792368
d2987a3199c1109d,0.10753772196436459
cab99a91ac2562ca,0.13042991361761203
df1222f0cc1e08bf,0.0993166338457134
bdb610f14d1f9c0a,0.04069729742886298
d63652d83092f4cc,0.045790129347383926
dc121e137a206780,0.06889594042361807
e5fde6a720ffea60,0.05820660970044067
52f7118d77a951d2,0.0822442767799086
1b60cd7738483c77,0.11581693294385557
c7ef81c5ec66b855,0.2960841896555375
42a4005911b6abb2,0.19080434721849918
926e4ef2979d43ba,0.04523659113388765
936393261928dd44,0.11041164559323016
90b3943086a67cf1,0.07357671329327743
80b6c2497708cc79,0.09032446918401724
dc880492a16f61a0,0.10113035874604008
363fa6d193ea1791,0.06740714998199843
11443cec444ffbdd,0.20016072129869034
174e280d8c42163e,0.1679207162908863
d7fddec00bcd1345,0.08521615292681661
2f2a0292483de945,0.2925461833124221
2638757dc8ccf105,0.036404765809705225
af967b1ba12837c7,0.07694145273362475
6cf0ebd8925305ad,0.17485953894105474
0307e7dd94f223c0,0.03708372857392442
d86f818a421d896a,0.15134992854475493
95c76aa135d94e8b,0.05021333123329337
dfb2dc72331615e7,0.1740431847079642
b488c877787792d6,0.08067898701194053
5864514fce7556aa,0.10338288518287382
7db51b9dfaa6c3be,0.03706272360345798
475afd5ca8082909,0.10699093318761423
aef3fd34396adfe2,0.04089158366945034
e93ef7b1eb85a270,0.07583866692528002
e643f5e629c7ab40,0.0304464991702168
e9234451a7ebfa5b,0.096417076326399
e8b95693607a1af6,0.18722248535334995
362e59ee5f24ba56,0.08434744802991245
760d3c489cbc2365,0.05353657207267727
cdc43a10fec587b7,0.17810214658163837
436bfce1b2e96ebc,0.14749823917474636
8364b88b9aee50f6,0.10951990180778569
49b33a422ea5bc22,0.1936961826730655
7c87edf2fa4449ce,0.025506808194565703
ae4d87302f77418e,0.06265113991203612
80504f5553a663cd,0.04940289661637198
285102ab56c81c9a,0.09544921117351307
ce75929520b6600d,0.17548857449890365
90e157fa590bed49,0.1798243958482082
72308a9b8ed351ac,0.14992801332748262
67da97f4bf5a43aa,0.045033503362131425
7a2c3503f50e758b,0.11684800078703482
7c277b093ca6e70a,0.044515574359230405
e17cdb698e7793a0,0.09186089390713084
304f33ed70c9905c,0.09540202141790695
f671940234873df5,0.145470518731386
4c60ff51f1a98ddb,0.08253664834776535
357333ab581b26a4,0.09330143702068551
c12b50c410a56d62,0.03684166915777946
280ee73ea3f9a150,0.09886455338271917
9794f61f2b35c374,0.04370915083494201
99bef954535737b8,0.15976539543035484
164deb1fbf6d3d15,0.09098283371521998
17f64dfc919c257d,0.05383914042992549
177f1a78be284fe4,0.07619984154207315
6575a6e55c3aa52b,0.11652162072063948
e1ceb3cf89c78b04,0.08270533936149817
2787d14ba4491e60,0.11640785663599498
47283a11f402ab9e,0.12178363500561638
3e13ab75e759c66d,0.12911146555866418
565632830f202280,0.12910461327435124
c60dd36532e24523,0.11630524170642477
1bbb760f70ac35fd,0.05539820269064763
5952ee73f64f8e8d,0.09699326958627927
0d2e12deb5dc05bb,0.08710615522896678
93cf50cff9e70197,0.13050601461614306
71a0f1d3a79f9279,0.07935860773578005
ff1b97bfbc1de495,0.14306573572152184
152d66dccd700ae2,0.14798442360027986
af9475d72cb09bff,0.06635990025367669
50c6ae4f3f0c520f,0.1670759884342775
53277c274f93827c,0.12970818818317179
65c28bc2a138b604,0.16258863559203796
ab3f36de97ff5288,0.0388197827130132
6e673b3e05a86556,0.041114515587845894
29ade739f5ac47ef,0.11548073211535598
d6c96030b8564b06,0.11051379574137246
5ffe88ee98e246bd,0.037360189749069274
b75847a46dbc7758,0.05981201362939109
fd4f072e7db648e2,0.14739655904589932
3b600a791eee47c3,0.09495108465522524
3205c60644f3310a,0.06861250206956913
37edd7d198365da8,0.22995118531336994
4aed77bb42b6c35b,0.03543744217979714
70b9c5d2c47a6231,0.12836180358662647
5aee71b30cf4e773,0.03572321348428515
3b6034955fe901a7,0.04037911848817706
53f7e37ad065a1ff,0.13837266161034317
8249af221f0dfc62,0.06706477531144746
4a798f098b3ac80e,0.17307014395440104
7859a3365dc11f7e,0.1681688451374524
0d6ab61f58e22d8b,0.06548882885132025
d90f47b845ad8044,0.1026245563626054
908f76b67c5d77d6,0.07070431061083968
2e13d0c9efbac24d,0.0894879311003269
fbd3509fdc1e2fe3,0.048855599378810406
d0c07aa05dbee8c0,0.05749676595490013
e2066400c0c997d5,0.1306272624056289
9d002016fad484c4,0.3385907339027942
18105a09ff042e04,0.07595573631363141
97dbf62f03867f4e,0.1407456183382283
008e7b56ab9053c6,0.20187758115855892
e382e61b69858e84,0.032844756487943244
a02b2c12a9b232a6,0.07289289671728043
5d4eefc602f1a815,0.10653033685213653
8c8faef5bff7b3c9,0.04648800401598159
8ea4fb1f9e66fa76,0.03750449974951549
22a32bb8f8bde6fe,0.13564573492176313
6a655866f90d61e3,0.12402716757358001
b15548596622ebdc,0.04319905205560108
e6426b5a54e4a972,0.14612814121130852
2bb1ea15970a2de4,0.04418179518198183
5b2c1fc3ca8dca34,0.047040619641338786
b26bc3d1078e5a5f,0.06315167748602177
9db2f38d40ccfed4,0.06338310901896398
8481c054b0537a7b,0.12562111932093123
c4016925a614e39a,0.10293905983128554
a6145b00b87ffbfc,0.19680758190751863
856c1f1b7a16dccc,0.03897086613333671
5db9aa657576b123,0.031052868734346848
e6c91e69fe022b81,0.3343885815124212
18323213899682a7,0.046870827187209155
84aeda77a9eaf7a8,0.1125940010689531
60aa7eb39a1066d5,0.17046491179415882
011908fe41b2ead8,0.24217747774982665
95a236faf4cbd0c8,0.11990534674209126
c58d93928c4b43a9,0.03930483073296277
e3d5116d0ddea646,0.1489834048981029
3d33771711b587e9,0.1259370096926706
ca902179e21ff302,0.1429444610355111
4b2142ee3d149d15,0.08140930945849564
d78803f699e1394d,0.1176849405946698
ef2d9881a6438977,0.03543177678767387
3b5fc032ae2a290c,0.06909499886000292
9d5473cf79999f4a,0.11606914500377602
9aefa72a94558b66,0.10556904469870695
78cc36a16e5afd3f,0.08121326892449822
0628d45dc33a5639,0.12151153891205664
bc63ee6da23c5dc0,0.1665817296043715
5a69761001b7342a,0.0744094721603104
f5384c1b33a306d5,0.05027364762070564
9f4fb39fb6e8b6a8,0.12788345736169943
f7787ed37e4b9d05,0.13244460917189116
eecdd457b6c7edb2,0.1691277363720006
f36c01f2f7fefef6,0.14413437706862217
abe3d414c510a7dd,0.08352074873672474
d1f7dc9b905e0fb1,0.04534596380924309
a97c23cf1c8d474e,0.08510181471124395
fa77ebf418dd2361,0.04626342660287152
4fa91df3f09b649a,0.14334469644907263
4c40bd5075d26ea1,0.17461609827044247
559cb0c10ea413cf,0.1190407632657477
b07714f5d0a305a3,0.15004375031075654
ac26d06332fffb35,0.05407752246752376
f3a18a7976f15c5b,0.05334209935898408
bd610a8daf3173f8,0.03231364534517411
b4db2ea448a373cd,0.04373636018613253
a9e601aca0377220,0.15009693613912908
7580e5af192dbd01,0.2254215769922018
3b50e09f1d1584b8,0.09626532703940141
e752099897ef3c84,0.03883034319026851
9e556374eb31bdcc,0.08597990224879566
09bf3001382d4d51,0.047676349135732765
ac4f9d21db6d0551,0.09580507128465013
bab162c780dd5d3c,0.07847633253258343
1ac05275c95e2b9b,0.05469861848711876
ba53d76ac3815303,0.12523764854074917
731194026ddc8a00,0.16397167677901908
565ccf55ce0f19b3,0.052870926345052624
c610846e274513ff,0.08400676776856307
4f2f55e6f8f022f8,0.07162697694901538
171594c12d4f22c7,0.03460554523700486
fd9a29be83f07915,0.06679638466477784
0e69e13d2585552f,0.23457489465869819
8458a25c7d299656,0.0644709890146473
36510a7e2e8cf5e6,0.15995747295915635
4c689c2ab0b1e458,0.26635349563212884
bbbb01b896a60659,0.07108343509206422
95a6091ed902a1c0,0.09040466733157182
226f1fdbdf45c3f3,0.059826389506373895
b3776535f92034c1,0.044737687862118694
e136a41bbd9d2ebb,0.1311319704753869
2acab7498f95984e,0.04511233843973259
5a97d6bb500166e9,0.0767986579214508
53ad75887ce27a2f,0.04598189760267419
4bbccacfaab6a76f,0.11493522507294802
8d5dbeff654a20b3,0.03499092809506003
885918cc4b58a92d,0.09901456138452543
c33b954ec9e9d53a,0.036649686475881196
c73aa72e6960366b,0.112484950573193
28c265c8e738031b,0.1571918691981395
16f59244fa16b9c5,0.1461994413455452
ab1bbd20f2288ef0,0.06802587000328002
21ce9f486720b00d,0.10575290044614544
ea98936cd5a062ef,0.10277144558785609
092b99905affadc7,0.12732854383259506
f8a1935cbff0e3e2,0.0998637582032042
557ff2105e2227eb,0.0346960538667333
e28b4c1e7eede953,0.04202632041249815
afcd2875196e3514,0.11428136229414049
622d0c5c885e5d67,0.10398918599295918
5ab123deb8c8e0b9,0.13349495611787102
d70f7077ffdc3675,0.08903978889401706
ec0e23575480409a,0.11295622249594794
c42b1312f2466d13,0.06523855969009419
58f7c9cedf508963,0.23683514214418155
483a6a2fc6820e34,0.057553079546335116
9a410bdaf99ab250,0.1473313320238276
27d8448c7743312d,0.125973456328424
d22510648b60b80f,0.255746855665688
cf71cc1d5beaf427,0.15850521269062723
b16d96c422e7686d,0.1397377852123594
f3bb00d62eddf347,0.051907626936903706
e7ad214e8e1b87e3,0.10742206434098837
a149a81fa46121c8,0.04623934652259265
954ac0304d013ceb,0.14431549943886754
5fb61c8caa291bb7,0.056367417700630695
b3e6b65c022e07a8,0.1530490205983027
014590f5ad393d98,0.08525872527650635
fd3098a48d0565da,0.02490132982165809
597dfb91140f7a43,0.04266190790878846
29c72ad86d92588c,0.04489626569483352
46403e8726688e63,0.03901026800501546
586f9bad93615a9e,0.20631718774632893
518268ad7eaad020,0.07181625943346535
eb68006674ff7853,0.1136428091259572
829bf94f3c7511b9,0.09375211238607183
472338feab38fd63,0.03708690185503133
e2eb7c00452da3bf,0.09102671909839026
264d5eac0a3db4c1,0.11122764566985055
5dd40ed8f6931f40,0.09066105081766615
ea07294f7b9321f6,0.08078244772006422
800d5b199211d908,0.03962405247391568
c26171ff73291cde,0.14964653291205018
9b039401395029d1,0.05817151199081831
149773fc93e82e0b,0.18118662226382223
377962b226c4354c,0.05848536835252309
b33ace47f8c9cce3,0.043068460442322626
5898aee0357167ae,0.06445337819049642
5011475bc46160b0,0.057333651511342766
49403fb05b28bdc1,0.14047798103374068
d64f9b8328cadfcf,0.14343558837871226
8347b5a18bb84a35,0.06375122435623011
a72c9158377598af,0.0811518644915227
346932f67e7d808f,0.12785931072936296
e4962aaff0cf97fc,0.14071193320107106
d63549a6e599cc24,0.03227034766304643
d013eaf626e99575,0.10199661186597525
a7c0072db3d224b7,0.11962454899498991
b87493b15c6b1e21,0.07446985786916437
cd6d6ab0bf1601eb,0.09414209108797733
fc7b0d78438f45bc,0.11975544192821627
b53e88867e63ec5f,0.0928206512927211
1e1e7de7f17a14fe,0.08054375143489555
fff1df28cf047de8,0.06613904020642127
9a4279b8c94a438c,0.03799105556534661
d1a19d29c2aa4b9a,0.11627421822629347
ea65ca7ec57132e3,0.11413947443072371
35cc6e8b29ac28d6,0.19048717521261238
35cebb20cef64701,0.14778542709059622
03c27c6fa94b88b1,0.04383540585537623
654a7847a4c3d0a9,0.21536103346952828
d82da976d107c4ef,0.15408462450197533
0f7cdda5aab7cb9b,0.09376915369685604
511e61b096246922,0.06312436559303869
9bd56be8ba9524b8,0.12805422196821006
08980e1d210b6aa6,0.10055405903863006
c84430f350b3a159,0.0728393616230815
152edc8f6b8762bb,0.1653028092698014
a4a8682aa22552a5,0.13088384853182378
5448387d25232e4f,0.032935795930156386
86b5af3c99c2229f,0.04236127248848445
a243c84e17ad5313,0.13389210933334164
1cd4111d9e2c14af,0.036225213058777885
d6596bfbfd4cc049,0.13337448610791333
5f6669357f9d2602,0.12878324465776406
8ce4d3415fe4440d,0.08967607549647474
b7804e0aef5425ac,0.03836190250807749
a68ac8503924dfd3,0.1364064576617147
0ee54a169cddc5a0,0.06310188348453918
91e67962d58a2196,0.09330787132083138
337f92313341198c,0.08732110101640722
62fdb17735fc24f2,0.08029676461435195
32070e417cceeade,0.08577031843298748
d10e86cc3232dbc9,0.23861118355791316
9e379ff80b817265,0.1694308059284881
cfff3503c56dab5b,0.03471236101708161
9f21d3f021ded79b,0.06226918143256908
5fe69ac7610324ba,0.10050579447818489
fda80e0f061a2a2b,0.09473105412927545
e5f50a39b4e83fe7,0.10487519779615995
b7ac8ea60b369ad0,0.044909623901833576
f4aefa9fc2e0d241,0.22782186557429757
0f32bcb05a22709a,0.11904278703409726
13334ae771ee01a2,0.12042191647366224
d2596a53564c0b21,0.07455901221440332
1a90578444c1c9a4,0.06859673761584531
38767f6c13ad1bfc,0.0926770807821065
8d312d36ba150056,0.05745726316283948
c4e9fb7cce4bc726,0.09652589231013939
9ff220beebc71a5e,0.041253762805311796
24bb5e20d933da44,0.09846868644748534
42f6ebdc63da37de,0.10323766230731152
39f065a3b51d8011,0.045007435705710724
adfccf4de2f8f9e4,0.07582023522633137
bb73756443a5eee4,0.08342307173525433
0d9c7ad016175e4c,0.09949879759428067
01d6dee3fee929b0,0.04566838914050418
4c94ce26b7eb0794,0.12952021143687978
184edb2637a41d50,0.07254258712195749
b14c8ed6d2ad7039,0.032878023661990136
efdd1d7495765245,0.04373854662981966
affe3b0f590fae77,0.18308113040149823
3edd7de677b91b05,0.10809323739628679
ba9e4528463c5dbd,0.08323360608735364
8be8330f2029f548,0.0660320203270645
df6e6d77a02918af,0.06593342583017511
33d9746c24d2c070,0.12135364223899828
e51c785618029ad1,0.13962767719350502
d53ca1e375f1420d,0.13013954937403827
d4133e84363708fa,0.1333602864249252
094a4df459f84f9c,0.04861748290678224
c95b97cbc9622e38,0.04837566554937954
8a243d50081a0a41,0.15022234550050276
f6f2fd05daf66b4d,0.05084265076134638
3b5e52e54ed29ece,0.1267783806297749
144d292add5f41e9,0.13293307711298852
49aedb77fa2fb4fc,0.11643805101052365
81e5d80b657413b9,0.14508974797924246
fb21fa126522b6e2,0.10182101529322717
3451b921fd37a93f,0.1416654029216732
e25080fc68263c8a,0.18053279556498608
64f0448c8bc4b1eb,0.031703028824883205
ed89496194aa19dc,0.0833937464706388
fb22f7c013b24779,0.13063471915888453
1590a07714e8a656,0.04202646410367551
54ae2ffdf139cc38,0.05668833068025665
96bf13f3fa835169,0.08579207436043254
559cc1345795571a,0.059136578369540345
325ad194b9f588f7,0.13196323700862683
13ff609306472199,0.13633042460297154
3c87f31b6953fbbb,0.03466980486180189
2dd14f20786549ef,0.07682152455777966
be72fb5da729ec70,0.0410812535701693
dea2b01ff6868477,0.10699073388483477
c7ffc036c6fcf66f,0.1280917401130598
67b0cdefddff90ef,0.1145512489951811
eb949d7c7beb6354,0.09104667925087043
72dbbe8ab710128c,0.11704306707064774
fe50a3aa77d27195,0.035197878060264975
b7dea5f446a371e0,0.06106720686347831
3b6627fce4fa7c6e,0.0341523697729835
5766e8d8c783a487,0.10291136628103964
818813e68f11c85d,0.10151544579666344
4efd1ededeb6af5b,0.08741698576094435
7339d8d336c0728a,0.09047455806061978
5932b86b513569c7,0.11542672278854536
667e3c34655efebc,0.1368412688196414
211cf2ea67620b3e,0.15611975814052015
73ddd41ae18acb03,0.04972566994162271
b7d7b9bb940bf7b0,0.15615999907164468
672de9994012beff,0.06669710611998693
1fcb989eab73caf4,0.03317140771381254
1a8eef4f4936cf0b,0.06907401344598552
181bfbae0ed5b503,0.025715986358924553
0144b06a9d5772ce,0.20973309512711713
a6d79b35c359d2ca,0.17229243464575367
adb1f5a83ffc8956,0.1803058882756392
7fe7578307634c36,0.23562855469275357
ef916f6bd9bbf8f3,0.13062950065530415
261b4b9303f16955,0.1332499701224376
bdd3d57f2dcbf24e,0.04374939740833287
87478ecab9990b69,0.08421557833554492
00903281b49f7885,0.36492638276691847
faa54ef489380476,0.16850333065745027
afd67495e65ca43e,0.05409371514745173
3cfeab5f2a521bd7,0.28599665129438656
f889243e554a57b9,0.1236352624601282
1633226e5baee1a0,0.24921121112537709
09429539f12260dd,0.056956646296578824
4642f19a02b65fbc,0.04221267779651009
454379600a0d58ae,0.11964711585835783
806b67c9407deaf5,0.037047789636515505
64147a091385f1dd,0.05171737610754882
410684a9ca496c4c,0.04227917292985404
198aca03e558bad7,0.04846414156115815
19112c76b72e70ac,0.04132997909153308
33cdd595d6f64465,0.047771713843511476
b678efa350251d1a,0.22839507608502002
2773ef74c8379c3e,0.14245684968871367
21a85668c56f4a28,0.09443377968926783
ad44c67c941b730b,0.040089423057767325
afafaec6ed7cb894,0.13819618807715994
7b2afaaec11da7c6,0.09763751156770464
14f8df83cb5fb959,0.14148544997415713
2fa6287a9d075ec1,0.07079371199024463
a20301029a5e8b78,0.13374406021546714
64c226150b42ee5c,0.1049361141182158
7012b66ec38b6038,0.028440054477653888
334a43b3d7746442,0.11985407563488266
3e39b50358f01b64,0.10962858520027208
dd424dd258080c0f,0.09549984326619412
b6815449a050c02f,0.06255343258641204
786b0bb1d7a4dfb8,0.05461184580153658
bfadd1b4779947e6,0.1591856165120865
23bda92c60bb92e1,0.1435455403642725
20f374eb224e1a7c,0.04973688889866215
04bc6e2ce35edb4c,0.1338776255943736
f5fe2d58beb86d40,0.07963852179702594
203f3df885ff03b3,0.04138805132464352
ac5388e6680db6ba,0.042167263445957046
20a190db150bd0a2,0.056626894863183806
03b8f432ac8e3226,0.09639592317382115
800d13aa581dc05a,0.15488443281713735
32ad97494e39788e,0.1481347488772344
762f69f875d0a0a7,0.11483856328029021
7102288564065a58,0.1417408567906333
a244d35bd0a46b86,0.1188743708553002
9fd85d10d8d80cd1,0.0716680852789967
cd37f417a290a412,0.1552760256730078
087a61efb373df95,0.056147398483991764
5cc1bb67fc9fa495,0.038216974913397976
38260167161be0f4,0.08716444050931725
377d6156aea5f7b3,0.1534546885602923
de73631ba462d9d8,0.03564399938690807
c6ad617675fc82bf,0.16980210713238714
53c0301b075c4edb,0.06170829791398974
d5d5bb7bc7475a6d,0.07047718733801715
2785f7c003032f79,0.07548213027891944
bacabfcb41e851d5,0.17333830304193917
930620d9c45cfc16,0.10932826544865086
a2253bc60bd26111,0.08790126081078102
48be98b0da47a60d,0.04115759084869719
4192611de72c647f,0.18946763272177972
0a3e55a0415cf1db,0.02848473072147828
94a41eaf6c166f8a,0.046746807717060884
65c588ff0e6a0940,0.11040045936242476
7316f0f5207cff7d,0.14651231896128739
fb48d6120d40241e,0.038483625655918896
83e835be4b7da5bf,0.05725494530121391
be007ff41dfe8e33,0.1632653610444078
ae762981ec3e2222,0.21309203459685647
9cde4da63a470364,0.06354678732510546
1e641e6a0e15cb0a,0.195645976791507
f1e1bfceceaf5b3d,0.05823687639710979
b33a9dd2d6116451,0.09047424104425297
6a00f8682a96e6c2,0.06558119299123803
4889bb3fafff04a6,0.03589894803816491
d83965adda3948e8,0.13478363810788202
35ebd3eb17d43331,0.13728702212312344
4fddbddae3f8c321,0.052817029218115
279f5d02ec1d4618,0.14602397900429948
18dc05e08437b19d,0.10343546131002415
fd5e41a3afe867c6,0.09322437887019089
4dfc9b4693d64425,0.10286331657201865
38efe84b2371909b,0.03167169400350614
d5ab3634461fbdba,0.10730364322413669
88ee52d04ccee47b,0.13204205233302374
311d0a7d1bc40182,0.08587905673743174
ca3eabbb86d9d394,0.09702138313097024
0839345320590491,0.07452229450396776
3166da0225b35bf6,0.10172923092907041
4fdcce92f68b7529,0.17671221611753707
4c0a03f188fa9938,0.08523159535101393
efd671b84d562241,0.04256265608414668
a1be96b06611a4a7,0.07836261348601875
7c15209ba7808ba2,0.14081095989058529
b4fb7e75679d28cb,0.14996417967487316
095adfc07a65ed27,0.08750899286631447
a19e6a028348c708,0.03259575479238314
bb5e510a6639b43f,0.11872093159270812
fcf27b9cd834eeab,0.04164173870654448
dd9e809656743e04,0.08151493497288013
9cf20fc9b8513a03,0.18393366502423614
d929256e10f5e94b,0.11571734686111226
c7372107d1356264,0.14455031533761736
fb002ae965e2435b,0.07518505786279574
891d7ae2edccb735,0.12762522933135179
33b3795f9d4a8ef6,0.03381345052280002
bd1c976bfd04983e,0.09705193213957602
22d26961eaf80875,0.19051153421959816
3267d0aa9600286c,0.10359502125387654
f85b98ab9c2071aa,0.04498806678772366
4b4c86d64f258caa,0.16540400759871143
af271d6d690a0b0b,0.03804260968683924
8b1bdd0f68e6ab19,0.04980633605629971
aca740ec2df56ecd,0.1383596873078677
66cae06936335046,0.11069654928802322
8aa96ed1f09b6e82,0.19050931007941244
fb089d648c0fd719,0.07801257783539352
b3b39f3310bed9f2,0.09579444959764694
4c9ddb6a1c08a7ae,0.032181057604916304
8dafb6cdb58233f8,0.22369566434433585
8512f25e0995f115,0.12622301277148382
3e89b24f6780dfad,0.11458943046482975
811b5cd3d60f8f01,0.08306999580474864
8cecb78a9a20021d,0.0671557186271541
c726d19506a1a864,0.06006092142753726
bb71d5690f654fab,0.11516794635599413
01fddb547603eef0,0.0916990319103127
c6592de36f791128,0.07271024004695414
ccde7fc6a8ec59a5,0.07231062838543276
ba6d1493e3a1c1ad,0.1352320749801192
7dfaf88276d52a5e,0.11174705699391235
c09d65931e21624b,0.15622169248019926
f9544a6dbd4caa2f,0.0391507951848864
b374ef23d5ca3b3c,0.09072555787196694
c51f8b67a66b5aa4,0.24406726991802222
4793cb7dc1d36c4d,0.1338957634638372
c4a77a4226cf0e3f,0.09709224876224734
11b46e06959d7824,0.15606997472980716
75083fbf03436018,0.13163749042395015
44cc96b7436e60fb,0.15288993016678248
9c78ab8c7f52b1ad,0.0724601097439238
27c3ba5b3d6374ec,0.047191070826021614
09bad77cec8a0ea7,0.10363992877415731
7e5eaee69f7e8e60,0.07140221124114396
9701beed4cb2fd40,0.04097291032632419
a886ee5f5e57d356,0.028616834734559154
43322ba6466f83ae,0.08272424094445967
39ac7a6c910dc826,0.08938300068320487
a7624810eab99b39,0.09710551799883849
27ce336c13dd7f0e,0.05736379598523332
35ec56371ec7bab3,0.1356810609813292
1033972a8d27b8f3,0.21079940665906627
246fdf152b78ea45,0.04773507281434681
67db089b7a0697c3,0.039990484747664
51541de4865fee3b,0.07724604242347054
2e0ffa5c733d2a47,0.17120960622117382
c307a7a1d2e93ae9,0.16130090570838918
60775afc974d2192,0.07603477760942512
1af8370aec8adce1,0.11449070944363648
7adaed59e375f94a,0.08015785701089535
d3f971f17d9ab0d0,0.04672232010051573
f1eff57932ef0f4a,0.13396316883092854
b41ea8380984305d,0.0976759760927529
dac2137cd3aface7,0.1398538148823351
48da40bf199dedce,0.06241443795002306
2c36f80cd8d50da4,0.03864230337171326
e45c5c285ae25a13,0.11855763748272376
d57fa89c692abe6a,0.1355485530957304
0d5b889f910953e2,0.04438556618558928
a2bb73ef62a1fa41,0.15692803297104024
161e450caac64b0b,0.06573989338110484
870239c07fe84d59,0.1203225868928676
1a510d36c73a9190,0.0912059970895607
6365e056680facbe,0.09725350336185827
7e5efd56e82bc148,0.049305494382708065
8ddf8d226ddfa267,0.03482879360550054
aa2927ee663efd7e,0.07829856689239639
1969a71e6c309cce,0.07987574163826695
33e3103e2045fa64,0.044211572468213986
79d3953d4c100b9d,0.33530085675908033
8a0bec565c237aae,0.08011325094452668
e7b2425696ad04e1,0.03987858426231551
1585c48da5187cc9,0.1214109447284592
b508d898d174eb05,0.11929012845798818
ae96ed3d88eb7aed,0.05497932935716341
3780b01a20d9aafc,0.11589145719381906
5d2ea0bc3f49f99f,0.1176889624543405
609566c49b16621d,0.04038186930988832
52a50658bfe832ee,0.09952331573465638
76655f684bc2518a,0.058865704065588054
507aa51e38d00459,0.07464702566591196
e7edc5fb783b818a,0.053364516000081706
3488c9b765c1219f,0.04238078663260763
60726ee6707bab89,0.14557999563875654
724b704c54783fd3,0.03025224659992282
23405c43202f489c,0.06031903076425475
0a275c8c3adc1e3b,0.057158920655020984
ad727a83295f79c1,0.19933921128915577
9fcd517a3727524e,0.08540379707548984
c1a15f34e5189a8f,0.0778750698764347
ee586308edeeb5fd,0.14399672958654963
61323c4c907b9667,0.17133067416035658
dc6ad9b2ea237556,0.20903861075960845
fc261535991f079a,0.05170316823755798
199f8696fe22e8f6,0.06551541400745466
80c803fed1e7b815,0.03851462795598154
b3645ff1881e6181,0.056481579792941966
f077bcf8ba579026,0.10245494493273871
c98984325495234b,0.08489977488186595
2b1acfb2885f0207,0.058915369979922416
58aea5fe94bdc9f0,0.07502836544986687
13ce2e76f9ac9797,0.14296423907535954
585b1ae5f2fdf9d8,0.18310601768182358
c02d00f3c935fac9,0.07674832191684913
961c1ecf22020dd7,0.09103162443412466
34a2c0730076cd51,0.14037404420637603
f08c72208c842a80,0.1585339785559382
3d0365b300b08d12,0.11982335032720298
7698d1646b1160a7,0.05902561855221604
46fe0812a4d6a0e5,0.07080593788361934
1992a8cfd9dcd0a4,0.16065701862047563
234824681fe92370,0.05993713101987191
66dae8fb83f01cda,0.04640386330340191
565a8741e734fb66,0.06535686173473597
85796d3a4623f1b4,0.05918547779188383
980c038df259aca4,0.040621689626360036
847d49fff22ffac8,0.17995295862187397
3ab579aad87803f2,0.03529001144965192
7c287939d256c04a,0.05883400036941076
9b56b63c1ce61e36,0.054603007112517435
2b2beb4ade849fe5,0.13676247437235603
ca97e3a639d0f212,0.0774800424127633
cdf0a515724936f7,0.08718921709252064
f0d9600d63271cb1,0.17474130149302047
61f6d6cd6e8ebecb,0.09169480657177939
66bb128d75c1a31d,0.12349209731619293
ff6ace3df2f93fd8,0.03273388621583785
174f6de5e6fd0ce6,0.15789443274729206
f629016e686c93c7,0.13407741820448937
8a5cd96071aee653,0.030184793308080472
47a56fcce1a48c57,0.20408246228091295
bc218a229f6dd8a3,0.07147035526434832
6700a0d8cc03fd40,0.12631311139085846
bf07422782deaa4e,0.21230368570222358
67e5b268a06fc16c,0.05348848776692423
775246a31de87040,0.08043925853991243
a8c96679585190f7,0.039032194848783036
85e8b073ae9d6cb6,0.14597048363697362
8d783fa9a84a2016,0.2279175678274413
afa9ef8b36efca27,0.0354980703181126
292ad72f433b2ec4,0.06012042798796237
543a382acb950efa,0.06283737529243898
97eee667e12fac11,0.06510588208896152
f1594e042dbd4135,0.04836148352885193
c4acac79bfd54ae4,0.0579136752277699
f1bc5cee7cfbe74f,0.08103005105926138
25e346e1b0340347,0.09234449559768462
53b71602a81f5c52,0.10176103019101353
6d2d4b17736e595e,0.06816196206026641
f652427f39b6f10d,0.2105032216442439
1437d0c59eca00af,0.03948804851575768
d8980b5b1d68a4ee,0.13956979126781366
442b8a915014e871,0.11011295172413887
6a1e5bce20cbbd53,0.1600292352982299
ec75dfc7e578543f,0.03632504763390618
94cd35193b228a90,0.23963523061592842
15617a2281e76896,0.1342557674067652
ae22b29ad0d98702,0.05106296407045441
3e5ee530dd802ab2,0.06670484083526475
9304c1771978ab05,0.04119346409394817
635d5bab100147aa,0.07414391257651758
cf12cab6ff5fa6dc,0.08637660283344349
cc7ce49efd47f0a0,0.03735927165098442
20c507d578183dfc,0.1502773102591605
e29e2bc7c3e6ef41,0.17326296088405602
61e270d51cee0fe8,0.10680568327040546
a1cf27e43a150760,0.20466057379161134
9bdddc292578558b,0.06108216127970353
fa0f0cb920abdb0c,0.1360109355901431
95dc87b7553104b2,0.21369940627276268
c268681605733a6e,0.0956478134552335
57f8444d376ead3c,0.1323567594897219
1eb08c4e2e2d0a0a,0.11461710522994037
65f04a475e60bc71,0.10679121255231619
54b86d86b2c582db,0.05185920292762454
ac660728eb9adcbe,0.10592533872974351
9dc70760c7a65427,0.1842709466185474
707fa7577b28c00b,0.05042128358402117
dfc0ad3ac006f7dc,0.10295917632137178
d02c60d97c52824d,0.058143907923661434
68735cd4123d2c31,0.2232948512177823
e7fa76e1a52159ec,0.04169263172498962
8e2a48702b61cf4b,0.03685322759100768
7b4d442d12660d2e,0.06129335254417471
1879fdf1618adb5c,0.09760407477343255
28331b7b0b1598fa,0.04241573245793226
c27a3cd35a718f85,0.08403248609854468
003398b630719a7d,0.038250231372044474
70b9137733db97b6,0.09278053004163267
f0ea5635eb777479,0.13357139706758053
e80ca1e08210095b,0.13708504418696948
033b8feb5aaae03b,0.03666718889131825
ac6a54139c7c9d37,0.12462498760079296
ebc95757b2947172,0.061095689802765724
2fcf426035785728,0.09017034991407906
78996a14f02ebbe3,0.04906587436934377
a87e26d221511c94,0.027173615603136816
c5eddf448403ab6e,0.04070297087707722
e8da0e67e35aa293,0.06603474544978373
88b632eaf9356d3a,0.06380554982511201
85571b011c6fcfaa,0.19708400510595586
9013d63ab473f952,0.10762909599474087
960cad37cffe68eb,0.061756985449546234
e247eb8f78f75a9f,0.05355642037137897
80eaa51c4c8a00ee,0.04592187384028778
35849a3326fb87fa,0.07248349421815431
d95e6b933db44247,0.0508345572823629
c8d99c2ec6082321,0.03963922725061406
c9aea5e1048b2e51,0.12450456708497055
e01947dd147cbbce,0.04615793692846165
ae79b75a13c928bf,0.05218077855261474
ce571fad3257b3f6,0.031247040801115795
a95633f51ef3a7b0,0.03679135031795183
297c6928439e696a,0.2051860351429478
a4d78fd9f9ffb303,0.07605137347083843
2dbf5dac4bc14af2,0.1610148320246763
484f57153280140c,0.10039586198911685
db3d92a2887ed53d,0.15279759756138128
0fcc2eaacbd92a61,0.027438441875664733
3b06de421485ddad,0.11108062467496108
3ab1395e200e5b42,0.13071808358717488
8b607b6592065a8e,0.06175068722858146
a58b1c259179dc09,0.17069902094448597
a84f2ec64cddb96d,0.19553235748036393
794ec7ff88727529,0.05781467661641833
7bec4fd7e9a158f2,0.09487276545933393
bb364b5bbcd978f4,0.2110085751841022
89b648a5f0f0ab12,0.09083175689887958
63de8d6c54817aa3,0.02702377578294235
f379e9f71ba0c23e,0.09245703042492227
a4d79f83a661fa2e,0.11115560589187906
211b21d15b3b91a0,0.05684317718330022
1186f6b426beed22,0.06572965440005066
8dbf55afa93fb576,0.10989852063821731
4c37d40f77654769,0.04580411181457384
282449c18b62e5e6,0.1638291282615768
12472f1c83854116,0.16553538551709193
eb624c530d058714,0.07800845117860324
916aa0618dc412d3,0.11127387171430159
b9f7f01f0c234a62,0.1803166138354677
d6a72e0c5f8c9277,0.04196563373309415
888195334e946eb0,0.03835591690780335
f1aaca6b558ffaf2,0.06684826674477012
cfd7c6655e63d480,0.18602899366340528
d54c579db2ee74b5,0.0331369687839121
3d05c28ee2849928,0.2410788844434983
88653ba09b9797ff,0.03847244490404091
270649bc52035cbd,0.04165433480226289
164c0240a44d6755,0.07599435635928331
71d79d68a2b92f27,0.11906624301139238
9bb25aadd2b3bdb4,0.17908852717526796
b3c62935a53d8997,0.07446350841257471
e850d24192f9e415,0.03995664801893387
0834b059b33fe386,0.14767646807849763
57cca7c7ea10b6ab,0.061258556566066144
39483c2d8174f1ed,0.1698145844323505
4df07eb70c71ec51,0.17521535162306484
771b30a38c390789,0.07862055004414224
65037a69f9336b3b,0.11594744197146942
97bf39056279f7fa,0.07670746586000052
1a2d12af54623039,0.07340424634097019
e649d739e4cbe4eb,0.21785258754313802
7c35e8ece8dd52b2,0.14731174698512078
4f679f800c6abb6d,0.14842540999008552
42a8a8ccd4f9f9e2,0.027508774422608382
662eb31e5ca29cb7,0.10078508965050983
39a75d0fc9a932b4,0.11936549428089213
f80b6c96f9ca16ca,0.03276814616222287
d1112438bc117eb4,0.09659652164124002
2a23256f8a1b1dad,0.12976368694808008
e3da84e292717dd8,0.0689275960329093
b3da0bcad91df631,0.19195794070809546
b7317d34b8035aa3,0.06800618839102977
263b44530f890156,0.12562246911174085
4908216a464f51c6,0.1546701907783053
d0b576af5fedd973,0.08512889203057003
d53abab056eabccb,0.10363612533447265
9947a71c07c08013,0.13416260508103697
e3f83e6765042b60,0.11003375276971242
b5e1fe2cd612caf7,0.06790714664888735
2c979dd3ae786b0b,0.03173436273289064
37ebd133842ac652,0.11076515806135623
8d7452fc00bad24b,0.11360284360711752
be4d73360ad37873,0.07303753957705537
40b14de62d50cd96,0.3615469036308234
e8b95e5aac14d285,0.036931387161006496
545aeb4e5c2808c7,0.07728491093434679
3ea943e815e609c3,0.05809753374838856
9c3663c00fb99ff6,0.06848904000505845
6806a16705d54743,0.1303407504691861
9658ef3f8e3ed080,0.13685984363365994
72aca7fa36feebdf,0.12545932632143822
dfe86e43c4930991,0.10600973556344916
4f82ff5b5651d2f0,0.06260754217146795
d13da56afbdee207,0.11221509439575145
0dcdbb940af66121,0.05508385351251034
0e09773245767eac,0.055787509247625613
b186bc9610e2b533,0.15709353015073416
d54841a2e0a4cca8,0.28690092297786296
166c017caddab251,0.14756945379640427
a23f0288384f2f2d,0.0805791001002982
4886d310e5914363,0.08321164418425664
41edfc6111e88f1f,0.05617659392655432
0f33a4c86170e40b,0.07430532844277975
19bac5bcc4414e66,0.03444117220531543
88ddba34446d1ade,0.06887215530845547
a8dfc97deea7f5fa,0.13383673969936774
fbe5da4001a21c4a,0.046037950651544424
8ea535444187b6ac,0.04753462469937291
1be66765efbe9174,0.09466081632175338
05f16b595e33f77b,0.07363171585935187
3fb3259efef9eda0,0.050390173559004756
43836f5657b092dc,0.15369880985486195
26ac42441170201f,0.16976946410243932
12a4ec2031ef6174,0.047438945281045496
d8e7f33605a80ae3,0.11118018436520509
d6bde3bc380d8735,0.0970753722836718
9e0c178f3e852551,0.16492051958988085
88a6149ecfb1f651,0.08518456182312498
54a33fc8125490a9,0.08059223182752653
2930f4f063583542,0.06312500568939028
5092541f5024187c,0.051999202138463006
e78a593c9b385330,0.08307183584054909
a09be3a8eeceee6f,0.15326351798531818
7010ac1b44772de3,0.07000929166347584
49a17880c454c7c3,0.05836089147874271
4e36cc0f1383ebd3,0.15061186723948092
ebdb25864f6ce1b9,0.05421908546798439
bdb72360a5581c6d,0.13041158855904647
8c698e0fbcb6a090,0.06840152965929083
9c350ea7550d8378,0.047868064340790474
a8b88f7bb8ca6361,0.06996304871237141
3d326c98287fba6f,0.06702755004159433
f42c01d8b045f708,0.14142043525881165
8e5d62b3ab696aaa,0.03207536612619834
6224caf3c72e7ee3,0.09610068264319281
926fddd6b2ee63aa,0.02752058101443079
922cf50522b3b88b,0.1383113599966544
7d0fb10204af6166,0.16646413774175015
1a76fbd031e39a6b,0.2270987609697072
fd68ea29d356dd75,0.048625245994928894
03cc36191251ada1,0.15247969834055153
99b5bb0b92d8a55a,0.04532949056568402
aac02a9d632924f3,0.037104450295140076
5d220b8e18201d3a,0.062416976152935184
14fc1d6fe2d4e69a,0.19003551312968497
35e119f52196b1ba,0.0345832894732215
40f1234b5a30403c,0.09962903482212809
d59ccb5d557c022e,0.1230627095810497
0c385e728de38f99,0.0684616665269097
f8683477a2ab2ade,0.11948393069480237
511fe8f39056b9f0,0.1069943229125491
c99c5d897170f156,0.10780801330630888
9d753071d21e6c36,0.063703701585655
9e9289f66961c664,0.10726488136674747
5f8b0d75fdfecea0,0.05160622941291028
9dc13c482e059e6f,0.08490131466084216
3f87fc97c66a3191,0.14767671837454865
1b3f3ffb589858e3,0.05065753162310162
5358785efbcfdaaa,0.07901777293681761
57193bdf5b9a6b42,0.12878386553554722
4ba6c061c5bcb057,0.3613642138787757
218a85cad268eab4,0.18212626888076366
f93dbe2cfff78101,0.10337211646021734
a8481146cd533ccd,0.1276026651031487
84b0e8fa750b7a33,0.07815712437630125
fdcc76060f099b01,0.03965850075512278
300a47eca14f8974,0.13461060701734148
14218faebac40dda,0.06811067759734318
6df2c2d2e3c3a7a8,0.11118546655824926
73b49cfc1f3e9dfe,0.044283989314759666
7f686a76e0a43e5a,0.0812314217800359
bf81324a27520bde,0.12729558734696902
f5d463ec64cf0b0d,0.07353181084133911
7b0554b8ca04f697,0.05620154631614108
e1b2fbbaa6be8596,0.0959170275502999
1b881aaa4217102a,0.08105335144471124
c212840fd1764342,0.06960287120489164
ef314439dbb365d6,0.04288253520132279
1772dc13f02d39b7,0.0696278434607053
b9ed04801fc7a354,0.06317576468791565
105a3d1544b0f94b,0.11232264741664137
78654baca9d1378e,0.17520135816215898
9bc2056512b6d4b6,0.0624544969205365
09c4cf78e2e7adc5,0.07919929178500532
b2555ae21207d05b,0.13739403775186299
ae348fe15c764802,0.06430849341076007
f0124c71b8a4ad33,0.11523574284614985
b56dc4e690b38942,0.05090238943508629
f780521ce14740f3,0.057052423672879105
dc6f043604dd54fe,0.07152192132527153
e07db4ab9d64f3ee,0.12847892072222117
8afd23b140e4bcb6,0.10486961776387255
11bdf36dc7a35404,0.05608449709324782
4996a5c048b055d5,0.14295916078660226
623d8021b7d32292,0.11084959852682087
9eaa2f70288d4b3f,0.05251096859521179
9b0054be7988059a,0.07916395285451222
3952d82f6df456f1,0.04072077423457593
8533f9a63a9367b1,0.07517949099569526
391d9fb2c3bd6fbe,0.02679244817401535
101b529dd70a1e11,0.03340963748795451
85b19b6a46b45156,0.04602873623034624
a4b17c05d90ca2b2,0.09647243419500953
194ecba02d51bfb5,0.04812250461920751
20a12da2d8890e93,0.04619773933888922
2df9214ba1de660d,0.0861315750557245
bd7e307eb75933e1,0.10449336198697985
5e0b0dbe5ffe6e83,0.04863194375574645
bf3a6cfc9a1f3c80,0.06306478419466127
82ae8090ca11b2e6,0.08783102518262581
4901ed9747386ca7,0.15788682136121937
53084b49be13c52f,0.1461904196181821
0263cc51aa1acd4c,0.11759707820736899
41e313f2355b137c,0.11269811066187627
51a37cfce403f12f,0.05953722617022522
df4f484e6719459f,0.04824157730132104
de7f255e061d07f9,0.1068380118819704
741683772f1576c7,0.14827355690411823
54c7fb2af01e96d6,0.16327461213048788
24c542dab399c685,0.03582996169921912
a1230bf06c58290d,0.05663175422813181
900e15461a12870f,0.1451658443636761
c089536a25834f70,0.061348693698480665
afc3286b544f0040,0.07593980624753012
c61465243a2221a5,0.11445809248352325
cb1f20d4bb93c243,0.07760357164994394
30725d20e5558b56,0.06556508765472072
94ce3e10e75f90a6,0.03450495573998681
48d0b89d569495d8,0.09596006090235973
ff1ad6d36283f697,0.06466405385211377
72be68b75d2c814b,0.04797986991384955
e4b90062b12b7030,0.15973479728744627
d6323a665e446722,0.05960384529716847
2d37f4baed1667c1,0.11301766132942959
05781aee37a18dac,0.048963337094691535
de24d558a18a9f32,0.058113398513113285
cb44379989560ff1,0.04539052857679085
eb333ca8ccdad2c8,0.08254102296116761
1d5cf29e044bf468,0.14036153965205952
172401cbfcd665a3,0.11169354464805499
8247761544773a90,0.028609457149032968
5f2c0797f7cb831e,0.039369041652789996
a7edbfd2acdf8ad0,0.07791002225534144
fdcb685349aaef9b,0.11206932530169383
1568e5a308c50e7b,0.14329700810936985
53f5f1c7014efbaf,0.10722426613601024
e992034fc58854a7,0.06351648801900762
b1fc334e48e20c8a,0.03884379849566229
ca9f6168acd90b8b,0.040671069980911356
929bd47a71c6b958,0.24516244852725205
f7ee05e2b2ea34e4,0.07167163644038892
2f3fdc90e73536d0,0.039925667805243696
b43f6d156041778c,0.03846438168975704
6b0740f130757056,0.045584981056550004
9f1200bd8ef18393,0.07014151609752525
bf0849396acf9180,0.04310215154463462
58f62b02898dcd7c,0.2101054051153385
825b360a284d4a2e,0.048347769428507076
0274228343b0c7cc,0.19876894661714806
746ca6b736caea7b,0.03563200157911239
69cadc81ce7e015c,0.06228541744282275
295dc3bdd969b7cf,0.11030293742963619
e0c7aeb2471c9ba6,0.1631937332209438
a7c128e7baf08587,0.0821064137547555
74ac5ce19092de45,0.1205055172014932
5642496d768456f0,0.17660795094026943
9568d09b37d48147,0.11375656068797858
687eb07ac1ec9aba,0.08150161859417253
1131d59f818ebfc7,0.060156124128505184
70d46c4ad271dfcf,0.08171530799308871
333d8235e3bd1acc,0.05982332476260684
f9dc0ee30937f393,0.09737442234760361
e2e48b863ea7d61c,0.12509134054924737
96ad67d29a15ec47,0.11461473772837782
998b0ea49069c858,0.036475957349075216
cbf500fe483dca27,0.058977738636031674
32889f39f5c7e4e1,0.06235257656509985
f87241418df6147d,0.10347508068760233
afed174cf13b9d7f,0.08356235002633226
d52f3c40480519e8,0.14246718335469252
67306d595867bdca,0.03483576976427887
dc439b5c79486948,0.08027604525120209
35089dcee9e9ba1c,0.056695142250111186
61b5d6ef5f241490,0.043055420061322534
45f5713dcef10264,0.08608679478062593
2a3053d58302242a,0.03821022063311341
0998f38d4d069491,0.11462285903205917
accc2c8ae67e6063,0.03770101016409948
9f5292cbd3806d79,0.06233828558964137
1fb85b95e91ae45e,0.08014326112407585
faa0394464cef2e8,0.03870522224007488
af95309c63fadc79,0.11043044837950834
b8b45d6732b08fb5,0.05797540703880781
66966f55862259dc,0.11578541546679455
608333309da6527a,0.11396420510253939
36dc5921a7d84ed1,0.1109036242863005
27813742ebfe2b33,0.09654920228886293
211d5db960ca61c8,0.05077565942361377
5b186ac0d11513b9,0.28976917629092247
832d1c008bc3ef2b,0.15673138233562214
7d4e4f8d7d40dcfc,0.05695827603414403
f0dfb22c3a27665d,0.1700943519130887
407451c452cc5d17,0.16504808053005196
56928312feff0ba3,0.08910437484324772
9454541a6582c13a,0.06367495640759845
e6e2f33f21d593de,0.03504856486874601
eaa2910769614f8e,0.030957270552312042
127bd9796d970cc9,0.07806875733197827
169858f0ea055525,0.06863904286978804
47a3a9c393a619bb,0.049199032590249964
d25e98683c74aa8c,0.09875988985199546
4f2ec1f813538809,0.10294681878827791
8e5753d72777a9ac,0.07174135705047467
d9cef172341ac628,0.3193245716096367
d2c6b2e087495365,0.13616204169639767
5aab483da67d16b3,0.09515599098913574
ad319fa45d964c5e,0.18083438255728607
730d677b8c968e37,0.05034199408242221
b1e38b684248bd0f,0.12064634193225944
ccd097c32d7ca7c0,0.06530239727069435
4cb0f5de29f8b8a8,0.08465813190477652
902aa8ae7819a527,0.032080053442255084
36cc1fd78eea46be,0.16468017311035724
5b8a6b0aae157e06,0.14694836864121383
d371f4cddd5ab580,0.05991651164332468
a07311ae113f1cc7,0.14957828062574932
8ff382f017152a6b,0.13202408857693815
bfe18fe096f61209,0.07152605791206186
97f3a3f55f767d91,0.06007291514255386
a4058a2e4bbcaddc,0.1742718862260736
6dbcfd20040642cf,0.03756492718329861
42a6b3c10ef18f02,0.09095817690886882
9d7f6f4e136504fc,0.06447196966811942
0165f411bc818cb0,0.12702324818541771
bffe1b12bbe69fb2,0.10673376245733157
e01b40b1d6f30df0,0.1635532043260006
3201c568d1d26470,0.13723549553887276
0affa4eadbf1db83,0.1387938563614814
ddd3b7b0ab9f40d9,0.1446300077601302
ec738c2ec1bfcd80,0.03387582268550037
906a954f8e1fea07,0.16620764307959157
cdbfc59fb04fc180,0.15683165078014377
2d4770eef88200b3,0.03140391936086815
3d18600bcebb32aa,0.09768235015994978
3e050322f92541d9,0.07011925145693933
1221e13593768788,0.07316865506266353
e7ea980a9b3cc8c4,0.08552629097262034
398953f786ac4845,0.18813713685688777
e8efc32edeaa174c,0.16982257284490745
49f061e869ee997d,0.09178173215085074
17668415b4ad9f20,0.058435962885928575
81e71cda520c7c11,0.11921061046530927
7c48e5537ec69161,0.08205183725583898
7b6ba45bf7c43e21,0.08618635014775582
9cdc08694020bc45,0.11351850444952194
60a026b4a766753d,0.0815647238751862
719db72fef47ca30,0.0510198094972362
c0b5b808eb068fc6,0.1163553599492281
b20616efa1e51758,0.046872311836632916
d1c2190b7e54ae51,0.04712057747867977
88d71cf388b60bf4,0.11643782751671665
c2394a42025bd869,0.1871820638324417
19b165b652dbcda4,0.16053611041812008
c17841139e5914a5,0.1515927077769704
5549a53bbf9d24be,0.13055361188811357
2da830aa5b2812cb,0.06072334625176782
fb36e8ea3112744a,0.08450953834697106
3dcfee7f0efc084a,0.15159848913618573
16a97d3860c22e1c,0.1444485589916231
6322b2e3f7dca7db,0.09996914251735133
a48ff3331f89fc6d,0.11315641088366243
e07a96472008d97e,0.23312063841406183
42af4fb223127bc3,0.0492236436510137
4aa484762f1d25ae,0.10984716590593697
c414fb964c9cbb8f,0.1435761274737211
397cb89e6ab8a959,0.14706955367139685
2e9d9d9e0a6af0ff,0.12065123804426744
fc32ff9c59a22f95,0.03461463566699349
5783d334ad7f831b,0.1595995019245038
dbaa31f9fbbb6219,0.05225224164008834
93eb228beb06de30,0.04047642833627766
482d6bc5204e5ae1,0.07701790846684971
7128efa4863f0362,0.10465582430448442
ba5809f410734a94,0.08676960031634985
a571eb5010a2e299,0.05998249422740213
ad6cdd09fea09683,0.1317405681227236
fa9d2cf12e72efce,0.1410809366043601
a8ae0f9ef30ce81a,0.26788794677174166
3b234a17219db0b1,0.047921294097865885
25b24a0734045bd8,0.18269306188529164
771f41a483c9f8a5,0.09408293551148073
22a6c4ec274869d7,0.10460757164143009
e48895820558223a,0.04337054031707159
02c11767f29d0426,0.03517738657466799
d686fd200c65923c,0.19045726803219876
adfe117f01ca698a,0.026774682059902567
69f3b49837e76dc6,0.0945991070228577
2e72632e2ea73631,0.053500730786569126
3207b91e24e27568,0.05521393350932799
95f22517cd16a7c2,0.07783970121314837
543936caa0e83a72,0.06233238592078885
58c5c659df736b0b,0.040346139867459226
997b65e2ca34d529,0.06020957999772205
75bd9c566434eae8,0.05653640544390913
14088d0f66d091e7,0.1809274511231022
4014d97b63499622,0.08163797341450695
f9d10471eb47111f,0.10272368701773363
545fffb7628e26bd,0.0410779625915319
9c45d75bebd4d820,0.034381037223370214
f710caef77284ef1,0.15696277542283574
e4bc3c14c4f4b1a8,0.12416180725126597
392b17be6354d3a9,0.10711157657170628
9cc8d07ee090f377,0.18497853066879774
b2fbccdb690a2b84,0.1433880303760294
291257ccaccf9d11,0.1212843119660567
c9022a6ee3a5d7d8,0.044502296072971306
19a688707e160732,0.05043164590920223
84bef4f5323ebd93,0.1625368718218109
a3e5e1903e0e9682,0.07191972460147458
3b0297530613b732,0.046806862618735554
ca0fa3062d6f947a,0.10222483343916941
aba2a7eb167c6548,0.1423223941425141
7dace0a49f811059,0.12082094489003575
522ed32d9fdf2d72,0.08492051902012017
8771c418cc219aa1,0.10374391272876102
1b8f8b528f041137,0.028498092792686978
a9112add272578cc,0.07113922921367857
e722b584b816d2f4,0.13136426334629953
324dcb8fa3962b96,0.1027135810600398
ee84f939a7ab4e14,0.1749548350530271
f7a5683abeeb512e,0.05853053952782016
788dec8bb41081b9,0.03543464194986742
20880910f50c0159,0.09647970642117812
a55d2babd6ac6e05,0.04188606791630834
7c5af2b41b2f1889,0.11385171588475028
af9599e0e687edff,0.06666851983280744
96de608fb997caee,0.0448481907690018
ef99f60d68f58a7e,0.19874456521309974
59d2159096523cdb,0.21272427651768086
606abd74dcfa442e,0.12128945881934922
20fdb4917e7e9401,0.049252116841044115
a3a5ff27339bb075,0.10907411413251053
b5ecb5c63b48ec75,0.19122101320301493
0a039166594e063a,0.03311575287661428
62bfe04683f51a3c,0.09700897883864668
b430c4d5161b59db,0.16504612969165913
a385f4145be5f5d0,0.03612408485703167
904e0bfdad64bd43,0.278007450252047
0f4074528657c491,0.1699290944589768
39e4468b2f4b7935,0.0951838963062976
9125b00413b353d6,0.03411612809391382
fafd8063bc5f5cec,0.10392429615082839
6b06401ff364064a,0.03382647979936647
e5c9addac3faca6d,0.04948080788185932
d12807d748517f6e,0.07192969531282685
828de307532bb29a,0.18890286150041402
2799da617b3128ab,0.04044230333676672
7b6d6ea6d9feff86,0.034820118664866694
0627c402fd75fb9d,0.1663948781978973
a1bb99f3b749279f,0.07515868804299825
ceac2c53c27234d5,0.03302968385009761
9b3de1b793447910,0.05387897873652362
76a426cfc81a4d2d,0.14311247611261388
abac3cc21ba1b309,0.04374994533649941
4e8b9323fa254334,0.13649961971092897
1a4205578a28486e,0.15249626235184055
fa7dfc3f7d4a1344,0.15260133671654905
340b1651b36c8645,0.07610819289893314
73cf2e26157ed703,0.12892420115604583
87add43c2ce1b06e,0.09744556966029991
01717bfb5b3542c8,0.09759042963710995
70ca05c9213444aa,0.10447433506843519
0684a9a80bfd34b3,0.057095049997713046
8c2ae373e2809c29,0.09714243340566751
331341a7f1c33272,0.14534657603182283
97078c12c161c701,0.08923304346100988
4ddffb1d8861cc54,0.03789011995874004
2dbc5e3027b4817b,0.1120267605142034
8fcb717c71bb3cfc,0.06046054787091605
58ed220fa88a029b,0.032608317955487874
fcad4ebd837b0031,0.04869628845532727
0792e52fe2c9b711,0.1208176802975102
576de6970c4ba90c,0.12908844266982367
930888a00b16e315,0.1153664062704321
bb00b59f720aadc8,0.1203242265839796
05aad23e028bea27,0.0930687654333337
0ccaef7346d2eebe,0.10375084682880203
bc31c0a97c89dac1,0.14282960817037085
239478b0c695aad2,0.07591041579565923
6d59238e91d3c6d6,0.1161553426689102
02b6f6002980042e,0.14698712436739814
0164fc5fb575ee2b,0.09201653295635526
d8ba5ce01fe8a09d,0.12370021556997551
173b378df818b167,0.03411015131859131
7f5edae9b09a208c,0.11068375233362339
0b5662c2a594c20c,0.11482020734799835
55ba1dbed1a641ea,0.1523788820282006
c944ecb134192652,0.1822771663828622
3984b7d478aec2b1,0.17274163404977713
f6ff304e4f459ab4,0.14185580348805263
a49951ac9b42ceab,0.07270294411495795
4b48ddb6a65e584b,0.18272322214135372
624009526008e265,0.07715236878629102
9ca1f3fd0ed031b3,0.15083605336177702
dd7e10345355a17c,0.0759587381958246
a324ae18d57bb12f,0.11720814230435912
f3aede6892999fdd,0.07465679203585
798f779dbd13fb6c,0.16712252061565253
21481b4c28f91b47,0.049461711284826584
8529066c088169cd,0.03335505376194552
7e93ed2093de4112,0.06469705858865556
51687c7ba8a553be,0.10811513327769232
4ad8b585409698e6,0.03707604047004967
eca2dbbd4829118c,0.13222834366149128
7a9bea3f50549e57,0.09335758718294232
e53cb4d81fe012e8,0.08951075981543762
25e3af07b73ccb43,0.06850657314045774
939b59f220b94ec8,0.08190049226646648
9618c75bab14bdc4,0.17723020864043645
2ac483615d4696d4,0.1627991547009159
b357b45b22852d5f,0.04433213511125551
eed158b983054ab2,0.04945347003811814
25b699ec3d33020b,0.18057621538878582
fabe692869cbf6a8,0.040769924124762165
e30cdc55701f891d,0.1163024638819842
4e247c59738e0754,0.1103754629093331
eb6c93bf83ef9f01,0.1307049741217875
4b2a51b89182eb2f,0.10949112728583421
920800c7a752c35e,0.02901943260053518
00e3f3638706ad20,0.10236865775258595
3b68344f608e8cf6,0.04791590809938588
bd0092d0e87dd02b,0.10644870984106283
d3020752ddea13e5,0.11290896957026891
679a41beeaebf503,0.12829110290731574
7fcec9e71dcf18cc,0.06005837510755223
735724a234bf2816,0.11418964421624571
31cdf3e24ce53af5,0.09672645459757978
58b83792be0f6321,0.15765587517697496
2a84a58cf96025f5,0.035086926911777803
9fcedeea63586bf0,0.12600654936629357
d9de7aba8c682fda,0.04281593929463918
08572215a3892815,0.06433985562310006
b488884763d551a2,0.14618688857508003
c30e80405d6e58b2,0.037505876888768865
0c86a250e70f6eb2,0.08934475889877644
a11c15fcf4597f82,0.12343155570500991
2caedcb4ee1a4103,0.17364263322453496
f91d05eaa3df539e,0.10550892865645474
8bba0a98ae140af5,0.14068453025283095
a987e81632676043,0.11530429421789234
f50807d17b5c038f,0.15305646448209215
ee12454070596716,0.11236424895652054
b6e0190c3e5766ef,0.14009844008167202
a57b30735e272a29,0.03509081215606179
ca66fe2ee058013e,0.15211518800512683
1969a8349757d32d,0.09035408726050824
a5bad4f4702eb96b,0.05685576918058129
2f4ee5ef7a9e32ab,0.17994269819379682
abb1f9350d96ed70,0.07462065427346536
8a663152856f606b,0.04124089157409979
5965e2be33eecfc3,0.03418293843048147
75414a1e69d6f205,0.09163202753103873
0d6362f82430762d,0.10600566159111471
cded8976cdbec569,0.1339473819373713
2f21d9cb88d7004a,0.1503940633189081
bd0809d01c93396d,0.16092552848574468
d368fd4152e904a0,0.16807306916409687
7a088b0bef4cb74c,0.05553575762015801
dad9460a25f9913b,0.16254016885168554
50f138449e3fe2e8,0.07354246547964359
53eecae41b9614fd,0.17487430258072084
c88755b5796bc0c9,0.16144270940163127
1b2bf22690f55b23,0.0676163775189455
4c0b6078692f7c89,0.1074743060848949
d310596293c8f04c,0.10124340596027695
3a724ceda4c76f9c,0.03541519687129
57c2219b4f1a0a5a,0.13054594344093018
6069a9ccdba45516,0.09737602527789326
504a8185dad726d7,0.08939116509939027
c950477e87d58094,0.04831616956785317
9f1e86207b2be555,0.1729439617760642
69051b19215e3e0a,0.08838806619758181
7f70b72d97083c7b,0.11813382770402682
61279ec74a6d3645,0.042020189379188014
4a35368f7daabf53,0.10174273151577717
8730f5f1237b818b,0.02786815508739692
f9492b545b552f5b,0.13007805942514805
a5e99c4117b486a0,0.07134745905629045
c10ccbadcdafc1cc,0.03424678908548773
e0d15a865fdfb988,0.05698433203195143
eb916f460ee1b545,0.08231820965129594
1b7bb61fe350c5ec,0.05579245171543382
03e5516590f20096,0.07730270049052468
18e0a9eb3145a82b,0.044447500662862724
39cab30b8f09a081,0.17548018114397007
dd47b13d3aa2de79,0.044727326952991794
6a431bf1b07deab0,0.14540117153197224
2b0db9b43f8d905b,0.08457720850562261
363b638b117d0e37,0.03320279723403395
87518c28a26f4d41,0.027633757799122183
3e73b6c86098ef20,0.13076499288256946
f7580d024f627389,0.0638934210292671
626946bf85055423,0.04499527539323948
1d4ec81574db910c,0.0915905504074975
eb3384eb6ec0ee10,0.05851418305232027
ba1a0a18164d2ed4,0.052592043721009896
8736a356e18687f9,0.04638715465993516
f66ad6f9a0d13057,0.0698580546532499
6781beeb2a94c80b,0.07306715368622889
45ec50d9e9b762dc,0.04025783158274781
f993d49be31858db,0.09804048219146871
68630d40b3d8c8a7,0.08158815165873957
790d0e863cbc896c,0.05097260668184428
6b9f40e1b5440454,0.05107894741200975
5bd12aaf1d87cfb6,0.10332853133258019
9593f8af8e49622c,0.045459828617148916
7787873ef39eb65f,0.16912398344049676
3b43be2428bd133c,0.0786336238971096
51614174133f7405,0.116868490593874
90ef1be7933c7d32,0.06512302899486347
b9b0bc5968838ca2,0.06897445818647419
34854ac0b59be9cb,0.12063269344783958
552972fc397a3d7b,0.10412357203961
538cce811be930f6,0.17179959425308705
3684947575a87995,0.17826131786103286
3458934dca749c27,0.11773334015186443
777593519303d6bc,0.12940595085850148
c998d0d7e544f18a,0.07794272255469255
a23ad55fcdc44126,0.14411704400249792
628f59b52e0f1abb,0.2089787557725678
f55fd4a896009b37,0.061397322763757436
891966bf8125b263,0.04981319734072162
31a036f4acb27daa,0.10582559047737083
b329a2756c4e7e5c,0.036443401452666384
4abec7b3aa11b00d,0.05988627029054363
506d7e6eca5fce8a,0.0698931908021986
93767eb66242b1fc,0.1713030522542486
f07f619af08f71e3,0.2357040305671
067779ad870efb29,0.07400829898127526
5772509431f3d5d1,0.12206075494458309
562161d24bca87e5,0.0335086329983097
f3e2eded68a25564,0.08783102952355748
4e9f50f16ba04465,0.054690463140559566
a4208a55db792b95,0.06997434586319161
9540d1c34ce10213,0.0648549562787507
3b047ea1a379c251,0.060739901347981184
90c24520deb11d2d,0.07128980809608434
174bf54853f8e212,0.06703466998020541
e32af9607e1574ac,0.04009252426932981
177d7eaf2ebe4bb3,0.03369312795260892
1d3872dea5918cf8,0.1837332348783324
b6641f418df5107a,0.11270283198263958
7b0a91f0c2754446,0.15764934335919026
3074d01b6d512da1,0.0960564365374611
a1ded8ab2ac8cbc3,0.056387894141728664
99d24231acc81bda,0.1604275720225297
ff0efc6b635f0dfe,0.10086950971945843
4b26bc2a5271e828,0.06957825355826755
323cc294321346a4,0.1472595592846853
1c5da1e20342a0bf,0.08881633986622536
4f414677966cf8e5,0.07864463526294983
a08962f7cf8ef6ea,0.19818050617274935
e6778d3ce59810c5,0.06436638560664398
944d32b8f9e9db1a,0.22078997706275208
e5c8bee2002b6ca3,0.22622006911884862
fcc9190b336ccdc9,0.05252918579815623
d8c0de2ec20dd583,0.0993095359796893
fb55a45c51379250,0.040334520352085235
d6e81f789123be62,0.06484633138084653
2653ffee6d9f5abd,0.15390437490682826
daf885e44112d6f2,0.10683885789715196
a75fbb195a5c31b4,0.2650571269095009
d6946d6a1e5de8e0,0.05980760917948375
262eea09fa9fdd15,0.04361872212854889
0661f0f9daa76a96,0.10628992887294741
3796742963319893,0.22177689515313717
b7d31b3502739b04,0.1075326924118855
ca3ab2b2441679fe,0.10017547701562346
6ff3c95261a2e60c,0.03787057193383633
296198ef516bccfc,0.028178082258705012
fd7387d23f2c2e12,0.09971308126692564
705f7c9f6f9a1ddb,0.045900601569865154
664080d9a44e09d5,0.04892085176853168
d7bfb116b3f0171e,0.10200563737258218
df7650f2e15b685c,0.1019647708746346
13d553333a49e1fc,0.044335802804597896
d60997f0da2b3161,0.04674510689967566
e3dc5b0748d9d1be,0.3922046085043101
126cc7a3354c3a59,0.0417799763093743
68c831e307f80c40,0.037006578137151906
4c10437c6f1f749e,0.23209942245181828
4de56fff18170df4,0.06343835187855554
93ee64e43ea9b0ac,0.0990434125050608
622e27b7a834d371,0.17280956893358226
8283fa9a80b68052,0.06087892491734889
3cbb48910802e9b0,0.13854557299196713
898c4451fed60e39,0.10527280846104924
560b7b7af9fe8dd1,0.10262189879531762
bcc595e893e2a797,0.07131072118189591
cb2fa098224a9f0b,0.09253826345782626
9e2a88f835bbb5df,0.1053418523984734
07e1bd9a166bc257,0.13016984026392517
10fdd890be2462d8,0.04176754682477615
34a7adccbdf4dbe6,0.15165669030504692
5dca94f6e13922ed,0.06952090025226719
be032af3265ed2f8,0.1772579657616076
afebc493854ff065,0.03448893148820297
755bf2132b96ea88,0.036840770608892404
11b6872eb913fe4d,0.039673065921304825
5a73131a74b5e6f1,0.06366449269297006
a1445f34ce4c970c,0.10296140737545541
c84303c64f096b4d,0.09226842685783637
ee5a57da13fbcab4,0.1542714006819041
9e237fe51b937f8b,0.07454902715583751
04c0ce452fa54511,0.0964065621426135
e4cc4cfb493c102c,0.13688468621426766
13ec6848e5d8c7ec,0.05692269935805784
8b117511fb3c0bb5,0.18285702810215118
45109a7dafad71a4,0.1890900786954608
be5d51769b283a70,0.13730621037129792
4b049c030fc355f2,0.09652642552912093
e1b125afa19663b9,0.08586995632116062
7f5ee99bec52fb31,0.20062885365864147
0ea477a7bb524c43,0.0930791162652001
b2ef814029a4593b,0.11620143803895232
54642bb90de7c651,0.054721740669601254
5562db51544efda6,0.08906011867971966
8c3fc61ec6b0570c,0.1376982544459488
19990ada3d732a59,0.12474967792543043
d4a097538c2270df,0.09546362811535208
a8e6780d12272bb2,0.12602538899789537
0de7c0afdf2ac64d,0.0939555448012459
ec3a682eb391eb7a,0.09271473378926004
de499b3d3aa77620,0.06535337390318767
bb95d7738f26c137,0.06727357502587354
76de6c48fb303a99,0.1608381114399435
f54db052a2c1bf61,0.16730728883757578
d2b45f024d0f9012,0.1522142360485915
26693e446f60e43c,0.07517722467821016
00fedb2a014dd220,0.0705729527236508
8b353042d65300c8,0.06869533668932977
90c55b1f3ca98c5b,0.04242582429700993
b874c35d79d74f6c,0.0799387909499271
d482eb847a0a40c6,0.06708181507887975
fc4d3a97478802f1,0.07102588869066656
0a7a2b85838db506,0.0383992089445952
c697f27fe38b040c,0.06340260766491272
a4d2009627d556d9,0.12228917158090856
1c403f2124470ed4,0.04539605486482477
33627e42df750fa3,0.03530775840765578
ba9bd925e360f225,0.09854665872745447
ea28b791d0295ad0,0.09254691567160375
d149d439304c8705,0.03724104268463468
536b709bf5515eeb,0.04397471950887202
88c0a8061e7a3795,0.15408305326932298
8764acb490f19b62,0.057520137226559145
417f76acebadcb48,0.16064351516465328
475869c5be3c507b,0.10072449637542712
3ef8009767c7fa25,0.17971353566654236
b554efed5fb706fa,0.1507054743654119
84da50183b024285,0.057877927572985426
a4b1d18f46aa981c,0.03640919054346709
9b47e555a004cdae,0.06582452229639107
ef262814960ff13f,0.11926863684413996
5c0868ac8eafc7f9,0.057531769841472055
db15a0f6f796aefc,0.0340516627227832
9e813d48e7fed678,0.12170752060325296
7e45e93f027eadd9,0.16835025944042795
bba24189518e4411,0.16840568754697463
80cba429bade3fd1,0.039430952829522255
ea2c64045d0a1c12,0.13451137984472153
6eea65bf31a2bde4,0.03597753762496721
986a532aee033e7a,0.0594603019212383
d254bc6437766f3e,0.053870564333504345
3c2c4044a5a205b7,0.06842934219016493
d1698b7f7ce2ac63,0.13982622616076562
5615043a1f36b137,0.03810529553123539
fcb9321c88377fa5,0.04001703449700887
885250c55edfcb6f,0.087579761374525
f48232723a1bd05d,0.20535884932329473
27b4eb77530a112c,0.0404585321088254
98a1669bde0eac7b,0.17276742700667408
c85cfc3341c8708c,0.041253182830448286
8043ae38af9b3ce5,0.1251266743591105
babccd7388fd8c21,0.07221181592441611
28aeae730b623cab,0.05526221478189139
4bf1da87dd838f3f,0.031957493002725726
8da93da167404e45,0.12535637538068597
4a0a3077b5581645,0.08256310127004253
bfa2d19017923568,0.07733187767406113
5f6e00c966c5f59f,0.13166746973959453
52c9dbfce9f1b95b,0.04969776633585749
cdfc3b9f626b0845,0.10527628500031247
5e6ad4f66342dce9,0.1374939075018332
42b0a534c0da50ab,0.0599769635766558
e454a16a94a43530,0.09422076558624054
1b6c9c3629bff42e,0.19867459053937464
3d4ea2f562e04d67,0.04036864884388876
e5e88946dd245e5b,0.09545635029172402
7c08fe11ea59472e,0.09537611920023706
48716b8ef3837856,0.05013055996935125
22cb220fb3d03ef0,0.18362821508162067
ad38c3a4c4f92dd2,0.05048858539672499
439506f46710d418,0.10725630212639456
e6d46d90ae71b635,0.07250271676596624
cc306ba2474886f5,0.042935779920917516
c3dbfacba8b29888,0.057724792482750004
3349746bf536b40c,0.05995567678332171
254dff7f2f5e27da,0.03797346961744795
5f715d9d99d8aef8,0.1120513193056776
28877bba74273a2c,0.03409465162396274
0837f11e1dc53f72,0.16888054817707807
700d9c6e6406ca13,0.1404460922247606
6e0d475eeeff64fb,0.10276792151738764
36ba7c400d24c8ad,0.034753434471949556
8c371f8737f1a2dc,0.3664332097096755
163b4afe1f475ea0,0.1619762006104468
2e2c632a9af9b807,0.2258905920436484
a891091666dc0643,0.12587739177378673
a990b188a8200e9e,0.03625555499257454
e0da7835cc3694da,0.08052998660901832
6965bd28dc460b44,0.04342467286881723
84b4fd2717d4bf2c,0.05159127771974495
0544118474e570be,0.0895805863744099
2437b2d4a2e8ae82,0.2734303367557855
647299fb2ba00e43,0.035126731025962886
7372537f1eba1dab,0.15947652093704026
8854c27e996efd14,0.07503280421089994
380235b034a986da,0.18556779959226977
a2d407f16ff373fe,0.15564970308398207
0ed19a3a868aaa3c,0.06623989882639787
c173b6242dff9b1c,0.07886095021121473
2043889f64f744b8,0.09273602900241722
19989bc6ef928517,0.09880906784043939
d0665c65b0cf8d5d,0.17027745612758455
2b072792e895a81c,0.0405371331269164
c531857150c9674b,0.09221130336003208
bb56bbe97134a4d1,0.04796240706786113
3e062b6117c4918a,0.0755802127897377
a58a4c24d35bd7fa,0.14005731023028162
4ea7721e8c059b2e,0.06727145600843751
32a75809119cf7bc,0.11945066061775106
e4794a0287930fdc,0.06851333573100651
028903129d296567,0.12531879448675504
910a3bc19a45f893,0.12977962467141888
afb4e9017f94d52b,0.040136842415348595
8c75ef81ac907000,0.1000543818030016
de995213b69871cd,0.0580658051463657
593b54413b1695ee,0.09261916424262769
d68b798f72ec2a7b,0.04121528869650333
2abd97afe8848116,0.03820248886892411
b80ebde982296428,0.12306485899045942
dbe8ab13dd1f44f4,0.05996810273322882
db6b5f2104046f55,0.10687136479574022
1f67c146861efa15,0.034683750729474744
38f490199f1306b5,0.06353017149716764
dce69a47bd1feb56,0.11146395694160723
12cd790efb4486a6,0.16588186749115869
d5806dd0784560a5,0.03556082964806468
207f45be2fb83671,0.13610550419000944
848e2c11fd115b35,0.12247425412198197
0f9d093c9db25458,0.10309096693627395
13e9da15ed290868,0.06874809121972054
8c584f6c1538beaa,0.025529002854289863
5fcd3e5896568513,0.20671762056459
aa1f013ff05a59f3,0.07310895893080147
eb2bbf6f740d132f,0.03591680281398132
51fcfaba58d7f511,0.16102724222189
abfff37a1f178105,0.1451763339047084
918258103a71c3ab,0.046637801992124944
99beaa8c134356ed,0.11876626550274384
f3d97c979517c08d,0.11367294032171849
577a00d787373595,0.17032667745591062
d71bd663eab2681d,0.12795883599722693
3b59c956b239b3db,0.05578264399182074
9115eeed93f30a1c,0.05105797131622438
3d992bc625e7dad1,0.03620795065178008
4db07f6033192f9b,0.04980346286013567
a58a45e9afd5b405,0.11786766478943994
519774a276bdada6,0.15360667777942172
50bc50ed77a01d75,0.1130978615966002
d608451c67dc5cfb,0.0875380292700056
2856ffa4f0a1ce80,0.11882856347668813
2bdff8f74778c4ea,0.04220430623594415
068acd67c99550cd,0.14317349477244162
6123220972766a4a,0.0961315980553028
c4d534fff3fc5628,0.125053955077715
9fc3fdf14ea045ac,0.09435600469314705
3f86edfd0be75ecf,0.10415314228666303
c36573a6175092a9,0.1356753822026204
7c4df8c2f29666ee,0.04294599506113972
3c791b72118b74a6,0.09385434590054229
747b04b604c95fc1,0.050002250065000545
e780dca0db5520a5,0.042204821324651254
af83daec6d450e57,0.08414953501907219
5d4ff9f52e2e4f34,0.1605603686128717
b2b8e551d87be54f,0.046311188429030266
203b6e0e0fcaa971,0.07993460996857268
eb36b4336605a7d6,0.09316068449071277
14713adcc060333a,0.09429240749928977
251c0c9a3789eff9,0.15366787837714324
0d0e059449af50d6,0.06625107305274115
63b1850f6f5df5d3,0.07361505758240573
90ace0c383247390,0.04360698023267418
1ba1d1cb2d6d1bb9,0.06966620971422186
dcb2cbe56ba92129,0.04415948664001926
88b8fdeb6d82597c,0.04767232046700251
0ccfe20a4b77ea6e,0.04445706839587038
3482a5b15357f00e,0.04262208397391707
6d71348fed8b9c4f,0.06704854809058873
f8723e3306bf7c43,0.2578621629392474
7ef77b74f9baecb6,0.060164980087339115
bc80f01834269376,0.06654431827711504
18da383af4fa3cb8,0.20146472369040444
b474ff492fb9a94d,0.047931725911440896
d157b8492ffba0dc,0.04997142937154521
cbd2d4eb5123804b,0.14866678492784888
0f9515404031e965,0.057456586427973126
4f1dcb8a1669a31c,0.10265346770316716
28c27ce346a7a7b7,0.1760316860794508
58928eff8cb29089,0.09506699692663828
8069cea0e02052d2,0.038828540599282854
3b583c05db5ea4a6,0.03820483270980409
36384df41240d0c1,0.07128712034264396
15e9a245d6d06a3e,0.15551618732057293
d2dba561c29b817d,0.09615119077508028
2a507f7014709986,0.1452082399180747
a27e43abacf3b1f2,0.16701043195978413
686019b683e849d6,0.19209235077721498
9a3663eadae7822e,0.12760887417960928
f4857bb0e0b52a47,0.06439773463824217
29f988f929e638a6,0.0579409714474756
cc08f5318b40d7b5,0.06202448562683989
3aa8c59d9c5dc7ac,0.09605133845460537
eeeb124ea0b0d51f,0.08296957914812461
c422bdf822a0dc56,0.12495205620279391
98269904767a2636,0.052239838421526574
e6cbd02151c72662,0.14982341856647657
5e7bd880681d9f61,0.12021446789867898
fbe456da262eaa3b,0.08766633312292832
dfe3e7968ec080ba,0.06543282862822183
0e9ef351ddbc9ab1,0.05359675216041625
2902b3339eeca5e3,0.11724507336333488
a7137a063b883e92,0.13530876747767895
b733ad3dd8899d06,0.06990169822247032
44fe9234ab115e2f,0.22853806158302603
000b03fc8664c7d1,0.04117892915350866
9020a01496eaf633,0.13147245529032187
53b7a21b0f4cc200,0.044670279572503274
20cc306cbb1c6bcc,0.15882246468805283
debcfcb981ae0125,0.04823132376381985
802bd1039c3e6a1b,0.03886303441914648
5f5c21e0b6a4d4a7,0.06301917610196142
4e1d92bfbc009b58,0.11488630751199566
644c03f056f3bf9e,0.17588985657281436
3b4855d86d450661,0.04195711507743525
dbe1c9a9d3e563ac,0.053846019706318374
2fb49e6e63bbe8f6,0.15444994783990817
2347ddad2e1b095f,0.07839550528235609
e315a627d1ca8573,0.1494912284288002
0558a476ace81c15,0.09892727964319686
4426fc96456aa43d,0.16351290139318764
ee5092888f963b26,0.06193944543566585
57886ec9ac1bcba7,0.16311235470180155
69e1947ef1a19192,0.1351714724878253
af29d6fac97c87a3,0.06780380311674826
6952926383750b48,0.0800182787228363
b6e14b919c7ad1f2,0.05860626106497277
8d09ba7da0267580,0.13880691435668763
40e7e13ba421c25f,0.04757484144994087
c3d8677083122b80,0.17953002842153487
e41366313db49145,0.05172729035683318
ed95e31015c5959c,0.11111837837421583
64f0bef89a702494,0.03949888617516882
81918dc774b899ca,0.03685175650306564
dc9dc895fc8368b6,0.07539952354122703
ea0dcc9add9ba8c9,0.10626969252983032
c45a009981cf2faf,0.153269552583013
ee4eee5c2cad18b3,0.04895416915435082
4b8886ccb99d4b95,0.1092319613541945
a11b7637d21059b0,0.05249668349202981
ae6bfde3685ef5dd,0.041317905985934746
095f96ba3b90f727,0.09117392491991402
c800465fabd83658,0.042158973204802434
c75993f60039bc22,0.11194542348297226
15b2e13c51d54758,0.08565855845299335
cef343af7e936391,0.11103892177607896
bb9e37137f42fad4,0.08158412669671476
b6f54b152f0f2c28,0.09725900646119695
54548a1370ae962d,0.10036510000289131
774675091e96f38e,0.03752142443049899
64db0198c907fdc5,0.045465075426854046
ee3a2eba79a61cd2,0.05110651388598383
d87ea92ca2504e8e,0.20579939781651518
493f68967d2931dd,0.08123230265919108
33c5bd3953cad989,0.08678207272741095
31719675e9834500,0.06313311134055508
283d0d3d8afdcd48,0.13263645824551618
0954b46131527b56,0.038817924828657716
c7f99cdcd74ddfb2,0.18664894871254578
89e81b0750c67025,0.1295975309413961
ef2e114a293d6051,0.0496776222275372
3eaa82eb74b0d2b9,0.2530110711007939
f115b5827c53fdae,0.22083382395479473
5b981d50572234ec,0.09158059041261091
bc2a7ac2fb6ad312,0.14822278350217144
cabb5fa14742de79,0.14565841730896992
9dcd899d3120d04e,0.045261542060960336
5bf75dc153469005,0.128026817919579
a99c57a3cfd238a9,0.1747465940243022
7d3c73f6e6251236,0.1375724944148079
79c824cab095ef0e,0.08675054617085201
50457f03b19ce000,0.12436828030752033
72ea29c850f97747,0.13302405285656
949aabf35ccb0c4c,0.1087309248203269
bd3b7b9b5cc3a346,0.10556786259851325
581ae7bcf533000a,0.04749017879733564
f944b728b8eb9aac,0.10135850858640152
6add937f4476df2c,0.10522333744860182
478be273b158fbf1,0.04437011342649441
43c1856ef31d1073,0.1635929564686621
8f97466fd3810c1f,0.05718959916354652
3ae22b8a964781ec,0.09198648483666234
82ba55bfceb0ffbd,0.07554544866895602
5966bfc14b304d05,0.09595622147366686
eedd90867e3cd9d4,0.03207775631638725
99db9ab5fdf84102,0.04300131407870855
6c6761878fa11c78,0.11048556846344865
731bd2e8496a9b0e,0.03838408979338431
9f1fd83e49b82f88,0.2369462951534686
51a2cc12286941ac,0.242625218923035
7b60067efe8e7c4a,0.1630294934350809
7ba8d7a5a2f30106,0.21752604352232788
677aebcf5c57a29d,0.08315553636451195
c2e6810f10057ffc,0.10720199608131864
f770bf49e8b32f7d,0.13487425321862648
d999d97cecc80f08,0.12783927821895927
225695249568ef3d,0.30224627600206366
64c347ce204607a2,0.14489290071777328
8b972fc1665f8aff,0.06731141258470912
fd3a180f558ad235,0.0945728024586038
f24ea2f162b99780,0.1488879378855503
71edcfb193fa3be3,0.13471419149502575
4507c7c846e862ed,0.06472996638931226
ac51d145f495fdf8,0.09272548096639838
3ab5c54552e9add3,0.10527053727555208
0e545a1fa4aecf83,0.04581852489797818
19eb7f93e53f33d0,0.07759125681376028
f4653f53352a740c,0.12577541076493554
c716d718820e66c0,0.060034436234081966
a8a2778b42759e84,0.12591004546597034
d632ca08f997e38d,0.03729412011207101
47c56ea6034205ca,0.04510269963358466
f436395245784b88,0.230218788353091
ddb7078278325022,0.0562660235297297
1c24525f31c1953f,0.16200061510363284
7c7e6ee56d6ea5c1,0.146356725997332
0e67b9cedd55f492,0.05573166539234954
a585afa6cc802221,0.05733298840575442
132bdb2d81abf434,0.0911588685355655
cdafcf3dcd774b36,0.1097818722497826
5694f780d2c8e463,0.03789072952946384
317ba4057a04aa16,0.15695987043666929
a92ae25f2defd1f4,0.1187130407630117
ff0073be9d8669a3,0.17625738008827602
2c4d6fd16e7da4d0,0.10907388530924236
e8b93ecfcfcf69bf,0.11037269712201862
aecdf632644c9922,0.14584379363083777
0f4ac8759cecccb4,0.03503573857332266
ae0ed79b3f56091e,0.10139981950463112
492dcb545fd160e3,0.07185289709477667
b6feaae9a6963540,0.06738699258046982
10bc80bca38b6418,0.0704613456508752
d8bf52f15b58b474,0.05162316412995496
d590d13d8a0daf0a,0.107269726319205
bafce96906ba0c73,0.06939513669425705
15a89b9d9a174795,0.08596029360112645
3c895a00e202bc6e,0.13813547045639266
62100baf87d531c1,0.1133329163192644
8ea52f2642c87cd9,0.09457418582046812
78bf3db367f46ea8,0.18860719343072682
7303626be6419b04,0.12519613862353274
86f2e3f9f88bf00e,0.24528224256439696
39921131b7d48cf3,0.11178151361581619
7c06255c489ce455,0.18244914215637426
2a0f68fcd60099b6,0.13362577599188097
968f899504b28211,0.1118114300769579
98dd9df8fdcb29f4,0.0795482395996149
ed55728c47c8b666,0.05125935824884659
0e54abd540000681,0.16268535613399804
2687ae2ad26c6497,0.14454370669212718
afe3e3f4edc8f7b7,0.07344967186585791
3d8ff2a3976b69b9,0.08367304586484717
13e6deb5f77cd1f5,0.09325822740892556
8c8711be796262dc,0.07572221703869919
8eb1ab06839664b5,0.08437566526569984
dbd58b32bf776c26,0.04987229919536978
4be0c2fba004271c,0.13409751398364197
a0f6b49ec1b86bc1,0.1390772507751383
3b33e5fb16341fe1,0.12184409686712508
d39f326ae61cb937,0.035385943459719765
00e28c2a11d38c61,0.16135283610180226
a55c74a9759fd56a,0.043415619170280584
8bfd04b0788122e2,0.40859349105009823
895776a9cf9c8d43,0.08687139257729201
7ff187535e206416,0.23074258953133306
b2d991e4147a68e0,0.039838491062236504
b62ae246269c58c4,0.1582754201170251
b8af731f19b5c84d,0.03031302460559209
19f5143484b38101,0.13974273145841976
982f6a3f1bccc6d4,0.06063926905558935
2cdfb20347feec4e,0.1712090834813518
5b2d62e736467c16,0.0744619934320892
f85bf07959deae92,0.0613777062878565
8e923fa1dedcd01b,0.08547243929413458
93b3dea6a99fe31a,0.06793477385163124
8bc3af23b3d5ba85,0.058085330341251185
91db39152bd6ad50,0.2234354410176266
d911a9c74b505826,0.14965578396113619
0e53e628826772d6,0.04470170001041041
14d7b607e5e3f0cc,0.06774985155929956
f3e8e3469f0aab7b,0.04907041921770729
b9c36eb092bb275d,0.10471540652169119
9cff3e265921dfed,0.11279586966002059
585bc81acbe5b1ec,0.038531993878630016
15f8e68c7ac23dec,0.05947483678285094
a37b05bbb09f8496,0.2098738602519266
4f31f80a263d61dd,0.04658864695274677
6a3987a9bab31c44,0.039794000262515124
9f59a5ca5ae6d119,0.07158325931807578
afc6cb824b3596c7,0.03938004365545034
64dcbe6f4ac8de61,0.15701996024729137
1fcaa5c3533f63ca,0.0542543279485698
a266793e0c2619d2,0.11812999320399878
598af3378495839d,0.08043369671704124
b40ecfcda1506387,0.04929926327163818
22537a4c1f1cb22f,0.06141910172089282
8c5b78cda30c225e,0.11364919809627427
3239189122d043fe,0.07639444374421935
4b34859a41dd8627,0.06448922551153295
7577c8941b2e888b,0.033318979377985516
8ef15229dd291883,0.03635020637544213
3332780ef14cd99b,0.10875499266371705
f93d1a6ecd62d897,0.13202345612756605
9505f55ac00dbadb,0.17011299953355788
7c1831bf48bd728b,0.032644969967349564
17cf81ec2dede54e,0.13888541116976177
e84c6f3155ec9762,0.2983392727589222
e894ec9e0ac2e7a5,0.16874488231216134
c307472500eaf782,0.1549079327398151
96de47679c4cb6b6,0.06356607123272516
e0dd44e7040c3168,0.08013693744893696
bd9e6bd2fcf5a54e,0.14916772215387097
0382e0d155285962,0.0856029831723456
509eccae9abde09a,0.14774874516471537
f2147e0be04acf5c,0.09883509662569387
f3a6b01cc0938196,0.15755108492998737
c1956069b7309004,0.06913278264958583
2292dd5e617286e5,0.11621487039143218
3644d81639ce9f29,0.16763601687307358
4a5bf3e5c85dbfe9,0.05006490043509296
095a4f241c64795f,0.14924706670288307
aa45545b6df75be3,0.11433190983345945
ffda21a7e2973492,0.12354929069917933
662adc1ed3e8fd43,0.10090193459985329
218ae6cc5968ab6e,0.16880195915325275
316379f30810e1c6,0.0781372746729641
eef8a37b8fe20ec4,0.2703970627754051
d9a0aead3407db9e,0.13241579652633628
f0c65e7320950a84,0.13105014643750046
4625132a59dcda74,0.21404425891270334
ab1c8b0c3967b656,0.19962766496442358
f00224def382933b,0.09743805775147417
090051f10ebcb768,0.07489211081950375
2a0c37f157e82f1b,0.0855075839685847
61914ca3afe42c15,0.054771320916544165
a9fc0e9ff5b0e706,0.042918876330634556
f548f7ed3074067e,0.07209767942910818
9aec70578372daed,0.04809620288251077
fbb0734a4e985290,0.041227288501018436
a8cd11786e7fe2b1,0.08153199402982546
6a4338f210f336ad,0.06522606058021116
cdb63c81014bd072,0.07202424901269142
2c5a98b60450efca,0.07359327430282445
2337a75838293036,0.04500618862924771
a0ed386ea018cce6,0.09700343165166403
db76609f02b3bb31,0.1505926334746741
597bd387a63987b9,0.18710274923684447
bc7571c47a54ce9b,0.07672073526312445
547510d3ce221301,0.13421522919222983
8e84181f60b3ec91,0.10833913924519231
13880ba898b8f597,0.19217798455163265
9ee1fb0201512e8b,0.17484058795123697
48aefa3d80da5764,0.07637314586009822
498d517a667856a7,0.09608241058501446
f07b0e35881505f2,0.05913148488595308
1df225f3addcce26,0.040312621625234135
84a772cbe6d216a1,0.060592189012947315
f0e4a70f82f01004,0.11592728870916266
3b639af3777f4c39,0.036614267378819294
b9f77a4295400abe,0.04015303396763723
7d646e2fd78953af,0.04012097908317601
4127b246e0beff6c,0.043238733667788826
2321d1fdb21c809d,0.06813824435533762
9936f8d7184f5e10,0.0338267610262322
e2e9ef0520d08656,0.0558702604631093
0aa9b948dc8766c5,0.04354487397831598
d96df85b5160b1a8,0.0609360719898186
3bef9584524abbef,0.11343063074992404
806989faeae50571,0.03190418968769915
6fedd263e1290110,0.10262202183743994
5762314e60a560e2,0.21535728674558074
748cd550549c514c,0.10062006308668507
58a8e997e2757de6,0.03243447457941427
c13887db4b2ded8d,0.14454544795685587
eba0106899e8fdf1,0.16891291275576398
a947c7f89cb176bf,0.19244273226055003
4ac4a17692a2a70b,0.037155849832731326
2fa4409e1b6a3d85,0.12901361853487914
a783eca691369f3a,0.08870195826950292
e6e45dc137aa0511,0.034656278420577155
c589fb4e517e579b,0.08656983066092355
0535f48557a68402,0.1242525518715735
48e423add1624f2d,0.13263169567783134
d20110b1a6f20e55,0.04545815794526127
739f7cc76c78d0bb,0.18345836153277129
2d439083c11f62ae,0.1256155310677739
0c74bc780e465296,0.04780009617889013
52294576789c8ec1,0.11075929425017458
99b2421c51d37084,0.0518797385308339
de49e465a4c970c4,0.21853586159846827
4c88fb93b8d12270,0.03902874345270045
dcce15e3b59d9796,0.05987124851184607
b8e0e09067432f1c,0.1619939914118996
962f882f18c11d46,0.06492811461881946
34753ee28116af4d,0.1309886275842871
7c71a6fe87ccd6e2,0.03911299873533657
7ff97e6a175132ea,0.10741034457601037
d84022bd67943384,0.11099892025835245
c270a677c7614aa6,0.06619619609996523
1266e1b58e87a761,0.11871995397601548
9fc631524aa3372e,0.0586528307009158
88da969d80daabce,0.1365467517065167
9c5cf1807334358b,0.06245008964716265
0e5706f9560fdbf7,0.08044280446947691
d9db7cf658a35e31,0.15684466879700948
38bb0629e63b6590,0.09539786737111745
726236f75c9de724,0.10911395080612694
47ff559912cb3714,0.06048412338113004
bd567ce69cb8cb62,0.06568379061912556
6b7338c16e1db627,0.03695389236986673
2e47f13eecf939c0,0.06965512882856968
7e001225afcdc58c,0.20034402877627686
b0ba287dc9f94b2c,0.11912437894619904
07be300260466f0d,0.048100550633924447
49e2abe2ca234745,0.16379560684948505
bf163922b4b12745,0.16212203902734257
aef9d385e9ff8518,0.17204741013431452
3e364e82bc780650,0.22819703120865684
393a9aece2867c5d,0.0739267548346283
b0519105b55d4bc5,0.12633207753399506
c5a4b1418dc4e412,0.13626632361403235
ae000e40b4cdbc49,0.059259715352609765
bdb4932474ae13dc,0.16472968419064363
54ab20f1339d0955,0.054051634829329384
bb6cce3b0b6744fe,0.05324591269623618
0d04ac4d48d1e700,0.21557248348649088
6e3f51731aaa2c77,0.08397273420754303
783b7b163b234e5e,0.13749902725182583
bb6501e8f6ab95a2,0.04673274201565977
e5f20b7a540b7472,0.06529261292201308
726e2ec81830f724,0.1294612047462422
e8dc50204900e975,0.038358423522262146
1334006b9c4f4ffd,0.19640139669994733
3553330b5c7e6092,0.11042687605388495
e1a3e161c8b2e221,0.07706357581540971
44e747740cb4260b,0.03292638509096482
00202304b4481207,0.15664880378095247
931eab5e85d6e3fc,0.044375372782232976
e4b8ca3da3eff8e6,0.05746325117464314
103e5a44f9c30ed7,0.09694516143404042
448d40536e9c5670,0.08210466935138569
1b4d4b42760e781e,0.18575278145553206
e0b110d4f6844bbb,0.13472545412056317
0d928dd7f13b92dc,0.11458364089997888
1bf6e2dae324cf0e,0.11182088399848375
b2a17e2a9337f111,0.20864077396550193
564d7ef8fb681d94,0.07906777389317388
a2088d882fb6d77d,0.17609975581562914
3fe22caa380445a9,0.1107186332251324
2b3c171024a98155,0.20462102452440645
2014d23cd7792183,0.13173993510147633
fc996643d63f02d7,0.05686526545935207
c8d5c605e447f4fd,0.07460523389651054
634298df42266b22,0.06201565286963914
5c8cbaf8b4d39f57,0.16924289232516976
a688ddfeb76eb78c,0.19229655216933306
85a12cd29f47007e,0.04826618213005192
a5e1a3f8e312e1a0,0.03825654114738934
29e076c93c2b7fab,0.15654226469499988
71b7b90e9a0b70ae,0.15173228123200888
11583aaab15330e4,0.04173741129756195
5b34705855c1c880,0.10270234086941198
26361ce2a06897d2,0.06198470797019125
2be888bcb74be336,0.08499943352027232
fd96abe884c43d6c,0.1486542275980306
165fc0b6a160dbd9,0.18390464445988947
b8c8c114a79ff453,0.04022207142220761
e22746fcf084642c,0.03678834040390666
3fc60942cef4b9f8,0.14268160346580813
c78a85aab85debf8,0.10450628700629663
9c2166227724c80c,0.042931459290401416
e0291b12205c2c68,0.13251354375781055
307b5de4b89748c8,0.03488914664331662
b83469a7d7ed138a,0.16993535759289422
4726c5e084cb6f1c,0.10891341628668318
33795c308f648269,0.20843884016660302
d44b56532551df1f,0.1415949796387965
7db689f550f62666,0.07498697892887105
c64b1df6de24f982,0.042976007360429724
d9685a6aeee511e7,0.054987323527460816
2c867c13048a2311,0.17510317204915626
b3f36f5f67857959,0.06613405383547237
c8dbafacc0fb77d3,0.10560403243777956
3a1b2137777bcba5,0.0377430710522207
c9627e77fcbdd360,0.10893234392478363
cf4f6641c91382ed,0.05835187257418474
fb519c3fdb753245,0.17983891621987588
035449e62c90677f,0.10000363436290105
5201d1bc5a7cf0ef,0.09641371550423403
01ef09b451cbddb0,0.07702209394262814
b98e367af7c0158c,0.04000618786016337
bec6844244ad0aa4,0.09072828824793219
ed82262b135c6e4f,0.13968104703639023
67637bf7061cb7b0,0.046354233039233125
96ef8b85b60392d5,0.15812238937328874
fc1b0a61b9dd082c,0.10193236790229687
c408b4beae948cc1,0.05878741013572
f26323206d284ed1,0.0957471459390993
9214caa6c1a0dc02,0.050781656890786044
591a28a3c195b6f1,0.13362191028694897
9cd8a8ffb7a9e96e,0.042725754501393196
7ce580a49450111c,0.0553129925191358
abccd8c43775abd4,0.03851376303872361
5c6acd44464d3db3,0.23274439787966222
b0e58b3d4a2a773c,0.1887005731214172
eff75fe4ffdcb49f,0.19250241116684946
06ac1908fb89960e,0.13213351382808355
6e61df7259588c80,0.24902222587640518
87752778bf4206ba,0.10378734879925336
2fecec0b55303222,0.06509156363629343
d57c0fad9eabe24a,0.14718043593519864
93cc7546b8c345e6,0.1952633429333418
eb76de6938c4c38e,0.09284705532300958
0e733a579e63472e,0.06423951298237933
e7dff8305acefcd5,0.06104816239864026
23423479e34fc441,0.1743182724753925
3f66f582c2bdc24a,0.10621411441425768
d312e4d7fce5fa01,0.11368269877801099
c04cd9fa54077b8e,0.05891989841194489
04b68ab2f6458e33,0.08472021972374966
35665b0fc6847811,0.11869401771067914
9028f284365c7863,0.08276610447245634
fa23926a88284b39,0.16191380150186277
ff5e27f506ba1ffc,0.1111576001926059
e6a04e92205e9e33,0.13224023372314553
934c2e26775faaec,0.045647512797764765
35403697fd72709d,0.09008238744109197
fdc814fd85f237e4,0.1246069883144554
bf4ee2f20859884d,0.057819565183794844
d2d10af48a354c4a,0.0811338645631324
a38e463e1b086d42,0.12449721942005648
ba49ce0117002110,0.09453479647590848
d5393f1776772d2b,0.07886400062394494
80a6b6e9f65aa3ae,0.09812311220121583
d84698a77b768899,0.03838077120805889
8d09ae0709d01465,0.17029789947904692
0ac53b64e16a0efa,0.28831472493435506
a632a91a07ac8406,0.12249569271021557
1f2437c787ad39e6,0.160505373915263
beb116a0a3ad4f5d,0.1577118938826566
c38f343ecf8e9527,0.06302995506074197
d04bd8d61ac99c5e,0.06129468206257385
6a279faa81d0684e,0.07450229713790625
1b49b1154407ea05,0.08974549464828588
b71746f211be0a24,0.03250488385498438
bbe0b7fa6d60f17d,0.14889856175127453
c9117e785fa1cd68,0.038199863651858616
a700a6b3a689a18f,0.08994712488821172
d998a004d828aadf,0.1754651589416777
54cfb8bb56897eb5,0.15954331140473058
bafd504785d302a8,0.16918796370145966
3f45db97b95a3352,0.061771832291896894
2364a75ca729f899,0.19822498800771976
9387acf4770f549f,0.10987224444994373
a434422326289b00,0.03486709503420988
8bbcd05afad8573e,0.22954121516046172
82fc48f10b8d7cc9,0.04941215970956998
65dd24b31c0c4067,0.11674393531476875
b25ccb8b682acbeb,0.1169426121093342
291117008b4408ee,0.11812399273929133
aae3422dfbb55bf7,0.10232496965509388
d436224afb38b7e2,0.08503471082329647
1287c0ffa2f14635,0.07081125139678006
4feb7edca163def2,0.16135972622992903
00df2416e72cdbc8,0.05786912995147563
e51c757048ea36b0,0.05072191033656701
59e45992c3fccfa8,0.10516502333279124
7b44475e4e2e3b92,0.13180978754886172
be457ea8112e2391,0.12476642534813628
1e4fd1293a611d2f,0.1174260712675583
343371989bd61c74,0.11291794300628902
6bb985812e990044,0.08166527728666736
c0be9996bfb5270b,0.07268719756028799
bb367ec1a239b8c8,0.11769643661020472
91fc9ee0920431a2,0.04804096169279425
82f2985fe6157914,0.056677838798946084
eaad7a9709bacd50,0.12179349240425097
1bb729bdda8eab4b,0.04240153873827404
35320f198f2157d7,0.04718029553180539
74cd9018fd2aa194,0.08204194034898055
fd091b5e49f8138b,0.10698305701928512
917e088d530b042e,0.1841103597724287
b0e606a7344aea7b,0.12177644346051107
c220230ca6b46d2e,0.10109599832381116
2174f0850e20c2b1,0.03833894954210975
3bfea4a031f46e50,0.042220391197090985
22199945c8b6f01d,0.1684260493968346
efd4e993a8d94f5e,0.10078694267636758
acad3b0b2e72b212,0.10095284341761494
1a33438ea9b6ba09,0.08359761201260489
c9a22295bdb2b49c,0.2360574410557816
0a24b5a0c164f36d,0.08722797457754689
12b662eae7ad89fd,0.07332723423977976
788a4a1a340ccebd,0.16211195605683032
0b6ebec97e53c571,0.08364943626202775
be4269de80d8b34b,0.20316769221055425
ae99dff2a596c7fd,0.1377480110670378
1cc563af87248566,0.14382098660197068
95b03e2a8add3a08,0.08216722420264246
bde7f9ddcf827170,0.04118260183073869
e24c4af855561b6d,0.08133173556867435
a1ef8a44aeab6af5,0.24509083387793262
2bf2e0d5f713e9ea,0.03245617553298369
6585c55605f3d692,0.15659357917123948
4a44bfcf3c8bea26,0.037957068342623884
78a21d5aa40bf4bd,0.0623565201938155
d208a68d90d83d1b,0.08663840801744783
fabf07be02cadf0d,0.14670758940634168
3fc8a4ec51114a77,0.1309121817630076
d8da2f9a640f4e03,0.09620526864306353
f7a8212a941af65b,0.025431863037640244
836c933a5cb4ecbc,0.14712840296756785
e292f252eebf817f,0.0930090507150085
ae7e8b931e0ade53,0.21757690064095223
c937062a293ea0e5,0.08425476667605866
673793020f42eaf0,0.04651965160169783
531a753aa5a10879,0.06554546598744183
65613b893147c771,0.14230588457469423
a3609d34533ca6b4,0.08528857167633645
c9eecf5329211123,0.19207906902515462
4e6d4f733588a212,0.13199060974594443
95e0d5ddca2118d4,0.19851271455227598
4b071534952c920b,0.07031058701073203
f333221664eda263,0.060670565500048096
8627e41026f74eaa,0.11671057829713159
789f4695cdd6a417,0.09453456512988508
908034eabc372b99,0.04961022182632051
984bfa387795ef76,0.15334553108010499
91c8e8e6f637fb1f,0.13584641532514044
363aeba9c072e960,0.1461802059896457
5cd6915b98d723ff,0.09527290393284185
20f027368dbc60fa,0.03705856806200683
a58841827e8017bb,0.08028206963192794
ad9e6a299aee4827,0.11856039880562907
fad46bf569ac7443,0.08092433293590785
0bdec115af64e996,0.08932274117647863
e78e15a02aa6163b,0.2103483846340534
94c1b40d53f1c78b,0.09357685032895378
c1dee5b6d55fd7c1,0.20093866015204662
502f0c8494138feb,0.03415977955506409
316c5e9c86bbb645,0.04109300768485517
c5624991cdcf670d,0.0684148192062806
e000077bf8c8b49b,0.10125611654471302
9a36d5ad49081233,0.04605346057068388
e4ac16a92daba7e8,0.11873954414800672
caf1ce5141ffb34e,0.03057085045691029
d07bf091bf998e0c,0.1025944518084552
f230be64e9f003ae,0.1698059695806179
fcfe55e0768ab257,0.05384735823070182
ad04ef9c94f25ea7,0.0515330110342546
b6c3dc163008115f,0.0682734277003635
2a0af6ff3489e003,0.09243407180821314
5c098958dc2a26c1,0.042753144586772984
a802f6f7cd6d7b2d,0.07474008706818644
f0897866ed523f60,0.13199839353651097
3c1071f1773cc7f2,0.03384569440020259
5fb77ed43c58e517,0.05332474856686649
3fbcf72648af3500,0.07333557716796898
64964fe3e34849fb,0.06071294648662565
3d3b19b2da76dc78,0.15656420448214167
69eb4e47c0f3104f,0.14012205739404243
1b55daf09e9f129f,0.07232130798968056
853fa0b67eda4e6c,0.0447038674613949
636b3bfe96c8c67a,0.05423738964237308
51b24fbdde490535,0.05843080196140779
b80f84359d81c98d,0.09733220151782182
a865666aeb2b82d1,0.04216789250557995
08fd3d5f06273089,0.03558120824517584
cdac52f8c24b9616,0.18121256826285928
bdc841da585c4a1d,0.17210531438568535
8858154c3efe65ff,0.11173963103294549
29f989d45429b9ee,0.14958394122040236
b97dff4909968aa8,0.03696728114006744
69c86328a89e4898,0.042312429099243584
2d50759601edb9c3,0.14206109285097646
134be78ce02d48e1,0.11311940961386278
53b540f7c8d16cfe,0.030576387496353774
76d2e83b30cca3f9,0.09322762767915861
062167d4ccf76346,0.16344582364302682
84cc2a48661e807d,0.045630365939845874
60f1e251520005f8,0.12486903956735805
781115a32396b4cb,0.05861130689432205
4c1e17c82f4cc326,0.14437085826551083
b602ad5debd51028,0.1274857977139313
4d9da053a872a970,0.1434123897123308
95f7ebe4304bd2e4,0.18892470086360752
67a8207cfef9f011,0.30617145094745696
b1c3468185b9514e,0.14318884406882634
f80ccd7ace26ae4d,0.3542458885790473
3ac147039aaf4499,0.05757556360136313
fe5cd175ea7fc09b,0.0417536184468173
9026d2936cf2bda8,0.13431112363481537
a4b0e01784fc7cf8,0.133125908053393
43c462b48d97dd20,0.1050765606284205
e36d0189d20a7617,0.058541674449087505
43c3586991f4b403,0.05918821598603712
009e48f2b32be557,0.033267167844280826
a1689ef168f2f333,0.1922845762948927
dc310fc66470ab07,0.095389585867576
bc654d187751fe04,0.08427335679113934
247e62af046a99a5,0.08438749268069366
48f2f9556bb2ad1c,0.11730398570748035
e604b921624a200f,0.14977955458726155
e46765e152f7daef,0.13166383315062974
3d183f0c812b6d09,0.10746844820991014
3a7275f9aeda8305,0.03512640629639835
1d994aeb47ff952e,0.045570662449636236
75dd9cd1bcd35d05,0.039394534064758124
a976b4932381b300,0.03344882173130382
da2e39ced8c0afd6,0.04461782532079014
c77fd47bb1683f58,0.14204991617600699
ceeddee046f39ae0,0.04351654446855902
cc50dd12d1f23bac,0.10259618961656689
8b73f447d60fc992,0.1227719309380561
dba1029662f0c412,0.09281972510596288
ab65e0876504bba1,0.1185068975124706
00754e6b5a7298f1,0.03424879849010649
082f192c053e5283,0.04216952957063845
4cee8c7c13d1afe2,0.11198623572609462
9ea9e3c8cb3df9aa,0.06355934871324521
2caa75dd78c01d17,0.18759111483543417
42ca39ab5466bd19,0.248176556796281
939ed128e268f834,0.05016902222467597
e452cd65ed19c900,0.10925103595297059
e5ee2d79d0c49d1d,0.1864014915106069
ce0d423deb82f2f5,0.051323787233653384
3c30319ed1684972,0.09831213827051591
18968bda98628242,0.13107757537653403
9566631a173d48de,0.14655417982357158
01d78d3ab164da20,0.06662884034832524
7245800926a4112f,0.12978476706471262
3fffc62471c1f18a,0.1810041752855328
3b530b29e9f5617f,0.12733505635788447
65305594301ba50f,0.14090233831512342
593ee003a4981c15,0.10073751173854896
f79985b30220adb1,0.14398721422169444
60dd8dcd3a1d1839,0.14766518161256445
288aaae44688b015,0.14710844211001864
8a16369cb4554d3e,0.09015411239106705
4e49cf49f79e1181,0.18292786311138595
1a6026c94f49058a,0.07969867980645276
8c29813aa363f889,0.10730997210122362
5fcc5826d5f8db34,0.1335733621636052
b002c58138c724fb,0.05056640173488772
62a918db11ef3076,0.2044126860067147
8fb91f382ae2782d,0.15652557465570416
af730eb0035cf0d3,0.17358981588709005
546fef357d2bcd57,0.12688139745556065
c6129c4b99d7f4c6,0.1229629403352474
7596069ac38eadb8,0.06418513680225664
9560c8310cf23dab,0.03328104658799593
ca1acdabe94e042f,0.12283004949135043
521f9d2193473fd0,0.07158719664913542
617eda3b96abb577,0.0743239046656891
8d735b59dd0a4270,0.17962927130656492
1b405139fc287a40,0.07314331530694401
e621733719a2d775,0.14175211175429114
95f4b0d76e779b43,0.12219699221838218
bd6a23cab176ffec,0.0386308552810666
3c5fadc2c957c7ce,0.16489917605025217
37cae1b2dd3c1330,0.11787842163489698
0fc2ffbd9370b121,0.0866010293690252
b31de0d8e304eeab,0.13698437221953563
5738bf5ea59fcb0a,0.12499693918016735
402c7edae37bcf39,0.1269986882115939
1d79e32040c6b05f,0.20239160224457764
bf493f6f4a48b2ff,0.056194138121905636
8530681352913ce0,0.04681123722036275
c79cb0e184ac42c1,0.06239727599763337
32ecd92eb352979d,0.14597980249219303
c9a54261284070bb,0.04928460328883618
e6c2ba81e397e33d,0.06126939158382696
955bdf4fc9420404,0.07293913168894588
b180a78e50608ab9,0.08760552551644803
69484ff0bdf4b104,0.10128345182153235
8d62a01ddfa11fe9,0.14726319194867626
12c3df9b72ef96e5,0.05248121911367751
12ccc513557a0656,0.08529559637705975
2aaa9bc35f4acee2,0.3205998981080577
e31d14248a98a72e,0.14543049748043624
1058c1f47fca2b81,0.07225406096788763
02ab14036929f70f,0.07710097177018913
6880fd1518aecd04,0.08880903772663969
580068eee74ae5d6,0.04019946881894197
fedf1e1bd320672b,0.043487426757834985
d47c1d43f9dbdf92,0.0723503216398818
8a7fa6c84cb2b0fe,0.08188207370193706
089bead0dc0d7c16,0.11369116804442317
3f12eac5d776ac9b,0.06210157567541692
2b55254bb421a326,0.10122027746936205
16721efb42f49e40,0.1619119335982851
87ada6cbd040d527,0.10365466462714235
c5c4d8e14015f4e3,0.15579947957070983
5d499b0e085f025c,0.15149249271359136
183039182079fa48,0.16332068496698343
05d6c8a5d3db19c4,0.15547238775602285
4477fb4e0a476ae4,0.14533880557357298
3965182266dda565,0.10076282238489237
72bafef29554438a,0.10402083899818831
1b31f23c3e55dcb7,0.10580944392227984
66c42c9008125f10,0.07977179049891818
5bf14b82c919f706,0.087858812081024
2c7401c2798c92bd,0.08015436063121181
4adf517216b1dd47,0.03782318204355451
26348c70727fc713,0.1981058961090651
82c1c6b9b0ad498d,0.10698694110335905
1365ca92c2e04031,0.05126639172502044
9edbc98e397ab4c2,0.09571973948232243
1059c066d6e0626d,0.03310797683953447
af993cc3ac374b83,0.06043754448377693
f32194afe634dbba,0.10364774957548012
29de97ac80feb956,0.14246047636872794
e5fb185d8c6181d7,0.08388202653013432
632347c0452d889a,0.15348497137271191
35ad7b818afa2cc9,0.17657876749781456
0e9b47d072e9f5d9,0.07733784443845873
4b2ee7a5a4d7d797,0.1182830852026962
793b579534d59c3e,0.07236919817605911
3b23c46e8aebaa25,0.14177916670535579
f68b741461469ae2,0.0346740207054736
79e144db8265864c,0.035064854885493595
09c4fd90bed2d748,0.15249177399392733
2215efb176105acd,0.10674522268715607
b4a9877c6c234878,0.09393372610585538
529f75ff399c033b,0.16724327846772027
ad20741d26dac628,0.18137840315531004
abee4fe9fcb49deb,0.048179604519613735
80bf7ea1dfa6b569,0.15587353977864132
7d637676608f51cb,0.04836457464983007
79855154621f663c,0.04073929263754445
db630a696b94324c,0.08058567871917939
2c87f55f1bd853bf,0.04640119319957396
05466a89f589fe04,0.3332721238641668
073f9b06f7bf95f5,0.04182766604706593
d8c52af1d9a0ab94,0.03964772594674624
170df691b9758d76,0.13769980035986512
098c223fa7ac1f73,0.09497480611339713
947d4f80370f0b58,0.08856560993509559
66196fa0af9abe3f,0.14031777992686756
356513b3059ae50f,0.10637233191652226
a951ca23d4bdcc33,0.16149587303996293
defaffd4e20a4c47,0.054472542075962055
9aeb8ce75c56fcce,0.04592608764272021
0e52e6d570d8f008,0.03895989704103395
d177a330dadb2707,0.04434585443878191
4acf903d98d08aa8,0.2116756938255239
673bd4205f6635b8,0.12334496100508448
17b635201a20862b,0.1109158135028033
e31cdafcb4337eef,0.05269770126466677
2f57ad23a2ad21f5,0.1395259333890821
8c76f3fa81c149a4,0.07887329810769617
7448092b980edcbb,0.12220001777334957
cc3891e28dd031fb,0.030833367782209235
05d416ef906cddf6,0.04093229684860728
d5cdb3c4f4965afa,0.059703274593165365
bc40575e98475699,0.04064241637748395
7227a9d91f309e1e,0.0744447466997481
f83295ed727a429c,0.04960100492446873
44f16ce1d7899c02,0.040171912347702135
219b4d22a5bcceb7,0.04247368532425806
5684d434bf545e82,0.04665930549454339
03d5ff6b9db6a1ce,0.08194792660301996
c402ad00c62dd803,0.04757906288611936
d384f2bb50d7321e,0.11859539673070628
865ca8dbe8ae9927,0.08941673250120916
0cfaded78f4c55c4,0.14182440888366127
c1f9c03f1f673cb2,0.1613797739200881
80784aef1b00a337,0.13757018540162674
2cc7c6c16592cbf5,0.06982884352710958
f816697d9e23576b,0.0787152673254589
e0a3063ee410875f,0.0646103785718781
187c083474d62911,0.08309310866530145
32fe8606c8a5cb67,0.1541739649446522
e3b603a450f69271,0.060032454359477135
13ea25fe500d74e1,0.10031360046383037
3465f2b92e5411a4,0.05199475650273648
f84c04deab8f0a53,0.17163289206478646
ce64b825ce5f48e0,0.04354078130399912
a03d161faa6231d7,0.05198209483203284
7b73399454d06d9d,0.04028580246337525
726ce1fc6c05064c,0.09726793335421206
0e660e2441745329,0.11150716597433788
d4373d25e109dcb5,0.16887838367395666
6c8ad2f1018079fb,0.035909506966047854
485cc002fda9b938,0.040758253469049134
840b1b00c51f87cb,0.030898301660025208
e7c9e19e247f843b,0.09654526021241705
4f97589fa05c40f1,0.15334427974089773
41919c492d55190b,0.15158851002497456
8fc6cb3936ed4ac6,0.10292305433900466
75e3076bf4b29ba8,0.06874629579563764
8357351f6977683d,0.0999305553216659
1a6590aa6c3d2a06,0.12394504900491192
6b0dae5047e0ba12,0.11438964169125748
6f8bc4fa3d91a3dc,0.05673054106721342
e4aecbadc139b9ec,0.07959193830554442
7616bb2872e18231,0.13753071332688618
f97102e411194f18,0.05064409689587178
4f25e4f4959ce4e1,0.059717693006202985
46d34ae6f3e900ba,0.08699519392239145
73e3288eeb552e3f,0.0403662938507267
e7010fbb2150676d,0.07163581477992151
cc2c1c680ac82832,0.04003357954230286
d025b02417a63fbb,0.1209505795678453
08070948781ecfb5,0.05038919120141329
2bdbf073750d4864,0.10539811887832856
2783928eaba81305,0.1563878870137998
51bcbc84c0f437ad,0.06480621991161811
dbecf7b9325b78d3,0.1864817307849332
39b3096dbfceade4,0.07816865421860793
4299599a54525066,0.16995696515831893
ccd92654fb1f721f,0.20112521210777662
ee1170819ca7d594,0.047402064567511434
c30ab4f74d33afa9,0.033383563417379906
40f10fad12afb51f,0.10605227455170223
f4e63fba51ec3896,0.1896498341701533
60ad4f8eda2cf6d5,0.2162661932882059
4dfcb17aa4236952,0.10692370516498201
2e54d9b1b4e00337,0.06822190612104907
47a9e135733c2ab4,0.09340969262490423
4b3c22d3da587d59,0.09586219109845674
ef89abef9807c003,0.057251169765903005
e7530eb737c85931,0.07624089824822995
dea26fe32dbe26a7,0.09792135738120752
08133a148f3d4ed6,0.12360416725379454
d39b177320bf091f,0.12680752038737142
c2eeafe05948ccae,0.12332390881022764
73c8d1e2bc9f517f,0.05706115917018178
0dd4da33e5e18c44,0.09744621347385415
25e076876a1fb6c3,0.21316649365560755
873d0ca47a7ce61e,0.11474428174841861
930d090798b9ad8e,0.09920781455901623
98e38baebfb97bcd,0.14672049071915444
9c779fba6fe0839e,0.0374972323716775
5bb1f9fc76a02c1b,0.07109512418917432
f83de39c4e518f6b,0.17602472304874187
10bbab1f08d2e6c2,0.032255712741626516
ffe63eebf605244b,0.35784762823652866
1e55e67dbb9fa1ef,0.09612596301742851
e53426cca968ebd9,0.13822754552179242
51bba86dd8aaec50,0.14353253804598132
582102afed3c818c,0.055136948505764644
b280a8fb8ffb9bf1,0.07462167567043547
e8e7ee8589574a45,0.07021739507147627
228ac1a17bade85a,0.07703648373564631
2bb37b0ac11a0c2b,0.10905247371750718
5588a1f5d8da9c77,0.06000877503836078
a46d657f4c9bc8ca,0.06988928891593386
7373ad47c61f558c,0.1825770141736464
0f1fcadf13eee28b,0.16762585026772653
1f8603bf90774382,0.24468324341012807
b0dc746e7f7ac87b,0.06846223544327665
82107223b7ff9788,0.12980521903229775
a38cbc0aecaa644c,0.06818949799378528
61dbaab39e7dbc01,0.036017001317816454
85064aac24d665cd,0.03356613955343281
48be998c9a3000d0,0.07606786602482096
26b2daccb2b045e0,0.17609998307851563
95198d21e3fae237,0.06184606575135938
b2a2d7a18404d7a4,0.13344150272508448
6b178de020b8598f,0.053034206650898474
38c1b19633279892,0.11388294032692853
186d5468edde7455,0.16639436310309855
4f33d36d7b629852,0.09951143329181802
b955eeaecbe25ef7,0.14088710744857738
39ad39dbe012b34a,0.18612323239796114
929e8e2af2403da0,0.06790417255950973
fa22cc093dcf1822,0.0441755567640642
f56ff6b1c2817475,0.04857875084884159
56b30f44349ddb92,0.10127553263841663
617dd77adea9e711,0.08208843031324935
4cd7a91de7bacdd1,0.11447451695986795
c07844f4e94ce116,0.23012580819180084
692bbfe3fde429f2,0.2141994371933139
6e8117bf11d2b904,0.0610317612321805
27efca94126fb8ff,0.047440803852790536
4d2a406b540c41f9,0.1797886447975885
5ca9c8756c163b0e,0.06262753399596263
c10aad8b54af6017,0.11306282295484224
60798b007f7b4637,0.052466522170451786
805031b5ab834e54,0.08326946882350013
fea6be92744b0c40,0.20607894740623756
284e4bea4a96494c,0.06874466698570636
4db0c35a634d4fb9,0.0575941741662273
351dca6bfd544a21,0.20888409908893185
c36cc7323d4f4de5,0.14717681209045458
78c350098097af6d,0.03360876189713802
1404eca61a3105b6,0.043427167138458886
2472a09a3e602f48,0.14365973526378262
5f9d50958df392e6,0.24784508165920938
ab8fde4ac70ac766,0.1790734384582838
6649908e57ee98c0,0.03921275489049877
6f6b426a42753b8f,0.06710888913167501
9f89dd1b9ea145e9,0.12128203317293032
d56cce1c1c4c9780,0.0629833386671526
fd794932c3ad58d3,0.02951238943524282
901c8562d025f79d,0.06021773065461441
2460966f3ca7d3bd,0.1382437486473259
41c6149d1848cad1,0.0665647788576451
2c948ba95eb3128a,0.1424415471053252
0263f07afc6e71f9,0.0463449165313171
59520bb39396ae13,0.1432526646961601
096e1b740c779095,0.09937475983471955
13bcd446b5b75780,0.0408507021815434
82652e7aaa1e423f,0.03858825867416844
b4c2a047510b1d1d,0.03652845389453818
8e95fe1172cfd49b,0.10194262263277337
8b3b319f1bf34127,0.17590119026782547
8e876b9274c5930f,0.0324145649983181
74c8dbccca14e4c9,0.1815551669151479
a13d2861af1b8b95,0.12065512796420362
3d0443784b9008d8,0.11367060502397912
30a6c22faea5d219,0.12327736793174761
8ccaf0cd13ec8d69,0.194509200006228
ea79b75b6fa4e024,0.08473308754627824
df41150fbde2201f,0.0966922976585258
6bfaf27148ca783a,0.12992224845719916
016b24ffbde9f2e6,0.1488237077771314
c7f17aea0b57c810,0.0364838537654063
1974cb4a4a5105f9,0.08916048223833302
ed6fb2d892b20325,0.07062344975022454
029aa7e7739f68f3,0.0677472120384428
1499ced0a7fec031,0.07531837724481932
1da835ae2069715d,0.04373753232273138
3b48789ebdae6cf1,0.09673770060582176
b2501a34b4204e11,0.06253337562162309
4e1bde0d2fdb1719,0.08268487836711441
bd42c11dc1ea52c1,0.03945341271824104
dcdd441194892326,0.10072392548968315
890cf601bcb4d1fc,0.15134944918741405
efcfd07026d6f75c,0.11702826707565296
6e5921c9eaa0bbae,0.06821960718835851
076e6b937f9e0f1e,0.1872140628829222
fe7aa6148631a52b,0.08091055615045578
0204709b122147fa,0.041807860141340206
3bf87c4ce9af3343,0.03529412729393489
e5d3cf73e07cb881,0.13909236892704663
d79da024e674f570,0.12202793564410315
f137410611053710,0.07609729232986777
4b48a5ea7d8db38d,0.056524017971913906
6e5b5708c1bbde63,0.13571875699341238
2e21f1e2f4f0d11b,0.061615658546516114
2fcb7b875a97fd67,0.12134062555269379
c9c50dcabb2aaebd,0.03794579986256763
ade709965be588c6,0.06123151896441817
e99ce68035fd1383,0.12024567290767446
9abdf47140639086,0.20753673480842405
c0370f3f688a69d3,0.1759643959071981
023ecf078fbcbe04,0.09369480715336093
9366b2145d9ffbaa,0.19297090802495445
907dcd98979cefc5,0.047411667262782536
1430d1f8417967a9,0.09516441976130105
12cf954bc6f7953f,0.1924832632295938
9f439978c3ff1caf,0.13397234540768158
3d566b52640665bf,0.18538012291631442
1da24b04359879c2,0.05894518962068685
5fb8e8cdc5a458af,0.08601286967298546
69f63de79af9dd49,0.12561701011409102
078cef5b5f6aff6f,0.15688595073422218
ee64ad3ef7cbc727,0.03899205136656705
30f789de29e44c84,0.18978245055424986
ed6dc35d0f6c3f4b,0.24877941115609475
24171dc6016596e0,0.15669404444340126
d9753be4a4ac4d5f,0.2085740985921741
08b18f56dc4a9978,0.10708933502623236
2fe99f58d73a842b,0.04299949220103557
231cb4b19f8ddc4a,0.037137599258623116
a0f57bb92842d2c6,0.07059316518659618
b451e5af95310e52,0.11792655619540392
4d5e3c273bff2df6,0.1211001561281842
69445874395ad7f7,0.04393155437562462
72d5eb4d04446c06,0.06436108930088685
676277c834acaafa,0.06550948252488684
345fac6fcbfce3ac,0.1102099132608982
77268d80339453f4,0.08524968733476149
0a3d332e3608b10c,0.17130504076052197
3d3e247d278aad6c,0.25954320119583557
c6d0f1503380066c,0.19013187863779554
a7ccb8ff054ea663,0.16082385636565527
d3b3fd3963b35751,0.18226943780730817
e361e82e1559efea,0.10119189110503862
94f03a339108fe12,0.032744265550079865
0d6b47fe3047807f,0.09340652691497464
f0d2a9398458201f,0.0511222057737452
8189ef648444f31a,0.13110984558087932
b341aa9047a23001,0.06778550400277994
0b603f589ffe5334,0.17418945053621404
dfcd5836b6d7807c,0.18611028458536572
c69510f82760fc8e,0.071225317725974
bc2b0e3b0279f394,0.043505771648451846
9e59359a937dc386,0.06699010236566195
9bd6fbbffc3029b7,0.0882776484547925
78533ed0a4d75031,0.09738187607883472
24d3b857d9ec7516,0.13017833004555457
d9f1874f6346d786,0.14313054247381923
6588a72e611a860f,0.04776108758334215
52fef00321899df1,0.15514862902156268
b3c2a81210323102,0.05920422055546115
c1501d30afd688d2,0.08641548322149219
2bd1f2fa8a7cdbba,0.05829802324441755
7472a7ac18cd8ab0,0.19259394539825886
b1dcab1c1027e375,0.1404145388667669
2add558fb5890d0f,0.03909796737836587
51a6b2ebff82bb8d,0.12419906071984886
3486d76917d26380,0.16357230254278998
7d9915dadeee6dc0,0.12690736537393582
1a5e5859e62a5ff4,0.034292049831921266
ba7cc06ca707247c,0.09932924678369746
3c42318ad81df936,0.042711240899919095
e7f32c62736ba8ec,0.09124157570862783
01970049a1d79ee3,0.16924910864134912
c34d08417ccc14e1,0.1177321683145276
dd08d7511ab95a7c,0.09399342769409179
147c9ed162930636,0.14120906801066876
4d55d8c7e32d9a9c,0.07236502367985777
1df22e6d0f4be856,0.10747385197419015
29e5cfdbc9735f7b,0.13393022053857728
529dfd620d6ee22a,0.06578628463303576
22b829fba260c24a,0.06599960981552833
712c502ecc45cac8,0.05118244653611317
2806f2b7f968844a,0.10061026034913018
1ff716c957da8f4c,0.03378967025672373
33a651d1e2266900,0.22060574925529608
01aa41460821647d,0.08189668215683686
2728591ac3aaa7f9,0.14517677272018045
62153e0ba99bfdc4,0.1565323749206578
a336835871390b27,0.07213358380995943
66040815dd14bdc6,0.06312448112297044
e0d8f324ffe3e925,0.1068277902348665
e7d245b8d234167a,0.06117985308427497
b30acd5fe8990b03,0.2528357766742111
8b87df65e3f61018,0.10544313569534292
92d913128fc856dd,0.10076061447074569
c1aa97bf3aa49c01,0.04794136270498751
37b85ed57524087b,0.16925194292470286
fbbd2368a21a9e6b,0.0884356615361335
39795c53fb16d719,0.07682265559434016
6d637bbe837caf77,0.12498254626582155
ac09426ca8b44dc8,0.21492793254159276
0007a5bb7310d604,0.12726564762864545
f8c5400d321751bb,0.18721006033654863
5c5d74b2ed3fe0b2,0.04312522304495048
a0d70afd5aebab39,0.07683963359604426
dab67f5669ab1b4a,0.12352484341989062
b094a6aee2983e4b,0.08945683943491596
76eceb39e4bbf598,0.10985477041734149
08792ceaef2278a0,0.0664704775680803
421639eb32096298,0.11229349635193857
3732446a2dc0ff2c,0.08630803931978466
f42e7bbaae983e33,0.13155983491495912
1d7a33be5e41401e,0.0955617035350767
c94efe294bf687bc,0.16164175440342812
54153bda194f6353,0.04583150754476055
275f14633d4a7de0,0.05080285084564877
7a750521e7810b4b,0.1724517248627481
b94bc2b4bd62e236,0.1352348029609376
3c2076842f11afcb,0.06013836817650247
53c3d245534bdda0,0.03367651476935409
bee1ce38b4653a33,0.04297732721755475
7fcd7a8a7c44d7f7,0.048197514738417345
60fc2edd396bed1b,0.1028527158487749
df7a1a739d1e3d31,0.1592902462321711
293173b622ae6047,0.08819903308062732
c18a9f29b23ca49b,0.0644072015835545
4497cca94390df91,0.0679363869573212
40d9096835771f2f,0.17046133096101584
ba30e997b8338d76,0.15528498956470116
56d89283c0f5c7c8,0.06151553411540192
f460984ca4f4f1a0,0.06381301103741814
63585cd6e35862a2,0.06751697614295885
26e41712e705d5ad,0.13752562828265677
0a056eacd56539b4,0.04334653762251503
9060dd63376b8616,0.09639535316458414
f11e51ec27009738,0.14199367355015488
d0496dc870887d72,0.11622327361149964
65fef6d3fb26ca70,0.03143866372039602
a586684b41fa9769,0.1258200338881124
3bb2f0950e70a234,0.0998056029205155
6c6a97e3ad10abbf,0.1795090006522648
ede33053b334b03e,0.10152328951061218
0dfab1673fe84ab2,0.06912113800900868
f65b0230673c2e76,0.12939737866935688
5618ac6872992ff3,0.21957964072919792
77febd71dc7777e6,0.1602729266079999
7f54b45c8c0b9310,0.14996945800768846
9273e3e5412cfeae,0.11740610318397143
52087475796918f7,0.06398776062588414
643455f14aa1df04,0.03354190899599676
d1b24b005a16d2e7,0.12412653304180751
88788f98d41f9611,0.12774012160843223
bbbe50af555f1d68,0.0898046922361807
1bfe964817713a25,0.3114205338848259
40d6df07da814020,0.12369620142162603
8a96d0eccabff7b3,0.03378974697888301
439300a43f735490,0.04044013183226316
bfaf88448d1869a5,0.11192652492817753
1eb331ca2d61f16e,0.14001205734877073
5ad8f23386d2ce42,0.15897029135771396
69ddf95fb1e28199,0.14906493643163385
6c224fe2f90a4ac6,0.060564239524743865
7d2d81f3b2e16bb2,0.1769412172676641
306bcc14dd7bcd69,0.16981834364761722
db0b579d4d6c3202,0.03422075985062421
5e7670a553fae63c,0.12052831000144246
999f8c054ed84981,0.07131980397704016
645969c8fdeb22a1,0.027927975193712293
6158cad9f5117a45,0.06367593698480924
3717d43b0bfbe61e,0.1290809734357322
8ffc981637d61bb9,0.07510915684542493
8b934f4c25070ad8,0.05829974672435308
15701cad20890a02,0.08054172137821689
4a22e527eecd22b2,0.16015683667596275
6b7e69ddbeb27f14,0.1623931872107898
c44f66a5254d5ede,0.17006653833435625
1dd06cc994df91c5,0.15719759212315723
43da23e0c905b332,0.08413859617384281
cef6bb5fbd6d7d4c,0.033704567580488
74e65522686e974b,0.0746206017153365
b2ec41e4d4e17991,0.06934253480022852
7adfda5837586ee5,0.08455174456738507
7be7cd83da184778,0.1468060276440567
331453c919db4a8a,0.053116103778385756
1ad90b2ad8ec5751,0.03682119501240901
06f305aa47e1f3e5,0.14009150642102616
5d77b6a032a98222,0.11104042638348736
2fadc388cbe136d8,0.03678344814405151
3a64f59d79eebaa0,0.09300510456197081
e9d4d3a03ce54237,0.13111277159591847
5bc032bc2d4db536,0.058320283589462826
42afab27f6d63b09,0.10117087251039578
0ce59aff9d61ddc0,0.13227772425212003
c4b23b3e64f8fa59,0.04481463746035859
df5826f4adc2407c,0.14432127696492852
1006c7d207337c5d,0.05415752960707372
74f20f15f7388f9c,0.037540802831833336
e8c69436b1cb3320,0.06855374172451166
609680f04da9fb46,0.045969958464842586
060d99e1fde9dc79,0.037875354710786506
6555f0c293c5a1f9,0.1474484237155577
cc835ba475e9656e,0.12290167560578143
960c65dd29d3417b,0.07841251203417327
c7596c71a0f505bf,0.0369264346563502
3f3297df319604e8,0.12837475065959505
21c886bdfaeba657,0.19334002836703737
4c47eb742008376f,0.11400841753014956
0360ab7e3c03e1d6,0.06638007675392439
106e8c5cc993ce96,0.10298852014861162
3f189ef767336273,0.11890213823116413
d87c2b5ea60e2e70,0.06129597437654977
924a02ba0ace2e0f,0.06049330688653977
e0a93aee5351fc40,0.1597725179323733
60036012aab0d68e,0.12236962631539708
92196298fd1f0a2c,0.10316967147932356
2c9507cd32c0dc32,0.053049230656411886
f138d3401d1ef8d3,0.036358608706374446
0550e84ce3342ea2,0.19539115685298308
433b7b91aefd0d89,0.05093966209663754
2f084abde9824f95,0.05331987261021738
aec34c208a4086e3,0.16040341611516742
77832263f798d3db,0.0909536837782101
423646a4264a51ea,0.0987323899355704
99a11463587499b5,0.17105048575974297
5666dcd2f61e1fdc,0.07420673259672837
414bb3e31a06b128,0.16796415533070808
9825bfe27f61ead1,0.09163938834232564
3e8b0ac764ba974f,0.03488377071642785
f494e58fc4f527c1,0.07971767164359911
4b3ed9d300487cc2,0.13457795802096212
064d5daca103bb1b,0.07687562651352525
1a4b5aa55f664cd7,0.07932280853834134
65fae5433da58938,0.0698788718013964
77df36f32951641e,0.04190360550877918
2734faa9175621e1,0.2342088581689303
6952ae6c0325e147,0.03828546532808336
bc49ff32a733b5b3,0.10570402120250615
ddb437f22bdce5ad,0.16724943301709863
ad2ca89540526e80,0.16151104693425566
8eb86976f1f7faeb,0.174907524167829
351b2cac3bb60649,0.13975273182457498
f3685748a7717d4b,0.04918007236371114
af64f4a787a28c01,0.04166490990400798
e41d8e72f6a6da64,0.08331481837158153
43199fd3cad0d080,0.10956874664279655
08639490dad5a32a,0.16498306710713717
251545c20caf2d9a,0.10180647670650324
657fbf140a397f3b,0.08948827875729304
d28dd01372e08f90,0.09272407979685242
fb9bccbf5affc835,0.045372110700345525
0c3e0f0e422bc214,0.1339794821923969
b6fe616b3ee4f983,0.11755814384252633
1a05d9b0ab2c483b,0.08632342409792457
be053c37d8d326fd,0.09573777450317571
b0cc45542dd09eba,0.09798406963075793
0d1c9ebdc72b57f6,0.07731540493925114
926a38d305ede2ee,0.16673978863046635
381047d838351f95,0.13666779516825647
5afb977a1eeba5b5,0.06498371124511462
1ef7c785c8633cc8,0.07380447472748589
2f0bd78e22c8874e,0.14616528214022376
2765e2bdf659e633,0.039644374473289855
31756eaf193dde51,0.053722502885251565
ba5f5a3df72c6be8,0.1772854010631304
90e87591d24ae44e,0.07109116660897416
f9f063e55d3db8b4,0.12436030897250527
3ef90711b7e5d86b,0.119155289189461
ec0a6ecd2422c215,0.1245762198319475
2a75009bf5006a5b,0.06239341225558722
9edf622febac0e4b,0.10358633341498948
9cee551773541f4f,0.09093190786820589
2a07f1c2d7378d29,0.10200545500588236
aacdb09c08c9a960,0.03660247517263767
df9753fd02aeca78,0.07602328683164747
ecc853e05f1891ac,0.1208424868957488
859bd8582d3d2811,0.09937767148413076
a124273d56f60796,0.07734038547889104
9cd33034524d6b66,0.07347720127020727
9e58973154c42431,0.04417364095959025
fe78518186335668,0.039767821447100206
0c195b45f68a8952,0.060858590285972916
bb6b109cc9317218,0.03984203492086645
a58342d3aee051b5,0.059978423168699634
48f975291ebf9397,0.19684712060482662
672604676c29d735,0.12161325129514776
144b0a7e9cb057ed,0.17267315721572224
02ea6c1ef4cf0b61,0.03378294441458775
fe3c47193f742bd1,0.056937304571054406
782fd306b790e8b4,0.08773456286001834
53f0ab0c206a7f5b,0.16871349932239246
2d15bf73a2700357,0.0770949122428691
569b34b568032161,0.15625352041873816
d98474765b2d7880,0.11156610590349675
f3088caf81ec54f5,0.20596717889915944
884de3bae564118d,0.21066902841441482
5b62a55571d795f7,0.10747168937835454
e860976e6aaf78f3,0.09833414642205489
bc5f8d0b2f9683ba,0.03326193323719733
92555d85c6369cfd,0.19772903671184575
189861fc294e0daf,0.10174931205246407
b8212e2222eb4313,0.037892650610871555
53afc56ddcd63d8d,0.13837920323095482
0592b0cab7becf5c,0.07989819220592666
ac4cbdd76a84da91,0.14499081895960275
f2eeb139d518ca60,0.1265190640533266
e02fcc8b8b63c0cb,0.06509105542441823
a7f194a18e15e185,0.07847569376773023
b9b57b5beadd1490,0.14144273451624734
357c4988d289017f,0.08313796919803085
f0d98c09bd71837f,0.12436177920294444
b1c0df4bb0c82383,0.13538422781357934
5bb361813a233522,0.07141604407325496
c3eeda7b200e2c92,0.06250020442674478
db0460b8a23a94e3,0.0850187642207307
3c80f795a35190af,0.04696204166677319
ecf5824d8b392491,0.0712664043997031
5fc7a11376239e12,0.04284345098086147
2008fba1ef946ecb,0.1630468733708468
e2aa59fe541e0ac8,0.06284240241758429
09b5c7802e6b561b,0.036722394723758156
988df0719acbb76e,0.09867604321279277
48d79ec301d31948,0.06338066600116397
d288ed9b89b3675c,0.06653070148133826
75abd1caba2694a1,0.04240680472982081
3660f3c735d8a187,0.09924675577386793
0440ac4598276f6f,0.17116868799129303
836bbb09e4831df8,0.08398771400060738
51432ea27e463eb4,0.0524963574867753
3fd99194e4efb12e,0.058696345187669995
ef1b4ca1f2c1e357,0.045440326146136654
70c464af7e1cea4a,0.04886873032643749
54c64f47d761f86d,0.11877001732439448
333dcb05411a601b,0.057711011852594335
11861d1571dcc3a1,0.051883977186278386
20e00d08f625d409,0.13758345825680302
8574c4f5b2db8c92,0.12199186274455691
95feb433faa8520b,0.16402768155652642
1dd496796a5dadff,0.06675924912806017
c1c248e8483e9ef8,0.06256153736914613
5e0dc0f0f0ea48f3,0.050440642432999894
7ecca4d6c9eac123,0.07102779939368466
58dbf7650b2286e5,0.04923128528410111
4c62224901fd183c,0.10025455501413347
affa636fe0cafb15,0.14034021410873795
c9f2c416d003a925,0.031629165706749784
c19024a709757f11,0.07908299186622259
d3444b15af3a9536,0.1118724947460897
2f54cc2167b0cfdb,0.061391717988545466
d974c7d47092679a,0.06720978118436903
1f04a25da2b17ee9,0.1337858926271886
f133299dc49c2bf2,0.04093573975979062
9542ec8d29575b20,0.17721706241157012
6e476b773a15e2f7,0.05002546988076617
c468f0fe05876276,0.06070948708211821
1bdf15bc47508221,0.10792638969098778
687b1d6eaf1bb287,0.14267954462463456
fc8590ee9d55c5db,0.03945405449468367
a4379a3efec7361a,0.03340553583455665
30a2e56d4d608b28,0.11986778243850049
4b400d52635e28ff,0.27478862614104227
992d4d4846551047,0.16513878154724607
b91c089133d42f62,0.0784236461502024
c98879c523da912b,0.04688631124074216
7c8f510d8af822b4,0.13276382290566788
9d674a6212b3431c,0.04592802547231273
d3da05b2f284cb87,0.08324408342563681
853ab873686c227e,0.1652921130756635
ee0d55e13012503e,0.0411613201750626
fed761caa06202e1,0.04786620022789191
7750406f980f78c8,0.16234024568153768
e8770d9a28fdaeaf,0.20338802022027136
4025856444b9ab51,0.05028493849537777
1d0cc87631f52974,0.2946228461328829
f87d2af1aa151b69,0.09863027324678336
e2746f6359714da0,0.07373714721037634
6b20c519964ca8fe,0.05442859884939856
ac0ef70a6dbe1ce0,0.035117527208682026
29219b6baa3ffa60,0.10835931512621548
ef5245dc0733939e,0.07139612649988662
26d625d3997169dc,0.040756943142500446
ff9580c0b2b1a370,0.1303326600267256
bdad383d41eac454,0.031006768780903235
a6bebd6247dce4a2,0.17442733545590486
846ab5063b60d099,0.18131904138499144
1e342d4cd0cd2bac,0.0890770702430092
b111d554bd56dcf7,0.0896717517725365
9ddbb649643fc0ee,0.13217303249027523
0dc9c8998b42da67,0.15628751806415006
80444594c0d4b5b8,0.07115122549479244
9bf8b2752ad4d752,0.14058900462307322
794812675f553fb1,0.11887987670341188
c60c7cf09844c202,0.10524737789348654
06559b4012a85953,0.047937227832566785
dde7362e34a81ac2,0.07926363945937126
fa1ccff8a7481b47,0.1451279221441061
89c1eb286bad23b4,0.03460741878287819
b389067306356b78,0.10748258214346332
a4328554fc4a45e3,0.12798009594561605
fe2ff0422ecd1440,0.08228208251620409
e1f0e9e0dd1f6a8e,0.11323156509946981
e431bdc8db1622e3,0.10847296429551781
54d5ddd4fde3db7e,0.04313247412243037
d6a2262fc314d2a8,0.08291040041534047
e7039d9ed0ec0c39,0.0423335176043109
357fb25344e0d8ef,0.07541356449552775
8479ceedf945cd0b,0.07396952712492508
30e12f447d932d19,0.1145395052805653
a33acfadc007c5d3,0.16804792891402145
32b72fee7f2bc37f,0.07690117509966947
e2ef0cf7c0138e95,0.16074209816285756
c53a5098d3feab43,0.12930538093912525
2d1a504956a9bc59,0.03434711338103927
5b9d63bb61f11842,0.050883313344130175
f8fbcd4440a074e6,0.11188926736937065
c18b0ab8490d1c66,0.07148751025640265
18cc6b0ca558d790,0.16919927998897913
c78d6d8adb708879,0.045093856949751196
928fe114a90feded,0.1164495069182378
806b11fae1f6bd45,0.08083708737977452
ac8d5b4456a25f98,0.04436974376802723
0de3b4e998fb61e4,0.03865869199250588
0344ee3e70daaee8,0.14290949752630155
9459a694f708e7cc,0.03762483910704446
f8f24bc3cf3562cb,0.06701792632966462
fca0d01a476eb58c,0.06303093326009873
ef25fb3354e1c732,0.12679879792411106
83ce56a22c714f81,0.14144809432326694
781864846ec190fd,0.04206503041399856
99c27791616e6a14,0.13566486678729955
f00a56545441ae1e,0.050588915364595394
160c77c56d0bc3b3,0.04434720283955393
6bc7f7e6a8dbe398,0.07737827667588512
565c31dc34339cb6,0.13670429090935612
d47a57dc58d8cfca,0.08158592021066932
7d91fd093f331634,0.19663174332567757
a33fd6143896a064,0.032164260694944054
af6776fae916125c,0.22812593301792564
eb63791dfd566fd7,0.12596760550929745
fd94632e98a57fd7,0.14015363681777449
7afa48755b2905cd,0.19860269397924113
cbfe89a23b516339,0.1417157872315113
bc9eb4d602b27458,0.07152753866228684
fb8b7e3482eaa33f,0.06739707310837428
0d172dce11eeef53,0.047767517920975514
6cb7efe2f15a8b1f,0.0811660708254463
0b234c8955fa5560,0.043780319893806645
1564bc14da2389b8,0.15467844473187242
11d440c4ffeb2e60,0.06786845139145214
fa46240b99291663,0.10461319540744973
52eb5978e0a48397,0.17727205754325903
bb2cb3fc47f785b4,0.16654979763736658
bd402ae2e81bc456,0.045149605561368614
5b2c73c3c2fab67b,0.03201846628182049
558785e2cd64bd4e,0.15510306803403248
d8d0cdd0e630be6e,0.2822936037465275
54a5cf67504e37cf,0.11224622808487972
b7225c4787addde6,0.045711884029903345
2e444cb3f4217098,0.04180872291656006
ae6ea7b6c44fe6f5,0.10286211099923942
8917e3ac1e161b77,0.07944927012425318
ca8e1b8f4b045be2,0.22545672041587433
b16a002c43cda488,0.15543090311009505
38988311c0c8e2b7,0.16126324206048903
40ac9a289f991b8c,0.08710259334448837
83dbe87c0f3ff118,0.08494335143633552
d8412746401ef6ff,0.04433349276439404
95a1b17435300c3e,0.10017834676917164
9576e0a63d76b324,0.07108417917117477
8e43c1faf8514a42,0.028835696853761653
64462847893bb0c3,0.11474787208379866
2e8d60596fe0288d,0.032852848557750655
e3064eb18f25f417,0.17046535867549484
5c24da1b9f2ac392,0.03230620962305229
ad26aaf8f4bdaf41,0.10955305959260585
a21097bbd8645f25,0.040658862003226603
cffe1ff942479449,0.048429120431162466
39170ff154aa8058,0.14147690852046518
0e2b77f6fe4d94af,0.135371293262514
4fb4ed274c87cfd9,0.05296785202022678
dbe218b606bf3cff,0.08898809518966858
b1ff3f405ab15e62,0.07328957585427488
b77bd0eb977bfde6,0.03367164425131049
c65c01d13c9051fb,0.16296079614171255
9f7d2bd32579e9b3,0.06668237517121457
1d42bbb95380256d,0.12177994355874638
799c5bdb519f3962,0.09994903593293356
af54b26cbb15ae3e,0.09291534039585617
9ce958c47b1e7d3c,0.12612186068100267
d39bba0520b226fe,0.0884315137651675
c4923735c16e8881,0.030395207627636905
43506b20fd8ac430,0.06941023154295642
685b0ab35ff084e8,0.17916561030112452
03212fcbf4fcc22d,0.17458667880621245
7aff26a87411e8ee,0.12439827170486427
9af789cec1453f89,0.04181257686705716
41f2ebd04afb728d,0.15355802102433622
a3a3009c55baa210,0.2294552082503899
688382bd40810598,0.07758015459184103
42cce10beb6c55b1,0.05208887015960282
59fe211f9aa2b83d,0.11890069489765466
86466c925086fe3c,0.14910953217689615
cd36f54626e83a21,0.05404252901357235
ded728c05e20539a,0.1795011624943939
0c7fd3a164040b3f,0.1706383329129691
614f526f552a972f,0.06432729150623209
cf076cf42abbd2a6,0.057793439494075484
e20135d1136fb289,0.06366914504065255
2b40340f15b07950,0.1324893124162109
92ea7f3ec80af25f,0.14341936922005805
1de6db095fe81c3a,0.14007831250624117
e13432ce761076fd,0.08258038091593141
ae126eb3da41487a,0.03769092803926915
05436df37c119ff6,0.10622696825794997
b9203ce854a26300,0.12271247356710394
e39f8336b7fa1f6e,0.15524348941939003
2d031b0318ea5a02,0.07500479045861581
54304b5c419290ad,0.05067344487088281
e9b3e8a0a4077e28,0.0393130208932318
1dced917867d765e,0.16473411525897028
c004a070a93054de,0.14154415410748505
3fa194a91f4562c5,0.0754111745591232
76d5a2300ca56933,0.04314139059542557
993bd3c445b80c92,0.09906113144635845
16eff5adf0cf07a9,0.18042681580787714
19f4c91cd1038cc8,0.04541997152755266
4ace42dbd199d1b2,0.07082777917911454
8232534ba45ef07e,0.08922733995209778
a2eb06ecbdb56bd2,0.05056773069739533
e33ca091fb503e03,0.09600108618571948
8b65603997a5d0ae,0.04261422070674742
c4702fc1a3b838e1,0.07839495248810337
0a2ca915437c9a04,0.0525381183949892
6e4d60a1e5913350,0.04435501805168124
0eb4def034c0e542,0.18001209252945713
0dc7bc6ce45f37c8,0.03660484663845743
69c1bc9b1691880f,0.10476087000579506
249619e3bba248c5,0.10607914039770588
8a0925f386616243,0.08918353560081849
c609c9019d1d7b32,0.15569168198226302
dea132cdd56b9c8f,0.1755062600237185
24c6ff18b883edd2,0.17699082777427474
06ea151cc4ea5974,0.0429141828928084
dde1072c2340c07c,0.038803006535986964
bf6234d11406ea49,0.06493679757484645
610c0fee53d0cf9e,0.14631287327701786
fc0691273040fddb,0.1254977125012833
46bbaf2bcdf5a362,0.08292195974606935
6f4198d004803569,0.10451745382314996
3f726ca9a49e022b,0.05308596466750026
2263ab08ec01d546,0.053310549443578936
dc2a61d22023b42b,0.32935744391238747
9cb03c429bd54976,0.038128038842490955
d3d5427c6c9640bd,0.15859137497136805
a356aac05b7d44bf,0.06345305544351032
2c28820cf1ae8254,0.13257975892761686
cf49994228b74e3d,0.07281896013342591
ea984ee0501b30dd,0.09166245323030385
3639d96562366ada,0.04430626406242874
007d989968211b0c,0.07459464303654009
47b004a1df7ac9c9,0.09974130560754706
f09cbcb79049a436,0.15872446805946505
d3e17fc998bf6787,0.09979383974121762
0c6c8663f624c58e,0.038471725042623486
52720efef03dc54f,0.2055233750793946
c6a5cca33f57da61,0.05804435081749706
b1208369a0074122,0.053104789388546236
b0563e971ad0dbda,0.031209186557625435
a0bb9373f1dff1b6,0.14258208976617673
607b5d747f350fa9,0.16473608937490375
8945214e2c9cda71,0.15740409137540043
7fdea294906af44c,0.1787800565189418
1f3c2f31d844d10a,0.03985302225885569
248eb5a4a5179bb0,0.20185165430070337
f7522ca250fc8477,0.06246828469018369
3ac3d9675fc09e64,0.12852262350928279
b65116a131be84cf,0.17503849176148695
7cba939dfaa4fb1c,0.15060447303184593
4e484a321de70373,0.11041848268977374
48c00464ee810da7,0.11970950656822998
11c760a8108e0ab5,0.12904835804952458
4ece5849758d2bbf,0.0915021701666108
2d34cfaba66dade6,0.191514927275968
597b3aa023ec1731,0.03695359985057957
65e095698c6b2018,0.1165935086838184
d4685373bfa64d8c,0.06912897844112281
b2a24aac339b046a,0.10260829102791123
d018e1502c830522,0.13111539379737966
b4a5d705266bfd48,0.08013380077126048
1bc1ad21db736edf,0.06398133781772931
3584862144963b16,0.0699871181271274
64acc3b4a0341a38,0.038194547834609044
ae1b7c2913418b6f,0.028458435454612047
5ff184c18b029b7c,0.03626004631496261
d407cc2c1f68ef5b,0.15698930443539733
10610f40d2c4beb2,0.04410611962386238
a8e72b280bf38b81,0.051964297482927274
4802ee9701571a2d,0.3452557097904806
c0ba503ad79cb130,0.2702680383912572
a428e18a2571696e,0.0978528679681523
d973ea3bf88a0f3e,0.13998523087617126
cca48a6fecdefbfd,0.093833821534599
387eb4b1c9690ed5,0.05011882940969574
f9b045f246df515e,0.1593728639193513
b8aa274fe0062de8,0.16833392386565707
9d67fee3adf9e1fb,0.1711645859992153
3196cf2ddaa8893c,0.14122425151373721
c6cb67394ff79930,0.09605848704196265
b713b9f13a1a825f,0.07379697616177544
0c55301e8a9a0e8b,0.1343506862510559
06cf6a66edc51d64,0.2754370905751491
73877568d5adcb7f,0.03625252001392072
6e713b6c6d9ff701,0.15165412329011646
35b98290788b0e15,0.20701724623410928
c1699d21d21f249c,0.0783539768473245
4d4b1f0d9defbbe6,0.16518000531957214
c1eb4bc9fb4e0c7f,0.14813900950690062
ac64ea4bb93cb2ae,0.18194425554786112
a6c0198d0ade9eda,0.18550663888995134
4ee5d36590d4f29e,0.1130815691167255
39d7718a5529cc62,0.03416615381281798
4f6e36e222d122b1,0.0695961203481067
f7b65c4533428cbf,0.1872531959661184
32839e57f8e1ec72,0.08774549289267256
0a631a26c3a1a8ef,0.12280237178931916
42ae365efff05b84,0.07361008207742031
aaf16c83ac07884a,0.11386217822625994
e3fe57ec38bc0cae,0.07193861529977984
a269d748b94103bf,0.08200297491095535
29320c0461eae48c,0.03777197352804963
98b75056b390e87d,0.14411630631088027
a18aa53890bd84ac,0.15670034744730799
fc5a2a2354cb11ed,0.03771474458768892
912408725cfa628f,0.10171106466434651
6453b1a068b68ddb,0.15551544664063305
d95e854d614ff5a3,0.11236810576417666
85a79337144b2a84,0.06531796300719778
b5e18d3eb66f6250,0.03173937761241743
3b90fc3f1087e3d5,0.04251366184733108
36f89bae0e5df26e,0.10867849765630755
7de9a21c9a6df7bc,0.15482846353150964
4ad662d48155a76d,0.0930337845892858
1016d05cc8d07dfe,0.09739505299374487
b0a028857d9a81dd,0.10109228591678515
c7da65ddda5ab002,0.12588306898007584
8faf1048140782ab,0.08965553964085557
d0f1cbe5f5c2cc97,0.1542070940420627
766a85256e2db000,0.04089094773081116
83f8495a5ff0fc2d,0.03776307547398695
a57ac84facc6651c,0.1446078321858815
3e18333d2d1812a0,0.0448441262331984
2e2c93c0b28242d7,0.1723152589422593
290025e556e7a964,0.07709716383940565
34abf7197c7817bf,0.11203696458817393
4c990af23095a8ad,0.149801925092042
b30f0e7ab6ef02e6,0.10579790674268662
955f054ef8ac2a98,0.26416514997877355
efdde8377abe8fe4,0.11086139101935069
cbfaa9b940f4c2cf,0.15460072289192092
51e64153531937a9,0.2154490816839528
3b7b80317148399b,0.11382117843649163
b1de8383db45dfc8,0.07767682515873811
0d3f9429ecf4d4c2,0.03618082916232455
c4499c39e29ecf53,0.0940892197238733
7800f7a3f936332b,0.057559114181364904
b837532e3fdf4a50,0.07925934273210503
c681da0099cefd6a,0.05100984108259074
c7acb3b5705e68f2,0.04230567050555074
7072f5cd32c791ed,0.1737315390062769
00b5216b2f2dfa33,0.2471553047778889
b2ae02f82d15b4ad,0.10115525457398458
5ddd4c1db54b9114,0.09886935008906117
3e6fa59b53549aa5,0.08081126395251406
6b853eda68180bf6,0.15835436987298931
0ee247af650122c3,0.20152196517476645
9e2c6c5193f21067,0.046397395745640245
6cb5b3e20565dfc2,0.15814161991904568
dedaeeed301662dc,0.0441711041736594
7244a91f3ecd611f,0.032459848724332926
d5447b494619e05f,0.08568864208335661
d114e64d8dfca5ca,0.04159800812566997
762e061721ae89c2,0.04464763763021781
0359613691f7c01f,0.08219109678816713
ca90a47bd789f6fd,0.09144207700987445
b43584123f43b018,0.06193677294917375
0770e000ee552df7,0.1481606732802916
b396a1df0d592f4f,0.05625825802899782
51ffd9a173cdec87,0.19933430237746336
38e628d583de2dcc,0.046877901019019515
5e444909efb4f076,0.08745494538901974
147047e5cda600ea,0.10904367997682181
02f5e786b6ca732f,0.05963170617131607
b29abac474eba51d,0.22177180928471596
14f09256775b5595,0.12174974342999087
4132a178395f2d42,0.12424128923916039
3ecf5a5ba7668082,0.05007365879302063
f7b8ef9f4baa3954,0.16886122761983807
344ae6cefc6e5e28,0.04651496378081047
9f8993a4d3fd8c66,0.09298649245066658
02fb2d64b2963430,0.10714494501896135
cc3e88fc10db73fd,0.15597619256994086
e1b25ee0d1bded29,0.1906599853205469
6811aeda7c48195f,0.09819087318667272
2caefea2089d3348,0.13319372816867187
06624c42e6f173c4,0.2163489310599314
18d0862452891d30,0.13222211994645494
aeff78b9acbf4d71,0.06147121638580829
3c4fb720d11f542d,0.04860611517720369
ccf649ea4bfee844,0.06733585246580057
72bca5a449e85cd9,0.047672575245979676
fd6a74697a1a9ec1,0.05140492991644093
a629bcd8e7727428,0.04770800366969763
4234c32600399d7b,0.15079924435326172
dbf0f354d6059039,0.053849219926069614
3807b180f301e7e0,0.12072301593503727
5cff8cd0dc4c326d,0.08255221044694092
a28550e03a14c9e2,0.16158084926591545
244915cbbfabaa93,0.038346094641558554
f5d28c37e1483258,0.06597922432627294
625d0351dedf957b,0.09437572493197238
daa98d98f6971d07,0.09119208536275553
aac141e3478df5f8,0.11968049860367933
6e2d6b44bfbd409b,0.1202846315485453
34a46acb36dc8ef8,0.036824067177302626
f709bf78e6f0fe9a,0.0785130394258858
573ce0864f1f1a1e,0.058549001040736987
d6421a369f95b35a,0.06982382909553583
6c74b5b293b1b97b,0.045559472737414744
51cf0713d5fbc070,0.09600708437198296
062ba7304652bc27,0.049990439214564794
930853397c388814,0.030940261962095574
2e48c840c19e48bf,0.08240412370681056
2a51f116e23cffb3,0.10828017682897392
070669d7057f8aa5,0.22424129676482332
967936eb15802a83,0.09349093605015452
83ec0a0ff919a926,0.04641032864083525
a35f4a25719a4b95,0.03618056153115727
e646bad2986e850e,0.10515423594001591
8b488afbcc578dfc,0.09087780400895817
13ea6594c14a4026,0.07106746356401229
d0e536523f93f64c,0.07275904842483334
0e5ca22bcfd8c5db,0.20116547055006703
9fb1e891c08b715f,0.04639488570962842
7199fd0ada65fcc2,0.07089055514212368
2275f9dac244010e,0.043489349642594155
24e5ed05f908296f,0.06368406976574792
6cb602b86bec19a4,0.12465496767331194
9325343b0fd3d676,0.0608600569212773
644e5f81463951ba,0.07956412884328848
37046a2dda9e5889,0.0828573434329032
c7df199599dc296d,0.08403864205014105
54e463d760c0c6af,0.03498127259020227
9bde8f101bdb4095,0.09086254916433192
bc5c320666ed7ca3,0.03904094737134454
4e44d72109230bfd,0.11464345959416747
235aebae2ca0d45e,0.15496280180451444
55a1d48711c4359f,0.061328701459079094
c1ec685fcc48d91e,0.12008168437724784
a51c93906bd78ab7,0.11741568640865821
207c0a6423cf7a33,0.10957856920906238
c7693bad80c482e1,0.14136620283907492
36b92309f6e5618a,0.07803561245144781
26ee6d56130da0fc,0.14823177349698047
587c7d36156381d1,0.043821525797538965
50d432d2b52052b2,0.10019250337425059
b738afb14f60d587,0.1891060795464633
1157c08c11e901e9,0.12732728172070154
cfaea6958357ef1d,0.06535861654718068
d8b3ec80ec080d08,0.14351985751300458
809c8f80468b1337,0.11184797007843122
1bdded460bb636a5,0.2545062760893083
96cc52a1a3f13e6b,0.07535170169288821
c97a25af08369f73,0.04419973485374264
0de5d7bc5b46bdc6,0.0635941442221786
c6eca151f8576037,0.08156337663588163
7ef7f606745e05ec,0.03583508344766102
c5ea9ba7fa065f8d,0.3484286177185248
63142c0d75cf9aa4,0.03486733288407287
c396e609d01a9bcc,0.05411607838461674
7c9db70c27860a32,0.11630460536802512
8dd4bb6eda603b43,0.07714562060615977
d5eb724b5ea43bba,0.21295752545091817
e7e9bc7d5e2e5674,0.12664129040126426
24b3176d5020b612,0.18652415746776535
6fed295aff782896,0.29692886226205084
12d17a3ef6b47faa,0.17886696202116345
2c550aa9cd671368,0.0370706248499201
df00e28247baf9ff,0.1440336685388876
9449a45c9d7b914f,0.053136328984790634
9a8393310d9b352a,0.09512658390909172
e1b1b6a194b4b1d6,0.0796178199366512
7097d3e397e94525,0.04780448294112238
e3d1f895e94e8bbf,0.11094319796374227
6c46ce4b2303ecb9,0.09809499095045193
999760aff655cfad,0.036440094812240094
6d526f4593563124,0.07047668977914578
467801b5de42246d,0.1122076981853941
81c9cccf75c1503c,0.04601593018017633
bd1aa64c7a5dcc06,0.034768480074912456
df1a75c489d95957,0.03831893157488627
7e6ebb5b237b817e,0.04118758238430958
1aeecba2c7866fb9,0.11357050113619693
14269028868b89d2,0.055445049807967675
5ec456826b243dcb,0.06254892098587315
e574a546f8e193c1,0.17627639881575105
b0ce65cf243f3ae1,0.12242583514733839
8b8e8a00e6e1fdc9,0.04413370972826176
4a87b2b000e87686,0.13998663870447392
1175204fe5f8cb6b,0.06482617898163917
50a79bbfcd719a29,0.11505838901832244
0d8c215cc600c1f5,0.06662376579981083
3ceb989ec05cb0ef,0.17935657170166408
c7ea3f3ae516dbc5,0.03947489063202022
060631dc9f8845f2,0.10976709923363552
4ccc3fe421151149,0.039650540100245324
fd51240f58f2ec0a,0.034822528379158765
9bb25b00d30f4ce0,0.029920075887613327
1e633867010ad35c,0.04714972019450436
90da0c9b099080e2,0.08044524508568912
f3ba8015df41ef05,0.14319618127479455
7006c751c11cdc01,0.1222732499441535
db5b922ab7ac849c,0.06389496874091077
8ed9c5e3ceb94d30,0.09118287831488488
32bc573af0d063e6,0.04018122148123014
b6f5ace9b32140b2,0.1455963966275441
2acea7857a236b62,0.08916482968944871
2dd5886a7dff0caf,0.10862978902942666
cec7e9631578eacf,0.1813665927256204
aa1276a52bb96bae,0.14041745410393455
f90658bc8d521271,0.12506832205574642
8b65638e31a74f80,0.10181974528797054
233d4e0eb18d8449,0.151179461850842
95e779988eaf54f9,0.11623220054040904
ce033e0586a41f4e,0.06216556344737738
29007abfebc6bd71,0.09502478826086026
37555eedf932eb41,0.07766715421694795
43f0b7fdd64e4d62,0.08260723852507948
48d11190742f10b8,0.19448908906739049
54167e2d347acd9f,0.04254608642844565
adf2b2540dad8766,0.14600784118107446
aa4854b6b5329860,0.1581855878499023
371dbcc2d3dab4d7,0.06852996382869321
29fd5cd58cb38dfb,0.12798835139075296
276d786a03dacf69,0.07596502514348635
90290aaf619cb77b,0.06721758717174178
80904c6eddcf06db,0.051129632243253544
5232eeb9a1fa8f60,0.11365970128521546
6205daeed9459b81,0.05914128822608403
6b4abc5da4e3aad2,0.1292756572518181
ecce281c5f6153c3,0.1466483644452297
926feb1c20abd0b8,0.03720561745409359
64874c60d39dc86d,0.1760211583936684
1868aaf30c77d6e0,0.11017817917715118
52e964be6dd475ed,0.21396615888853404
4404ade20ca8acab,0.1875200055977069
f6bbde7cdf6430cf,0.09192129773758684
6f9ac9a8227bf174,0.22975031161813053
e4afa0c3ef07f2b8,0.06100488176199963
a85d4f04f63f1f8b,0.05432102790659617
7f3411e87c2708d7,0.08357533429793601
5be924d7d731a308,0.07207106872845412
41ea202bf96f7295,0.06068814271825816
e7d3e68c097838d3,0.1947946036512257
c21ded045b04b1d7,0.0751111372188378
a87de56d4f2dc966,0.04494849586128095
b073cc5a7d5d1fc4,0.07691497131462355
cdbbb57088163b02,0.05703938141137516
97a093dfe9e1eb64,0.1935120981600325
68aafe54d00b3081,0.114599621196536
dca611f4099c1df7,0.06302622269935246
068c9856fb6bfd0f,0.04572868792597998
ccec2927e56ab3d2,0.03284900119989834
f4239e382087c8d0,0.20645773984258398
a37f1921e2ae64c3,0.09716284445750556
abc7d40ccad7d04c,0.04532601734039117
7be1ba405f826136,0.16876793850233301
82f1ae3eff7b57d1,0.06865279758957966
64bcb6835fcb93ff,0.16624719907299304
8a7d498479d37ffe,0.102005814701294
ddd893f6f7c67340,0.060345330356430665
63438b2313c7cb87,0.03976409940332838
