id,label
6403a3f8d07557bc,0.09195689548901897
1b1d097ff5b144e1,0.07025602430871868
08c7c3c71a02ca8a,0.14946793621375257
7f09e9039629a38a,0.1084204784761336
1fecfdee265e685f,0.15601130963126605
2b1b1ab99f54e1a7,0.10210490642369281
f893cdb025b56c89,0.12809324488684282
84466d5fc69b1dd1,0.1514543323905806
e0f419be2a81cbff,0.08251733994194449
d9e55e1259c7c29e,0.14865485802941122
602d7f4b0882ec4b,0.1312797403641404
67f2f87cc129d7da,0.12273313560420561
eec96ea0e1c9f7cf,0.04260574580629434
d85127e773ec4820,0.11993141007783441
9e96822b06b0f7f3,0.07757539513071378
c6489148a3f9498b,0.10200515747953431
ad5ca801b22a4eb2,0.0474321006049373
22e01b671e9f12bc,0.09798470934922139
4953dbf3e113fbdc,0.05718454346037304
95397470f084bc6e,0.18218563161201864
ff39045f375a9792,0.06705831826487202
893575902a76b6bf,0.06052219212569118
4d9211d2b44f7d9f,0.11146463586354638
8205441451789e41,0.04673065589496047
5ade617aad761daa,0.17203112560758227
7d8bd74eaaf831a8,0.12014657340606479
3a4abb16616fb838,0.059213781455954656
6e14ae545a54ec6b,0.16849635758336778
a6d127f7b7a19a79,0.13853284507744243
e29e33c4a6eaf6fb,0.08906412376774153
42b296aec3a400d2,0.0949557765541949
238a42187f0c12de,0.08239887740336783
4c99d80ab952e272,0.16003283938932425
ef909ea8db65784b,0.12311909906685281
53283f9869842cd5,0.1287832611398846
fa99ef0b96b51157,0.1210328692401803
3cdaa31c37582a6d,0.17000996965986448
e007009eea08f15e,0.09999988737821741
e46769b586a6b83b,0.15384990278054975
c77497b63a864028,0.060148617535397374
bceeb0086c625fac,0.06113242921598979
5abf8e5791e5fa94,0.1915593220674956
0b7d89ea3694651f,0.08132353177393202
ce60477eea0a9007,0.15488801241676664
847baeeadbaba41a,0.08849689633288975
aefefeee7da6b616,0.17340262719977617
321cc4b04985f915,0.1126333094290398
590cfafdd102ec19,0.12042961834792913
0a3027ad8dd82438,0.07134489923214798
01e58c9ae88cd390,0.05687082820837817
8f5eb2d903aad722,0.07061103861036362
3f1b90f008fcd5d0,0.1710273581671848
9e55098b34909114,0.14340077399215204
ed3723d6f0b305ec,0.14433247174950814
e1d77367315c8c64,0.08194353043607647
b97a34687794c3cc,0.048808314444320676
2d9a8bda25c031b1,0.06283770787820092
367427e76fbb967a,0.13133451321976106
2d1de7cf3363aa2c,0.061691035688110185
d69cf5bc1f0112f9,0.0589717780017151
2a75c552e6a0103c,0.07717926558670869
943114c642b7e30a,0.063245821378331
5f4258edf6c1b382,0.056239895403920936
ff0a817eba03cc6b,0.14286105012082384
c77fe2a4fb942f02,0.16220705162354532
df587d726667a5fb,0.13848441463991776
8c09d6fdeb48dfe5,0.05231310959768154
564e16bfb829c7a8,0.0588426288233175
e592482dff2b62bb,0.04969149050171187
33319a7020313788,0.1217103577149893
4700a73d634e28f5,0.15175069156039991
e5d9aee597bb4052,0.09716468234267821
b93533776029ab4e,0.15814880308959697
e9274894e7ca5d48,0.051410211627888835
37e126228f093cb2,0.0594934094029449
ee5e8daf19a62436,0.15528374415945634
5c2af7cb33fcb9b8,0.08472641553797221
dd6cf914fd458758,0.06140192544211761
7943edf1ba3d08c4,0.07432203689126791
50dccf68b6d84c9a,0.09051154686720898
71b1d024ea8e0791,0.13336200986464233
a8ccfbc903739855,0.062173617832728616
bbf9130a10bb2e61,0.04751225695104191
41a2cd1fb3af1f62,0.08017694539090013
e5b00c5e94bb1efc,0.08681179126720061
8a2951b875e32f95,0.06797431136464041
4b4241c32f2ae2c3,0.07410209727935209
8beed49416c057b7,0.07122442061672613
1cc185c7cde5f29e,0.16160015396895314
635d0e269bd151c8,0.05096585305055349
9eb98f9a7202dfe8,0.05611713643762708
c224615f7e3ecda9,0.04669236943111069
f93a14286735bede,0.06211409039670059
c118092c44e808f2,0.12152821657990581
0972b7359cd12fb8,0.05533624424538806
22318b12ec6eb14f,0.12312273169514186
9c92d4068021c258,0.15177799578680015
053aaf6bcba9464c,0.07626881178223495
966f0341c7d1f5bb,0.06894287259964958
624826d8d4f7d476,0.073783936720919
250e83ae550b1992,0.1272995267293489
9ff420d30b835836,0.12719263067857603
f74cb9754e9ea82c,0.10636929560355607
8ab5a2752e698725,0.06740590435253437
56957aca1f34dcea,0.12468868646018931
a6c0cf21bf0a1be2,0.03976638996645752
427e6266110ac72a,0.15826988935391975
7b84fe626f3ebccc,0.14068137301175396
6abd9ee5808aa267,0.07516321302083269
15aaf86082111e4c,0.1517093226567957
afb1bcdc94b9bce3,0.05600028971943464
93a337e7b4fedfd4,0.11269240049631035
cddee4f1517d9dd4,0.08894134373758977
755140c7bd8e7223,0.09377777426661192
0ae88cec371ee0f0,0.04697794542271963
08a9f02754051fc8,0.15460348408861418
4bab179b9218d454,0.08916556021070017
2af9aad0b831d3ec,0.055677137520108
7d330fd87e35ee09,0.10060974002782176
d79f0de699294b3b,0.1613092047512352
652a8c0826eb2609,0.12395877840525645
2ae2ef63a2565c3d,0.17690554757644636
1bcffad3764f7c4a,0.08255074275293905
707e78f41fd82174,0.064078045579487
e4824a55ce76b702,0.05205093781559708
993182bb80730c31,0.10248268674649734
dd67c105d030f636,0.1370176520135987
3dc4dceeeecb58eb,0.1141059414917071
90a67d119116b976,0.13083029476353902
a483f8d40e026f5d,0.049340905276401864
3d24648e710fafb4,0.0670913877050931
9104c44e8910b122,0.05432907508124179
47b77ad7aec9f1dd,0.06950317023486975
a66cc4155a0edaca,0.12346884223140402
1f4dcc29503e1a4d,0.12116917747701261
0a295834d6044914,0.06891793533722819
bdce8615df21ee2f,0.042368328755694885
694b4d3b1ed04c61,0.053438308590968896
ffd75ff5c92f624d,0.11657331459499731
717e992041e77d9a,0.12398227873736319
eb5157274916100f,0.11902530785074927
b77c5c610fc74da8,0.06132488179732822
41d2ba14e653bbad,0.12416577226089191
f2b612c9be07aabe,0.11299027394652604
3451e892c310a998,0.08872577260925636
2ab24c04722d8bf6,0.053597646866427893
38ded7c17115e7e6,0.13248492032763168
afed8219aa70efeb,0.08645932390225626
1e9c4d7d2de01fba,0.13467746916102388
c1bda90e9a3b9ec3,0.0719181825958879
d406fda410e7c177,0.1599254966376604
f49753bbcfabdaff,0.10298035917661169
4daee2e232e58a56,0.1971833691111701
858a9c1611f558cb,0.10733117085178227
05b0a9e8b1444d99,0.09608566476558505
8b2ac5da79a42e4a,0.13000858724183803
222fc0675ea28b67,0.05875374085781256
77cb5f88dff15921,0.11165259850101815
947d5752d88dc00c,0.12106232828778986
309a531dddebb471,0.166651180755043
7e5f9d7d0cdf5a81,0.050474199208731946
6dfe2ff41e67b01d,0.09069026405290437
9a51f7696f388499,0.09963654266518007
9c5cb5a9b9b2b4cb,0.13650600384320696
bc7e89abddb2aa54,0.06157723840874573
5d3eff0bafcd186f,0.13663807967344094
d592e9d5579075d5,0.07508266548085162
475f765f9fa22959,0.17044659325061717
71d36204d6040aaa,0.13250962700992183
78119b8ffb9aa8ab,0.06107380667954096
09d1e9b9b858fe18,0.12744460768960833
ba5f5f59e3b0b755,0.1675945822259591
3b7344f40bf64734,0.10459737406044041
1f72c876a5e3738a,0.11496093229794473
86262f7438a90d1d,0.09780844834013781
3f6e10ed3e6a6303,0.1187422452579463
ada42e94aae1a58f,0.1741135823036374
b5320e4cd134414b,0.10250399090517019
ef83ac91e80ddd9d,0.08678180028526632
b8a457f0c9f14bef,0.08592574189419273
74947cda3decdbb1,0.10588625363367359
a39392c735bde1ac,0.08783694174517881
afb321701a74d5b0,0.058319207931012286
df401b9701e04299,0.07128135853871818
c9b67772b4c4f44b,0.1546024242386525
b5665177cd7b6c5d,0.05103249402381421
1d621e5fa6b0c45f,0.10680518070402285
2d595ec6f4c2524c,0.08743428124364606
6a96a53512d24696,0.07529246731007071
b3a68808640b25da,0.049708452859401016
cd9f2b2346e70af7,0.06878454382193447
d78d162e0d903e67,0.16173538526457307
512b0444982361f4,0.1401981789073578
36f4f9a58e05409e,0.04930603012156034
e4b4fc878504822b,0.09087116181046735
d2c6c32ea3387653,0.05546154906431139
62d5596d1fe892ad,0.1106390114280771
8756eb85074bbf32,0.05674257269998786
9120f37fb674d8d5,0.10277572946835635
ad529a51765d4ec3,0.0755608706177641
f5e98c69a45e4a76,0.14950479999156527
4e8ecc5a6ef67336,0.09861277093171357
e26f37d892f837e3,0.13958923179808425
377bd33e8a9d5e7b,0.08066382226387495
7277e822016a05a5,0.08605984648409348
94fed9a4092a19bd,0.09852499344839068
28d304cf97ca614c,0.1459247109513441
5a5195df47e373d6,0.04912733768992918
ebc9acfa1d364336,0.06012234569757987
5d76c6de5ee62843,0.10434506757435108
511d1dd15e99184d,0.11320039179371856
b6d744f202fb4a14,0.13489409611103736
43c3e8abee7ceeda,0.12360112602076088
41afcd725afd0bb9,0.09784522246368915
bd4f0c1a61da90cc,0.1757830217203804
ac5e8e6812e3a526,0.1425663472412317
61843635f4d407cc,0.14751646938011362
d643d4e6d84db59f,0.14062989393000916
5c0b8bce49a0a773,0.16138710903623657
7c6020b2e5dae41a,0.1385814244979792
4a6f26c4ccfa8a2a,0.06711089767809486
f5ff436197b8129d,0.07586840752403581
27b8587241bf56d8,0.07652828519689235
a198a7b963854e6e,0.05135272662800892
8661667952751501,0.16929192483131397
282a1321ef8c1306,0.08019002322907554
db3dd0b21b03ce9e,0.12908874494125097
3bdc9a83d65a78f8,0.11831042669249403
2983651d59dfaedd,0.14833267354105317
ba2be23d69668658,0.07036494721000547
89d58eb00d13e4fd,0.07703152452543786
d2caeec36f4769a6,0.09464211749577008
dc23c7fae5f57288,0.053384890195976954
c6e284593c89d176,0.1495798986517598
523464c4f48eb02d,0.1231713006193978
cc7624fbfc77736e,0.1698223628303381
6b0c371df7cfc676,0.10793170307212012
986e8a5497d243a9,0.17866375542190938
0880ed3a1a77013a,0.12356685139384503
791d60ceeffd7ccc,0.17208721868166385
1fb2b452cb819b3a,0.15577921377467477
6e683e5731d8aac7,0.11548190446246633
d752f92de2b858c1,0.06820259768100584
91654f6c88bcc480,0.08036962487204898
308caeebcc6bc059,0.0863055370845938
0a092e2b8c9c06c5,0.13277247245789145
e29749c7cbb0ef48,0.05061155566127723
02521319f8872bf9,0.048519012712416536
f699494da66c4efe,0.13105597361013435
060f874ec99eadc4,0.10850246002411314
1a2ea8a74fd54c2b,0.11708373518665201
a98b83e132c75465,0.05153897538895368
0fe8ca7c247fab07,0.12062393092105611
c8d9bcea59632f23,0.11260295514764629
0ab0d9c2a040f32e,0.04951240085994968
a03fc647d8141fd3,0.18510736072833467
1036e1cd53a850ec,0.06780698518425428
519d3f96c9895253,0.059563855181769515
28df6bdb66f8e09b,0.12693997507295696
89713786047cfd0e,0.10293838602871493
6389830954a0227d,0.09409559106844828
8a5f2d2c5004dead,0.049638880722103006
19d4cd44aecb29c7,0.1092100228056328
2ed9718fa269e456,0.12140519019261266
31d0832c9b203b46,0.05888919948555769
e21b68ce26bfc500,0.12345113053786239
cf8783ddc0b9bf95,0.06462597074534804
fcd44919c1b3f412,0.15926599812027817
c6e50665e7bf8738,0.08091597293775225
ce0179fa676d128e,0.16954441848238097
423e064e247fe04c,0.13960980525979874
0ebb4ab2c338fde0,0.1039704931281936
37337cc831e40a2d,0.11841962942020035
04eb53517170d936,0.12503002526393062
dac684a7b8635061,0.09929099869815027
a2f354d17d1431d3,0.11195514088707344
8a42e6579214e167,0.10192957880015031
c35d24cd26008161,0.11664242780835561
077789ab8d103e29,0.11028142747161483
5deb9f3705c67be7,0.11897323397983879
dc531f502bccc4fd,0.08444836953468149
ab4b4d6c12291a2a,0.09093819838680096
47b284804faf97e4,0.11356623757572637
d46bd1fa92be695e,0.052585826524632645
11c536ec56a47156,0.06412736285902214
d5bd7d0c4a297748,0.04865925435904909
d30e6ef239a13f14,0.15315824927585897
8be010237b513256,0.17221623825672505
e3ed18d3d53d8aed,0.09016583527006317
a9f5c2f8c5922e10,0.1625807919817115
05a75c012be2ab6b,0.19372265312262416
a068617fc089ad48,0.1401341211557178
687932e8fcf71376,0.04920612149624478
fedeffd4ef29f976,0.06382489431997339
5d3e23d9b2256c27,0.09319084898674812
c6544d7502deea99,0.07746006422487679
096cba9bc78d7637,0.11645788044806933
76b587348b5c4d59,0.1461590243883845
62185555ed060f0b,0.11496915234375527
b538966eb4ce164f,0.05420762459599118
8dfc12a6712b0903,0.13648395398022312
3ab52adc4b1c1768,0.0657280440049311
463847f9a1f414b6,0.14306849898654292
e93e14d11fc793e7,0.05952418876180011
2cd7ea4ff0b97ed6,0.10073308699310968
3cf1ec0a8c671d61,0.06540829945757957
e39df281ee7e153e,0.06203493065627933
272a6816ce2c7c9d,0.0983851342839186
f56230f889018c95,0.13856727445489084
4119f28f6d4d40eb,0.08940349656276847
3e744e15c1c6600a,0.10137322872009547
7975b8ce43d7163f,0.134547141238464
76519a1ae0dba3b0,0.07503145148772189
6f6aca7dc35afbbe,0.08274454286535939
658aa810bdae773d,0.18103321407692916
41c3618b9180e8e2,0.08519511761920155
7cd53693b2b3a4b3,0.0627771153967441
a450a4bce9f2cac2,0.13773072116477356
05bd9ec45ff54b8b,0.056335402794342675
0d67ef8a9dd3249f,0.12081357770006879
514cfc846a144390,0.13572176841283426
2856a2a0114ba55e,0.18450040663335096
ebe02c0b1c116ac9,0.06599720681033733
cc31cb4421bd54a5,0.12047113155458224
d63593c7bd5f72a9,0.1630642941692442
962b8c33b5be069b,0.0739539159763179
40e508ceed1116f3,0.06376470569128784
668eca9c4cdf1507,0.07068806049391248
c15735bac7d4e6bd,0.06453876443421164
09d2cd5ccb05a325,0.09037416197298209
71ed58a8f5d479e3,0.13185729066267565
56fd1ce474cc243a,0.20217361142149393
4c4fc4fe6dea340b,0.10082543657939728
68fcea284ddff8ff,0.1389549126162021
8913329e85f873f7,0.11833183708550254
7a210b4ff6c29678,0.137102993529822
91bd2a01c0384263,0.16686438910138157
14e4e31c9bd8d90b,0.0654660120647159
410f92d0f317cc8e,0.12753585072996546
780cd523f303a8ba,0.09149554718553972
77ae2af1842fa5b4,0.08155655113199328
eebeb3dc997eab87,0.11757904297613316
fa6c4d5205fdd5db,0.17899833108729557
f1798e22aeb3b385,0.17443887783604262
8af0df5286089649,0.08119564392834734
6e224e4033db63b7,0.058915217046444875
b8624ae03bb7e7d7,0.05356882236949132
52ca2f9cf118011b,0.16163556220401384
52c5dee14f8320fc,0.14531849641647762
43a4ed5577b3346d,0.12689987437177197
332563e196c7a1ee,0.10330458754212805
cc4b32b77225218c,0.12605057527080513
0b34a503e14e5271,0.14506820640872728
33100c4fe51f7435,0.11759011195656043
6de5ffe2b6664d73,0.04372525019896203
ba39076152cb0ee3,0.09576453754584806
aed179ff9c81f4f1,0.06428031829157012
ea1a9bf792fb6a7e,0.07683213076885183
2f06ce2d10fe3866,0.1415267906404071
11855575a4718674,0.09207861465049956
06d39de4f0e13f3b,0.11696908064456195
5fd7c68abce444af,0.1406929319592406
d464bbc0a2f6ec7f,0.14087862188577457
86a7d5c47fa116f8,0.04710972818131474
a260e587d0fd3fdc,0.17922153339553581
6c07a18d9f02a585,0.13730438032276385
8fd3d88e27ef7240,0.05980972666048032
80dd9757384d7ae3,0.09359506648598344
00a0f9038422aeb4,0.08957633870527425
dd38ea8c63c0a90b,0.09908580679008457
e23a165731b18098,0.1420156658470433
9bef89bb8b6e707d,0.05295532550261898
db5779805bc9128a,0.09913591183264797
13c6185147e496ca,0.1822825409090443
c23ad10e1020a370,0.10097543343903086
cdc252e1304b3741,0.08604219319223243
c9866843a2ca38c5,0.10570275598381758
1193dd7feb2e1c1f,0.0504360657148673
145626c411263ea0,0.08759768018965708
b2bb6e4261a0a280,0.16149757405248247
ce6c9830339e8d23,0.12057441687701746
e5a315b7bb844af6,0.1231529470596377
d85cacbda54cea30,0.1011970153600426
ec609eb2e4100b33,0.14658402711002658
0d785515807808bd,0.1438024464282542
6bcfa2aeebd0236f,0.06869076090343541
9ed83fa2f828fbc3,0.06208401495448739
f596ac3c62688ee6,0.13940043579098607
654c4ca75e7a6d56,0.1374742224426294
162146e83243572d,0.14105585443056312
9878dbf0860838fa,0.13443203080951838
332ca627787dd758,0.16446609450023705
679ad425e74f2477,0.07540986441130569
df5a276859dd4308,0.13441280004854375
e1f7d0ae0443184d,0.1381642576182985
a6434286f4234aba,0.15158587844034893
3351a9314dfcaa5e,0.0537703381285309
e19b22778dcddf3d,0.09316187960616162
a98a59904fcba403,0.11833231641458196
efe47bc01bf23b67,0.10135730786099245
a1a862c811a320f0,0.11418240304096043
bdef7203033a959e,0.14010599049130104
0fa3fd428635e63e,0.07746846668875285
8ed23ba67702fe54,0.169196480048894
ece14f4f1731d91c,0.1696338078846705
ca20fb73d0c544ac,0.08187227120012495
927bbcf7fa67bfb8,0.13612342374851447
deffe32d78bf8a82,0.12956649857119318
319944ea096b3a65,0.05505500433901356
19bd6f94f36d44a1,0.09039430660942271
6e7447b72d462201,0.07354404563906604
be6959210f99dd41,0.18442996341646925
bc1a4abb3dbcab55,0.08311088101243946
41032395ff67eef0,0.16033682115764433
2b4004b2678cf0a1,0.09947653331455254
469658e2c6728fd1,0.11404682128271042
e67a54cb89e72744,0.06396254106246219
0a1aa269dba98abf,0.07977513908620097
746e977975fa2166,0.050805683084402524
ca51e1b6ef04fd43,0.07595122695044096
dd96408688197b1f,0.15516876714125058
23b5530f05f1d9e5,0.13633986753340668
da29e21770225527,0.07897905708178067
adb83a06bb93e782,0.07340484113822839
0e4d2b4f26be08db,0.1785913789413586
6ece7a74dc7701ed,0.04825905085205551
e5306d42c50fcc55,0.05713335896720303
4381dd659292aa24,0.0910664114220986
e31ebedf532c25cb,0.1028599429699859
853b98dd483b98b9,0.0848607059199784
2e54b76182ee44e1,0.13440220590053994
338f6834e70af5fa,0.04558760865890704
b5abaa739dbebcbc,0.1565814051168085
5a8bb8464a290761,0.13592335551678117
f0e90b285061c449,0.04452803054332197
e66581f055ee3b78,0.12376257201945277
0a21004c4d12a011,0.09193372102096083
04cee8b938d82d19,0.05617626279043878
c2eb2ef42ef59006,0.10203431526766636
4db76ad147f6dde7,0.10186849579235925
388d2efe55423a29,0.19055615316747243
b9875250f7ce8623,0.11704990995547264
e354d93aaeda004f,0.1828540216343569
39e7b31ad6490a4b,0.12779608459298755
a31878efea02ed42,0.08741478782176078
4db06f2609831909,0.11484702809333498
e23ceacf623bf244,0.10135100670072687
5b30a3dce1e3fc54,0.14789192511085963
9b09b933e5488d29,0.09613307028518908
64f0282d10422cde,0.08528398216165274
d171c9bf0e731793,0.11713548823381048
699a9d5c734b80f3,0.09368833264999106
79281527b5fd74b9,0.06814952800998723
63b9f2af8362641a,0.11690631147988029
8e20990222b8b1d1,0.08729936184973702
cbfad4f1f811ddcf,0.126281198403806
a6dde1511fe8d47d,0.07141834700135656
54e8815e9966bb51,0.1311634151185058
cda24d31d8c08104,0.12254066921346533
2e41b0e18fd08067,0.06287574181645807
6e8f4f5c6e28c26a,0.12431102899018483
1f4157812e2bb339,0.1325489631351953
c2d3133094dc0fad,0.05392630651192302
e7e2da8351240636,0.09614704454395129
ef2946985749757f,0.07146689380801936
ae735efdf3a84f05,0.14865717019701738
8a459d7c2b588a93,0.08935068955388346
df0d35696f4b164e,0.10215629430506112
8f745cf8cd93face,0.05056684086047047
7aef10c8e6aae208,0.06215899890868071
706e881832fde05c,0.16987821598550798
03a6674f904defe8,0.07267867055523296
f00500b8110dde92,0.15752394189600294
1475216e327695c5,0.1446477146890486
3fc20688817559fa,0.05123950627979034
70df3ece5d814a70,0.06859790648146923
bcf591e552b3ba82,0.04945433766307756
a04e514a6ca8156d,0.18532942534512267
f83e082f10dc4f9a,0.051215311512286955
21a0898a3f0c502a,0.0561962455947117
c9afe9c2efa6168d,0.07324766182068508
9423152627c5de85,0.14107991313248147
fc5761df1ee97d2a,0.059143339792732064
b51c1517f2b27082,0.06233095272249605
966bd6f4b801db6c,0.1532124616648467
c39f09a3a7ee5d1a,0.12066334657851484
cd4ab667a784a10d,0.1669736133705726
053911f801591901,0.1194840121161297
4c12cd87dc745584,0.1517628827895424
f0c4df4801e5dd7b,0.04265676172578912
1cdb9e6374b25c46,0.0615278528240118
55a04d93184e2087,0.1223875941924459
b0259adc08c321ab,0.09965562918711979
3ebefad692cdc413,0.09105490414690036
83d05a33f78392ef,0.08244944042557173
57e746a1c420f866,0.12358112226663244
7086b53e09fe17c0,0.11971786528533006
2cefa5982f1e5321,0.12231241086818978
c4a61e6a8fa1704b,0.10430954680452281
cf3db8bd220d5bdf,0.16165421075634745
75c651d11c0a0337,0.05306910314117603
10dca6cd4d946194,0.11114001981551506
316d771ed9f0b6a1,0.088678165232815
ef64650ddba7c539,0.04692195057828364
721f58982ee85da8,0.1535261927139416
e8f08bd5b06f41ef,0.05643873346105771
8c2e815ac865660d,0.14044096442071838
8191fefedc6afd32,0.06882347218339872
15c9fc425aed1fd5,0.15021595647660232
52f896a602e74ef9,0.13129672259731662
c8a94bf1f874596b,0.1151805483650774
64024839f91aaea9,0.13329341283510654
23a06e4e391dfcaf,0.07646787126778676
76fc88367fd4b329,0.056652723813601
e7ffd70d1007bf31,0.068021801799217
4df67b2b4764df2b,0.15022880811278863
5e23b5ebcc3c7201,0.14242610721518534
97c325c9980b0ab2,0.05631170985622249
3c8bace911db4b05,0.17397050851843576
d3af2a4f1b0513ef,0.12978910228112847
8a66145d22484a10,0.11743473108373065
f501884aa3b0a2bf,0.05848995368301691
21f8710a682b6ca8,0.09962024985239386
67addba46911ef5a,0.15233338964836707
cd5a8d124051f2a9,0.1423731964971539
a1acde423d140030,0.052394076885448705
6284cf5236839f36,0.08930108695990945
37f720257a8a7a33,0.14309690937587513
acc257668dc46b34,0.1370201359400229
23424057c8458694,0.08907629214960155
418a7b8fddf172d2,0.10282299415444685
dc356b2589e04c87,0.14738623512212087
f64eef65821a8f3e,0.06841777857721855
9fce647d5b47563a,0.19176675785664646
52f9976ea5b478fc,0.056032540171608934
d240c91989c04146,0.1771277910573444
47ef036d29375b9b,0.1737177721732089
8808a12bef546809,0.08408601518860659
d3a20f2bcf2db8fe,0.10114165068079323
a451d8e451fac918,0.07398192901608912
9826735b01a08344,0.0903475444909394
c4a29152e2eacc8a,0.05162867597728984
631690ed30cc1631,0.16201963752038398
d84d8a6e6ca5eec8,0.055641622895305255
efbafec85fb00cc9,0.16650736067245392
24556c1044963c8b,0.15906271683460838
5dfe6e2137dc82e7,0.05190206472130512
b2400c3aa22283d6,0.06598253731261304
71602580e012f168,0.14543422942539544
cf01eb3e54442236,0.0451900086960742
1a07d25426f87edf,0.10863137423804692
13b3d3fe65bea413,0.06501283811466031
059edd840763fd81,0.13634209701965588
48288e044d74e7cd,0.13725514935815
add068ffe0671cf6,0.055738326726164855
c99de47efecac792,0.11440408993245828
11cef543afe62f88,0.10124085461008958
e512156389905eec,0.06519850265669387
138703e658867a2c,0.14963270321000777
454c3092e6edd433,0.04738198549729824
dd957118652b5ed5,0.1243969894606904
af01fa5eafb4602a,0.09485425114200204
7bffcfd2a9da1725,0.1704515816866473
24f3f1ab071df78b,0.060997250986562966
3ec7c9ebab0a4a2f,0.1526182897507121
3c1d10f4646f69fa,0.07374311879653468
9c5f959e1195fc54,0.047522188295765606
cda81aae0a16f97a,0.1562255966033347
2bf6c949fa0b6053,0.1096432596840168
546683ea9e5995f2,0.13448956076191657
c4563254d849a8c2,0.07673261007661149
e9e85a92d9ed5065,0.08482544813642068
fc9fd5a085f168e9,0.11621682767221403
54049d409156afd1,0.15671850105059096
e4c0d5c0b9045e4b,0.1343226402002342
058f290d4016fd11,0.04793978507186656
e14cd74f951c3910,0.06572751082724192
05018e18dc83e13e,0.17248095960337273
763ff25fb3a65368,0.06731955181433281
eb5cf6bf7c8b4e5a,0.12277558239325176
013351fb7667dab2,0.0814143410819363
e08181f896cfb680,0.06487844227131769
e65d39ec9e3de422,0.17509330682017035
9cf499aa7626f14a,0.06556838091980889
f203a5ba78b7389f,0.13457369912851946
8ea386546c0f8c96,0.16485211816931214
0391f48a6955106e,0.06007052840037963
d2f70a0377eebc5c,0.06571062937746797
b96e54496b6a6713,0.11674271004752042
1ecd7d7fc32cc874,0.09921045462512999
a91fae320445e22f,0.060387848448064524
7f7f8d9e95bc3227,0.14024908141172698
8ed9c9b27ed7229d,0.08575120943250003
19862b4c0d2f34b9,0.08248430682665546
e5b1c6b3822addb0,0.13600828085703073
191edcd8d76cb951,0.13775239199586728
6b08a1554cdf28c8,0.0694145405981401
706610ca333da138,0.11033114162013032
5cb5f8466022eb46,0.12630114083407426
acb3a526d9921b55,0.06640321789804916
947db252e781ab55,0.09379711334143033
e94881433d15d819,0.06258237373572129
34439005f71e07fd,0.06305758657714024
989a2593307d72e3,0.11277000526717089
ec8f1d04cffddc96,0.09544463780784479
11dd5f5d722fb0e0,0.12797089666560987
d6738bf320835a10,0.08612209944509323
025b09a306181a55,0.10764267960640968
e5e3f5fbf93a1918,0.14013326818016708
2d60731de40ca5ec,0.08156189800924998
96789dc76cce8bb4,0.13553394984205458
e04c2f21eb86c30b,0.06844437722430591
eb4f7827e27f3e50,0.1250746829190217
c72cafb3b0ed2058,0.05620885884116413
38e789ce64afac4f,0.10735121907927599
961a36d1522e6ffe,0.08420839202678769
d915888ab3fe3241,0.09181880998196336
6d047ff0d07fd1a2,0.0761886207090951
96212cff04501fdf,0.12828304879805533
6cb30ccf0384596a,0.12293945193146472
1878cf5a842e6727,0.1278696967996912
47adc8c9afbd6fad,0.05662938925357319
bcecb579dcba782a,0.06294767894456017
24fe0dc9ab19be83,0.05393483983855896
d56cbf99a17acafd,0.07466076500738815
5caed519a777c666,0.0585803808226407
de3dd7a6a4564414,0.13276083381506062
3ddc28164f664050,0.08505807066674752
45693136342888df,0.06441718527495577
143c3caf6eb25742,0.10375221761296723
9295c919e27237a6,0.09227465067103935
0dc756a818dc5d9e,0.11921575120005878
67a0ca3f82ae78c6,0.05959273841689496
cbd51c3558265f5b,0.09338913205612066
b6df5050c31c7287,0.08045729882927825
73f20d006cfc47e6,0.06570382510903809
2de69b9443d4fc52,0.06880856650756371
1ea20c09b6c79a3d,0.09263860789255807
ea1427791f675329,0.12497984292400192
cd6c9a86e5c13535,0.15258321929594174
fe03f010fd99f729,0.16970995127165425
3cac934a5e569272,0.11888034896044536
1f9c8c5a31c38592,0.0897351500193753
325d3152d318ac6a,0.08473244665170931
c796149ae059bd36,0.13230861338231226
139b95acad0d8500,0.05533572729334069
ef8ca6e1ad6cbc40,0.16941655294733218
738b1f5edad8bc5e,0.042127479255103774
00b5753c64f3aa5e,0.16806236969307228
7509e02d19e2f87e,0.05548478731352866
a85aa8068fa925c9,0.157481215981115
f8ff744430f73aa6,0.12110405524717223
4106129a02383134,0.0517113437220865
3be6495b6e47bbe8,0.12222253582967839
d58d8cb98c5344c3,0.0860568187144527
72c32db073874592,0.07798059165081798
b33541a9535d3cb6,0.11648395201285582
f117d4aad78b524a,0.1030112689300181
5e48da846d46eabc,0.13378367189640775
b0b266000f2d6b03,0.14285215312943875
2aa63d23f11f3aa0,0.054383469655662285
7ca15ff99bdc719f,0.07898008216308186
286e550605b2d970,0.06323473515436219
140d123f8919309f,0.15694356685943173
5406d7c0119b8b77,0.12160824504463237
feb8f158efc528af,0.14889735527289394
20e9295f7f1b6809,0.08206488722255306
8c67df2b06a8af30,0.09526348004847889
0b5100f2d589252d,0.15138277182506402
a7dff4879e1f2c8f,0.12355170126824687
6b9c17dec469153c,0.18369571044898012
b064e718f3825ae0,0.0526664649679365
633aa423117b483a,0.07688143205812681
2bd2dc8cda610b2b,0.12468428550813238
16b4f1b4b30d7a5f,0.14749748138187913
7ce520db2bb5b181,0.1255446956472961
359fc18aad246386,0.12112231852007832
4040467f440a4681,0.10597711677479367
ba27a17c66a28567,0.13181022788777366
5e4bef63f0b3974c,0.14546442325971398
849863283a0793dc,0.14060782220166157
aa9c499ad44baf78,0.1084335403784364
a3fd494842016ae7,0.11214721423901804
5f079c78614b8a83,0.1556613420479863
7420f14669961a6a,0.14382066189991835
0a083c164a874ea9,0.06252628181662996
396f04d4bed14a3c,0.12232681560675396
bda29126d66debaf,0.06443194114816027
8d5ece395c6a6b60,0.1029752546388986
9ea22d08386ce3ae,0.05837603491672202
1a277b47ca192cc3,0.05194434397713237
5534d1ac3ad47ca1,0.10136650322151104
164e32a2b96ed3eb,0.14118154593540752
cdea1d25f481df1c,0.06989315773760985
37e1f37cd163cc12,0.15411725953025734
4f896e74ddfe48f5,0.13875312966081613
ec881c0b42489ba6,0.10472451793608795
6cbbc142e3b6532d,0.07482457205778592
af58eeb2cce1b1d8,0.0698223594195795
3792b407d3147240,0.08833896047845602
44abea18902dcc6f,0.05831493015221625
f174b76e8c589bc7,0.12471062556748182
d5cb1d76e26e865f,0.18064220138669043
c953fc1a52b6d2ae,0.13683183297331447
dd9860c103eaa486,0.058070583246600305
1a338e9358b4b71c,0.04340523912790605
28a055a15e2bee63,0.10712249327776459
d810129e88130889,0.11655380372630768
20b2f55f0ebfeb9c,0.1080078683784955
2dbfb79bb9d5d576,0.18376377626732623
a4f168601004a705,0.10239352139787876
7419f46f112678b9,0.14736743110214592
7d0ff708b6d6752f,0.1467269421819522
cbb85fa489a893cf,0.0548943432739612
c46a723fbfa594f7,0.076526214197333
2104390897549457,0.09295604178938877
75c276f7d0f29aa9,0.13326459614241482
01a679a23b212287,0.17069157545810865
6cc58651b88eadb4,0.10043844924175009
14cf1ac65f8ca02b,0.0581951271171768
2a5d42d92966192f,0.0647420662611728
2010478948b9aef8,0.09446058884082187
31542ae607bdb59f,0.16257841929304362
783c99f058bdb723,0.09319905591024212
8e49ec786a6d5abd,0.13200487994334287
d2b9a740ddba79a2,0.05934893463891692
47c1231311a7aaaf,0.09984063751936888
c7937d0c63ca6a92,0.09442907269390692
64628bdb8224fe18,0.06421960245264449
49cbb2ff9274a4cd,0.05884842436052463
a4dbc0e728a780d5,0.14890159089870592
54a5b82f046318b5,0.1528051867498081
daa0b6896a1749ca,0.06352691881799392
4a251ebb1de72153,0.12723021234953022
edc7eab7534ce904,0.0995476798384554
0d31a18c31d12329,0.15937260084910757
ef643ea0ac629b95,0.08180805472296047
39049e24be5a4306,0.14600065693729097
f41fb0591a5b1902,0.054857294117998646
ef3add49907eb895,0.06759486597332644
3c80e6a34fb3e4ce,0.12391659948178019
681bbfb8c5372f79,0.149451639564556
007f4be9a3f6e89f,0.06424508105916345
25144a9b2bed9be3,0.11833582268551739
61233f40c0cdaa2b,0.08638409508038199
73a058838f6b7f2a,0.1826748973361271
cbc20660739af678,0.17747877256869846
8fc723bf625337ee,0.17013710024679232
3ba49bd9e60f519a,0.05459849160460433
6a3b3033fdfe94b2,0.10630727199960566
c8ed653c9f871795,0.13707494034627205
2f6d48d7acb127aa,0.13982900011565524
92ff64a44efeaa6d,0.07695968142082794
d7169f20999bc93f,0.15900835141338285
53604f2aaf701357,0.11737325764022677
a7001845bc2108a4,0.1714419592020471
e1c8d84bbb8add74,0.05829523776634079
0b6ec467b5610434,0.0688720137681172
8ac52d2ec127a096,0.08980232687425475
b10baee15fb9d01e,0.15750093122198427
221ebe5d40d467ff,0.14083940036151552
4fe55b114acc6ade,0.0972777437515203
d8482a667d8a69cf,0.04487238257277084
53ade36e2a1b1e97,0.15680694048098937
23415b9cfe9e209c,0.13830776729338976
280c7808d94b9763,0.12540798451201732
de5885c6a7c6423d,0.17581988896746306
38de0e8716fdf6cc,0.07554451297153723
55bc25143589b254,0.1451017462051675
957e73c37d447545,0.05812579187776018
af84b2641d1c74b3,0.07487031366145667
e7be7f3fe2a831bb,0.04760100138012443
841f7e8235380174,0.1400482600149989
63d88f28c2a5df22,0.12466181678922576
8dad4fd4df5c221c,0.12581332034475198
3572ebf75eb17942,0.09322069331569567
25a1a550572c1f93,0.0819615551444735
6ae06440fe74b44d,0.12930976972806973
b4bf088ea90582b9,0.09032810343565899
6b9449d16e81079b,0.055076624034909004
4ff7c9e8a089b94d,0.10866256550325765
aa5c5648b80a1a3a,0.1125002220162965
5dc1f3d49bbbe4c7,0.12411831812185764
99546cb325e5dc06,0.1165881505705381
220c843637482425,0.1120808778836202
6608fca5b64d440e,0.14858720624377794
f29988dc0a3c0243,0.11040376466254782
51058b99b395787f,0.06396474016816191
ed1bbe11677f7bca,0.08990073927301379
9f9b85620fbc0cf4,0.07167917521761945
8aaeef3315304e45,0.10217647916855106
5d92173cdb00c0c4,0.10011839199036125
acbcfbef3b1946c1,0.0545260928828832
73cb612fe6d23320,0.14029452313157
4216594871a36761,0.06198997796037505
1c2bf4927779574e,0.11093506429329063
1498d0dff1fb5394,0.05012226031991538
53f47e8f08b91aad,0.09921852116980401
c4229a0ce07e83b9,0.05271652529379197
bf61a06ee47b2027,0.06469481138022173
8aef635fd1b3a740,0.050789855678011725
0f6a8a20e3587b09,0.05317516202402554
75d7914477c996b1,0.07988395251446849
7b1790935e6cb838,0.05145668639219125
d680549ede3f6dc9,0.07699747803537595
f3bf39cd2ab5bd9b,0.07839898277313515
0b0930b54070750a,0.05599595066092025
3d97f118d250279a,0.115054757485889
e9de0ad29a82a54b,0.09673684583023447
9485f200c4e02805,0.1009503798763181
12d95850d018d3a3,0.08529906789135483
ddc866b96dfc3aa3,0.1268643172936126
45a33a8161cb4b46,0.06414361354996291
990eb9e1c61c80b9,0.06305004651516481
378b6aac03179007,0.06748410656232703
b6ce4df0bfb4d3c4,0.05022049430074884
a50653ff586cd76a,0.11165941822037516
65cd9ee07cfab83a,0.10767633977100605
d2bbc0c9f79df720,0.17830111373140292
82ce816296a1512d,0.04450632529793866
e502c517a223aa14,0.06059152007744967
71d19ea693604e1d,0.08534995496932725
0d037e649d83d735,0.09477779332233634
6ba6991213384d83,0.13147392970490476
4cac0de9485495fc,0.16291125772989282
9a0be358e968c623,0.05102434756779705
f1ca34616439cd54,0.058832261497425535
e301cf1f2e4c3681,0.1306413181450968
d614ef3ad50cc2bd,0.13939162073553268
c0b33846eed21da4,0.08840690663896705
d4e499c8cbcbf2c7,0.14982668312439643
112d556866bfa77d,0.15332473993599668
3f5b776bac1c2a71,0.08991391034828662
97fe9a981d0717bf,0.11354346895841756
ce3280649c6eb5c9,0.1337678387469099
7ae7079159ced82d,0.0743158354970766
f1eb50e28869a50f,0.05973863648691997
52c8dc366cde6d2f,0.06558793832342481
ef14064579612c4d,0.1433843584574849
7897eec02201ca6e,0.07755534262501292
321d33ef853c8fb7,0.16199411672743405
96766da6bd7c3998,0.05161176153008701
fdccd120c1ead149,0.15209480190602875
288252f0e770ce50,0.12262761071641913
d4d977f5a3d8f01e,0.11546162228636636
62ea4677a492334c,0.15883663320316763
d1f182b83a420b6b,0.0704006784790649
0a8ea601fcc75d1c,0.12664324497898596
27930c385742439f,0.13268608412718116
13d12d929ca71339,0.14856511959476948
159b4f9fc1efcb55,0.04928647227923013
94ffb2f9a90b358c,0.10548837888768654
68615d70615e3b37,0.052472910498071956
d4a40bf8afd7e4b4,0.09383950846325317
e3dcfffec2d51e7e,0.06412459537993499
10366fd321e0ad43,0.08614371172194957
80e3f13b4e86e5f9,0.1641785062893061
6272a9e176561590,0.11256603235593325
14ead2f08e775ba6,0.11013154733964058
08ecd3e0061305ed,0.13315459333536714
b91abfe0273da79d,0.19062098459292773
0c3efbd8c39177b8,0.11622217744993009
e9e21b290009d63a,0.070478862663422
c188505410fa547d,0.1090885457404559
768d9e0553a1399e,0.04261422215652808
a9370f34870acac0,0.12477509038021319
9f6dbe29c2020549,0.06491955608133504
6da7088fbbdbdec4,0.10921125528435165
944a046635530efe,0.17717050230432696
55a97e1488c333a9,0.06491096034607235
bba6644aefeb263d,0.16196369214762477
750f5d2c63709654,0.14511455991827563
b7f5c550aeab6fa4,0.11265443523373242
bf2efa05075a9f6e,0.07908759261832547
2987973344ab04ce,0.09298438464587717
a97d19edf8f608bd,0.0696890948489927
6138ff6754f14dc4,0.07238656134732592
87522437573af7c1,0.13180116362174762
57cc4278d6b67c5a,0.05524281023793599
8f29d789ebf40f9f,0.06441729530803748
15e17422c43ac280,0.07942210517433591
57faf77cf5f72f53,0.11122429921116724
febc8ada0a8d768d,0.06163727410941175
86ab68be69241db5,0.11932648040722586
5fcfe942606240bd,0.048037074738243334
31bf257f6a4a70d1,0.15212905936760665
a09897cadb789dba,0.047314573998836124
328299ca9da15ccb,0.10231243647689936
c95184d7971b2960,0.16799725386777156
6ba9df085d34410d,0.12107542951281236
396ed8ae6d33d2bd,0.17232587951942882
b058bc3c8a9fe33f,0.12944283712092894
77b29cbb7ea1ac6b,0.1592319766964901
c8d191e05666d6f5,0.16820599373841919
c4d716a53ad99b70,0.1299584468232735
31d17f992245249a,0.08005276401323418
aa459cbd8c781f76,0.05697548905330425
7ba0185e8220f22c,0.06459103742732598
eb077a940d0bbcbe,0.10729038311625916
9298c80a21191034,0.08838303616140859
037747626ac5db4a,0.06797752256545612
8ee7aa8b54022319,0.11068658457458387
a2b57b918f2661db,0.07560769474478646
e703b056b17c6038,0.06423169750344643
5d760ec696eac629,0.1162228746422576
68589cc32366dc9a,0.10161178792698089
83d1d02b456e13c0,0.12994247360039665
f5ea6585ff5edb0b,0.15859086658296015
32290819a9b6b754,0.10001538994746483
f0cddec42ddbe07d,0.0453519373851467
41d5134ef4aa43c6,0.10297628464611353
9a422d8246e3f97d,0.1190890278071169
341cbe1cbd51048e,0.06679520719255468
3d2c0583f01cd72c,0.119401138750599
870996e4835ca83f,0.08273338337883034
28b09161f3b17dab,0.1383767825796017
051b367d8fe91233,0.05376388672701987
9b8aba50b3ab95c1,0.1239503364248442
ff5577bdd79bcd6b,0.0919775083217998
92e4eb0a0d4c41e0,0.15803512154584917
575ace0896b22257,0.14151441102270998
a16f31da04bf60c4,0.09456743094499376
cbc13a2671d3578b,0.054164072484191826
876ba2c5e443fd41,0.14274504062831486
5d5689e87dee129a,0.12730996038074033
71a60a6dfa7e1760,0.10802473250315649
f2a38a0b81dc90e3,0.161624238822326
ec97de286c2686f9,0.07416100726546214
b77b633a5106f906,0.08439314037250434
972df202456969d5,0.06104132760677944
5d7f4e9617d1e7a2,0.04980255082059689
196dc3655d9d1d79,0.04701110995111191
7b9da0adcf1bf365,0.058086377264019745
b9d78de840ab100c,0.07533593848081124
803868566ffdbdc1,0.05568601761422326
cc5f60c8c3c2b5e2,0.07964846029897195
88919e17cce1dcd0,0.053226229477292254
88bff82c05879a44,0.0689864071684863
aa64759c290cdf84,0.10526751276265185
b224a7d8b6f39ab3,0.10077346781423434
ef11b15a28910cae,0.07388954295459348
7e08eb8d4482e7e0,0.1432429472084424
609b606891c6ff2c,0.05268456778700689
07ecd08d07bac830,0.09750086880314068
aea578dbbc154142,0.16761475500000111
9c702ee77f731a28,0.10773874255658877
74a102877446027d,0.12208537446641361
dd13d150ff97f653,0.1764380086188367
36157f72f10981f7,0.10684098544187472
808639f0db0c51a9,0.06369622446326546
d809389ba1350646,0.11915363315079786
353512ba78ee6085,0.05435275026935903
207ae6c9e8f4fabf,0.07346161488060396
333ed3894f0f2865,0.15781688141445116
c8e41f868f963ff6,0.1103424585248287
c0436a45e3cdfea0,0.05447705388361997
497bc4409ccbba90,0.16675903874671386
b29f7d1224fd0321,0.1006090179558582
7795ac2497824361,0.13018218769443615
28bd2f25cefc0467,0.05541259411634681
7a5268c2c0ad3fb2,0.09465751835823759
9335e306e6ef6c17,0.06365171944088642
380dbd85787bd38f,0.1458470891525052
4df3a358e7ec87b0,0.048635902542599085
b423d03461c67e1f,0.14817279206673115
8d6c8b00790579fe,0.10176204086196004
75302981ca660bf5,0.11801950751063744
34fae39e3b6350ef,0.12035456391948872
47ee9553918d83bb,0.14443133167791558
525eb09cf01d4422,0.0824486772615751
f285090a9d6de2ea,0.18550329595968376
9a015d0a0e9dca3f,0.08801460094684377
5b9ec24c9cacd921,0.08650816260056089
80f6887bba571ef8,0.1077337971514342
a0121be4cb97ee81,0.06122284826143845
98bbb1d875be50a8,0.15722398829495046
d13d14d73f638740,0.10383127673664296
b2c1f66103087339,0.07843732155869627
ed544070c1558a6e,0.09301236064991521
6dd8a5af5647059e,0.0938197143739633
ec707e8be77e5bf3,0.09777513133123172
435ba973814b0e29,0.11437909502834952
a003759cbad0ca72,0.09449191566512617
4c1f413aeaaeca8d,0.07499022188128203
febaa69039e2d424,0.09958027949864338
1a7702c55d1c3c6c,0.1399150461676495
747b48174e7e8cc5,0.05281032898821538
e73a38787bc7abf6,0.09402049100084424
591163e5c881643c,0.14876064405893338
95f08a028b009350,0.061970222841060664
74cf8eff69e3ee73,0.05804213269032244
44639b509c809540,0.12047281572074979
abcf4a1f567f5b1e,0.10182620877090504
987d6ffc23a79a57,0.1203627178515679
e7aea6a6f0d83afb,0.11902994864176762
d9d2d9b2890a7999,0.06302532191386791
deeaee8dc56ee2e3,0.10453646960982045
ed44fe0714d05825,0.13554132469199323
68d0096d6964bebf,0.06363368029757055
8d52d8ee49e4e8ec,0.13890036549291415
b877123e88a6a266,0.09151832478932771
8aae92b438c0c262,0.05970054365836538
40864f11272e903b,0.07466164409469542
7583bd973a7787bf,0.17916589456462828
209764663e3680ab,0.07998526228001683
1802828e130f444f,0.13015542642520728
c7226e4c37f1c216,0.19180554291099416
cd0110875b4d057e,0.0828295362280968
b66e634d66bc8033,0.05733182524611178
644bd7580a1fab58,0.08761328326398782
ceed54b1129eb356,0.0709241296543651
4a02d907bb4803fd,0.05926157675109452
d09af6dce02bcd02,0.05193244181672929
c81869bf2ef1408e,0.12701673774459746
455bd62f0c9a8b18,0.15108683265452946
8c648fe7475ba2a1,0.12890887595075795
e7c1606cda3f50ca,0.0689862375212869
386a0c809777aa8b,0.08563831820817248
882d6e6250d5d648,0.13480784665218692
e73fd396a2d7e661,0.06752732139198742
e1293605384c5923,0.046965406818892906
d8e5a75d55957e5b,0.1344997918587487
75e6395a1cc7d878,0.09921144757033318
ecc995a8d29cc898,0.09438001669692929
ba27e43ae6b021c3,0.09027043719095669
075b11725eefed48,0.157557376790267
16e06a6abad58f9f,0.08818686132395188
039a18d8a9005443,0.1667324266458471
166eabcb1845baea,0.0684738191098034
150f221c402f471f,0.1556852698603085
2af5183224226208,0.10345909227317986
30a31bbf87301908,0.058922799032711
95c87aa909d557a9,0.04967432805666924
d70eb57711fa415b,0.17539291987244798
9464555817eb4951,0.17872948156201074
8d4e5d5935a1a663,0.06693677234817087
289e3f76cc551091,0.08871475271810392
8646ded190e78433,0.10444861303133617
f2e3c326fd923449,0.06530589772217399
83f8985c38ecf25c,0.09209552717031701
8b698836d194ab64,0.056598633639857586
74a48ddff930321f,0.05634439216605702
79a5efbbc2b4f8ec,0.06533331668887031
6e88ede348b8871c,0.11096226816218606
d98b06d0f7e1b8d0,0.06923171371622844
dc56b06363e3abc1,0.11748553288583809
b5355653b987b958,0.08384094456982492
e5bc532f235bc0d5,0.0504753021638162
153cb69740320d37,0.06909705332921971
30ad5d4441533a6c,0.09876320030742243
05ba774a4ce6ab73,0.16851240427093372
ba467da19b1f2810,0.0532241939482885
9ad04a6b621bfaf3,0.1304065875510536
f605e43b08e76847,0.11413860286358492
fe2d494aa36b099a,0.09188522500907172
1e5a8f5e21430d42,0.07217552216471822
9b28fcb2ee487967,0.12840210218482834
2f1c0ef6d36a75c4,0.09261169366842747
37fc5525bb7de5e9,0.055284136400546226
d6538f0dbb2a123b,0.12003520886502057
7dde59a4542325aa,0.06966507458712484
20c617dcbd71f357,0.07142736632831594
77f00b5e8f833d41,0.13548958661135338
869a14428379a740,0.10441718056503853
5fe5544f8e236559,0.14433204700931282
2d3681cba05bb562,0.11027116931824484
499be0abf97d1597,0.08304811732618218
5b423761773c3a6b,0.18514128385909326
57cfb14bc788cf66,0.13863386732259178
bf8ee8443882eb4a,0.13071113877198423
400e3c9ccfed951c,0.06342346444566292
95c34bd334691146,0.1731634906277304
441b99f616030e70,0.08947016108400456
d6449401e78d3385,0.09955097869459655
ee04b5380c7d4f07,0.17141368606909632
47350f4648bd6090,0.05424451173819634
3d184c420016986f,0.07172391196380522
2525af5583075cac,0.11806051125740395
37055ef29f0a3dd1,0.09647983907897684
741ca2e53f728930,0.16445036818598932
c2060532831835cd,0.12758987529953086
bdf51afd82ed739b,0.1294709741249168
87516eb4863191a1,0.14013422880995938
034a25e098498861,0.047230318570880246
2beaa963f217969a,0.17749194485411682
6b03ea3eb3783933,0.09170377801904184
99cd56ca4ca12f1f,0.056140882059038645
42288d86bd56d80a,0.08331568228772351
a5497f531ca73858,0.06248661861506601
6b8797ea062ce398,0.07533068464591612
1514a9ebdc630056,0.09874046847555158
6a47264adc77dad4,0.06708253391633338
4cbd1cfe1be11280,0.14388643182551047
555f489d111c7db7,0.07149024942122006
d3d1d52e817c754c,0.0588866854915604
80c2b83979b319eb,0.061232166359646935
b601ede8f1d5ecc9,0.04940176834466422
ac4e394f11848f01,0.14654854384594224
a5d564228af285dc,0.0954609600974707
872eaff0cae2acee,0.08064755793885582
ca524fe71b6054b7,0.08600683912388694
092fdb93d96ab75e,0.05056095809504482
b1224feb365fa8bf,0.10126705409583375
b5883c6e74b0ff0b,0.05505150775357476
7aade43a31d09f8a,0.08546705652804532
585ac3a63ccab1a8,0.05671862611086683
e4933222bb492af7,0.1229179302430876
d4fff28089f09f7a,0.12178323639132564
1faffaa35ce84d77,0.13094665083293247
27afb6fd6aac442b,0.04582563558668645
847a053fb85c500b,0.06853619440858473
9ad6971bd0ebf223,0.09701242673215098
a14e1a04f336c6c8,0.06017891839916486
50698da7b2db2350,0.10834222028447167
15655e2cf84c9cb7,0.1455718565702567
ef796da1e5967ff4,0.17451612519320503
9331c7e2dd294fef,0.11666898570086993
b7796a59af546a3e,0.08012291050505378
d9279cd811aae7c0,0.08535287229634998
df81c08c47af6c59,0.16016361673806132
1b9dcbf8b65b1a52,0.1305874875323317
dd377f760a65ba2e,0.10972746354165104
995b4a4b97e53e5d,0.11421737946987369
13b533f79e5a5caf,0.11660316135777689
d4c903b8efe43c13,0.15671522465202745
4fb9e1bf5a2f571f,0.15057897423033703
ed595c03e7747694,0.05844649219789025
73e9645c3d48fbb5,0.055219587563977234
a4b5405b00736981,0.1518765500855265
2a653776755ba7b8,0.05089054647194958
158fa97bf999e010,0.11681820824951837
a95d0a261a3bb142,0.10472727566661233
ea46e88a59d4fe5f,0.049035298128950904
6496d7761a0c6190,0.08062532487033265
6f4ba984b6dc3289,0.09565584539477179
5afad3e6c2fda712,0.06146143169859547
02effb9a084a466f,0.09338548383638695
f43a5e53fd455d87,0.1736992877481627
49bcb75b2ef9551f,0.05409762225028749
b21c8167caedde33,0.046712798347909805
15d2bbcb8c316442,0.06545422640095407
523bc8b194fc69ce,0.0723349636977796
d7b8e5c99743aab4,0.10353924917562662
3ad43bd42075bb8b,0.17419560651118227
812b9840da2dccbb,0.15810226532323904
e70b5a521c308e83,0.14941527462010198
3c45ba8ca9f6f412,0.059358715360380655
7f616f8d83b3eb18,0.09810193637874488
26c592e1845bb489,0.06778824167272829
68d37c0a802b47e7,0.1236106258121654
d8934f60893849d4,0.06414943037535047
2a3dc482e2f9765b,0.08678165970039138
016da23592d81da0,0.05372244157816605
4fdfd4d0c0f506a0,0.16182484967129532
729fc49d981fa3bd,0.08385564485474223
15deccf643c21df1,0.10804846527661156
7daf2f242a027468,0.06158228765302423
d51a0a86350f7add,0.05416978624056159
52fa3a33f632aec0,0.13582674257775343
bb4d95ad5da1ac87,0.10983081416946512
cd23dbd0e165834e,0.05962806410246974
ba39191a07cf9e7f,0.10480410449009521
9ba5cac296310d3a,0.1848130504774406
d322c51efb437d17,0.04729066326703807
3af739b2f776287d,0.12652371301919074
85804c2e9c6d680a,0.05425564830296673
cb0cd20b25649838,0.06555365432904553
12c942ad8a277403,0.09760695347272318
289e502cd91b1547,0.16913727449654312
31c382a7004fe972,0.09209108723271399
d169a1c279a46015,0.10987486068219925
f9b4abfb6291393e,0.06808397502003041
6717d92d92048fbb,0.09081547568147565
469f41c8da1eeb41,0.1184496475955643
769314bb014d1235,0.09688019012544913
ff2e280d521989fe,0.07483621729869895
1d52653d4f3c35fc,0.04451835698675503
4c0ebdf6c9dd9fb9,0.06825775888057341
8e182e2e4650cebd,0.14370821376611873
f55714d17852a183,0.0781351214339787
f2e291daed34f717,0.1452650668926098
2fedf01adbad6180,0.049485983882573865
7079029a20553569,0.13443086749276068
7214daf28cec2f25,0.07933131194462976
3037ee52ce757f35,0.05229942282700667
301594a1fbd58308,0.12599762701712244
971dbbb99046d9fb,0.15146247246151526
c7647059905f4dd4,0.04967354813992338
796f7cb75fc0eb55,0.15166224565476216
bcf00da3386bb946,0.13936179283338224
9fde66ee9b59f95d,0.04951499644103475
752d3e65ebd63369,0.058841313671345125
1a6bbae0cb804476,0.07761760929133323
03cac4272e7b8e63,0.1496931519896735
055fecf2717f29a3,0.11995758385823647
a2aa85d0e1bc4e6b,0.09207477888304784
ef9db57cac44e529,0.09902462695343134
8c91442db55d9d64,0.11017297980001085
7cfa3fef2d1a1dfe,0.055493014586461796
56ede8d9842e0590,0.05660516625548225
fc74e63ad196960c,0.08309595988945355
342867ccf7337815,0.05647220265629474
866f7ea3c4be20e6,0.09641859849215818
f45494a74c712731,0.09994230466328204
414228464c8b74af,0.12311901960277212
e4a3f7a35452e28c,0.11242551115188947
c1eccbf012d9a361,0.07549544627618689
a715e394b41f3a16,0.050503454693051036
26a24b8218ee00b6,0.16749898206428102
db4b58e70acde06b,0.07047824461796069
deaf015c1e137149,0.04726207339299526
9d4fbfbf523a0472,0.16509633183079508
ff7e2911a22e8008,0.15793966875197868
30449ce55b14d344,0.0511438497636885
b930073e02948360,0.13421325970720377
9326674b4c828c15,0.12587320253405562
a9b474db35164846,0.08042561190800465
9183d88dcf308c8d,0.0697512561852046
47c8c6f64cdc0a43,0.0943097909160172
2ee4722095033329,0.11881086259078266
cb8a02ecca44027a,0.051321785576724864
1925e9dc63237314,0.11636471788238423
dd36f08b99fcfa16,0.17201326084761903
9bbd43f6f760c243,0.12117404122548625
a766359aef66a25f,0.0819326003209264
4d10a4698fff400a,0.08919168345050793
44a6285639d7fcc7,0.12317443655508427
a64ce0de598f4714,0.12684362793244075
8c887a6a554fcff6,0.039267512909036024
ef3f3402f7530e37,0.05210440397278207
e9cf43bab751f410,0.045370539466018024
1245634a78a3136a,0.04297230203134745
7c5ed75e73c20133,0.08475890706379131
ff7628423503cb61,0.06677168653749659
55df3baf4cb22442,0.05473705589510427
20497b1ff5df51bd,0.14280259407176096
fe1c1e2e166d6943,0.10377804257589858
0a6a2ebc3b004ba8,0.10104862930946386
ba16bc573e1d9a6e,0.10872393756859887
41ae92fc5f37cdc1,0.07423402764536331
ae05071f58d92774,0.07024375150557083
a8d4083bb2383da5,0.14126772255696282
92cf17c3d59c9b61,0.04708901299293839
f591caedceef4268,0.05830214413457372
e3d006785a8a409d,0.08345962664810952
dcbc913499301796,0.0592118155508336
b630e1af9fc1f3b9,0.13066720796455342
7d6a1e459131bf25,0.12028699023115513
5f891649affd8c18,0.12458837217168661
7dc102adb7ad6667,0.11019074864084683
1b8c16064d0dc4d7,0.08993883704265702
8e5286a9c7d73ad0,0.054279605109117245
147e554cda420ba2,0.05318253951879632
18517e2df9cc10ea,0.10058508279503076
54ca2e9aaea55320,0.16822418724037771
a923278148853286,0.13477119007092378
cfb35f11977c3be6,0.09676957534760196
aef8a4667274a47a,0.04712045501032097
2c51172cc4d5eba0,0.048476952414428724
494446d84318c9ee,0.09250909266458673
aa652d97612fe50e,0.05582519753610401
baecb9e5cd4b2907,0.12344248458464548
c29488c64d211da8,0.09692993198271531
28746b4c4b26d721,0.04820233459792352
8a45d03fa3989bff,0.07262210525217083
462b3e544fe612a2,0.12202520739477973
359614f152fbbc2d,0.10819701726188846
5e953db789137f0e,0.1366090057956263
2a99aaa9555b3dab,0.09422776392244321
aa37a77bc447fc0a,0.15103725003654958
8c0d7f3ade155e48,0.05595748591643582
45b05dd1071039ab,0.13404334670723136
7e037c271c23576a,0.07899201515204672
9adb38d0576dec06,0.12080960046387952
532c84dea557da7a,0.11872731325621903
6c302b9662d3b5c1,0.08962240934640475
666231af023e8fd6,0.07105958652835008
9c06ef2fdb037a79,0.13945782071997762
65230a28464587f9,0.08612502553698105
b3ea4baf43182919,0.11918235032366577
c1f297271ef8cab3,0.052733925099399524
7c58e1fb77913d4c,0.16438165489069775
00ece1c11b40f8ce,0.04856293067993089
a820b5633583bac7,0.13723147786143444
b4e9165d8e2aebad,0.07730241806401722
85f20d358a8d6ce8,0.107750641838906
148fdf734e431091,0.0834632502682846
67708062cc529759,0.11811525758817737
d764e50c36756862,0.1517170960447433
dc093657cc4bfbc2,0.12137939759819676
08c0597e111a2388,0.10802769208631856
58fc68c0720d8cbe,0.07493915538547267
387b7309eb20b505,0.14050594231824468
cca31a05a820ea88,0.16283488045089092
be7e5b7b5839a348,0.13355191979696945
ef7aa159ba83917c,0.09593720800754052
3dbaccedf2355696,0.06599963858348515
3774263bf5c9a393,0.07037829836670406
e830f76f4667709e,0.10632193380388844
c96965b10fe9e8ba,0.05779466247397707
aea0b2d75bb410f5,0.0875175977514684
892d778bace3f693,0.09329066000153301
f46440975132762e,0.17957115599681592
6084fc419fc10f1d,0.13492279850035682
c6fb1852daad742d,0.061195231074731314
2bd09ffffa247f82,0.08234118569211775
5ded576ceda86075,0.10555054257875507
c066afacb3fe3a52,0.13084041244515895
21e99c194e94917b,0.05435738271272892
7f4eef61767e4c67,0.048239057502354125
dd19efa057bdb4b9,0.051171808412990294
2b309ca794e9b11f,0.1767420470779164
8428fd508cf86cb1,0.10472011297994695
bd059d7efcd14494,0.1048842358235893
7fcd9aa10e5ab5aa,0.09410672244092637
9398c438c5fe8b90,0.0804633746804803
7401e49aee3edc69,0.11081381255796911
0520f17da71602b5,0.07453132846274581
efeb31befebbeedb,0.06445139593076593
df3fd48fd3b3331d,0.13226054733353268
14e14e2218536077,0.1357827916171843
1f92d25274d4f038,0.09561032099019416
7170ea34f6161e69,0.11441499742231011
04b0152464b775d6,0.12260936213971536
7653ee403f88ff26,0.0951220209016112
ee84092d5d680f67,0.19039376654428966
c41b6329fa5e7012,0.05542249502591306
1514f652f00c3b36,0.07425077004360801
0c6d11c69bcc6f46,0.08836603851793466
382f75d2edb9f457,0.161216114992672
ab482dbf08ad90d2,0.11966654888648076
5ecd94cb7901e72e,0.05830293516447732
176da975d008461e,0.11168292498674741
882d984b9b9d8fb6,0.08558280330949992
efecedca199bc74e,0.0969696393030045
5f185fd802f0c00c,0.10691461244644791
b7be75c69ddcfdc9,0.0502371149633724
4da0a9696b2e9612,0.07652960177773994
755bd669f9bccb8e,0.0864120249891371
dc744a1038657389,0.09712025859211655
f5565f23a877bd69,0.13208814576381103
45485cf629983a40,0.12936948536425066
9d8248668d721756,0.1185324920728572
7e637102a104b616,0.058709580334937034
b9095cbbb40751d4,0.15629292488449634
b6f5bc351054c7df,0.06045230351942593
d08fe94fcb0dabad,0.058593130567682304
edb4aa5de0832a92,0.07021587655944966
b142c9c1185e5f66,0.06213888393692618
1473309b954d71f3,0.1594081587320636
b604a5e504b627c0,0.18612573047797876
d5d6a72d9d2c827c,0.06059823884955232
aac5a801e8926a83,0.08525541143271458
45b600cd20830ac1,0.10267451326501593
8b6f8e193f28c495,0.05705964685447514
9cbdc55a60ad3994,0.05210462363080679
59cc8f62d55aab98,0.05022867741574485
42f81ab5abcba09f,0.10882515020754806
758524a5d6a74122,0.11975813981074164
0acada29c4de07eb,0.1046959577357003
6bf56d0ceb2c1ab7,0.052081005673810826
03b29070bb68828a,0.04761226098454389
2f553bd8ba413efa,0.04870629144078197
c3ea0fbb29a15317,0.09519230305053183
797edeb1c8a9c95a,0.09804595006819361
beb71749be71fd3b,0.08970786855559548
c660714dc6059849,0.11240598933487726
549961b37bef9764,0.044992132903286
dfac78eae9821675,0.05299633400803918
588c204b822eb2c2,0.1337877751714606
e96e43deab9b69f6,0.12872074612468556
9c9a726ae65647b0,0.05532855891858655
58f635ddafc61c78,0.18975784470190638
d40624f11c720afd,0.1457730013395627
73575ac328053efd,0.08463845769635103
809a4127b076294c,0.1465581321055972
d476e643d990be24,0.0509494269405279
4d04534027759be4,0.10122725645780965
72c2c7664c8294e1,0.14422441287685028
d3bea4fa475618cf,0.12796796063669677
7af7100957117fae,0.09161980967193774
bfeae03c16252052,0.06400763664569704
dab19b0b61104952,0.13835442824810354
8b72f86a4e6a970d,0.12782020618201576
c775b6de816c5092,0.14103745930940226
0de6dca19e114646,0.08080229818573774
0ee2b0fc31b7cbb6,0.053516643331722326
3363b132efc51b9f,0.16146047040229927
ee924a0428a40a76,0.04989174774996525
ac3726dc72e71ad0,0.08450359741774671
374584473bf4cec4,0.09330296423892155
e6b8e496d903523d,0.11066306140629101
8fe009970d6cbeca,0.0506963060587629
b03e574c8770e9d1,0.060479637177843694
27905f95e6931f22,0.08530686510213763
8099a0f72ee1a1b1,0.08323991019349934
5fbbd8a6f4ba3669,0.08823572558526176
24033a02989369f5,0.1084924476460718
223faad452bc6598,0.14962330862616166
c5c13adedfefc67d,0.08020638109128495
ec24ebbbc53f73ce,0.06052874252781528
3a3e4d31cbad45e5,0.05898635608394066
79763f9ebecaea1d,0.1469308242946811
46806e41926c192e,0.10136197689061908
a5cfdf6746ec5cbf,0.14080052469365026
0ddbe3ef0aed551c,0.0687748418376789
b641fe7061b46442,0.04454619455834417
be98835c447eea49,0.1933765048671073
98aa4160c7876f0e,0.18081945443787859
0753638b45dfacf0,0.12625699734978232
e938301ba66e78e1,0.13870145459921138
64b695db5b68b91c,0.10689735159237572
2797a5b06b8c68ee,0.06256509457886988
aee53ec38b7eb6f0,0.08264265187768224
d59b57f46a383c1f,0.09429844421107274
8c3a505dd927009e,0.07614136634279522
436e01defb530baa,0.04566223490681376
2f54c0acfcbfd646,0.17421594358973944
20f15dad96dc92a0,0.054237438474913933
8a16a230e343a296,0.10191336785102552
fc511072e8631203,0.12857576197077347
5d976c71ca9049f3,0.13654353225921304
b207e579713d5841,0.12407355134656484
ac03eddc2e2fd2ca,0.10011135658890652
6b1e6ff0118fe59b,0.1272133375478817
2cc92c1f6bdd93d0,0.10137531617985092
f651266acfce6c0d,0.09007017808544439
c3b49d19c43acd64,0.07053468180457857
05a27ebb8a82cea7,0.11849284275529144
f32c511446a68874,0.0744031677651033
108d6b400d52aa73,0.1195124176364734
7e3cd0895bbfcd9e,0.17234757795862618
2245ed07ee31662f,0.12788153670749783
c81aede118be0e5a,0.08946788820093443
d664a113973613cf,0.11277450160560333
2899dbe3769e8b1c,0.11823650330443457
164d8c33239c5511,0.10906262986962294
e753bb93c30cfba0,0.13791880450823968
4493eab669361ba7,0.08691901606386504
4e55ed26dc79c3e0,0.09440597034651686
1d2f7db4504f10b9,0.04786621656243809
9749ddc8b2a3a385,0.05499377003206929
9aab93db4ffdba7e,0.1383958285771734
88558205521546f1,0.08818526213735818
02a8e05f667b2fa4,0.07976318652285407
f95b0bb67413dff1,0.13146113722932415
b821f8fa7a26d286,0.05630638290348126
bed1456aa64d60fb,0.1399126301425295
685b1294dc5f8cbe,0.15760387593494193
79a0510c936f5eb5,0.1523415044930811
07f28f119366b484,0.0677239051300992
949af0edccb8d159,0.11638210921626473
9965f63ba2d41ed4,0.06298979133490576
f635cdb577ae5471,0.11045066190126647
6419d144df4c87de,0.12847996746574353
bc7f2dd2340df372,0.05146016137308829
cd35e912794bda2e,0.06797675812188082
abf3b6dbce73db98,0.07775104865972461
4eeba8a4c17e4351,0.09998848304999648
f612b9af4ce98bda,0.1543540789038463
d8120911733689b5,0.06824935667673256
723bd2532e39f731,0.10413612119019984
3889ee7a1f5fd62a,0.1051119389857937
66ffb196fbbb4006,0.08235214194115033
53a1c51ae93d0e81,0.13205708590659349
0a4f5ec5f9339110,0.05900410923212349
34416b6b8b600a61,0.06410558117980784
1e0b561b5df0447d,0.11107549784155692
43e848bf56ec0bb2,0.0959973649946811
1ace2be427eaf92b,0.06192018279145803
e24ea459233ec078,0.18645219660960044
e019c487befa7761,0.051712177047694645
7734ddeb14b3d277,0.05858148646351621
1961aba76570acf7,0.08412748942019278
276265c86a0e2a26,0.06279252791467403
4fc5594c301766d5,0.1298357057176531
bfd20f3d76573073,0.10471875419643027
8526753e065f5b50,0.146650715650699
5c03ad68783d0d61,0.06572883144895857
9c83e80d019e0f5c,0.10773602370971291
4e6019e87ab5ac6c,0.11591982636613857
dbf6023ccc73b0e7,0.0739162367879453
fb35b29ad551c9c9,0.07910743411146721
3ab9a4e335cdfda6,0.10324896375443508
86fa9d51e632ae1d,0.0996174294229182
ab30ffa9ef0220dd,0.15361043022643736
ebfe496544b5a6af,0.12880429289209128
4cb026b93d1e4edd,0.07098682994762125
426a41478cfcfc22,0.08174838713997483
3e16e5f885a5764e,0.07747109153434122
dab52f137b1ba008,0.15940452963184895
a7e545c29eee2bf1,0.08671255102818924
6a50159c50f7f9d0,0.05866595531752792
ded3c69308607da3,0.1784426993802247
921388faeaacbc80,0.1920971676154403
8c90e1ab4a546bcd,0.0660966193987251
31b1827fce88917c,0.05466404398781183
d97cfaa40be224a1,0.06124625381119166
b4dae0ea6d15a25f,0.10347083550785297
ffb033e54895ee3d,0.16507603924247458
2b625e5d9c22b0cc,0.08185028830634855
87605745817d0ffd,0.04743478792986178
9717417666a66daa,0.07443169563187117
3267d4ecd26e96f1,0.062365047646442295
3399800c4f113d8d,0.15003884659254912
f457366f48f27702,0.0830786251576809
5a6c4f9b661a0ab2,0.1426141826780712
76628bf9d8b6b0e6,0.1672039694997978
997a5333179da7c1,0.06732001916425669
044dbb2023ecc53f,0.1747996068110975
737497734f709843,0.1717989380810847
fc7d05c3ca74b0fe,0.06916251508686323
f5b74bbaa8085255,0.0920406320550894
c1d1e5c41f539d03,0.10417367177640006
86f9c72ffb536f2d,0.10958378407662041
95b9d46eff640109,0.08222087710110261
3aff516939a3de92,0.07522749012158986
23c1d6b14d960725,0.03904334656629992
0b0950c974175a86,0.08481060578627557
e94d8ce0ed816caf,0.07426340744894407
037bc4751346a482,0.12067709111282267
d43c5617c5e69df5,0.1872533897929769
82c6f27cdcf850e2,0.15710307497090772
7652727437cf5e6b,0.06329896977292035
86f089e7c7ae0d75,0.11990420307545073
b9d7751ccd00d9c9,0.15912123656489296
0a079836e9e1ac2f,0.07934905428900302
90461cd0e33baa56,0.11999955178298531
825b16c4984f4382,0.11727451575754112
9054cbcd60dd433c,0.08366279275580267
770e4ea8a1273a1c,0.14257750758382057
518ad8ed2ff052f7,0.10517806095524039
f12c4df4f05fb6c3,0.06838338839494439
95a9d1c987aae5f2,0.11583085505797375
1d60b64e1441c91d,0.1202205840823413
84ed70c1cda568a6,0.07943470763820983
3d6e8f3a5d06c7a4,0.06664831429313324
eb1779538632b044,0.06592640286417144
bcf84068bc4b5615,0.08652668696735914
3dceaab87e5bd6cb,0.07985963588012678
c86b418e43874d34,0.10522374084794373
95397751cf365c4c,0.11861105832266015
e80b64dbd916f780,0.06340667730428767
d2a231ba481924eb,0.09741823304216994
e86aab1a495bc94e,0.04860622223465063
4c088c5147f6cc2a,0.11153387846195051
746c9771aa5c751d,0.09695172035645205
90005adf46be6af1,0.04596390706851927
78338f5a63e742f5,0.14298578311016127
9c3f2d29681d0d34,0.11736714951229334
f93fd851b68279a6,0.163824988062982
afed2c838b247303,0.16744580870912287
995d752a3bf1fbb2,0.0924337439243333
33609320e5c7578f,0.0771325915528976
1ecda15121ffa27d,0.06171932221671848
47b2accb2f516cd3,0.13100847656899467
5571f2482997d163,0.11518201356310086
32897e94a9feeb0f,0.16774430570968746
3d5fedc7f245d35f,0.07516220287439558
1b4707947519036f,0.1043386235717299
3cee4d33cd4686de,0.10647139274397475
155f6d74191258a2,0.10378404233907412
3ae6a0b3d379dce4,0.07525149686636372
dab9de12664f7b0b,0.08780378566026537
cc73e04980d2167e,0.064640414441015
be7f0f5d2c65bf06,0.11988371820042887
dea114b428048ebf,0.04957034470850539
deece306851a2a78,0.06898465118780962
d1ce358b8f732eb4,0.07803115276217809
e025d916d395fc1e,0.1329802790084934
f50d9be3d733fdc9,0.06597527152011297
a6c0d8fd193f76fe,0.08079706110128315
569e045332c790a0,0.13015292478486995
977114ec6d208ff4,0.05576889916682265
17faede0e698eb93,0.09072930434737385
0610c3287750d822,0.11033093289239355
58e6e26dd56a60a1,0.05707912855507003
bc263b5b32d9ae07,0.0541860093147635
8894323cc5f185da,0.05747574343166272
e8229221a1595393,0.0675038102789613
63c589b1e27997d2,0.14141361819744838
fe21e0f0344dfca8,0.14699742405583996
7e0194535136acfe,0.08638979539687723
cc859709caaa52f9,0.050129899975704495
56e7153dc35c0573,0.07256998114246564
c76e1ab42940cee5,0.09638499513797416
2ed46ca4b8d10516,0.11589874051738337
ae2f86a0a6c3b696,0.09362711924079752
a05d11d463a21a32,0.0691130842299408
89e7dc0647f4db8e,0.08180053234597792
80934ce845013628,0.11049510783116641
f66422247e89d830,0.12124528914044856
b0a301739cfa2228,0.050683121016582726
42b93c5a8b628ba5,0.07286109673262232
f74f1673a45ce9b3,0.10725760318333999
2b76aa4b82e23768,0.0874982491138464
0d6190a27ee0d6ad,0.14108792333788353
7492fbffda1eb950,0.08103727889071168
35355c2d5692cdbb,0.1208603336215424
de976dafed9c0fc3,0.15326235700477764
e2601be919261723,0.05588146500195431
f56a91dde5defb60,0.06730586891064538
1a9c207021895aad,0.1616686067079388
86ec8e715d2efa2f,0.10791516904210235
7762b73652848f92,0.10292707879266079
ccd34b74bb18d71e,0.12884740742066794
eb6c259855aee52d,0.13069608667430954
7bfe956eabaf5f10,0.08702469763954512
38c6063d22fa4f9e,0.15602501121969034
46b7352aa3c8a1ba,0.1117717020017381
049fa3f6cc3a62a7,0.11061591065543429
5f77b44deef47d28,0.05470131562539726
27462f3d6cf43575,0.08135252146534418
ca854373b937b419,0.1469177960314806
1f6eb5f2da254111,0.13758764037762014
9262bb44aa7937b7,0.0834762330701531
d81678051b65ebc4,0.12786093076365662
0edc1ad07f4aa86e,0.1817447419434771
a8e836b90034f123,0.07155363874011222
c729d0e49b2411cc,0.147227279837247
db925a43365c86f3,0.09991378635636483
1cda28c15e8e4170,0.11851223430844998
ef5a97a20c5118bb,0.1702579524329071
4b990b98ec734989,0.13179221975075792
a96f328dda3bc98f,0.1075375446824534
b467b21cee5c9a57,0.06153877030601451
8c1694e84b06dad7,0.07485425467265105
7b038881fb7ec965,0.13336719523204635
60e46ceca8ca6531,0.06860665567084274
be2e51dc6bf61727,0.133114804449065
f1063bee63d2cbd4,0.08199462008417575
1a3d53e660017625,0.08417826980086486
6db1dc15ad1e28e3,0.1750410908006824
34f0bfc533c2a23c,0.0888358656365723
76e738496305310c,0.09336885581442618
a76e95f0a09b03d4,0.049514527556388736
6a0d13d3e413c0e5,0.06398377193186704
e002702b095c4d9b,0.0944561402273761
435eb85f778a69f5,0.05882774357684395
5584a339491f1a03,0.12032477569251832
9a06cac14b623965,0.0982383149640063
b199a982f9480beb,0.11139159445892045
e32add368c6de44a,0.08212027323734579
34824decbc66688c,0.07447159525947827
070711d7fd9b7ea3,0.12480710129545937
a1656b509ebf749c,0.16267869858889322
ee96df140d42129a,0.10864654290375042
09fb51e0fded24ab,0.08198841519194681
77e04872ab10bf20,0.10845381827455525
6b34ce0940c8c237,0.16640077556869345
8b94f16483f351e9,0.14397962056807787
a7d4f13860590306,0.05208670487564133
66537bdf81c41f46,0.16063750998261753
3014fd36c07b8950,0.12978810807866023
789380ce86c031af,0.16674924534901472
dbaee9defc780591,0.11929964035859499
bad0375f198257db,0.06276105518029952
a7b766569c6f66fe,0.06740329084692175
efd3fc92b86b90cb,0.095434519595892
3ca6e7825d948c12,0.11243192727707656
5c73fed8f1d584c0,0.0679073780530866
cb7f45c4ee30e84d,0.09781075056310994
aac70ac68209f1cb,0.13494525574231145
fb253a15132c7c36,0.12986587233454158
4f1ad3d1864799f9,0.15907291923084574
06cc890b7c3abdd8,0.06692942839619519
48f5b50b05af6685,0.04663332422187579
8abc163b25fe8f16,0.0616029567106458
5220ee550d303425,0.16188365937904195
8f7e85307eb35706,0.12131885160574289
dec525eaa4588cc8,0.12481816923783086
8a7aa7c3acead22b,0.12694464590988921
0618f0627df67711,0.1172655016155758
5d9929a965640bc0,0.10680946457209206
b45f8124eea44b5f,0.05218933535096062
32e371f83b148fb6,0.1602317333936414
83b9c322c9febec6,0.0854586584892985
8bb4d82df107f45e,0.10378819340420277
cc28d0d6ace393b0,0.09559011108831783
29c17f03906ad1f0,0.09212854042150585
b10cf30c243ed8c4,0.12335964436408921
85c180d755530692,0.06294806243111095
e9478d4c11f48523,0.04131298940490615
329d63bfe65d67f5,0.09355716561099663
4e7c7fbcb6fde9af,0.05103004047662838
1f2d4ca7586d9ef4,0.06449305281889303
04ff2418e503eb55,0.17006592865584935
5807d02f74d22963,0.10303324254781172
23aa15ff2408a5ed,0.05957654710973129
5c3fe62807fba6c3,0.06439044134054141
c97a3c1357c537a3,0.12244291988887031
bde91246f16123d6,0.050552478794625315
dfcf3493677dd9ae,0.05398161705496257
4a0cb390212d6320,0.13515379237766986
dd48f98a0e7c2640,0.0751447637458557
21669e26853a5beb,0.1424808150681817
c4c279dadffc28bf,0.15250058961123655
27f99b00db0702b4,0.05567593098225198
823a471435809e0c,0.15589433968178834
36d9872df73f0208,0.13142225004977962
69b691bd3b11f565,0.11652489708570518
051aab7c376493bc,0.04786560243968536
897a042cdd939f4a,0.16944382210150163
16e574aceb37758f,0.14814284464335437
7acdad670c7e177e,0.12932195922424516
af7211a4b66028fa,0.056804630748516695
3b768875237c8195,0.13894747482172232
a9e4e55b286f1971,0.1144362644134874
1e42f2e9ad67815d,0.08335961243056168
0d527f8f008f8efe,0.046403524772643645
4c2ccade1925c5d7,0.11890458503000427
b3a98dacc0702405,0.05990288353601513
9b8e0f7bf05d953d,0.05332208572859234
7968527b42656286,0.06959771999845146
caf14438584b43fa,0.053149669551494555
31e140000e0bf36b,0.10275761080095695
336acc52a893cf2f,0.095632264697512
bce6e39fc4407c93,0.05930848851773798
d5e58bdbf23f01f5,0.057063689493474186
1ff7a8ec347ef2c7,0.07602316845538135
ce432d29b214887d,0.06166801185457756
44e820df9233e162,0.11780970371184855
fd036d6641276c78,0.1025845719184834
45c36909115a7b3d,0.14259200458023916
0c18ad3d4c7f25b8,0.15365595370599291
4502d8fecdca43ef,0.126850458195423
9bf5cf3ace55851d,0.10767948120905917
0e04a1cc15af0b5c,0.0536473274683249
86bc772734133e12,0.10763770987126235
76fda8694024d3e9,0.14063940435868016
d244839566b6672e,0.0853500195002994
e165495e76c8691b,0.0958161588424129
18e8d9f4f0ed1ffc,0.063012138784111
c198ddc9a1a0f0a3,0.05445176163284835
4f15b2cd5370863e,0.09323264451004343
5b71a33a75b4b41a,0.08206991007285476
85211a41d91dfa68,0.127964525739382
31c3ad8e554acb99,0.12693656772039005
f05e3b467a207ea7,0.03883952874940928
20eea1cacbacd917,0.15531743823145472
338ac2331272bb7c,0.0971276649684625
e6740f272d44da83,0.16268076927420105
9368ba44560c50d9,0.0988806311971448
18e4039723086124,0.11314247964011626
c935d65cb1c5cfc1,0.0774466698359217
dd819f141dcc8319,0.050294770252131395
90488975d041fada,0.09281192527128788
a5aa463adede1f1b,0.13484319833182257
872ac9ef6cc6a618,0.07201003059087258
ae4040a11f651b1b,0.08063179046739828
468c82067304eb0a,0.15575924492708615
cb460a2bc70974da,0.06117607475644277
366ae30bce6f5b98,0.06531187505695987
7638518d282a3163,0.15477683570314385
633878cd7103f469,0.07947022609435213
73b8cda0da8e3c6c,0.10878366610334168
b24a01610939d7fc,0.05430935471799475
99024e3163df7833,0.16153324963394908
f67fd1bdae4a88b9,0.09665602757921203
bed6a87757540498,0.06915853090325579
97afe9a3ddc497f7,0.05494929834651537
dd9f348a3e019188,0.09284968188838212
34946df4f3dcb0b6,0.07819240627306946
9444819c9eb0c9d9,0.11615044032731821
fb4483e1ad010ba7,0.04202007832886092
00c68b30c299654d,0.07633833036894405
72515cd3d8b3aa9a,0.14495179549527734
908510f96be347b0,0.15196660456917044
99a21c81b1b48573,0.0997534214818833
22f68a423b09a5d9,0.04954040413807456
e7f04cb37080c9fa,0.046036470078919124
dc02fa202a12aa6d,0.07235738717636868
10d0b7f586529eff,0.059621007248323886
ffd7b011eb85f998,0.10395172957246827
e621dd32e1b264df,0.07514422413627182
4af1a1f24964fe8a,0.061319286383110426
811ce0830dbadcca,0.0671555824335529
19f0e848aacfeb93,0.13196550684210498
8d3f02ada61029a5,0.16120518685590435
1e2a07a17f935db5,0.050334341188097355
32328db851b10b18,0.07435247403411659
9ee145457cc792ea,0.11177940484562375
ad8df560233793e0,0.06891756868540813
d22762aa0ca69d56,0.1040618364118804
f8355291593dca46,0.12608188224759168
0c612654e51e01fc,0.04731294711615558
ae7e23426e25bea2,0.05443486365404032
e009b5beb1619a81,0.12216339934217625
520faa13a8c7065c,0.17713895636605748
b5f1a39aded71e0d,0.052722659268418716
de6cb6bc5b8d1640,0.09844280346685924
d51fb6ba7bb6913b,0.16143448980064037
a1375923af03ec27,0.1116873156724663
8c4b7d8e2bf037d3,0.08741126046596093
681405cfbc0dd97d,0.12422693123328109
992164c7365bc333,0.15909537770216128
4814a10f30ed6822,0.12512662950105297
f125562b955f34ac,0.0828866310349839
8665c174c23e0232,0.08774273421480638
c03010cc5ef028ec,0.18501740972036781
d2cbd396091301dd,0.0762169674319015
c5b700f429ada2a9,0.12610237753393963
07d97ad7c5757563,0.05920816085581151
abe88bd25b74cec2,0.18332974879405659
b5242ec51fa10803,0.065338968038897
504c204a4b07adc1,0.06278485567574381
eb3e885ca8381431,0.11121531962888594
88019e77a7570235,0.15036868101513393
4f5b5ab494b7fa3c,0.11550851312307998
ff857c8685376696,0.1357399263746921
c97ffff5899cdd5b,0.11967256872445309
06d8545946fb794f,0.1470461930838872
86a18a847664c8db,0.10690641087885307
236b7caf60e83702,0.056203205380521704
b7362d1c5e6ea485,0.08858185597207983
75a194abbc3951a6,0.13936524243683426
0739352b03f43601,0.11360530758134739
d5fb0ad6dfbebd36,0.05260145725838036
ab3267950cbf32e4,0.11201294790571527
061b96409f1ecea5,0.06556838866720811
77507cbfe35570ee,0.052104092673453006
a36af5b550eaa873,0.10903867983351789
9ea7c406af2ba7ab,0.12179024045975288
f67f1e53508bf00a,0.1444681905343814
c1e4dc287c41d581,0.0656469425872143
a53a53e86b02f37d,0.068675309831126
608291782c527827,0.0987844298749377
d0ad07399c84455b,0.11117798593184207
fc8986567718f61a,0.17059273274297407
5dc1fc6a5d643435,0.14455538311741226
5c05741c61417dc3,0.1352989582005349
d702bbe78e1fa189,0.04594378483937089
e781540ac8518204,0.06984514745785227
7dfe0b8686f2f32d,0.1196751501268054
150a93d31aae72a3,0.0826707379386363
6eef12e9a09066d4,0.15237214050858602
636152d21bd16667,0.11423132878810123
c7f6af439da950c2,0.0553792764775602
27acdee466fcf485,0.1338080760511815
a8804fe9eee0fa90,0.055804524986034464
6192ee4938021f38,0.13134584273158487
fc02f9550afeac41,0.047235592975828834
7c9ba87d30178a3e,0.13366718843410133
a17444b2e1cdd78a,0.1261824733146006
83df6fde56cebe4a,0.06765356454763653
b35110acb0de3b77,0.1685232935994685
9fc1dd40acc8bff1,0.14582081340238476
0c521eb5fabcd49d,0.06607241471992818
e081802079fcf55a,0.17392851251493044
12aedbe868f79776,0.04772819607599388
be8a2586f0738799,0.16824163655295565
077d63174223dbbb,0.06224224367853162
bf95a5f9268fccfc,0.055099338059623075
51ac7bebc69eaad3,0.14079221750208368
823b8b0cbed56665,0.1284897736679956
7b06037a7dc44eab,0.10478513817607303
c3468f13ce305a3e,0.17325818633383092
82906bbb278815e9,0.05116989287248739
26d93d94ea19b1b9,0.07462813147049906
d59469ecf7c3bb29,0.11733019583734126
7db5fdf7d9e7b81b,0.10091404048381498
251dd43cde3297db,0.10537658723827147
cb1945985d64f4de,0.0838742165685572
4eeb92e907af170f,0.10434052598444692
feb8fa429dd67ef4,0.12163193061263482
4de67c2419537ea6,0.05997495076709905
538e4f56402af36b,0.1511146117767431
a4cf878441380a52,0.13743987344044875
96be7b3de04ff62a,0.13161698130925462
39c3d3887c8c1a94,0.05803962693105183
1921999c1eb2c5c0,0.08966016581858617
d57e9b30000ad4ad,0.11422896543852919
7c4dea060b3cac3b,0.11430030833034026
b72576d562bd56cf,0.16008410426111386
e1b21c89aa287e10,0.06563408455745877
ea91d426f07b035a,0.06978332680314761
e3fe0ea3b0e68165,0.08117143919318259
733a4e55740edd52,0.14134688587857291
e3ec47884acfc533,0.18459382577537922
8b4fc284f4d71fb3,0.16265700614381803
ecc8c2db5ddf594a,0.05396052750941536
6a2e9bd8a0f89c66,0.08376904472567366
330cb959caca2412,0.18043370298418604
d9ec4fb651c85ebe,0.07852346182494634
059f9fe46af8bf1c,0.08651352988995172
3a4738e51c5cab59,0.11383784635993215
2defc05f8aab4fc1,0.1615856102047155
5eff676251527676,0.05303837804492114
fbe244ca19447d90,0.11226024323984622
6a795f7ddcc9922b,0.05564985152299406
31e47d59215b37f6,0.07406501003251409
dc507cec24e10ba0,0.11094666088530608
a6bb01f0933df044,0.057792366867028995
8d856f853ce1deca,0.10499956694513625
6da96325a4517519,0.09558835377517912
1154f92cf57d2532,0.054803510136596706
f6f5511b39bec2b4,0.054836382380804814
52b72c128d8d91b3,0.1308564932510177
75e7fc7c7ea0f472,0.11858972877939622
197817ba33606b5a,0.09916878119702388
c1951ebb86cb1446,0.1574768180072568
c4c41b18d788438d,0.12832249526694553
aa26bb9dcc890fe2,0.13535016667920452
c2c4703ee4c876c6,0.13181545716663598
4c5d7e0beffa310b,0.04886027533015308
83c908bdb66cb2b3,0.10158087149903018
f5402da16c14957e,0.08564001167957784
2ab80ba80d56a41d,0.12660488866841868
1c6b71fcf804ee07,0.12040493454845098
2f3e4501cfcf6dfb,0.08637229942442137
e6dae542e381015e,0.06249331452456428
eec4124d10360067,0.051567922653455465
9105a2588a4a2770,0.1299201296673354
130f75788d8a46aa,0.0881535488111281
8835b5e539659c18,0.08972194527226614
d219e6e0ab855f68,0.12376819516409839
0723230fe86de14f,0.14811757203343587
e81853b0b0f8c271,0.057860357853854676
979af46a1f611253,0.13839301045391142
945f78f066a99193,0.10603644550564806
9fd22540f39891b0,0.043558030483941884
2631c1e94bf99eb0,0.15462434294969443
41d6c34577272404,0.06580023849162862
13285c2b73770aa9,0.0864431263258233
1d2b2b68357f4992,0.07662909580165814
5e3172665089f4f1,0.17800695250759827
9f7be9231e3552f7,0.12602791204293448
6e458ab88b4204e1,0.05370180052145742
10739a7eee3e87cc,0.05756855295048897
a326839f328dce7e,0.12466806929295193
2e706184335e4bfb,0.1747118643611235
e10da35ed5233e23,0.058564344513616536
85df2a159bcafca0,0.12599093623542693
7e459f89aae58555,0.07218661643005743
c5733fd52fad180c,0.1291882354902534
d78be06de4424dc7,0.04843953400626466
af782e55eeec3b26,0.16728885197538232
a5428b7d3e5eb0a2,0.08709910069130562
8d920a6bdb004f92,0.1871788976876685
f4be0e405024df8e,0.1544063615708744
d5059f8f88290d5d,0.10712184335741981
e368d0170d51ce4b,0.08453876561078304
d8ddb30bad626df3,0.07575457422004232
d1e892e5a070ad3b,0.060430163094269074
8a30b24e45c8dd56,0.10797828786393403
7616820e7f2f060c,0.0555126650689455
35bf1de33ef37b4e,0.10981900590081366
7fc73341974a9c57,0.14323883884896718
9f5bd41b72cee0ab,0.07968295131309239
44e5daba8a615664,0.1659091130124645
6a29aa78116608ee,0.12865426995034626
74c36fa527d5e914,0.06863837378738888
65e5065a97a00477,0.1035560793947161
2bb9d6b7e64b8108,0.05515906052633524
297129de9133a71a,0.05986480076802873
e6233ca37ff20ae1,0.113003178316872
e6c230b1db202085,0.15830424904217075
042447db024700a4,0.06246770139680625
5347f880cf1bb93b,0.08460582609340132
f7f2f5d41652f6cc,0.04868184717413679
71ccebe269774017,0.044068681685730436
5d89474915222841,0.0673680751688354
583b0f485ee37a28,0.06115326502277977
cc5a91f4a1b878cf,0.14174346109956823
636604af09feb6f9,0.04776561515467653
9149bfd2414e1f06,0.14605528401439125
69c71a71af3a6a93,0.07290546379099233
5cab1ef744ae1f07,0.11270318687882985
2c01a13c5bd11b48,0.10387847213102923
3dd5148c39f554e1,0.0631334485326217
e55b6c8712632bca,0.10071065963042063
1e70f997f11d309b,0.07113452247411732
0b5140a69c454fd2,0.06418680840527023
bf3433f1790ded45,0.12188490057573335
848bb9f5e15ea664,0.08803336056305992
ddec6d5fb5e1d8e6,0.1612210607195345
483be22ba816efd7,0.08084864151213922
c5e5341d9853e204,0.07418335670770543
21afeb4d02745cb0,0.07897711230389094
214573582fdadc69,0.08334796894468127
1584cb670481cd0c,0.1707452832385583
a5b74fec60dff97f,0.15876067000112162
500761048fa68af7,0.11896651263474335
17911ade8f9db4a9,0.11125754552673005
0d5e4ec73265e718,0.11064448313151987
9a23b511d19c5b74,0.10347738988430151
b0a68b6e9b5aa0fc,0.12727048051054266
f2408ea825dab651,0.08795187980000822
c46a0253ce15db70,0.12235955514999412
280ee758ffb1d1f5,0.09119280081717103
f120c6f37766ad60,0.051377739694076614
f0bd6e897436f50f,0.06787010185249898
d9838a74cd5c15d2,0.05088212162654698
ef4f4beebb23098c,0.13762675320709836
81e1191f9eeac89d,0.10565022661445662
38a4b85540a1d008,0.06312065471216309
583c98e432bf450e,0.09354102472949888
9319566dff410e11,0.09547777157731513
967a61a65ca3958f,0.0501719350179316
78d063e4b7ce7f7e,0.07618430539495114
d2f8e62df2e4ba25,0.12337070540146161
810d2f780629077a,0.12946653716812503
3515d882b6639805,0.11064516389809732
11e50493155c9e73,0.15555617863660035
4ed708372af004b4,0.16219140817996225
c4e45da34ddf3b44,0.10958277750332429
c8a93dd49c2a92bb,0.15712407538363105
0db19fe44a9a780e,0.05085540109267717
2b3538d47f1c15b4,0.06788166868784394
c3310c72d9734462,0.0817123117675001
14085746773f19af,0.05737848849479593
556db80d967a1693,0.08294181236340255
43fc5ae409f4f500,0.10323945156551968
081a87f22c3b38c2,0.14691187601821362
d375cbc133ed4f4e,0.11601859066434057
5ad546feb694ad21,0.11083470720201571
4f93720827de0ed1,0.08301458130415877
3aa17624d6ff3bda,0.0523414948226969
9242e8dc12c52248,0.14325716402385977
6842dfe6284804e1,0.14588206170604884
0d73a6a834744d44,0.09124646796496906
0830204cd861c6bf,0.052935312872067854
66161f0924e78225,0.10388879353606195
496464a4d50db8c5,0.10508470824633069
06324bbe66728955,0.15202672074440968
14f78d4e391911eb,0.04730278006892221
2b82c80f72759096,0.08686472951013569
098ac1d81b9e8c1e,0.15301514635831212
1b76ea6cbf734ce4,0.04668736194631475
0500bc92e5b55537,0.05882791521503148
ac5aed573f280b25,0.09028274493417454
ea03975f1d5baea3,0.08166559057333629
88b17a552fbab232,0.1221972559520564
b8de7af9fcdbf382,0.14765805980397265
1200abef5b424cb7,0.05795749023997485
31b60e9d8cfa862c,0.05802016427106521
893db3bdf6bcd36a,0.1303375838473545
ceb6b035da1d3d7a,0.1175660600009011
4ec436f2d7284b90,0.05752732929384572
8aed9038981199a5,0.09639612031949736
0004c2d09b2a5399,0.1097410894742421
5205db0c297b51cf,0.09539542372565868
fa00a8d5645e29e8,0.05956900417712804
e059a125b2f75271,0.15284046490710929
0a245e9039a475ae,0.1101329832646355
f6dd2588e26ea334,0.15577834913320687
973b401c5b3a29bc,0.06625002466919717
3c3d0acff02d8d77,0.14591092634028796
29614e0f15db6e61,0.1118228221563598
59556138531e1193,0.07297398776210422
6864e194fe467f06,0.10615875149854537
92d1a78a0805f085,0.11277186892228082
673c83d5875338f6,0.15557492418636262
97b9da49283296e1,0.05700549269993451
8e266443d27cb222,0.07670473104099253
01740ec6cd7d3fe6,0.13028198738267346
bf22ef3c96b1cf8c,0.06473590618497103
eceff6a46e6bb846,0.06630547362784435
595cd3775c548381,0.05798025064008951
dc88015ad74c395c,0.06983828863475906
1d829ac1fba966c2,0.07888733625575611
7af5a547c0ff87df,0.06497004676293776
42082090188c20fe,0.12336643808865137
f7c6df36a4354bbd,0.10088114052969177
fa583dbce17dca3f,0.1027316293512403
31b430017b021b90,0.16475021041900442
7efc9cb13b2def86,0.17452470388479688
d06fda4e5bcfc129,0.19304572914879856
72cb2bb85767bcac,0.1510971505637345
50f1226e03b9f878,0.07224999409471751
24eed0e6d7789047,0.1155166013225859
d026da38fc55bfdd,0.07703333459516398
47c591c2bae2052d,0.10265698348398523
92966f857e0e8aaf,0.07079395785561376
56b22e07fb9e4c9f,0.17884327551093512
95e7a0024d29a8e8,0.12206848320558927
77413f2ce0fc0b0d,0.08694568328229436
169ad5f354082bda,0.09439117237575667
cb6a3ddb00bb4caf,0.17751339392438967
c1351ef23bdee19f,0.07006251145624622
23e0eeea647bf809,0.08382330771483472
52cb9f8084c2979d,0.12231959728395235
7f071403034451bd,0.149725757799922
64c6b8a675d8d210,0.10809080558679256
25bcfd9c6c4bc119,0.11401261254853723
68234d071437f6c1,0.05384965977471604
cdba54b09ad0a5e0,0.06331876227652651
8b2a453d25a9793d,0.10716237811930641
379b3cf15b5cd618,0.050034396898679584
04f8b3d8fbcd3c09,0.07571609806652452
8db2aa7a87a0b0b0,0.11997152809842132
09904cf5297e4c52,0.13819631801422402
e5d6021439d46003,0.14615520082503505
87a2e4212129d19c,0.16491809940303728
e218c57596992271,0.0963331986324663
18b98da5b42722da,0.10096853349128758
449920a89db3ac7d,0.16986075157888422
9ce041cdc0639315,0.13001578510984285
722f357fdbd5c880,0.10492692641675821
d468cd43dc6a08bd,0.1344243950987517
9700c7a3ef819ef3,0.16034370728685063
b7f1d881f8c72980,0.054712984011504186
b23236c476c94144,0.16982522428878433
18dd1046074e1b37,0.09919193488644477
55f227029ee88bf8,0.09838785666021765
5e3b8e365345db58,0.06746596275828814
d97a5d6269148ed6,0.11988769378625184
ec6dfb974b3c0b88,0.13497264542165432
7ff4153e9bc66bd5,0.1436778055249273
70ade30377aa52d0,0.09370044190011789
e81c74c9a5e64310,0.1741194918745771
27609b892f19ce38,0.06682931563856202
665fe4d9e267c32d,0.14694034302274908
e4efa861a25c36f2,0.12665255704220307
707cf306deb0ca20,0.08621028040553995
53a0fc682407a107,0.13386923412421484
4bd91ec011ba7743,0.05766843741283223
3b7c880189ffdf65,0.1148383789182265
c5f1834657b1d9a8,0.12613204907416353
60a043d7036ea402,0.060375369363924104
d69dc65f9a8e3647,0.08437942816933353
c3978282c1335961,0.12912731187152843
248bcc5d97740cb9,0.09497220368327856
ba074101d0551828,0.11057779572588734
f22fd6cc76b9eb99,0.0454564863527555
cad3b5acbccd1a75,0.05374854614821852
4e3d749c5d0d8b99,0.11310227057512057
1024028ec93908ac,0.18837557105395009
db5f96700f81e32e,0.12790953882558295
d00456f5c537affe,0.06851438648828094
ae6c9a4ac1923d77,0.06585698557468424
5c4ef0457f9b795e,0.10096386178168311
a36087b510ed1bbe,0.17090655214346584
9700dc3668cb0d40,0.05232858483481029
e404394c28efb780,0.10293541432209308
0720a1b755cf55ed,0.10403005317126497
035439e10d353f33,0.06894389526090194
53421be12c0c7d0a,0.161708468258178
c76422f9c7f1c224,0.044789259212706
ca75e192477ae30e,0.0780911009573705
480e9e2f5f6eac7f,0.13939370866957895
b1b0c9414a07e81e,0.048255821274286285
e09f31da0edae6b7,0.07015072408436406
9386dbd09f1eea31,0.10415508300505993
4027ad13f744ab47,0.16473787729891
dd57f9a9617410f2,0.1412527368471527
53816ae08db4500d,0.10333582342922103
d39479f04b318c0d,0.10365876722274159
5223cd189c2850d3,0.09310437768495465
8c0a9ec776187a0a,0.04552672855236937
387c460bf9c82eed,0.13007527429065938
1fd31e1faa118ee6,0.0571437591008828
49fba05cb591b00c,0.05155245566104808
bd80ada68eebd0b9,0.09185695302610834
0e3f686f072a8a0c,0.06218295495524049
84925d826d461c4d,0.13799225362599446
a7badd0bb8ead7cc,0.09643485890759684
e2c838fd32fbb729,0.08668779789101355
3a6cf220f53b4cb4,0.11320684121186649
9dacb79ad9fcf34d,0.066780673003415
92aa4c1f7f258a86,0.13893646535272183
c85e22a117db207d,0.05268051093363683
c5acfefdb9e64f54,0.08556764752201379
26015640e05a3378,0.06635030822736354
834b3501453f5c5c,0.13682978143298394
42af151534cbcca4,0.06914564054421507
6342222ab4bd07c5,0.15594189966304065
cec95d0eb86b553d,0.11678262749088646
b4129a57f4c5c1ca,0.09580399739043972
8b51d76d9c838743,0.06355699112585327
36d6124fdfb6b5fe,0.09258396477701873
2212f9196bf749b0,0.17543059020446514
fe9345df75362fb9,0.13843335469577575
75774ccf0b19e8bd,0.044112783661012726
026c096720d1702d,0.13011507426914717
6aca91fcef83cdf6,0.09671784735292482
8fc4c42ef85eb9e6,0.1507620741056603
1b64496c26985a3d,0.05508210856274678
591d0017ec185df0,0.1102217796947772
028968c773b11f62,0.11955681164640553
3a09eb47d1ba4acc,0.04669388941709677
000019235d24a363,0.1188214109162794
ac5122e50d1ce8c3,0.11586198144154412
7d4feba02220abf7,0.05384402618986039
e59a3b16b4a6d416,0.16017113720283835
84a820be4f12f7cf,0.0533592331776107
2f535756a73607c7,0.15648981305440682
fe5a15197d453416,0.055525550324407404
dfe7a446a8aeb1c9,0.05254218818237985
0ba28eeeb91393c6,0.10202629063924103
6cbf1767b759c6cd,0.08705482333995362
a6e42b03d097a184,0.12789684164123438
da6efa9d56a293d8,0.136796790011802
20eb958ac40ae3ec,0.06643350024631305
861472b884b8b80b,0.14938210329258683
83313fb5d3e30121,0.07157929757914681
75c00015b88462e9,0.1664898736430119
abad9a6070f32056,0.08723562723603423
dbb0ac574180786c,0.11713181057583538
1ff23956ddb48080,0.1814426087680415
1030748990c873e0,0.12811251645987815
3b392b51ebbe98a8,0.15603354585321724
9bd3ce96b5220545,0.04850353949662515
e80afbedc991fe85,0.15966433000302033
b892e30bd65f1cf7,0.04842749883977653
45be6aeb64cd6e75,0.06557773968733654
10b2dab220d2112a,0.12703839512202866
397e2c46ae990a0c,0.09050454045640582
19d3b02c14e869e0,0.04909643339918799
cd4dc389be000277,0.16323661083466942
fddeaaa21cf9f333,0.09276119642413731
c73cf810b1eec5b7,0.06669561769496084
2d89c6930c494b36,0.11869259938299677
731c1ccc4e036603,0.0613921959334055
a9448f44773fe67d,0.1260174688681254
89d7d09573e87744,0.136428086128791
09a1c2b53c31bc10,0.112621524982234
6c6319f9764e8514,0.121391434807209
f56bb1ad09aacd4d,0.1422914547272214
a49d99323a265849,0.05777352794395987
3ee9be6434e0e715,0.09020782010840743
875debef7413e1cb,0.11005551029864909
a2d775ceeadd24c4,0.1474616234277952
18c8aaea7c834671,0.14515598087483167
df0c46251bada9cd,0.11037163515619597
aab9add2fbc56aa9,0.05426411676879426
a6fc3e9da5c8e555,0.06777213366418659
f637661db81b90bf,0.16579323741277505
33f67c649066e956,0.08018864115906114
86c73cb2d30683cb,0.11893656574690198
b5c00f8557fcf692,0.10797243717276493
a2c9a8f18d345227,0.15054070400809091
5ec5cdcb7ea71186,0.08099304236965214
0f3e463f9177f7f5,0.11505121527989876
4e7f08dff5d4d708,0.12097128676123643
3bf84009bb5fc3d5,0.16123386205807125
51395fde52e82c96,0.11449045402024294
11111626d4279259,0.09962643326653542
ae179d72addf4dc6,0.06683964886675346
e88ef89c0abd640c,0.05040908703926577
c514af589b1c5c49,0.06734139704332967
ff07eef5fb056c81,0.14742936449698607
96fcc4e5d6f59237,0.11982724321671874
28c21a0768568fe3,0.15692659132707443
73627db8491905c4,0.08593919083219141
99467bd1e0347c4f,0.050826319781751124
f68ba1afefa7c356,0.1452370206622475
f2dc825ecdbac412,0.06834313489224116
4aba146c1a03941e,0.051732239744342906
80d5d6de30bce75a,0.10080723384534356
07139bc3c4fbcf8e,0.16015753665253601
e20fe10aec859d4a,0.17384934257035192
7ede37b476b9198b,0.10275020901356113
13f259dd7b600fe1,0.0663117016619745
351f432cde665f41,0.06014328116983499
a0721905432fac03,0.16672548794864125
c64298a4451fa34e,0.11913623053803148
4498869b991b879d,0.13373361253089114
17636075cadd05b7,0.07380269559402725
f1a1bbb6f878a877,0.09761957318921416
0eb6903ad4fa3f90,0.11497940009036196
3188bea8d6f5b35b,0.13324296431250415
c4c409536eb6c51a,0.05023419198028711
d280dab3667294dd,0.12015104951347494
52c6f5f136513403,0.08882894455128831
5090d67fa1877997,0.08473175373551955
16b61b14def64393,0.13343782378421565
baafe2fb18314839,0.052627571143599554
4dd870bba94a4e61,0.08327032645140363
09dc62cfe943169d,0.05225501782953045
c479d440fcf7aa16,0.15612056695743745
8afc03aa50ceaa11,0.13262348996353074
edde45a77638faf8,0.047165766162306576
6d7692d9c32c3019,0.0973453456292981
5732b6767099399b,0.08397563628289156
17d91b5e97f3116f,0.06195902197086167
0d8f39533be9f182,0.12957635479631982
fde5949373183adb,0.18229060671385158
958e0e17661293ac,0.13409793355654603
c5216e7c4a482059,0.06499398793539929
903c649790deba31,0.057714714754263256
4a0069fc3386e06c,0.13656213706104983
a8ed067c70e68299,0.12672527620537097
2739c45027efcd82,0.09501562001938824
9cebb6633780881d,0.20904141780490457
61795ee62a8075d9,0.0492629708799431
58f2b934b0d49345,0.11797262020124809
dae79d85843b121b,0.04704602680606502
2a1568df2de08c44,0.1320059787963524
ee4fd2a6e3a78dff,0.11197982037637212
b757cce25b9c26a4,0.06556091268361587
66ff45cad74a6679,0.07840350914477157
b0017bdcd541c6d4,0.07369958796188265
a3f277c9b5c91e67,0.08847826357170839
a5cf1cd034f1cbe7,0.15718958202384664
68c1e518bbf4e77b,0.08115240589922691
39bc60ddd2106538,0.11481366126004781
6efa72d0df99c34d,0.14513463551810224
ba7209f117ae9238,0.1450251110656184
7c5bee138819f339,0.11652834224429633
0a18482d62e5cb36,0.1165615827915382
8e35efabb244500d,0.06985838473945215
43a9275d59ca040c,0.1176668682792344
481df5704a84657c,0.048854397570776274
4d8d82c65a5b6227,0.04997477850073114
f93eec03effd7d38,0.11598178458518184
3ffdcb2a25a0754d,0.1178959196174667
95109279ae9a6a9e,0.13706397825687525
d6ee9c0efd68efce,0.10270637644226381
74c4894e7bd0708d,0.05586766384689782
d33fec8f45769c79,0.11953077704949755
8fa4532d6a6caae1,0.05863333916758464
3dff5467e3be88a2,0.13457617224620977
fc6d9a8363c4609c,0.049301458181617824
c9cec12908a9bfc4,0.07633875874970451
a971fe519809a939,0.07118108842258686
5ef5d379d20d65e1,0.11190022354569541
e3fb799669853199,0.15797460706071093
6f8c415e8466353c,0.09249867671409435
6a84824f0fe20d4b,0.08688277869371881
8cfc43e4b7c26f14,0.07024206982948523
de7c6a12dea21dcb,0.13436558667400553
d478e64abc5e2623,0.10654670562213918
437101bfe8957347,0.110856064717314
6e285e3b9740ddd7,0.1304729495564696
c3ad227a535c2fe2,0.16637349801170587
8f43b3a85065f086,0.14859634625048104
90aa3a900822f96a,0.1346629521365968
c9000a6868faa0ce,0.126557497184541
32a000ae2024ab05,0.05755839412768859
c4605d1a5e5e5f5a,0.12373994238521872
892acb659d8cf3f0,0.07729934774087782
c69855f3bb4ca032,0.04013839906559181
edf73aedf6b35217,0.08528976031055895
8877ec8e52d1ecc5,0.06107140436888831
fa3630178cfa8ffa,0.049936257474736574
9f5f7129d1af2116,0.09628587379742981
5e7e17e9ef20547d,0.12623521216791875
a0bb691eee0adcbc,0.05203850038709515
47aa950ec1d03709,0.08558112133300833
89b3fd466c092666,0.05110887614474524
f58ae0404d156690,0.052492573357019456
766c4ba6be3c0785,0.09887778566178956
eb2e4b71d64f3173,0.14025723562730028
4912ee4332177555,0.12650814248208317
2bef19c70fa1eb95,0.05785395852755676
c6686c6fb6297feb,0.14698036527708322
67508ac580fa166b,0.10163933015579947
ff311f69cd822985,0.06805418515550113
bfff1dc879c76509,0.11803388355690636
3d1fb3f5ce631cd6,0.17934134105718447
cc268338bd6cf9ca,0.1336655095374297
d5798960a3e8183a,0.09361768923895124
11d573b74ae9ba82,0.12969360450289394
8c8705f908dede75,0.18618457684939757
ed2bfbed36ac2b84,0.11655530478462532
89361517fc2f10d5,0.16541155644488567
1626bf6a9e33402d,0.12304471526654065
549de17e617d4cb1,0.05360746408481263
241acccc8c4c5c98,0.15383673148134144
ea3cd2074cfdd18b,0.051840454010397524
3482477cef332442,0.13343132850516715
4f0e6d903964496b,0.061429071202277565
55f5ac50a1704cc5,0.1039123454668409
2754a911af5ae6ac,0.06556827374440995
f2e293367584282c,0.18837882450236995
2efb3cb92bcc9b98,0.05514917338480919
5896699316dc3ab8,0.0796821783098963
2d0483ceb9c643bb,0.10732812858574259
efc8974e6723a58f,0.09038099815661994
a6a0006f726c94b1,0.12461460117031971
6f5c59612f3c92fc,0.1694548738787638
c78209036cd357a4,0.1375532220103979
db9a3030e417457d,0.057187376191064114
99988b482a1d195f,0.16221840324106993
52e13ab6586efd97,0.17947325759393662
3e8fbcc54eca7fca,0.09005556836987542
5bd1113a10668c30,0.08418432746299827
4bef48512ade85b6,0.05724300568904659
2882464c483cd0f8,0.06501952656083199
079b1ed9350bf75b,0.12675833357563693
7063caa968c586c4,0.07947233120770365
ec19c34addb8624f,0.08006797340442721
8cbafbdb15a9de28,0.07623260319316777
a38115fdbf75c1c5,0.115920770100622
6d8390c7927568de,0.05059535527931212
00981f14236ef71d,0.15076448050284505
12f84fa2b4c572e1,0.05176325738120768
ca5bb700586628a5,0.05374963167105281
4a7058a9b89ae975,0.060478989151342165
878bc0b3326ea889,0.04896219461505814
57f748e3454293d9,0.12092325410238436
07949795ad3e2e93,0.14664390111646317
8cfaf8d91ea4f1c0,0.07340486633240187
0973b331fb200feb,0.10736298826943384
fe33cc8c6e5126c9,0.0513411574780697
95338421b02d6100,0.1363871762109363
6d14e413603d239b,0.1158922155948305
8dd0a5354bcc36ad,0.13725226446543268
73e26e96853b1101,0.0576479178208252
1d9173dbd30bfa8b,0.13238289055547917
b8164626d047cbb3,0.10159835942256483
0fb7907993c4b37f,0.07538052889805903
59ee8f98bf511a26,0.13870731068485662
0c3008cd7e493e83,0.13325184134978516
ca16172c325cea2f,0.062294720807890745
2bca85f81b167432,0.15366305849107073
22fee0166c140a09,0.16773617145715924
e2724c0840a5145f,0.10037075156710573
f36672a2c0e1cfac,0.04499876682705171
1fb583d94ee99482,0.15031335044327648
02f264a344c830ab,0.10748966832572077
4da6645d6969cd52,0.06734671818039473
44dc081e8f45104c,0.09665478320381678
2c2b2f0c44e4f0d6,0.06493583432664386
36b10927a5ef8124,0.16982612180139736
c1aaa1a11b02c7a6,0.07753473355463025
052a4c4d54a4bc92,0.14131620017972193
d52322d3a4091590,0.05495412590309976
836f3b0ea82976dd,0.10600834018761056
76fb069dc8449b55,0.1153958599290212
9c73e1140fc59c02,0.06736334776295676
ae6c780a01769bbd,0.09878891345917544
ef3be0cbdd14848e,0.06380287399306776
3599f0b9c0feb095,0.048694000882691546
88664205bb714f9a,0.050196293945295435
b978ad9fbc2debb9,0.0989145196028967
c82c9b618c165d10,0.097362245933738
0b15c07bf352553a,0.15060215703138222
7891a28610913711,0.13696802311857506
ad4639fd4e49662d,0.05768061267084445
08bf7df7a564e646,0.09688697088682184
7ed362e9d16716d9,0.05622223623017578
0ad5b72ef7c0ed2b,0.09661285234631752
511e654ff2a5008d,0.10029760615898053
c2cd9bde4b5e7a21,0.1421179190643778
5b3e02e26bec5e7b,0.12473834671117227
89c64c8f9efcecb3,0.1363797069557988
a8f6c6e3e62d6b71,0.07920269936551373
019cc0b8962f5cc0,0.14460426921445826
bc4e4242db6ccd37,0.061361251804117306
3fff2ee4dbde3d85,0.07540993606702315
dc37fcbe553235d5,0.0945794770193457
3bd0b86bbb97a337,0.061426637641504224
4992d9bc07447302,0.07744674959813716
bfdf1c0f0ba7cdac,0.15471522671090623
a6ab2d1d53fe912a,0.06646685071568156
1891df3302c7b348,0.05730431148949954
b9959e103e10b920,0.09657539473317787
0ef3c10f8c9072d3,0.07329618463336439
a10619d97fb76c2d,0.056288869608606344
0863a38392b70b67,0.08783242791355135
60b64acaf466a536,0.1303386201758727
12e3e5d6d9c41e98,0.15347961557519207
9523154e7d045c29,0.17106645558604983
c75a93ff5b4249af,0.06462351611125812
254953a015ac6eeb,0.18376580080611582
800fca2f6db1274a,0.05489893963146969
495cb7b810650027,0.06391703965262484
32f2ab9bccd62523,0.09787021964796895
710c1a24eaeead5b,0.07391377159751074
bc05e8a0b1a36967,0.0963158656645668
7f9c858cee39c32f,0.08421064225080355
d943890ab2a0dabc,0.10218521725194263
e8365a58644b452e,0.12826865536969662
8b6555b1e2375ec2,0.09076912545370179
2d05b7a2752c3cd7,0.07805087346706889
cae674aba0ce36bd,0.1506198995351414
ded2185f98f5d222,0.14202561994428317
5aa4335a084d6172,0.10147223997250494
ea84e8283949a22b,0.1218242048375043
e05b38abdcb5ba20,0.05545059329142286
1a8232cb16668217,0.045290507851011685
964453e5682c98dc,0.09556690185033938
6220fee3bc1e75ff,0.18039206292985446
44c74ce2f7dfda22,0.1457733283413321
0e420abbb67f6653,0.18278135785020175
381d753868abf15f,0.06697480250383869
c90e0c45f7fc22d0,0.05102482420625613
28cc75a35f51a8f5,0.13238123235996585
3ec9f6c06061e5fe,0.15019551076415907
b014ddae55b634f3,0.05525737676196744
90879b42c1e54236,0.1249497941493032
7e62b4fce61bbae5,0.09629713683536666
6e384e2ddbb3399a,0.10118592963567148
6f07849a73f44a97,0.20463416119164538
f48a2f5d095509de,0.11506661979489985
ba999a22ce5b3fa3,0.14864458763327945
ba9181802cbd9401,0.1561526825897812
bd73bd26225890fa,0.06366593066843362
64c38fe6742e3036,0.07120850716155594
df243043992dea1a,0.09983040653892468
0119114d3ccf9eba,0.16163344203670657
f21453041c1dbfb2,0.0545769014149721
65850a53164c135e,0.0578509710096367
48527244bf10d792,0.11273597043343825
cd4848b0c5d09b82,0.10036178287567397
d29250c293d24f3b,0.1337030392984242
8e49853ead7a7782,0.06419200825124596
c4468c09563855e0,0.08843501365633795
06fbbe29034b7d22,0.052399470849749614
85f4de85a28f72e5,0.10394224974728927
61a2fd323396df30,0.09503559848374671
57131a5c1fd27b0a,0.09269636841838924
97148caf47baee80,0.12066757103460683
bc00a7f9820c18b9,0.0597654937317266
0774fb3a81023543,0.1279442881869203
26fce92bc23cb74d,0.14551216160012045
c97cd71a9a738f03,0.1042655415641064
e241738a2d4f1fbd,0.1368825518564083
da7df03e550c90ab,0.08935801384431942
35c07da89ceda890,0.14080414816114387
5cf499e1908cd296,0.09177755153301703
d8e67e20d907c472,0.0922289759325114
f3135343f9e7c1fc,0.14871699133239388
35e24477ff3e4121,0.10677969060106313
ad3c1d21283a66e7,0.12600407202303213
fa88a2d04837aa67,0.14615531471679535
3d8cc5538995bbb1,0.050277440712733816
2cd57b0959ffa8b8,0.07035917898143307
abf05406b1a91bf6,0.15688316830228127
0f7b3fdc5d781296,0.1804466972327137
03365bdfcc4be998,0.06322353653913244
b46302fe840c3d5c,0.09707613961322854
b1f966468fc49840,0.08546913538210654
6adafe7e6a6e6865,0.17809099148709961
e92c7a5333472aa1,0.11079397245998118
7eabeacacbf8b37c,0.09117149314332916
655d9a938cd682a0,0.10807151988601148
a26607cfecac0d77,0.07482698770843865
8d29e784c2fbc4ca,0.14649110255741707
0552a72825b82f4f,0.06664700608967648
8db26f10038d6705,0.07632177348156767
0eb4f40d8b4a0e29,0.06882437143494667
a1caff7700882d18,0.14692973196522027
ee70a37197156928,0.06127897163319288
6de1b2f62b6369e2,0.1352375648942579
9c2d074867b45c86,0.0821096128544854
36c975ccff63cd9a,0.10645671332591289
eac85b26c054de88,0.14428601392935825
318d374ee2d57a71,0.11277050989689959
ea743176167975bc,0.1030811886274578
3ab9fd28956b4c1d,0.059977566565374535
478582ec139d868b,0.12022261725819638
fb9d44e71840eb0a,0.07601463606832978
bd4fd0a37b2b9312,0.1134560725129397
5dffe03302a0fce9,0.14443129731673243
d94e1f4138ee9631,0.08903725623492091
298ced22f474a1c7,0.11206520269655607
0268d1d90c8858ff,0.09597488717178626
84cf6eb7514ea305,0.05367381792752655
95d0de11255bad7e,0.04546030604032425
9df308f6f0758e94,0.12040989007578677
b0fb6fef1f3a5762,0.10374121136702208
3fe46d292459737f,0.05455626825630531
6bf62b52eaee324d,0.07270407642966815
8b6a50f8f0d1474f,0.15388147091741033
89833118f346eb37,0.061591755308079504
48fd781830adf147,0.16027618058321078
209845b666a00820,0.07924888170842485
f23faebe09506cb7,0.12966367667774753
5f9584bc58bae0e2,0.055698230989589065
a08d713f9ab75910,0.11690828487679927
5c4f577995e30921,0.17922744314945638
db21d37dde61a7e5,0.07578784179757259
d22dc3977ccf9208,0.08901857600767067
d0fab5e12cd60c77,0.05217158073244634
5293676c6774f75b,0.05278550458536573
d3ae1f0b7031a78a,0.06875913180222525
bf57f1265cfe2fc2,0.08482830563722417
468b54d83b570a50,0.07402343938772761
134c07b69f25f030,0.10776774792127049
2cfa14158d7d3661,0.1312611694294712
a87b1a98b2c48b05,0.08973675992849618
c0bed62168e9892d,0.12915370664228307
fc44e0d5137363f1,0.09856323382450903
1247308f81ebf41c,0.04701117430202211
083caac4b6cb4eba,0.12375364817389223
a9d470ae3ce0af34,0.04785666570547755
935c423d001e7dda,0.07035246127066426
d096b8795c71a6e2,0.160091211199323
2acc0dd1e03e59b3,0.0966385397184069
bdba30d6e4c5095a,0.07716518961777406
57b0ac86659a9329,0.14019446037288855
23d831dd1ba487be,0.047617527725415804
628b14a47b392334,0.1424300243209015
76a400c7177ea365,0.08647940346218493
86ab9bf8f20612b3,0.12037793192911662
fb26e948e7444ee8,0.14266585984369548
367ec7e6bfbfc6a1,0.1559215457656606
efb297fa666f7cca,0.14762940621425777
0a0f715a63ed4738,0.09466960770020488
00b759c30fbbcbd4,0.1636343432337733
4c133deea22458f5,0.15532801788421338
b354cc89789a3136,0.13402368155039054
f3595bdad2050118,0.06449881208025132
2171a4f574746f33,0.11524746240990609
ce89301fff62a739,0.059622845877557916
f4786178a6026169,0.1113785194088156
e1db1fa3be2d2bde,0.10425223267284689
05b896a0d6b00e98,0.039041438787764074
89658e4ea0b49c47,0.15738797330959545
db78c841ae5796ca,0.07204496685181074
6af4698b636d1c84,0.08554892207194169
be3f82b0567a0962,0.06712197271235583
1dbeb642447425a9,0.05056289885114667
eec325cdb9dc0154,0.13051505613469894
cab58c1297ee8294,0.08613591527266325
97e9bafef493dc0c,0.09381589807717072
c738edb5352110f8,0.06973518513650356
fe298587b58a6ac7,0.13961987693724948
b01b2bff457f7030,0.07389339931919921
599065c0cda14c65,0.13548207984399155
feb91e47c3d327b0,0.0820385955452733
1b0d5c427077f7e9,0.10578957764381323
6c1338d0338c0bca,0.1403555524033122
aec29f6d68d9e001,0.051670065443030516
c6567adae6722bc2,0.1303001468331004
c6e04efe9811e16f,0.06275079617463802
eb86688c957ec913,0.13250873328000543
a450a6576dc20dbd,0.09572001579861449
b700f2322066f731,0.1673830692531523
a4302475b7326abd,0.14416452639846047
af5f8038b513a4c1,0.09084272087199219
0d73ab8c4cb1fa9d,0.1696630087157643
8ca59ee3a85773df,0.058800215578524904
e3f7ceafab0856f5,0.05318552354623512
2445f30cdcdf58f8,0.11311507567826572
23b0f57c015407cb,0.07284848259253605
2750f1a3f3525b16,0.053304987671698716
4d1502e6806c5f5f,0.09106120592304157
9cd2cc7d553443cf,0.09476781116946786
5e314b952cc18869,0.1231165511756439
e8851ddb49233587,0.15159815699516302
6339c240bbb14c01,0.08029100663226653
196ca6bac51b24e0,0.1019868615709456
ff664b7817ef187d,0.0478464514477897
1f50f2cb8e01a9d2,0.10774685239272717
f655a99b43cc6c6f,0.06064912052641025
2dc6d88fd87d67db,0.08782656542751711
b61c9fd4a46a6bff,0.05116286162174436
478a862e9bd10007,0.10634643784868815
0b9c9bb9e3bd1c5c,0.07756892792751413
8ba72175f80e2cb8,0.10005943837282644
80bd1c42bca86409,0.0998761971959962
ee7025a20728385f,0.08256693907994787
a94a734822cd1066,0.08986347322243754
9e445d829547acdf,0.08189256917614178
d08fa8b4d19b0300,0.15143282255551876
8ef8adecee83165a,0.16171501916659636
476933f8311d441a,0.13710601973690306
fd9f323abdfccd58,0.08964821343009306
fde943f5062e49d2,0.15307577963397903
32e1723a53483290,0.08425642077137123
3189ae9ce5829fb1,0.13187974838423355
a691ae869c7c7c20,0.13138287395141365
aec6a61870dceefa,0.10858520180581481
301339e42c2fd935,0.11073696909233999
33bdb599f03ad3cc,0.05034566607194613
ef958079692354ec,0.18005058334911794
6b9de167c2e2a382,0.13838782245272963
81a3aaebe87a402c,0.06549918129142142
78734bb73a549d35,0.12802255467840107
801a31247ebc0426,0.10200207330936957
703c72ed057e80ad,0.16381885776321667
d512ce41ff14126d,0.05692650298741269
b14adfc6f2de5274,0.08750780103933387
3ffc252e11d8a5c7,0.06616066051960191
dd94c4e414636803,0.08085857721168903
089a1dca65e44b84,0.1137611546335472
95e32e732db3ccdb,0.07221684205697658
aca38e8f736ef297,0.04694947543935032
78b2b40abd748fc2,0.14025758146709452
2595c73b081498d2,0.06594855303155622
4821901eb98463cf,0.14262214554424762
81f36fdaf2813666,0.052167698277315544
1e80444ce87788eb,0.11693271919251168
47c976d0b2db324a,0.05481772072461805
76e7956f7212a4d7,0.06939030413466055
2f42d37419bdab8f,0.1923667140980879
460717034c7c127a,0.12233345169034227
f46b154a36f88b49,0.0991378682429392
af4a2f1334861acc,0.1500770776811942
cf562fd6a1ec6763,0.10714605325335812
a58fda4597ded16e,0.08828672724438523
7c5b545797c724f6,0.135771018224585
cd2d2cade053f8e7,0.14281565756447004
0d42478d5f847ddc,0.04198254338551229
fcdbc1ca107a390e,0.1632758319730064
4a6cd78198d5a5ce,0.15499871507950633
13c39c2f8d3cd810,0.05406113556032039
c79d8a5d80e7f04c,0.04600238135121861
51a701717aef4136,0.17095670532626436
4e8d630667c21f23,0.11805277029379009
9b8e9dc382061f91,0.07612791290892967
fddd94710360c28b,0.09228378703535789
2c33fa5f3f2d5e24,0.0544641602336908
3ca87064dc34dde6,0.10814570956211571
c9d8edd3fb7bf971,0.08995852218131402
d582a1a34b5b977c,0.18023155015736045
2fd593bbcde3caa3,0.13751481672929414
d2f2308d5fd09adb,0.06350926645495807
dc6fdbb3f28f8f2f,0.14329899270579294
ba8e32a15085aa3a,0.13704330864008343
3ecab659633b8be1,0.17560086611993586
80f14a6b7deb5266,0.08603634071328037
6809016a071b3b5e,0.13590411890909515
d26156516af475ee,0.10343130706329347
7946e76f5438edcc,0.1218519877283583
b11ee2ead8527494,0.1246747009432015
03e49d963acfe851,0.06977567413455298
4a3e2db752cc071f,0.19775811560545695
6e5157888073a37b,0.17430913787128519
1f7bd653103f1863,0.08129909879271562
5cc0f066c9d8a28c,0.1263249786812598
61240fe8a4dc9a2d,0.09487257953506496
ab6cae9885409088,0.10033879645682973
c4e40432b0ffcfda,0.11368568377876159
1f7fbe6992fe8f33,0.1173069708679564
94953e6bc4d48c7a,0.10544181609809898
e1f4fd779b279dca,0.1994603694841255
38ccb655faf1cbcc,0.0638149477215557
dcc976ac3a08e676,0.04446498276307093
8a586d58683ab8fd,0.13551191821086572
9d1f98568599273a,0.045293624227721374
f5a4bf16401623fa,0.15784032000341555
42c6f25951f7db7b,0.08008625079811578
673b99f498fb7880,0.11132894886633447
e4f2c6820273bf2b,0.15370170343417133
8e7d37f34a1f3efa,0.1918341223412493
ec4bdd78abd81c4d,0.12070373294543857
a15343296b9f6f42,0.14533247486476675
dd76563555eb67b5,0.14378000602762514
3ce8de8291ffa6a6,0.17332560056476118
1d036919bb298ab6,0.07130303077140404
9579b233e83fe284,0.0676009611032614
be5c561435858f1c,0.15821145437506637
5cf1d9bf22b73559,0.17487238867112684
d5e3e7616edfb5bc,0.052215954751004455
ad00da3aa56f4d7b,0.07689925013739866
0ccceb1154debc59,0.13393529889256375
8e2c8545bf82cc60,0.16685273972598202
d62e1e8938e1c97a,0.16021811545574174
a8dc86e602a746d3,0.20359710176554502
c4329a7f54415286,0.09831024254982353
04ec4184a6a2f40e,0.12732950381300182
a8874aa6ff7ddd20,0.07413038093574792
c9a607048a5bc5dc,0.1582934433541345
002c27108f6666f6,0.06856275549068745
e4f6a20915cb1601,0.07557400614235865
bb014c28cd6924bc,0.13264892185765428
196e2f507f594bbd,0.0776520819634473
9f1be9fcf021fb5b,0.05474942057834122
9391d5f366da4c40,0.11850174556554866
3453a5ca3d904777,0.10507312781443212
686ba22e52de9068,0.053849599900725686
3553eafc050e9c0b,0.12125668727660865
edab086e1fc56c68,0.1826414988759175
d79a009be9287b82,0.11242430579890755
b86e1b1f8503684e,0.11306885133920586
9ad70763cc07c36c,0.1781057915625739
419885390abac7a1,0.04562360021257328
70bb28465e350bba,0.1486476123978533
d2fe3be15c7a040c,0.08901458307542374
df051580b1fd88ae,0.06350978922655341
799dbb3bc5de0bff,0.1401638717721668
c18575ea64f02a42,0.14314983908369922
bc265e458d29169e,0.1623689276436792
d59c94219a63b100,0.13622859564051196
0b79c6776df906c4,0.1378328619156063
1bbd089c39955fe1,0.09458571832313338
e07ee63645347087,0.10203336377019534
6795923abfe3b196,0.15896716922611007
f23bdf1e94c91124,0.07312977296836444
a1fbaeecebb55865,0.05652753330243543
bc95d3915a49249a,0.09446491151488438
c565efbb2d18144b,0.15885040630768735
321866d63b3b1b00,0.13285646800631462
50ef5d8288aabf7e,0.07111852901961234
3948549457628975,0.13577844621344046
b958074c10bc601c,0.09955726618411724
f075bd7b8efbf058,0.11322342747218678
f05a42508ffff350,0.11778817520515883
3c1c900935bc3285,0.04975994697874142
cba59c1afecb3734,0.1094528000886928
013e1691ae9f7898,0.05712944065547742
ff4fafab1f01bf0d,0.18137825165359378
16a52132c026c176,0.09299290950997562
7e6dc3264a60f3c6,0.05278915601336238
fde7be20171bb23d,0.05300668007677215
4709ae8a61f423da,0.15057324634158578
f2f7edc4fdecd842,0.04717871175336841
81421fdc47bf7d1e,0.09794204412541689
e130b6363bcbe974,0.06643722197095586
8b5dc994eb4224ef,0.07463320058320172
ced09e40d6cdb2ec,0.0632363142656671
b65873d2d6509482,0.08711111078745822
d663eee7b55b1c09,0.07061734998512392
e8ac634318c1c070,0.13241718968966318
9861a481912689da,0.057843432274709
c170f4b630a3b239,0.181946363412769
31f66aa5ebaf2ad8,0.12192820897643752
31bc47bb1448c433,0.04996062339496931
79eacc58c9cd0f29,0.19065089227777257
32cb3b1b23ea545b,0.08468765076102312
89357b6904f7d6ab,0.09196439143618503
0d9d1cf89bcda082,0.14062802094292573
7c15e3fb5080a6af,0.08882774724314162
a8580d9f4b1f100b,0.15434289414288005
ba1c0d81b8bfcda3,0.11238647279064523
d5c76d632f469288,0.1774186318998959
4faeee72bb8b4acc,0.06293492533856641
10875f7f7d53acdc,0.0859261865292461
3fb5a4da63283ba6,0.13607348566508334
6551e600570cb09a,0.18285515874318023
6b4949612595764e,0.07440066715291654
d45b6491898d0fdc,0.06415365417386909
0c40fcc6d696a66c,0.1009571442852209
74607a92b5ef932a,0.04847751654106436
e7bf586ef35ff70a,0.07089954382781298
65e0da070f27aa66,0.08207302943434121
38a09fd79a425aac,0.10129469882794066
aed136202b0b58d4,0.08186856047030434
5f5b7b68b01d1299,0.19938562255759854
cc5db835afffd307,0.09986707814873985
d8842b37f5416b48,0.12676069565766593
d8aee4335af252d3,0.08044935418950616
00494862dd9b9e04,0.1140233414560427
95d5441c82b1c46c,0.20046679636983133
c6e492bd428631d5,0.08661766327363417
598200ada2678880,0.1453015544502234
8094f4dc74add0aa,0.06996171272811158
6831a0024a1dd23a,0.05812998433939997
d56926e610462f66,0.07932959609833069
bbe39148bfc2e434,0.11758449077004925
1a07a83f589de802,0.1344171229252246
8210d5a233d3d65f,0.04784779204525136
ef4e598f566c9558,0.08924465009155318
c02b919584ea5cd9,0.08074163523871403
68bc1f08eb5258a7,0.13870205097420615
d57a9ae04f68912b,0.14153666618158955
fa41a48959374ae3,0.06986326293760392
5e725dcb74b4e75e,0.07127117893265893
121dbf76a9cf73a8,0.15412000690419211
a2383e552a5f2313,0.06511620413754489
378738808b201e0f,0.09855829939963894
9642ee1e267eee82,0.10217322338633132
e55cdf82fcc57177,0.07832410259186694
2103c3d1e5063e3d,0.0607002040404537
02004dc8e2729e0a,0.10260599289332233
95ae4af4bade5009,0.1086822893680206
8a4e103c92d62a5e,0.16094099717307694
c4414b2ee31b7e94,0.09333950950024535
0866387e16259486,0.13031495980887095
f0b7e616767a0197,0.09663423787063574
a86d2f80a3468f5f,0.08197076897032575
691f9a97e9645bce,0.05335093474697964
2f2e7662f26d0933,0.06789125481237888
72cbdcef4a6b4f07,0.12832643929321952
3ca15eac9b7ce8d7,0.13393223837773208
d9f713c872a26c76,0.11058362040809404
38c5cae3c23f24a9,0.07689915188824092
80e12c9a6e625e7a,0.17214909773579026
78211c4fb5585628,0.14696369661962047
59e71eb2f5c7c432,0.13960766916993017
b7abc4b3e6ff0e3c,0.07016880005727553
42eaa77ee15f2ca3,0.04830993348286088
bb8ed5a0931148f7,0.054129105165249325
2ca7468532706e2e,0.08673256018427378
98791c70677eb76c,0.10925531362803342
e7ec6ff3f296ed38,0.0780492515643171
7845f67130f900d3,0.12759779167363497
fcec4d0ce44eda40,0.11769492187719438
0ac91fd23085433d,0.14481415387169586
ff61891d90f930cb,0.09330695613183458
41fb4a2210a6066c,0.12829918350407815
4c7ebaf834966e32,0.046542039784992585
81aef88d712fdd5b,0.08907290721013496
36b0ae34db90ecd7,0.1451949445465653
72fff2ad28f42426,0.11973033170019547
717207649c078f67,0.07268833669208809
925d6e357d7ec158,0.14270230624503832
effe2d48627efbe4,0.0958177262168348
0577c43390d4bf43,0.18040921196096726
546cd9bb6f2ba820,0.09115114477417502
8a47c92c6443e7e9,0.1409952234144152
bc9467bdc8642922,0.10418445958599987
af91160b63f1bc90,0.1340930642006943
464ea9bea5384944,0.12841502726802118
b838b4792a3c540a,0.10072702087526493
11fd6e717c95ce29,0.14546881855088808
b1e2e5a1c0f42f8f,0.11636320540529538
222e74272be1ccd2,0.06725107487090133
21a85a0b474e45d8,0.11131878463493024
5c5c76ce21ac9a03,0.057814308393878126
98c3f3c5243d4fc6,0.0628839335582036
745be7354fe05a2c,0.045442322925151955
ebf17df229daa6aa,0.11251250979194599
14929f1035ed296c,0.0739397933040233
af1bc354186d653b,0.04904588668091636
88e44f6549d78a5c,0.055354883523732724
1a5119861af7675c,0.06209690547534574
4675a1f396e095ac,0.14111404049452617
306fd63061172f24,0.04864926522795609
68fb9067ffff02de,0.1342330286864492
93665736b22ae558,0.08511437143196758
2f3252e131fb28c1,0.11595787552686308
a90bb7ef537f3ccc,0.12433136551614372
f8c47e6a1ab0bf1f,0.10066019620884249
7f335ac0ff549013,0.06872702499659368
e9c7c37b6584e68a,0.06852515463063445
e2f8c99b54c930c0,0.05376281343776327
4f0ffae34b450b85,0.10466006845740881
94e27d2dbdf9010f,0.15650874101196466
db05b31fda1c2b1b,0.13280733815622
af64ad7d713d5a93,0.10729320296598881
4d1462da71b0efa9,0.06613710960546985
04fbab7984c52c30,0.11903139710811057
c01a62e78e6d8a2c,0.12061803554615469
74f8579fc40b2d7b,0.06442398055045623
0eb2d3b71cf2b61a,0.15507044894218783
57788504ce4c82b2,0.13020673856351062
9e7dfd444a9f30e7,0.09855989656255736
0cd8b38e5a4b74cf,0.06696655951566229
e8c1c982ff8a6704,0.09258842822830564
36bfe943ee63fe65,0.09612141822215349
998d9f62a717ccd1,0.05386398766239523
8069d4397377adbc,0.05086274087593776
ba8f312910226da5,0.12939687750138903
37faa0207a18eb20,0.1488314974632353
c16962d752780184,0.17199987287655857
f1d62e28f903e96c,0.10387933999017003
8cab416d1f2bc624,0.13537101078933617
b791af74c95ffa06,0.15615401543248048
05b113e465a98080,0.07814810324144456
b17d9630e851487a,0.11006510899812094
92981268f9d56f38,0.1364150759880057
76775e095989aebc,0.047983004470751406
a07f4266c4b1cb5a,0.0627814705847003
7b5b1f94772d1b60,0.06511883099733444
4f8ef604a40bca4d,0.06887590462823118
673f3a4c0bd90267,0.06172119550240471
58139d3ae9373ae0,0.1577444745465408
c24d1452d22e8db4,0.10785669473439657
441d9763fdc1b0df,0.14367025583029008
d2987a3199c1109d,0.13089769684412159
cab99a91ac2562ca,0.13639451606415012
df1222f0cc1e08bf,0.10565400922641673
bdb610f14d1f9c0a,0.06504020302297503
d63652d83092f4cc,0.07009557767314913
dc121e137a206780,0.0862209812584312
e5fde6a720ffea60,0.06436639532103512
52f7118d77a951d2,0.06161809993523184
1b60cd7738483c77,0.12199432906619412
c7ef81c5ec66b855,0.171819898261359
42a4005911b6abb2,0.19099718034705296
926e4ef2979d43ba,0.06190858138261688
936393261928dd44,0.11791014130644191
90b3943086a67cf1,0.09146718237728547
80b6c2497708cc79,0.09981412554590068
dc880492a16f61a0,0.10286888372577863
363fa6d193ea1791,0.06080377335874012
11443cec444ffbdd,0.15855934558626672
174e280d8c42163e,0.1555309013685279
d7fddec00bcd1345,0.08843829114060447
2f2a0292483de945,0.17508105417242345
2638757dc8ccf105,0.06609451716416596
af967b1ba12837c7,0.08934217333174549
6cf0ebd8925305ad,0.16100816770088794
0307e7dd94f223c0,0.046512579266285096
d86f818a421d896a,0.15701672733279323
95c76aa135d94e8b,0.05888829432054956
dfb2dc72331615e7,0.1814110740722158
b488c877787792d6,0.10024205304649818
5864514fce7556aa,0.09798822245946487
7db51b9dfaa6c3be,0.048850430430426674
475afd5ca8082909,0.1450802891310236
aef3fd34396adfe2,0.05582421033222054
e93ef7b1eb85a270,0.07535355284874162
e643f5e629c7ab40,0.0467038245302838
e9234451a7ebfa5b,0.08624960186227225
e8b95693607a1af6,0.1533637695600096
362e59ee5f24ba56,0.10604757685040118
760d3c489cbc2365,0.06966298332429617
cdc43a10fec587b7,0.16943697934846447
436bfce1b2e96ebc,0.14970653839857143
8364b88b9aee50f6,0.11704302660738337
49b33a422ea5bc22,0.1719686763739927
7c87edf2fa4449ce,0.046108385322988055
ae4d87302f77418e,0.06072895712388745
80504f5553a663cd,0.0795459697391051
285102ab56c81c9a,0.10618762335015193
ce75929520b6600d,0.1941541141851483
90e157fa590bed49,0.16939108021512786
72308a9b8ed351ac,0.0977544548135539
67da97f4bf5a43aa,0.06207984969057343
7a2c3503f50e758b,0.14551470807933994
7c277b093ca6e70a,0.06413067932705957
e17cdb698e7793a0,0.10315223060676874
304f33ed70c9905c,0.11022639249195654
f671940234873df5,0.12369845602552777
4c60ff51f1a98ddb,0.08155974671957733
357333ab581b26a4,0.11225901270978962
c12b50c410a56d62,0.06087859457002239
280ee73ea3f9a150,0.10430874785748186
9794f61f2b35c374,0.05987959953379362
99bef954535737b8,0.1577500959392045
164deb1fbf6d3d15,0.1447440857055098
17f64dfc919c257d,0.07307824207908743
177f1a78be284fe4,0.09147616090052853
6575a6e55c3aa52b,0.13460285218699988
e1ceb3cf89c78b04,0.09469284151211006
2787d14ba4491e60,0.11390895728725331
47283a11f402ab9e,0.12873625309032696
3e13ab75e759c66d,0.14559450347571132
565632830f202280,0.14059282423227487
c60dd36532e24523,0.14572178821224036
1bbb760f70ac35fd,0.0720491984985498
5952ee73f64f8e8d,0.10859187813180132
0d2e12deb5dc05bb,0.0931301240578692
93cf50cff9e70197,0.12998058575883695
71a0f1d3a79f9279,0.09344670736835124
ff1b97bfbc1de495,0.1457026656195295
152d66dccd700ae2,0.1298799480552603
af9475d72cb09bff,0.08681985642602862
50c6ae4f3f0c520f,0.10628769896704711
53277c274f93827c,0.13831213209007923
65c28bc2a138b604,0.13717023265216063
ab3f36de97ff5288,0.05560772631961749
6e673b3e05a86556,0.0569186559432855
29ade739f5ac47ef,0.13031949283406982
d6c96030b8564b06,0.11744200328933223
5ffe88ee98e246bd,0.055066248444699255
b75847a46dbc7758,0.05860357887215687
fd4f072e7db648e2,0.16680182727395443
3b600a791eee47c3,0.11510148952967593
3205c60644f3310a,0.0575578484699913
37edd7d198365da8,0.14208605135531868
4aed77bb42b6c35b,0.060502979817116755
70b9c5d2c47a6231,0.12031297896075716
5aee71b30cf4e773,0.047923149715011416
3b6034955fe901a7,0.04883255921716201
53f7e37ad065a1ff,0.08497130721716534
8249af221f0dfc62,0.08353540932198567
4a798f098b3ac80e,0.16167044672703132
7859a3365dc11f7e,0.12609253768836046
0d6ab61f58e22d8b,0.09474598270799896
d90f47b845ad8044,0.0967788093750923
908f76b67c5d77d6,0.08110865749741174
2e13d0c9efbac24d,0.10303165776975448
fbd3509fdc1e2fe3,0.06182889856822752
d0c07aa05dbee8c0,0.05937418104963143
e2066400c0c997d5,0.11780134947503322
9d002016fad484c4,0.18629194241426372
18105a09ff042e04,0.11689398292704746
97dbf62f03867f4e,0.06589951099472281
008e7b56ab9053c6,0.16893154381408237
e382e61b69858e84,0.04525089026083256
a02b2c12a9b232a6,0.0945725601790534
5d4eefc602f1a815,0.12489671245463853
8c8faef5bff7b3c9,0.05502654678580051
8ea4fb1f9e66fa76,0.05719060796552561
22a32bb8f8bde6fe,0.14148714712291158
6a655866f90d61e3,0.11953070227820088
b15548596622ebdc,0.060916329529649225
e6426b5a54e4a972,0.14234886733222266
2bb1ea15970a2de4,0.06309069251515832
5b2c1fc3ca8dca34,0.05670769120659696
b26bc3d1078e5a5f,0.06683796882550867
9db2f38d40ccfed4,0.06708465100243467
8481c054b0537a7b,0.16840736064145498
c4016925a614e39a,0.12084608892870695
a6145b00b87ffbfc,0.17216698709365916
856c1f1b7a16dccc,0.05218961300519484
5db9aa657576b123,0.052086357919408466
e6c91e69fe022b81,0.18759515400309734
18323213899682a7,0.0606858488250837
84aeda77a9eaf7a8,0.10537987018628076
60aa7eb39a1066d5,0.14733417105895383
011908fe41b2ead8,0.12468970980508698
95a236faf4cbd0c8,0.13184412301159706
c58d93928c4b43a9,0.05650271707674768
e3d5116d0ddea646,0.16755867613028008
3d33771711b587e9,0.13217514183580875
ca902179e21ff302,0.13896707849251003
4b2142ee3d149d15,0.09002058614454007
d78803f699e1394d,0.1373613064574816
ef2d9881a6438977,0.05821276822104384
3b5fc032ae2a290c,0.07158842487868305
9d5473cf79999f4a,0.12452081799289534
9aefa72a94558b66,0.13454535015683414
78cc36a16e5afd3f,0.07545089602038109
0628d45dc33a5639,0.13948970722420653
bc63ee6da23c5dc0,0.16029864870451613
5a69761001b7342a,0.10383588428749095
f5384c1b33a306d5,0.06627151533167086
9f4fb39fb6e8b6a8,0.15840823858234196
f7787ed37e4b9d05,0.13411724158689683
eecdd457b6c7edb2,0.17710685198553056
f36c01f2f7fefef6,0.1543040261754645
abe3d414c510a7dd,0.11694454755070897
d1f7dc9b905e0fb1,0.06533160406762126
a97c23cf1c8d474e,0.0944927309700379
fa77ebf418dd2361,0.05539664006735145
4fa91df3f09b649a,0.1376116038266793
4c40bd5075d26ea1,0.16377929687016646
559cb0c10ea413cf,0.12574277068370754
b07714f5d0a305a3,0.13749589675721066
ac26d06332fffb35,0.0695278444565649
f3a18a7976f15c5b,0.06461965392808856
bd610a8daf3173f8,0.044881500892503284
b4db2ea448a373cd,0.05418840412209102
a9e601aca0377220,0.15518161206087905
7580e5af192dbd01,0.13792567246441803
3b50e09f1d1584b8,0.11715929661589515
e752099897ef3c84,0.06420897382324556
9e556374eb31bdcc,0.08810856997421546
09bf3001382d4d51,0.06809635522766042
ac4f9d21db6d0551,0.08740799694869668
bab162c780dd5d3c,0.10905628148896607
1ac05275c95e2b9b,0.06030581407439747
ba53d76ac3815303,0.1467934689791169
731194026ddc8a00,0.1582194424982565
565ccf55ce0f19b3,0.06686249188378346
c610846e274513ff,0.07724325018495719
4f2f55e6f8f022f8,0.09611497753592663
171594c12d4f22c7,0.05429672913136782
fd9a29be83f07915,0.08110115632910797
0e69e13d2585552f,0.1478087077589867
8458a25c7d299656,0.0755928706377518
36510a7e2e8cf5e6,0.14546014251722109
4c689c2ab0b1e458,0.14672409215340187
bbbb01b896a60659,0.09176832685771942
95a6091ed902a1c0,0.09011864103949702
226f1fdbdf45c3f3,0.07184669321415162
b3776535f92034c1,0.052274620253333424
e136a41bbd9d2ebb,0.15151763505296936
2acab7498f95984e,0.11980565646804703
5a97d6bb500166e9,0.09784122251407164
53ad75887ce27a2f,0.0612675991940553
4bbccacfaab6a76f,0.12112734025649452
8d5dbeff654a20b3,0.04975533606078861
885918cc4b58a92d,0.10781034893489601
c33b954ec9e9d53a,0.07620930183064617
c73aa72e6960366b,0.10098022625487384
28c265c8e738031b,0.16473480031283635
16f59244fa16b9c5,0.15903464525780686
ab1bbd20f2288ef0,0.06820858305854206
21ce9f486720b00d,0.11619092771665429
ea98936cd5a062ef,0.08767486210502445
092b99905affadc7,0.1349306897993037
f8a1935cbff0e3e2,0.1182393362404688
557ff2105e2227eb,0.056327247758499864
e28b4c1e7eede953,0.05760719122904845
afcd2875196e3514,0.12785802516061553
622d0c5c885e5d67,0.10939322794488986
5ab123deb8c8e0b9,0.13761614152325383
d70f7077ffdc3675,0.10364912747895387
ec0e23575480409a,0.13567050603875533
c42b1312f2466d13,0.06791983346810537
58f7c9cedf508963,0.17309320176450008
483a6a2fc6820e34,0.06731523249730946
9a410bdaf99ab250,0.15040877703979808
27d8448c7743312d,0.124348366970785
d22510648b60b80f,0.19725662105461428
cf71cc1d5beaf427,0.14978613899621915
b16d96c422e7686d,0.1328988259635236
f3bb00d62eddf347,0.06195669615783179
e7ad214e8e1b87e3,0.12456906396503369
a149a81fa46121c8,0.0697894753116939
954ac0304d013ceb,0.14459180857062306
5fb61c8caa291bb7,0.06618822708809158
b3e6b65c022e07a8,0.1503853308412361
014590f5ad393d98,0.09979814600816404
fd3098a48d0565da,0.046041794268779135
597dfb91140f7a43,0.05871870111404801
29c72ad86d92588c,0.060056438313876394
46403e8726688e63,0.04753413463480838
586f9bad93615a9e,0.16764999328808436
518268ad7eaad020,0.08829108594136877
eb68006674ff7853,0.11828625576110981
829bf94f3c7511b9,0.0879892099620246
472338feab38fd63,0.050361750801813265
e2eb7c00452da3bf,0.09918316883956152
264d5eac0a3db4c1,0.1496445307682348
5dd40ed8f6931f40,0.11444749766027408
ea07294f7b9321f6,0.10498480285674804
800d5b199211d908,0.05712918967461846
c26171ff73291cde,0.14735520147405315
9b039401395029d1,0.06469108728895871
149773fc93e82e0b,0.145171572658542
377962b226c4354c,0.060110744046021326
b33ace47f8c9cce3,0.050790883757229933
5898aee0357167ae,0.06714080077591209
5011475bc46160b0,0.07676561197975411
49403fb05b28bdc1,0.14468248167276543
d64f9b8328cadfcf,0.135063438369893
8347b5a18bb84a35,0.09332744627443525
a72c9158377598af,0.09042802545163038
346932f67e7d808f,0.12155058587817917
e4962aaff0cf97fc,0.127641618469992
d63549a6e599cc24,0.04828374433766964
d013eaf626e99575,0.11339980466612089
a7c0072db3d224b7,0.1348002118653707
b87493b15c6b1e21,0.08226393397903838
cd6d6ab0bf1601eb,0.10914424621076084
fc7b0d78438f45bc,0.12125707540089063
b53e88867e63ec5f,0.10754407589458775
1e1e7de7f17a14fe,0.09245487334509912
fff1df28cf047de8,0.07595836472812117
9a4279b8c94a438c,0.05151242577180304
d1a19d29c2aa4b9a,0.13468120729802346
ea65ca7ec57132e3,0.13104358965341753
35cc6e8b29ac28d6,0.176682683672206
35cebb20cef64701,0.12127616101419125
03c27c6fa94b88b1,0.06019998366708398
654a7847a4c3d0a9,0.12868950454392133
d82da976d107c4ef,0.18915151987971443
0f7cdda5aab7cb9b,0.11844436903129403
511e61b096246922,0.0722973416426236
9bd56be8ba9524b8,0.1460650118717213
08980e1d210b6aa6,0.1402364917735808
c84430f350b3a159,0.09017884126784809
152edc8f6b8762bb,0.15268834759510716
a4a8682aa22552a5,0.11947405257220584
5448387d25232e4f,0.04997030295539676
86b5af3c99c2229f,0.05423292563846907
a243c84e17ad5313,0.11644299675502578
1cd4111d9e2c14af,0.051552818487136394
d6596bfbfd4cc049,0.15734515107548955
5f6669357f9d2602,0.13623518611782484
8ce4d3415fe4440d,0.10405939875366689
b7804e0aef5425ac,0.0573251536534877
a68ac8503924dfd3,0.14460870707310555
0ee54a169cddc5a0,0.08655816520271799
91e67962d58a2196,0.09834848134505979
337f92313341198c,0.09957743430400712
62fdb17735fc24f2,0.07923900017430503
32070e417cceeade,0.10678618510765654
d10e86cc3232dbc9,0.1171947724426118
9e379ff80b817265,0.15650797214169274
cfff3503c56dab5b,0.04612099874765537
9f21d3f021ded79b,0.07474485047308661
5fe69ac7610324ba,0.10306421473214393
fda80e0f061a2a2b,0.11035228738045837
e5f50a39b4e83fe7,0.10711274606329417
b7ac8ea60b369ad0,0.053771238778913315
f4aefa9fc2e0d241,0.13219557099583057
0f32bcb05a22709a,0.13418594953620064
13334ae771ee01a2,0.12461121723534963
d2596a53564c0b21,0.09558283221506146
1a90578444c1c9a4,0.0814654741058007
38767f6c13ad1bfc,0.10622674434824221
8d312d36ba150056,0.06861573663462382
c4e9fb7cce4bc726,0.12430736184896214
9ff220beebc71a5e,0.05979007761385315
24bb5e20d933da44,0.09892387570461757
42f6ebdc63da37de,0.10024105427132701
39f065a3b51d8011,0.05295167087304727
adfccf4de2f8f9e4,0.0818535677154018
bb73756443a5eee4,0.0877092170612216
0d9c7ad016175e4c,0.10738106732119916
01d6dee3fee929b0,0.06325697199574033
4c94ce26b7eb0794,0.1395965201097427
184edb2637a41d50,0.08882393989659025
b14c8ed6d2ad7039,0.04657796767380796
efdd1d7495765245,0.05734076303990876
affe3b0f590fae77,0.18583735601920284
3edd7de677b91b05,0.12417350780789317
ba9e4528463c5dbd,0.09067586594811856
8be8330f2029f548,0.08065722877015973
df6e6d77a02918af,0.07352341389709449
33d9746c24d2c070,0.08387284922284645
e51c785618029ad1,0.16917150144625184
d53ca1e375f1420d,0.12722713668598312
d4133e84363708fa,0.14279515382174768
094a4df459f84f9c,0.06153555402962457
c95b97cbc9622e38,0.059294688769677216
8a243d50081a0a41,0.13170482679627296
f6f2fd05daf66b4d,0.06591378032312568
3b5e52e54ed29ece,0.1376434111380482
144d292add5f41e9,0.1189388375504516
49aedb77fa2fb4fc,0.14930053217433778
81e5d80b657413b9,0.13556954352736014
fb21fa126522b6e2,0.11494000363643649
3451b921fd37a93f,0.1750782086575099
e25080fc68263c8a,0.15698040345341793
64f0448c8bc4b1eb,0.05245291153194653
ed89496194aa19dc,0.10145171713962702
fb22f7c013b24779,0.1281073919659097
1590a07714e8a656,0.059801101738946295
54ae2ffdf139cc38,0.04809384303299429
96bf13f3fa835169,0.11643581858999434
559cc1345795571a,0.08849069527425535
325ad194b9f588f7,0.11613402325824095
13ff609306472199,0.14343905874811191
3c87f31b6953fbbb,0.05823510663780209
2dd14f20786549ef,0.11567241591782118
be72fb5da729ec70,0.05142117531081297
dea2b01ff6868477,0.11946931399906352
c7ffc036c6fcf66f,0.11110410196200056
67b0cdefddff90ef,0.12094095874977646
eb949d7c7beb6354,0.09809861546999109
72dbbe8ab710128c,0.12042496422660891
fe50a3aa77d27195,0.05223031044922005
b7dea5f446a371e0,0.0808984554842486
3b6627fce4fa7c6e,0.045748182855310925
5766e8d8c783a487,0.1152962630143346
818813e68f11c85d,0.10266016639902303
4efd1ededeb6af5b,0.09296143615966469
7339d8d336c0728a,0.10460217359309631
5932b86b513569c7,0.12513761982993152
667e3c34655efebc,0.15380896857861
211cf2ea67620b3e,0.15922111108656323
73ddd41ae18acb03,0.08675761581259249
b7d7b9bb940bf7b0,0.15067145527096823
672de9994012beff,0.08068799472490128
1fcb989eab73caf4,0.05256447194633501
1a8eef4f4936cf0b,0.07529605614713121
181bfbae0ed5b503,0.043258279437549375
0144b06a9d5772ce,0.1733326267479438
a6d79b35c359d2ca,0.14971219534091154
adb1f5a83ffc8956,0.16294562484161648
7fe7578307634c36,0.1814640288679065
ef916f6bd9bbf8f3,0.1246902389005367
261b4b9303f16955,0.13849300035809167
bdd3d57f2dcbf24e,0.057515944720173566
87478ecab9990b69,0.09944366358349914
00903281b49f7885,0.1656645478412809
faa54ef489380476,0.15967331137088597
afd67495e65ca43e,0.06703081640771145
3cfeab5f2a521bd7,0.13905876465510975
f889243e554a57b9,0.14027699393261514
1633226e5baee1a0,0.15707834536170687
09429539f12260dd,0.07460655501373643
4642f19a02b65fbc,0.06731315222074484
454379600a0d58ae,0.09267687178136919
806b67c9407deaf5,0.05546785311516542
64147a091385f1dd,0.05939419026602224
410684a9ca496c4c,0.05305717735109894
198aca03e558bad7,0.057491375026064294
19112c76b72e70ac,0.05363712901183088
33cdd595d6f64465,0.058115330722929404
b678efa350251d1a,0.17639392065777693
2773ef74c8379c3e,0.16255831775420113
21a85668c56f4a28,0.12381961490448552
ad44c67c941b730b,0.0506308013799761
afafaec6ed7cb894,0.13661143066868384
7b2afaaec11da7c6,0.10442923308802006
14f8df83cb5fb959,0.11690783626553192
2fa6287a9d075ec1,0.09102875517345617
a20301029a5e8b78,0.1120054031885025
64c226150b42ee5c,0.12143041729105596
7012b66ec38b6038,0.049523672262850114
334a43b3d7746442,0.11535514784690336
3e39b50358f01b64,0.1060311945109262
dd424dd258080c0f,0.11458661048949297
b6815449a050c02f,0.08855320961316802
786b0bb1d7a4dfb8,0.06060756922388036
bfadd1b4779947e6,0.1447661541461006
23bda92c60bb92e1,0.1619823217289165
20f374eb224e1a7c,0.06081142384054248
04bc6e2ce35edb4c,0.15684187134812033
f5fe2d58beb86d40,0.08666513627783162
203f3df885ff03b3,0.056626629008613684
ac5388e6680db6ba,0.060493728754527125
20a190db150bd0a2,0.07254187845687597
03b8f432ac8e3226,0.0952223225760395
800d13aa581dc05a,0.12912045500293076
32ad97494e39788e,0.1643562602636234
762f69f875d0a0a7,0.1237774874957706
7102288564065a58,0.14064626563434202
a244d35bd0a46b86,0.13141642190091793
9fd85d10d8d80cd1,0.07494017510106528
cd37f417a290a412,0.1250181593279497
087a61efb373df95,0.06852760340414786
5cc1bb67fc9fa495,0.06277391106986664
38260167161be0f4,0.10521252061779877
377d6156aea5f7b3,0.09834276438084207
de73631ba462d9d8,0.04850397690791952
c6ad617675fc82bf,0.16408301581092694
53c0301b075c4edb,0.07234235327807194
d5d5bb7bc7475a6d,0.07851107261203696
2785f7c003032f79,0.10002320517487222
bacabfcb41e851d5,0.17484803407375357
930620d9c45cfc16,0.12792296242392648
a2253bc60bd26111,0.09681398045422653
48be98b0da47a60d,0.061495928751579866
4192611de72c647f,0.10098668346009378
0a3e55a0415cf1db,0.042183829397001306
94a41eaf6c166f8a,0.05826675654985014
65c588ff0e6a0940,0.11917324456425331
7316f0f5207cff7d,0.14932534061975652
fb48d6120d40241e,0.04721146818895008
83e835be4b7da5bf,0.07578053519422413
be007ff41dfe8e33,0.17116129917083248
ae762981ec3e2222,0.16616585351300717
9cde4da63a470364,0.0721078767024888
1e641e6a0e15cb0a,0.1657118437198394
f1e1bfceceaf5b3d,0.06488013623702024
b33a9dd2d6116451,0.12767419889399328
6a00f8682a96e6c2,0.08151012918406665
4889bb3fafff04a6,0.045484329352985325
d83965adda3948e8,0.14221919680465958
35ebd3eb17d43331,0.15814058942589015
4fddbddae3f8c321,0.06835878518785003
279f5d02ec1d4618,0.15892989323382647
18dc05e08437b19d,0.1256886919495577
fd5e41a3afe867c6,0.08121973039515179
4dfc9b4693d64425,0.10842170454960788
38efe84b2371909b,0.05283049993151992
d5ab3634461fbdba,0.15661351241431756
88ee52d04ccee47b,0.1380206666637068
311d0a7d1bc40182,0.0952025961700101
ca3eabbb86d9d394,0.13090792480586755
0839345320590491,0.08080302140152326
3166da0225b35bf6,0.10312509461751586
4fdcce92f68b7529,0.13461124452146458
4c0a03f188fa9938,0.09269714369266803
efd671b84d562241,0.05916888106274853
a1be96b06611a4a7,0.10081704985629514
7c15209ba7808ba2,0.12414261978365644
b4fb7e75679d28cb,0.12916497976263575
095adfc07a65ed27,0.08630569672023819
a19e6a028348c708,0.050459827912476225
bb5e510a6639b43f,0.13127498614437064
fcf27b9cd834eeab,0.05322940956377268
dd9e809656743e04,0.09429913403332303
9cf20fc9b8513a03,0.120084015072309
d929256e10f5e94b,0.12388826229563094
c7372107d1356264,0.16651486927319759
fb002ae965e2435b,0.09711506916110169
891d7ae2edccb735,0.14011106745105792
33b3795f9d4a8ef6,0.04838916956577313
bd1c976bfd04983e,0.11634601870709188
22d26961eaf80875,0.13979342690219476
3267d0aa9600286c,0.12148673853483682
f85b98ab9c2071aa,0.05878554446114825
4b4c86d64f258caa,0.10315700769098941
af271d6d690a0b0b,0.04905549631534761
8b1bdd0f68e6ab19,0.07527898706092785
aca740ec2df56ecd,0.1310969549548672
66cae06936335046,0.1371995494654112
8aa96ed1f09b6e82,0.1816014770212924
fb089d648c0fd719,0.10185576225844954
b3b39f3310bed9f2,0.1002961595499388
4c9ddb6a1c08a7ae,0.04225216110403355
8dafb6cdb58233f8,0.18534920598124008
8512f25e0995f115,0.1614185631464268
3e89b24f6780dfad,0.1152536973713627
811b5cd3d60f8f01,0.08859077352155131
8cecb78a9a20021d,0.08313117596291099
c726d19506a1a864,0.09012963010070922
bb71d5690f654fab,0.1339639011491698
01fddb547603eef0,0.1106353139492956
c6592de36f791128,0.079575037719594
ccde7fc6a8ec59a5,0.07391821127926541
ba6d1493e3a1c1ad,0.15233753392520288
7dfaf88276d52a5e,0.13036943834983922
c09d65931e21624b,0.16528969208961738
f9544a6dbd4caa2f,0.0617393427504421
b374ef23d5ca3b3c,0.10927567190351166
c51f8b67a66b5aa4,0.1620333810428292
4793cb7dc1d36c4d,0.1311260641816094
c4a77a4226cf0e3f,0.09750466349021586
11b46e06959d7824,0.14143001156398546
75083fbf03436018,0.1349073746772933
44cc96b7436e60fb,0.16326519765494862
9c78ab8c7f52b1ad,0.08039896451220331
27c3ba5b3d6374ec,0.05939862230218246
09bad77cec8a0ea7,0.0929051543136128
7e5eaee69f7e8e60,0.0737035788199289
9701beed4cb2fd40,0.050648102555171055
a886ee5f5e57d356,0.046876182442289534
43322ba6466f83ae,0.10531941107459634
39ac7a6c910dc826,0.09317028489552709
a7624810eab99b39,0.10705851814932138
27ce336c13dd7f0e,0.06758538194964629
35ec56371ec7bab3,0.14568190471901632
1033972a8d27b8f3,0.12692818827198685
246fdf152b78ea45,0.06054789566482771
67db089b7a0697c3,0.047219058763188874
51541de4865fee3b,0.09391287104261763
2e0ffa5c733d2a47,0.17945579442228218
c307a7a1d2e93ae9,0.16999466684054831
60775afc974d2192,0.08462666564135028
1af8370aec8adce1,0.10747038013513356
7adaed59e375f94a,0.08179356773486601
d3f971f17d9ab0d0,0.05724742542866934
f1eff57932ef0f4a,0.08879032899809469
b41ea8380984305d,0.122066767371324
dac2137cd3aface7,0.14526787713574693
48da40bf199dedce,0.06257750019795945
2c36f80cd8d50da4,0.04935922618986672
e45c5c285ae25a13,0.13237871908190715
d57fa89c692abe6a,0.12619340894954068
0d5b889f910953e2,0.05568206957727954
a2bb73ef62a1fa41,0.1506012117793144
161e450caac64b0b,0.09100610403136282
870239c07fe84d59,0.15769946779773783
1a510d36c73a9190,0.11808382304523242
6365e056680facbe,0.1021252000489269
7e5efd56e82bc148,0.0817469052016141
8ddf8d226ddfa267,0.04557411086081781
aa2927ee663efd7e,0.06944517564390527
1969a71e6c309cce,0.11309632170656736
33e3103e2045fa64,0.06537382162873832
79d3953d4c100b9d,0.1727073263839615
8a0bec565c237aae,0.09068220742828852
e7b2425696ad04e1,0.05032024022524142
1585c48da5187cc9,0.10908766270232968
b508d898d174eb05,0.13309963443447045
ae96ed3d88eb7aed,0.07240339616019648
3780b01a20d9aafc,0.13260998507044808
5d2ea0bc3f49f99f,0.13832994191892198
609566c49b16621d,0.05535738692379646
52a50658bfe832ee,0.1118360413647741
76655f684bc2518a,0.07705901369201021
507aa51e38d00459,0.09356080658748571
e7edc5fb783b818a,0.07034786863013902
3488c9b765c1219f,0.0639724748760787
60726ee6707bab89,0.12864754936109893
724b704c54783fd3,0.047517119942771
23405c43202f489c,0.08039913606030469
0a275c8c3adc1e3b,0.0656502690857592
ad727a83295f79c1,0.15756135429470255
9fcd517a3727524e,0.10590123574092826
c1a15f34e5189a8f,0.10983479835705717
ee586308edeeb5fd,0.14486016268464214
61323c4c907b9667,0.1430527129672857
dc6ad9b2ea237556,0.16866585107464527
fc261535991f079a,0.05781557865362318
199f8696fe22e8f6,0.08920128476937683
80c803fed1e7b815,0.052552094896830916
b3645ff1881e6181,0.05828748241381577
f077bcf8ba579026,0.12891665719453205
c98984325495234b,0.09099836438954993
2b1acfb2885f0207,0.06269176326340864
58aea5fe94bdc9f0,0.0907097959811377
13ce2e76f9ac9797,0.12811786737226544
585b1ae5f2fdf9d8,0.15363354110130165
c02d00f3c935fac9,0.06984458335183026
961c1ecf22020dd7,0.10002448405442214
34a2c0730076cd51,0.13032200111251907
f08c72208c842a80,0.15991234968582832
3d0365b300b08d12,0.10889866236309963
7698d1646b1160a7,0.07463338092855638
46fe0812a4d6a0e5,0.0908154589363705
1992a8cfd9dcd0a4,0.15072319860206
234824681fe92370,0.05703693173508784
66dae8fb83f01cda,0.05703783539610327
565a8741e734fb66,0.08512715124363424
85796d3a4623f1b4,0.07117462804483037
980c038df259aca4,0.062013913546005765
847d49fff22ffac8,0.16798031897675103
3ab579aad87803f2,0.050943599344914936
7c287939d256c04a,0.06495596010665859
9b56b63c1ce61e36,0.06778883282208342
2b2beb4ade849fe5,0.15871876532882506
ca97e3a639d0f212,0.06972910548762598
cdf0a515724936f7,0.07231359249482745
f0d9600d63271cb1,0.17144723804918857
61f6d6cd6e8ebecb,0.10494194828664534
66bb128d75c1a31d,0.1223586447326479
ff6ace3df2f93fd8,0.04567301829085413
174f6de5e6fd0ce6,0.14639214647996693
f629016e686c93c7,0.13933338913869175
8a5cd96071aee653,0.04498588494562936
47a56fcce1a48c57,0.15570662990534334
bc218a229f6dd8a3,0.07826872891100835
6700a0d8cc03fd40,0.12781841800371277
bf07422782deaa4e,0.17687946808001975
67e5b268a06fc16c,0.08035772857822424
775246a31de87040,0.08763087097630894
a8c96679585190f7,0.05088802183553196
85e8b073ae9d6cb6,0.12385296193722099
8d783fa9a84a2016,0.08998614216214203
afa9ef8b36efca27,0.0527730326200385
292ad72f433b2ec4,0.06975312881505842
543a382acb950efa,0.07040448033473913
97eee667e12fac11,0.06855985440546768
f1594e042dbd4135,0.05826004979438626
c4acac79bfd54ae4,0.07807624307859706
f1bc5cee7cfbe74f,0.08916957855242964
25e346e1b0340347,0.11781669780498673
53b71602a81f5c52,0.11978371370186132
6d2d4b17736e595e,0.0749750136805515
f652427f39b6f10d,0.168701454440051
1437d0c59eca00af,0.05330182064244507
d8980b5b1d68a4ee,0.14682222340401557
442b8a915014e871,0.11017081406100764
6a1e5bce20cbbd53,0.18029292583335357
ec75dfc7e578543f,0.05359470655806733
94cd35193b228a90,0.1330946944622192
15617a2281e76896,0.14492000166838348
ae22b29ad0d98702,0.07249637911286051
3e5ee530dd802ab2,0.08428217327009314
9304c1771978ab05,0.052588984002099416
635d5bab100147aa,0.0831999627602346
cf12cab6ff5fa6dc,0.12209306883925597
cc7ce49efd47f0a0,0.0518823618603537
20c507d578183dfc,0.1491326500184291
e29e2bc7c3e6ef41,0.11510683783096627
61e270d51cee0fe8,0.10582211984234109
a1cf27e43a150760,0.09363070724557217
9bdddc292578558b,0.06565253642388495
fa0f0cb920abdb0c,0.11072691143035192
95dc87b7553104b2,0.17158118504802686
c268681605733a6e,0.08751942028328623
57f8444d376ead3c,0.12969906477917245
1eb08c4e2e2d0a0a,0.12119626870740431
65f04a475e60bc71,0.12165170993722478
54b86d86b2c582db,0.08451374982647432
ac660728eb9adcbe,0.10735597727574053
9dc70760c7a65427,0.1653446855584805
707fa7577b28c00b,0.06493623988876096
dfc0ad3ac006f7dc,0.12861850030459618
d02c60d97c52824d,0.06570922831820236
68735cd4123d2c31,0.13986576319800026
e7fa76e1a52159ec,0.055415919748868586
8e2a48702b61cf4b,0.05066788415778004
7b4d442d12660d2e,0.07278249760048755
1879fdf1618adb5c,0.10762520518783948
28331b7b0b1598fa,0.0637363803494001
c27a3cd35a718f85,0.11555756559816117
003398b630719a7d,0.05341767714584119
70b9137733db97b6,0.1211263304075947
f0ea5635eb777479,0.1426424479121153
e80ca1e08210095b,0.15375252368385733
033b8feb5aaae03b,0.05439798679226889
ac6a54139c7c9d37,0.1309846710352544
ebc95757b2947172,0.07117679075894043
2fcf426035785728,0.11846711577693984
78996a14f02ebbe3,0.05626392805571483
a87e26d221511c94,0.04331223885349569
c5eddf448403ab6e,0.049952655422825926
e8da0e67e35aa293,0.09909533989069069
88b632eaf9356d3a,0.06987692363140226
85571b011c6fcfaa,0.2003997240863943
9013d63ab473f952,0.10710859904870813
960cad37cffe68eb,0.06319875649727551
e247eb8f78f75a9f,0.07631020583550098
80eaa51c4c8a00ee,0.06145552651227273
35849a3326fb87fa,0.07263468749576203
d95e6b933db44247,0.063497677733349
c8d99c2ec6082321,0.05834151603138769
c9aea5e1048b2e51,0.13363174272097353
e01947dd147cbbce,0.07466118842531806
ae79b75a13c928bf,0.06747337118296136
ce571fad3257b3f6,0.056302192241855155
a95633f51ef3a7b0,0.05371974805546914
297c6928439e696a,0.17751487220523474
a4d78fd9f9ffb303,0.09520257779161896
2dbf5dac4bc14af2,0.16564698338627082
484f57153280140c,0.09990287164439855
db3d92a2887ed53d,0.16318433002227964
0fcc2eaacbd92a61,0.04610946271349569
3b06de421485ddad,0.10268083828239387
3ab1395e200e5b42,0.1459334707169676
8b607b6592065a8e,0.08040320557911713
a58b1c259179dc09,0.15938690969538005
a84f2ec64cddb96d,0.19674438729137023
794ec7ff88727529,0.07122700329566266
7bec4fd7e9a158f2,0.08568819073933316
bb364b5bbcd978f4,0.15338748534164245
89b648a5f0f0ab12,0.07000963812967882
63de8d6c54817aa3,0.045133845947283945
f379e9f71ba0c23e,0.10857500598050433
a4d79f83a661fa2e,0.12247477196539075
211b21d15b3b91a0,0.0711155579176352
1186f6b426beed22,0.07812920641624983
8dbf55afa93fb576,0.12269820974213579
4c37d40f77654769,0.04758462444299921
282449c18b62e5e6,0.14717369032859337
12472f1c83854116,0.17108218578978085
eb624c530d058714,0.07536303446558847
916aa0618dc412d3,0.12503051253434935
b9f7f01f0c234a62,0.1846240888631785
d6a72e0c5f8c9277,0.055819389199586594
888195334e946eb0,0.0489317534459849
f1aaca6b558ffaf2,0.07855359474032945
cfd7c6655e63d480,0.19322155026519486
d54c579db2ee74b5,0.052528853456905056
3d05c28ee2849928,0.1851438084856973
88653ba09b9797ff,0.04852681484884092
270649bc52035cbd,0.052188024498408585
164c0240a44d6755,0.06586509120638598
71d79d68a2b92f27,0.13268591790670795
9bb25aadd2b3bdb4,0.1415659620203916
b3c62935a53d8997,0.08012950056525509
e850d24192f9e415,0.0466120236199039
0834b059b33fe386,0.17744933882214198
57cca7c7ea10b6ab,0.07946896123261908
39483c2d8174f1ed,0.1744709606417814
4df07eb70c71ec51,0.1568087909775077
771b30a38c390789,0.09944023894507632
65037a69f9336b3b,0.12342189149005667
97bf39056279f7fa,0.09513342977033772
1a2d12af54623039,0.08253738028275451
e649d739e4cbe4eb,0.19252140723542244
7c35e8ece8dd52b2,0.16362491173909233
4f679f800c6abb6d,0.18514909705659588
42a8a8ccd4f9f9e2,0.04434755970944373
662eb31e5ca29cb7,0.13015758035369654
39a75d0fc9a932b4,0.10855221169663161
f80b6c96f9ca16ca,0.04672901963906601
d1112438bc117eb4,0.10774169333628462
2a23256f8a1b1dad,0.13690912735291164
e3da84e292717dd8,0.07926092727563462
b3da0bcad91df631,0.16159446969595892
b7317d34b8035aa3,0.08809063674906457
263b44530f890156,0.11756356707478545
4908216a464f51c6,0.14558808910393506
d0b576af5fedd973,0.09754808184230927
d53abab056eabccb,0.11140377890102053
9947a71c07c08013,0.12378427683338356
e3f83e6765042b60,0.1254276475294648
b5e1fe2cd612caf7,0.07409164524573054
2c979dd3ae786b0b,0.05054162896149408
37ebd133842ac652,0.11754312171917135
8d7452fc00bad24b,0.13345724701614434
be4d73360ad37873,0.08392717279515899
40b14de62d50cd96,0.18540705337835336
e8b95e5aac14d285,0.04439642037964994
545aeb4e5c2808c7,0.04631261093224728
3ea943e815e609c3,0.07081749841256232
9c3663c00fb99ff6,0.09045576093989711
6806a16705d54743,0.10821874872632535
9658ef3f8e3ed080,0.13305534167450286
72aca7fa36feebdf,0.1250609142732062
dfe86e43c4930991,0.13558147280128607
4f82ff5b5651d2f0,0.07328248656381652
d13da56afbdee207,0.12526702980118362
0dcdbb940af66121,0.06394328920325586
0e09773245767eac,0.07933632346958283
b186bc9610e2b533,0.1466244712584693
d54841a2e0a4cca8,0.12273132502972144
166c017caddab251,0.13936777495985098
a23f0288384f2f2d,0.10860985063476865
4886d310e5914363,0.09341738280079796
41edfc6111e88f1f,0.06092846367409747
0f33a4c86170e40b,0.10665230563882115
19bac5bcc4414e66,0.052229011777499675
88ddba34446d1ade,0.07515398605722169
a8dfc97deea7f5fa,0.10974329545742828
fbe5da4001a21c4a,0.05608373464842864
8ea535444187b6ac,0.056272450591208674
1be66765efbe9174,0.11863184781670434
05f16b595e33f77b,0.0796342083704797
3fb3259efef9eda0,0.06997014811284086
43836f5657b092dc,0.15798344020660318
26ac42441170201f,0.1849679652409276
12a4ec2031ef6174,0.06354548078987142
d8e7f33605a80ae3,0.14019474123993567
d6bde3bc380d8735,0.12012245182101207
9e0c178f3e852551,0.16379120018266066
88a6149ecfb1f651,0.09121095254260536
54a33fc8125490a9,0.08533289391173178
2930f4f063583542,0.057112801054216115
5092541f5024187c,0.06868722272471049
e78a593c9b385330,0.11214037794847537
a09be3a8eeceee6f,0.15025836717578303
7010ac1b44772de3,0.08778892075180826
49a17880c454c7c3,0.06897825258143846
4e36cc0f1383ebd3,0.14013897792908533
ebdb25864f6ce1b9,0.06097058037837625
bdb72360a5581c6d,0.12697428157614257
8c698e0fbcb6a090,0.07275443097235607
9c350ea7550d8378,0.05869792773546207
a8b88f7bb8ca6361,0.07718507114764762
3d326c98287fba6f,0.07750188075086038
f42c01d8b045f708,0.1491793251072618
8e5d62b3ab696aaa,0.048985508476596655
6224caf3c72e7ee3,0.11103254954349862
926fddd6b2ee63aa,0.04527142930273648
922cf50522b3b88b,0.1278531966157409
7d0fb10204af6166,0.13966088003089264
1a76fbd031e39a6b,0.15653702237729034
fd68ea29d356dd75,0.06407161943674873
03cc36191251ada1,0.09735402697544611
99b5bb0b92d8a55a,0.06636459872985571
aac02a9d632924f3,0.05078313815320273
5d220b8e18201d3a,0.09393625487370418
14fc1d6fe2d4e69a,0.15938726298483422
35e119f52196b1ba,0.05342840807471024
40f1234b5a30403c,0.13691170156050042
d59ccb5d557c022e,0.14296061013909492
0c385e728de38f99,0.07721504672271311
f8683477a2ab2ade,0.1270903647368555
511fe8f39056b9f0,0.12039406968262584
c99c5d897170f156,0.08679902714938491
9d753071d21e6c36,0.07783027297765742
9e9289f66961c664,0.11784920113232189
5f8b0d75fdfecea0,0.06055427673412415
9dc13c482e059e6f,0.11275066394502686
3f87fc97c66a3191,0.15014423838168053
1b3f3ffb589858e3,0.054652481201814214
5358785efbcfdaaa,0.0673311341010795
57193bdf5b9a6b42,0.1110086545639492
4ba6c061c5bcb057,0.08720833672151113
218a85cad268eab4,0.16749942740236712
f93dbe2cfff78101,0.11367232549219353
a8481146cd533ccd,0.13449631535997994
84b0e8fa750b7a33,0.09338845218409801
fdcc76060f099b01,0.04992442838161293
300a47eca14f8974,0.15063518336685067
14218faebac40dda,0.0988278414513432
6df2c2d2e3c3a7a8,0.11791494305739832
73b49cfc1f3e9dfe,0.06207589799003393
7f686a76e0a43e5a,0.10878680776688864
bf81324a27520bde,0.12693301944245866
f5d463ec64cf0b0d,0.09412283064938975
7b0554b8ca04f697,0.08014572730156307
e1b2fbbaa6be8596,0.10186890625086902
1b881aaa4217102a,0.10081465566041055
c212840fd1764342,0.0855927769408657
ef314439dbb365d6,0.05529371853286399
1772dc13f02d39b7,0.08087287775241607
b9ed04801fc7a354,0.07757138382803967
105a3d1544b0f94b,0.12472128526556886
78654baca9d1378e,0.1670419969689095
9bc2056512b6d4b6,0.07746054673219784
09c4cf78e2e7adc5,0.09540477568718257
b2555ae21207d05b,0.13850768769107838
ae348fe15c764802,0.0714752899962712
f0124c71b8a4ad33,0.13510912087218185
b56dc4e690b38942,0.07127332172041552
f780521ce14740f3,0.07030222267065415
dc6f043604dd54fe,0.07405297640954027
e07db4ab9d64f3ee,0.132130485369859
8afd23b140e4bcb6,0.13264318978654502
11bdf36dc7a35404,0.0675581465599915
4996a5c048b055d5,0.14147837461297585
623d8021b7d32292,0.1342538971085701
9eaa2f70288d4b3f,0.06785109728888322
9b0054be7988059a,0.07227971513840449
3952d82f6df456f1,0.047614889767909674
8533f9a63a9367b1,0.07909841261985798
391d9fb2c3bd6fbe,0.049299076452486656
101b529dd70a1e11,0.0498930857117573
85b19b6a46b45156,0.056538662400335206
a4b17c05d90ca2b2,0.09245509320853607
194ecba02d51bfb5,0.0647384076531003
20a12da2d8890e93,0.05940666061480493
2df9214ba1de660d,0.09125793215658506
bd7e307eb75933e1,0.09652699525930543
5e0b0dbe5ffe6e83,0.059147045458790716
bf3a6cfc9a1f3c80,0.08398870080796916
82ae8090ca11b2e6,0.09917630350126012
4901ed9747386ca7,0.14822520279123416
53084b49be13c52f,0.18036750127571025
0263cc51aa1acd4c,0.12134316663616113
41e313f2355b137c,0.1168329026140349
51a37cfce403f12f,0.060075469632493085
df4f484e6719459f,0.06564397521124908
de7f255e061d07f9,0.1149819169596598
741683772f1576c7,0.11213303320179736
54c7fb2af01e96d6,0.17484573224991753
24c542dab399c685,0.0534750105594625
a1230bf06c58290d,0.06870866885506889
900e15461a12870f,0.17329787301222602
c089536a25834f70,0.0759336360845278
afc3286b544f0040,0.08339531627541419
c61465243a2221a5,0.12293470782567634
cb1f20d4bb93c243,0.08660825461961837
30725d20e5558b56,0.07671459501676203
94ce3e10e75f90a6,0.048118550831788454
48d0b89d569495d8,0.09982624310956532
ff1ad6d36283f697,0.07679620246316715
72be68b75d2c814b,0.05878553582002019
e4b90062b12b7030,0.135385044531233
d6323a665e446722,0.05782483190217305
2d37f4baed1667c1,0.13840201764632695
05781aee37a18dac,0.06811652842226368
de24d558a18a9f32,0.0814368195899363
cb44379989560ff1,0.04874835963905968
eb333ca8ccdad2c8,0.0767671710254131
1d5cf29e044bf468,0.1459907222041471
172401cbfcd665a3,0.12495081457420998
8247761544773a90,0.0491175442984054
5f2c0797f7cb831e,0.05363393821612072
a7edbfd2acdf8ad0,0.08287006575191591
fdcb685349aaef9b,0.1548144934506969
1568e5a308c50e7b,0.18453759945042073
53f5f1c7014efbaf,0.12141325935686435
e992034fc58854a7,0.07590709505702115
b1fc334e48e20c8a,0.061113502397400904
ca9f6168acd90b8b,0.05893074890130928
929bd47a71c6b958,0.18607056800879096
f7ee05e2b2ea34e4,0.07556342585869524
2f3fdc90e73536d0,0.05655389008159939
b43f6d156041778c,0.05587690503449005
6b0740f130757056,0.05972972880961699
9f1200bd8ef18393,0.08740679953433844
bf0849396acf9180,0.054175270738359045
58f62b02898dcd7c,0.1057030566943263
825b360a284d4a2e,0.057086867832839276
0274228343b0c7cc,0.15036714704112408
746ca6b736caea7b,0.059428873742902476
69cadc81ce7e015c,0.07038047775173716
295dc3bdd969b7cf,0.12799601168456112
e0c7aeb2471c9ba6,0.15860251136704195
a7c128e7baf08587,0.09983080907545143
74ac5ce19092de45,0.14406602011307867
5642496d768456f0,0.16742275867888567
9568d09b37d48147,0.1271332301585786
687eb07ac1ec9aba,0.08356277400026307
1131d59f818ebfc7,0.07165233168344139
70d46c4ad271dfcf,0.09088537063363018
333d8235e3bd1acc,0.07839586376253917
f9dc0ee30937f393,0.11690037390541973
e2e48b863ea7d61c,0.12089695123484667
96ad67d29a15ec47,0.13007379784890802
998b0ea49069c858,0.05562934478754502
cbf500fe483dca27,0.07700415934579263
32889f39f5c7e4e1,0.06707961240780232
f87241418df6147d,0.09619529702535368
afed174cf13b9d7f,0.10588278602698324
d52f3c40480519e8,0.14707020270315638
67306d595867bdca,0.0494633888378786
dc439b5c79486948,0.08258847612714519
35089dcee9e9ba1c,0.0721636939309012
61b5d6ef5f241490,0.0540884089661636
45f5713dcef10264,0.11225384810798107
2a3053d58302242a,0.055789030628510046
0998f38d4d069491,0.13508276075101258
accc2c8ae67e6063,0.04971154453599016
9f5292cbd3806d79,0.06851328330061238
1fb85b95e91ae45e,0.10935344832468359
faa0394464cef2e8,0.047570627081034066
af95309c63fadc79,0.10473706557415052
b8b45d6732b08fb5,0.0705422038552961
66966f55862259dc,0.08857658024611637
608333309da6527a,0.1351440842754136
36dc5921a7d84ed1,0.1360621048389252
27813742ebfe2b33,0.11896499464185044
211d5db960ca61c8,0.057258766182680575
5b186ac0d11513b9,0.18870662716353226
832d1c008bc3ef2b,0.1638746070585406
7d4e4f8d7d40dcfc,0.06718319253968798
f0dfb22c3a27665d,0.15014538853868975
407451c452cc5d17,0.16585577464003184
56928312feff0ba3,0.10111753397786567
9454541a6582c13a,0.08189798092293243
e6e2f33f21d593de,0.055308199487218844
eaa2910769614f8e,0.043882004837021114
127bd9796d970cc9,0.0936924915688208
169858f0ea055525,0.073399867102112
47a3a9c393a619bb,0.05986401499258174
d25e98683c74aa8c,0.10177090255859501
4f2ec1f813538809,0.1301723145532219
8e5753d72777a9ac,0.09230869834586229
d9cef172341ac628,0.10604232770807152
d2c6b2e087495365,0.15892482161069457
5aab483da67d16b3,0.10879918840449465
ad319fa45d964c5e,0.1618037244660022
730d677b8c968e37,0.06351078995360869
b1e38b684248bd0f,0.13931468188000487
ccd097c32d7ca7c0,0.08679360481203202
4cb0f5de29f8b8a8,0.11066575099123005
902aa8ae7819a527,0.05432554329541389
36cc1fd78eea46be,0.16006296179275856
5b8a6b0aae157e06,0.14214751945872361
d371f4cddd5ab580,0.07254847303022545
a07311ae113f1cc7,0.18124114803592928
8ff382f017152a6b,0.1306139627500477
bfe18fe096f61209,0.08216179975066268
97f3a3f55f767d91,0.08228984549320556
a4058a2e4bbcaddc,0.1104111976513642
6dbcfd20040642cf,0.053248049171089766
42a6b3c10ef18f02,0.09964070851657952
9d7f6f4e136504fc,0.06338008652681709
0165f411bc818cb0,0.11902712694891664
bffe1b12bbe69fb2,0.11405940457291767
e01b40b1d6f30df0,0.1434516119541648
3201c568d1d26470,0.14553580591095705
0affa4eadbf1db83,0.18658350156972578
ddd3b7b0ab9f40d9,0.15163093637366348
ec738c2ec1bfcd80,0.04382990568675347
906a954f8e1fea07,0.1783679075319707
cdbfc59fb04fc180,0.15719683568634055
2d4770eef88200b3,0.05378290018263213
3d18600bcebb32aa,0.08628290001501565
3e050322f92541d9,0.09923574148062553
1221e13593768788,0.08577678427354381
e7ea980a9b3cc8c4,0.10794973895700982
398953f786ac4845,0.1534273153282188
e8efc32edeaa174c,0.12135373941719868
49f061e869ee997d,0.10618471308924005
17668415b4ad9f20,0.07815927981695744
81e71cda520c7c11,0.12139272891041135
7c48e5537ec69161,0.10146677732796117
7b6ba45bf7c43e21,0.10932380180409046
9cdc08694020bc45,0.1300769547753796
60a026b4a766753d,0.08248509870978575
719db72fef47ca30,0.0788685970513856
c0b5b808eb068fc6,0.07457186188049082
b20616efa1e51758,0.062027216252449835
d1c2190b7e54ae51,0.0594413044873009
88d71cf388b60bf4,0.11886246168378224
c2394a42025bd869,0.14006121480936531
19b165b652dbcda4,0.15046129036384026
c17841139e5914a5,0.16794774909041546
5549a53bbf9d24be,0.13798023023025782
2da830aa5b2812cb,0.0742181276634233
fb36e8ea3112744a,0.10035058486649968
3dcfee7f0efc084a,0.15308515613014848
16a97d3860c22e1c,0.16746004450819565
6322b2e3f7dca7db,0.09337331121405212
a48ff3331f89fc6d,0.1263400792749301
e07a96472008d97e,0.18008843752666978
42af4fb223127bc3,0.06561299276705378
4aa484762f1d25ae,0.09359641257842986
c414fb964c9cbb8f,0.101374656369982
397cb89e6ab8a959,0.1350220600304511
2e9d9d9e0a6af0ff,0.11165287661937921
fc32ff9c59a22f95,0.04941253450955052
5783d334ad7f831b,0.13508854833374134
dbaa31f9fbbb6219,0.06463173160206608
93eb228beb06de30,0.05626686402078607
482d6bc5204e5ae1,0.07634033619386554
7128efa4863f0362,0.10764004639847645
ba5809f410734a94,0.11495011828555661
a571eb5010a2e299,0.06373977112529823
ad6cdd09fea09683,0.1525210985147075
fa9d2cf12e72efce,0.1405491385735503
a8ae0f9ef30ce81a,0.09488155972822143
3b234a17219db0b1,0.060785894187358136
25b24a0734045bd8,0.186986218290482
771f41a483c9f8a5,0.09805288453048701
22a6c4ec274869d7,0.1220811082799224
e48895820558223a,0.0666314176432313
02c11767f29d0426,0.048704863553878285
d686fd200c65923c,0.18281770106348105
adfe117f01ca698a,0.04124238539950737
69f3b49837e76dc6,0.10548599164104178
2e72632e2ea73631,0.06844569177577532
3207b91e24e27568,0.08975238907683059
95f22517cd16a7c2,0.08727730587467371
543936caa0e83a72,0.0658148583012826
58c5c659df736b0b,0.06147761691255429
997b65e2ca34d529,0.0712061232897012
75bd9c566434eae8,0.07294924395910553
14088d0f66d091e7,0.1803190146457775
4014d97b63499622,0.11317065540380304
f9d10471eb47111f,0.10769816820697609
545fffb7628e26bd,0.0535241150009236
9c45d75bebd4d820,0.04756488342991853
f710caef77284ef1,0.15942389447749736
e4bc3c14c4f4b1a8,0.131065874067898
392b17be6354d3a9,0.09942200279105107
9cc8d07ee090f377,0.1546598229216025
b2fbccdb690a2b84,0.13033421117270097
291257ccaccf9d11,0.11417843927981892
c9022a6ee3a5d7d8,0.05854817200772398
19a688707e160732,0.05042953343702983
84bef4f5323ebd93,0.1537067343135686
a3e5e1903e0e9682,0.09880874205879413
3b0297530613b732,0.06317635213137701
ca0fa3062d6f947a,0.11813951289300118
aba2a7eb167c6548,0.1394706517738217
7dace0a49f811059,0.14172667778193546
522ed32d9fdf2d72,0.10535099582738801
8771c418cc219aa1,0.1228069148851871
1b8f8b528f041137,0.049463426013082956
a9112add272578cc,0.06942393877847347
e722b584b816d2f4,0.12693030998640395
324dcb8fa3962b96,0.11347876445249781
ee84f939a7ab4e14,0.16993387086419529
f7a5683abeeb512e,0.07031228769625021
788dec8bb41081b9,0.05546458596163031
20880910f50c0159,0.12083442370399768
a55d2babd6ac6e05,0.05959299935870844
7c5af2b41b2f1889,0.11661051249947733
af9599e0e687edff,0.07487211942444538
96de608fb997caee,0.04898118405062899
ef99f60d68f58a7e,0.11394380817271584
59d2159096523cdb,0.15707430966319055
606abd74dcfa442e,0.1154916775508787
20fdb4917e7e9401,0.06279893257812771
a3a5ff27339bb075,0.12020758897276947
b5ecb5c63b48ec75,0.16630120762803394
0a039166594e063a,0.06211005893306316
62bfe04683f51a3c,0.1148195422712648
b430c4d5161b59db,0.16511141804723223
a385f4145be5f5d0,0.048447206398299414
904e0bfdad64bd43,0.12000213156996904
0f4074528657c491,0.14408444051910227
39e4468b2f4b7935,0.08867538318737006
9125b00413b353d6,0.05345795615385555
fafd8063bc5f5cec,0.11550219941525629
6b06401ff364064a,0.04768117523175213
e5c9addac3faca6d,0.06108507860501148
d12807d748517f6e,0.07563755198549153
828de307532bb29a,0.18718319664470803
2799da617b3128ab,0.05604424591525229
7b6d6ea6d9feff86,0.04877607894152347
0627c402fd75fb9d,0.16687216776918
a1bb99f3b749279f,0.08536280726646243
ceac2c53c27234d5,0.04803513192233879
9b3de1b793447910,0.07442322968552628
76a426cfc81a4d2d,0.08973557839155089
abac3cc21ba1b309,0.06181867231654453
4e8b9323fa254334,0.1214734952082469
1a4205578a28486e,0.14300028341987794
fa7dfc3f7d4a1344,0.18494992320609902
340b1651b36c8645,0.09307479960221417
73cf2e26157ed703,0.12716330541693935
87add43c2ce1b06e,0.12079024239773678
01717bfb5b3542c8,0.10135244597000685
70ca05c9213444aa,0.12579376408041465
0684a9a80bfd34b3,0.074464575408976
8c2ae373e2809c29,0.07638466712981659
331341a7f1c33272,0.13974721275244742
97078c12c161c701,0.07782301580437123
4ddffb1d8861cc54,0.04844357296211758
2dbc5e3027b4817b,0.12432786184845189
8fcb717c71bb3cfc,0.061567050742049496
58ed220fa88a029b,0.05195273437613663
fcad4ebd837b0031,0.06117819542041083
0792e52fe2c9b711,0.12759708403719308
576de6970c4ba90c,0.11079188965046648
930888a00b16e315,0.13502538893460234
bb00b59f720aadc8,0.13744256860449394
05aad23e028bea27,0.10471700553429193
0ccaef7346d2eebe,0.08633699161597948
bc31c0a97c89dac1,0.16336262580851738
239478b0c695aad2,0.11446993879859368
6d59238e91d3c6d6,0.11295422539917764
02b6f6002980042e,0.16511651019569226
0164fc5fb575ee2b,0.0956666232074292
d8ba5ce01fe8a09d,0.1471678492311385
173b378df818b167,0.04573324470271652
7f5edae9b09a208c,0.115193762027982
0b5662c2a594c20c,0.13884846013671348
55ba1dbed1a641ea,0.1521197166785646
c944ecb134192652,0.18005546219039717
3984b7d478aec2b1,0.1331591644833986
f6ff304e4f459ab4,0.12013863860975847
a49951ac9b42ceab,0.08273864816069178
4b48ddb6a65e584b,0.18168773918624015
624009526008e265,0.09865835452640209
9ca1f3fd0ed031b3,0.14737723666062377
dd7e10345355a17c,0.0870719430060159
a324ae18d57bb12f,0.11490321364910884
f3aede6892999fdd,0.06628405323477116
798f779dbd13fb6c,0.17314103473266904
21481b4c28f91b47,0.06950260155141325
8529066c088169cd,0.04909150956723048
7e93ed2093de4112,0.07541308247297883
51687c7ba8a553be,0.13660641534761145
4ad8b585409698e6,0.05661564495122812
eca2dbbd4829118c,0.1282239756716975
7a9bea3f50549e57,0.09562337352134868
e53cb4d81fe012e8,0.10288355479836316
25e3af07b73ccb43,0.09700937107517517
939b59f220b94ec8,0.09288435343968554
9618c75bab14bdc4,0.15189823736448763
2ac483615d4696d4,0.15365017762632238
b357b45b22852d5f,0.0511920202397586
eed158b983054ab2,0.06380164091725456
25b699ec3d33020b,0.17422469065713364
fabe692869cbf6a8,0.06408797232503066
e30cdc55701f891d,0.13962528336609611
4e247c59738e0754,0.11153667979383762
eb6c93bf83ef9f01,0.13628410078890066
4b2a51b89182eb2f,0.11633406785668539
920800c7a752c35e,0.04692932476984376
00e3f3638706ad20,0.10416658278239917
3b68344f608e8cf6,0.06013740463498244
bd0092d0e87dd02b,0.11786906521135114
d3020752ddea13e5,0.08711994029760288
679a41beeaebf503,0.1403584147581308
7fcec9e71dcf18cc,0.07376134753208913
735724a234bf2816,0.12595367577176977
31cdf3e24ce53af5,0.11185773730776405
58b83792be0f6321,0.15531402833691552
2a84a58cf96025f5,0.056036723317736827
9fcedeea63586bf0,0.1299825063854049
d9de7aba8c682fda,0.06256711102081869
08572215a3892815,0.08655910708445717
b488884763d551a2,0.15918310413439715
c30e80405d6e58b2,0.056221013393400694
0c86a250e70f6eb2,0.10871330777688008
a11c15fcf4597f82,0.11694678484073047
2caedcb4ee1a4103,0.16719533583572188
f91d05eaa3df539e,0.11228772718019527
8bba0a98ae140af5,0.13896037286545274
a987e81632676043,0.10614466382244304
f50807d17b5c038f,0.15300639108349334
ee12454070596716,0.11064467291556246
b6e0190c3e5766ef,0.12285203174919201
a57b30735e272a29,0.045022926579278005
ca66fe2ee058013e,0.1319944238025498
1969a8349757d32d,0.10526096981368159
a5bad4f4702eb96b,0.07017519323958335
2f4ee5ef7a9e32ab,0.19003261661976692
abb1f9350d96ed70,0.06872954773425471
8a663152856f606b,0.051860908100259534
5965e2be33eecfc3,0.0532300268907888
75414a1e69d6f205,0.10173799704476776
0d6362f82430762d,0.11746650908322935
cded8976cdbec569,0.1384187918311657
2f21d9cb88d7004a,0.13843023780676747
bd0809d01c93396d,0.14826574813614898
d368fd4152e904a0,0.16048493266852593
7a088b0bef4cb74c,0.06124262880579732
dad9460a25f9913b,0.15861068563336375
50f138449e3fe2e8,0.10017813677846878
53eecae41b9614fd,0.1508211268277047
c88755b5796bc0c9,0.15796393891410188
1b2bf22690f55b23,0.08369584364587201
4c0b6078692f7c89,0.12744281473042543
d310596293c8f04c,0.07715425545141393
3a724ceda4c76f9c,0.04979939614627323
57c2219b4f1a0a5a,0.13087005351658718
6069a9ccdba45516,0.10698204179404251
504a8185dad726d7,0.09907824923385618
c950477e87d58094,0.06449530537772741
9f1e86207b2be555,0.15483911884465254
69051b19215e3e0a,0.09818809525507281
7f70b72d97083c7b,0.14417118822900496
61279ec74a6d3645,0.06428343040286126
4a35368f7daabf53,0.10968768255383121
8730f5f1237b818b,0.03924772161935356
f9492b545b552f5b,0.15125997940024322
a5e99c4117b486a0,0.08954240882640663
c10ccbadcdafc1cc,0.05877487919639748
e0d15a865fdfb988,0.06570382612199605
eb916f460ee1b545,0.1047918067990603
1b7bb61fe350c5ec,0.06419621147074124
03e5516590f20096,0.09223926126637705
18e0a9eb3145a82b,0.06221894296800173
39cab30b8f09a081,0.11925823754405945
dd47b13d3aa2de79,0.05785246034147177
6a431bf1b07deab0,0.14530122368699824
2b0db9b43f8d905b,0.1081468870313872
363b638b117d0e37,0.04925833957020759
87518c28a26f4d41,0.0445521726912628
3e73b6c86098ef20,0.14197656854427212
f7580d024f627389,0.0824415968094774
626946bf85055423,0.05740723970233733
1d4ec81574db910c,0.09779075269874438
eb3384eb6ec0ee10,0.08056158671285991
ba1a0a18164d2ed4,0.0604653147823993
8736a356e18687f9,0.05993713488113144
f66ad6f9a0d13057,0.07022658940503267
6781beeb2a94c80b,0.09207447703991385
45ec50d9e9b762dc,0.06717761002765467
f993d49be31858db,0.10914702878082651
68630d40b3d8c8a7,0.10334659556763508
790d0e863cbc896c,0.05636790407272078
6b9f40e1b5440454,0.06621592744796423
5bd12aaf1d87cfb6,0.1098951671017843
9593f8af8e49622c,0.059794455955893056
7787873ef39eb65f,0.13100968895649742
3b43be2428bd133c,0.10786042165434302
51614174133f7405,0.11560358171163833
90ef1be7933c7d32,0.07041061220786003
b9b0bc5968838ca2,0.0736333244466879
34854ac0b59be9cb,0.1423082920328338
552972fc397a3d7b,0.1245875428859694
538cce811be930f6,0.1776894902437638
3684947575a87995,0.125795166084447
3458934dca749c27,0.14572131119847484
777593519303d6bc,0.14847162971662856
c998d0d7e544f18a,0.10443060790778176
a23ad55fcdc44126,0.13728662321797377
628f59b52e0f1abb,0.1462139354029713
f55fd4a896009b37,0.0664967673401287
891966bf8125b263,0.06442463357887046
31a036f4acb27daa,0.12330194911271257
b329a2756c4e7e5c,0.05539352689805322
4abec7b3aa11b00d,0.09523151695924188
506d7e6eca5fce8a,0.08722857140841385
93767eb66242b1fc,0.17030060471665134
f07f619af08f71e3,0.17303242620435913
067779ad870efb29,0.10269090266889107
5772509431f3d5d1,0.12808295644312095
562161d24bca87e5,0.04406900609298836
f3e2eded68a25564,0.08657679865159573
4e9f50f16ba04465,0.06762720389598026
a4208a55db792b95,0.09312456106337923
9540d1c34ce10213,0.07512372819379264
3b047ea1a379c251,0.0840993260109366
90c24520deb11d2d,0.08290503875758148
174bf54853f8e212,0.08481937721404904
e32af9607e1574ac,0.05815324868385535
177d7eaf2ebe4bb3,0.05181796967964353
1d3872dea5918cf8,0.15925685154161223
b6641f418df5107a,0.1130193524634215
7b0a91f0c2754446,0.16995158451087436
3074d01b6d512da1,0.10936671229497957
a1ded8ab2ac8cbc3,0.06432311076229981
99d24231acc81bda,0.1636737690950665
ff0efc6b635f0dfe,0.11298802741081708
4b26bc2a5271e828,0.08273234664406252
323cc294321346a4,0.12132374001406716
1c5da1e20342a0bf,0.09460158966695392
4f414677966cf8e5,0.08968033433853297
a08962f7cf8ef6ea,0.17605421966036405
e6778d3ce59810c5,0.067652818906228
944d32b8f9e9db1a,0.15621077898317795
e5c8bee2002b6ca3,0.13530486365998415
fcc9190b336ccdc9,0.05931006413196277
d8c0de2ec20dd583,0.11879589166181653
fb55a45c51379250,0.07025666711241309
d6e81f789123be62,0.08959733581759599
2653ffee6d9f5abd,0.13951433727792062
daf885e44112d6f2,0.11145345454527995
a75fbb195a5c31b4,0.18496903861234518
d6946d6a1e5de8e0,0.05766756885837976
262eea09fa9fdd15,0.05845076018848267
0661f0f9daa76a96,0.11229005632825916
3796742963319893,0.20249670215074786
b7d31b3502739b04,0.11280130738589904
ca3ab2b2441679fe,0.09612332281942863
6ff3c95261a2e60c,0.05953837133537087
296198ef516bccfc,0.0420860977687968
fd7387d23f2c2e12,0.11754300699598001
705f7c9f6f9a1ddb,0.056714373750976516
664080d9a44e09d5,0.06199946882480173
d7bfb116b3f0171e,0.08095069717414621
df7650f2e15b685c,0.12063795361679852
13d553333a49e1fc,0.05015818932689698
d60997f0da2b3161,0.05515613592742765
e3dc5b0748d9d1be,0.10985088160955586
126cc7a3354c3a59,0.0571081716786628
68c831e307f80c40,0.04749188641954392
4c10437c6f1f749e,0.1609713690562518
4de56fff18170df4,0.07232116164116079
93ee64e43ea9b0ac,0.11232051421457649
622e27b7a834d371,0.14784778436486992
8283fa9a80b68052,0.07805751063058992
3cbb48910802e9b0,0.16820854316349376
898c4451fed60e39,0.12194686252314944
560b7b7af9fe8dd1,0.11430546344365199
bcc595e893e2a797,0.08241887939304932
cb2fa098224a9f0b,0.10828873341150987
9e2a88f835bbb5df,0.11604792057619823
07e1bd9a166bc257,0.12682350311920268
10fdd890be2462d8,0.05363784352786385
34a7adccbdf4dbe6,0.14345556027911088
5dca94f6e13922ed,0.07669160999946271
be032af3265ed2f8,0.16148657624172916
afebc493854ff065,0.043905910107734515
755bf2132b96ea88,0.050507018164258455
11b6872eb913fe4d,0.04773122180544335
5a73131a74b5e6f1,0.07173820899492082
a1445f34ce4c970c,0.12320655259718472
c84303c64f096b4d,0.10961968068174006
ee5a57da13fbcab4,0.15866679626806693
9e237fe51b937f8b,0.10758328395889331
04c0ce452fa54511,0.12473070172104177
e4cc4cfb493c102c,0.12848160814458442
13ec6848e5d8c7ec,0.06481331022953496
8b117511fb3c0bb5,0.1681675731551527
45109a7dafad71a4,0.09406414102168041
be5d51769b283a70,0.11123637861803137
4b049c030fc355f2,0.10319006532087759
e1b125afa19663b9,0.1013310668879111
7f5ee99bec52fb31,0.17354251480844096
0ea477a7bb524c43,0.09821369366475562
b2ef814029a4593b,0.09763130409142441
54642bb90de7c651,0.07057470236763365
5562db51544efda6,0.10285130708624868
8c3fc61ec6b0570c,0.1465768299520091
19990ada3d732a59,0.15837492733306682
d4a097538c2270df,0.09284074507576068
a8e6780d12272bb2,0.11313227045865787
0de7c0afdf2ac64d,0.08742203595928262
ec3a682eb391eb7a,0.09569951440714723
de499b3d3aa77620,0.09234107912915916
bb95d7738f26c137,0.08310318210772376
76de6c48fb303a99,0.1547965445088341
f54db052a2c1bf61,0.10618274430508767
d2b45f024d0f9012,0.14732668017796607
26693e446f60e43c,0.08425283430477526
00fedb2a014dd220,0.087640833884106
8b353042d65300c8,0.13344278256375244
90c55b1f3ca98c5b,0.06387063835261104
b874c35d79d74f6c,0.10371651542182551
d482eb847a0a40c6,0.07876193432449165
fc4d3a97478802f1,0.08497423646740494
0a7a2b85838db506,0.05007091640954334
c697f27fe38b040c,0.0668121831738644
a4d2009627d556d9,0.12205376967315103
1c403f2124470ed4,0.0625839006089214
33627e42df750fa3,0.05635355465953814
ba9bd925e360f225,0.10564130282791968
ea28b791d0295ad0,0.14072661527857638
d149d439304c8705,0.056680658905334365
536b709bf5515eeb,0.05774231573056122
88c0a8061e7a3795,0.1259832709859241
8764acb490f19b62,0.07155359810828106
417f76acebadcb48,0.14951991374447657
475869c5be3c507b,0.10102020939213685
3ef8009767c7fa25,0.15067997329045876
b554efed5fb706fa,0.160765208965331
84da50183b024285,0.0692044203124304
a4b1d18f46aa981c,0.05383966538962498
9b47e555a004cdae,0.06773719746590602
ef262814960ff13f,0.14411612585946154
5c0868ac8eafc7f9,0.07250039551302223
db15a0f6f796aefc,0.05366056441478384
9e813d48e7fed678,0.1502219669831229
7e45e93f027eadd9,0.152111845681216
bba24189518e4411,0.15839566139572533
80cba429bade3fd1,0.05340929246797008
ea2c64045d0a1c12,0.14969738972659843
6eea65bf31a2bde4,0.050067939910310465
986a532aee033e7a,0.09171213288878656
d254bc6437766f3e,0.06203871306948333
3c2c4044a5a205b7,0.08903528243910704
d1698b7f7ce2ac63,0.12358730634696298
5615043a1f36b137,0.05527417530115139
fcb9321c88377fa5,0.06482192713269384
885250c55edfcb6f,0.1201380016051967
f48232723a1bd05d,0.19980826560930187
27b4eb77530a112c,0.05025821785081103
98a1669bde0eac7b,0.178541081173783
c85cfc3341c8708c,0.06397843565846865
8043ae38af9b3ce5,0.13994114786254527
babccd7388fd8c21,0.09038328999999405
28aeae730b623cab,0.05847056539535705
4bf1da87dd838f3f,0.05522197167978176
8da93da167404e45,0.11983401852636615
4a0a3077b5581645,0.11911838531682088
bfa2d19017923568,0.0734946937936001
5f6e00c966c5f59f,0.13674396660199625
52c9dbfce9f1b95b,0.06286971170133301
cdfc3b9f626b0845,0.13040190585033942
5e6ad4f66342dce9,0.12671579348569803
42b0a534c0da50ab,0.06871738726952785
e454a16a94a43530,0.09126017243948897
1b6c9c3629bff42e,0.17317430955698088
3d4ea2f562e04d67,0.06000989146500713
e5e88946dd245e5b,0.09475828100181848
7c08fe11ea59472e,0.11310891827455376
48716b8ef3837856,0.06012582568343532
22cb220fb3d03ef0,0.16139093415154787
ad38c3a4c4f92dd2,0.0610746461009713
439506f46710d418,0.12760375545290084
e6d46d90ae71b635,0.0843849132118113
cc306ba2474886f5,0.05385429128352911
c3dbfacba8b29888,0.07214487621902389
3349746bf536b40c,0.07466504631169325
254dff7f2f5e27da,0.05003947155139286
5f715d9d99d8aef8,0.11811183968207702
28877bba74273a2c,0.05893685516401398
0837f11e1dc53f72,0.18616003796749214
700d9c6e6406ca13,0.1477029264927904
6e0d475eeeff64fb,0.11355098554082423
36ba7c400d24c8ad,0.05285799266660277
8c371f8737f1a2dc,0.17834769952019158
163b4afe1f475ea0,0.134684424809879
2e2c632a9af9b807,0.16956560605095886
a891091666dc0643,0.112571743566396
a990b188a8200e9e,0.05059871289555826
e0da7835cc3694da,0.08492047525322027
6965bd28dc460b44,0.047510300139092666
84b4fd2717d4bf2c,0.06876549336062404
0544118474e570be,0.1166073654204487
2437b2d4a2e8ae82,0.17570177251332333
647299fb2ba00e43,0.053922121197660426
7372537f1eba1dab,0.15378792268643385
8854c27e996efd14,0.09630011830389529
380235b034a986da,0.16849455687475498
a2d407f16ff373fe,0.1528463305469813
0ed19a3a868aaa3c,0.09061521106857366
c173b6242dff9b1c,0.0778437121247444
2043889f64f744b8,0.11579475555191228
19989bc6ef928517,0.12528514187211404
d0665c65b0cf8d5d,0.11766253575956466
2b072792e895a81c,0.055493653986611415
c531857150c9674b,0.11587185498948123
bb56bbe97134a4d1,0.06032494603316202
3e062b6117c4918a,0.09497992843330065
a58a4c24d35bd7fa,0.13880597391425278
4ea7721e8c059b2e,0.07715371826112705
32a75809119cf7bc,0.10062853588550343
e4794a0287930fdc,0.06985234408997702
028903129d296567,0.12266648976755058
910a3bc19a45f893,0.13292399340379027
afb4e9017f94d52b,0.05194186024985251
8c75ef81ac907000,0.117822456133007
de995213b69871cd,0.06337893494091934
593b54413b1695ee,0.10490232461183112
d68b798f72ec2a7b,0.048335043168954824
2abd97afe8848116,0.053319978941144736
b80ebde982296428,0.12043000795566523
dbe8ab13dd1f44f4,0.058736152481274624
db6b5f2104046f55,0.11777299126615541
1f67c146861efa15,0.04717182907569085
38f490199f1306b5,0.0652728318164668
dce69a47bd1feb56,0.08497532945008383
12cd790efb4486a6,0.16022239382803433
d5806dd0784560a5,0.05578177585499011
207f45be2fb83671,0.15973203393220078
848e2c11fd115b35,0.13033712957789464
0f9d093c9db25458,0.12633921259680714
13e9da15ed290868,0.08674547504624541
8c584f6c1538beaa,0.05018149672110167
5fcd3e5896568513,0.1367059066326546
aa1f013ff05a59f3,0.07949169637783078
eb2bbf6f740d132f,0.059500895069108516
51fcfaba58d7f511,0.1926389519768524
abfff37a1f178105,0.13982854701833117
918258103a71c3ab,0.06595401502026497
99beaa8c134356ed,0.15811075806338512
f3d97c979517c08d,0.13579556010164387
577a00d787373595,0.15666728705453467
d71bd663eab2681d,0.13344887641440006
3b59c956b239b3db,0.07638262102707814
9115eeed93f30a1c,0.07065146379188726
3d992bc625e7dad1,0.04795564978633816
4db07f6033192f9b,0.056038610968851564
a58a45e9afd5b405,0.12919651037381016
519774a276bdada6,0.16765868045037347
50bc50ed77a01d75,0.11639210806334947
d608451c67dc5cfb,0.09288474666572161
2856ffa4f0a1ce80,0.13026816347184558
2bdff8f74778c4ea,0.05418553452277105
068acd67c99550cd,0.11738917734159704
6123220972766a4a,0.09741762180254866
c4d534fff3fc5628,0.11584560300615027
9fc3fdf14ea045ac,0.10594466264353893
3f86edfd0be75ecf,0.08161901418701399
c36573a6175092a9,0.1293226123960938
7c4df8c2f29666ee,0.06004338281496671
3c791b72118b74a6,0.09921597860952203
747b04b604c95fc1,0.06399120233228152
e780dca0db5520a5,0.05789797681238368
af83daec6d450e57,0.10049638358552908
5d4ff9f52e2e4f34,0.1443989105684117
b2b8e551d87be54f,0.06758544660296323
203b6e0e0fcaa971,0.09488716082321719
eb36b4336605a7d6,0.09500454674182389
14713adcc060333a,0.09594409241439224
251c0c9a3789eff9,0.13154028388535888
0d0e059449af50d6,0.07456207054120251
63b1850f6f5df5d3,0.10210415111753517
90ace0c383247390,0.06021076209793641
1ba1d1cb2d6d1bb9,0.0793888318716566
dcb2cbe56ba92129,0.056469194828934755
88b8fdeb6d82597c,0.0709004293742261
0ccfe20a4b77ea6e,0.0575265394260809
3482a5b15357f00e,0.053829505811363663
6d71348fed8b9c4f,0.06800624890881522
f8723e3306bf7c43,0.1759074085727231
7ef77b74f9baecb6,0.06698189387082325
bc80f01834269376,0.0794708459515361
18da383af4fa3cb8,0.1413696154113262
b474ff492fb9a94d,0.05775696537830775
d157b8492ffba0dc,0.06520333213710389
cbd2d4eb5123804b,0.09586214834220279
0f9515404031e965,0.07899532603706157
4f1dcb8a1669a31c,0.12826079267994742
28c27ce346a7a7b7,0.1639356186154878
58928eff8cb29089,0.12070178656726892
8069cea0e02052d2,0.05916603299863321
3b583c05db5ea4a6,0.048728350169888614
36384df41240d0c1,0.08762208433777342
15e9a245d6d06a3e,0.13722195010639715
d2dba561c29b817d,0.1056278188329441
2a507f7014709986,0.14475441234896805
a27e43abacf3b1f2,0.17607830220278467
686019b683e849d6,0.1675442200907502
9a3663eadae7822e,0.15415635975745806
f4857bb0e0b52a47,0.08231433640019381
29f988f929e638a6,0.06251389904136044
cc08f5318b40d7b5,0.08260674786985743
3aa8c59d9c5dc7ac,0.11452538680509083
eeeb124ea0b0d51f,0.07677512373411038
c422bdf822a0dc56,0.1313117975663268
98269904767a2636,0.062553114612647
e6cbd02151c72662,0.12971763552494905
5e7bd880681d9f61,0.12992775065282133
fbe456da262eaa3b,0.09617921799357947
dfe3e7968ec080ba,0.08034269811289523
0e9ef351ddbc9ab1,0.07070699978478563
2902b3339eeca5e3,0.1227619843583515
a7137a063b883e92,0.10717282644681941
b733ad3dd8899d06,0.07053445766567111
44fe9234ab115e2f,0.16091043557840615
000b03fc8664c7d1,0.04810557916387095
9020a01496eaf633,0.13492024370910907
53b7a21b0f4cc200,0.05967402422054722
20cc306cbb1c6bcc,0.13371389051595295
debcfcb981ae0125,0.05917347236493131
802bd1039c3e6a1b,0.04993168407333851
5f5c21e0b6a4d4a7,0.077046533302098
4e1d92bfbc009b58,0.115406511419346
644c03f056f3bf9e,0.14641508153806587
3b4855d86d450661,0.054384695429371625
dbe1c9a9d3e563ac,0.07400283402444897
2fb49e6e63bbe8f6,0.15895980982075383
2347ddad2e1b095f,0.081015867302644
e315a627d1ca8573,0.1589860355779305
0558a476ace81c15,0.11015726214875647
4426fc96456aa43d,0.15853978050440065
ee5092888f963b26,0.06849743156051001
57886ec9ac1bcba7,0.14187136087994287
69e1947ef1a19192,0.12953496184633076
af29d6fac97c87a3,0.06548736837935996
6952926383750b48,0.09272379799650876
b6e14b919c7ad1f2,0.06544771187204163
8d09ba7da0267580,0.1506386198703358
40e7e13ba421c25f,0.06158390352414189
c3d8677083122b80,0.1586542586993702
e41366313db49145,0.06364089432409457
ed95e31015c5959c,0.11385959221586976
64f0bef89a702494,0.05097400432764424
81918dc774b899ca,0.054031018606599285
dc9dc895fc8368b6,0.10843327682109177
ea0dcc9add9ba8c9,0.11282368838284057
c45a009981cf2faf,0.14874715707787958
ee4eee5c2cad18b3,0.06825086583895883
4b8886ccb99d4b95,0.09236488331610164
a11b7637d21059b0,0.06740709331107958
ae6bfde3685ef5dd,0.048923976422806985
095f96ba3b90f727,0.09386267113008458
c800465fabd83658,0.054766860630573594
c75993f60039bc22,0.12045434281096878
15b2e13c51d54758,0.10643682581208869
cef343af7e936391,0.111625924310829
bb9e37137f42fad4,0.09961240219976676
b6f54b152f0f2c28,0.11233122327882496
54548a1370ae962d,0.1167310619861774
774675091e96f38e,0.051647774290252
64db0198c907fdc5,0.053952007385404795
ee3a2eba79a61cd2,0.06411559317952235
d87ea92ca2504e8e,0.12907443509362782
493f68967d2931dd,0.08936686295069655
33c5bd3953cad989,0.09797297256224254
31719675e9834500,0.0580616918191593
283d0d3d8afdcd48,0.1333130449208699
0954b46131527b56,0.052101949071844095
c7f99cdcd74ddfb2,0.14148959869120234
89e81b0750c67025,0.11386484297988926
ef2e114a293d6051,0.06636486160989519
3eaa82eb74b0d2b9,0.1875962263799048
f115b5827c53fdae,0.1506078132976302
5b981d50572234ec,0.09857329413052367
bc2a7ac2fb6ad312,0.13701855161581453
cabb5fa14742de79,0.15853610415667704
9dcd899d3120d04e,0.061363560938761885
5bf75dc153469005,0.1560179584528719
a99c57a3cfd238a9,0.16101597988719765
7d3c73f6e6251236,0.13298148926024833
79c824cab095ef0e,0.10096412671574932
50457f03b19ce000,0.13188661976988428
72ea29c850f97747,0.07755169610999128
949aabf35ccb0c4c,0.11729097323283705
bd3b7b9b5cc3a346,0.09712964176722892
581ae7bcf533000a,0.06427240452957572
f944b728b8eb9aac,0.114088597377341
6add937f4476df2c,0.09933586301548487
478be273b158fbf1,0.058010715198389275
43c1856ef31d1073,0.1637437640328368
8f97466fd3810c1f,0.07714563608527127
3ae22b8a964781ec,0.09238157820785853
82ba55bfceb0ffbd,0.08347800697695636
5966bfc14b304d05,0.11152702457545259
eedd90867e3cd9d4,0.04417558096112519
99db9ab5fdf84102,0.05070010607770383
6c6761878fa11c78,0.1176841804145881
731bd2e8496a9b0e,0.0533199225419733
9f1fd83e49b82f88,0.1305243207918635
51a2cc12286941ac,0.12538084251514295
7b60067efe8e7c4a,0.15766132353484366
7ba8d7a5a2f30106,0.16708614008202163
677aebcf5c57a29d,0.09820377211434407
c2e6810f10057ffc,0.1153097008185322
f770bf49e8b32f7d,0.1318663164253334
d999d97cecc80f08,0.12722960486833937
225695249568ef3d,0.12266494492644713
64c347ce204607a2,0.13029877854645652
8b972fc1665f8aff,0.06947302695414596
fd3a180f558ad235,0.11786701300440665
f24ea2f162b99780,0.1605334239562357
71edcfb193fa3be3,0.15147737699542463
4507c7c846e862ed,0.06773565230929637
ac51d145f495fdf8,0.11270013596874438
3ab5c54552e9add3,0.12097947561305424
0e545a1fa4aecf83,0.05551713836440242
19eb7f93e53f33d0,0.08462446838619185
f4653f53352a740c,0.12711393360172338
c716d718820e66c0,0.06067286171977184
a8a2778b42759e84,0.14325206222344325
d632ca08f997e38d,0.06626841537396283
47c56ea6034205ca,0.06647970441245306
f436395245784b88,0.1870908192609294
ddb7078278325022,0.06799617069766742
1c24525f31c1953f,0.15376488352112408
7c7e6ee56d6ea5c1,0.16556912489565975
0e67b9cedd55f492,0.07385086596458763
a585afa6cc802221,0.08006900746940651
132bdb2d81abf434,0.09789412865752078
cdafcf3dcd774b36,0.1299065937856696
5694f780d2c8e463,0.05252477184926266
317ba4057a04aa16,0.14280768102954994
a92ae25f2defd1f4,0.13440483917050397
ff0073be9d8669a3,0.16220352917742273
2c4d6fd16e7da4d0,0.13497841655637188
e8b93ecfcfcf69bf,0.11244113597875836
aecdf632644c9922,0.1488189559694322
0f4ac8759cecccb4,0.04540732234763114
ae0ed79b3f56091e,0.12676047137954113
492dcb545fd160e3,0.11135882980220435
b6feaae9a6963540,0.0792528741106229
10bc80bca38b6418,0.09386860972556443
d8bf52f15b58b474,0.05969601711287494
d590d13d8a0daf0a,0.12683002930334983
bafce96906ba0c73,0.085343434898279
15a89b9d9a174795,0.09357590085897394
3c895a00e202bc6e,0.15671094590399903
62100baf87d531c1,0.14593302831104615
8ea52f2642c87cd9,0.07405706861175819
78bf3db367f46ea8,0.13594807433836806
7303626be6419b04,0.057752118379830096
86f2e3f9f88bf00e,0.15146069061218878
39921131b7d48cf3,0.14595491731664265
7c06255c489ce455,0.19717093879279232
2a0f68fcd60099b6,0.13030272840162485
968f899504b28211,0.12217127708616732
98dd9df8fdcb29f4,0.13672267625483894
ed55728c47c8b666,0.06173560324428457
0e54abd540000681,0.1692927824831041
2687ae2ad26c6497,0.10901361356833801
afe3e3f4edc8f7b7,0.09421275073278418
3d8ff2a3976b69b9,0.09892622675501378
13e6deb5f77cd1f5,0.10932021243100033
8c8711be796262dc,0.08507601147354411
8eb1ab06839664b5,0.08854618605647148
dbd58b32bf776c26,0.06230110287558535
4be0c2fba004271c,0.1355312131884397
a0f6b49ec1b86bc1,0.12947891353363528
3b33e5fb16341fe1,0.1351694636381694
d39f326ae61cb937,0.050377184458323586
00e28c2a11d38c61,0.1418913733328206
a55c74a9759fd56a,0.0592270174232016
8bfd04b0788122e2,0.14053042993564754
895776a9cf9c8d43,0.0891682488799838
7ff187535e206416,0.1873827089183148
b2d991e4147a68e0,0.052593864401357764
b62ae246269c58c4,0.17123966439298854
b8af731f19b5c84d,0.04700543630209734
19f5143484b38101,0.11477493456516995
982f6a3f1bccc6d4,0.08722241105177585
2cdfb20347feec4e,0.16684993644620918
5b2d62e736467c16,0.08771144726552009
f85bf07959deae92,0.0632680633023767
8e923fa1dedcd01b,0.10215417343814981
93b3dea6a99fe31a,0.09372143950725813
8bc3af23b3d5ba85,0.07389735217818642
91db39152bd6ad50,0.13650458917414207
d911a9c74b505826,0.1354798415578783
0e53e628826772d6,0.06562494614342487
14d7b607e5e3f0cc,0.08480004783276972
f3e8e3469f0aab7b,0.05813049281597641
b9c36eb092bb275d,0.11395071199514477
9cff3e265921dfed,0.12541363525785318
585bc81acbe5b1ec,0.05068403574844877
15f8e68c7ac23dec,0.0775365581062326
a37b05bbb09f8496,0.17639346980714374
4f31f80a263d61dd,0.060567113259857336
6a3987a9bab31c44,0.053061410255208524
9f59a5ca5ae6d119,0.08787396903091475
afc6cb824b3596c7,0.05514943491373362
64dcbe6f4ac8de61,0.18021379538606133
1fcaa5c3533f63ca,0.09221750764625096
a266793e0c2619d2,0.1322441496985065
598af3378495839d,0.11052897629489604
b40ecfcda1506387,0.07154669233417353
22537a4c1f1cb22f,0.0644093880955653
8c5b78cda30c225e,0.11422912448224443
3239189122d043fe,0.0776080742828899
4b34859a41dd8627,0.09115693942129714
7577c8941b2e888b,0.053381683920056155
8ef15229dd291883,0.04718080057837291
3332780ef14cd99b,0.13580459546102142
f93d1a6ecd62d897,0.07753899461905547
9505f55ac00dbadb,0.15822191429511787
7c1831bf48bd728b,0.05073739164086361
17cf81ec2dede54e,0.1253386055894017
e84c6f3155ec9762,0.14571942515285166
e894ec9e0ac2e7a5,0.17081669276365252
c307472500eaf782,0.15517694111535715
96de47679c4cb6b6,0.06753353832998864
e0dd44e7040c3168,0.09039067491576287
bd9e6bd2fcf5a54e,0.12104764819672305
0382e0d155285962,0.10108873489104264
509eccae9abde09a,0.12534253785376784
f2147e0be04acf5c,0.1334430898263544
f3a6b01cc0938196,0.1529114301141735
c1956069b7309004,0.0671967958322168
2292dd5e617286e5,0.12768930218700478
3644d81639ce9f29,0.16037197712320087
4a5bf3e5c85dbfe9,0.05888334688126867
095a4f241c64795f,0.14225106873246532
aa45545b6df75be3,0.09311925344652544
ffda21a7e2973492,0.13076406648317787
662adc1ed3e8fd43,0.10314375928573605
218ae6cc5968ab6e,0.1428443584408292
316379f30810e1c6,0.09146489289994453
eef8a37b8fe20ec4,0.11732693654260402
d9a0aead3407db9e,0.13267351947306574
f0c65e7320950a84,0.14072100543660723
4625132a59dcda74,0.1236224279963898
ab1c8b0c3967b656,0.15082536485993717
f00224def382933b,0.12156579883480473
090051f10ebcb768,0.09390222414285572
2a0c37f157e82f1b,0.09650530420521908
61914ca3afe42c15,0.0784189613353855
a9fc0e9ff5b0e706,0.06338156421787983
f548f7ed3074067e,0.08113458800859252
9aec70578372daed,0.06110861895999459
fbb0734a4e985290,0.06670123014646422
a8cd11786e7fe2b1,0.10231594246069416
6a4338f210f336ad,0.09477682350202506
cdb63c81014bd072,0.07158916142453266
2c5a98b60450efca,0.08626657340458083
2337a75838293036,0.05636335407638646
a0ed386ea018cce6,0.10746727602414434
db76609f02b3bb31,0.11137721513554033
597bd387a63987b9,0.18547349702090013
bc7571c47a54ce9b,0.0964100278177858
547510d3ce221301,0.14309870359972032
8e84181f60b3ec91,0.09179007919732003
13880ba898b8f597,0.14622524643276955
9ee1fb0201512e8b,0.17834274480212176
48aefa3d80da5764,0.09090420311262537
498d517a667856a7,0.12160473134335377
f07b0e35881505f2,0.06693132046032288
1df225f3addcce26,0.04884853152212113
84a772cbe6d216a1,0.08697258576443256
f0e4a70f82f01004,0.09691291541362557
3b639af3777f4c39,0.05551390290694772
b9f77a4295400abe,0.05483347161137477
7d646e2fd78953af,0.05383118013712936
4127b246e0beff6c,0.04954080078166862
2321d1fdb21c809d,0.076557487234119
9936f8d7184f5e10,0.05366165410445082
e2e9ef0520d08656,0.06387547179102118
0aa9b948dc8766c5,0.05918657645436023
d96df85b5160b1a8,0.05981424285431599
3bef9584524abbef,0.1405955051927172
806989faeae50571,0.053840607207261
6fedd263e1290110,0.11894087737458102
5762314e60a560e2,0.18773414181420492
748cd550549c514c,0.09605578970899174
58a8e997e2757de6,0.047054655424518026
c13887db4b2ded8d,0.143204054069925
eba0106899e8fdf1,0.15909021085484853
a947c7f89cb176bf,0.20510370310673523
4ac4a17692a2a70b,0.056597974451060774
2fa4409e1b6a3d85,0.1383980269687397
a783eca691369f3a,0.10426005635500186
e6e45dc137aa0511,0.046078759407845525
c589fb4e517e579b,0.10024756225297717
0535f48557a68402,0.1423679234926504
48e423add1624f2d,0.12091093125519459
d20110b1a6f20e55,0.06840608474078495
739f7cc76c78d0bb,0.12357754461065702
2d439083c11f62ae,0.13051987370633436
0c74bc780e465296,0.06983691043563821
52294576789c8ec1,0.12518010454087933
99b2421c51d37084,0.06260891364569918
de49e465a4c970c4,0.1765153510661138
4c88fb93b8d12270,0.049494537908108927
dcce15e3b59d9796,0.06936070044830689
b8e0e09067432f1c,0.14895554296045296
962f882f18c11d46,0.08403762832433322
34753ee28116af4d,0.14497760280546443
7c71a6fe87ccd6e2,0.05453645495153362
7ff97e6a175132ea,0.09387469337166988
d84022bd67943384,0.11508455641884967
c270a677c7614aa6,0.0677401710285523
1266e1b58e87a761,0.10979932482818071
9fc631524aa3372e,0.07545981303408598
88da969d80daabce,0.1658086218569615
9c5cf1807334358b,0.07908794365546988
0e5706f9560fdbf7,0.08989092021825396
d9db7cf658a35e31,0.0969659085065087
38bb0629e63b6590,0.1274473540168853
726236f75c9de724,0.14360744933610933
47ff559912cb3714,0.06114653544470779
bd567ce69cb8cb62,0.06986157780351447
6b7338c16e1db627,0.051890047737373914
2e47f13eecf939c0,0.07979840034687942
7e001225afcdc58c,0.11766046444236429
b0ba287dc9f94b2c,0.11302239930362919
07be300260466f0d,0.05658933414980074
49e2abe2ca234745,0.14154244430004823
bf163922b4b12745,0.16362063524377457
aef9d385e9ff8518,0.1326942177426649
3e364e82bc780650,0.19299535111646815
393a9aece2867c5d,0.1041518613648061
b0519105b55d4bc5,0.12444091199545837
c5a4b1418dc4e412,0.12031685607568404
ae000e40b4cdbc49,0.07605309595267504
bdb4932474ae13dc,0.13791631104923194
54ab20f1339d0955,0.07416683146559623
bb6cce3b0b6744fe,0.07548669878282689
0d04ac4d48d1e700,0.17503413753533884
6e3f51731aaa2c77,0.10528439043339703
783b7b163b234e5e,0.14771358931654188
bb6501e8f6ab95a2,0.05612148722770954
e5f20b7a540b7472,0.09739435886039745
726e2ec81830f724,0.14276540428226
e8dc50204900e975,0.04985959118398311
1334006b9c4f4ffd,0.15169057255121468
3553330b5c7e6092,0.12249293484621537
e1a3e161c8b2e221,0.09035039026461973
44e747740cb4260b,0.04762002347979302
00202304b4481207,0.16205047467579473
931eab5e85d6e3fc,0.05701254482578754
e4b8ca3da3eff8e6,0.07661274088857223
103e5a44f9c30ed7,0.08508433540303477
448d40536e9c5670,0.10468616439809292
1b4d4b42760e781e,0.13208299965101725
e0b110d4f6844bbb,0.1376298685441779
0d928dd7f13b92dc,0.13412020314025305
1bf6e2dae324cf0e,0.1020875137930487
b2a17e2a9337f111,0.16619242456291133
564d7ef8fb681d94,0.08265239009115648
a2088d882fb6d77d,0.1749132921258413
3fe22caa380445a9,0.12522408059442838
2b3c171024a98155,0.15001118964975615
2014d23cd7792183,0.11685663089671904
fc996643d63f02d7,0.07131380498466282
c8d5c605e447f4fd,0.09987270890562372
634298df42266b22,0.07218680431124379
5c8cbaf8b4d39f57,0.15503592128698246
a688ddfeb76eb78c,0.1914608206630443
85a12cd29f47007e,0.05849019531761664
a5e1a3f8e312e1a0,0.05269893290433314
29e076c93c2b7fab,0.15730321527839985
71b7b90e9a0b70ae,0.15199143315027594
11583aaab15330e4,0.04989949810914914
5b34705855c1c880,0.06405787987960479
26361ce2a06897d2,0.06882876085067138
2be888bcb74be336,0.0662200423378667
fd96abe884c43d6c,0.16202386488878717
165fc0b6a160dbd9,0.1921841421550695
b8c8c114a79ff453,0.06529147911629214
e22746fcf084642c,0.05504702907991771
3fc60942cef4b9f8,0.129507328913783
c78a85aab85debf8,0.10279937909383825
9c2166227724c80c,0.061298797779686644
e0291b12205c2c68,0.12488586760781355
307b5de4b89748c8,0.05241465366807227
b83469a7d7ed138a,0.14592081699869786
4726c5e084cb6f1c,0.13195666448367685
33795c308f648269,0.1641369656425037
d44b56532551df1f,0.15404944501937193
7db689f550f62666,0.09331748860995805
c64b1df6de24f982,0.05709988270554878
d9685a6aeee511e7,0.06889320050815148
2c867c13048a2311,0.16141162699238942
b3f36f5f67857959,0.07930616947741266
c8dbafacc0fb77d3,0.1492136840454933
3a1b2137777bcba5,0.0513449195672964
c9627e77fcbdd360,0.1310158820033033
cf4f6641c91382ed,0.10110269975136443
fb519c3fdb753245,0.1862275730924462
035449e62c90677f,0.11475525048035322
5201d1bc5a7cf0ef,0.1121067638218468
01ef09b451cbddb0,0.10760098660969858
b98e367af7c0158c,0.04889679921683524
bec6844244ad0aa4,0.10903143735848035
ed82262b135c6e4f,0.15529095325264625
67637bf7061cb7b0,0.058342108354884264
96ef8b85b60392d5,0.16965102838390766
fc1b0a61b9dd082c,0.10998180770371975
c408b4beae948cc1,0.09053161511049164
f26323206d284ed1,0.12351650180411601
9214caa6c1a0dc02,0.07013739719445751
591a28a3c195b6f1,0.13967284185254716
9cd8a8ffb7a9e96e,0.05538378625459814
7ce580a49450111c,0.06712696352581542
abccd8c43775abd4,0.059232856340212636
5c6acd44464d3db3,0.1162011337918475
b0e58b3d4a2a773c,0.18985460311780308
eff75fe4ffdcb49f,0.17479750183542875
06ac1908fb89960e,0.13580130541912006
6e61df7259588c80,0.09689540581617066
87752778bf4206ba,0.13173062871214228
2fecec0b55303222,0.08028087909769514
d57c0fad9eabe24a,0.14273155920793432
93cc7546b8c345e6,0.16588296846644815
eb76de6938c4c38e,0.11585825566911885
0e733a579e63472e,0.0729425141695176
e7dff8305acefcd5,0.06310190056785032
23423479e34fc441,0.18118394234297244
3f66f582c2bdc24a,0.09672768264439789
d312e4d7fce5fa01,0.13571724425626422
c04cd9fa54077b8e,0.06932690407139996
04b68ab2f6458e33,0.09769447092973586
35665b0fc6847811,0.13682029521803568
9028f284365c7863,0.09352244327273691
fa23926a88284b39,0.1433033463968072
ff5e27f506ba1ffc,0.12000864789392467
e6a04e92205e9e33,0.1465598704717944
934c2e26775faaec,0.055775977965690414
35403697fd72709d,0.12026668820081843
fdc814fd85f237e4,0.13393302375568286
bf4ee2f20859884d,0.06952063713617701
d2d10af48a354c4a,0.10712083984652238
a38e463e1b086d42,0.14361736390635774
ba49ce0117002110,0.09690654632891144
d5393f1776772d2b,0.09606918520862928
80a6b6e9f65aa3ae,0.10936294861382985
d84698a77b768899,0.049086527742953544
8d09ae0709d01465,0.16450355313583026
0ac53b64e16a0efa,0.12975932237388474
a632a91a07ac8406,0.14517688460320552
1f2437c787ad39e6,0.173701359992264
beb116a0a3ad4f5d,0.1705566382787397
c38f343ecf8e9527,0.08778409274937998
d04bd8d61ac99c5e,0.06380180957554916
6a279faa81d0684e,0.08898158124197086
1b49b1154407ea05,0.08033092065453554
b71746f211be0a24,0.046522224785932015
bbe0b7fa6d60f17d,0.17564453319078924
c9117e785fa1cd68,0.05452594988390148
a700a6b3a689a18f,0.08073587683684154
d998a004d828aadf,0.12987738464133636
54cfb8bb56897eb5,0.13369434297046706
bafd504785d302a8,0.17635106356180205
3f45db97b95a3352,0.06898720998382407
2364a75ca729f899,0.16308078680495
9387acf4770f549f,0.12029483635055122
a434422326289b00,0.048302370738849236
8bbcd05afad8573e,0.17259656520780672
82fc48f10b8d7cc9,0.06622962332028383
65dd24b31c0c4067,0.12991109594618963
b25ccb8b682acbeb,0.1198252659555012
291117008b4408ee,0.12264271190669479
aae3422dfbb55bf7,0.0994298879024379
d436224afb38b7e2,0.10756098228954591
1287c0ffa2f14635,0.09524400052586057
4feb7edca163def2,0.13002371447642724
00df2416e72cdbc8,0.06425038217956029
e51c757048ea36b0,0.05728602176027683
59e45992c3fccfa8,0.11902297920376641
7b44475e4e2e3b92,0.13499037774393466
be457ea8112e2391,0.13165021481528086
1e4fd1293a611d2f,0.13623526790456694
343371989bd61c74,0.1342795514869263
6bb985812e990044,0.07267488782614769
c0be9996bfb5270b,0.08878440928988561
bb367ec1a239b8c8,0.1236836874038539
91fc9ee0920431a2,0.05219710711427172
82f2985fe6157914,0.06598419512385473
eaad7a9709bacd50,0.1066296297802833
1bb729bdda8eab4b,0.057276739431616285
35320f198f2157d7,0.056375408742690813
74cd9018fd2aa194,0.10926783186064641
fd091b5e49f8138b,0.09365746884565866
917e088d530b042e,0.1700370727468211
b0e606a7344aea7b,0.14643334612669068
c220230ca6b46d2e,0.08571142060063115
2174f0850e20c2b1,0.05413348785716377
3bfea4a031f46e50,0.06346820191669861
22199945c8b6f01d,0.15938836412119137
efd4e993a8d94f5e,0.10459810474400498
acad3b0b2e72b212,0.13796458469716003
1a33438ea9b6ba09,0.09242480953653938
c9a22295bdb2b49c,0.18114880176586112
0a24b5a0c164f36d,0.09063778348880612
12b662eae7ad89fd,0.08210572057090394
788a4a1a340ccebd,0.17210775051919214
0b6ebec97e53c571,0.07272427764033561
be4269de80d8b34b,0.16944270729453678
ae99dff2a596c7fd,0.14433877523686658
1cc563af87248566,0.1405632000922954
95b03e2a8add3a08,0.1157797073235433
bde7f9ddcf827170,0.06367543516360476
e24c4af855561b6d,0.09500514050882723
a1ef8a44aeab6af5,0.20525871433935108
2bf2e0d5f713e9ea,0.04677995504824143
6585c55605f3d692,0.13680723559623117
4a44bfcf3c8bea26,0.04452249685195714
78a21d5aa40bf4bd,0.07851316156932676
d208a68d90d83d1b,0.0847189618278487
fabf07be02cadf0d,0.13754474910443634
3fc8a4ec51114a77,0.15143942356552423
d8da2f9a640f4e03,0.11897702702333979
f7a8212a941af65b,0.04234773312701814
836c933a5cb4ecbc,0.13161927396209952
e292f252eebf817f,0.10757865939771599
ae7e8b931e0ade53,0.15475291507137764
c937062a293ea0e5,0.049574121729353916
673793020f42eaf0,0.06008841481368247
531a753aa5a10879,0.06963986018452362
65613b893147c771,0.13745040713053197
a3609d34533ca6b4,0.1010550224686408
c9eecf5329211123,0.1130021497281223
4e6d4f733588a212,0.14751792877816802
95e0d5ddca2118d4,0.173170341014001
4b071534952c920b,0.09376545924311463
f333221664eda263,0.07216353569162111
8627e41026f74eaa,0.13227091057341417
789f4695cdd6a417,0.10948009331095614
908034eabc372b99,0.06984663823945658
984bfa387795ef76,0.11640419582290473
91c8e8e6f637fb1f,0.1313427061304619
363aeba9c072e960,0.16722383090537518
5cd6915b98d723ff,0.10889318404327457
20f027368dbc60fa,0.04714284978575589
a58841827e8017bb,0.08980624043839332
ad9e6a299aee4827,0.1191503977150703
fad46bf569ac7443,0.1128069659395476
0bdec115af64e996,0.1067369892896413
e78e15a02aa6163b,0.1921178527498524
94c1b40d53f1c78b,0.09747086124421155
c1dee5b6d55fd7c1,0.119079881511534
502f0c8494138feb,0.05692796800202354
316c5e9c86bbb645,0.06037432981811105
c5624991cdcf670d,0.08687006823389176
e000077bf8c8b49b,0.11929589180140478
9a36d5ad49081233,0.050670950865579927
e4ac16a92daba7e8,0.13166367771804918
caf1ce5141ffb34e,0.052325869527379575
d07bf091bf998e0c,0.1128574660458435
f230be64e9f003ae,0.1551801068144491
fcfe55e0768ab257,0.06517011833408565
ad04ef9c94f25ea7,0.06734198424961516
b6c3dc163008115f,0.08082436395666957
2a0af6ff3489e003,0.07481891228259031
5c098958dc2a26c1,0.05722591060547069
a802f6f7cd6d7b2d,0.10754115319649742
f0897866ed523f60,0.11269232476673063
3c1071f1773cc7f2,0.04354954414118509
5fb77ed43c58e517,0.05835554192767011
3fbcf72648af3500,0.10585067004982161
64964fe3e34849fb,0.05957650305342934
3d3b19b2da76dc78,0.13489883847712233
69eb4e47c0f3104f,0.12346884589706275
1b55daf09e9f129f,0.10057386121945623
853fa0b67eda4e6c,0.06812629949594894
636b3bfe96c8c67a,0.06107941187740442
51b24fbdde490535,0.06847104370151365
b80f84359d81c98d,0.12410030065063295
a865666aeb2b82d1,0.05147954878636785
08fd3d5f06273089,0.04989516329008512
cdac52f8c24b9616,0.16612886641590652
bdc841da585c4a1d,0.1647728827439324
8858154c3efe65ff,0.12017969667386497
29f989d45429b9ee,0.12864030927279593
b97dff4909968aa8,0.047999877914685685
69c86328a89e4898,0.048003595707263154
2d50759601edb9c3,0.13954453630294197
134be78ce02d48e1,0.10883208282078877
53b540f7c8d16cfe,0.05349324422128421
76d2e83b30cca3f9,0.0778375085201585
062167d4ccf76346,0.1723736647763848
84cc2a48661e807d,0.051025980003925664
60f1e251520005f8,0.12470523025469855
781115a32396b4cb,0.07885455488143119
4c1e17c82f4cc326,0.13815132129678567
b602ad5debd51028,0.1411920865224845
4d9da053a872a970,0.1353918707119028
95f7ebe4304bd2e4,0.19636002644887854
67a8207cfef9f011,0.15027268210225264
b1c3468185b9514e,0.13312397954351154
f80ccd7ace26ae4d,0.1553631226678268
3ac147039aaf4499,0.06510802387136048
fe5cd175ea7fc09b,0.04870186092334167
9026d2936cf2bda8,0.14564808252386358
a4b0e01784fc7cf8,0.1418652099946922
43c462b48d97dd20,0.12334394107390327
e36d0189d20a7617,0.07888586369005358
43c3586991f4b403,0.08095716602605672
009e48f2b32be557,0.05431150626715206
a1689ef168f2f333,0.16980551602763685
dc310fc66470ab07,0.10153368386915136
bc654d187751fe04,0.09671325597331859
247e62af046a99a5,0.1053545234684606
48f2f9556bb2ad1c,0.10492121128407221
e604b921624a200f,0.14227312677091436
e46765e152f7daef,0.11953388695402423
3d183f0c812b6d09,0.1133041606821981
3a7275f9aeda8305,0.04931300454725477
1d994aeb47ff952e,0.06704052754491542
75dd9cd1bcd35d05,0.05014393844378392
a976b4932381b300,0.0520344563601054
da2e39ced8c0afd6,0.05608328612761541
c77fd47bb1683f58,0.13677616344751883
ceeddee046f39ae0,0.05911365325340892
cc50dd12d1f23bac,0.11166755580014887
8b73f447d60fc992,0.12091816150875796
dba1029662f0c412,0.10415348628056777
ab65e0876504bba1,0.14173427334511154
00754e6b5a7298f1,0.05353236757493623
082f192c053e5283,0.06041526547755532
4cee8c7c13d1afe2,0.09886179040162259
9ea9e3c8cb3df9aa,0.06708497692745397
2caa75dd78c01d17,0.1925407756612211
42ca39ab5466bd19,0.14989799592866135
939ed128e268f834,0.06154684540559629
e452cd65ed19c900,0.12594718420779732
e5ee2d79d0c49d1d,0.17746075875179376
ce0d423deb82f2f5,0.06760250687805135
3c30319ed1684972,0.11478337793199034
18968bda98628242,0.11409285331622972
9566631a173d48de,0.16506777294079417
01d78d3ab164da20,0.06697338390875511
7245800926a4112f,0.128310715122144
3fffc62471c1f18a,0.13036948583355568
3b530b29e9f5617f,0.1399452061458795
65305594301ba50f,0.12301074867290396
593ee003a4981c15,0.10424580853717173
f79985b30220adb1,0.07498094434219656
60dd8dcd3a1d1839,0.1722903914729738
288aaae44688b015,0.16647186287148788
8a16369cb4554d3e,0.056654453886908485
4e49cf49f79e1181,0.16403754064312445
1a6026c94f49058a,0.06665089331073715
8c29813aa363f889,0.12279434985449389
5fcc5826d5f8db34,0.10594433727811425
b002c58138c724fb,0.05813344252678133
62a918db11ef3076,0.1573604793331903
8fb91f382ae2782d,0.16645060479154405
af730eb0035cf0d3,0.09294440118049195
546fef357d2bcd57,0.15135273202500996
c6129c4b99d7f4c6,0.13620871787685915
7596069ac38eadb8,0.09654782073443474
9560c8310cf23dab,0.05241073756325487
ca1acdabe94e042f,0.14300361779532622
521f9d2193473fd0,0.081634807889295
617eda3b96abb577,0.07981107662158407
8d735b59dd0a4270,0.1696297222965659
1b405139fc287a40,0.08934428864175216
e621733719a2d775,0.14507254627382382
95f4b0d76e779b43,0.1352122169492085
bd6a23cab176ffec,0.05413395599817226
3c5fadc2c957c7ce,0.1535298930250112
37cae1b2dd3c1330,0.10692273371738403
0fc2ffbd9370b121,0.10168603436018646
b31de0d8e304eeab,0.1441111020043472
5738bf5ea59fcb0a,0.10146906689500562
402c7edae37bcf39,0.1394808349080718
1d79e32040c6b05f,0.1557620662895262
bf493f6f4a48b2ff,0.05567362978192697
8530681352913ce0,0.05741239023602505
c79cb0e184ac42c1,0.061656785692762874
32ecd92eb352979d,0.14222878515225099
c9a54261284070bb,0.06797572136706535
e6c2ba81e397e33d,0.08050115947110266
955bdf4fc9420404,0.08774809741214179
b180a78e50608ab9,0.09830130339764269
69484ff0bdf4b104,0.10916642793822262
8d62a01ddfa11fe9,0.15851956938208947
12c3df9b72ef96e5,0.06398949228016686
12ccc513557a0656,0.10387083839894269
2aaa9bc35f4acee2,0.1586010684615526
e31d14248a98a72e,0.14337054853338513
1058c1f47fca2b81,0.09135458384060469
02ab14036929f70f,0.10559654795373356
6880fd1518aecd04,0.09919762159974038
580068eee74ae5d6,0.04946267395758163
fedf1e1bd320672b,0.05752941205724894
d47c1d43f9dbdf92,0.07307025975046207
8a7fa6c84cb2b0fe,0.0922959640234563
089bead0dc0d7c16,0.12916554830135182
3f12eac5d776ac9b,0.06755079673367219
2b55254bb421a326,0.09818179619125017
16721efb42f49e40,0.16843097988144384
87ada6cbd040d527,0.1239314300436929
c5c4d8e14015f4e3,0.14421244550677872
5d499b0e085f025c,0.13673358559814178
183039182079fa48,0.1654001528053303
05d6c8a5d3db19c4,0.16617689689513462
4477fb4e0a476ae4,0.1237491363034078
3965182266dda565,0.10373551738861374
72bafef29554438a,0.11176052952525835
1b31f23c3e55dcb7,0.11636152928894276
66c42c9008125f10,0.10268045891718942
5bf14b82c919f706,0.09352504483168322
2c7401c2798c92bd,0.08817833850530554
4adf517216b1dd47,0.05442666239551915
26348c70727fc713,0.17484356443796809
82c1c6b9b0ad498d,0.10745744246882956
1365ca92c2e04031,0.05976544674249785
9edbc98e397ab4c2,0.11210470178176081
1059c066d6e0626d,0.04809554203410112
af993cc3ac374b83,0.07826256020352562
f32194afe634dbba,0.10999645191480494
29de97ac80feb956,0.12749831246202784
e5fb185d8c6181d7,0.0933855464067571
632347c0452d889a,0.1460693305713525
35ad7b818afa2cc9,0.16467387311455475
0e9b47d072e9f5d9,0.07954611786444538
4b2ee7a5a4d7d797,0.12418008947079757
793b579534d59c3e,0.09858329909273135
3b23c46e8aebaa25,0.1419575174737575
f68b741461469ae2,0.04638169005093488
79e144db8265864c,0.05129974948593343
09c4fd90bed2d748,0.14716009374087544
2215efb176105acd,0.11798162529157082
b4a9877c6c234878,0.09521428812587439
529f75ff399c033b,0.13072269320363183
ad20741d26dac628,0.18980639975596567
abee4fe9fcb49deb,0.06604396639837783
80bf7ea1dfa6b569,0.1220873030994976
7d637676608f51cb,0.0651635405279714
79855154621f663c,0.04960706023817246
db630a696b94324c,0.1339897186049037
2c87f55f1bd853bf,0.06048701207666235
05466a89f589fe04,0.15153295934978514
073f9b06f7bf95f5,0.057325792632092115
d8c52af1d9a0ab94,0.06157744962061398
170df691b9758d76,0.0856262360128427
098c223fa7ac1f73,0.11931227777883036
947d4f80370f0b58,0.09230782250845104
66196fa0af9abe3f,0.1384362480936036
356513b3059ae50f,0.12104391827355902
a951ca23d4bdcc33,0.11676930864530821
defaffd4e20a4c47,0.06850617157323231
9aeb8ce75c56fcce,0.057626434292058805
0e52e6d570d8f008,0.0571168038334427
d177a330dadb2707,0.052555619558791844
4acf903d98d08aa8,0.19830130689961492
673bd4205f6635b8,0.1284579367063606
17b635201a20862b,0.11898031235828505
e31cdafcb4337eef,0.0585973805909045
2f57ad23a2ad21f5,0.1465345049559784
8c76f3fa81c149a4,0.09579617979090445
7448092b980edcbb,0.1475309500663049
cc3891e28dd031fb,0.05022692562124107
05d416ef906cddf6,0.06305908201970861
d5cdb3c4f4965afa,0.06517343726847959
bc40575e98475699,0.049098898736303576
7227a9d91f309e1e,0.10138819968771717
f83295ed727a429c,0.05926410139479022
44f16ce1d7899c02,0.05729175034970551
219b4d22a5bcceb7,0.05736905197272111
5684d434bf545e82,0.06406030025937942
03d5ff6b9db6a1ce,0.10494330017764843
c402ad00c62dd803,0.05963341186305155
d384f2bb50d7321e,0.14174756771369315
865ca8dbe8ae9927,0.10348849535863791
0cfaded78f4c55c4,0.14467460709377697
c1f9c03f1f673cb2,0.15981703821047355
80784aef1b00a337,0.1386205065129474
2cc7c6c16592cbf5,0.06788256930124627
f816697d9e23576b,0.09897065330486744
e0a3063ee410875f,0.08562681103792798
187c083474d62911,0.08738909147888445
32fe8606c8a5cb67,0.15198558803407444
e3b603a450f69271,0.06390402404030361
13ea25fe500d74e1,0.12620391123404967
3465f2b92e5411a4,0.06677439293953381
f84c04deab8f0a53,0.13337498974684303
ce64b825ce5f48e0,0.05635355669700775
a03d161faa6231d7,0.05489399515086998
7b73399454d06d9d,0.05923311722773462
726ce1fc6c05064c,0.12742010928341926
0e660e2441745329,0.07478071232352272
d4373d25e109dcb5,0.16109202399708958
6c8ad2f1018079fb,0.05587677941073744
485cc002fda9b938,0.05099570047627037
840b1b00c51f87cb,0.04571863957574996
e7c9e19e247f843b,0.1204955802738966
4f97589fa05c40f1,0.15634255355905421
41919c492d55190b,0.13889364468974688
8fc6cb3936ed4ac6,0.09979866612801262
75e3076bf4b29ba8,0.09584424394506384
8357351f6977683d,0.10621872802585038
1a6590aa6c3d2a06,0.1242353297766363
6b0dae5047e0ba12,0.1432614226564994
6f8bc4fa3d91a3dc,0.0794012073143757
e4aecbadc139b9ec,0.0994620448869245
7616bb2872e18231,0.1231422214566101
f97102e411194f18,0.06475470699537116
4f25e4f4959ce4e1,0.0724370174706936
46d34ae6f3e900ba,0.09219456699934207
73e3288eeb552e3f,0.056748074347444326
e7010fbb2150676d,0.08861986948565148
cc2c1c680ac82832,0.05274125537076648
d025b02417a63fbb,0.12947108495086337
08070948781ecfb5,0.060098635538365475
2bdbf073750d4864,0.10550352047333857
2783928eaba81305,0.14852558055641432
51bcbc84c0f437ad,0.08430295008011514
dbecf7b9325b78d3,0.20411764996081663
39b3096dbfceade4,0.08650377972057376
4299599a54525066,0.14610355410257572
ccd92654fb1f721f,0.09300047525003607
ee1170819ca7d594,0.05980926347298713
c30ab4f74d33afa9,0.060614666912409854
40f10fad12afb51f,0.12748064193388384
f4e63fba51ec3896,0.1690912985231773
60ad4f8eda2cf6d5,0.17554091773512534
4dfcb17aa4236952,0.12228487256120361
2e54d9b1b4e00337,0.08923096212295885
47a9e135733c2ab4,0.10622604886677645
4b3c22d3da587d59,0.0946195372725494
ef89abef9807c003,0.07812325603392684
e7530eb737c85931,0.09845955080908773
dea26fe32dbe26a7,0.1272808471505177
08133a148f3d4ed6,0.14741087054418023
d39b177320bf091f,0.12970332717930846
c2eeafe05948ccae,0.13664165066967915
73c8d1e2bc9f517f,0.058304291355872805
0dd4da33e5e18c44,0.12712175980288198
25e076876a1fb6c3,0.13705533775044274
873d0ca47a7ce61e,0.1083707681447424
930d090798b9ad8e,0.1221546724141752
98e38baebfb97bcd,0.15845737832271065
9c779fba6fe0839e,0.05329174897387923
5bb1f9fc76a02c1b,0.09441915110446063
f83de39c4e518f6b,0.11548136737103505
10bbab1f08d2e6c2,0.05444194581076813
ffe63eebf605244b,0.1546988330474021
1e55e67dbb9fa1ef,0.12340148870084881
e53426cca968ebd9,0.1364992697692931
51bba86dd8aaec50,0.1436302221774388
582102afed3c818c,0.05577824298871128
b280a8fb8ffb9bf1,0.11142341787314748
e8e7ee8589574a45,0.1020544920079179
228ac1a17bade85a,0.10142993886752677
2bb37b0ac11a0c2b,0.1400320134902674
5588a1f5d8da9c77,0.058150018640323785
a46d657f4c9bc8ca,0.085894213259892
7373ad47c61f558c,0.16906976019242462
0f1fcadf13eee28b,0.13105406210970202
1f8603bf90774382,0.17210460216118498
b0dc746e7f7ac87b,0.09926250953837734
82107223b7ff9788,0.12343795605833115
a38cbc0aecaa644c,0.08369246543955951
61dbaab39e7dbc01,0.048476015672042815
85064aac24d665cd,0.04822307900169007
48be998c9a3000d0,0.08868470829229057
26b2daccb2b045e0,0.1487344155386661
95198d21e3fae237,0.06481600292219984
b2a2d7a18404d7a4,0.13191797305913847
6b178de020b8598f,0.07027353152478079
38c1b19633279892,0.12347762555059671
186d5468edde7455,0.18241460137888535
4f33d36d7b629852,0.0985653742008404
b955eeaecbe25ef7,0.15601788110214668
39ad39dbe012b34a,0.15600358534247416
929e8e2af2403da0,0.08399524723380691
fa22cc093dcf1822,0.05252677496381297
f56ff6b1c2817475,0.06665406336783103
56b30f44349ddb92,0.12646317870200094
617dd77adea9e711,0.11887999908902476
4cd7a91de7bacdd1,0.1384891899802427
c07844f4e94ce116,0.2061684663570087
692bbfe3fde429f2,0.13648443730232587
6e8117bf11d2b904,0.075492443768528
27efca94126fb8ff,0.04295572196160095
4d2a406b540c41f9,0.19468188736882383
5ca9c8756c163b0e,0.05875645082337028
c10aad8b54af6017,0.12935006454644396
60798b007f7b4637,0.07110089224715224
805031b5ab834e54,0.091952778250745
fea6be92744b0c40,0.18990746423502047
284e4bea4a96494c,0.09354386366883764
4db0c35a634d4fb9,0.07206000860973788
351dca6bfd544a21,0.1670788471413703
c36cc7323d4f4de5,0.15513068536457209
78c350098097af6d,0.050739404826081046
1404eca61a3105b6,0.053759005276326155
2472a09a3e602f48,0.14638360027190137
5f9d50958df392e6,0.14024805666544052
ab8fde4ac70ac766,0.18651863506016111
6649908e57ee98c0,0.05222985370378444
6f6b426a42753b8f,0.08360089223563681
9f89dd1b9ea145e9,0.12925396124439067
d56cce1c1c4c9780,0.09680585350402933
fd794932c3ad58d3,0.04860329217961368
901c8562d025f79d,0.0772097604455095
2460966f3ca7d3bd,0.14075417931981674
41c6149d1848cad1,0.08357566163350139
2c948ba95eb3128a,0.13202180421722065
0263f07afc6e71f9,0.05637757387322644
59520bb39396ae13,0.13865409218974903
096e1b740c779095,0.109349867691054
13bcd446b5b75780,0.051453839638554315
82652e7aaa1e423f,0.051958197887737985
b4c2a047510b1d1d,0.050270770178583585
8e95fe1172cfd49b,0.10280908147571567
8b3b319f1bf34127,0.15043204634620347
8e876b9274c5930f,0.04953727821311794
74c8dbccca14e4c9,0.17280635417007426
a13d2861af1b8b95,0.13607124275486474
3d0443784b9008d8,0.14446228820853943
30a6c22faea5d219,0.13223225670513952
8ccaf0cd13ec8d69,0.16644393038379332
ea79b75b6fa4e024,0.0806216477039768
df41150fbde2201f,0.096227095316325
6bfaf27148ca783a,0.12851916809252603
016b24ffbde9f2e6,0.1494330066546061
c7f17aea0b57c810,0.05220596185081063
1974cb4a4a5105f9,0.12161772529347481
ed6fb2d892b20325,0.08880987168025556
029aa7e7739f68f3,0.06754313313796441
1499ced0a7fec031,0.0841524610672474
1da835ae2069715d,0.0589287334785444
3b48789ebdae6cf1,0.12469526096965933
b2501a34b4204e11,0.07659371042846018
4e1bde0d2fdb1719,0.10993646118942418
bd42c11dc1ea52c1,0.053527635788152894
dcdd441194892326,0.10819247191597732
890cf601bcb4d1fc,0.14548275520166573
efcfd07026d6f75c,0.13945376938677187
6e5921c9eaa0bbae,0.08589146987622415
076e6b937f9e0f1e,0.18179728007881155
fe7aa6148631a52b,0.0869647523549485
0204709b122147fa,0.05511605818409112
3bf87c4ce9af3343,0.051939602070119766
e5d3cf73e07cb881,0.1477863899338517
d79da024e674f570,0.10280151857123702
f137410611053710,0.11159220799118534
4b48a5ea7d8db38d,0.05831848912745111
6e5b5708c1bbde63,0.14877360235347403
2e21f1e2f4f0d11b,0.07759166090153853
2fcb7b875a97fd67,0.11788591930606167
c9c50dcabb2aaebd,0.05023457212469945
ade709965be588c6,0.07939892195054642
e99ce68035fd1383,0.12777018960747363
9abdf47140639086,0.17698797231026808
c0370f3f688a69d3,0.1523935167840965
023ecf078fbcbe04,0.12967698483150272
9366b2145d9ffbaa,0.11551057556698936
907dcd98979cefc5,0.057579735955136845
1430d1f8417967a9,0.10776017157569469
12cf954bc6f7953f,0.17399967291969295
9f439978c3ff1caf,0.12330922770526888
3d566b52640665bf,0.1521864041861186
1da24b04359879c2,0.07385612217752789
5fb8e8cdc5a458af,0.10981182053617909
69f63de79af9dd49,0.13201927144135042
078cef5b5f6aff6f,0.14808727795663237
ee64ad3ef7cbc727,0.05210926336323377
30f789de29e44c84,0.17071250428237192
ed6dc35d0f6c3f4b,0.18124211180457758
24171dc6016596e0,0.11246630421631977
d9753be4a4ac4d5f,0.1606143875261702
08b18f56dc4a9978,0.11433840919825777
2fe99f58d73a842b,0.04687810917940389
231cb4b19f8ddc4a,0.05343009844939866
a0f57bb92842d2c6,0.07022263205924344
b451e5af95310e52,0.13643587720755757
4d5e3c273bff2df6,0.12847579832048905
69445874395ad7f7,0.05614247786036757
72d5eb4d04446c06,0.08143245480084416
676277c834acaafa,0.06530692104842943
345fac6fcbfce3ac,0.10216572152747323
77268d80339453f4,0.09841624214535928
0a3d332e3608b10c,0.1601915268269003
3d3e247d278aad6c,0.1560004361202836
c6d0f1503380066c,0.09263897512543202
a7ccb8ff054ea663,0.12678966393605087
d3b3fd3963b35751,0.14119998916951182
e361e82e1559efea,0.13714617605871005
94f03a339108fe12,0.050228508748596544
0d6b47fe3047807f,0.10545869455838368
f0d2a9398458201f,0.07047154484106043
8189ef648444f31a,0.1670161104753792
b341aa9047a23001,0.07903033894962529
0b603f589ffe5334,0.15034607533323294
dfcd5836b6d7807c,0.17707706871871354
c69510f82760fc8e,0.0918926035838938
bc2b0e3b0279f394,0.05778334610460939
9e59359a937dc386,0.0853080470927245
9bd6fbbffc3029b7,0.08873292083682512
78533ed0a4d75031,0.11871854890976001
24d3b857d9ec7516,0.1308882161896521
d9f1874f6346d786,0.11037364613356739
6588a72e611a860f,0.05157336620090889
52fef00321899df1,0.1318032179765349
b3c2a81210323102,0.0787755259574799
c1501d30afd688d2,0.1205000427679541
2bd1f2fa8a7cdbba,0.0693774227399118
7472a7ac18cd8ab0,0.17786889851536916
b1dcab1c1027e375,0.07605047901296395
2add558fb5890d0f,0.06433946878500667
51a6b2ebff82bb8d,0.13341423436986635
3486d76917d26380,0.14015465939305558
7d9915dadeee6dc0,0.12143339738127168
1a5e5859e62a5ff4,0.04643717385104473
ba7cc06ca707247c,0.1007553668802117
3c42318ad81df936,0.06279947000633024
e7f32c62736ba8ec,0.07708113464432863
01970049a1d79ee3,0.16947058061068088
c34d08417ccc14e1,0.13094612219727128
dd08d7511ab95a7c,0.09638437776579313
147c9ed162930636,0.15870114251678216
4d55d8c7e32d9a9c,0.08530904121381289
1df22e6d0f4be856,0.10502995396522125
29e5cfdbc9735f7b,0.1395353424885432
529dfd620d6ee22a,0.09559077642024494
22b829fba260c24a,0.07302645405174527
712c502ecc45cac8,0.05542144790134257
2806f2b7f968844a,0.13089147020926292
1ff716c957da8f4c,0.0481160121293232
33a651d1e2266900,0.13040515158643096
01aa41460821647d,0.0913625863386734
2728591ac3aaa7f9,0.1564709487614643
62153e0ba99bfdc4,0.16822637250695596
a336835871390b27,0.08411667007767187
66040815dd14bdc6,0.09135031304286888
e0d8f324ffe3e925,0.12238240229783888
e7d245b8d234167a,0.07284498020151002
b30acd5fe8990b03,0.1386418494383824
8b87df65e3f61018,0.11970076698950705
92d913128fc856dd,0.10638327800521492
c1aa97bf3aa49c01,0.0751338064296586
37b85ed57524087b,0.21304952879169106
fbbd2368a21a9e6b,0.10804739871225015
39795c53fb16d719,0.09331273140687513
6d637bbe837caf77,0.13600754386045166
ac09426ca8b44dc8,0.13697702819766924
0007a5bb7310d604,0.15127245340535764
f8c5400d321751bb,0.1676687650623356
5c5d74b2ed3fe0b2,0.05768373082003711
a0d70afd5aebab39,0.09170072236319454
dab67f5669ab1b4a,0.128915259807846
b094a6aee2983e4b,0.09678183621563385
76eceb39e4bbf598,0.11971746846404513
08792ceaef2278a0,0.06817191186356901
421639eb32096298,0.14320030893964297
3732446a2dc0ff2c,0.09287863520166485
f42e7bbaae983e33,0.13011894418031425
1d7a33be5e41401e,0.12016526087541908
c94efe294bf687bc,0.1707213394372137
54153bda194f6353,0.06373124292295128
275f14633d4a7de0,0.07362897184059872
7a750521e7810b4b,0.15743574968199606
b94bc2b4bd62e236,0.10704820499886436
3c2076842f11afcb,0.062029073226637886
53c3d245534bdda0,0.048398214168397596
bee1ce38b4653a33,0.06007502543188182
7fcd7a8a7c44d7f7,0.06682906525797218
60fc2edd396bed1b,0.12281983560156666
df7a1a739d1e3d31,0.16866021450702048
293173b622ae6047,0.11210268092844222
c18a9f29b23ca49b,0.07194873055161793
4497cca94390df91,0.07449572318400623
40d9096835771f2f,0.16725193956965598
ba30e997b8338d76,0.16113792384705503
56d89283c0f5c7c8,0.07618605321015003
f460984ca4f4f1a0,0.07352904965614393
63585cd6e35862a2,0.08819943985992919
26e41712e705d5ad,0.12052128446066625
0a056eacd56539b4,0.04765823566376646
9060dd63376b8616,0.09176109840803531
f11e51ec27009738,0.13319007966275748
d0496dc870887d72,0.1231872815159407
65fef6d3fb26ca70,0.05116069338236312
a586684b41fa9769,0.05734206342022815
3bb2f0950e70a234,0.10938905592455783
6c6a97e3ad10abbf,0.12259570156540443
ede33053b334b03e,0.11957039320428715
0dfab1673fe84ab2,0.12008866256506401
f65b0230673c2e76,0.12161730212599693
5618ac6872992ff3,0.17719418208284973
77febd71dc7777e6,0.15902666540108154
7f54b45c8c0b9310,0.16652081759218015
9273e3e5412cfeae,0.1325594704041155
52087475796918f7,0.0791620262282983
643455f14aa1df04,0.05255828470819526
d1b24b005a16d2e7,0.13480237973271858
88788f98d41f9611,0.15057875122554953
bbbe50af555f1d68,0.11028146185075188
1bfe964817713a25,0.16204077919409662
40d6df07da814020,0.13724362343827254
8a96d0eccabff7b3,0.04693120837695034
439300a43f735490,0.05210266481394637
bfaf88448d1869a5,0.13290376207241675
1eb331ca2d61f16e,0.16145264787790603
5ad8f23386d2ce42,0.17019914247641002
69ddf95fb1e28199,0.14055677640282144
6c224fe2f90a4ac6,0.08721111851498554
7d2d81f3b2e16bb2,0.15956225970927224
306bcc14dd7bcd69,0.15811442435150377
db0b579d4d6c3202,0.04587275089423201
5e7670a553fae63c,0.12890976402904683
999f8c054ed84981,0.07649900316429765
645969c8fdeb22a1,0.050088169733070426
6158cad9f5117a45,0.0711201249295156
3717d43b0bfbe61e,0.1414001180851512
8ffc981637d61bb9,0.0877129704123548
8b934f4c25070ad8,0.07176954572133654
15701cad20890a02,0.08435454889129157
4a22e527eecd22b2,0.11720964445359834
6b7e69ddbeb27f14,0.154469424434961
c44f66a5254d5ede,0.1823699930576389
1dd06cc994df91c5,0.1576265759286178
43da23e0c905b332,0.06784511780290471
cef6bb5fbd6d7d4c,0.046308354324869745
74e65522686e974b,0.08266895051383312
b2ec41e4d4e17991,0.07790539869235742
7adfda5837586ee5,0.09745086951616048
7be7cd83da184778,0.10114737555260171
331453c919db4a8a,0.05729770614266635
1ad90b2ad8ec5751,0.05426299077442315
06f305aa47e1f3e5,0.1480924546006603
5d77b6a032a98222,0.12742363332067128
2fadc388cbe136d8,0.052870019962180874
3a64f59d79eebaa0,0.10725584241381236
e9d4d3a03ce54237,0.12709772609936335
5bc032bc2d4db536,0.06684998235756652
42afab27f6d63b09,0.1342630874121513
0ce59aff9d61ddc0,0.13738470711821882
c4b23b3e64f8fa59,0.055910184923578764
df5826f4adc2407c,0.12901553941035285
1006c7d207337c5d,0.061439708602327114
74f20f15f7388f9c,0.05159495616857257
e8c69436b1cb3320,0.07678244556477752
609680f04da9fb46,0.05524395086375584
060d99e1fde9dc79,0.0569582488796271
6555f0c293c5a1f9,0.1457060358224593
cc835ba475e9656e,0.12530187497846515
960c65dd29d3417b,0.09120509942351647
c7596c71a0f505bf,0.05083660791683734
3f3297df319604e8,0.11444430815568823
21c886bdfaeba657,0.16428693838037944
4c47eb742008376f,0.11287911883283686
0360ab7e3c03e1d6,0.08237008293002161
106e8c5cc993ce96,0.11409786824606598
3f189ef767336273,0.12375328170474888
d87c2b5ea60e2e70,0.06116282796779394
924a02ba0ace2e0f,0.06872023244306953
e0a93aee5351fc40,0.14539726632593353
60036012aab0d68e,0.12441411350638006
92196298fd1f0a2c,0.10356706978856138
2c9507cd32c0dc32,0.06439233795062099
f138d3401d1ef8d3,0.05503223081415559
0550e84ce3342ea2,0.19058655954890794
433b7b91aefd0d89,0.055468054414069136
2f084abde9824f95,0.06624386671949309
aec34c208a4086e3,0.18149365606164639
77832263f798d3db,0.11618726602304251
423646a4264a51ea,0.10196828357729161
99a11463587499b5,0.14778686499304283
5666dcd2f61e1fdc,0.09528157871131922
414bb3e31a06b128,0.15685570160678566
9825bfe27f61ead1,0.08796922260134571
3e8b0ac764ba974f,0.04919965347853522
f494e58fc4f527c1,0.08309931827081216
4b3ed9d300487cc2,0.13402836253842
064d5daca103bb1b,0.09837346563911319
1a4b5aa55f664cd7,0.10326403751595925
65fae5433da58938,0.08617757484981985
77df36f32951641e,0.05421160665877137
2734faa9175621e1,0.16146676153937686
6952ae6c0325e147,0.05151576295318405
bc49ff32a733b5b3,0.13056517243244095
ddb437f22bdce5ad,0.1733404343810591
ad2ca89540526e80,0.16154744905938992
8eb86976f1f7faeb,0.1743128794765302
351b2cac3bb60649,0.14392641235248815
f3685748a7717d4b,0.05113042886647495
af64f4a787a28c01,0.05949111614330833
e41d8e72f6a6da64,0.07451195894648509
43199fd3cad0d080,0.12672002058045398
08639490dad5a32a,0.16958143661631522
251545c20caf2d9a,0.11104951240800225
657fbf140a397f3b,0.10307084593346799
d28dd01372e08f90,0.10472783225178729
fb9bccbf5affc835,0.05102585920943851
0c3e0f0e422bc214,0.14556236777737516
b6fe616b3ee4f983,0.12055998769535432
1a05d9b0ab2c483b,0.09311915850680534
be053c37d8d326fd,0.09476487600222977
b0cc45542dd09eba,0.09399429962932414
0d1c9ebdc72b57f6,0.09164467112863876
926a38d305ede2ee,0.15200693434626
381047d838351f95,0.06890463926059073
5afb977a1eeba5b5,0.07255632827015589
1ef7c785c8633cc8,0.09818085042302456
2f0bd78e22c8874e,0.1533138924642381
2765e2bdf659e633,0.04577441404907942
31756eaf193dde51,0.07032734668319919
ba5f5a3df72c6be8,0.17310635768279645
90e87591d24ae44e,0.07949879967710644
f9f063e55d3db8b4,0.10237729825832008
3ef90711b7e5d86b,0.15478929148252174
ec0a6ecd2422c215,0.14657439060860564
2a75009bf5006a5b,0.06074864903173497
9edf622febac0e4b,0.12084002060344744
9cee551773541f4f,0.09869505026788206
2a07f1c2d7378d29,0.0998382441218058
aacdb09c08c9a960,0.052636135431185345
df9753fd02aeca78,0.09186010849882788
ecc853e05f1891ac,0.12023915280481927
859bd8582d3d2811,0.10225251713905076
a124273d56f60796,0.09158833380350623
9cd33034524d6b66,0.09714631253069962
9e58973154c42431,0.06149998126222367
fe78518186335668,0.05446776657829994
0c195b45f68a8952,0.06848094931170047
bb6b109cc9317218,0.05095600022807865
a58342d3aee051b5,0.08302158038075526
48f975291ebf9397,0.1556843645504329
672604676c29d735,0.12780968501442125
144b0a7e9cb057ed,0.1613023151571687
02ea6c1ef4cf0b61,0.0493114248090711
fe3c47193f742bd1,0.07400498469137314
782fd306b790e8b4,0.08880509892593917
53f0ab0c206a7f5b,0.15376710257669804
2d15bf73a2700357,0.10012170925411489
569b34b568032161,0.15527197482930644
d98474765b2d7880,0.12346884783914285
f3088caf81ec54f5,0.19034642588142772
884de3bae564118d,0.17428024810741558
5b62a55571d795f7,0.1254198650469298
e860976e6aaf78f3,0.07710623176050975
bc5f8d0b2f9683ba,0.050285396836618014
92555d85c6369cfd,0.17968463141134694
189861fc294e0daf,0.10496701799826552
b8212e2222eb4313,0.04728582156223423
53afc56ddcd63d8d,0.11018186002708613
0592b0cab7becf5c,0.11017641994341075
ac4cbdd76a84da91,0.07352021957660924
f2eeb139d518ca60,0.11937414374310246
e02fcc8b8b63c0cb,0.07782124342593523
a7f194a18e15e185,0.08904839913776956
b9b57b5beadd1490,0.16307003877239498
357c4988d289017f,0.08926955162158949
f0d98c09bd71837f,0.12577575782353034
b1c0df4bb0c82383,0.12700500636331624
5bb361813a233522,0.08639430800948328
c3eeda7b200e2c92,0.08058507381540893
db0460b8a23a94e3,0.10079922464394997
3c80f795a35190af,0.05554231159427583
ecf5824d8b392491,0.08447600588956282
5fc7a11376239e12,0.052652987837022
2008fba1ef946ecb,0.12627704520710697
e2aa59fe541e0ac8,0.07492786778923566
09b5c7802e6b561b,0.05532839199072708
988df0719acbb76e,0.10583972054260195
48d79ec301d31948,0.07575185167055358
d288ed9b89b3675c,0.08344654072771285
75abd1caba2694a1,0.051624490973004734
3660f3c735d8a187,0.10631874895983177
0440ac4598276f6f,0.168699618912883
836bbb09e4831df8,0.09778356112360832
51432ea27e463eb4,0.07890401372681899
3fd99194e4efb12e,0.07615083379121379
ef1b4ca1f2c1e357,0.06644672148460103
70c464af7e1cea4a,0.06933793919356408
54c64f47d761f86d,0.13233044995566265
333dcb05411a601b,0.06998427328198879
11861d1571dcc3a1,0.06746866918637352
20e00d08f625d409,0.13528416546068636
8574c4f5b2db8c92,0.12588188254145008
95feb433faa8520b,0.16532244736093174
1dd496796a5dadff,0.06890465184111515
c1c248e8483e9ef8,0.07854515925806112
5e0dc0f0f0ea48f3,0.06481497579778078
7ecca4d6c9eac123,0.0937912948806562
58dbf7650b2286e5,0.06999355964711086
4c62224901fd183c,0.10794553014905055
affa636fe0cafb15,0.1509995422084464
c9f2c416d003a925,0.04418172469531625
c19024a709757f11,0.0802495150433987
d3444b15af3a9536,0.10578684950833935
2f54cc2167b0cfdb,0.08545792063554009
d974c7d47092679a,0.07920127148101551
1f04a25da2b17ee9,0.13720514357222074
f133299dc49c2bf2,0.05164603819545479
9542ec8d29575b20,0.1760939531308651
6e476b773a15e2f7,0.04978991205504903
c468f0fe05876276,0.07519451066543976
1bdf15bc47508221,0.10895209342345091
687b1d6eaf1bb287,0.1384574355336522
fc8590ee9d55c5db,0.05719257801783558
a4379a3efec7361a,0.04827235909870689
30a2e56d4d608b28,0.1219332276985969
4b400d52635e28ff,0.17362105842637998
992d4d4846551047,0.1607206603577744
b91c089133d42f62,0.09385072306985982
c98879c523da912b,0.06151492781693735
7c8f510d8af822b4,0.14228302256747807
9d674a6212b3431c,0.05881147956801854
d3da05b2f284cb87,0.09138206943810594
853ab873686c227e,0.1581917266095215
ee0d55e13012503e,0.05023757989705049
fed761caa06202e1,0.06156399658175221
7750406f980f78c8,0.13142005867581716
e8770d9a28fdaeaf,0.16960867320483083
4025856444b9ab51,0.06098639904763157
1d0cc87631f52974,0.18097512251651482
f87d2af1aa151b69,0.10740541702095711
e2746f6359714da0,0.0827645819834851
6b20c519964ca8fe,0.08832220086349662
ac0ef70a6dbe1ce0,0.05339098511319304
29219b6baa3ffa60,0.11539403125327147
ef5245dc0733939e,0.09626522264934995
26d625d3997169dc,0.05612406116487495
ff9580c0b2b1a370,0.14246773643264318
bdad383d41eac454,0.044317266614140725
a6bebd6247dce4a2,0.167911346644578
846ab5063b60d099,0.17322602398579523
1e342d4cd0cd2bac,0.11277608636549792
b111d554bd56dcf7,0.09889451609925776
9ddbb649643fc0ee,0.13497530652778325
0dc9c8998b42da67,0.14900291226204
80444594c0d4b5b8,0.09169715118223025
9bf8b2752ad4d752,0.11653769479305072
794812675f553fb1,0.12394090658692401
c60c7cf09844c202,0.07218732393533293
06559b4012a85953,0.0537474320995703
dde7362e34a81ac2,0.08587556420657842
fa1ccff8a7481b47,0.1493566209903495
89c1eb286bad23b4,0.045087791740726746
b389067306356b78,0.11088430470370998
a4328554fc4a45e3,0.14579836381766756
fe2ff0422ecd1440,0.10438950393763642
e1f0e9e0dd1f6a8e,0.10203737973269361
e431bdc8db1622e3,0.1299382170297815
54d5ddd4fde3db7e,0.05268391310093464
d6a2262fc314d2a8,0.08628441770319127
e7039d9ed0ec0c39,0.05228947604197062
357fb25344e0d8ef,0.08658391196767012
8479ceedf945cd0b,0.08220221401691111
30e12f447d932d19,0.12589053468116265
a33acfadc007c5d3,0.1558569499006461
32b72fee7f2bc37f,0.08979693177714858
e2ef0cf7c0138e95,0.1491999835984138
c53a5098d3feab43,0.13593805564721959
2d1a504956a9bc59,0.048786036564626205
5b9d63bb61f11842,0.05616938720352287
f8fbcd4440a074e6,0.10649785838768101
c18b0ab8490d1c66,0.08244745934155677
18cc6b0ca558d790,0.20388217327463656
c78d6d8adb708879,0.0681869692610826
928fe114a90feded,0.12105877183711333
806b11fae1f6bd45,0.07960744351505701
ac8d5b4456a25f98,0.05615189453843968
0de3b4e998fb61e4,0.0521550030245011
0344ee3e70daaee8,0.1629308104251048
9459a694f708e7cc,0.049955705858254505
f8f24bc3cf3562cb,0.09138280306012475
fca0d01a476eb58c,0.062048517525237844
ef25fb3354e1c732,0.1265325948715414
83ce56a22c714f81,0.1442261039905854
781864846ec190fd,0.06555137039160157
99c27791616e6a14,0.11196136872600772
f00a56545441ae1e,0.05537127320582861
160c77c56d0bc3b3,0.05774745510187899
6bc7f7e6a8dbe398,0.09511701844897263
565c31dc34339cb6,0.12592095333595024
d47a57dc58d8cfca,0.10539983594391929
7d91fd093f331634,0.18358824843779045
a33fd6143896a064,0.05189056030690986
af6776fae916125c,0.15097043849821556
eb63791dfd566fd7,0.12255238772100092
fd94632e98a57fd7,0.15547378458504887
7afa48755b2905cd,0.17606444151298203
cbfe89a23b516339,0.13554717637739036
bc9eb4d602b27458,0.09773107667755991
fb8b7e3482eaa33f,0.1034049909420008
0d172dce11eeef53,0.04673910577642964
6cb7efe2f15a8b1f,0.07784547827438619
0b234c8955fa5560,0.06410465809370472
1564bc14da2389b8,0.15241962032416786
11d440c4ffeb2e60,0.09338469226234129
fa46240b99291663,0.12172015637930345
52eb5978e0a48397,0.17666920737171946
bb2cb3fc47f785b4,0.16481135043011255
bd402ae2e81bc456,0.05192316370144718
5b2c73c3c2fab67b,0.04875827817074496
558785e2cd64bd4e,0.11173712864955836
d8d0cdd0e630be6e,0.1503616285661642
54a5cf67504e37cf,0.14648990291049965
b7225c4787addde6,0.05894182947450824
2e444cb3f4217098,0.06098383338632615
ae6ea7b6c44fe6f5,0.11680598945761304
8917e3ac1e161b77,0.1116662416425888
ca8e1b8f4b045be2,0.17995752896207198
b16a002c43cda488,0.15798277380661982
38988311c0c8e2b7,0.19230478549469646
40ac9a289f991b8c,0.12899269890939383
83dbe87c0f3ff118,0.08751739269346082
d8412746401ef6ff,0.05960469273321675
95a1b17435300c3e,0.09851093735773946
9576e0a63d76b324,0.08139536143486902
8e43c1faf8514a42,0.04604908473766378
64462847893bb0c3,0.12334698468948525
2e8d60596fe0288d,0.05084163543780875
e3064eb18f25f417,0.166002529271666
5c24da1b9f2ac392,0.04180086508108568
ad26aaf8f4bdaf41,0.13520598032487394
a21097bbd8645f25,0.054681743951436046
cffe1ff942479449,0.06711188345674096
39170ff154aa8058,0.1401267231204925
0e2b77f6fe4d94af,0.10438874205512468
4fb4ed274c87cfd9,0.06585784792082688
dbe218b606bf3cff,0.09554823263500611
b1ff3f405ab15e62,0.0989630510937296
b77bd0eb977bfde6,0.05148069294221925
c65c01d13c9051fb,0.1656844276880837
9f7d2bd32579e9b3,0.08201986824670529
1d42bbb95380256d,0.13237114804089198
799c5bdb519f3962,0.11118531387703286
af54b26cbb15ae3e,0.10662982687243998
9ce958c47b1e7d3c,0.12566572081510494
d39bba0520b226fe,0.10071188277896816
c4923735c16e8881,0.04205992333587847
43506b20fd8ac430,0.08178269636367227
685b0ab35ff084e8,0.15148166950796071
03212fcbf4fcc22d,0.1500002131239661
7aff26a87411e8ee,0.13788440352789116
9af789cec1453f89,0.052929690490264615
41f2ebd04afb728d,0.1421481619196889
a3a3009c55baa210,0.18403198881465796
688382bd40810598,0.08628452816638778
42cce10beb6c55b1,0.06317924772751156
59fe211f9aa2b83d,0.14989380039409084
86466c925086fe3c,0.14131825931490663
cd36f54626e83a21,0.07512387467810483
ded728c05e20539a,0.1512799287832375
0c7fd3a164040b3f,0.1669424767347012
614f526f552a972f,0.07742416082329794
cf076cf42abbd2a6,0.0715293824755784
e20135d1136fb289,0.061712661431732145
2b40340f15b07950,0.15316683991903143
92ea7f3ec80af25f,0.13026206387948427
1de6db095fe81c3a,0.1404838265529698
e13432ce761076fd,0.08870780200395835
ae126eb3da41487a,0.051506526031209234
05436df37c119ff6,0.11714512476476409
b9203ce854a26300,0.15332040688194007
e39f8336b7fa1f6e,0.14211541006989392
2d031b0318ea5a02,0.08238082472647971
54304b5c419290ad,0.07000191002401639
e9b3e8a0a4077e28,0.049149410131848155
1dced917867d765e,0.15745322036968776
c004a070a93054de,0.15400295811196943
3fa194a91f4562c5,0.08519827408399433
76d5a2300ca56933,0.05476607363980556
993bd3c445b80c92,0.107772543673744
16eff5adf0cf07a9,0.16303448775027507
19f4c91cd1038cc8,0.06380133553878892
4ace42dbd199d1b2,0.09599279367200114
8232534ba45ef07e,0.10631065646497834
a2eb06ecbdb56bd2,0.06410859955886165
e33ca091fb503e03,0.099957114309003
8b65603997a5d0ae,0.055308164787967455
c4702fc1a3b838e1,0.07977396323923859
0a2ca915437c9a04,0.058584739673914206
6e4d60a1e5913350,0.05290282809384663
0eb4def034c0e542,0.17382551317207004
0dc7bc6ce45f37c8,0.06300250552185553
69c1bc9b1691880f,0.08301466963415804
249619e3bba248c5,0.11289913157170117
8a0925f386616243,0.09045810840044528
c609c9019d1d7b32,0.14502761221193342
dea132cdd56b9c8f,0.17572549108003785
24c6ff18b883edd2,0.14992634112560088
06ea151cc4ea5974,0.05610084872960758
dde1072c2340c07c,0.046486762938083126
bf6234d11406ea49,0.08127658378868487
610c0fee53d0cf9e,0.1485418616130771
fc0691273040fddb,0.13440199960328006
46bbaf2bcdf5a362,0.09090661191379895
6f4198d004803569,0.10122227377653747
3f726ca9a49e022b,0.06311731288496529
2263ab08ec01d546,0.07207906841291001
dc2a61d22023b42b,0.18469297334306148
9cb03c429bd54976,0.05609049104574154
d3d5427c6c9640bd,0.1539682060833227
a356aac05b7d44bf,0.07643160305197506
2c28820cf1ae8254,0.16015236934109128
cf49994228b74e3d,0.07376721445273011
ea984ee0501b30dd,0.09826259635609402
3639d96562366ada,0.0505519960393784
007d989968211b0c,0.09819569377931946
47b004a1df7ac9c9,0.09834304800643512
f09cbcb79049a436,0.16693867077643262
d3e17fc998bf6787,0.1260552945454309
0c6c8663f624c58e,0.05323766868687967
52720efef03dc54f,0.20022055232795122
c6a5cca33f57da61,0.0761934860695459
b1208369a0074122,0.06566498249476654
b0563e971ad0dbda,0.04975573287817592
a0bb9373f1dff1b6,0.14248484624271487
607b5d747f350fa9,0.16245469209979194
8945214e2c9cda71,0.14182292845524036
7fdea294906af44c,0.17503228662810308
1f3c2f31d844d10a,0.051881643232510544
248eb5a4a5179bb0,0.19361898887813742
f7522ca250fc8477,0.07857364000332717
3ac3d9675fc09e64,0.1351433872362111
b65116a131be84cf,0.15966217691345816
7cba939dfaa4fb1c,0.18000436768611236
4e484a321de70373,0.1405091912885854
48c00464ee810da7,0.14691315459626883
11c760a8108e0ab5,0.13378967141291614
4ece5849758d2bbf,0.08473734140030383
2d34cfaba66dade6,0.15812965981345425
597b3aa023ec1731,0.058333376251494685
65e095698c6b2018,0.15313384319980358
d4685373bfa64d8c,0.07644723780927463
b2a24aac339b046a,0.11542672495028543
d018e1502c830522,0.15648983181247614
b4a5d705266bfd48,0.08474095815232825
1bc1ad21db736edf,0.06694591751519131
3584862144963b16,0.09094264418934955
64acc3b4a0341a38,0.04924264925178692
ae1b7c2913418b6f,0.04678811202981457
5ff184c18b029b7c,0.04995568026366095
d407cc2c1f68ef5b,0.19036529977940156
10610f40d2c4beb2,0.0552619544558385
a8e72b280bf38b81,0.056286816338241945
4802ee9701571a2d,0.15136056747200896
c0ba503ad79cb130,0.15718058164622664
a428e18a2571696e,0.11736009887068248
d973ea3bf88a0f3e,0.12490062549958215
cca48a6fecdefbfd,0.09879463158260197
387eb4b1c9690ed5,0.0624737938630699
f9b045f246df515e,0.12952956068727642
b8aa274fe0062de8,0.1147336774954742
9d67fee3adf9e1fb,0.16305721136093074
3196cf2ddaa8893c,0.1566718669016234
c6cb67394ff79930,0.09256346649009968
b713b9f13a1a825f,0.06261599886079335
0c55301e8a9a0e8b,0.12127040995992315
06cf6a66edc51d64,0.10442267154812807
73877568d5adcb7f,0.05301151008368852
6e713b6c6d9ff701,0.14172551722324891
35b98290788b0e15,0.18982957416211713
c1699d21d21f249c,0.06316526383380726
4d4b1f0d9defbbe6,0.15724447909924358
c1eb4bc9fb4e0c7f,0.13283940507477168
ac64ea4bb93cb2ae,0.14006857579185225
a6c0198d0ade9eda,0.08523527680452751
4ee5d36590d4f29e,0.10216609705418626
39d7718a5529cc62,0.04679118993559731
4f6e36e222d122b1,0.09507411908431344
f7b65c4533428cbf,0.12766785909989933
32839e57f8e1ec72,0.11470485607118734
0a631a26c3a1a8ef,0.14289067113018342
42ae365efff05b84,0.07774983685223162
aaf16c83ac07884a,0.11616035301788563
e3fe57ec38bc0cae,0.08629151975220235
a269d748b94103bf,0.08795677302301619
29320c0461eae48c,0.05146170287952995
98b75056b390e87d,0.13403773679111972
a18aa53890bd84ac,0.16184251061187513
fc5a2a2354cb11ed,0.05215915851118669
912408725cfa628f,0.11608739577591132
6453b1a068b68ddb,0.1821333508463775
d95e854d614ff5a3,0.12688039268300602
85a79337144b2a84,0.06738437977195012
b5e18d3eb66f6250,0.04782736270572365
3b90fc3f1087e3d5,0.058929897313983785
36f89bae0e5df26e,0.11644755334960115
7de9a21c9a6df7bc,0.14083750615113313
4ad662d48155a76d,0.10531077104426396
1016d05cc8d07dfe,0.10076839372685815
b0a028857d9a81dd,0.11153887677014072
c7da65ddda5ab002,0.1418772672237652
8faf1048140782ab,0.11336995426022183
d0f1cbe5f5c2cc97,0.1388249640782429
766a85256e2db000,0.05770641715120906
83f8495a5ff0fc2d,0.05460469654480466
a57ac84facc6651c,0.1475140133609986
3e18333d2d1812a0,0.049461859591702156
2e2c93c0b28242d7,0.15527512246005362
290025e556e7a964,0.08645179876758534
34abf7197c7817bf,0.11100875732267013
4c990af23095a8ad,0.14316672885540152
b30f0e7ab6ef02e6,0.10868399175679945
955f054ef8ac2a98,0.1321996322855973
efdde8377abe8fe4,0.1470404753733623
cbfaa9b940f4c2cf,0.1445856910966273
51e64153531937a9,0.13560528063111443
3b7b80317148399b,0.1366703508370087
b1de8383db45dfc8,0.09373827539907809
0d3f9429ecf4d4c2,0.051035889661157824
c4499c39e29ecf53,0.10514967070259784
7800f7a3f936332b,0.0641661548724201
b837532e3fdf4a50,0.09961268499777298
c681da0099cefd6a,0.06081330995419106
c7acb3b5705e68f2,0.060336355567349516
7072f5cd32c791ed,0.1614652074764998
00b5216b2f2dfa33,0.06185917423446536
b2ae02f82d15b4ad,0.11054712737765872
5ddd4c1db54b9114,0.1230620091295747
3e6fa59b53549aa5,0.10620648008830348
6b853eda68180bf6,0.17948398980476377
0ee247af650122c3,0.18296908240795554
9e2c6c5193f21067,0.06091035225280731
6cb5b3e20565dfc2,0.14684028589664236
dedaeeed301662dc,0.06126842550168294
7244a91f3ecd611f,0.04846879858130498
d5447b494619e05f,0.11451288387951768
d114e64d8dfca5ca,0.050019081576723086
762e061721ae89c2,0.052392669916062506
0359613691f7c01f,0.09414884568905785
ca90a47bd789f6fd,0.10167805723120005
b43584123f43b018,0.06600118528492661
0770e000ee552df7,0.13442047302477747
b396a1df0d592f4f,0.06101652645696054
51ffd9a173cdec87,0.1957115930023913
38e628d583de2dcc,0.0485622825867291
5e444909efb4f076,0.09864822788359433
147047e5cda600ea,0.12281514307877872
02f5e786b6ca732f,0.06790934936092481
b29abac474eba51d,0.20150423497748757
14f09256775b5595,0.1260434448494696
4132a178395f2d42,0.10611313359724184
3ecf5a5ba7668082,0.061103871102036966
f7b8ef9f4baa3954,0.16943864143661527
344ae6cefc6e5e28,0.06348030096425276
9f8993a4d3fd8c66,0.10398100753912419
02fb2d64b2963430,0.12138542203546736
cc3e88fc10db73fd,0.15061485367091254
e1b25ee0d1bded29,0.1604188574934344
6811aeda7c48195f,0.11921636995264491
2caefea2089d3348,0.14016738050356417
06624c42e6f173c4,0.16544525391707413
18d0862452891d30,0.12814072421034273
aeff78b9acbf4d71,0.06380295622151828
3c4fb720d11f542d,0.05643735242581833
ccf649ea4bfee844,0.07060538982297042
72bca5a449e85cd9,0.06414684822721067
fd6a74697a1a9ec1,0.05749711156636952
a629bcd8e7727428,0.05865083573504548
4234c32600399d7b,0.14448893269736585
dbf0f354d6059039,0.06823191610130631
3807b180f301e7e0,0.11753483358932877
5cff8cd0dc4c326d,0.06725049044589691
a28550e03a14c9e2,0.17304802653908632
244915cbbfabaa93,0.057472941099069356
f5d28c37e1483258,0.08805439410687144
625d0351dedf957b,0.1113493138121802
daa98d98f6971d07,0.10157925280386922
aac141e3478df5f8,0.07418441093397743
6e2d6b44bfbd409b,0.13417964774759042
34a46acb36dc8ef8,0.04506527921907716
f709bf78e6f0fe9a,0.07085201220479558
573ce0864f1f1a1e,0.07099015125346421
d6421a369f95b35a,0.07518460701137217
6c74b5b293b1b97b,0.05997442353024624
51cf0713d5fbc070,0.12082091400951367
062ba7304652bc27,0.061092791169443945
930853397c388814,0.048651523324977686
2e48c840c19e48bf,0.12345916262535972
2a51f116e23cffb3,0.09867930683856685
070669d7057f8aa5,0.21673890447263788
967936eb15802a83,0.11820935928512678
83ec0a0ff919a926,0.0570486937798119
a35f4a25719a4b95,0.06446558805733815
e646bad2986e850e,0.12775183639543367
8b488afbcc578dfc,0.04426595408944661
13ea6594c14a4026,0.07681932996014339
d0e536523f93f64c,0.07913642480853092
0e5ca22bcfd8c5db,0.1684395783771873
9fb1e891c08b715f,0.0610028312159448
7199fd0ada65fcc2,0.08662682940936427
2275f9dac244010e,0.049000977376381226
24e5ed05f908296f,0.07859537168174673
6cb602b86bec19a4,0.13978563903991928
9325343b0fd3d676,0.07577675944866084
644e5f81463951ba,0.09607338703617134
37046a2dda9e5889,0.05946305280807884
c7df199599dc296d,0.10774258127911958
54e463d760c0c6af,0.049506632864845045
9bde8f101bdb4095,0.1106620119288516
bc5c320666ed7ca3,0.05294476350765851
4e44d72109230bfd,0.13943396296730617
235aebae2ca0d45e,0.148193208660828
55a1d48711c4359f,0.0832951305950727
c1ec685fcc48d91e,0.11649082100442658
a51c93906bd78ab7,0.1436320516920109
207c0a6423cf7a33,0.1256253006935171
c7693bad80c482e1,0.07589610154098704
36b92309f6e5618a,0.11144603335629784
26ee6d56130da0fc,0.15886743753151375
587c7d36156381d1,0.05591832442155805
50d432d2b52052b2,0.1320374471303317
b738afb14f60d587,0.16263250163221932
1157c08c11e901e9,0.10992359699098697
cfaea6958357ef1d,0.07439814542410671
d8b3ec80ec080d08,0.12842739563956093
809c8f80468b1337,0.14551382842288743
1bdded460bb636a5,0.1166939200210702
96cc52a1a3f13e6b,0.0843468489847537
c97a25af08369f73,0.06302744691045788
0de5d7bc5b46bdc6,0.07113652882259934
c6eca151f8576037,0.09379736527819445
7ef7f606745e05ec,0.05385605847634147
c5ea9ba7fa065f8d,0.1943447037062297
63142c0d75cf9aa4,0.049115700021460956
c396e609d01a9bcc,0.07470826297228925
7c9db70c27860a32,0.13919770362568246
8dd4bb6eda603b43,0.08554489744987376
d5eb724b5ea43bba,0.16168415230258204
e7e9bc7d5e2e5674,0.1254399622425396
24b3176d5020b612,0.14719394746564016
6fed295aff782896,0.1760561378313598
12d17a3ef6b47faa,0.1504370541947877
2c550aa9cd671368,0.05087382727803299
df00e28247baf9ff,0.12650205117910798
9449a45c9d7b914f,0.055411450389130645
9a8393310d9b352a,0.12032264464226668
e1b1b6a194b4b1d6,0.08322868726991763
7097d3e397e94525,0.0568592438760408
e3d1f895e94e8bbf,0.11842372080703645
6c46ce4b2303ecb9,0.11111561343877553
999760aff655cfad,0.05014307667227977
6d526f4593563124,0.09525168869119184
467801b5de42246d,0.11483233129937886
81c9cccf75c1503c,0.0488364520944754
bd1aa64c7a5dcc06,0.04361653252215422
df1a75c489d95957,0.056907865679831554
7e6ebb5b237b817e,0.05483988406253216
1aeecba2c7866fb9,0.11943297329254365
14269028868b89d2,0.07674317346670048
5ec456826b243dcb,0.06744131218060341
e574a546f8e193c1,0.18501029279048206
b0ce65cf243f3ae1,0.1446349577779327
8b8e8a00e6e1fdc9,0.06117570205131025
4a87b2b000e87686,0.13137126981082356
1175204fe5f8cb6b,0.06763442617470354
50a79bbfcd719a29,0.11441114488841148
0d8c215cc600c1f5,0.07750356264274245
3ceb989ec05cb0ef,0.14387303850895408
c7ea3f3ae516dbc5,0.05746101468242185
060631dc9f8845f2,0.1257212563596972
4ccc3fe421151149,0.057080958286798746
fd51240f58f2ec0a,0.053737037073972184
9bb25b00d30f4ce0,0.048767883650608974
1e633867010ad35c,0.05420822725104076
90da0c9b099080e2,0.08934205125802201
f3ba8015df41ef05,0.14830757502439704
7006c751c11cdc01,0.1243051905510284
db5b922ab7ac849c,0.08283342200969739
8ed9c5e3ceb94d30,0.08851024762519477
32bc573af0d063e6,0.05347348104611179
b6f5ace9b32140b2,0.10138562291965236
2acea7857a236b62,0.11385579950167544
2dd5886a7dff0caf,0.12267554513635866
cec7e9631578eacf,0.15570529737204128
aa1276a52bb96bae,0.1317655662813485
f90658bc8d521271,0.10584356511157915
8b65638e31a74f80,0.11952394264024367
233d4e0eb18d8449,0.161474183807082
95e779988eaf54f9,0.13052253277388645
ce033e0586a41f4e,0.06973234152464564
29007abfebc6bd71,0.12025221143040621
37555eedf932eb41,0.09449434283338166
43f0b7fdd64e4d62,0.0945945565549078
48d11190742f10b8,0.16291484708075687
54167e2d347acd9f,0.053501919970537604
adf2b2540dad8766,0.16013317979063757
aa4854b6b5329860,0.16547324599630894
371dbcc2d3dab4d7,0.0924598876458525
29fd5cd58cb38dfb,0.12014688082054559
276d786a03dacf69,0.09871366269077438
90290aaf619cb77b,0.07671018550207138
80904c6eddcf06db,0.05446964804911014
5232eeb9a1fa8f60,0.12550523605068106
6205daeed9459b81,0.07150850626084217
6b4abc5da4e3aad2,0.15322223797591494
ecce281c5f6153c3,0.1377320448336148
926feb1c20abd0b8,0.059975826598763195
64874c60d39dc86d,0.1521488120157287
1868aaf30c77d6e0,0.1138186827270896
52e964be6dd475ed,0.17819268848095268
4404ade20ca8acab,0.14694676135084525
f6bbde7cdf6430cf,0.09102202642642049
6f9ac9a8227bf174,0.13628834449004204
e4afa0c3ef07f2b8,0.07266449391440895
a85d4f04f63f1f8b,0.06830037308322855
7f3411e87c2708d7,0.09539813865350731
5be924d7d731a308,0.08553076153851329
41ea202bf96f7295,0.06120587425409518
e7d3e68c097838d3,0.11507761003280881
c21ded045b04b1d7,0.10004675706929522
a87de56d4f2dc966,0.06165431092240566
b073cc5a7d5d1fc4,0.08340279151279888
cdbbb57088163b02,0.07280166317260615
97a093dfe9e1eb64,0.15201921637915752
68aafe54d00b3081,0.1120245036910492
dca611f4099c1df7,0.07503356287932937
068c9856fb6bfd0f,0.05093385680961695
ccec2927e56ab3d2,0.0446575277722715
f4239e382087c8d0,0.16819428941929696
a37f1921e2ae64c3,0.1168053976194227
abc7d40ccad7d04c,0.054221826505896936
7be1ba405f826136,0.1454251362760643
82f1ae3eff7b57d1,0.07562276554677061
64bcb6835fcb93ff,0.14911923920184791
8a7d498479d37ffe,0.10915730199159285
ddd893f6f7c67340,0.06453003202166184
63438b2313c7cb87,0.048241716841859406
