id,label
6403a3f8d07557bc,0.061780626967569724
1b1d097ff5b144e1,0.07300757156254638
08c7c3c71a02ca8a,0.1296726836262838
7f09e9039629a38a,0.07459798617717105
1fecfdee265e685f,0.1613554825365838
2b1b1ab99f54e1a7,0.08111272672989137
f893cdb025b56c89,0.12505562893247238
84466d5fc69b1dd1,0.1469270443486578
e0f419be2a81cbff,0.051511176354851834
d9e55e1259c7c29e,0.15879868769453567
602d7f4b0882ec4b,0.11382363495680047
67f2f87cc129d7da,0.1279698472043925
eec96ea0e1c9f7cf,0.028448150683978282
d85127e773ec4820,0.12196483242374594
9e96822b06b0f7f3,0.041841636738139315
c6489148a3f9498b,0.07994223184990236
ad5ca801b22a4eb2,0.02914984909025452
22e01b671e9f12bc,0.045542926013729286
4953dbf3e113fbdc,0.03919360595777755
95397470f084bc6e,0.4820554470027137
ff39045f375a9792,0.05552778802313465
893575902a76b6bf,0.061094303437883794
4d9211d2b44f7d9f,0.08837771061502382
8205441451789e41,0.026430457376093064
5ade617aad761daa,0.43789034880689365
7d8bd74eaaf831a8,0.11740566649227119
3a4abb16616fb838,0.034577648072325995
6e14ae545a54ec6b,0.15036046793324584
a6d127f7b7a19a79,0.10869799546398802
e29e33c4a6eaf6fb,0.08533419809495574
42b296aec3a400d2,0.0909949017877843
238a42187f0c12de,0.05133749129913304
4c99d80ab952e272,0.13456628558428926
ef909ea8db65784b,0.1198302132513599
53283f9869842cd5,0.21615234588708065
fa99ef0b96b51157,0.1138800500445429
3cdaa31c37582a6d,0.1824766490665671
e007009eea08f15e,0.07887383649532502
e46769b586a6b83b,0.1284009716793116
c77497b63a864028,0.06552818033282447
bceeb0086c625fac,0.04196112075689545
5abf8e5791e5fa94,0.22740573149853396
0b7d89ea3694651f,0.1353932445746779
ce60477eea0a9007,0.21765091474615125
847baeeadbaba41a,0.06840423030475143
aefefeee7da6b616,0.18464866303987737
321cc4b04985f915,0.06639444757618523
590cfafdd102ec19,0.10518506094102954
0a3027ad8dd82438,0.04937306020555824
01e58c9ae88cd390,0.05158588734798201
8f5eb2d903aad722,0.05056709964864627
3f1b90f008fcd5d0,0.17788366721935223
9e55098b34909114,0.15087313849647596
ed3723d6f0b305ec,0.11190374313968605
e1d77367315c8c64,0.08145235447334048
b97a34687794c3cc,0.033528578253688456
2d9a8bda25c031b1,0.03929809084084788
367427e76fbb967a,0.10429645066012605
2d1de7cf3363aa2c,0.05525158673822716
d69cf5bc1f0112f9,0.026482996510185458
2a75c552e6a0103c,0.2565239851486005
943114c642b7e30a,0.043887906458281646
5f4258edf6c1b382,0.03710254504726815
ff0a817eba03cc6b,0.13459306825052086
c77fe2a4fb942f02,0.15267225850291574
df587d726667a5fb,0.12533605745204734
8c09d6fdeb48dfe5,0.03228656760090001
564e16bfb829c7a8,0.031060818948192088
e592482dff2b62bb,0.029961209802225944
33319a7020313788,0.1183144084461525
4700a73d634e28f5,0.19245826799389887
e5d9aee597bb4052,0.07903244267541956
b93533776029ab4e,0.24703714934697274
e9274894e7ca5d48,0.022147454952086188
37e126228f093cb2,0.035868972238182695
ee5e8daf19a62436,0.20050378117227627
5c2af7cb33fcb9b8,0.07071409383543008
dd6cf914fd458758,0.03719415623877265
7943edf1ba3d08c4,0.04790931183348964
50dccf68b6d84c9a,0.06377849585617688
71b1d024ea8e0791,0.07968794389839949
a8ccfbc903739855,0.045537618113909405
bbf9130a10bb2e61,0.028443254300414292
41a2cd1fb3af1f62,0.08203235103199186
e5b00c5e94bb1efc,0.11281431552998317
8a2951b875e32f95,0.03530819178135334
4b4241c32f2ae2c3,0.04628119401412009
8beed49416c057b7,0.057646817210809116
1cc185c7cde5f29e,0.1822849708593932
635d0e269bd151c8,0.03335343337258866
9eb98f9a7202dfe8,0.027689940806345546
c224615f7e3ecda9,0.027347770591500384
f93a14286735bede,0.05531571286146569
c118092c44e808f2,0.11270449081794316
0972b7359cd12fb8,0.023841771705517018
22318b12ec6eb14f,0.15184391282121384
9c92d4068021c258,0.15902386347325345
053aaf6bcba9464c,0.06607422934033395
966f0341c7d1f5bb,0.04391778275249312
624826d8d4f7d476,0.06527606976589038
250e83ae550b1992,0.2945957865390166
9ff420d30b835836,0.11838773588478411
f74cb9754e9ea82c,0.07460850538908288
8ab5a2752e698725,0.061215112839944665
56957aca1f34dcea,0.11479923019511355
a6c0cf21bf0a1be2,0.018466807174605162
427e6266110ac72a,0.15963788236252985
7b84fe626f3ebccc,0.13043139984384458
6abd9ee5808aa267,0.048025058738923015
15aaf86082111e4c,0.14819368658173404
afb1bcdc94b9bce3,0.025095606708232947
93a337e7b4fedfd4,0.1088356036412621
cddee4f1517d9dd4,0.0755209227745842
755140c7bd8e7223,0.07963259687631515
0ae88cec371ee0f0,0.04132297482257514
08a9f02754051fc8,0.258774984587845
4bab179b9218d454,0.07377244813003449
2af9aad0b831d3ec,0.02433552876848356
7d330fd87e35ee09,0.08465641919840429
d79f0de699294b3b,0.12375509280808215
652a8c0826eb2609,0.11369988768262729
2ae2ef63a2565c3d,0.14222464987870656
1bcffad3764f7c4a,0.07049793157005689
707e78f41fd82174,0.02858672992685223
e4824a55ce76b702,0.03267097952618774
993182bb80730c31,0.09227475016893888
dd67c105d030f636,0.13719776177066828
3dc4dceeeecb58eb,0.11015841345134503
90a67d119116b976,0.153897427135738
a483f8d40e026f5d,0.02002487372483211
3d24648e710fafb4,0.04485942692132675
9104c44e8910b122,0.04422335413550708
47b77ad7aec9f1dd,0.03952081534434195
a66cc4155a0edaca,0.11312728894350932
1f4dcc29503e1a4d,0.1077767745948775
0a295834d6044914,0.04971477557717042
bdce8615df21ee2f,0.027773066613258336
694b4d3b1ed04c61,0.03128523322367341
ffd75ff5c92f624d,0.11119057477712475
717e992041e77d9a,0.11496723438285095
eb5157274916100f,0.12134892916888185
b77c5c610fc74da8,0.03524798725628943
41d2ba14e653bbad,0.1514905048508808
f2b612c9be07aabe,0.14254420759376682
3451e892c310a998,0.09484511281712803
2ab24c04722d8bf6,0.06021441601988673
38ded7c17115e7e6,0.162031194240941
afed8219aa70efeb,0.07264472581217042
1e9c4d7d2de01fba,0.11748492069335133
c1bda90e9a3b9ec3,0.06417063101825947
d406fda410e7c177,0.17569232807761534
f49753bbcfabdaff,0.09558678192340259
4daee2e232e58a56,0.19106020033627077
858a9c1611f558cb,0.08217042270217018
05b0a9e8b1444d99,0.09097759365732762
8b2ac5da79a42e4a,0.17094868800974994
222fc0675ea28b67,0.03380966914797039
77cb5f88dff15921,0.09845680629946356
947d5752d88dc00c,0.2174358088400632
309a531dddebb471,0.14790405965298462
7e5f9d7d0cdf5a81,0.03305998257935299
6dfe2ff41e67b01d,0.0533786710345756
9a51f7696f388499,0.08612921745383734
9c5cb5a9b9b2b4cb,0.14770497827871043
bc7e89abddb2aa54,0.8514431854601291
5d3eff0bafcd186f,0.12053595016326686
d592e9d5579075d5,0.05695298079285801
475f765f9fa22959,0.16481975940251603
71d36204d6040aaa,0.12873198285491008
78119b8ffb9aa8ab,0.03262172647522034
09d1e9b9b858fe18,0.12520138379247153
ba5f5f59e3b0b755,0.12464782162719719
3b7344f40bf64734,0.08476202535294669
1f72c876a5e3738a,0.11645771019403717
86262f7438a90d1d,0.06649417233820544
3f6e10ed3e6a6303,0.30420046953149577
ada42e94aae1a58f,0.14305767307068792
b5320e4cd134414b,0.10474027839291644
ef83ac91e80ddd9d,0.07262002781866195
b8a457f0c9f14bef,0.06257825677500266
74947cda3decdbb1,0.07295880213603567
a39392c735bde1ac,0.060933724495068696
afb321701a74d5b0,0.028374466914004273
df401b9701e04299,0.04580533908368963
c9b67772b4c4f44b,0.14550010598522137
b5665177cd7b6c5d,0.015954957082917044
1d621e5fa6b0c45f,0.09022404614264477
2d595ec6f4c2524c,0.06413894871140823
6a96a53512d24696,0.061133776573134076
b3a68808640b25da,0.028615970009456527
cd9f2b2346e70af7,0.03855319652283508
d78d162e0d903e67,0.15490169078679103
512b0444982361f4,0.15244442869476435
36f4f9a58e05409e,0.048535838263170566
e4b4fc878504822b,0.07671373290982318
d2c6c32ea3387653,0.03074027430673437
62d5596d1fe892ad,0.2176921296435319
8756eb85074bbf32,0.035952980204800956
9120f37fb674d8d5,0.08848638726654023
ad529a51765d4ec3,0.034426645804225525
f5e98c69a45e4a76,0.14684780917222962
4e8ecc5a6ef67336,0.06099691390607472
e26f37d892f837e3,0.12306098910713208
377bd33e8a9d5e7b,0.05911556090248161
7277e822016a05a5,0.12823974647886516
94fed9a4092a19bd,0.07386111371416852
28d304cf97ca614c,0.10507767073518293
5a5195df47e373d6,0.03009746797505104
ebc9acfa1d364336,0.04659361726577652
5d76c6de5ee62843,0.09892949466439736
511d1dd15e99184d,0.08227568399947048
b6d744f202fb4a14,0.14413382075620854
43c3e8abee7ceeda,0.12329693620004344
41afcd725afd0bb9,0.11833267766066036
bd4f0c1a61da90cc,0.2873201198278457
ac5e8e6812e3a526,0.12487172914873958
61843635f4d407cc,0.15085472539111155
d643d4e6d84db59f,0.11811694897613034
5c0b8bce49a0a773,0.11155624475928082
7c6020b2e5dae41a,0.11504994055274563
4a6f26c4ccfa8a2a,0.035153329712130914
f5ff436197b8129d,0.0864247243950535
27b8587241bf56d8,0.05518516371914708
a198a7b963854e6e,0.0452829929174823
8661667952751501,0.17398133209872194
282a1321ef8c1306,0.06721264804767269
db3dd0b21b03ce9e,0.11148994524263889
3bdc9a83d65a78f8,0.10418324419268728
2983651d59dfaedd,0.16465054515769006
ba2be23d69668658,0.041526536664064244
89d58eb00d13e4fd,0.041382439611180606
d2caeec36f4769a6,0.06933743721588138
dc23c7fae5f57288,0.05162945068474086
c6e284593c89d176,0.1273637957618121
523464c4f48eb02d,0.2436235383681221
cc7624fbfc77736e,0.1429584455244519
6b0c371df7cfc676,0.1012207167427126
986e8a5497d243a9,0.16928103639370165
0880ed3a1a77013a,0.10802217596240789
791d60ceeffd7ccc,0.2083658118145771
1fb2b452cb819b3a,0.12757616951887896
6e683e5731d8aac7,0.10591706575235464
d752f92de2b858c1,0.04361641935186796
91654f6c88bcc480,0.04398910331731146
308caeebcc6bc059,0.05985943842260111
0a092e2b8c9c06c5,0.12347254393200753
e29749c7cbb0ef48,0.03327627142990471
02521319f8872bf9,0.02637564953949394
f699494da66c4efe,0.09605571440552947
060f874ec99eadc4,0.07030283144555768
1a2ea8a74fd54c2b,0.0820871878387157
a98b83e132c75465,0.0293543869849013
0fe8ca7c247fab07,0.1028081973382285
c8d9bcea59632f23,0.10496535135814544
0ab0d9c2a040f32e,0.032836601410889066
a03fc647d8141fd3,0.17973888145381264
1036e1cd53a850ec,0.036412118456972266
519d3f96c9895253,0.041602315172425935
28df6bdb66f8e09b,0.259745204457458
89713786047cfd0e,0.0874551011935389
6389830954a0227d,0.07692333507134387
8a5f2d2c5004dead,0.030265249213263106
19d4cd44aecb29c7,0.0897813458911433
2ed9718fa269e456,0.10752366526304258
31d0832c9b203b46,0.05945139967925203
e21b68ce26bfc500,0.1235131278486032
cf8783ddc0b9bf95,0.025599247036430735
fcd44919c1b3f412,0.18515819321843294
c6e50665e7bf8738,0.08319564131605703
ce0179fa676d128e,0.295893236849325
423e064e247fe04c,0.131459884334298
0ebb4ab2c338fde0,0.08674619711941123
37337cc831e40a2d,0.09372394093500462
04eb53517170d936,0.06794779198454792
dac684a7b8635061,0.05939640607629168
a2f354d17d1431d3,0.10732377030015472
8a42e6579214e167,0.07665139001350398
c35d24cd26008161,0.08883230929599839
077789ab8d103e29,0.10502713748927728
5deb9f3705c67be7,0.10310430313174142
dc531f502bccc4fd,0.09417639577049851
ab4b4d6c12291a2a,0.047502086287487415
47b284804faf97e4,0.08113105791991852
d46bd1fa92be695e,0.033498747614935126
11c536ec56a47156,0.062234613124710236
d5bd7d0c4a297748,0.03238317495085822
d30e6ef239a13f14,0.1386855904035491
8be010237b513256,0.12402813170106619
e3ed18d3d53d8aed,0.04762006821688666
a9f5c2f8c5922e10,0.15583240543742824
05a75c012be2ab6b,0.34215829806270853
a068617fc089ad48,0.0770458689849629
687932e8fcf71376,0.03130684865267148
fedeffd4ef29f976,0.0362508331472662
5d3e23d9b2256c27,0.06418950949932804
c6544d7502deea99,0.05264630371609791
096cba9bc78d7637,0.14886065116309496
76b587348b5c4d59,0.11247094771360351
62185555ed060f0b,0.10762371493088252
b538966eb4ce164f,0.026287013097396606
8dfc12a6712b0903,0.13137961031511472
3ab52adc4b1c1768,0.03989005341599146
463847f9a1f414b6,0.1100790314162282
e93e14d11fc793e7,0.034703639049855045
2cd7ea4ff0b97ed6,0.086352716027433
3cf1ec0a8c671d61,0.024618135318755466
e39df281ee7e153e,0.0497314681882613
272a6816ce2c7c9d,0.060019724774650486
f56230f889018c95,0.15034605728235842
4119f28f6d4d40eb,0.11700750641593895
3e744e15c1c6600a,0.07765080959081455
7975b8ce43d7163f,0.11024130970925528
76519a1ae0dba3b0,0.08084349242344009
6f6aca7dc35afbbe,0.11016039089079421
658aa810bdae773d,0.308451364227223
41c3618b9180e8e2,0.06100148296300245
7cd53693b2b3a4b3,0.04073351171912772
a450a4bce9f2cac2,0.1227683164003845
05bd9ec45ff54b8b,0.03268506829701055
0d67ef8a9dd3249f,0.09758280095093992
514cfc846a144390,0.12522007493546675
2856a2a0114ba55e,0.1621456989012068
ebe02c0b1c116ac9,0.04379035454633499
cc31cb4421bd54a5,0.10755838025633709
d63593c7bd5f72a9,0.12420782633664623
962b8c33b5be069b,0.03407768975017652
40e508ceed1116f3,0.04000804099438272
668eca9c4cdf1507,0.1500121585710486
c15735bac7d4e6bd,0.04267172601864242
09d2cd5ccb05a325,0.061994243051183895
71ed58a8f5d479e3,0.13439843907089785
56fd1ce474cc243a,0.17208144401409972
4c4fc4fe6dea340b,0.164814592939146
68fcea284ddff8ff,0.11655313089508747
8913329e85f873f7,0.1056872319391748
7a210b4ff6c29678,0.10914414225256446
91bd2a01c0384263,0.15835908736958396
14e4e31c9bd8d90b,0.03214631215745422
410f92d0f317cc8e,0.10511760202088505
780cd523f303a8ba,0.07954724766319744
77ae2af1842fa5b4,0.05736652456720406
eebeb3dc997eab87,0.10445503741610344
fa6c4d5205fdd5db,0.35737393363449077
f1798e22aeb3b385,0.3859482700981851
8af0df5286089649,0.08481787484943376
6e224e4033db63b7,0.029809548126555462
b8624ae03bb7e7d7,0.03355525297947495
52ca2f9cf118011b,0.40439791866761327
52c5dee14f8320fc,0.12233016595373535
43a4ed5577b3346d,0.10535443506608451
332563e196c7a1ee,0.27033381449325583
cc4b32b77225218c,0.12013035154797054
0b34a503e14e5271,0.2143935284545344
33100c4fe51f7435,0.08007932889711795
6de5ffe2b6664d73,0.031211442913894386
ba39076152cb0ee3,0.07665109288969822
aed179ff9c81f4f1,0.0212952632368376
ea1a9bf792fb6a7e,0.052506698775642124
2f06ce2d10fe3866,0.11747805495061481
11855575a4718674,0.06675698862498446
06d39de4f0e13f3b,0.09571098954431956
5fd7c68abce444af,0.13973050356929576
d464bbc0a2f6ec7f,0.17676108507884467
86a7d5c47fa116f8,0.025510977981619134
a260e587d0fd3fdc,0.24150713188155817
6c07a18d9f02a585,0.18505854582945683
8fd3d88e27ef7240,0.05114530569015979
80dd9757384d7ae3,0.04939430451947144
00a0f9038422aeb4,0.1019964701100911
dd38ea8c63c0a90b,0.08506950156098114
e23a165731b18098,0.22619914229330862
9bef89bb8b6e707d,0.03323102295733191
db5779805bc9128a,0.2876437580751039
13c6185147e496ca,0.22162236878245475
c23ad10e1020a370,0.09010928707567552
cdc252e1304b3741,0.06596298500239456
c9866843a2ca38c5,0.07139743135313346
1193dd7feb2e1c1f,0.02920418197478289
145626c411263ea0,0.07760502971703105
b2bb6e4261a0a280,0.24275217436498317
ce6c9830339e8d23,0.11903356705378902
e5a315b7bb844af6,0.11750404227620431
d85cacbda54cea30,0.05633478673554652
ec609eb2e4100b33,0.1510528491746623
0d785515807808bd,0.1361728026245467
6bcfa2aeebd0236f,0.054368806966819484
9ed83fa2f828fbc3,0.03293824743463917
f596ac3c62688ee6,0.1690699377158312
654c4ca75e7a6d56,0.12660717766771915
162146e83243572d,0.12641722537411426
9878dbf0860838fa,0.09291020753355905
332ca627787dd758,0.15959635888096405
679ad425e74f2477,0.04788624856935783
df5a276859dd4308,0.11889540608078009
e1f7d0ae0443184d,0.11926473877011111
a6434286f4234aba,0.12314435544595077
3351a9314dfcaa5e,0.025947061427710565
e19b22778dcddf3d,0.05983601068935773
a98a59904fcba403,0.07112985487481478
efe47bc01bf23b67,0.06823521460911089
a1a862c811a320f0,0.07446441450204426
bdef7203033a959e,0.12216520151735012
0fa3fd428635e63e,0.04155244640289499
8ed23ba67702fe54,0.20427847366006688
ece14f4f1731d91c,0.14180125738063265
ca20fb73d0c544ac,0.04226656245975124
927bbcf7fa67bfb8,0.15725679213018537
deffe32d78bf8a82,0.09421022952659656
319944ea096b3a65,0.035459511814578466
19bd6f94f36d44a1,0.06646755551433646
6e7447b72d462201,0.0583564761673395
be6959210f99dd41,0.2574127405766388
bc1a4abb3dbcab55,0.05879113372987329
41032395ff67eef0,0.18153195928440458
2b4004b2678cf0a1,0.08177122229412409
469658e2c6728fd1,0.057053445966965516
e67a54cb89e72744,0.034467471484703735
0a1aa269dba98abf,0.05347010741275223
746e977975fa2166,0.022297992568541997
ca51e1b6ef04fd43,0.059052759938224154
dd96408688197b1f,0.08677944405301093
23b5530f05f1d9e5,0.11925577310486768
da29e21770225527,0.054133633534728415
adb83a06bb93e782,0.03903457645921649
0e4d2b4f26be08db,0.160489186103189
6ece7a74dc7701ed,0.025388665282312938
e5306d42c50fcc55,0.03333820008378968
4381dd659292aa24,0.0602421480105233
e31ebedf532c25cb,0.1000221935401589
853b98dd483b98b9,0.057700478176041264
2e54b76182ee44e1,0.10742838065121207
338f6834e70af5fa,0.018143661639523537
b5abaa739dbebcbc,0.1606674527167959
5a8bb8464a290761,0.11281613683451523
f0e90b285061c449,0.03570725483348766
e66581f055ee3b78,0.11787766636868459
0a21004c4d12a011,0.05550910576598755
04cee8b938d82d19,0.03171038078430028
c2eb2ef42ef59006,0.07433830496829989
4db76ad147f6dde7,0.09832537075797254
388d2efe55423a29,0.207442158214452
b9875250f7ce8623,0.13998698593999706
e354d93aaeda004f,0.3259919961283018
39e7b31ad6490a4b,0.10546034399248083
a31878efea02ed42,0.049752532359719485
4db06f2609831909,0.12662222564404066
e23ceacf623bf244,0.09575915281413533
5b30a3dce1e3fc54,0.1935789163449626
9b09b933e5488d29,0.09174166766863782
64f0282d10422cde,0.060402967749016524
d171c9bf0e731793,0.0954403685080436
699a9d5c734b80f3,0.07887521215806444
79281527b5fd74b9,0.04521945571577388
63b9f2af8362641a,0.10591641498569865
8e20990222b8b1d1,0.07867463893287864
cbfad4f1f811ddcf,0.18311072678396498
a6dde1511fe8d47d,0.048992814573147934
54e8815e9966bb51,0.24612376820352802
cda24d31d8c08104,0.09946923257090223
2e41b0e18fd08067,0.026682533891882926
6e8f4f5c6e28c26a,0.11893906574471454
1f4157812e2bb339,0.1146801532497405
c2d3133094dc0fad,0.02029471001268402
e7e2da8351240636,0.04739008440582745
ef2946985749757f,0.06200052931135589
ae735efdf3a84f05,0.1241431778960322
8a459d7c2b588a93,0.20876337376451415
df0d35696f4b164e,0.07793571256608138
8f745cf8cd93face,0.02797896749008047
7aef10c8e6aae208,0.040600077741068046
706e881832fde05c,0.19207482055059702
03a6674f904defe8,0.05619394834273156
f00500b8110dde92,0.12520162772222482
1475216e327695c5,0.13023416214838254
3fc20688817559fa,0.022189313558077333
70df3ece5d814a70,0.030058795894962503
bcf591e552b3ba82,0.017266983867869973
a04e514a6ca8156d,0.18256603252068046
f83e082f10dc4f9a,0.03820277674139714
21a0898a3f0c502a,0.04501990138188228
c9afe9c2efa6168d,0.03865832143430121
9423152627c5de85,0.15279979114993023
fc5761df1ee97d2a,0.0454446674636886
b51c1517f2b27082,0.04963730642765029
966bd6f4b801db6c,0.14624081516151854
c39f09a3a7ee5d1a,0.12360462584563221
cd4ab667a784a10d,0.16654481123543896
053911f801591901,0.1092021073780584
4c12cd87dc745584,0.12743433674272128
f0c4df4801e5dd7b,0.032861456763311606
1cdb9e6374b25c46,0.03904229335171857
55a04d93184e2087,0.11227806301624832
b0259adc08c321ab,0.08657455852429423
3ebefad692cdc413,0.06403863787588203
83d05a33f78392ef,0.0530616360087002
57e746a1c420f866,0.1372795623104697
7086b53e09fe17c0,0.12468993943290868
2cefa5982f1e5321,0.08631541450645948
c4a61e6a8fa1704b,0.10375994755210514
cf3db8bd220d5bdf,0.11760942594611205
75c651d11c0a0337,0.045809443986854166
10dca6cd4d946194,0.074495985430046
316d771ed9f0b6a1,0.08348132423011552
ef64650ddba7c539,0.030775277828602763
721f58982ee85da8,0.1631932742053401
e8f08bd5b06f41ef,0.022057439790786795
8c2e815ac865660d,0.14245851595513442
8191fefedc6afd32,0.03190732338963705
15c9fc425aed1fd5,0.11172076484518452
52f896a602e74ef9,0.15920436051856754
c8a94bf1f874596b,0.10592970374009068
64024839f91aaea9,0.11788661834456647
23a06e4e391dfcaf,0.12789865750190946
76fc88367fd4b329,0.04119341345085426
e7ffd70d1007bf31,0.04869553582241495
4df67b2b4764df2b,0.34992085437826664
5e23b5ebcc3c7201,0.15708700468258618
97c325c9980b0ab2,0.032794447064405034
3c8bace911db4b05,0.15417624230509963
d3af2a4f1b0513ef,0.11052323557446149
8a66145d22484a10,0.14446407770685518
f501884aa3b0a2bf,0.025606026072187957
21f8710a682b6ca8,0.09453965282967587
67addba46911ef5a,0.14399749626347183
cd5a8d124051f2a9,0.13540965018293874
a1acde423d140030,0.02663607967020078
6284cf5236839f36,0.08588559118834889
37f720257a8a7a33,0.13157842744051734
acc257668dc46b34,0.16718647017378116
23424057c8458694,0.06665136062975942
418a7b8fddf172d2,0.3591689655376955
dc356b2589e04c87,0.13261682423423915
f64eef65821a8f3e,0.05305358937545762
9fce647d5b47563a,0.20142193883214868
52f9976ea5b478fc,0.04086267929777659
d240c91989c04146,0.22219493931669057
47ef036d29375b9b,0.21983429887649678
8808a12bef546809,0.05749570104320525
d3a20f2bcf2db8fe,0.09859528863832669
a451d8e451fac918,0.05494182070337872
9826735b01a08344,0.07178334601612939
c4a29152e2eacc8a,0.01831712126472746
631690ed30cc1631,0.20940121508645002
d84d8a6e6ca5eec8,0.03258278709027683
efbafec85fb00cc9,0.21909651740179514
24556c1044963c8b,0.18775868258524828
5dfe6e2137dc82e7,0.027811421413811512
b2400c3aa22283d6,0.04816116117305178
71602580e012f168,0.16790761672879886
cf01eb3e54442236,0.02417835201674427
1a07d25426f87edf,0.1194417991652198
13b3d3fe65bea413,0.05356421074613931
059edd840763fd81,0.14966962413384138
48288e044d74e7cd,0.09898274165469534
add068ffe0671cf6,0.03188374711863551
c99de47efecac792,0.2792033389858521
11cef543afe62f88,0.06177927703844094
e512156389905eec,0.04596274542310724
138703e658867a2c,0.16483074021992875
454c3092e6edd433,0.025773318303059543
dd957118652b5ed5,0.12752069509497183
af01fa5eafb4602a,0.08212988859617254
7bffcfd2a9da1725,0.15140520432475887
24f3f1ab071df78b,0.036756385487043346
3ec7c9ebab0a4a2f,0.1520501062622382
3c1d10f4646f69fa,0.04979941398924522
9c5f959e1195fc54,0.02833074325406466
cda81aae0a16f97a,0.1270883122826489
2bf6c949fa0b6053,0.09887045265883887
546683ea9e5995f2,0.11730071235305743
c4563254d849a8c2,0.10244619601089178
e9e85a92d9ed5065,0.05230229452055807
fc9fd5a085f168e9,0.08223360377350142
54049d409156afd1,0.16359572837572456
e4c0d5c0b9045e4b,0.1030218301440771
058f290d4016fd11,0.04712067842604556
e14cd74f951c3910,0.0491456102833833
05018e18dc83e13e,0.290714074850517
763ff25fb3a65368,0.03617589290458575
eb5cf6bf7c8b4e5a,0.14969336454446494
013351fb7667dab2,0.08037928061956237
e08181f896cfb680,0.047255457128697886
e65d39ec9e3de422,0.1317800450182555
9cf499aa7626f14a,0.10784837763590761
f203a5ba78b7389f,0.17748776119613643
8ea386546c0f8c96,0.2111108044435749
0391f48a6955106e,0.03310675038544816
d2f70a0377eebc5c,0.03589198538254245
b96e54496b6a6713,0.135868729205978
1ecd7d7fc32cc874,0.0954845964384411
a91fae320445e22f,0.03770009680071148
7f7f8d9e95bc3227,0.1203806443811632
8ed9c9b27ed7229d,0.06049605919753239
19862b4c0d2f34b9,0.06265660041726401
e5b1c6b3822addb0,0.13230293735743465
191edcd8d76cb951,0.4334323839345718
6b08a1554cdf28c8,0.04143326875462825
706610ca333da138,0.09271472430659654
5cb5f8466022eb46,0.09112852877454562
acb3a526d9921b55,0.05095817242750644
947db252e781ab55,0.07586369197685731
e94881433d15d819,0.046391342414497154
34439005f71e07fd,0.11280485499019437
989a2593307d72e3,0.0813863549940059
ec8f1d04cffddc96,0.15584283554567369
11dd5f5d722fb0e0,0.12186041714084966
d6738bf320835a10,0.05047869731092194
025b09a306181a55,0.0707481900987262
e5e3f5fbf93a1918,0.10776641162919087
2d60731de40ca5ec,0.06197513993910233
96789dc76cce8bb4,0.12005768657321486
e04c2f21eb86c30b,0.04114382979429541
eb4f7827e27f3e50,0.9540440632205094
c72cafb3b0ed2058,0.03197043813511794
38e789ce64afac4f,0.07935623620714259
961a36d1522e6ffe,0.06259606618139214
d915888ab3fe3241,0.08102783262523151
6d047ff0d07fd1a2,0.04895839727304898
96212cff04501fdf,0.16938226969455705
6cb30ccf0384596a,0.15337797112783844
1878cf5a842e6727,0.09015021546247086
47adc8c9afbd6fad,0.03612484338149923
bcecb579dcba782a,0.049688295045556725
24fe0dc9ab19be83,0.025257966379954745
d56cbf99a17acafd,0.060938039462518766
5caed519a777c666,0.030585015144252724
de3dd7a6a4564414,0.12083726268030981
3ddc28164f664050,0.12158236128623649
45693136342888df,0.044859521721582675
143c3caf6eb25742,0.11743385971000135
9295c919e27237a6,0.06633732552745522
0dc756a818dc5d9e,0.14264829042946392
67a0ca3f82ae78c6,0.030447671041063374
cbd51c3558265f5b,0.10669863319928212
b6df5050c31c7287,0.05094026410721062
73f20d006cfc47e6,0.05094118611631723
2de69b9443d4fc52,0.04979925744909863
1ea20c09b6c79a3d,0.060256259844323194
ea1427791f675329,0.1118925949028897
cd6c9a86e5c13535,0.10693749071275555
fe03f010fd99f729,0.2115581560044665
3cac934a5e569272,0.11209282712824238
1f9c8c5a31c38592,0.08747271411341555
325d3152d318ac6a,0.05975134933920018
c796149ae059bd36,0.1347280606964697
139b95acad0d8500,0.03568262731898974
ef8ca6e1ad6cbc40,0.13323074697908246
738b1f5edad8bc5e,0.029231274013591286
00b5753c64f3aa5e,0.11938767667125792
7509e02d19e2f87e,0.03817467401425107
a85aa8068fa925c9,0.15270339089927362
f8ff744430f73aa6,0.10631743748541626
4106129a02383134,0.027890927875936517
3be6495b6e47bbe8,0.09758569524600995
d58d8cb98c5344c3,0.0508159495457593
72c32db073874592,0.05452959125422547
b33541a9535d3cb6,0.07731280398173036
f117d4aad78b524a,0.11900318444823221
5e48da846d46eabc,0.1573375146233167
b0b266000f2d6b03,0.1548348741685547
2aa63d23f11f3aa0,0.02568299695487154
7ca15ff99bdc719f,0.04638104479025749
286e550605b2d970,0.03778840550502727
140d123f8919309f,0.17253807035039262
5406d7c0119b8b77,0.1206493969444139
feb8f158efc528af,0.11051978996565497
20e9295f7f1b6809,0.05510301128370426
8c67df2b06a8af30,0.11100122231149473
0b5100f2d589252d,0.15067186483010017
a7dff4879e1f2c8f,0.20450854235765145
6b9c17dec469153c,0.1449408698043343
b064e718f3825ae0,0.02793472169211685
633aa423117b483a,0.05972848826284518
2bd2dc8cda610b2b,0.1492773668038704
16b4f1b4b30d7a5f,0.206992049992748
7ce520db2bb5b181,0.1650503665798446
359fc18aad246386,0.10165518916672688
4040467f440a4681,0.0815038606099318
ba27a17c66a28567,0.08603180926166078
5e4bef63f0b3974c,0.12157417781131115
849863283a0793dc,0.10192360764730983
aa9c499ad44baf78,0.12686963699579815
a3fd494842016ae7,0.10122431939355882
5f079c78614b8a83,0.18926398999670632
7420f14669961a6a,0.14486431018949963
0a083c164a874ea9,0.03475206297949653
396f04d4bed14a3c,0.10125748526152067
bda29126d66debaf,0.05273356497037925
8d5ece395c6a6b60,0.09220789329739167
9ea22d08386ce3ae,0.05174196428381265
1a277b47ca192cc3,0.029559490069350696
5534d1ac3ad47ca1,0.0915233034345407
164e32a2b96ed3eb,0.15675476684456155
cdea1d25f481df1c,0.05301966463052846
37e1f37cd163cc12,0.16803980409745226
4f896e74ddfe48f5,0.1351794724916129
ec881c0b42489ba6,0.0915799560174785
6cbbc142e3b6532d,0.051562852265844755
af58eeb2cce1b1d8,0.046491953408898064
3792b407d3147240,0.06656212895249973
44abea18902dcc6f,0.0570996970040748
f174b76e8c589bc7,0.0637191547691605
d5cb1d76e26e865f,0.19807395773295322
c953fc1a52b6d2ae,0.15916763874376202
dd9860c103eaa486,0.024614850566845082
1a338e9358b4b71c,0.025042758928928738
28a055a15e2bee63,0.0819036573407289
d810129e88130889,0.06481204012515047
20b2f55f0ebfeb9c,0.09219520358555112
2dbfb79bb9d5d576,0.22833936268921076
a4f168601004a705,0.07500469420944328
7419f46f112678b9,0.1283077352522146
7d0ff708b6d6752f,0.15640545338441558
cbb85fa489a893cf,0.04868333925701818
c46a723fbfa594f7,0.05526954991194002
2104390897549457,0.08422065557988795
75c276f7d0f29aa9,0.21708070149561207
01a679a23b212287,0.1789964647156624
6cc58651b88eadb4,0.0419713624518853
14cf1ac65f8ca02b,0.02904092296113148
2a5d42d92966192f,0.04042976801993831
2010478948b9aef8,0.10250552897486008
31542ae607bdb59f,0.15459492808181555
783c99f058bdb723,0.07095297526925219
8e49ec786a6d5abd,0.08735443782812746
d2b9a740ddba79a2,0.0438774266720983
47c1231311a7aaaf,0.06985062398070283
c7937d0c63ca6a92,0.09828060631652412
64628bdb8224fe18,0.062234534236192206
49cbb2ff9274a4cd,0.04516235168049663
a4dbc0e728a780d5,0.1915422367773049
54a5b82f046318b5,0.14766767955396984
daa0b6896a1749ca,0.052959975081524426
4a251ebb1de72153,0.15584301672896236
edc7eab7534ce904,0.0583618437059192
0d31a18c31d12329,0.17183730169857778
ef643ea0ac629b95,0.06806418500293454
39049e24be5a4306,0.27284800528251424
f41fb0591a5b1902,0.04052695984745058
ef3add49907eb895,0.08450624626820326
3c80e6a34fb3e4ce,0.1475276951210975
681bbfb8c5372f79,0.1355927520218375
007f4be9a3f6e89f,0.030725688850292195
25144a9b2bed9be3,0.14099121047117333
61233f40c0cdaa2b,0.047001768376393104
73a058838f6b7f2a,0.2171073676672204
cbc20660739af678,0.2272480621266757
8fc723bf625337ee,0.15714755912923115
3ba49bd9e60f519a,0.03599498016603415
6a3b3033fdfe94b2,0.07307488317412064
c8ed653c9f871795,0.1340777297138099
2f6d48d7acb127aa,0.1049019301179267
92ff64a44efeaa6d,0.06041330691094926
d7169f20999bc93f,0.7170248738137176
53604f2aaf701357,0.08929913986625308
a7001845bc2108a4,0.15112168016857838
e1c8d84bbb8add74,0.02590013644199304
0b6ec467b5610434,0.03581917588955891
8ac52d2ec127a096,0.05252360174134733
b10baee15fb9d01e,0.1581082841214839
221ebe5d40d467ff,0.11747847669104311
4fe55b114acc6ade,0.06820554183252014
d8482a667d8a69cf,0.026110117940079388
53ade36e2a1b1e97,0.15966141405722364
23415b9cfe9e209c,0.10153396745172039
280c7808d94b9763,0.1561248589605391
de5885c6a7c6423d,0.23732788982913575
38de0e8716fdf6cc,0.07466631206046166
55bc25143589b254,0.14836587636791868
957e73c37d447545,0.03580013126235593
af84b2641d1c74b3,0.06009936611117402
e7be7f3fe2a831bb,0.028273186157954152
841f7e8235380174,0.292066489251131
63d88f28c2a5df22,0.1502470989741314
8dad4fd4df5c221c,0.1278013436701089
3572ebf75eb17942,0.08935148757698345
25a1a550572c1f93,0.028004635786916022
6ae06440fe74b44d,0.29690752445385477
b4bf088ea90582b9,0.07249959419046591
6b9449d16e81079b,0.03970890287032848
4ff7c9e8a089b94d,0.10928051810453428
aa5c5648b80a1a3a,0.08463169768456742
5dc1f3d49bbbe4c7,0.11373629265826084
99546cb325e5dc06,0.15263809604409317
220c843637482425,0.09300192777322952
6608fca5b64d440e,0.1197472371210876
f29988dc0a3c0243,0.11194500113500543
51058b99b395787f,0.07511817478536353
ed1bbe11677f7bca,0.06617504159194282
9f9b85620fbc0cf4,0.05412576148391113
8aaeef3315304e45,0.09162550436788545
5d92173cdb00c0c4,0.0922050767482588
acbcfbef3b1946c1,0.04185404529712392
73cb612fe6d23320,0.1478309595322507
4216594871a36761,0.08670222734071353
1c2bf4927779574e,0.19670190635146026
1498d0dff1fb5394,0.04473766334966034
53f47e8f08b91aad,0.05676474665831125
c4229a0ce07e83b9,0.027563191760181783
bf61a06ee47b2027,0.02602460457613759
8aef635fd1b3a740,0.029549980346435554
0f6a8a20e3587b09,0.03536188164220883
75d7914477c996b1,0.0561477759406463
7b1790935e6cb838,0.030239386878752644
d680549ede3f6dc9,0.04901468905624697
f3bf39cd2ab5bd9b,0.06669275983512225
0b0930b54070750a,0.037122023776225165
3d97f118d250279a,0.18534462415379813
e9de0ad29a82a54b,0.08240639208904305
9485f200c4e02805,0.10275062676424827
12d95850d018d3a3,0.04836051815035025
ddc866b96dfc3aa3,0.15074057774102975
45a33a8161cb4b46,0.04543537043411481
990eb9e1c61c80b9,0.03717886019899027
378b6aac03179007,0.03524403790369065
b6ce4df0bfb4d3c4,0.03126368671973671
a50653ff586cd76a,0.08721935521301989
65cd9ee07cfab83a,0.08445298587493182
d2bbc0c9f79df720,0.17228468578474743
82ce816296a1512d,0.020811247000368866
e502c517a223aa14,0.049542975905119024
71d19ea693604e1d,0.0611436174826677
0d037e649d83d735,0.09350814235383935
6ba6991213384d83,0.10932896473843334
4cac0de9485495fc,0.12205188601029754
9a0be358e968c623,0.07818533638882778
f1ca34616439cd54,0.03320544345512056
e301cf1f2e4c3681,0.1065689578186199
d614ef3ad50cc2bd,0.1269019320465321
c0b33846eed21da4,0.0746405706114841
d4e499c8cbcbf2c7,0.0851694613418484
112d556866bfa77d,0.15568305599292245
3f5b776bac1c2a71,0.08124686526032975
97fe9a981d0717bf,0.09245127112507301
ce3280649c6eb5c9,0.119241244151903
7ae7079159ced82d,0.06434154645523815
f1eb50e28869a50f,0.052511654349117344
52c8dc366cde6d2f,0.039239584587703345
ef14064579612c4d,0.12436583593934732
7897eec02201ca6e,0.058763147629951766
321d33ef853c8fb7,0.16389070384536958
96766da6bd7c3998,0.031294835226027405
fdccd120c1ead149,0.11684616494683414
288252f0e770ce50,0.16487851422194455
d4d977f5a3d8f01e,0.09130503763657459
62ea4677a492334c,0.15990192342700585
d1f182b83a420b6b,0.06378916364074716
0a8ea601fcc75d1c,0.10587152495249869
27930c385742439f,0.1235593769271142
13d12d929ca71339,0.22798605519336348
159b4f9fc1efcb55,0.0360504529417893
94ffb2f9a90b358c,0.09185989449010594
68615d70615e3b37,0.03145870542583528
d4a40bf8afd7e4b4,0.04524691601520861
e3dcfffec2d51e7e,0.05899970060039137
10366fd321e0ad43,0.040098860715088724
80e3f13b4e86e5f9,0.19811994795147214
6272a9e176561590,0.1235798030347321
14ead2f08e775ba6,0.10441833478155456
08ecd3e0061305ed,0.10836769743556324
b91abfe0273da79d,0.24771946439448053
0c3efbd8c39177b8,0.6988826355279567
e9e21b290009d63a,0.05428142580432591
c188505410fa547d,0.1085453733826889
768d9e0553a1399e,0.027984819310128722
a9370f34870acac0,0.12879279207364736
9f6dbe29c2020549,0.044931059541129026
6da7088fbbdbdec4,0.06891029179079598
944a046635530efe,0.16253807408583434
55a97e1488c333a9,0.04182107713324144
bba6644aefeb263d,0.13400792946430193
750f5d2c63709654,0.16784541353647187
b7f5c550aeab6fa4,0.09057109852439099
bf2efa05075a9f6e,0.05436147176586804
2987973344ab04ce,0.0686102471482661
a97d19edf8f608bd,0.04805869894451387
6138ff6754f14dc4,0.042207999570196976
87522437573af7c1,0.13339789134480742
57cc4278d6b67c5a,0.03469792688237034
8f29d789ebf40f9f,0.0367602381495691
15e17422c43ac280,0.06579379466889564
57faf77cf5f72f53,0.10647803059434113
febc8ada0a8d768d,0.04157651216129135
86ab68be69241db5,0.09662806458850086
5fcfe942606240bd,0.03265579034955716
31bf257f6a4a70d1,0.12099638317091559
a09897cadb789dba,0.02901518195783133
328299ca9da15ccb,0.05540910416549436
c95184d7971b2960,0.1719626498626731
6ba9df085d34410d,0.4513070377230119
396ed8ae6d33d2bd,0.1549172615228444
b058bc3c8a9fe33f,0.1553303530838652
77b29cbb7ea1ac6b,0.1387818402833256
c8d191e05666d6f5,0.1609068260887127
c4d716a53ad99b70,0.10661840006340123
31d17f992245249a,0.07703272662921146
aa459cbd8c781f76,0.10105650352838134
7ba0185e8220f22c,0.03308386790922977
eb077a940d0bbcbe,0.11836510787565901
9298c80a21191034,0.09272376194177219
037747626ac5db4a,0.048271024416678465
8ee7aa8b54022319,0.17959150495044893
a2b57b918f2661db,0.0569312699346175
e703b056b17c6038,0.04977481313606896
5d760ec696eac629,0.0939966278097452
68589cc32366dc9a,0.07868151519256773
83d1d02b456e13c0,0.08195436055379024
f5ea6585ff5edb0b,0.1678958143008105
32290819a9b6b754,0.06848638508765399
f0cddec42ddbe07d,0.020051588004847017
41d5134ef4aa43c6,0.06199279124069761
9a422d8246e3f97d,0.08655063340974882
341cbe1cbd51048e,0.03921617204406864
3d2c0583f01cd72c,0.09707891898506693
870996e4835ca83f,0.039495748040199945
28b09161f3b17dab,0.10999760906299721
051b367d8fe91233,0.02152688099766505
9b8aba50b3ab95c1,0.1463403636517308
ff5577bdd79bcd6b,0.07079024455548315
92e4eb0a0d4c41e0,0.2654436575791857
575ace0896b22257,0.2258203588254063
a16f31da04bf60c4,0.07963630502132175
cbc13a2671d3578b,0.02551686692755188
876ba2c5e443fd41,0.1733142779493091
5d5689e87dee129a,0.198471380174456
71a60a6dfa7e1760,0.26287896219731005
f2a38a0b81dc90e3,0.14513683665406865
ec97de286c2686f9,0.05058012886484331
b77b633a5106f906,0.06104510540411334
972df202456969d5,0.05517282747377145
5d7f4e9617d1e7a2,0.03202720326453448
196dc3655d9d1d79,0.041942110671785944
7b9da0adcf1bf365,0.04661802245153509
b9d78de840ab100c,0.04214194151611501
803868566ffdbdc1,0.03062394117748318
cc5f60c8c3c2b5e2,0.049893333055224066
88919e17cce1dcd0,0.02797728365382859
88bff82c05879a44,0.031604247400616736
aa64759c290cdf84,0.07726266974103309
b224a7d8b6f39ab3,0.09028964212837631
ef11b15a28910cae,0.03667047811920716
7e08eb8d4482e7e0,0.1464982448174149
609b606891c6ff2c,0.031660688368452046
07ecd08d07bac830,0.07330605347312155
aea578dbbc154142,0.14355449110017696
9c702ee77f731a28,0.08011964456640902
74a102877446027d,0.12438608052615498
dd13d150ff97f653,0.17547241256957494
36157f72f10981f7,0.06515075051424325
808639f0db0c51a9,0.07705977842810753
d809389ba1350646,0.08487199577479182
353512ba78ee6085,0.06874348138458213
207ae6c9e8f4fabf,0.05653776633776806
333ed3894f0f2865,0.1364381104417101
c8e41f868f963ff6,0.13383104120625702
c0436a45e3cdfea0,0.03335926328673338
497bc4409ccbba90,0.1357166028131821
b29f7d1224fd0321,0.07861033609762602
7795ac2497824361,0.10408924062249643
28bd2f25cefc0467,0.03198048409455344
7a5268c2c0ad3fb2,0.06111146158719428
9335e306e6ef6c17,0.052269837672395264
380dbd85787bd38f,0.17058551287087353
4df3a358e7ec87b0,0.02713593926941651
b423d03461c67e1f,0.1585683475138092
8d6c8b00790579fe,0.06361755025689918
75302981ca660bf5,0.12223346079556781
34fae39e3b6350ef,0.06783860394624296
47ee9553918d83bb,0.13554008243693236
525eb09cf01d4422,0.06407699490491424
f285090a9d6de2ea,0.15753446609133692
9a015d0a0e9dca3f,0.05520948372656
5b9ec24c9cacd921,0.08523901229427784
80f6887bba571ef8,0.07263567344130975
a0121be4cb97ee81,0.03562358280161259
98bbb1d875be50a8,0.1609893506543588
d13d14d73f638740,0.08316532625105705
b2c1f66103087339,0.055763607177209094
ed544070c1558a6e,0.07858221623837906
6dd8a5af5647059e,0.07723006287010592
ec707e8be77e5bf3,0.09576147211141206
435ba973814b0e29,0.09386940421235208
a003759cbad0ca72,0.07247248611710189
4c1f413aeaaeca8d,0.05226469478726237
febaa69039e2d424,0.12134113506903949
1a7702c55d1c3c6c,0.11132427579818445
747b48174e7e8cc5,0.041395908723093726
e73a38787bc7abf6,0.07369518859351949
591163e5c881643c,0.15436440678671096
95f08a028b009350,0.034974954157718764
74cf8eff69e3ee73,0.031083149002917032
44639b509c809540,0.08832082939611093
abcf4a1f567f5b1e,0.09981565453617054
987d6ffc23a79a57,0.06636953334493376
e7aea6a6f0d83afb,0.09128164490917778
d9d2d9b2890a7999,0.06800923956324219
deeaee8dc56ee2e3,0.10348350252046623
ed44fe0714d05825,0.1345183519126518
68d0096d6964bebf,0.04791094029539924
8d52d8ee49e4e8ec,0.16000988625305296
b877123e88a6a266,0.07237324304168388
8aae92b438c0c262,0.03281322304255444
40864f11272e903b,0.0440386571244388
7583bd973a7787bf,0.24209085032181443
209764663e3680ab,0.06901843424496275
1802828e130f444f,0.1289237889800201
c7226e4c37f1c216,0.16806119454710602
cd0110875b4d057e,0.08903578236303238
b66e634d66bc8033,0.03385021024139458
644bd7580a1fab58,0.06485176231277213
ceed54b1129eb356,0.06980828753291467
4a02d907bb4803fd,0.03926528271834589
d09af6dce02bcd02,0.037662016754399
c81869bf2ef1408e,0.14771854247953328
455bd62f0c9a8b18,0.16439259714749244
8c648fe7475ba2a1,0.10726219641559125
e7c1606cda3f50ca,0.05600705162117154
386a0c809777aa8b,0.07035116638946597
882d6e6250d5d648,0.11875014973959441
e73fd396a2d7e661,0.04658835978176986
e1293605384c5923,0.018317560666967256
d8e5a75d55957e5b,0.13083259819530343
75e6395a1cc7d878,0.1024328152807908
ecc995a8d29cc898,0.10874902314418411
ba27e43ae6b021c3,0.06368476337479713
075b11725eefed48,0.1455481873258581
16e06a6abad58f9f,0.05513470408603808
039a18d8a9005443,0.22215471000019502
166eabcb1845baea,0.04367315850812651
150f221c402f471f,0.15380378728745192
2af5183224226208,0.09763274645549667
30a31bbf87301908,0.025300425816538293
95c87aa909d557a9,0.027951792919346657
d70eb57711fa415b,0.15996267063418304
9464555817eb4951,0.1657240755224322
8d4e5d5935a1a663,0.029197631741104874
289e3f76cc551091,0.07913427395881684
8646ded190e78433,0.09336324341873603
f2e3c326fd923449,0.04560137573332964
83f8985c38ecf25c,0.058375129806683475
8b698836d194ab64,0.044512052109572986
74a48ddff930321f,0.03806003951363312
79a5efbbc2b4f8ec,0.07706153373377833
6e88ede348b8871c,0.1096301800499387
d98b06d0f7e1b8d0,0.08015883701434082
dc56b06363e3abc1,0.08132105530772128
b5355653b987b958,0.07105287912237042
e5bc532f235bc0d5,0.02846853309739533
153cb69740320d37,0.05484546912463036
30ad5d4441533a6c,0.09798866125614299
05ba774a4ce6ab73,0.1911961217900773
ba467da19b1f2810,0.02447884237174724
9ad04a6b621bfaf3,0.11865630891582794
f605e43b08e76847,0.13183350012568637
fe2d494aa36b099a,0.05256203769835458
1e5a8f5e21430d42,0.08793890058435395
9b28fcb2ee487967,0.24114034274737617
2f1c0ef6d36a75c4,0.06377894160272235
37fc5525bb7de5e9,0.027612743235304757
d6538f0dbb2a123b,0.10648390749803123
7dde59a4542325aa,0.03058898241665979
20c617dcbd71f357,0.05431207034677001
77f00b5e8f833d41,0.13719665822160207
869a14428379a740,0.06119440204170662
5fe5544f8e236559,0.09629397460488964
2d3681cba05bb562,0.20232331683856944
499be0abf97d1597,0.04807481117816664
5b423761773c3a6b,0.19753666563863892
57cfb14bc788cf66,0.12824572388476263
bf8ee8443882eb4a,0.1271401314117113
400e3c9ccfed951c,0.06845159564888174
95c34bd334691146,0.14242837059399374
441b99f616030e70,0.06606262813745926
d6449401e78d3385,0.07029663364950138
ee04b5380c7d4f07,0.17249732472891158
47350f4648bd6090,0.02945300368365252
3d184c420016986f,0.05162205313289898
2525af5583075cac,0.12284738434447794
37055ef29f0a3dd1,0.10560115536994853
741ca2e53f728930,0.19143643101723232
c2060532831835cd,0.10637970765772435
bdf51afd82ed739b,0.07506348517596019
87516eb4863191a1,0.102955561370306
034a25e098498861,0.02958149908980104
2beaa963f217969a,0.2281909418909561
6b03ea3eb3783933,0.04723416174778703
99cd56ca4ca12f1f,0.03935701021977769
42288d86bd56d80a,0.06824324722588977
a5497f531ca73858,0.04992721010867216
6b8797ea062ce398,0.09899547073698511
1514a9ebdc630056,0.08172220214854571
6a47264adc77dad4,0.08259527204780849
4cbd1cfe1be11280,0.191197110143849
555f489d111c7db7,0.05749474653122477
d3d1d52e817c754c,0.03177709042108289
80c2b83979b319eb,0.04318856513424065
b601ede8f1d5ecc9,0.021395569135934572
ac4e394f11848f01,0.15073089642638846
a5d564228af285dc,0.060234930431319916
872eaff0cae2acee,0.043961857144855676
ca524fe71b6054b7,0.07998509366680405
092fdb93d96ab75e,0.028592650972040556
b1224feb365fa8bf,0.056606933998242646
b5883c6e74b0ff0b,0.04165614886546253
7aade43a31d09f8a,0.073681134223234
585ac3a63ccab1a8,0.04664221386443155
e4933222bb492af7,0.10414506211998024
d4fff28089f09f7a,0.12080772867147273
1faffaa35ce84d77,0.09985573571734101
27afb6fd6aac442b,0.03986490840056284
847a053fb85c500b,0.03630790410384646
9ad6971bd0ebf223,0.06661902303599061
a14e1a04f336c6c8,0.04352768588562863
50698da7b2db2350,0.07038824156217052
15655e2cf84c9cb7,0.1488724318376744
ef796da1e5967ff4,0.17391288642173594
9331c7e2dd294fef,0.09090419141723338
b7796a59af546a3e,0.06510735950033204
d9279cd811aae7c0,0.06437028991837693
df81c08c47af6c59,0.1577093902906194
1b9dcbf8b65b1a52,0.11239100956387534
dd377f760a65ba2e,0.13695085507566887
995b4a4b97e53e5d,0.08073112144664246
13b533f79e5a5caf,0.12156577556356095
d4c903b8efe43c13,0.25491824015049525
4fb9e1bf5a2f571f,0.14334652622420768
ed595c03e7747694,0.039338692920328135
73e9645c3d48fbb5,0.02615700501253831
a4b5405b00736981,0.15118382013775666
2a653776755ba7b8,0.027976588570660887
158fa97bf999e010,0.11998243918513986
a95d0a261a3bb142,0.0641203321757884
ea46e88a59d4fe5f,0.027319005759481835
6496d7761a0c6190,0.048826773370488935
6f4ba984b6dc3289,0.06767834290479544
5afad3e6c2fda712,0.04864086309672333
02effb9a084a466f,0.0666881398126111
f43a5e53fd455d87,0.18309404094629544
49bcb75b2ef9551f,0.029992420023169482
b21c8167caedde33,0.01528014960684036
15d2bbcb8c316442,0.031506479633384855
523bc8b194fc69ce,0.06318273101891343
d7b8e5c99743aab4,0.08374678715726495
3ad43bd42075bb8b,0.14489219140717816
812b9840da2dccbb,0.27614679422800087
e70b5a521c308e83,0.13526455735091583
3c45ba8ca9f6f412,0.030023241607058188
7f616f8d83b3eb18,0.0630355640204314
26c592e1845bb489,0.04898734890453462
68d37c0a802b47e7,0.1218652075612553
d8934f60893849d4,0.028304435734971257
2a3dc482e2f9765b,0.08656864474491462
016da23592d81da0,0.03225847905616403
4fdfd4d0c0f506a0,0.1536008858933463
729fc49d981fa3bd,0.05681900616376103
15deccf643c21df1,0.07603665133931163
7daf2f242a027468,0.04230868627058006
d51a0a86350f7add,0.02999796459715735
52fa3a33f632aec0,0.10338602221250204
bb4d95ad5da1ac87,0.09050564329694648
cd23dbd0e165834e,0.044625570882006006
ba39191a07cf9e7f,0.10085272975244326
9ba5cac296310d3a,0.18779472672819586
d322c51efb437d17,0.018876975902446875
3af739b2f776287d,0.13699224555625475
85804c2e9c6d680a,0.03973781200904653
cb0cd20b25649838,0.04991402845424176
12c942ad8a277403,0.09410387024462004
289e502cd91b1547,0.13449205247158783
31c382a7004fe972,0.07213425805371133
d169a1c279a46015,0.5340351092252545
f9b4abfb6291393e,0.06491725271457109
6717d92d92048fbb,0.0953476216640624
469f41c8da1eeb41,0.08381778494816709
769314bb014d1235,0.1155327266194081
ff2e280d521989fe,0.05549381425435512
1d52653d4f3c35fc,0.0307893936934578
4c0ebdf6c9dd9fb9,0.04093038460259089
8e182e2e4650cebd,0.15133232990149456
f55714d17852a183,0.04845538628506211
f2e291daed34f717,0.14321739808921227
2fedf01adbad6180,0.031114518076197004
7079029a20553569,0.10707495823487918
7214daf28cec2f25,0.12551716490214151
3037ee52ce757f35,0.025645343706891265
301594a1fbd58308,0.08717445013389298
971dbbb99046d9fb,0.144218316074008
c7647059905f4dd4,0.033024341985229
796f7cb75fc0eb55,0.17492875497322755
bcf00da3386bb946,0.12259420575955833
9fde66ee9b59f95d,0.0214142190524093
752d3e65ebd63369,0.029555853645846158
1a6bbae0cb804476,0.05760372252704358
03cac4272e7b8e63,0.1316585149479475
055fecf2717f29a3,0.12312589383990141
a2aa85d0e1bc4e6b,0.06256611829484837
ef9db57cac44e529,0.07403217833073478
8c91442db55d9d64,0.09141279497051392
7cfa3fef2d1a1dfe,0.049919538843258594
56ede8d9842e0590,0.052589224947555156
fc74e63ad196960c,0.2573206734817471
342867ccf7337815,0.027254093470075763
866f7ea3c4be20e6,0.0778333666788325
f45494a74c712731,0.12405230929048035
414228464c8b74af,0.10374525368573966
e4a3f7a35452e28c,0.12645473774721105
c1eccbf012d9a361,0.03905815006018199
a715e394b41f3a16,0.029388291507623992
26a24b8218ee00b6,0.18458688225145684
db4b58e70acde06b,0.037619619166062886
deaf015c1e137149,0.02780278155218067
9d4fbfbf523a0472,0.24175005737625557
ff7e2911a22e8008,0.16321882148115072
30449ce55b14d344,0.03219340219950897
b930073e02948360,0.09387547113220145
9326674b4c828c15,0.08461087899058577
a9b474db35164846,0.11045165635674377
9183d88dcf308c8d,0.05220819507681362
47c8c6f64cdc0a43,0.05298467751539896
2ee4722095033329,0.07812948322055488
cb8a02ecca44027a,0.021465369830446866
1925e9dc63237314,0.1027649841379669
dd36f08b99fcfa16,0.23197146147032796
9bbd43f6f760c243,0.11429055266139304
a766359aef66a25f,0.0858112855696944
4d10a4698fff400a,0.07883809454530451
44a6285639d7fcc7,0.11323145963099833
a64ce0de598f4714,0.12110370966393667
8c887a6a554fcff6,0.014822505126290983
ef3f3402f7530e37,0.02425378868996124
e9cf43bab751f410,0.013922377034669003
1245634a78a3136a,0.03215363780037619
7c5ed75e73c20133,0.055945943611099856
ff7628423503cb61,0.038973445616218044
55df3baf4cb22442,0.028504811059565757
20497b1ff5df51bd,0.1441953918101833
fe1c1e2e166d6943,0.08157997252637547
0a6a2ebc3b004ba8,0.06893064236365805
ba16bc573e1d9a6e,0.13635631083031044
41ae92fc5f37cdc1,0.03844225768458536
ae05071f58d92774,0.049760621222656044
a8d4083bb2383da5,0.14109898321625394
92cf17c3d59c9b61,0.027368110003092805
f591caedceef4268,0.03598828647899864
e3d006785a8a409d,0.07005635165998417
dcbc913499301796,0.030657162077939518
b630e1af9fc1f3b9,0.12043938984268558
7d6a1e459131bf25,0.16014028936935223
5f891649affd8c18,0.07591399604520928
7dc102adb7ad6667,0.08252817506787687
1b8c16064d0dc4d7,0.060314404513649465
8e5286a9c7d73ad0,0.029425689596855112
147e554cda420ba2,0.039145325813102004
18517e2df9cc10ea,0.06837540561086713
54ca2e9aaea55320,0.5884641593795017
a923278148853286,0.09423707930660236
cfb35f11977c3be6,0.0728037333362669
aef8a4667274a47a,0.02692446768676886
2c51172cc4d5eba0,0.03417762927430417
494446d84318c9ee,0.08499228411989694
aa652d97612fe50e,0.023406580689842856
baecb9e5cd4b2907,0.13801957058324782
c29488c64d211da8,0.05549156356786746
28746b4c4b26d721,0.025474561774048898
8a45d03fa3989bff,0.06881835741411885
462b3e544fe612a2,0.09548271650825409
359614f152fbbc2d,0.06802856867538651
5e953db789137f0e,0.1277352892169014
2a99aaa9555b3dab,0.11601886857540437
aa37a77bc447fc0a,0.19553490525977524
8c0d7f3ade155e48,0.03133864305386971
45b05dd1071039ab,0.35882157226368233
7e037c271c23576a,0.05412211682344895
9adb38d0576dec06,0.10518827384668177
532c84dea557da7a,0.1215621980363235
6c302b9662d3b5c1,0.05871472333418657
666231af023e8fd6,0.042968213493097866
9c06ef2fdb037a79,0.08884004778637404
65230a28464587f9,0.04748980650746964
b3ea4baf43182919,0.12447613353523462
c1f297271ef8cab3,0.037159502992078604
7c58e1fb77913d4c,0.18177064545563523
00ece1c11b40f8ce,0.0215015142172741
a820b5633583bac7,0.14861571914333824
b4e9165d8e2aebad,0.042667061635870605
85f20d358a8d6ce8,0.08932174752050559
148fdf734e431091,0.06057443534815061
67708062cc529759,0.09208343513855506
d764e50c36756862,0.2413134934517097
dc093657cc4bfbc2,0.07986364373993844
08c0597e111a2388,0.0991661083732978
58fc68c0720d8cbe,0.057197224448419876
387b7309eb20b505,0.10513770566484602
cca31a05a820ea88,0.15352094218542991
be7e5b7b5839a348,0.10093164507943904
ef7aa159ba83917c,0.10703468766843298
3dbaccedf2355696,0.04034679199625018
3774263bf5c9a393,0.07210850937595333
e830f76f4667709e,0.08244267617844865
c96965b10fe9e8ba,0.025647867238009752
aea0b2d75bb410f5,0.1085010085427194
892d778bace3f693,0.10570456443686248
f46440975132762e,0.20401758007345572
6084fc419fc10f1d,0.15588693293761768
c6fb1852daad742d,0.05545994309176996
2bd09ffffa247f82,0.0455539803284277
5ded576ceda86075,0.09383534990696464
c066afacb3fe3a52,0.10945395294723666
21e99c194e94917b,0.03015191220389622
7f4eef61767e4c67,0.023311612480198418
dd19efa057bdb4b9,0.0380518100607439
2b309ca794e9b11f,0.2332876300190836
8428fd508cf86cb1,0.0847476092848648
bd059d7efcd14494,0.1203677876914474
7fcd9aa10e5ab5aa,0.08283856805652634
9398c438c5fe8b90,0.040034807920620995
7401e49aee3edc69,0.09003537581441153
0520f17da71602b5,0.054226765477499383
efeb31befebbeedb,0.04153920141035536
df3fd48fd3b3331d,0.08547569556729877
14e14e2218536077,0.10554846633345642
1f92d25274d4f038,0.07159561649948847
7170ea34f6161e69,0.09031136223104445
04b0152464b775d6,0.05713924490714616
7653ee403f88ff26,0.08299813266261502
ee84092d5d680f67,0.17017829602288068
c41b6329fa5e7012,0.03335386993054811
1514f652f00c3b36,0.045479569859879526
0c6d11c69bcc6f46,0.05948592779172435
382f75d2edb9f457,0.13833948293424078
ab482dbf08ad90d2,0.09315064287006275
5ecd94cb7901e72e,0.04880261616694981
176da975d008461e,0.08383999405284644
882d984b9b9d8fb6,0.05679965473570303
efecedca199bc74e,0.16294754022238403
5f185fd802f0c00c,0.08659567201396072
b7be75c69ddcfdc9,0.01958796338914188
4da0a9696b2e9612,0.0492652937521492
755bd669f9bccb8e,0.07383629944000368
dc744a1038657389,0.05961871609431111
f5565f23a877bd69,0.09312411571556799
45485cf629983a40,0.19334283369033592
9d8248668d721756,0.07753980888494862
7e637102a104b616,0.03571613978404046
b9095cbbb40751d4,0.16388015859612734
b6f5bc351054c7df,0.07562246279008968
d08fe94fcb0dabad,0.03838486141233615
edb4aa5de0832a92,0.05588303929029914
b142c9c1185e5f66,0.05107040127173788
1473309b954d71f3,0.1353178991586136
b604a5e504b627c0,0.22445919600048433
d5d6a72d9d2c827c,0.032994425006269874
aac5a801e8926a83,0.075154570465973
45b600cd20830ac1,0.12590668638240596
8b6f8e193f28c495,0.04629014032326469
9cbdc55a60ad3994,0.025936684105449387
59cc8f62d55aab98,0.021171367843933236
42f81ab5abcba09f,0.08054633639985398
758524a5d6a74122,0.1109286765618625
0acada29c4de07eb,0.07963998220534736
6bf56d0ceb2c1ab7,0.034937939921755395
03b29070bb68828a,0.02732043483048316
2f553bd8ba413efa,0.026655868794252597
c3ea0fbb29a15317,0.0699339445606349
797edeb1c8a9c95a,0.06639533940367419
beb71749be71fd3b,0.10869156798017161
c660714dc6059849,0.060865654934215585
549961b37bef9764,0.02525855011690513
dfac78eae9821675,0.023853814190044623
588c204b822eb2c2,0.1118933501036941
e96e43deab9b69f6,0.16533847130497417
9c9a726ae65647b0,0.03350693857127852
58f635ddafc61c78,0.2770923771483558
d40624f11c720afd,0.147667975964634
73575ac328053efd,0.0689696310262768
809a4127b076294c,0.23941754783877012
d476e643d990be24,0.02626618480296573
4d04534027759be4,0.06443320805129425
72c2c7664c8294e1,0.1306433146082775
d3bea4fa475618cf,0.08275146383199637
7af7100957117fae,0.06412089821013438
bfeae03c16252052,0.047345111340228264
dab19b0b61104952,0.1676971638677522
8b72f86a4e6a970d,0.12896714036155868
c775b6de816c5092,0.14745040501718196
0de6dca19e114646,0.07109200478684842
0ee2b0fc31b7cbb6,0.03869490628480616
3363b132efc51b9f,0.23560706521307107
ee924a0428a40a76,0.033255883108162326
ac3726dc72e71ad0,0.08362925289954916
374584473bf4cec4,0.05292441214866125
e6b8e496d903523d,0.0744920655177846
8fe009970d6cbeca,0.03423041258466816
b03e574c8770e9d1,0.04259353976104322
27905f95e6931f22,0.06407215045978727
8099a0f72ee1a1b1,0.04525066601251476
5fbbd8a6f4ba3669,0.03768613163162922
24033a02989369f5,0.14125561529854874
223faad452bc6598,0.14465439354768816
c5c13adedfefc67d,0.060280818232531584
ec24ebbbc53f73ce,0.0314537763174197
3a3e4d31cbad45e5,0.034722017496327584
79763f9ebecaea1d,0.10246601598526679
46806e41926c192e,0.09946900466056176
a5cfdf6746ec5cbf,0.13448260329717612
0ddbe3ef0aed551c,0.04031505581256468
b641fe7061b46442,0.019805543955483892
be98835c447eea49,0.15991898581356168
98aa4160c7876f0e,0.18443775699216977
0753638b45dfacf0,0.11431498384617393
e938301ba66e78e1,0.12461453959112267
64b695db5b68b91c,0.09764594371308936
2797a5b06b8c68ee,0.03289694066249164
aee53ec38b7eb6f0,0.1440672173099465
d59b57f46a383c1f,0.07954949014766344
8c3a505dd927009e,0.05140342380785462
436e01defb530baa,0.02044130656190681
2f54c0acfcbfd646,0.13420490427373336
20f15dad96dc92a0,0.03914278696430247
8a16a230e343a296,0.05576253108686355
fc511072e8631203,0.10699307868445618
5d976c71ca9049f3,0.11679377151270405
b207e579713d5841,0.620756954699225
ac03eddc2e2fd2ca,0.13762105162817714
6b1e6ff0118fe59b,0.11949464401022629
2cc92c1f6bdd93d0,0.06835661230297332
f651266acfce6c0d,0.04781039168584439
c3b49d19c43acd64,0.038929092186661886
05a27ebb8a82cea7,0.4206284129824001
f32c511446a68874,0.04566043016063328
108d6b400d52aa73,0.12529413895058933
7e3cd0895bbfcd9e,0.14392525894642064
2245ed07ee31662f,0.11384821977619664
c81aede118be0e5a,0.06811964374740977
d664a113973613cf,0.07372400659779989
2899dbe3769e8b1c,0.07294768364058042
164d8c33239c5511,0.10615289661766841
e753bb93c30cfba0,0.1374798288591845
4493eab669361ba7,0.051916847428227934
4e55ed26dc79c3e0,0.06898135288263484
1d2f7db4504f10b9,0.02814260013823368
9749ddc8b2a3a385,0.03170692615052962
9aab93db4ffdba7e,0.15177628445552346
88558205521546f1,0.06751811129118719
02a8e05f667b2fa4,0.0537398415865994
f95b0bb67413dff1,0.10353834235170022
b821f8fa7a26d286,0.03908571312617839
bed1456aa64d60fb,0.13094348358938676
685b1294dc5f8cbe,0.13755269607950027
79a0510c936f5eb5,0.13085790970684488
07f28f119366b484,0.04719286439456553
949af0edccb8d159,0.14733281825121317
9965f63ba2d41ed4,0.03381056570175127
f635cdb577ae5471,0.11877620043211333
6419d144df4c87de,0.137009299290652
bc7f2dd2340df372,0.02056792211019445
cd35e912794bda2e,0.056584160296512954
abf3b6dbce73db98,0.05101044478714282
4eeba8a4c17e4351,0.07704279610958668
f612b9af4ce98bda,0.1554720926664291
d8120911733689b5,0.050858497600949217
723bd2532e39f731,0.07724765182447647
3889ee7a1f5fd62a,0.1045706792298897
66ffb196fbbb4006,0.04556443067832514
53a1c51ae93d0e81,0.10283812640235764
0a4f5ec5f9339110,0.03638885125516983
34416b6b8b600a61,0.03810437807327587
1e0b561b5df0447d,0.15340273071911723
43e848bf56ec0bb2,0.0865382395324243
1ace2be427eaf92b,0.041170864068633066
e24ea459233ec078,0.1888978384259611
e019c487befa7761,0.020870898658321535
7734ddeb14b3d277,0.040982191042094086
1961aba76570acf7,0.05784930060660829
276265c86a0e2a26,0.038512428716292506
4fc5594c301766d5,0.12494424164730085
bfd20f3d76573073,0.08146070154166653
8526753e065f5b50,0.22851220105590156
5c03ad68783d0d61,0.03201016537891828
9c83e80d019e0f5c,0.09869545225506617
4e6019e87ab5ac6c,0.1256462357201336
dbf6023ccc73b0e7,0.03185945443481968
fb35b29ad551c9c9,0.04828312082368263
3ab9a4e335cdfda6,0.06612275719030464
86fa9d51e632ae1d,0.08132843300039294
ab30ffa9ef0220dd,0.23850000988798445
ebfe496544b5a6af,0.1347568141122141
4cb026b93d1e4edd,0.03990578671701039
426a41478cfcfc22,0.04991570848989626
3e16e5f885a5764e,0.0481894447108133
dab52f137b1ba008,0.16066448309860717
a7e545c29eee2bf1,0.05106102097304155
6a50159c50f7f9d0,0.029123064189823387
ded3c69308607da3,0.18378343600023114
921388faeaacbc80,0.23842121221241475
8c90e1ab4a546bcd,0.06735725628829513
31b1827fce88917c,0.035804664665877665
d97cfaa40be224a1,0.03328623509075114
b4dae0ea6d15a25f,0.08568078404514867
ffb033e54895ee3d,0.14188964877373553
2b625e5d9c22b0cc,0.04993673990682551
87605745817d0ffd,0.01654766763880176
9717417666a66daa,0.04284998806580096
3267d4ecd26e96f1,0.04327606691998296
3399800c4f113d8d,0.09715529165774972
f457366f48f27702,0.05862625358330551
5a6c4f9b661a0ab2,0.1215514794241737
76628bf9d8b6b0e6,0.4463274107027506
997a5333179da7c1,0.04574416849239341
044dbb2023ecc53f,0.21025818897038304
737497734f709843,0.160599859437773
fc7d05c3ca74b0fe,0.05747940385345566
f5b74bbaa8085255,0.06198824984432492
c1d1e5c41f539d03,0.10690295287705613
86f9c72ffb536f2d,0.3799171738633685
95b9d46eff640109,0.05576866446814501
3aff516939a3de92,0.06275719900659694
23c1d6b14d960725,0.0334086989212321
0b0950c974175a86,0.04824650930529178
e94d8ce0ed816caf,0.05625603564082075
037bc4751346a482,0.12314874747235562
d43c5617c5e69df5,0.2968625887564741
82c6f27cdcf850e2,0.1730505098108155
7652727437cf5e6b,0.053496289618954106
86f089e7c7ae0d75,0.05688009107374031
b9d7751ccd00d9c9,0.17340692387689818
0a079836e9e1ac2f,0.0619371210842275
90461cd0e33baa56,0.11295344251878937
825b16c4984f4382,0.11160490189855458
9054cbcd60dd433c,0.06577484606956095
770e4ea8a1273a1c,0.08697376453150611
518ad8ed2ff052f7,0.08904815027457576
f12c4df4f05fb6c3,0.04541708084502386
95a9d1c987aae5f2,0.10846026101515521
1d60b64e1441c91d,0.09478358249977625
84ed70c1cda568a6,0.0860731329684901
3d6e8f3a5d06c7a4,0.039526404540664375
eb1779538632b044,0.0376412529693542
bcf84068bc4b5615,0.07255425681054732
3dceaab87e5bd6cb,0.08119472587696053
c86b418e43874d34,0.09370793281282173
95397751cf365c4c,0.09573887421169969
e80b64dbd916f780,0.051382544949198215
d2a231ba481924eb,0.09110471243172787
e86aab1a495bc94e,0.02328592946838835
4c088c5147f6cc2a,0.09227681771267682
746c9771aa5c751d,0.07197051399658458
90005adf46be6af1,0.01726872010723886
78338f5a63e742f5,0.10659284844283184
9c3f2d29681d0d34,0.1222942797899252
f93fd851b68279a6,0.19870893933499056
afed2c838b247303,0.17185141326650077
995d752a3bf1fbb2,0.08587644116150865
33609320e5c7578f,0.041427911750069914
1ecda15121ffa27d,0.04852182469963065
47b2accb2f516cd3,0.13589963019294057
5571f2482997d163,0.13414927018269462
32897e94a9feeb0f,0.2001068728448608
3d5fedc7f245d35f,0.059232720124842826
1b4707947519036f,0.07540322208497831
3cee4d33cd4686de,0.07563453071187475
155f6d74191258a2,0.11625536801418197
3ae6a0b3d379dce4,0.06770895045429971
dab9de12664f7b0b,0.07857799057736504
cc73e04980d2167e,0.05725822172312711
be7f0f5d2c65bf06,0.08708898040109536
dea114b428048ebf,0.026985038221182017
deece306851a2a78,0.07712420810281105
d1ce358b8f732eb4,0.050070553891952335
e025d916d395fc1e,0.11404760966368128
f50d9be3d733fdc9,0.04899819265606078
a6c0d8fd193f76fe,0.07014884677495824
569e045332c790a0,0.11222780416489314
977114ec6d208ff4,0.026673747576919333
17faede0e698eb93,0.06528057698167788
0610c3287750d822,0.08739777917262544
58e6e26dd56a60a1,0.033111257508152574
bc263b5b32d9ae07,0.03594473302877776
8894323cc5f185da,0.028366366079036708
e8229221a1595393,0.043584192713844026
63c589b1e27997d2,0.12191245595843507
fe21e0f0344dfca8,0.11264739627109778
7e0194535136acfe,0.05548019479859958
cc859709caaa52f9,0.028702196392506995
56e7153dc35c0573,0.03425997545566751
c76e1ab42940cee5,0.12305567746437511
2ed46ca4b8d10516,0.08949444843063013
ae2f86a0a6c3b696,0.07113199611467304
a05d11d463a21a32,0.043029801477171246
89e7dc0647f4db8e,0.1574022351204153
80934ce845013628,0.0754334031789209
f66422247e89d830,0.09180014206242444
b0a301739cfa2228,0.032539608274507005
42b93c5a8b628ba5,0.059159166523392176
f74f1673a45ce9b3,0.08597298004772118
2b76aa4b82e23768,0.06437949502381958
0d6190a27ee0d6ad,0.1571729091848715
7492fbffda1eb950,0.058839454455036355
35355c2d5692cdbb,0.15891258213153367
de976dafed9c0fc3,0.10727713943976985
e2601be919261723,0.028316631971570538
f56a91dde5defb60,0.060423327100184
1a9c207021895aad,0.1413338194179294
86ec8e715d2efa2f,0.08930562669086824
7762b73652848f92,0.0739438682222913
ccd34b74bb18d71e,0.11571533875873945
eb6c259855aee52d,0.10293271449725418
7bfe956eabaf5f10,0.06446155913717017
38c6063d22fa4f9e,0.14728546063328893
46b7352aa3c8a1ba,0.11224417319706897
049fa3f6cc3a62a7,0.20719231933836701
5f77b44deef47d28,0.030641248175774582
27462f3d6cf43575,0.0626945409430265
ca854373b937b419,0.12789123269630823
1f6eb5f2da254111,0.13480740153747967
9262bb44aa7937b7,0.07244565053376016
d81678051b65ebc4,0.09555743863381329
0edc1ad07f4aa86e,0.1671864890112227
a8e836b90034f123,0.03861199426992753
c729d0e49b2411cc,0.3997324191260006
db925a43365c86f3,0.08621464240244159
1cda28c15e8e4170,0.1450655792882807
ef5a97a20c5118bb,0.19592455804582562
4b990b98ec734989,0.14366804444453043
a96f328dda3bc98f,0.09578045049455786
b467b21cee5c9a57,0.03252984724203661
8c1694e84b06dad7,0.045392020882073815
7b038881fb7ec965,0.08952299492157419
60e46ceca8ca6531,0.04238800016092198
be2e51dc6bf61727,0.1442696538730207
f1063bee63d2cbd4,0.06530826594982862
1a3d53e660017625,0.07308308278047192
6db1dc15ad1e28e3,0.15452734893408263
34f0bfc533c2a23c,0.08058559102789221
76e738496305310c,0.07690061500214847
a76e95f0a09b03d4,0.02237176886633513
6a0d13d3e413c0e5,0.028968066023826775
e002702b095c4d9b,0.057293643681494665
435eb85f778a69f5,0.042169280802968535
5584a339491f1a03,0.10695051636897257
9a06cac14b623965,0.08844593229493221
b199a982f9480beb,0.21947774862162275
e32add368c6de44a,0.05083364560324744
34824decbc66688c,0.06558997459505521
070711d7fd9b7ea3,0.10526315219603583
a1656b509ebf749c,0.258173217945539
ee96df140d42129a,0.38017245845807174
09fb51e0fded24ab,0.07491562980437959
77e04872ab10bf20,0.1178093318316245
6b34ce0940c8c237,0.13611913971240971
8b94f16483f351e9,0.10936056316262018
a7d4f13860590306,0.0247706061113841
66537bdf81c41f46,0.18273673468788285
3014fd36c07b8950,0.11001676759935576
789380ce86c031af,0.17662682893269024
dbaee9defc780591,0.09618016726647317
bad0375f198257db,0.047545170602761457
a7b766569c6f66fe,0.056850616382758824
efd3fc92b86b90cb,0.07739525600199505
3ca6e7825d948c12,0.10743483861353831
5c73fed8f1d584c0,0.05442762091043948
cb7f45c4ee30e84d,0.1162526752005492
aac70ac68209f1cb,0.1448100539678927
fb253a15132c7c36,0.09708447878667288
4f1ad3d1864799f9,0.17724486206215517
06cc890b7c3abdd8,0.03260420624018922
48f5b50b05af6685,0.030201022555102403
8abc163b25fe8f16,0.02916262755014003
5220ee550d303425,0.13912655830687262
8f7e85307eb35706,0.08886344835365166
dec525eaa4588cc8,0.13772534626776026
8a7aa7c3acead22b,0.09053654289231249
0618f0627df67711,0.12028988810600043
5d9929a965640bc0,0.0728867762223873
b45f8124eea44b5f,0.03771494234698782
32e371f83b148fb6,0.16439731810621633
83b9c322c9febec6,0.0819704783299136
8bb4d82df107f45e,0.08791268111193119
cc28d0d6ace393b0,0.06895813980803402
29c17f03906ad1f0,0.06061996134237635
b10cf30c243ed8c4,0.18994062849370405
85c180d755530692,0.040071999055612297
e9478d4c11f48523,0.019939584557285464
329d63bfe65d67f5,0.05980864785781224
4e7c7fbcb6fde9af,0.02471340641842827
1f2d4ca7586d9ef4,0.035350966465544566
04ff2418e503eb55,0.11589387973322608
5807d02f74d22963,0.12060875342526445
23aa15ff2408a5ed,0.03418036647985523
5c3fe62807fba6c3,0.03458280715355654
c97a3c1357c537a3,0.12491719180228329
bde91246f16123d6,0.03244639186568447
dfcf3493677dd9ae,0.02647374386409079
4a0cb390212d6320,0.12439736843323769
dd48f98a0e7c2640,0.06420674642543964
21669e26853a5beb,0.11257430997043251
c4c279dadffc28bf,0.12923368938956037
27f99b00db0702b4,0.030699499113350587
823a471435809e0c,0.16129117373556182
36d9872df73f0208,0.10207204612665753
69b691bd3b11f565,0.08113714675462029
051aab7c376493bc,0.019250547879868563
897a042cdd939f4a,0.25511230419522773
16e574aceb37758f,0.1652194070996765
7acdad670c7e177e,0.10745856545692306
af7211a4b66028fa,0.03697721306369987
3b768875237c8195,0.11425547157273831
a9e4e55b286f1971,0.1124124008255797
1e42f2e9ad67815d,0.06660304477980741
0d527f8f008f8efe,0.021647514844746446
4c2ccade1925c5d7,0.08243022264453505
b3a98dacc0702405,0.04627296035447536
9b8e0f7bf05d953d,0.027647192576877117
7968527b42656286,0.04348669954229082
caf14438584b43fa,0.02712690115338767
31e140000e0bf36b,0.061128874335341955
336acc52a893cf2f,0.07107365236606622
bce6e39fc4407c93,0.033497182395159704
d5e58bdbf23f01f5,0.041034365885677694
1ff7a8ec347ef2c7,0.04296488596609887
ce432d29b214887d,0.03845856203218283
44e820df9233e162,0.10119184234714422
fd036d6641276c78,0.05925624131050008
45c36909115a7b3d,0.14011434474369275
0c18ad3d4c7f25b8,0.12470461320581422
4502d8fecdca43ef,0.09822924052535735
9bf5cf3ace55851d,0.058963186262043776
0e04a1cc15af0b5c,0.023913035216132073
86bc772734133e12,0.11573798770210819
76fda8694024d3e9,0.1428847738878228
d244839566b6672e,0.07624285840088142
e165495e76c8691b,0.06763516602285478
18e8d9f4f0ed1ffc,0.04169534595477583
c198ddc9a1a0f0a3,0.03083585314418662
4f15b2cd5370863e,0.06803319045558424
5b71a33a75b4b41a,0.23293309169016274
85211a41d91dfa68,0.10024834264107098
31c3ad8e554acb99,0.07455146037659004
f05e3b467a207ea7,0.01606385148092519
20eea1cacbacd917,0.1287783175720042
338ac2331272bb7c,0.09882776428133078
e6740f272d44da83,0.1534087679377929
9368ba44560c50d9,0.08368664864494517
18e4039723086124,0.09440964591955177
c935d65cb1c5cfc1,0.043184872316049616
dd819f141dcc8319,0.035805004474195
90488975d041fada,0.08319953502159279
a5aa463adede1f1b,0.10039911505155219
872ac9ef6cc6a618,0.035116434686661695
ae4040a11f651b1b,0.07494212777129677
468c82067304eb0a,0.12512294349451647
cb460a2bc70974da,0.034469354694011974
366ae30bce6f5b98,0.04883963496792123
7638518d282a3163,0.17391779621591583
633878cd7103f469,0.06905267488305199
73b8cda0da8e3c6c,0.08107202892485
b24a01610939d7fc,0.028165750055174178
99024e3163df7833,0.15178909423927325
f67fd1bdae4a88b9,0.08277956927497003
bed6a87757540498,0.07143988163410724
97afe9a3ddc497f7,0.04708008939841261
dd9f348a3e019188,0.08848257675089337
34946df4f3dcb0b6,0.16309944893467118
9444819c9eb0c9d9,0.17226991481607493
fb4483e1ad010ba7,0.022891500427659178
00c68b30c299654d,0.10192794027490693
72515cd3d8b3aa9a,0.12330150683588519
908510f96be347b0,0.13525874438002475
99a21c81b1b48573,0.08413078044001045
22f68a423b09a5d9,0.026012561657196176
e7f04cb37080c9fa,0.016797570762974116
dc02fa202a12aa6d,0.04534486053766734
10d0b7f586529eff,0.021260465510227606
ffd7b011eb85f998,0.10270573703691765
e621dd32e1b264df,0.03773986931224186
4af1a1f24964fe8a,0.042593635600837565
811ce0830dbadcca,0.027185020330271075
19f0e848aacfeb93,0.10067440650133741
8d3f02ada61029a5,0.1441837026535394
1e2a07a17f935db5,0.031295650391504885
32328db851b10b18,0.050064704749224885
9ee145457cc792ea,0.20224918406620854
ad8df560233793e0,0.03770442672492467
d22762aa0ca69d56,0.08704466331658244
f8355291593dca46,0.18752087553928856
0c612654e51e01fc,0.02606086647500605
ae7e23426e25bea2,0.0290190653013388
e009b5beb1619a81,0.14751759878150114
520faa13a8c7065c,0.1582172770436611
b5f1a39aded71e0d,0.02307257958014901
de6cb6bc5b8d1640,0.10351208737194428
d51fb6ba7bb6913b,0.16579082929137498
a1375923af03ec27,0.11289348363243362
8c4b7d8e2bf037d3,0.08853888597676185
681405cfbc0dd97d,0.05940813689770177
992164c7365bc333,0.1366769007684994
4814a10f30ed6822,0.08361125730576142
f125562b955f34ac,0.06268695493092213
8665c174c23e0232,0.048374377382198325
c03010cc5ef028ec,0.20816151892335102
d2cbd396091301dd,0.0476641526104118
c5b700f429ada2a9,0.050770931339191666
07d97ad7c5757563,0.030902287918084765
abe88bd25b74cec2,0.2578498415825322
b5242ec51fa10803,0.04805968489258846
504c204a4b07adc1,0.03920760980125683
eb3e885ca8381431,0.06793138762219104
88019e77a7570235,0.18081917295089334
4f5b5ab494b7fa3c,0.09258571061511722
ff857c8685376696,0.1332907049691021
c97ffff5899cdd5b,0.22832721383338273
06d8545946fb794f,0.14001284482727658
86a18a847664c8db,0.09475042368409593
236b7caf60e83702,0.03982939209060058
b7362d1c5e6ea485,0.06689155223611752
75a194abbc3951a6,0.1415243290622236
0739352b03f43601,0.07298480756837902
d5fb0ad6dfbebd36,0.04704601906917044
ab3267950cbf32e4,0.12764437941064574
061b96409f1ecea5,0.04186110972048792
77507cbfe35570ee,0.029519486134527873
a36af5b550eaa873,0.06909016865169701
9ea7c406af2ba7ab,0.12571488305472617
f67f1e53508bf00a,0.21351829399605068
c1e4dc287c41d581,0.0351227349235903
a53a53e86b02f37d,0.04393491602684882
608291782c527827,0.07882106796027895
d0ad07399c84455b,0.081566731102644
fc8986567718f61a,0.1929973924494716
5dc1fc6a5d643435,0.10987634611067637
5c05741c61417dc3,0.06512189831437161
d702bbe78e1fa189,0.026158168757167
e781540ac8518204,0.04589547812384929
7dfe0b8686f2f32d,0.10644527230543872
150a93d31aae72a3,0.05005601293304671
6eef12e9a09066d4,0.18348925723515905
636152d21bd16667,0.1440703479576481
c7f6af439da950c2,0.0323738042280799
27acdee466fcf485,0.5496563174418718
a8804fe9eee0fa90,0.02688534766620769
6192ee4938021f38,0.18257640983228973
fc02f9550afeac41,0.023093749540232158
7c9ba87d30178a3e,0.18767713692769727
a17444b2e1cdd78a,0.11775464767162269
83df6fde56cebe4a,0.05072046989404688
b35110acb0de3b77,0.14088938742775067
9fc1dd40acc8bff1,0.128699510960645
0c521eb5fabcd49d,0.06270472613913099
e081802079fcf55a,0.13798357670540615
12aedbe868f79776,0.022676765344396863
be8a2586f0738799,0.12312753503724967
077d63174223dbbb,0.04022185142237417
bf95a5f9268fccfc,0.026831834954284026
51ac7bebc69eaad3,0.12871891634246044
823b8b0cbed56665,0.09569019417040005
7b06037a7dc44eab,0.28824685397387956
c3468f13ce305a3e,0.2089816853334304
82906bbb278815e9,0.03364781414058642
26d93d94ea19b1b9,0.07259654478926969
d59469ecf7c3bb29,0.07052097864828615
7db5fdf7d9e7b81b,0.0932922526016744
251dd43cde3297db,0.08122514932092975
cb1945985d64f4de,0.07875724191371661
4eeb92e907af170f,0.09017205868429366
feb8fa429dd67ef4,0.10372139005842813
4de67c2419537ea6,0.039386918594984985
538e4f56402af36b,0.14227758319420275
a4cf878441380a52,0.11879070560645318
96be7b3de04ff62a,0.11427990142222395
39c3d3887c8c1a94,0.03349726536830177
1921999c1eb2c5c0,0.08664813438392101
d57e9b30000ad4ad,0.12326863795860528
7c4dea060b3cac3b,0.14880652591305224
b72576d562bd56cf,0.14794390759102197
e1b21c89aa287e10,0.04860967562478099
ea91d426f07b035a,0.06094412992666498
e3fe0ea3b0e68165,0.056215790059872685
733a4e55740edd52,0.14666374400391638
e3ec47884acfc533,0.23028935439739487
8b4fc284f4d71fb3,0.1263284357250518
ecc8c2db5ddf594a,0.022838580284531253
6a2e9bd8a0f89c66,0.10658636118956148
330cb959caca2412,0.16284520331285315
d9ec4fb651c85ebe,0.059025704514702494
059f9fe46af8bf1c,0.055875661386665186
3a4738e51c5cab59,0.08703408965593688
2defc05f8aab4fc1,0.18225709929394152
5eff676251527676,0.021944629133393637
fbe244ca19447d90,0.09622637866148614
6a795f7ddcc9922b,0.03207485052584478
31e47d59215b37f6,0.06426076695404766
dc507cec24e10ba0,0.1406998122984764
a6bb01f0933df044,0.02877722565194629
8d856f853ce1deca,0.07116286705865195
6da96325a4517519,0.08787271635850902
1154f92cf57d2532,0.02393771327683149
f6f5511b39bec2b4,0.04017936947345579
52b72c128d8d91b3,0.11336727394336664
75e7fc7c7ea0f472,0.1066024576548179
197817ba33606b5a,0.08171432011303269
c1951ebb86cb1446,0.15202621286277113
c4c41b18d788438d,0.12922873118428466
aa26bb9dcc890fe2,0.12348020332419692
c2c4703ee4c876c6,0.15751146553935522
4c5d7e0beffa310b,0.0306815049351425
83c908bdb66cb2b3,0.11632955430189247
f5402da16c14957e,0.05686981511477667
2ab80ba80d56a41d,0.1052543461242799
1c6b71fcf804ee07,0.12755749437655076
2f3e4501cfcf6dfb,0.10206686344195252
e6dae542e381015e,0.03671612512068822
eec4124d10360067,0.03355965747125555
9105a2588a4a2770,0.10343191335088926
130f75788d8a46aa,0.044593094042476515
8835b5e539659c18,0.11044301034447292
d219e6e0ab855f68,0.09887113205946185
0723230fe86de14f,0.09799914307575254
e81853b0b0f8c271,0.045406269500649084
979af46a1f611253,0.10920091683317189
945f78f066a99193,0.09596716344560823
9fd22540f39891b0,0.03139240533222002
2631c1e94bf99eb0,0.14830926818831847
41d6c34577272404,0.04804467488759581
13285c2b73770aa9,0.06544654583988031
1d2b2b68357f4992,0.0398754034882945
5e3172665089f4f1,0.15507765668676143
9f7be9231e3552f7,0.12390550585619796
6e458ab88b4204e1,0.03217268128755912
10739a7eee3e87cc,0.050011558286648515
a326839f328dce7e,0.212054621983053
2e706184335e4bfb,0.17986161647973234
e10da35ed5233e23,0.024955024074845983
85df2a159bcafca0,0.11179265327365595
7e459f89aae58555,0.05400429890658796
c5733fd52fad180c,0.14271109403689045
d78be06de4424dc7,0.024045587631406323
af782e55eeec3b26,0.1741744945541556
a5428b7d3e5eb0a2,0.05012432283822427
8d920a6bdb004f92,0.21508288371462525
f4be0e405024df8e,0.16033034458756035
d5059f8f88290d5d,0.09064846304885692
e368d0170d51ce4b,0.09240723188533499
d8ddb30bad626df3,0.047575951017523904
d1e892e5a070ad3b,0.04371187749462118
8a30b24e45c8dd56,0.080792155184757
7616820e7f2f060c,0.026664943431561932
35bf1de33ef37b4e,0.20239603990815755
7fc73341974a9c57,0.1674098680061384
9f5bd41b72cee0ab,0.04527971925523703
44e5daba8a615664,0.1281850930517946
6a29aa78116608ee,0.1180451033345467
74c36fa527d5e914,0.06766416514066069
65e5065a97a00477,0.0758487944993041
2bb9d6b7e64b8108,0.033466534745448584
297129de9133a71a,0.03396134687712485
e6233ca37ff20ae1,0.11083232042989825
e6c230b1db202085,0.14941465138528534
042447db024700a4,0.03190812706925386
5347f880cf1bb93b,0.06611786725588913
f7f2f5d41652f6cc,0.02980273365767283
71ccebe269774017,0.02456508009951656
5d89474915222841,0.05004828978533499
583b0f485ee37a28,0.045232270718797395
cc5a91f4a1b878cf,0.30917111714241713
636604af09feb6f9,0.02602390296245027
9149bfd2414e1f06,0.12412598692163702
69c71a71af3a6a93,0.04907783819021827
5cab1ef744ae1f07,0.08652879363207178
2c01a13c5bd11b48,0.119691232953493
3dd5148c39f554e1,0.04759632331701238
e55b6c8712632bca,0.0686509644806545
1e70f997f11d309b,0.05863876859954781
0b5140a69c454fd2,0.04209746204530162
bf3433f1790ded45,0.11272449549196546
848bb9f5e15ea664,0.06341266028112787
ddec6d5fb5e1d8e6,0.14315589523320907
483be22ba816efd7,0.0475130574536993
c5e5341d9853e204,0.06397783281622212
21afeb4d02745cb0,0.04074797222212088
214573582fdadc69,0.055587164459742135
1584cb670481cd0c,0.1382422676838783
a5b74fec60dff97f,0.2218165098636736
500761048fa68af7,0.08552620290390893
17911ade8f9db4a9,0.10250609204416461
0d5e4ec73265e718,0.12285412031251829
9a23b511d19c5b74,0.08273832955900982
b0a68b6e9b5aa0fc,0.09757797142209505
f2408ea825dab651,0.07424129587035279
c46a0253ce15db70,0.10339481433442677
280ee758ffb1d1f5,0.07725497070844123
f120c6f37766ad60,0.04054688910814829
f0bd6e897436f50f,0.0750913841357639
d9838a74cd5c15d2,0.019552056805930754
ef4f4beebb23098c,0.11539029056765975
81e1191f9eeac89d,0.08565600047978017
38a4b85540a1d008,0.03587933526376375
583c98e432bf450e,0.07436646458957848
9319566dff410e11,0.10137275088979203
967a61a65ca3958f,0.02525098348469815
78d063e4b7ce7f7e,0.05175894252073968
d2f8e62df2e4ba25,0.10872776441792335
810d2f780629077a,0.15274858076613815
3515d882b6639805,0.09538562638520261
11e50493155c9e73,0.2806615288050062
4ed708372af004b4,0.17920241184089902
c4e45da34ddf3b44,0.11252034725378296
c8a93dd49c2a92bb,0.1765870030328556
0db19fe44a9a780e,0.025282851539543766
2b3538d47f1c15b4,0.03395098956793521
c3310c72d9734462,0.05692090316834004
14085746773f19af,0.038671502130373375
556db80d967a1693,0.07784192226085847
43fc5ae409f4f500,0.2506452859826323
081a87f22c3b38c2,0.1273174331400422
d375cbc133ed4f4e,0.1108290692272763
5ad546feb694ad21,0.08531023198619815
4f93720827de0ed1,0.0682494427344303
3aa17624d6ff3bda,0.024077797296622818
9242e8dc12c52248,0.09952262233464508
6842dfe6284804e1,0.2185931292120049
0d73a6a834744d44,0.07065632485273513
0830204cd861c6bf,0.030439205022571858
66161f0924e78225,0.11584008255275263
496464a4d50db8c5,0.10834038030295363
06324bbe66728955,0.1490255318520646
14f78d4e391911eb,0.03319134646400298
2b82c80f72759096,0.048708930784340985
098ac1d81b9e8c1e,0.13008192673684793
1b76ea6cbf734ce4,0.027342453856992157
0500bc92e5b55537,0.03848921943814871
ac5aed573f280b25,0.056960764699319016
ea03975f1d5baea3,0.05357644503822403
88b17a552fbab232,0.09681444569545074
b8de7af9fcdbf382,0.14518085305588524
1200abef5b424cb7,0.02393376130806336
31b60e9d8cfa862c,0.08496642523739428
893db3bdf6bcd36a,0.11809712605577012
ceb6b035da1d3d7a,0.10213171706800807
4ec436f2d7284b90,0.05253882816937162
8aed9038981199a5,0.052884923975305025
0004c2d09b2a5399,0.09271580319215766
5205db0c297b51cf,0.0855993263853604
fa00a8d5645e29e8,0.034831698664280736
e059a125b2f75271,0.14249764755859726
0a245e9039a475ae,0.08358750310480796
f6dd2588e26ea334,0.1221706541501985
973b401c5b3a29bc,0.07135736915422851
3c3d0acff02d8d77,0.10184129047694246
29614e0f15db6e61,0.08953932294545013
59556138531e1193,0.04648921976446704
6864e194fe467f06,0.07769268107815593
92d1a78a0805f085,0.0956246730838048
673c83d5875338f6,0.14344946700250905
97b9da49283296e1,0.04441266554312026
8e266443d27cb222,0.06589660248334765
01740ec6cd7d3fe6,0.1294056626415289
bf22ef3c96b1cf8c,0.0369628330257424
eceff6a46e6bb846,0.06352673211662532
595cd3775c548381,0.041208783188534805
dc88015ad74c395c,0.04287066037732182
1d829ac1fba966c2,0.04082588715146232
7af5a547c0ff87df,0.03504215791760772
42082090188c20fe,0.1900890506601085
f7c6df36a4354bbd,0.04820097894028233
fa583dbce17dca3f,0.10783277362807951
31b430017b021b90,0.16296388478370535
7efc9cb13b2def86,0.18086655856980818
d06fda4e5bcfc129,0.23953311162870508
72cb2bb85767bcac,0.1739898998052222
50f1226e03b9f878,0.04385613684969405
24eed0e6d7789047,0.08250255909541672
d026da38fc55bfdd,0.05177448096215612
47c591c2bae2052d,0.10783410678232698
92966f857e0e8aaf,0.054017339427325665
56b22e07fb9e4c9f,0.3512251205952917
95e7a0024d29a8e8,0.1498232999792158
77413f2ce0fc0b0d,0.06236210508108465
169ad5f354082bda,0.06405804677309919
cb6a3ddb00bb4caf,0.16729536535510958
c1351ef23bdee19f,0.053291893915526724
23e0eeea647bf809,0.0882383881175602
52cb9f8084c2979d,0.1086788617110855
7f071403034451bd,0.2000151081595788
64c6b8a675d8d210,0.07427942212032293
25bcfd9c6c4bc119,0.0931551985810097
68234d071437f6c1,0.028075280922648344
cdba54b09ad0a5e0,0.03377226072160503
8b2a453d25a9793d,0.2767572754032361
379b3cf15b5cd618,0.02920076721688485
04f8b3d8fbcd3c09,0.034666673506654304
8db2aa7a87a0b0b0,0.10910338087437917
09904cf5297e4c52,0.12913343737513147
e5d6021439d46003,0.12782042149746006
87a2e4212129d19c,0.16291074389414265
e218c57596992271,0.07235568865881627
18b98da5b42722da,0.08046018974065891
449920a89db3ac7d,0.20747966748023647
9ce041cdc0639315,0.1172751711983816
722f357fdbd5c880,0.0883064201731989
d468cd43dc6a08bd,0.22472573973406537
9700c7a3ef819ef3,0.156422201479332
b7f1d881f8c72980,0.0355144309398821
b23236c476c94144,0.2770394711653075
18dd1046074e1b37,0.09943535003196435
55f227029ee88bf8,0.041910057098135695
5e3b8e365345db58,0.04155091748737357
d97a5d6269148ed6,0.05893069149980549
ec6dfb974b3c0b88,0.15733998402300475
7ff4153e9bc66bd5,0.15230202286073513
70ade30377aa52d0,0.12513145510271526
e81c74c9a5e64310,0.19140928024477458
27609b892f19ce38,0.039145921945364114
665fe4d9e267c32d,0.1900877091703482
e4efa861a25c36f2,0.13645959764462992
707cf306deb0ca20,0.049745462449983034
53a0fc682407a107,0.09789915075037899
4bd91ec011ba7743,0.02493204495480905
3b7c880189ffdf65,0.11258095134179413
c5f1834657b1d9a8,0.10254909688666754
60a043d7036ea402,0.04669448501193013
d69dc65f9a8e3647,0.0934510582140166
c3978282c1335961,0.11580533737031622
248bcc5d97740cb9,0.07145931159067244
ba074101d0551828,0.07554185076473126
f22fd6cc76b9eb99,0.026080002828306758
cad3b5acbccd1a75,0.02941774695646594
4e3d749c5d0d8b99,0.10747550911864297
1024028ec93908ac,0.31530835129880813
db5f96700f81e32e,0.14831296531958402
d00456f5c537affe,0.039725978709451215
ae6c9a4ac1923d77,0.04312445314906285
5c4ef0457f9b795e,0.08205812028831048
a36087b510ed1bbe,0.1872873772522289
9700dc3668cb0d40,0.023105210060678047
e404394c28efb780,0.07872404314962309
0720a1b755cf55ed,0.16302745372663058
035439e10d353f33,0.0674628919978722
53421be12c0c7d0a,0.12121752174725808
c76422f9c7f1c224,0.021181835412058356
ca75e192477ae30e,0.04880051664508931
480e9e2f5f6eac7f,0.08730817335298509
b1b0c9414a07e81e,0.02477522684579415
e09f31da0edae6b7,0.06794033436541748
9386dbd09f1eea31,0.049369915642152866
4027ad13f744ab47,0.16265334665797812
dd57f9a9617410f2,0.13278466392375396
53816ae08db4500d,0.06610805386313563
d39479f04b318c0d,0.11956648172818936
5223cd189c2850d3,0.07013246482314252
8c0a9ec776187a0a,0.026033389228247595
387c460bf9c82eed,0.09443718004866804
1fd31e1faa118ee6,0.029843262434850262
49fba05cb591b00c,0.03207804584160443
bd80ada68eebd0b9,0.0576498697365681
0e3f686f072a8a0c,0.06905235861220806
84925d826d461c4d,0.12566692616908987
a7badd0bb8ead7cc,0.08293125472100403
e2c838fd32fbb729,0.06412970966269921
3a6cf220f53b4cb4,0.10301500834030138
9dacb79ad9fcf34d,0.0653774204760246
92aa4c1f7f258a86,0.13944275791800578
c85e22a117db207d,0.033780007602587876
c5acfefdb9e64f54,0.05333343188715081
26015640e05a3378,0.06534537956460217
834b3501453f5c5c,0.1012939549291184
42af151534cbcca4,0.05624030301902456
6342222ab4bd07c5,0.15466654693954654
cec95d0eb86b553d,0.11697871179018936
b4129a57f4c5c1ca,0.07607494878229776
8b51d76d9c838743,0.08510020321327798
36d6124fdfb6b5fe,0.0678108947341348
2212f9196bf749b0,0.19284820787567
fe9345df75362fb9,0.10505278389555929
75774ccf0b19e8bd,0.026427748256807503
026c096720d1702d,0.12148106235979134
6aca91fcef83cdf6,0.08147398824471332
8fc4c42ef85eb9e6,0.21027265203906373
1b64496c26985a3d,0.02946417225331345
591d0017ec185df0,0.08476348025742686
028968c773b11f62,0.10295062397907036
3a09eb47d1ba4acc,0.021923992649158053
000019235d24a363,0.0715528890090748
ac5122e50d1ce8c3,0.09599192639807153
7d4feba02220abf7,0.03095173218203132
e59a3b16b4a6d416,0.15743735657222976
84a820be4f12f7cf,0.027950733910967408
2f535756a73607c7,0.28287478345020894
fe5a15197d453416,0.019474143679525713
dfe7a446a8aeb1c9,0.02473757783931572
0ba28eeeb91393c6,0.08023141944312005
6cbf1767b759c6cd,0.09415514417098088
a6e42b03d097a184,0.1027662900010415
da6efa9d56a293d8,0.10687242264146773
20eb958ac40ae3ec,0.03016765901688556
861472b884b8b80b,0.18052713657059863
83313fb5d3e30121,0.0497420701443377
75c00015b88462e9,0.2830861584508077
abad9a6070f32056,0.08422254892516258
dbb0ac574180786c,0.12235461861603154
1ff23956ddb48080,0.20829092505685118
1030748990c873e0,0.0998287319982365
3b392b51ebbe98a8,0.23915588372048788
9bd3ce96b5220545,0.03406465617301448
e80afbedc991fe85,0.18941016284922238
b892e30bd65f1cf7,0.08758458574357804
45be6aeb64cd6e75,0.0628622345273854
10b2dab220d2112a,0.14291644889086688
397e2c46ae990a0c,0.04382418474844019
19d3b02c14e869e0,0.0371997937068502
cd4dc389be000277,0.18612845495352137
fddeaaa21cf9f333,0.05139478099674433
c73cf810b1eec5b7,0.05709621162606806
2d89c6930c494b36,0.09878085771884478
731c1ccc4e036603,0.03188222368697269
a9448f44773fe67d,0.09410396866863613
89d7d09573e87744,0.17327639610604928
09a1c2b53c31bc10,0.12476819995019833
6c6319f9764e8514,0.33438549298965176
f56bb1ad09aacd4d,0.13283893553527545
a49d99323a265849,0.029187649797988834
3ee9be6434e0e715,0.09527974491806734
875debef7413e1cb,0.11264387495208607
a2d775ceeadd24c4,0.1562847597835327
18c8aaea7c834671,0.26856013690897723
df0c46251bada9cd,0.11993882339737431
aab9add2fbc56aa9,0.033650453605620766
a6fc3e9da5c8e555,0.05249695631374105
f637661db81b90bf,0.33935064922836977
33f67c649066e956,0.0652469963186239
86c73cb2d30683cb,0.09525656548888194
b5c00f8557fcf692,0.07182012192969463
a2c9a8f18d345227,0.17141079090491315
5ec5cdcb7ea71186,0.064956094555797
0f3e463f9177f7f5,0.10340274176440993
4e7f08dff5d4d708,0.08647610643098298
3bf84009bb5fc3d5,0.17339663236696343
51395fde52e82c96,0.13824551151271117
11111626d4279259,0.06247274863641685
ae179d72addf4dc6,0.035355334394938855
e88ef89c0abd640c,0.032996758091265475
c514af589b1c5c49,0.046475628923367186
ff07eef5fb056c81,0.15066341865957392
96fcc4e5d6f59237,0.3554871332740042
28c21a0768568fe3,0.13235117704544008
73627db8491905c4,0.05413460294579662
99467bd1e0347c4f,0.019355186239021594
f68ba1afefa7c356,0.17561621103913394
f2dc825ecdbac412,0.04399163576176454
4aba146c1a03941e,0.027897861488968046
80d5d6de30bce75a,0.08357774419480675
07139bc3c4fbcf8e,0.1263003523234904
e20fe10aec859d4a,0.21329494161520235
7ede37b476b9198b,0.09907169841779079
13f259dd7b600fe1,0.05297849500812959
351f432cde665f41,0.030869673127663477
a0721905432fac03,0.27786706016594503
c64298a4451fa34e,0.08524375773350124
4498869b991b879d,0.1245623450344276
17636075cadd05b7,0.07680848080470894
f1a1bbb6f878a877,0.0734697114165315
0eb6903ad4fa3f90,0.0853801933453117
3188bea8d6f5b35b,0.13499357845869908
c4c409536eb6c51a,0.02795527173046877
d280dab3667294dd,0.09542038313594653
52c6f5f136513403,0.06993511096959724
5090d67fa1877997,0.06148822425184203
16b61b14def64393,0.09872841125355662
baafe2fb18314839,0.06812307094306438
4dd870bba94a4e61,0.060066428165339296
09dc62cfe943169d,0.02991218945991327
c479d440fcf7aa16,0.12132686905473124
8afc03aa50ceaa11,0.12005067233641813
edde45a77638faf8,0.02724936553380011
6d7692d9c32c3019,0.0629328026893903
5732b6767099399b,0.05197283678044312
17d91b5e97f3116f,0.03700885118357266
0d8f39533be9f182,0.12337749177505082
fde5949373183adb,0.17845234559550083
958e0e17661293ac,0.1739508098784793
c5216e7c4a482059,0.038637857514416764
903c649790deba31,0.031931705187467935
4a0069fc3386e06c,0.0922937722571348
a8ed067c70e68299,0.18707869026838087
2739c45027efcd82,0.10983756171098531
9cebb6633780881d,0.23029936240188623
61795ee62a8075d9,0.03209705635358474
58f2b934b0d49345,0.12161500491153661
dae79d85843b121b,0.01606011533350819
2a1568df2de08c44,0.09669706881589535
ee4fd2a6e3a78dff,0.0699634417929565
b757cce25b9c26a4,0.033388138432107466
66ff45cad74a6679,0.05078317200623741
b0017bdcd541c6d4,0.05399340155574226
a3f277c9b5c91e67,0.051761838301469326
a5cf1cd034f1cbe7,0.2070537082088569
68c1e518bbf4e77b,0.05244368512570743
39bc60ddd2106538,0.06995130025675829
6efa72d0df99c34d,0.13173310202629043
ba7209f117ae9238,0.1309797476921081
7c5bee138819f339,0.11576674845459017
0a18482d62e5cb36,0.08036866516194596
8e35efabb244500d,0.04130245628424662
43a9275d59ca040c,0.11545545222903308
481df5704a84657c,0.03982386315572816
4d8d82c65a5b6227,0.03150895631742013
f93eec03effd7d38,0.44920554714722555
3ffdcb2a25a0754d,0.09763073165472291
95109279ae9a6a9e,0.11706732161436008
d6ee9c0efd68efce,0.08447755818802492
74c4894e7bd0708d,0.12784069153348976
d33fec8f45769c79,0.10381032846621048
8fa4532d6a6caae1,0.024301649814766724
3dff5467e3be88a2,0.13044802118435606
fc6d9a8363c4609c,0.023640202913308206
c9cec12908a9bfc4,0.04546805648222449
a971fe519809a939,0.048007632275283096
5ef5d379d20d65e1,0.07716337548915161
e3fb799669853199,0.14409296107412806
6f8c415e8466353c,0.07002661405719218
6a84824f0fe20d4b,0.04799124697665419
8cfc43e4b7c26f14,0.04221796343327724
de7c6a12dea21dcb,0.10722635974789015
d478e64abc5e2623,0.10756648612051445
437101bfe8957347,0.06990514612906783
6e285e3b9740ddd7,0.10199015789934585
c3ad227a535c2fe2,0.18752620348071683
8f43b3a85065f086,0.15604730346298026
90aa3a900822f96a,0.09079480674240147
c9000a6868faa0ce,0.1742202193304636
32a000ae2024ab05,0.027859828053904998
c4605d1a5e5e5f5a,0.12653062897451114
892acb659d8cf3f0,0.05401079627216227
c69855f3bb4ca032,0.01813581906162618
edf73aedf6b35217,0.06881016614925987
8877ec8e52d1ecc5,0.040006586418958205
fa3630178cfa8ffa,0.03446344885075132
9f5f7129d1af2116,0.12443421267356558
5e7e17e9ef20547d,0.12733644312853679
a0bb691eee0adcbc,0.0368018717327012
47aa950ec1d03709,0.050161938081326386
89b3fd466c092666,0.027323754307933545
f58ae0404d156690,0.0316700027087042
766c4ba6be3c0785,0.11666992006396171
eb2e4b71d64f3173,0.18915769031294052
4912ee4332177555,0.1307073833455622
2bef19c70fa1eb95,0.04903187880481721
c6686c6fb6297feb,0.2002168833500848
67508ac580fa166b,0.1274905669424677
ff311f69cd822985,0.05225628627745368
bfff1dc879c76509,0.1192635764819187
3d1fb3f5ce631cd6,0.1686403001202371
cc268338bd6cf9ca,0.14298062462841007
d5798960a3e8183a,0.07847315117684422
11d573b74ae9ba82,0.1103825268380359
8c8705f908dede75,0.19949507439910574
ed2bfbed36ac2b84,0.1152303749801421
89361517fc2f10d5,0.1691152919926774
1626bf6a9e33402d,0.14191285485962554
549de17e617d4cb1,0.02892384994654786
241acccc8c4c5c98,0.13441191634571922
ea3cd2074cfdd18b,0.02842521012040922
3482477cef332442,0.11372749424579091
4f0e6d903964496b,0.03898238079194189
55f5ac50a1704cc5,0.10404033606523326
2754a911af5ae6ac,0.03585725474244139
f2e293367584282c,0.20906849284713147
2efb3cb92bcc9b98,0.02522051467248937
5896699316dc3ab8,0.05627721478038448
2d0483ceb9c643bb,0.10454818335145354
efc8974e6723a58f,0.07653395541798559
a6a0006f726c94b1,0.10485530522669373
6f5c59612f3c92fc,0.46075438212426684
c78209036cd357a4,0.2261198241755209
db9a3030e417457d,0.03501159919388317
99988b482a1d195f,0.13297257034017407
52e13ab6586efd97,0.1741333046008188
3e8fbcc54eca7fca,0.053890036202404325
5bd1113a10668c30,0.0746967457898545
4bef48512ade85b6,0.030151832810502665
2882464c483cd0f8,0.05174374923568787
079b1ed9350bf75b,0.12015186633514617
7063caa968c586c4,0.042286809756095216
ec19c34addb8624f,0.06560950613618757
8cbafbdb15a9de28,0.04697013312098144
a38115fdbf75c1c5,0.11527771355572534
6d8390c7927568de,0.033869571678735375
00981f14236ef71d,0.15043718468063452
12f84fa2b4c572e1,0.01892684414673478
ca5bb700586628a5,0.037082304461252484
4a7058a9b89ae975,0.04393450234782614
878bc0b3326ea889,0.02752847706761141
57f748e3454293d9,0.09319137769836765
07949795ad3e2e93,0.10972126931319226
8cfaf8d91ea4f1c0,0.05055021980908214
0973b331fb200feb,0.5781749397968778
fe33cc8c6e5126c9,0.03072866725268117
95338421b02d6100,0.13571873865886425
6d14e413603d239b,0.13701866972925988
8dd0a5354bcc36ad,0.12849078164644617
73e26e96853b1101,0.02470518577196311
1d9173dbd30bfa8b,0.46372250365275963
b8164626d047cbb3,0.1047755863848522
0fb7907993c4b37f,0.37350460528506835
59ee8f98bf511a26,0.11795000603425748
0c3008cd7e493e83,0.15944725162942908
ca16172c325cea2f,0.029970484214068022
2bca85f81b167432,0.1421066599424396
22fee0166c140a09,0.20665285518698026
e2724c0840a5145f,0.0483403245284871
f36672a2c0e1cfac,0.06369267400327823
1fb583d94ee99482,0.14905508747843918
02f264a344c830ab,0.08940619031635934
4da6645d6969cd52,0.03694436182882289
44dc081e8f45104c,0.1083012249875568
2c2b2f0c44e4f0d6,0.04586161956068582
36b10927a5ef8124,0.16250989742337632
c1aaa1a11b02c7a6,0.07651671600979437
052a4c4d54a4bc92,0.13292741836245606
d52322d3a4091590,0.03258904279456199
836f3b0ea82976dd,0.08110571087895722
76fb069dc8449b55,0.10759420919256875
9c73e1140fc59c02,0.04990290299766675
ae6c780a01769bbd,0.07793936774738484
ef3be0cbdd14848e,0.03690660747507823
3599f0b9c0feb095,0.018908680656333273
88664205bb714f9a,0.0359338001721319
b978ad9fbc2debb9,0.09787205909358428
c82c9b618c165d10,0.06453941969968319
0b15c07bf352553a,0.14357841233778781
7891a28610913711,0.11337900869890939
ad4639fd4e49662d,0.03450097016458592
08bf7df7a564e646,0.06339576799390229
7ed362e9d16716d9,0.032107509737168
0ad5b72ef7c0ed2b,0.07164707808250541
511e654ff2a5008d,0.07167280477103814
c2cd9bde4b5e7a21,0.12422569126513873
5b3e02e26bec5e7b,0.11687807633258751
89c64c8f9efcecb3,0.06942622397369164
a8f6c6e3e62d6b71,0.03826699922835852
019cc0b8962f5cc0,0.11249733777814817
bc4e4242db6ccd37,0.030966603481168295
3fff2ee4dbde3d85,0.09848865632024952
dc37fcbe553235d5,0.04898828080792572
3bd0b86bbb97a337,0.0528578748612056
4992d9bc07447302,0.04378076775046876
bfdf1c0f0ba7cdac,0.16264485258933364
a6ab2d1d53fe912a,0.03688796969863802
1891df3302c7b348,0.03158225458134705
b9959e103e10b920,0.0722367309890715
0ef3c10f8c9072d3,0.06558055765380295
a10619d97fb76c2d,0.03796264956564282
0863a38392b70b67,0.05590822219918177
60b64acaf466a536,0.11368483355939873
12e3e5d6d9c41e98,0.14785570327633105
9523154e7d045c29,0.12801675790199718
c75a93ff5b4249af,0.0301846713653063
254953a015ac6eeb,0.17871057438570373
800fca2f6db1274a,0.0843836502782175
495cb7b810650027,0.0340081009656579
32f2ab9bccd62523,0.051894301819727706
710c1a24eaeead5b,0.04108709390211506
bc05e8a0b1a36967,0.08361318441981441
7f9c858cee39c32f,0.069254077937792
d943890ab2a0dabc,0.11108911092425584
e8365a58644b452e,0.10753524903864443
8b6555b1e2375ec2,0.08147110284850378
2d05b7a2752c3cd7,0.049125211333966724
cae674aba0ce36bd,0.12341855378659301
ded2185f98f5d222,0.22161381229609947
5aa4335a084d6172,0.10322951047867884
ea84e8283949a22b,0.13650483094905405
e05b38abdcb5ba20,0.024649024345872045
1a8232cb16668217,0.02203811136764614
964453e5682c98dc,0.046589930405523394
6220fee3bc1e75ff,0.16426527042088157
44c74ce2f7dfda22,0.20291042796997857
0e420abbb67f6653,0.2746450575841373
381d753868abf15f,0.03357876347544763
c90e0c45f7fc22d0,0.03204405151464
28cc75a35f51a8f5,0.12203364316258607
3ec9f6c06061e5fe,0.14791276807482584
b014ddae55b634f3,0.02878383601671096
90879b42c1e54236,0.10201210214356739
7e62b4fce61bbae5,0.11956655716874426
6e384e2ddbb3399a,0.062948203330405
6f07849a73f44a97,0.21519142563187965
f48a2f5d095509de,0.09952058742242635
ba999a22ce5b3fa3,0.34789358681308014
ba9181802cbd9401,0.14910173607466395
bd73bd26225890fa,0.033580705560645255
64c38fe6742e3036,0.04582411364739525
df243043992dea1a,0.09549902199142792
0119114d3ccf9eba,0.17197153852410543
f21453041c1dbfb2,0.14480486018581326
65850a53164c135e,0.033306007298059805
48527244bf10d792,0.12144098636948082
cd4848b0c5d09b82,0.09590041973423695
d29250c293d24f3b,0.08448891822280306
8e49853ead7a7782,0.04357958319401942
c4468c09563855e0,0.06661201519094186
06fbbe29034b7d22,0.038091902771472626
85f4de85a28f72e5,0.19628117443842497
61a2fd323396df30,0.04161800738520824
57131a5c1fd27b0a,0.06318113870949689
97148caf47baee80,0.10403733333194669
bc00a7f9820c18b9,0.043387215928932764
0774fb3a81023543,0.08830678884312508
26fce92bc23cb74d,0.10596034721017478
c97cd71a9a738f03,0.0663946098239236
e241738a2d4f1fbd,0.15134041540094964
da7df03e550c90ab,0.06060696478366712
35c07da89ceda890,0.1547669789457207
5cf499e1908cd296,0.08201608514977378
d8e67e20d907c472,0.07076042130611938
f3135343f9e7c1fc,0.20060924195628405
35e24477ff3e4121,0.07455571823483735
ad3c1d21283a66e7,0.08514889771010954
fa88a2d04837aa67,0.12433062065396912
3d8cc5538995bbb1,0.015303837868582306
2cd57b0959ffa8b8,0.05782037870241056
abf05406b1a91bf6,0.5422735734053864
0f7b3fdc5d781296,0.16374992088121595
03365bdfcc4be998,0.05549981398360385
b46302fe840c3d5c,0.09615342633143749
b1f966468fc49840,0.05597365683927371
6adafe7e6a6e6865,0.17572577628035288
e92c7a5333472aa1,0.13699463830603278
7eabeacacbf8b37c,0.07824756285309085
655d9a938cd682a0,0.49232260151986384
a26607cfecac0d77,0.04950324411842718
8d29e784c2fbc4ca,0.17884031997813407
0552a72825b82f4f,0.050424053363337086
8db26f10038d6705,0.05102787612468986
0eb4f40d8b4a0e29,0.050896813784051
a1caff7700882d18,0.18792434631356889
ee70a37197156928,0.05781999830301071
6de1b2f62b6369e2,0.1779006967636212
9c2d074867b45c86,0.044756950757462576
36c975ccff63cd9a,0.11834757928539169
eac85b26c054de88,0.09786735027670022
318d374ee2d57a71,0.10161248793778921
ea743176167975bc,0.07781283582434313
3ab9fd28956b4c1d,0.04073189067273651
478582ec139d868b,0.10890549100702103
fb9d44e71840eb0a,0.06375870298647149
bd4fd0a37b2b9312,0.10070605688692795
5dffe03302a0fce9,0.2418417853707492
d94e1f4138ee9631,0.06084206528177389
298ced22f474a1c7,0.09817429119295024
0268d1d90c8858ff,0.06039634585000105
84cf6eb7514ea305,0.033003124904648726
95d0de11255bad7e,0.038234159295928376
9df308f6f0758e94,0.1392922843793137
b0fb6fef1f3a5762,0.08494212073512315
3fe46d292459737f,0.03583967923516749
6bf62b52eaee324d,0.05464478485268961
8b6a50f8f0d1474f,0.16479178843104156
89833118f346eb37,0.06282553586007399
48fd781830adf147,0.1983187594373136
209845b666a00820,0.04374151489679636
f23faebe09506cb7,0.1048376838152854
5f9584bc58bae0e2,0.03613634903140668
a08d713f9ab75910,0.09344698659986635
5c4f577995e30921,0.16546021087230983
db21d37dde61a7e5,0.07080378280137191
d22dc3977ccf9208,0.06621833137511018
d0fab5e12cd60c77,0.0306081224521456
5293676c6774f75b,0.04112119763565271
d3ae1f0b7031a78a,0.03608849913064894
bf57f1265cfe2fc2,0.061272462262191955
468b54d83b570a50,0.03659658797938166
134c07b69f25f030,0.0963006848415023
2cfa14158d7d3661,0.09197616708142438
a87b1a98b2c48b05,0.08375998293863741
c0bed62168e9892d,0.09838719590736254
fc44e0d5137363f1,0.10858994580819951
1247308f81ebf41c,0.01794785949689906
083caac4b6cb4eba,0.15387105486939823
a9d470ae3ce0af34,0.024938662124736676
935c423d001e7dda,0.05228852311721103
d096b8795c71a6e2,0.1708151406958768
2acc0dd1e03e59b3,0.08045193148421874
bdba30d6e4c5095a,0.06451880361199487
57b0ac86659a9329,0.10431139310664861
23d831dd1ba487be,0.02559304322954951
628b14a47b392334,0.11074736200954993
76a400c7177ea365,0.04945617771765537
86ab9bf8f20612b3,0.12008903812100984
fb26e948e7444ee8,0.1245611329335381
367ec7e6bfbfc6a1,0.23891470469582332
efb297fa666f7cca,0.1463359109434078
0a0f715a63ed4738,0.06401073776431304
00b759c30fbbcbd4,0.15978454851093113
4c133deea22458f5,0.1462665179912375
b354cc89789a3136,0.1178014355835069
f3595bdad2050118,0.054806275805291425
2171a4f574746f33,0.09712741109708663
ce89301fff62a739,0.043031906174653856
f4786178a6026169,0.07816433870033139
e1db1fa3be2d2bde,0.09125353662601031
05b896a0d6b00e98,0.02561609376114513
89658e4ea0b49c47,0.1552725254028305
db78c841ae5796ca,0.05065945240201575
6af4698b636d1c84,0.05365104374079927
be3f82b0567a0962,0.03491418013063691
1dbeb642447425a9,0.023113745757714927
eec325cdb9dc0154,0.09451117991921554
cab58c1297ee8294,0.10466689442399439
97e9bafef493dc0c,0.09021167499501336
c738edb5352110f8,0.05444255205133584
fe298587b58a6ac7,0.20829065506523278
b01b2bff457f7030,0.0547733027703422
599065c0cda14c65,0.12748872274184606
feb91e47c3d327b0,0.05481340914993923
1b0d5c427077f7e9,0.08042007047921827
6c1338d0338c0bca,0.15488939302734117
aec29f6d68d9e001,0.02744910549519593
c6567adae6722bc2,0.09573354832827215
c6e04efe9811e16f,0.04139302824488841
eb86688c957ec913,0.07695906793128764
a450a6576dc20dbd,0.06627167111456421
b700f2322066f731,0.15777745285877506
a4302475b7326abd,0.1698474884323035
af5f8038b513a4c1,0.06649092348294029
0d73ab8c4cb1fa9d,0.16300255325595756
8ca59ee3a85773df,0.054155934884289526
e3f7ceafab0856f5,0.04179942953401063
2445f30cdcdf58f8,0.10620618613477813
23b0f57c015407cb,0.03399418274922784
2750f1a3f3525b16,0.031034927606197263
4d1502e6806c5f5f,0.09400122903455242
9cd2cc7d553443cf,0.06912910163113233
5e314b952cc18869,0.05227191539346345
e8851ddb49233587,0.17626078439114515
6339c240bbb14c01,0.06432831200494227
196ca6bac51b24e0,0.1698630574844235
ff664b7817ef187d,0.017669967730850028
1f50f2cb8e01a9d2,0.08071965971858976
f655a99b43cc6c6f,0.03096227548537918
2dc6d88fd87d67db,0.06938814577853618
b61c9fd4a46a6bff,0.030365544894021834
478a862e9bd10007,0.08373012590410615
0b9c9bb9e3bd1c5c,0.03744566111826703
8ba72175f80e2cb8,0.07424623921672066
80bd1c42bca86409,0.0748943200226334
ee7025a20728385f,0.057383666393853956
a94a734822cd1066,0.07317261243485051
9e445d829547acdf,0.08732773523296734
d08fa8b4d19b0300,0.1511178251173822
8ef8adecee83165a,0.12019544183900448
476933f8311d441a,0.08881493925556645
fd9f323abdfccd58,0.06449940232831307
fde943f5062e49d2,0.1492352907953042
32e1723a53483290,0.05857552338786468
3189ae9ce5829fb1,0.18015838104018025
a691ae869c7c7c20,0.21877398692449446
aec6a61870dceefa,0.07482527896006431
301339e42c2fd935,0.0932890202162433
33bdb599f03ad3cc,0.02691021148049126
ef958079692354ec,0.35723876800529003
6b9de167c2e2a382,0.11229720834101496
81a3aaebe87a402c,0.04993368039331187
78734bb73a549d35,0.09324799924845349
801a31247ebc0426,0.087372366955987
703c72ed057e80ad,0.13288932576478807
d512ce41ff14126d,0.030481409327321202
b14adfc6f2de5274,0.07882684728699137
3ffc252e11d8a5c7,0.04583362559650026
dd94c4e414636803,0.058862115735948774
089a1dca65e44b84,0.07061827944162365
95e32e732db3ccdb,0.07203600421399624
aca38e8f736ef297,0.024069542847745123
78b2b40abd748fc2,0.10057304761163793
2595c73b081498d2,0.031145627315381747
4821901eb98463cf,0.10089884041743913
81f36fdaf2813666,0.034698844159387905
1e80444ce87788eb,0.0912321878850502
47c976d0b2db324a,0.026654187053985045
76e7956f7212a4d7,0.03936183300742886
2f42d37419bdab8f,0.2176031264894914
460717034c7c127a,0.22269636735347476
f46b154a36f88b49,0.09386692910911575
af4a2f1334861acc,0.16837442567808725
cf562fd6a1ec6763,0.08721158594653222
a58fda4597ded16e,0.06580388913384475
7c5b545797c724f6,0.20103443295313386
cd2d2cade053f8e7,0.1454506366201789
0d42478d5f847ddc,0.025868460617929297
fcdbc1ca107a390e,0.1389925146080834
4a6cd78198d5a5ce,0.15264707137124803
13c39c2f8d3cd810,0.07056129710307849
c79d8a5d80e7f04c,0.02624018845500396
51a701717aef4136,0.18515347126111167
4e8d630667c21f23,0.10564633772274483
9b8e9dc382061f91,0.058677395286106694
fddd94710360c28b,0.08664937449415848
2c33fa5f3f2d5e24,0.059248845902969395
3ca87064dc34dde6,0.1134196078208111
c9d8edd3fb7bf971,0.08010496183054339
d582a1a34b5b977c,0.20990778675420207
2fd593bbcde3caa3,0.18077159224619752
d2f2308d5fd09adb,0.05411458911557788
dc6fdbb3f28f8f2f,0.11252779715637411
ba8e32a15085aa3a,0.10077556977649545
3ecab659633b8be1,0.1426524098140038
80f14a6b7deb5266,0.07695678416574084
6809016a071b3b5e,0.13783040565584662
d26156516af475ee,0.06953066972398243
7946e76f5438edcc,0.11243181664695721
b11ee2ead8527494,0.12469735586352089
03e49d963acfe851,0.05786708241064825
4a3e2db752cc071f,0.2197162947882844
6e5157888073a37b,0.13161951798070495
1f7bd653103f1863,0.09268948932681698
5cc0f066c9d8a28c,0.11956319634280933
61240fe8a4dc9a2d,0.07544114769617474
ab6cae9885409088,0.4009691016004336
c4e40432b0ffcfda,0.14172394802725793
1f7fbe6992fe8f33,0.16802865919278628
94953e6bc4d48c7a,0.07422901029069086
e1f4fd779b279dca,0.15239768377590665
38ccb655faf1cbcc,0.04479720906447876
dcc976ac3a08e676,0.02618205730506559
8a586d58683ab8fd,0.12711988897261564
9d1f98568599273a,0.02594965769347447
f5a4bf16401623fa,0.19288756154599632
42c6f25951f7db7b,0.049467104999202476
673b99f498fb7880,0.09199336841654293
e4f2c6820273bf2b,0.2435382040210646
8e7d37f34a1f3efa,0.18069582386731944
ec4bdd78abd81c4d,0.08843815876177497
a15343296b9f6f42,0.1480264328859433
dd76563555eb67b5,0.11747799835848984
3ce8de8291ffa6a6,0.18869122227173998
1d036919bb298ab6,0.04654844899988383
9579b233e83fe284,0.03978608529537354
be5c561435858f1c,0.22558144989655637
5cf1d9bf22b73559,0.13641154832065122
d5e3e7616edfb5bc,0.03094273620461276
ad00da3aa56f4d7b,0.0374902307825598
0ccceb1154debc59,0.11257802939248207
8e2c8545bf82cc60,0.19567745473455833
d62e1e8938e1c97a,0.2235541517150579
a8dc86e602a746d3,0.3302774948027949
c4329a7f54415286,0.09625873522480775
04ec4184a6a2f40e,0.11511518305053352
a8874aa6ff7ddd20,0.0567837177269375
c9a607048a5bc5dc,0.14894729084891148
002c27108f6666f6,0.08118988728874767
e4f6a20915cb1601,0.050074770687258026
bb014c28cd6924bc,0.10103281673432456
196e2f507f594bbd,0.060934690115311385
9f1be9fcf021fb5b,0.02722996260416996
9391d5f366da4c40,0.15123627617350419
3453a5ca3d904777,0.08602496804717512
686ba22e52de9068,0.04556058391295095
3553eafc050e9c0b,0.13107004229053684
edab086e1fc56c68,0.1642387757330446
d79a009be9287b82,0.07835226695762375
b86e1b1f8503684e,0.12469537177828378
9ad70763cc07c36c,0.17609569347896956
419885390abac7a1,0.024712872198697222
70bb28465e350bba,0.15786550076413988
d2fe3be15c7a040c,0.10633032127036118
df051580b1fd88ae,0.04854498599345086
799dbb3bc5de0bff,0.1529136474926486
c18575ea64f02a42,0.18654674179248723
bc265e458d29169e,0.18139206433106483
d59c94219a63b100,0.16950891763741296
0b79c6776df906c4,0.10164453530671798
1bbd089c39955fe1,0.0605583741006939
e07ee63645347087,0.08301476229466541
6795923abfe3b196,0.33014615465829333
f23bdf1e94c91124,0.055449232955326444
a1fbaeecebb55865,0.04526795896616326
bc95d3915a49249a,0.09598032655896392
c565efbb2d18144b,0.16502505819739977
321866d63b3b1b00,0.12555848666084385
50ef5d8288aabf7e,0.052597941709733954
3948549457628975,0.1492498452055762
b958074c10bc601c,0.07333945967993664
f075bd7b8efbf058,0.09731843898208577
f05a42508ffff350,0.1606316374095377
3c1c900935bc3285,0.029812989363571102
cba59c1afecb3734,0.07540092868671085
013e1691ae9f7898,0.030674404064521432
ff4fafab1f01bf0d,0.19791695873808426
16a52132c026c176,0.0873105596625164
7e6dc3264a60f3c6,0.03110716760871921
fde7be20171bb23d,0.028496498227777407
4709ae8a61f423da,0.1293910924218913
f2f7edc4fdecd842,0.02785906685457461
81421fdc47bf7d1e,0.09030499470378901
e130b6363bcbe974,0.046796680863898966
8b5dc994eb4224ef,0.08107330696845232
ced09e40d6cdb2ec,0.05395870975353236
b65873d2d6509482,0.05679892720809465
d663eee7b55b1c09,0.0491188262635129
e8ac634318c1c070,0.11591451832976374
9861a481912689da,0.03467909113504702
c170f4b630a3b239,0.41363694257118566
31f66aa5ebaf2ad8,0.1046441952588969
31bc47bb1448c433,0.03174845709503582
79eacc58c9cd0f29,0.1835097638985612
32cb3b1b23ea545b,0.0627418166971584
89357b6904f7d6ab,0.0698667874077663
0d9d1cf89bcda082,0.1472216323131636
7c15e3fb5080a6af,0.0509456066607909
a8580d9f4b1f100b,0.2913178702344515
ba1c0d81b8bfcda3,0.07093650738840442
d5c76d632f469288,0.16425889010145397
4faeee72bb8b4acc,0.04788344083207352
10875f7f7d53acdc,0.08518080471485863
3fb5a4da63283ba6,0.20284097053813077
6551e600570cb09a,0.19207534867933482
6b4949612595764e,0.054301096717097964
d45b6491898d0fdc,0.06117162955612911
0c40fcc6d696a66c,0.05177205832796
74607a92b5ef932a,0.04192863311994632
e7bf586ef35ff70a,0.04578179815287529
65e0da070f27aa66,0.04926517978662159
38a09fd79a425aac,0.10189583311459231
aed136202b0b58d4,0.05208040894633184
5f5b7b68b01d1299,0.5169795255341461
cc5db835afffd307,0.05697060009941341
d8842b37f5416b48,0.09427961299020443
d8aee4335af252d3,0.05500974630833655
00494862dd9b9e04,0.0970302654587079
95d5441c82b1c46c,0.330804678964893
c6e492bd428631d5,0.06601743489982292
598200ada2678880,0.25247354622306967
8094f4dc74add0aa,0.03635112388903417
6831a0024a1dd23a,0.028109899393300875
d56926e610462f66,0.042613399037291305
bbe39148bfc2e434,0.16783279144003052
1a07a83f589de802,0.09421794664649118
8210d5a233d3d65f,0.015897711635649892
ef4e598f566c9558,0.09683935597444954
c02b919584ea5cd9,0.05972851725165579
68bc1f08eb5258a7,0.21986508180952305
d57a9ae04f68912b,0.11240611590281173
fa41a48959374ae3,0.04295899605268866
5e725dcb74b4e75e,0.04740159928495422
121dbf76a9cf73a8,0.18473063106029794
a2383e552a5f2313,0.03350295442492036
378738808b201e0f,0.06487560896700172
9642ee1e267eee82,0.09534427699975921
e55cdf82fcc57177,0.05118116282217705
2103c3d1e5063e3d,0.03848007387308839
02004dc8e2729e0a,0.06955798816711499
95ae4af4bade5009,0.09080911332058905
8a4e103c92d62a5e,0.1411685869794096
c4414b2ee31b7e94,0.060303996652975166
0866387e16259486,0.10992618860989806
f0b7e616767a0197,0.11606141600099439
a86d2f80a3468f5f,0.06196464183396805
691f9a97e9645bce,0.025225890961594055
2f2e7662f26d0933,0.06039233321415039
72cbdcef4a6b4f07,0.1119973734778893
3ca15eac9b7ce8d7,0.13200471096222974
d9f713c872a26c76,0.09471032939480695
38c5cae3c23f24a9,0.044973996181246666
80e12c9a6e625e7a,0.15917604796644666
78211c4fb5585628,0.15357067195117854
59e71eb2f5c7c432,0.12192943309525935
b7abc4b3e6ff0e3c,0.038728009642939855
42eaa77ee15f2ca3,0.0270659125783146
bb8ed5a0931148f7,0.03709502242716308
2ca7468532706e2e,0.08681692440260423
98791c70677eb76c,0.12945941565045344
e7ec6ff3f296ed38,0.05229331730887435
7845f67130f900d3,0.10868001540617074
fcec4d0ce44eda40,0.10388179257292211
0ac91fd23085433d,0.11082055547486558
ff61891d90f930cb,0.09477312041817924
41fb4a2210a6066c,0.11572229210104085
4c7ebaf834966e32,0.02363983936242904
81aef88d712fdd5b,0.0709077036200265
36b0ae34db90ecd7,0.18894957722438502
72fff2ad28f42426,0.12402024072171965
717207649c078f67,0.03801746156132108
925d6e357d7ec158,0.13588667057440348
effe2d48627efbe4,0.1103564325796552
0577c43390d4bf43,0.6467422277197143
546cd9bb6f2ba820,0.1205812862784234
8a47c92c6443e7e9,0.13422610131792787
bc9467bdc8642922,0.0514071932013894
af91160b63f1bc90,0.1635358764830583
464ea9bea5384944,0.11742766917866858
b838b4792a3c540a,0.08067176836045041
11fd6e717c95ce29,0.12864126831310144
b1e2e5a1c0f42f8f,0.10770720450078884
222e74272be1ccd2,0.07535693802583329
21a85a0b474e45d8,0.07813380960858952
5c5c76ce21ac9a03,0.03234721238751015
98c3f3c5243d4fc6,0.03403303088868472
745be7354fe05a2c,0.025957395570794527
ebf17df229daa6aa,0.09870686977748289
14929f1035ed296c,0.37211722707100475
af1bc354186d653b,0.022144261824594214
88e44f6549d78a5c,0.04178861339290693
1a5119861af7675c,0.034183953641448224
4675a1f396e095ac,0.11563069817669835
306fd63061172f24,0.028482233646368493
68fb9067ffff02de,0.1592955209962628
93665736b22ae558,0.05459743161907871
2f3252e131fb28c1,0.09796033354462858
a90bb7ef537f3ccc,0.10675674676874902
f8c47e6a1ab0bf1f,0.08999589053102978
7f335ac0ff549013,0.046018248400485684
e9c7c37b6584e68a,0.0356406705524142
e2f8c99b54c930c0,0.025321856911583087
4f0ffae34b450b85,0.12733768314871682
94e27d2dbdf9010f,0.1924235230573951
db05b31fda1c2b1b,0.08439188798739701
af64ad7d713d5a93,0.07174273151528358
4d1462da71b0efa9,0.041106772351690544
04fbab7984c52c30,0.1540564485438053
c01a62e78e6d8a2c,0.10305213771643429
74f8579fc40b2d7b,0.03795950166740722
0eb2d3b71cf2b61a,0.1341284000183405
57788504ce4c82b2,0.1252109865523171
9e7dfd444a9f30e7,0.07772948438781495
0cd8b38e5a4b74cf,0.05941364070268523
e8c1c982ff8a6704,0.06862583244406549
36bfe943ee63fe65,0.07807224636224493
998d9f62a717ccd1,0.02795466448691966
8069d4397377adbc,0.03450164727563127
ba8f312910226da5,0.15306210215802799
37faa0207a18eb20,0.12060241139481875
c16962d752780184,0.16380990191609768
f1d62e28f903e96c,0.09301156834527212
8cab416d1f2bc624,0.10758323307533914
b791af74c95ffa06,0.261955324022726
05b113e465a98080,0.07251876868688145
b17d9630e851487a,0.10880254729580068
92981268f9d56f38,0.12368966309691427
76775e095989aebc,0.02215761201572146
a07f4266c4b1cb5a,0.03754637343641601
7b5b1f94772d1b60,0.0470671747834941
4f8ef604a40bca4d,0.04865517395126475
673f3a4c0bd90267,0.05682833282542671
58139d3ae9373ae0,0.12804449394033912
c24d1452d22e8db4,0.08462605584857047
441d9763fdc1b0df,0.17042786903894994
d2987a3199c1109d,0.1208674348280343
cab99a91ac2562ca,0.1544379963899347
df1222f0cc1e08bf,0.09082917062128197
bdb610f14d1f9c0a,0.03944665550437291
d63652d83092f4cc,0.028373855860860196
dc121e137a206780,0.06900036908456943
e5fde6a720ffea60,0.04004469193570447
52f7118d77a951d2,0.046398489761428206
1b60cd7738483c77,0.13744126320563257
c7ef81c5ec66b855,0.28813135897748526
42a4005911b6abb2,0.1614397850263811
926e4ef2979d43ba,0.03717412690553283
936393261928dd44,0.10225652419122783
90b3943086a67cf1,0.05902042133478721
80b6c2497708cc79,0.0853892322348115
dc880492a16f61a0,0.09167526785809314
363fa6d193ea1791,0.05023516774054539
11443cec444ffbdd,0.23682061226578388
174e280d8c42163e,0.14391732090683237
d7fddec00bcd1345,0.08292667934579251
2f2a0292483de945,0.24509172274426913
2638757dc8ccf105,0.02324177121890153
af967b1ba12837c7,0.067344284671784
6cf0ebd8925305ad,0.23082805992118968
0307e7dd94f223c0,0.02728268517078848
d86f818a421d896a,0.13713436198697745
95c76aa135d94e8b,0.04602531052887097
dfb2dc72331615e7,0.1413863242166308
b488c877787792d6,0.09722199381238594
5864514fce7556aa,0.09306058655890148
7db51b9dfaa6c3be,0.03410793677988082
475afd5ca8082909,0.08855689871183177
aef3fd34396adfe2,0.029864327673950707
e93ef7b1eb85a270,0.06445903893780253
e643f5e629c7ab40,0.022397366729770867
e9234451a7ebfa5b,0.11696671073096132
e8b95693607a1af6,0.19910943389739258
362e59ee5f24ba56,0.07124737275850813
760d3c489cbc2365,0.03526209972399121
cdc43a10fec587b7,0.17759566888045675
436bfce1b2e96ebc,0.12920618999959846
8364b88b9aee50f6,0.10822266527270578
49b33a422ea5bc22,0.25004057217422576
7c87edf2fa4449ce,0.019648734732852547
ae4d87302f77418e,0.05077518812173626
80504f5553a663cd,0.043777599129964345
285102ab56c81c9a,0.09801819188909318
ce75929520b6600d,0.16214527823687366
90e157fa590bed49,0.1688846909726969
72308a9b8ed351ac,0.21795985577345647
67da97f4bf5a43aa,0.036346672057624485
7a2c3503f50e758b,0.11465707321045382
7c277b093ca6e70a,0.033558540860105214
e17cdb698e7793a0,0.08770749094508923
304f33ed70c9905c,0.11374772871147643
f671940234873df5,0.13247648225966827
4c60ff51f1a98ddb,0.05377671831663091
357333ab581b26a4,0.08644605377015839
c12b50c410a56d62,0.03206245242838051
280ee73ea3f9a150,0.09710244014721713
9794f61f2b35c374,0.037729307246872186
99bef954535737b8,0.15660900433491357
164deb1fbf6d3d15,0.08447443365058015
17f64dfc919c257d,0.04833235254871774
177f1a78be284fe4,0.06605966556871132
6575a6e55c3aa52b,0.11934109971815947
e1ceb3cf89c78b04,0.07041609839201828
2787d14ba4491e60,0.07096322807443026
47283a11f402ab9e,0.118711879323592
3e13ab75e759c66d,0.13622413514908496
565632830f202280,0.09681325571826345
c60dd36532e24523,0.08992020576256615
1bbb760f70ac35fd,0.04754911033253434
5952ee73f64f8e8d,0.08603147734465037
0d2e12deb5dc05bb,0.08231469745415447
93cf50cff9e70197,0.10691651784621707
71a0f1d3a79f9279,0.07572492057808083
ff1b97bfbc1de495,0.13746200746712517
152d66dccd700ae2,0.11211063677596951
af9475d72cb09bff,0.06550455025922546
50c6ae4f3f0c520f,0.1540383905062904
53277c274f93827c,0.11447239116261727
65c28bc2a138b604,0.15836739465509217
ab3f36de97ff5288,0.025606753774368666
6e673b3e05a86556,0.032733515180420614
29ade739f5ac47ef,0.12824369683631612
d6c96030b8564b06,0.10632712131831366
5ffe88ee98e246bd,0.033504066313286465
b75847a46dbc7758,0.043482267054289314
fd4f072e7db648e2,0.15852105852925508
3b600a791eee47c3,0.09722894150620438
3205c60644f3310a,0.04232513740255225
37edd7d198365da8,0.3304979709778133
4aed77bb42b6c35b,0.03855891929113345
70b9c5d2c47a6231,0.1823071446409266
5aee71b30cf4e773,0.018351996708107055
3b6034955fe901a7,0.02538267963314972
53f7e37ad065a1ff,0.13088687129285229
8249af221f0dfc62,0.05989533804868735
4a798f098b3ac80e,0.13203862932385524
7859a3365dc11f7e,0.13898391474159819
0d6ab61f58e22d8b,0.05283983520661264
d90f47b845ad8044,0.10246030153119279
908f76b67c5d77d6,0.07705910547759147
2e13d0c9efbac24d,0.08515640534295127
fbd3509fdc1e2fe3,0.03156358032017211
d0c07aa05dbee8c0,0.04574729751087442
e2066400c0c997d5,0.11851247795929166
9d002016fad484c4,0.5272007802997046
18105a09ff042e04,0.047601434205312786
97dbf62f03867f4e,0.09101170147176944
008e7b56ab9053c6,0.19834015513329004
e382e61b69858e84,0.02111622343805225
a02b2c12a9b232a6,0.04245257191251609
5d4eefc602f1a815,0.13099371616358227
8c8faef5bff7b3c9,0.05175199432058351
8ea4fb1f9e66fa76,0.020147965481181068
22a32bb8f8bde6fe,0.14422145900412323
6a655866f90d61e3,0.09113831727174317
b15548596622ebdc,0.052239980977994684
e6426b5a54e4a972,0.1283559775227856
2bb1ea15970a2de4,0.038693857265168406
5b2c1fc3ca8dca34,0.04143472039845585
b26bc3d1078e5a5f,0.05074145308710054
9db2f38d40ccfed4,0.04538185458321084
8481c054b0537a7b,0.12491339308113847
c4016925a614e39a,0.09960111399773114
a6145b00b87ffbfc,0.1932346420705416
856c1f1b7a16dccc,0.024895777544263
5db9aa657576b123,0.018684433035565176
e6c91e69fe022b81,0.5202690427340414
18323213899682a7,0.02553016589385067
84aeda77a9eaf7a8,0.11926364963379982
60aa7eb39a1066d5,0.15670101025696692
011908fe41b2ead8,0.27235056834772253
95a236faf4cbd0c8,0.10359056334902944
c58d93928c4b43a9,0.02678019828292634
e3d5116d0ddea646,0.18022851967905731
3d33771711b587e9,0.12459781210715858
ca902179e21ff302,0.14619625633383684
4b2142ee3d149d15,0.060866219639699105
d78803f699e1394d,0.13594893905498626
ef2d9881a6438977,0.02734052785607304
3b5fc032ae2a290c,0.052427657056986245
9d5473cf79999f4a,0.09157456355278816
9aefa72a94558b66,0.09099091237691559
78cc36a16e5afd3f,0.06090559116799541
0628d45dc33a5639,0.11761764183153296
bc63ee6da23c5dc0,0.16948487863855452
5a69761001b7342a,0.07335547561974017
f5384c1b33a306d5,0.03802131224777889
9f4fb39fb6e8b6a8,0.12898819330007977
f7787ed37e4b9d05,0.11495203552829501
eecdd457b6c7edb2,0.1383568712547771
f36c01f2f7fefef6,0.14357255162897375
abe3d414c510a7dd,0.07591129582418103
d1f7dc9b905e0fb1,0.038358093972668005
a97c23cf1c8d474e,0.083151118117801
fa77ebf418dd2361,0.02902518498553659
4fa91df3f09b649a,0.12787222017852773
4c40bd5075d26ea1,0.16316555954611203
559cb0c10ea413cf,0.0872391514834518
b07714f5d0a305a3,0.14143798356698334
ac26d06332fffb35,0.039782161174785204
f3a18a7976f15c5b,0.04842027594644951
bd610a8daf3173f8,0.017309549289819887
b4db2ea448a373cd,0.03154555311365388
a9e601aca0377220,0.13765079414913578
7580e5af192dbd01,0.2795753187307087
3b50e09f1d1584b8,0.08336283382341271
e752099897ef3c84,0.03405832098653296
9e556374eb31bdcc,0.12136632061450975
09bf3001382d4d51,0.04230236860061798
ac4f9d21db6d0551,0.0677478482257949
bab162c780dd5d3c,0.07848829276015039
1ac05275c95e2b9b,0.03971915958674518
ba53d76ac3815303,0.13435191611583075
731194026ddc8a00,0.1412915753653143
565ccf55ce0f19b3,0.041806016817367765
c610846e274513ff,0.08119398481170524
4f2f55e6f8f022f8,0.10689569061940696
171594c12d4f22c7,0.02306574879775632
fd9a29be83f07915,0.05532116500263488
0e69e13d2585552f,0.31578763087946776
8458a25c7d299656,0.04870400499476855
36510a7e2e8cf5e6,0.14085480190586167
4c689c2ab0b1e458,0.28056457954072084
bbbb01b896a60659,0.06828336715017123
95a6091ed902a1c0,0.08570624676176784
226f1fdbdf45c3f3,0.04278135835621431
b3776535f92034c1,0.030580454926973765
e136a41bbd9d2ebb,0.15045613179541378
2acab7498f95984e,0.04215460031290783
5a97d6bb500166e9,0.07572112200253044
53ad75887ce27a2f,0.03574703580844486
4bbccacfaab6a76f,0.10530619494014826
8d5dbeff654a20b3,0.02570914172216097
885918cc4b58a92d,0.09228934661862413
c33b954ec9e9d53a,0.04739799441350132
c73aa72e6960366b,0.07990082288177879
28c265c8e738031b,0.14701614422647102
16f59244fa16b9c5,0.15059558822553185
ab1bbd20f2288ef0,0.04726081852383765
21ce9f486720b00d,0.10805260450799063
ea98936cd5a062ef,0.12943661383540042
092b99905affadc7,0.14455078482629966
f8a1935cbff0e3e2,0.11030477002820745
557ff2105e2227eb,0.031142780707506933
e28b4c1e7eede953,0.04135729835840162
afcd2875196e3514,0.07611813011614262
622d0c5c885e5d67,0.0925221159112269
5ab123deb8c8e0b9,0.13713111421021154
d70f7077ffdc3675,0.11080333113447705
ec0e23575480409a,0.1314902174631603
c42b1312f2466d13,0.05522244292537013
58f7c9cedf508963,0.3118322292158453
483a6a2fc6820e34,0.050321096293325686
9a410bdaf99ab250,0.17613861922599194
27d8448c7743312d,0.10295532662485661
d22510648b60b80f,0.9543028494353544
cf71cc1d5beaf427,0.15772553689049026
b16d96c422e7686d,0.12247683990591102
f3bb00d62eddf347,0.03302435944940501
e7ad214e8e1b87e3,0.09635601280576278
a149a81fa46121c8,0.04662626776447851
954ac0304d013ceb,0.14733512833761472
5fb61c8caa291bb7,0.04395232555783165
b3e6b65c022e07a8,0.11900892336560442
014590f5ad393d98,0.06808690375783548
fd3098a48d0565da,0.015334260731572255
597dfb91140f7a43,0.07351037979498418
29c72ad86d92588c,0.03403245597040656
46403e8726688e63,0.028678614568011542
586f9bad93615a9e,0.20874059075473542
518268ad7eaad020,0.06630654555448103
eb68006674ff7853,0.09381947819900371
829bf94f3c7511b9,0.08803442210483604
472338feab38fd63,0.0234140749083184
e2eb7c00452da3bf,0.06662173089320127
264d5eac0a3db4c1,0.12655655925419498
5dd40ed8f6931f40,0.12295057449167107
ea07294f7b9321f6,0.07246922796289247
800d5b199211d908,0.04367060356860425
c26171ff73291cde,0.14523500185312163
9b039401395029d1,0.044849209219530985
149773fc93e82e0b,0.1948202855846148
377962b226c4354c,0.05750337681578571
b33ace47f8c9cce3,0.03161974359889545
5898aee0357167ae,0.048811288957375715
5011475bc46160b0,0.03800115188084318
49403fb05b28bdc1,0.1289905661518272
d64f9b8328cadfcf,0.13689176694025476
8347b5a18bb84a35,0.07317172046622056
a72c9158377598af,0.07505532680873465
346932f67e7d808f,0.09729335846518879
e4962aaff0cf97fc,0.12984953067144941
d63549a6e599cc24,0.02265728472739859
d013eaf626e99575,0.07687939002145416
a7c0072db3d224b7,0.10136011169364345
b87493b15c6b1e21,0.07105093076365797
cd6d6ab0bf1601eb,0.08805701463668845
fc7b0d78438f45bc,0.13461918459330652
b53e88867e63ec5f,0.08146116476154824
1e1e7de7f17a14fe,0.07189051606043922
fff1df28cf047de8,0.05837134779491406
9a4279b8c94a438c,0.03089914849006126
d1a19d29c2aa4b9a,0.12183100743419543
ea65ca7ec57132e3,0.1309871555692884
35cc6e8b29ac28d6,0.22098530945004624
35cebb20cef64701,0.15302314147315185
03c27c6fa94b88b1,0.03200056354846382
654a7847a4c3d0a9,0.26644540597324906
d82da976d107c4ef,0.1884665392508845
0f7cdda5aab7cb9b,0.07139223024735049
511e61b096246922,0.04694675087175074
9bd56be8ba9524b8,0.13648261971686207
08980e1d210b6aa6,0.14378698715996444
c84430f350b3a159,0.06719555530018721
152edc8f6b8762bb,0.13542662918151527
a4a8682aa22552a5,0.10504924723179214
5448387d25232e4f,0.04103509318628613
86b5af3c99c2229f,0.040281940878705236
a243c84e17ad5313,0.1009210175668918
1cd4111d9e2c14af,0.03002958756426625
d6596bfbfd4cc049,0.14184268370638117
5f6669357f9d2602,0.11785740226595243
8ce4d3415fe4440d,0.08501389029016315
b7804e0aef5425ac,0.033928041740238245
a68ac8503924dfd3,0.11985090831209788
0ee54a169cddc5a0,0.06946616764322831
91e67962d58a2196,0.0673210481271556
337f92313341198c,0.08464253013257778
62fdb17735fc24f2,0.04602501102567055
32070e417cceeade,0.08514607247888906
d10e86cc3232dbc9,0.28505676212521486
9e379ff80b817265,0.15253780663702607
cfff3503c56dab5b,0.07953938860001085
9f21d3f021ded79b,0.04703539788411554
5fe69ac7610324ba,0.0897182813815371
fda80e0f061a2a2b,0.0761689381687638
e5f50a39b4e83fe7,0.1396516543571641
b7ac8ea60b369ad0,0.03304715866118981
f4aefa9fc2e0d241,0.2604775246195299
0f32bcb05a22709a,0.09410572372052407
13334ae771ee01a2,0.09418338877843913
d2596a53564c0b21,0.06776908676190772
1a90578444c1c9a4,0.054523002878964666
38767f6c13ad1bfc,0.05860976612466356
8d312d36ba150056,0.04185993993921953
c4e9fb7cce4bc726,0.08353824455897375
9ff220beebc71a5e,0.02700466852669875
24bb5e20d933da44,0.08490023052142333
42f6ebdc63da37de,0.13326441301663383
39f065a3b51d8011,0.02982156621097962
adfccf4de2f8f9e4,0.062152569563630626
bb73756443a5eee4,0.06457596498383938
0d9c7ad016175e4c,0.0768743216014554
01d6dee3fee929b0,0.05616388688333771
4c94ce26b7eb0794,0.12781378659985507
184edb2637a41d50,0.06321603562671106
b14c8ed6d2ad7039,0.024787857873772867
efdd1d7495765245,0.048725371396533525
affe3b0f590fae77,0.15971596174104438
3edd7de677b91b05,0.07313841381218934
ba9e4528463c5dbd,0.0659526896766531
8be8330f2029f548,0.057054916675914495
df6e6d77a02918af,0.05531302925332395
33d9746c24d2c070,0.10308180083727686
e51c785618029ad1,0.11362119069125783
d53ca1e375f1420d,0.11440033114975251
d4133e84363708fa,0.19309177567888688
094a4df459f84f9c,0.03636231448959478
c95b97cbc9622e38,0.03184978551779811
8a243d50081a0a41,0.11940251440361116
f6f2fd05daf66b4d,0.037548688453986075
3b5e52e54ed29ece,0.09221933143895722
144d292add5f41e9,0.12181854673910615
49aedb77fa2fb4fc,0.09032925804833902
81e5d80b657413b9,0.13345933051349157
fb21fa126522b6e2,0.09222774065277584
3451b921fd37a93f,0.1188870514878821
e25080fc68263c8a,0.17443994874728921
64f0448c8bc4b1eb,0.029017964890056994
ed89496194aa19dc,0.07253754050532958
fb22f7c013b24779,0.1119930461446399
1590a07714e8a656,0.02623739264826458
54ae2ffdf139cc38,0.03197266827094423
96bf13f3fa835169,0.08960182178041791
559cc1345795571a,0.045858093883020735
325ad194b9f588f7,0.10680102273524313
13ff609306472199,0.12196926877198777
3c87f31b6953fbbb,0.06718599935413828
2dd14f20786549ef,0.06171638466562853
be72fb5da729ec70,0.03999808370235861
dea2b01ff6868477,0.08961870173701307
c7ffc036c6fcf66f,0.11314714220574484
67b0cdefddff90ef,0.11247943345377143
eb949d7c7beb6354,0.08508258524041735
72dbbe8ab710128c,0.12584632432283993
fe50a3aa77d27195,0.018285031386732927
b7dea5f446a371e0,0.053338298987258226
3b6627fce4fa7c6e,0.0223317114224216
5766e8d8c783a487,0.1122762018956342
818813e68f11c85d,0.0852942772937001
4efd1ededeb6af5b,0.062395874835322385
7339d8d336c0728a,0.08177524122962056
5932b86b513569c7,0.09807908889905616
667e3c34655efebc,0.15172424978679502
211cf2ea67620b3e,0.19839518444432147
73ddd41ae18acb03,0.04349078175537118
b7d7b9bb940bf7b0,0.15323139301576258
672de9994012beff,0.09023648901410887
1fcb989eab73caf4,0.024735402121691247
1a8eef4f4936cf0b,0.05897845783633959
181bfbae0ed5b503,0.018353648141059106
0144b06a9d5772ce,0.1688284638307971
a6d79b35c359d2ca,0.178002999624129
adb1f5a83ffc8956,0.17066823881326312
7fe7578307634c36,0.22994392556528165
ef916f6bd9bbf8f3,0.10222325233879688
261b4b9303f16955,0.13182301685582667
bdd3d57f2dcbf24e,0.03422000292697845
87478ecab9990b69,0.08084123688150638
00903281b49f7885,0.5134298736875623
faa54ef489380476,0.15325401652410361
afd67495e65ca43e,0.041035339058667304
3cfeab5f2a521bd7,0.40494979368049133
f889243e554a57b9,0.13536113286148868
1633226e5baee1a0,0.2622975715051186
09429539f12260dd,0.05920290080319659
4642f19a02b65fbc,0.026550333294824317
454379600a0d58ae,0.11172552163152212
806b67c9407deaf5,0.033240319227939664
64147a091385f1dd,0.037126699252649456
410684a9ca496c4c,0.03725206552898632
198aca03e558bad7,0.03068528088522297
19112c76b72e70ac,0.030904894593005865
33cdd595d6f64465,0.04583216641467321
b678efa350251d1a,0.17334642442891168
2773ef74c8379c3e,0.15473920002117958
21a85668c56f4a28,0.07569493456409278
ad44c67c941b730b,0.030708614758929182
afafaec6ed7cb894,0.1250824407035738
7b2afaaec11da7c6,0.10134309150534415
14f8df83cb5fb959,0.12959723916430477
2fa6287a9d075ec1,0.06578859266083219
a20301029a5e8b78,0.12417887117901893
64c226150b42ee5c,0.08423485899639553
7012b66ec38b6038,0.018612896671828753
334a43b3d7746442,0.12062145614774644
3e39b50358f01b64,0.1046780711823826
dd424dd258080c0f,0.10855678563517075
b6815449a050c02f,0.05913582670844702
786b0bb1d7a4dfb8,0.03391236241170817
bfadd1b4779947e6,0.21082875298996828
23bda92c60bb92e1,0.17613754177722787
20f374eb224e1a7c,0.037660296164715584
04bc6e2ce35edb4c,0.14440652242657653
f5fe2d58beb86d40,0.06792196840621352
203f3df885ff03b3,0.02558023195086989
ac5388e6680db6ba,0.036938305625229186
20a190db150bd0a2,0.07848922454495344
03b8f432ac8e3226,0.08529862411546851
800d13aa581dc05a,0.12997177906580293
32ad97494e39788e,0.13661441679099565
762f69f875d0a0a7,0.11143371242948263
7102288564065a58,0.13453649588302294
a244d35bd0a46b86,0.09202739128806496
9fd85d10d8d80cd1,0.057483473655365026
cd37f417a290a412,0.13281207747870002
087a61efb373df95,0.0372187375477394
5cc1bb67fc9fa495,0.024690408206597982
38260167161be0f4,0.10344590210437214
377d6156aea5f7b3,0.15059672547305633
de73631ba462d9d8,0.028501338458770304
c6ad617675fc82bf,0.17585529712240247
53c0301b075c4edb,0.053675694450393774
d5d5bb7bc7475a6d,0.06066634643575645
2785f7c003032f79,0.06206132047836654
bacabfcb41e851d5,0.20616427474970078
930620d9c45cfc16,0.11073415544303926
a2253bc60bd26111,0.0877775897615936
48be98b0da47a60d,0.03414289945566025
4192611de72c647f,0.18334194304677875
0a3e55a0415cf1db,0.021312187731705845
94a41eaf6c166f8a,0.030062933677568862
65c588ff0e6a0940,0.092704550874389
7316f0f5207cff7d,0.20497035177061565
fb48d6120d40241e,0.023399560608598713
83e835be4b7da5bf,0.04612581746014413
be007ff41dfe8e33,0.16473014170551786
ae762981ec3e2222,0.20763518727977362
9cde4da63a470364,0.06509817590924728
1e641e6a0e15cb0a,0.25247756474992494
f1e1bfceceaf5b3d,0.04420836177003513
b33a9dd2d6116451,0.09323851904425695
6a00f8682a96e6c2,0.053351253195822144
4889bb3fafff04a6,0.024224472614689112
d83965adda3948e8,0.150519746353561
35ebd3eb17d43331,0.11439321554689508
4fddbddae3f8c321,0.05248814831946155
279f5d02ec1d4618,0.12859920762507274
18dc05e08437b19d,0.08371738587432252
fd5e41a3afe867c6,0.0781697924266386
4dfc9b4693d64425,0.11419589967237813
38efe84b2371909b,0.02161761914198657
d5ab3634461fbdba,0.09171508511733245
88ee52d04ccee47b,0.1402976499461007
311d0a7d1bc40182,0.07831392887710191
ca3eabbb86d9d394,0.1115606723054086
0839345320590491,0.06615629870065245
3166da0225b35bf6,0.08082147671587195
4fdcce92f68b7529,0.17531613093335138
4c0a03f188fa9938,0.06715734046503972
efd671b84d562241,0.029531349419333802
a1be96b06611a4a7,0.0806117926469392
7c15209ba7808ba2,0.142364590428495
b4fb7e75679d28cb,0.17315306863869906
095adfc07a65ed27,0.0770091947426574
a19e6a028348c708,0.018332770183545274
bb5e510a6639b43f,0.10254670791067022
fcf27b9cd834eeab,0.027554712380803034
dd9e809656743e04,0.10494624455300768
9cf20fc9b8513a03,0.1709891468325824
d929256e10f5e94b,0.08047607340866618
c7372107d1356264,0.16401701370041444
fb002ae965e2435b,0.06297457267653163
891d7ae2edccb735,0.12632191355112007
33b3795f9d4a8ef6,0.02316001950915698
bd1c976bfd04983e,0.10108479516493184
22d26961eaf80875,0.20584302390780287
3267d0aa9600286c,0.10570344691643947
f85b98ab9c2071aa,0.03697693960015449
4b4c86d64f258caa,0.1110172768018803
af271d6d690a0b0b,0.025960897331708612
8b1bdd0f68e6ab19,0.03371811926555163
aca740ec2df56ecd,0.1102748149014896
66cae06936335046,0.12008356088974437
8aa96ed1f09b6e82,0.17332414941885985
fb089d648c0fd719,0.07564050222027506
b3b39f3310bed9f2,0.08488234446100353
4c9ddb6a1c08a7ae,0.023717589505207675
8dafb6cdb58233f8,0.21595075947684317
8512f25e0995f115,0.13315666668101137
3e89b24f6780dfad,0.1469604767540927
811b5cd3d60f8f01,0.0860261778686412
8cecb78a9a20021d,0.057565967908915404
c726d19506a1a864,0.04342728539502166
bb71d5690f654fab,0.13141953810202944
01fddb547603eef0,0.08241911304815426
c6592de36f791128,0.06201634584424878
ccde7fc6a8ec59a5,0.054305104939035155
ba6d1493e3a1c1ad,0.10656741323190129
7dfaf88276d52a5e,0.13498307947441499
c09d65931e21624b,0.13605208950622769
f9544a6dbd4caa2f,0.026813195523828697
b374ef23d5ca3b3c,0.07458009349162485
c51f8b67a66b5aa4,0.3220027130047871
4793cb7dc1d36c4d,0.11801611236297355
c4a77a4226cf0e3f,0.07292303046050157
11b46e06959d7824,0.16504368113822224
75083fbf03436018,0.10029275011464645
44cc96b7436e60fb,0.1602965537392181
9c78ab8c7f52b1ad,0.06688241004379367
27c3ba5b3d6374ec,0.05008486371857459
09bad77cec8a0ea7,0.1009515055236459
7e5eaee69f7e8e60,0.04921456713517606
9701beed4cb2fd40,0.026905679230495413
a886ee5f5e57d356,0.015076067378198261
43322ba6466f83ae,0.07335358179767025
39ac7a6c910dc826,0.07410297648203533
a7624810eab99b39,0.1316006936797508
27ce336c13dd7f0e,0.047692563731355754
35ec56371ec7bab3,0.11311069021231794
1033972a8d27b8f3,0.18332594778446795
246fdf152b78ea45,0.03552425222568993
67db089b7a0697c3,0.03023236257583849
51541de4865fee3b,0.06715394522240668
2e0ffa5c733d2a47,0.16631281291368602
c307a7a1d2e93ae9,0.17157009723334915
60775afc974d2192,0.06487714861763509
1af8370aec8adce1,0.1374152767388202
7adaed59e375f94a,0.061443702734315354
d3f971f17d9ab0d0,0.03450465564073354
f1eff57932ef0f4a,0.10889711116178848
b41ea8380984305d,0.08886089340106744
dac2137cd3aface7,0.12473500537521542
48da40bf199dedce,0.05238179251427047
2c36f80cd8d50da4,0.024588180451450458
e45c5c285ae25a13,0.09807718133677816
d57fa89c692abe6a,0.13505873594733997
0d5b889f910953e2,0.02913815628737432
a2bb73ef62a1fa41,0.134798458567317
161e450caac64b0b,0.05250689426632279
870239c07fe84d59,0.19391096715607545
1a510d36c73a9190,0.07358057050220422
6365e056680facbe,0.09891081861634991
7e5efd56e82bc148,0.04434969224740291
8ddf8d226ddfa267,0.022924123544109085
aa2927ee663efd7e,0.06308573265489495
1969a71e6c309cce,0.05658917630324367
33e3103e2045fa64,0.032643520144900434
79d3953d4c100b9d,0.2483723080493833
8a0bec565c237aae,0.07619001344004929
e7b2425696ad04e1,0.026541621301689283
1585c48da5187cc9,0.13150153612801133
b508d898d174eb05,0.12177117519951715
ae96ed3d88eb7aed,0.04991130343532654
3780b01a20d9aafc,0.13518522448746628
5d2ea0bc3f49f99f,0.11807003397366074
609566c49b16621d,0.02922606983558293
52a50658bfe832ee,0.1254373754363443
76655f684bc2518a,0.042524677017030076
507aa51e38d00459,0.04192518149943401
e7edc5fb783b818a,0.03220644889413291
3488c9b765c1219f,0.038079148595031496
60726ee6707bab89,0.18965094085159354
724b704c54783fd3,0.032518306298799926
23405c43202f489c,0.06257807116709375
0a275c8c3adc1e3b,0.04657681965362196
ad727a83295f79c1,0.20428785817255393
9fcd517a3727524e,0.08170747411147405
c1a15f34e5189a8f,0.07121493099593844
ee586308edeeb5fd,0.13281350228246883
61323c4c907b9667,0.15716806910931005
dc6ad9b2ea237556,0.24180842730599808
fc261535991f079a,0.03917699667168833
199f8696fe22e8f6,0.04748631985743828
80c803fed1e7b815,0.02610264694489654
b3645ff1881e6181,0.04227261279554092
f077bcf8ba579026,0.0926820866584848
c98984325495234b,0.0654198404908969
2b1acfb2885f0207,0.03243188637704456
58aea5fe94bdc9f0,0.06424210080146261
13ce2e76f9ac9797,0.12034644426373242
585b1ae5f2fdf9d8,0.22361843238359894
c02d00f3c935fac9,0.06900862892401764
961c1ecf22020dd7,0.07474664485275391
34a2c0730076cd51,0.1701540061412
f08c72208c842a80,0.1570252683319242
3d0365b300b08d12,0.14518568215299069
7698d1646b1160a7,0.04507788573945262
46fe0812a4d6a0e5,0.06372437159517232
1992a8cfd9dcd0a4,0.15635853915069703
234824681fe92370,0.03436115375597396
66dae8fb83f01cda,0.035631095789109425
565a8741e734fb66,0.06324533059250077
85796d3a4623f1b4,0.03720548811389749
980c038df259aca4,0.03915519857479083
847d49fff22ffac8,0.15902931700772835
3ab579aad87803f2,0.032695755475588034
7c287939d256c04a,0.05112252781733464
9b56b63c1ce61e36,0.033780215708540465
2b2beb4ade849fe5,0.10711445044626211
ca97e3a639d0f212,0.05511892002322138
cdf0a515724936f7,0.09086303240042974
f0d9600d63271cb1,0.1618584762924861
61f6d6cd6e8ebecb,0.07201876402720668
66bb128d75c1a31d,0.08914175722321153
ff6ace3df2f93fd8,0.022765921817653828
174f6de5e6fd0ce6,0.15069454442235394
f629016e686c93c7,0.13214905654507905
8a5cd96071aee653,0.015938878410171466
47a56fcce1a48c57,0.18283305272929717
bc218a229f6dd8a3,0.060942810145089704
6700a0d8cc03fd40,0.10759950231218328
bf07422782deaa4e,0.21327663247504022
67e5b268a06fc16c,0.038935851085877
775246a31de87040,0.06365149778728978
a8c96679585190f7,0.03798031983615454
85e8b073ae9d6cb6,0.12476122493329571
8d783fa9a84a2016,0.28141130054422864
afa9ef8b36efca27,0.03362572277885512
292ad72f433b2ec4,0.04435895457580135
543a382acb950efa,0.04286011624954437
97eee667e12fac11,0.05905654687723966
f1594e042dbd4135,0.035114196649294306
c4acac79bfd54ae4,0.0540880904624792
f1bc5cee7cfbe74f,0.07421145791500461
25e346e1b0340347,0.06323320296562357
53b71602a81f5c52,0.06857674286222269
6d2d4b17736e595e,0.07567017505568392
f652427f39b6f10d,0.3711225741088205
1437d0c59eca00af,0.03555319655335359
d8980b5b1d68a4ee,0.13070742356717796
442b8a915014e871,0.09328152501181942
6a1e5bce20cbbd53,0.16881675179987934
ec75dfc7e578543f,0.026487059488184122
94cd35193b228a90,0.380398035292429
15617a2281e76896,0.0915202780681238
ae22b29ad0d98702,0.038474046612323544
3e5ee530dd802ab2,0.05803145123995038
9304c1771978ab05,0.027249203500040436
635d5bab100147aa,0.09398076856967925
cf12cab6ff5fa6dc,0.10743800269797792
cc7ce49efd47f0a0,0.03100515184653684
20c507d578183dfc,0.13249436524090105
e29e2bc7c3e6ef41,0.22144782513835407
61e270d51cee0fe8,0.09414157590549717
a1cf27e43a150760,0.25035295264628327
9bdddc292578558b,0.042617826277707216
fa0f0cb920abdb0c,0.1368206381211039
95dc87b7553104b2,0.20275603184566945
c268681605733a6e,0.07623779448741552
57f8444d376ead3c,0.15482726997586935
1eb08c4e2e2d0a0a,0.10133362804380715
65f04a475e60bc71,0.10607036230026064
54b86d86b2c582db,0.04679838303851746
ac660728eb9adcbe,0.0839299149787679
9dc70760c7a65427,0.18213723028066
707fa7577b28c00b,0.04018286496368576
dfc0ad3ac006f7dc,0.08491818230691124
d02c60d97c52824d,0.04402366819398309
68735cd4123d2c31,0.23003530007516995
e7fa76e1a52159ec,0.03179674138563859
8e2a48702b61cf4b,0.024364581084862943
7b4d442d12660d2e,0.04730329982126379
1879fdf1618adb5c,0.09983134037694641
28331b7b0b1598fa,0.03807411181162181
c27a3cd35a718f85,0.06746485077175317
003398b630719a7d,0.03715609781480163
70b9137733db97b6,0.08815198968873932
f0ea5635eb777479,0.11949409442383889
e80ca1e08210095b,0.1138978931540121
033b8feb5aaae03b,0.035310039690039006
ac6a54139c7c9d37,0.13496278175507537
ebc95757b2947172,0.05029844051069573
2fcf426035785728,0.0864618240125604
78996a14f02ebbe3,0.035362295268656786
a87e26d221511c94,0.01609433385567299
c5eddf448403ab6e,0.031175288253091165
e8da0e67e35aa293,0.09788940510946503
88b632eaf9356d3a,0.05640490100023322
85571b011c6fcfaa,0.22984407824761025
9013d63ab473f952,0.13817692656402855
960cad37cffe68eb,0.054373239598252986
e247eb8f78f75a9f,0.06423057721430377
80eaa51c4c8a00ee,0.02987514830667253
35849a3326fb87fa,0.04401641865650029
d95e6b933db44247,0.03288225870510446
c8d99c2ec6082321,0.03023829904508932
c9aea5e1048b2e51,0.11138264800360324
e01947dd147cbbce,0.04555781168844547
ae79b75a13c928bf,0.03883416925567201
ce571fad3257b3f6,0.03228749552799934
a95633f51ef3a7b0,0.03309625250297727
297c6928439e696a,0.17120016374329516
a4d78fd9f9ffb303,0.06635428604200097
2dbf5dac4bc14af2,0.14061957173926
484f57153280140c,0.1001798214363477
db3d92a2887ed53d,0.12650353767172332
0fcc2eaacbd92a61,0.020518891926638496
3b06de421485ddad,0.11174338834991615
3ab1395e200e5b42,0.1542368078188431
8b607b6592065a8e,0.051059633511352696
a58b1c259179dc09,0.16912014224409888
a84f2ec64cddb96d,0.19253849508052756
794ec7ff88727529,0.048300518755438816
7bec4fd7e9a158f2,0.05899440358367347
bb364b5bbcd978f4,0.20775599793906804
89b648a5f0f0ab12,0.09712963286036756
63de8d6c54817aa3,0.016586144181446227
f379e9f71ba0c23e,0.08013801337493419
a4d79f83a661fa2e,0.0960453639604208
211b21d15b3b91a0,0.045122668862090064
1186f6b426beed22,0.0702054971456433
8dbf55afa93fb576,0.10399442632201496
4c37d40f77654769,0.03840211300278141
282449c18b62e5e6,0.17135998873265904
12472f1c83854116,0.13866123092754865
eb624c530d058714,0.06896059702367485
916aa0618dc412d3,0.18182220874127034
b9f7f01f0c234a62,0.15765307626841762
d6a72e0c5f8c9277,0.0295248187293482
888195334e946eb0,0.02308606295127889
f1aaca6b558ffaf2,0.05868356772931487
cfd7c6655e63d480,0.21125420753069327
d54c579db2ee74b5,0.028745581251968622
3d05c28ee2849928,0.2646894644091149
88653ba09b9797ff,0.026633214669148825
270649bc52035cbd,0.03126930392245481
164c0240a44d6755,0.07324833750077563
71d79d68a2b92f27,0.10596901515697199
9bb25aadd2b3bdb4,0.17630566503531664
b3c62935a53d8997,0.05735222706295789
e850d24192f9e415,0.03145229160940006
0834b059b33fe386,0.13322551069939711
57cca7c7ea10b6ab,0.05344719497877471
39483c2d8174f1ed,0.14938281265714734
4df07eb70c71ec51,0.16758476426523372
771b30a38c390789,0.06131149060387853
65037a69f9336b3b,0.10582066825939486
97bf39056279f7fa,0.10426982913665532
1a2d12af54623039,0.06901305503552102
e649d739e4cbe4eb,0.21904452346543646
7c35e8ece8dd52b2,0.1374284317769856
4f679f800c6abb6d,0.16081456894514842
42a8a8ccd4f9f9e2,0.02173549913262489
662eb31e5ca29cb7,0.08378912757757755
39a75d0fc9a932b4,0.11465434707486309
f80b6c96f9ca16ca,0.029207735906858972
d1112438bc117eb4,0.10115091006480081
2a23256f8a1b1dad,0.11732896021577649
e3da84e292717dd8,0.05505147191021153
b3da0bcad91df631,0.16331129560414087
b7317d34b8035aa3,0.0641821782642853
263b44530f890156,0.09535337821762148
4908216a464f51c6,0.14585738715419885
d0b576af5fedd973,0.09563396606883241
d53abab056eabccb,0.09697042282270836
9947a71c07c08013,0.14379093810165947
e3f83e6765042b60,0.091131865473361
b5e1fe2cd612caf7,0.052229604168645256
2c979dd3ae786b0b,0.024257431705772308
37ebd133842ac652,0.1250528586726466
8d7452fc00bad24b,0.1051847754222432
be4d73360ad37873,0.06703530484168387
40b14de62d50cd96,0.4805906882674991
e8b95e5aac14d285,0.03208790572664992
545aeb4e5c2808c7,0.05177052190001519
3ea943e815e609c3,0.04514226875730554
9c3663c00fb99ff6,0.06150380936659324
6806a16705d54743,0.13029352345622358
9658ef3f8e3ed080,0.09659894583305646
72aca7fa36feebdf,0.0942445931875416
dfe86e43c4930991,0.09974455220465465
4f82ff5b5651d2f0,0.04135819257110663
d13da56afbdee207,0.07897087727987889
0dcdbb940af66121,0.04133384653242209
0e09773245767eac,0.03581119111888104
b186bc9610e2b533,0.151518324901236
d54841a2e0a4cca8,0.383749618814075
166c017caddab251,0.1617963779336137
a23f0288384f2f2d,0.11771797355734348
4886d310e5914363,0.06138304426522101
41edfc6111e88f1f,0.045050396211719836
0f33a4c86170e40b,0.0675136746902746
19bac5bcc4414e66,0.028020587982730123
88ddba34446d1ade,0.06619178675529429
a8dfc97deea7f5fa,0.12194515708481986
fbe5da4001a21c4a,0.03071558016331026
8ea535444187b6ac,0.05616410039737161
1be66765efbe9174,0.07104038416565943
05f16b595e33f77b,0.05489771308156641
3fb3259efef9eda0,0.03396863801544328
43836f5657b092dc,0.16383894016364606
26ac42441170201f,0.1588556113172721
12a4ec2031ef6174,0.053147053421649694
d8e7f33605a80ae3,0.07707313204371737
d6bde3bc380d8735,0.08328242569704551
9e0c178f3e852551,0.18332409480711095
88a6149ecfb1f651,0.071646325278933
54a33fc8125490a9,0.07794419711553464
2930f4f063583542,0.05666266327897851
5092541f5024187c,0.044990657770513524
e78a593c9b385330,0.10855385139851886
a09be3a8eeceee6f,0.151483454561238
7010ac1b44772de3,0.06661143615889871
49a17880c454c7c3,0.04560802278962203
4e36cc0f1383ebd3,0.1176326324481141
ebdb25864f6ce1b9,0.03585534336163122
bdb72360a5581c6d,0.10923258916071205
8c698e0fbcb6a090,0.043081373554918645
9c350ea7550d8378,0.03797230056998702
a8b88f7bb8ca6361,0.04605748396401651
3d326c98287fba6f,0.09238790299223593
f42c01d8b045f708,0.12137452971754908
8e5d62b3ab696aaa,0.030207774701857506
6224caf3c72e7ee3,0.07327329461826815
926fddd6b2ee63aa,0.0172353215486437
922cf50522b3b88b,0.12476936459462844
7d0fb10204af6166,0.19058534853323902
1a76fbd031e39a6b,0.21056387875065818
fd68ea29d356dd75,0.03015018644914731
03cc36191251ada1,0.1199850991629376
99b5bb0b92d8a55a,0.04250057662264221
aac02a9d632924f3,0.03484071037029457
5d220b8e18201d3a,0.039894763232006684
14fc1d6fe2d4e69a,0.16815575016628362
35e119f52196b1ba,0.03224952099593898
40f1234b5a30403c,0.12075804317673054
d59ccb5d557c022e,0.1131395233770639
0c385e728de38f99,0.061018786853123654
f8683477a2ab2ade,0.2207865230556009
511fe8f39056b9f0,0.0715271749227734
c99c5d897170f156,0.10200584412748519
9d753071d21e6c36,0.056453445195989736
9e9289f66961c664,0.1167741818086007
5f8b0d75fdfecea0,0.039976494563646686
9dc13c482e059e6f,0.07359483783675476
3f87fc97c66a3191,0.15291637991397292
1b3f3ffb589858e3,0.03393477944278832
5358785efbcfdaaa,0.0720941949906981
57193bdf5b9a6b42,0.12295539468569872
4ba6c061c5bcb057,0.6208004233592849
218a85cad268eab4,0.1692507212763045
f93dbe2cfff78101,0.12132810059361732
a8481146cd533ccd,0.11868514873364903
84b0e8fa750b7a33,0.09468210037233434
fdcc76060f099b01,0.028319535426273024
300a47eca14f8974,0.12058985677826468
14218faebac40dda,0.06470835760383534
6df2c2d2e3c3a7a8,0.121105845606447
73b49cfc1f3e9dfe,0.024560434706368844
7f686a76e0a43e5a,0.08489262770758688
bf81324a27520bde,0.10772417513311315
f5d463ec64cf0b0d,0.08264059815860923
7b0554b8ca04f697,0.04424504318587901
e1b2fbbaa6be8596,0.0816908648046171
1b881aaa4217102a,0.09100808715528926
c212840fd1764342,0.05013591643771744
ef314439dbb365d6,0.0384786812618978
1772dc13f02d39b7,0.08782630025296327
b9ed04801fc7a354,0.05367155717625007
105a3d1544b0f94b,0.11884720999185368
78654baca9d1378e,0.21215151154287884
9bc2056512b6d4b6,0.04514154415792452
09c4cf78e2e7adc5,0.06541274880290171
b2555ae21207d05b,0.12344797297860764
ae348fe15c764802,0.05483241965917274
f0124c71b8a4ad33,0.0849350540389688
b56dc4e690b38942,0.04537309328550879
f780521ce14740f3,0.03864780755564302
dc6f043604dd54fe,0.0758917130029549
e07db4ab9d64f3ee,0.10521145151072657
8afd23b140e4bcb6,0.12412923233711996
11bdf36dc7a35404,0.038326112845324826
4996a5c048b055d5,0.1449445584289137
623d8021b7d32292,0.11255653907234782
9eaa2f70288d4b3f,0.08314816307565535
9b0054be7988059a,0.08375342820093641
3952d82f6df456f1,0.035972265572310286
8533f9a63a9367b1,0.06643964560325447
391d9fb2c3bd6fbe,0.0313056684816479
101b529dd70a1e11,0.044277874457268794
85b19b6a46b45156,0.03845426952227075
a4b17c05d90ca2b2,0.08007534658516706
194ecba02d51bfb5,0.07461555841520354
20a12da2d8890e93,0.035834980149445646
2df9214ba1de660d,0.07563195607099253
bd7e307eb75933e1,0.10241491350711247
5e0b0dbe5ffe6e83,0.9648928371166724
bf3a6cfc9a1f3c80,0.059574132179270385
82ae8090ca11b2e6,0.13475776386885382
4901ed9747386ca7,0.12224399279629061
53084b49be13c52f,0.1347921367373534
0263cc51aa1acd4c,0.10439531950611586
41e313f2355b137c,0.11719334838025601
51a37cfce403f12f,0.050063418141437915
df4f484e6719459f,0.04322335322694021
de7f255e061d07f9,0.09821467413882844
741683772f1576c7,0.15329573617570158
54c7fb2af01e96d6,0.15867188344662442
24c542dab399c685,0.029338567653116144
a1230bf06c58290d,0.04254702130302921
900e15461a12870f,0.1541509598624454
c089536a25834f70,0.06130606974419034
afc3286b544f0040,0.15849396554766337
c61465243a2221a5,0.13413153386864327
cb1f20d4bb93c243,0.04497150560502249
30725d20e5558b56,0.059971206489260916
94ce3e10e75f90a6,0.03578989539688302
48d0b89d569495d8,0.10942860862376158
ff1ad6d36283f697,0.04723561766252373
72be68b75d2c814b,0.03559036510071079
e4b90062b12b7030,0.14584431418281746
d6323a665e446722,0.050796281359418625
2d37f4baed1667c1,0.09312119887409011
05781aee37a18dac,0.044328192046633054
de24d558a18a9f32,0.04295840983687812
cb44379989560ff1,0.04228449986580487
eb333ca8ccdad2c8,0.05155067335399579
1d5cf29e044bf468,0.13312479610432343
172401cbfcd665a3,0.14678376902008447
8247761544773a90,0.020738358703404746
5f2c0797f7cb831e,0.03714208882714163
a7edbfd2acdf8ad0,0.06171456696290528
fdcb685349aaef9b,0.1166566802736876
1568e5a308c50e7b,0.13600932946417885
53f5f1c7014efbaf,0.08585162360715637
e992034fc58854a7,0.05704496927605481
b1fc334e48e20c8a,0.029883523706253107
ca9f6168acd90b8b,0.036446914777539065
929bd47a71c6b958,0.27018454330437297
f7ee05e2b2ea34e4,0.058516224218880364
2f3fdc90e73536d0,0.033742235348378474
b43f6d156041778c,0.03790080854760632
6b0740f130757056,0.04838152184458666
9f1200bd8ef18393,0.07296047474813407
bf0849396acf9180,0.0324952391662693
58f62b02898dcd7c,0.3330842896246416
825b360a284d4a2e,0.030125364993973492
0274228343b0c7cc,0.20573272029276932
746ca6b736caea7b,0.03986069153076161
69cadc81ce7e015c,0.04871526269056353
295dc3bdd969b7cf,0.09604505699521143
e0c7aeb2471c9ba6,0.16524637145718027
a7c128e7baf08587,0.06311794639081388
74ac5ce19092de45,0.09240461871889495
5642496d768456f0,0.1575367745776648
9568d09b37d48147,0.11038082983994651
687eb07ac1ec9aba,0.05975805548451418
1131d59f818ebfc7,0.04667047509062178
70d46c4ad271dfcf,0.08028657906388774
333d8235e3bd1acc,0.05670982078085466
f9dc0ee30937f393,0.09715506020823313
e2e48b863ea7d61c,0.10402889654250164
96ad67d29a15ec47,0.10146867588857211
998b0ea49069c858,0.03257294661914759
cbf500fe483dca27,0.043990929970688486
32889f39f5c7e4e1,0.050274314956822864
f87241418df6147d,0.09116601744140145
afed174cf13b9d7f,0.08568343452788761
d52f3c40480519e8,0.14786547751347454
67306d595867bdca,0.028157192969309807
dc439b5c79486948,0.06498834620747572
35089dcee9e9ba1c,0.043460901705319153
61b5d6ef5f241490,0.04161432385026607
45f5713dcef10264,0.08099114175880694
2a3053d58302242a,0.03576712150893443
0998f38d4d069491,0.10454940574309336
accc2c8ae67e6063,0.025881458426128906
9f5292cbd3806d79,0.04381877086027564
1fb85b95e91ae45e,0.05396187568804831
faa0394464cef2e8,0.026921483503400883
af95309c63fadc79,0.08208360206113413
b8b45d6732b08fb5,0.06195465181160254
66966f55862259dc,0.07049284888827205
608333309da6527a,0.1339127501930286
36dc5921a7d84ed1,0.07770095946128676
27813742ebfe2b33,0.08498182129552512
211d5db960ca61c8,0.02618847892730944
5b186ac0d11513b9,0.29976864477510096
832d1c008bc3ef2b,0.13101200701936513
7d4e4f8d7d40dcfc,0.0413913308477696
f0dfb22c3a27665d,0.16521643121410398
407451c452cc5d17,0.19039634872478775
56928312feff0ba3,0.09518454163128319
9454541a6582c13a,0.052416973675095596
e6e2f33f21d593de,0.027029343592139602
eaa2910769614f8e,0.018327534033642838
127bd9796d970cc9,0.0635549616569968
169858f0ea055525,0.05207467891424075
47a3a9c393a619bb,0.03611125615310195
d25e98683c74aa8c,0.10197490096533164
4f2ec1f813538809,0.10202154971141693
8e5753d72777a9ac,0.05653520308365805
d9cef172341ac628,0.4876561660671499
d2c6b2e087495365,0.14411152926686344
5aab483da67d16b3,0.10112778949031075
ad319fa45d964c5e,0.15809668588442224
730d677b8c968e37,0.04261375727823211
b1e38b684248bd0f,0.14402653054152667
ccd097c32d7ca7c0,0.05307921837973962
4cb0f5de29f8b8a8,0.10399232415970101
902aa8ae7819a527,0.022204566395669773
36cc1fd78eea46be,0.13763161956306044
5b8a6b0aae157e06,0.13033718652833512
d371f4cddd5ab580,0.047425532641607863
a07311ae113f1cc7,0.12988928086802742
8ff382f017152a6b,0.11119112511940625
bfe18fe096f61209,0.05935217788125435
97f3a3f55f767d91,0.03849428559968082
a4058a2e4bbcaddc,0.15527000195574472
6dbcfd20040642cf,0.03498172477890555
42a6b3c10ef18f02,0.086821966104822
9d7f6f4e136504fc,0.04660334803712696
0165f411bc818cb0,0.10595851209897955
bffe1b12bbe69fb2,0.11302698310548848
e01b40b1d6f30df0,0.15645665935753733
3201c568d1d26470,0.14808077300348618
0affa4eadbf1db83,0.17905246848152914
ddd3b7b0ab9f40d9,0.12691121201019331
ec738c2ec1bfcd80,0.01903546113926619
906a954f8e1fea07,0.213493949205068
cdbfc59fb04fc180,0.19009455402336686
2d4770eef88200b3,0.03165273208552961
3d18600bcebb32aa,0.07901643994763873
3e050322f92541d9,0.06393266895233025
1221e13593768788,0.05828020837420595
e7ea980a9b3cc8c4,0.09394981962337971
398953f786ac4845,0.1687362200137926
e8efc32edeaa174c,0.14397038990460906
49f061e869ee997d,0.0886736879434279
17668415b4ad9f20,0.045018619910778705
81e71cda520c7c11,0.12590032230038148
7c48e5537ec69161,0.05362283352162945
7b6ba45bf7c43e21,0.08492006595801439
9cdc08694020bc45,0.13746582491809634
60a026b4a766753d,0.09264027415166114
719db72fef47ca30,0.04293472591817482
c0b5b808eb068fc6,0.12258534212729931
b20616efa1e51758,0.03675903717434833
d1c2190b7e54ae51,0.027041325916391894
88d71cf388b60bf4,0.12802228139209362
c2394a42025bd869,0.2119136410920289
19b165b652dbcda4,0.14864111217556844
c17841139e5914a5,0.12508744890673665
5549a53bbf9d24be,0.11917998345759206
2da830aa5b2812cb,0.04942302807981273
fb36e8ea3112744a,0.06670587429869602
3dcfee7f0efc084a,0.13826469520215443
16a97d3860c22e1c,0.15830874561355243
6322b2e3f7dca7db,0.08245309165722686
a48ff3331f89fc6d,0.09974077682449768
e07a96472008d97e,0.22533732771861634
42af4fb223127bc3,0.04080893955605153
4aa484762f1d25ae,0.12413664816229324
c414fb964c9cbb8f,0.12467302370411805
397cb89e6ab8a959,0.13761663933277066
2e9d9d9e0a6af0ff,0.1063923111731972
fc32ff9c59a22f95,0.020197105384896247
5783d334ad7f831b,0.1422242737022704
dbaa31f9fbbb6219,0.03924720422590817
93eb228beb06de30,0.029088492075616455
482d6bc5204e5ae1,0.056309827865037
7128efa4863f0362,0.09966739365640602
ba5809f410734a94,0.06680471683851259
a571eb5010a2e299,0.05145257503724474
ad6cdd09fea09683,0.1423263232457801
fa9d2cf12e72efce,0.14046398405072053
a8ae0f9ef30ce81a,0.30451929420519946
3b234a17219db0b1,0.040519917555344745
25b24a0734045bd8,0.1607229615473368
771f41a483c9f8a5,0.10281043080250596
22a6c4ec274869d7,0.1102702264575281
e48895820558223a,0.05348751068633014
02c11767f29d0426,0.021121441315361335
d686fd200c65923c,0.18627980686158851
adfe117f01ca698a,0.017416051268136345
69f3b49837e76dc6,0.07415014822033987
2e72632e2ea73631,0.03394095507346543
3207b91e24e27568,0.03930212060101725
95f22517cd16a7c2,0.06425961277585435
543936caa0e83a72,0.05103151436037018
58c5c659df736b0b,0.0467507663217055
997b65e2ca34d529,0.053929235913669084
75bd9c566434eae8,0.03852315950380263
14088d0f66d091e7,0.17240949768052624
4014d97b63499622,0.06702784711377978
f9d10471eb47111f,0.13004771580514238
545fffb7628e26bd,0.02697188464867059
9c45d75bebd4d820,0.023597189117240906
f710caef77284ef1,0.14587802998988694
e4bc3c14c4f4b1a8,0.10908699830084619
392b17be6354d3a9,0.11355420226971209
9cc8d07ee090f377,0.14889968551990443
b2fbccdb690a2b84,0.10039125696969682
291257ccaccf9d11,0.11627821024686187
c9022a6ee3a5d7d8,0.03467745682572732
19a688707e160732,0.041722498979627404
84bef4f5323ebd93,0.13533336295546758
a3e5e1903e0e9682,0.06418492124013063
3b0297530613b732,0.03609522025872147
ca0fa3062d6f947a,0.13652972648558542
aba2a7eb167c6548,0.12844081596368462
7dace0a49f811059,0.1133527070212722
522ed32d9fdf2d72,0.10447437425543997
8771c418cc219aa1,0.09845646258403522
1b8f8b528f041137,0.015941638080562908
a9112add272578cc,0.08608636830579393
e722b584b816d2f4,0.12409370616883893
324dcb8fa3962b96,0.09004622860435696
ee84f939a7ab4e14,0.15704184336840082
f7a5683abeeb512e,0.053740911374092336
788dec8bb41081b9,0.0319682036961081
20880910f50c0159,0.11074077646909852
a55d2babd6ac6e05,0.034363530336518795
7c5af2b41b2f1889,0.08662239578147124
af9599e0e687edff,0.07106534116802658
96de608fb997caee,0.033295282991086445
ef99f60d68f58a7e,0.27181586547106457
59d2159096523cdb,0.24933634210550967
606abd74dcfa442e,0.16089483061324658
20fdb4917e7e9401,0.04140026824012349
a3a5ff27339bb075,0.12155189841427143
b5ecb5c63b48ec75,0.20163125615106017
0a039166594e063a,0.026056246624456603
62bfe04683f51a3c,0.09682442860443259
b430c4d5161b59db,0.15570048497543876
a385f4145be5f5d0,0.02468000091431677
904e0bfdad64bd43,0.30986063646615
0f4074528657c491,0.1534366489243481
39e4468b2f4b7935,0.09629344775509598
9125b00413b353d6,0.02512283652601062
fafd8063bc5f5cec,0.13400734466211298
6b06401ff364064a,0.02345905614701788
e5c9addac3faca6d,0.036759844489531755
d12807d748517f6e,0.05834056101648452
828de307532bb29a,0.17239384113047576
2799da617b3128ab,0.03289520128071794
7b6d6ea6d9feff86,0.030689709572128448
0627c402fd75fb9d,0.14695909670256088
a1bb99f3b749279f,0.06714648424586275
ceac2c53c27234d5,0.02203075186755621
9b3de1b793447910,0.03738626138173356
76a426cfc81a4d2d,0.13174977758076276
abac3cc21ba1b309,0.032004116008716284
4e8b9323fa254334,0.09905533102332502
1a4205578a28486e,0.1460760139513496
fa7dfc3f7d4a1344,0.14528558802070615
340b1651b36c8645,0.07099500491203235
73cf2e26157ed703,0.13284028616684265
87add43c2ce1b06e,0.10742123640454204
01717bfb5b3542c8,0.11192267355796831
70ca05c9213444aa,0.07349589023306326
0684a9a80bfd34b3,0.08958875090137135
8c2ae373e2809c29,0.057241962112323484
331341a7f1c33272,0.11823269817581532
97078c12c161c701,0.06696085524141406
4ddffb1d8861cc54,0.03320973282011296
2dbc5e3027b4817b,0.08149445518956815
8fcb717c71bb3cfc,0.04194361387588532
58ed220fa88a029b,0.025587052300983428
fcad4ebd837b0031,0.03175031961111001
0792e52fe2c9b711,0.11575998518441673
576de6970c4ba90c,0.11964096908189066
930888a00b16e315,0.10463644373386483
bb00b59f720aadc8,0.10945700300046672
05aad23e028bea27,0.07893086512071666
0ccaef7346d2eebe,0.06038181546676873
bc31c0a97c89dac1,0.1246710437928306
239478b0c695aad2,0.07570847256539984
6d59238e91d3c6d6,0.08202299709207461
02b6f6002980042e,0.11552313855172759
0164fc5fb575ee2b,0.09313214859756358
d8ba5ce01fe8a09d,0.10276227431395522
173b378df818b167,0.025184897538173562
7f5edae9b09a208c,0.10426159839871481
0b5662c2a594c20c,0.10322230131437947
55ba1dbed1a641ea,0.12281187665902778
c944ecb134192652,0.17053078167061764
3984b7d478aec2b1,0.14509677924826045
f6ff304e4f459ab4,0.16623894775888878
a49951ac9b42ceab,0.06264673259284573
4b48ddb6a65e584b,0.20304440903663976
624009526008e265,0.0661687548840728
9ca1f3fd0ed031b3,0.11312753836953197
dd7e10345355a17c,0.068658644685635
a324ae18d57bb12f,0.14082627931164135
f3aede6892999fdd,0.05625849636367275
798f779dbd13fb6c,0.21900229357945059
21481b4c28f91b47,0.031233810852261474
8529066c088169cd,0.026589950844792015
7e93ed2093de4112,0.04539291969656226
51687c7ba8a553be,0.09340789323968772
4ad8b585409698e6,0.029159777667215114
eca2dbbd4829118c,0.14362487672756283
7a9bea3f50549e57,0.07833762788440228
e53cb4d81fe012e8,0.10062574196155061
25e3af07b73ccb43,0.06377553838562032
939b59f220b94ec8,0.06294065911030365
9618c75bab14bdc4,0.18594773421481517
2ac483615d4696d4,0.17431587002576018
b357b45b22852d5f,0.030285153974616424
eed158b983054ab2,0.03544036900377771
25b699ec3d33020b,0.29015860058383897
fabe692869cbf6a8,0.04410891796011051
e30cdc55701f891d,0.10961465985844517
4e247c59738e0754,0.09714293544778296
eb6c93bf83ef9f01,0.1228325238850258
4b2a51b89182eb2f,0.08773532616707629
920800c7a752c35e,0.029741750124319455
00e3f3638706ad20,0.08616401838922298
3b68344f608e8cf6,0.04141892052474391
bd0092d0e87dd02b,0.07044947804605535
d3020752ddea13e5,0.11250074757901667
679a41beeaebf503,0.1391250606916618
7fcec9e71dcf18cc,0.05375236078269539
735724a234bf2816,0.10722010477501494
31cdf3e24ce53af5,0.08188444216115999
58b83792be0f6321,0.1581222905083806
2a84a58cf96025f5,0.03277876567548013
9fcedeea63586bf0,0.1225610902189802
d9de7aba8c682fda,0.02569678648673503
08572215a3892815,0.059282332503525
b488884763d551a2,0.1380888322888517
c30e80405d6e58b2,0.03278148044150159
0c86a250e70f6eb2,0.07494508483127806
a11c15fcf4597f82,0.11723874800707866
2caedcb4ee1a4103,0.2520734287671456
f91d05eaa3df539e,0.08593350374121321
8bba0a98ae140af5,0.1399001578601032
a987e81632676043,0.11191608485376386
f50807d17b5c038f,0.1415797234185335
ee12454070596716,0.10801717912783161
b6e0190c3e5766ef,0.2233856282078043
a57b30735e272a29,0.027049048325781904
ca66fe2ee058013e,0.12381858044106946
1969a8349757d32d,0.10665590899705261
a5bad4f4702eb96b,0.04123371770069814
2f4ee5ef7a9e32ab,0.18365489600119744
abb1f9350d96ed70,0.06350347875836411
8a663152856f606b,0.03616041827484835
5965e2be33eecfc3,0.030981923766847917
75414a1e69d6f205,0.0754509870762421
0d6362f82430762d,0.10844939036092749
cded8976cdbec569,0.12033049039132572
2f21d9cb88d7004a,0.12972432988382282
bd0809d01c93396d,0.1819320994785348
d368fd4152e904a0,0.16050654431584327
7a088b0bef4cb74c,0.045872546158517
dad9460a25f9913b,0.1900195164391485
50f138449e3fe2e8,0.10525988076788222
53eecae41b9614fd,0.16132774360909657
c88755b5796bc0c9,0.15597056331476636
1b2bf22690f55b23,0.0717618392379919
4c0b6078692f7c89,0.08985782721435176
d310596293c8f04c,0.09034834566391968
3a724ceda4c76f9c,0.025406630570751185
57c2219b4f1a0a5a,0.10327359825043632
6069a9ccdba45516,0.08257073790081251
504a8185dad726d7,0.10422697758306142
c950477e87d58094,0.037023613921453404
9f1e86207b2be555,0.17306927039441847
69051b19215e3e0a,0.07754273595981143
7f70b72d97083c7b,0.10554304358853135
61279ec74a6d3645,0.04819775826943216
4a35368f7daabf53,0.07645163237157591
8730f5f1237b818b,0.03332373677951813
f9492b545b552f5b,0.09755228416654589
a5e99c4117b486a0,0.05462098215879163
c10ccbadcdafc1cc,0.032675205008184355
e0d15a865fdfb988,0.03857415814288992
eb916f460ee1b545,0.07965919885269492
1b7bb61fe350c5ec,0.038804016754575364
03e5516590f20096,0.059264576765666745
18e0a9eb3145a82b,0.04867598169381868
39cab30b8f09a081,0.28726067216479423
dd47b13d3aa2de79,0.03647538922578549
6a431bf1b07deab0,0.15002110816031036
2b0db9b43f8d905b,0.0945517161603777
363b638b117d0e37,0.016209018526561803
87518c28a26f4d41,0.06290950147506973
3e73b6c86098ef20,0.11198020859685198
f7580d024f627389,0.04804817082964089
626946bf85055423,0.04696623127471953
1d4ec81574db910c,0.08727259897843175
eb3384eb6ec0ee10,0.03306285644804479
ba1a0a18164d2ed4,0.039926604151429824
8736a356e18687f9,0.06460886998945962
f66ad6f9a0d13057,0.06193665059347744
6781beeb2a94c80b,0.06766405066278068
45ec50d9e9b762dc,0.027409359951350448
f993d49be31858db,0.08438755211529676
68630d40b3d8c8a7,0.0800039833595905
790d0e863cbc896c,0.04466078384638811
6b9f40e1b5440454,0.03108473161945835
5bd12aaf1d87cfb6,0.09526818471390956
9593f8af8e49622c,0.03330340191523271
7787873ef39eb65f,0.13791985125322384
3b43be2428bd133c,0.058530377142241095
51614174133f7405,0.10391270659999079
90ef1be7933c7d32,0.05137301468955089
b9b0bc5968838ca2,0.04928464143315995
34854ac0b59be9cb,0.1164461590940107
552972fc397a3d7b,0.08338565680535366
538cce811be930f6,0.16215346065526717
3684947575a87995,0.2864952572762545
3458934dca749c27,0.09835922351197697
777593519303d6bc,0.10158736793305533
c998d0d7e544f18a,0.12162882143423219
a23ad55fcdc44126,0.1411494240572806
628f59b52e0f1abb,0.17648323195792157
f55fd4a896009b37,0.04082807711281202
891966bf8125b263,0.06490018036872325
31a036f4acb27daa,0.09011822441074031
b329a2756c4e7e5c,0.03292140705024996
4abec7b3aa11b00d,0.08239461553108925
506d7e6eca5fce8a,0.045703422410789875
93767eb66242b1fc,0.16367736113759868
f07f619af08f71e3,0.25023753263306364
067779ad870efb29,0.04841716084810998
5772509431f3d5d1,0.10609967394999925
562161d24bca87e5,0.025846780207460937
f3e2eded68a25564,0.08151892544777872
4e9f50f16ba04465,0.040134613333733075
a4208a55db792b95,0.09257096858402525
9540d1c34ce10213,0.06446129631723206
3b047ea1a379c251,0.0607275113475396
90c24520deb11d2d,0.051522290393416215
174bf54853f8e212,0.06640132639046362
e32af9607e1574ac,0.029137906463156466
177d7eaf2ebe4bb3,0.027571999911994383
1d3872dea5918cf8,0.18101643150962451
b6641f418df5107a,0.09271498117920864
7b0a91f0c2754446,0.1274991965385745
3074d01b6d512da1,0.07901904637358466
a1ded8ab2ac8cbc3,0.05352271642280824
99d24231acc81bda,0.15456231598982276
ff0efc6b635f0dfe,0.0528131713158341
4b26bc2a5271e828,0.055346892232785126
323cc294321346a4,0.09371313391143216
1c5da1e20342a0bf,0.0777757601830038
4f414677966cf8e5,0.07198629675672098
a08962f7cf8ef6ea,0.2060055410710492
e6778d3ce59810c5,0.04967664864576685
944d32b8f9e9db1a,0.24226266993548548
e5c8bee2002b6ca3,0.15647959205648004
fcc9190b336ccdc9,0.03924207109223567
d8c0de2ec20dd583,0.07833789418415328
fb55a45c51379250,0.04584536022506172
d6e81f789123be62,0.07459049807576466
2653ffee6d9f5abd,0.18137804678271174
daf885e44112d6f2,0.11409854739816035
a75fbb195a5c31b4,0.33033931486198714
d6946d6a1e5de8e0,0.06230324936917055
262eea09fa9fdd15,0.02793867679610353
0661f0f9daa76a96,0.10077496263053169
3796742963319893,0.20193391779816464
b7d31b3502739b04,0.09297244281289346
ca3ab2b2441679fe,0.08933901040098065
6ff3c95261a2e60c,0.032464421657539135
296198ef516bccfc,0.022756207644421142
fd7387d23f2c2e12,0.09174672139412883
705f7c9f6f9a1ddb,0.030062749328169814
664080d9a44e09d5,0.03804420980803741
d7bfb116b3f0171e,0.08175939931007456
df7650f2e15b685c,0.09830829132430309
13d553333a49e1fc,0.03612962047104787
d60997f0da2b3161,0.029186901281867562
e3dc5b0748d9d1be,0.3951439895959353
126cc7a3354c3a59,0.08644788955149829
68c831e307f80c40,0.03684947882393852
4c10437c6f1f749e,0.35456724939912654
4de56fff18170df4,0.04793082405190797
93ee64e43ea9b0ac,0.0837470646215656
622e27b7a834d371,0.2572371763744025
8283fa9a80b68052,0.05150357078943684
3cbb48910802e9b0,0.10918431060627994
898c4451fed60e39,0.07678245009152179
560b7b7af9fe8dd1,0.09507813396248894
bcc595e893e2a797,0.06139764711762181
cb2fa098224a9f0b,0.09711122701676017
9e2a88f835bbb5df,0.11882576453293621
07e1bd9a166bc257,0.165476147703531
10fdd890be2462d8,0.031760456509616626
34a7adccbdf4dbe6,0.13966015953086003
5dca94f6e13922ed,0.06436134740824034
be032af3265ed2f8,0.23454218916677158
afebc493854ff065,0.02330757052508653
755bf2132b96ea88,0.024936570049327547
11b6872eb913fe4d,0.026325196573728272
5a73131a74b5e6f1,0.052182504999552626
a1445f34ce4c970c,0.13630155374116956
c84303c64f096b4d,0.10344381995026451
ee5a57da13fbcab4,0.17340807065365352
9e237fe51b937f8b,0.11220161254229055
04c0ce452fa54511,0.06589867121865833
e4cc4cfb493c102c,0.11755731068733459
13ec6848e5d8c7ec,0.05658784638442138
8b117511fb3c0bb5,0.1585499042283822
45109a7dafad71a4,0.26680129137631226
be5d51769b283a70,0.15241803327235706
4b049c030fc355f2,0.0861855510906293
e1b125afa19663b9,0.07841396804412859
7f5ee99bec52fb31,0.19922492225151325
0ea477a7bb524c43,0.06346450690239343
b2ef814029a4593b,0.11367576372392142
54642bb90de7c651,0.03938626225475409
5562db51544efda6,0.08207995357381696
8c3fc61ec6b0570c,0.12047915353974299
19990ada3d732a59,0.1309812277955909
d4a097538c2270df,0.08688201341089308
a8e6780d12272bb2,0.12968813378536725
0de7c0afdf2ac64d,0.07799095823709974
ec3a682eb391eb7a,0.06488065173896694
de499b3d3aa77620,0.05739172453149668
bb95d7738f26c137,0.06399807624861574
76de6c48fb303a99,0.13564473939337265
f54db052a2c1bf61,0.1706818791613827
d2b45f024d0f9012,0.14451695194249506
26693e446f60e43c,0.05957595935617301
00fedb2a014dd220,0.07185037652486066
8b353042d65300c8,0.0660703691028463
90c55b1f3ca98c5b,0.027600213518697833
b874c35d79d74f6c,0.09316410485818398
d482eb847a0a40c6,0.05949827393159517
fc4d3a97478802f1,0.07542249426746726
0a7a2b85838db506,0.028014685749652185
c697f27fe38b040c,0.043479538969013874
a4d2009627d556d9,0.11091270458004998
1c403f2124470ed4,0.04501543862303194
33627e42df750fa3,0.026911665141615738
ba9bd925e360f225,0.06447489936856676
ea28b791d0295ad0,0.09866390010371233
d149d439304c8705,0.03581809409936811
536b709bf5515eeb,0.034547704166515814
88c0a8061e7a3795,0.11718678283804775
8764acb490f19b62,0.03853925834163932
417f76acebadcb48,0.16152367886288466
475869c5be3c507b,0.07299099691229678
3ef8009767c7fa25,0.18806981371151907
b554efed5fb706fa,0.15413011927591636
84da50183b024285,0.04224786527668123
a4b1d18f46aa981c,0.03260782624484101
9b47e555a004cdae,0.055264097661554545
ef262814960ff13f,0.11708563495172836
5c0868ac8eafc7f9,0.06519794235055208
db15a0f6f796aefc,0.026841494999751237
9e813d48e7fed678,0.09122739371052872
7e45e93f027eadd9,0.1449657080363451
bba24189518e4411,0.15201338717572555
80cba429bade3fd1,0.028609439550626156
ea2c64045d0a1c12,0.13426869908851785
6eea65bf31a2bde4,0.030751318900095432
986a532aee033e7a,0.044632386014123844
d254bc6437766f3e,0.049448575889055234
3c2c4044a5a205b7,0.06416211891009926
d1698b7f7ce2ac63,0.14944602786803593
5615043a1f36b137,0.036948002060734196
fcb9321c88377fa5,0.04032616147864832
885250c55edfcb6f,0.09222435047186428
f48232723a1bd05d,0.21770625934221635
27b4eb77530a112c,0.05144208115779433
98a1669bde0eac7b,0.21845680384116298
c85cfc3341c8708c,0.04013923485139557
8043ae38af9b3ce5,0.11325319337657469
babccd7388fd8c21,0.04936393711553557
28aeae730b623cab,0.041918686647556054
4bf1da87dd838f3f,0.027123666819418968
8da93da167404e45,0.10370698555040658
4a0a3077b5581645,0.08689781581108058
bfa2d19017923568,0.09862517443051379
5f6e00c966c5f59f,0.15663909511447105
52c9dbfce9f1b95b,0.029579140918733083
cdfc3b9f626b0845,0.12577045875915818
5e6ad4f66342dce9,0.10749354676945283
42b0a534c0da50ab,0.04389426697900073
e454a16a94a43530,0.07748540160592128
1b6c9c3629bff42e,0.16304394888679344
3d4ea2f562e04d67,0.034545451689992165
e5e88946dd245e5b,0.08934905659740829
7c08fe11ea59472e,0.11407543681228499
48716b8ef3837856,0.035315830675752606
22cb220fb3d03ef0,0.13872109130218724
ad38c3a4c4f92dd2,0.033094101468783256
439506f46710d418,0.09286009711207184
e6d46d90ae71b635,0.08315321503696142
cc306ba2474886f5,0.03134701759916237
c3dbfacba8b29888,0.04266164665487884
3349746bf536b40c,0.048039395502652626
254dff7f2f5e27da,0.035832324393907385
5f715d9d99d8aef8,0.12579795462922425
28877bba74273a2c,0.028622928493499
0837f11e1dc53f72,0.1437649057863791
700d9c6e6406ca13,0.13036241217853464
6e0d475eeeff64fb,0.08629267249619677
36ba7c400d24c8ad,0.02725361932378752
8c371f8737f1a2dc,0.6505017718125224
163b4afe1f475ea0,0.1988583376124966
2e2c632a9af9b807,0.19420513606214032
a891091666dc0643,0.13589839692062702
a990b188a8200e9e,0.031965864860236344
e0da7835cc3694da,0.14387339109392747
6965bd28dc460b44,0.03105366381191621
84b4fd2717d4bf2c,0.040559069011105515
0544118474e570be,0.0803944148813644
2437b2d4a2e8ae82,0.32595982215930985
647299fb2ba00e43,0.031922359832257295
7372537f1eba1dab,0.13763361833040966
8854c27e996efd14,0.06706413314226242
380235b034a986da,0.17353462084825386
a2d407f16ff373fe,0.1678962358079754
0ed19a3a868aaa3c,0.05732388865172872
c173b6242dff9b1c,0.06556225108272264
2043889f64f744b8,0.10208848270284247
19989bc6ef928517,0.1191240403651398
d0665c65b0cf8d5d,0.18730057686694837
2b072792e895a81c,0.030740147354233843
c531857150c9674b,0.10494390341539521
bb56bbe97134a4d1,0.03534103475897896
3e062b6117c4918a,0.06092819491503378
a58a4c24d35bd7fa,0.12370632642403645
4ea7721e8c059b2e,0.0592829796198617
32a75809119cf7bc,0.1371018074030112
e4794a0287930fdc,0.05968367249041203
028903129d296567,0.10248060474226543
910a3bc19a45f893,0.10428716829314776
afb4e9017f94d52b,0.027407204549871823
8c75ef81ac907000,0.08885753070549025
de995213b69871cd,0.038977351601482906
593b54413b1695ee,0.112067631895987
d68b798f72ec2a7b,0.03289091753945777
2abd97afe8848116,0.03775124281812337
b80ebde982296428,0.08744277992070264
dbe8ab13dd1f44f4,0.04148147505187554
db6b5f2104046f55,0.08310496258731681
1f67c146861efa15,0.021573319442331363
38f490199f1306b5,0.06188469434607425
dce69a47bd1feb56,0.06649161988895039
12cd790efb4486a6,0.12672447130450315
d5806dd0784560a5,0.028387249456838362
207f45be2fb83671,0.12465482632089449
848e2c11fd115b35,0.10698862915932254
0f9d093c9db25458,0.08736352045617306
13e9da15ed290868,0.09176990509285647
8c584f6c1538beaa,0.014914788162851316
5fcd3e5896568513,0.21484842093526493
aa1f013ff05a59f3,0.08105950779801803
eb2bbf6f740d132f,0.028708662463730324
51fcfaba58d7f511,0.17826713323053534
abfff37a1f178105,0.1757305207641268
918258103a71c3ab,0.04374721945422074
99beaa8c134356ed,0.10881417180265694
f3d97c979517c08d,0.11960678910371686
577a00d787373595,0.15768968106886136
d71bd663eab2681d,0.12195343926471959
3b59c956b239b3db,0.037477368190063386
9115eeed93f30a1c,0.05878761370965659
3d992bc625e7dad1,0.02686429720361728
4db07f6033192f9b,0.03881992177988599
a58a45e9afd5b405,0.1203921394729441
519774a276bdada6,0.14739433251825046
50bc50ed77a01d75,0.10365730339426822
d608451c67dc5cfb,0.06717867148568414
2856ffa4f0a1ce80,0.10381244331602923
2bdff8f74778c4ea,0.03306494800432682
068acd67c99550cd,0.12895476808119008
6123220972766a4a,0.09146821159876346
c4d534fff3fc5628,0.09948876980756678
9fc3fdf14ea045ac,0.08615886725678161
3f86edfd0be75ecf,0.059986456745631085
c36573a6175092a9,0.1353394416586163
7c4df8c2f29666ee,0.08249921679521778
3c791b72118b74a6,0.08974830364515747
747b04b604c95fc1,0.04601036041650534
e780dca0db5520a5,0.036926020165825496
af83daec6d450e57,0.08618221124649801
5d4ff9f52e2e4f34,0.16389144014936463
b2b8e551d87be54f,0.789876022404781
203b6e0e0fcaa971,0.10388316588855605
eb36b4336605a7d6,0.06790168781126427
14713adcc060333a,0.10212609169163238
251c0c9a3789eff9,0.150593540418337
0d0e059449af50d6,0.04885683103434572
63b1850f6f5df5d3,0.05259535749512806
90ace0c383247390,0.033287534189917485
1ba1d1cb2d6d1bb9,0.06987362945551302
dcb2cbe56ba92129,0.03463961506579153
88b8fdeb6d82597c,0.03615950277155955
0ccfe20a4b77ea6e,0.031861415491686244
3482a5b15357f00e,0.032438104270906896
6d71348fed8b9c4f,0.11209897394790336
f8723e3306bf7c43,0.4925190170463816
7ef77b74f9baecb6,0.04567036053105944
bc80f01834269376,0.054779661456143824
18da383af4fa3cb8,0.26689296055096584
b474ff492fb9a94d,0.0368565326428602
d157b8492ffba0dc,0.034644551420594645
cbd2d4eb5123804b,0.12659897505446868
0f9515404031e965,0.04686550001529586
4f1dcb8a1669a31c,0.15125317408274994
28c27ce346a7a7b7,0.1517971736494976
58928eff8cb29089,0.08480546480603264
8069cea0e02052d2,0.031215888341027648
3b583c05db5ea4a6,0.026373740924401645
36384df41240d0c1,0.07482138924440727
15e9a245d6d06a3e,0.15388302456260752
d2dba561c29b817d,0.09221820204490742
2a507f7014709986,0.15541943796822905
a27e43abacf3b1f2,0.1780224681748704
686019b683e849d6,0.17734099045735505
9a3663eadae7822e,0.10699910636428946
f4857bb0e0b52a47,0.07242413183008684
29f988f929e638a6,0.04365227795508986
cc08f5318b40d7b5,0.04672950491224947
3aa8c59d9c5dc7ac,0.10905360147480662
eeeb124ea0b0d51f,0.07519601633631745
c422bdf822a0dc56,0.11630288261378037
98269904767a2636,0.04347442783787268
e6cbd02151c72662,0.16609617374013502
5e7bd880681d9f61,0.09758092894305494
fbe456da262eaa3b,0.13355627393113056
dfe3e7968ec080ba,0.10346006157710602
0e9ef351ddbc9ab1,0.05107004009304982
2902b3339eeca5e3,0.079645540948091
a7137a063b883e92,0.1157819057217669
b733ad3dd8899d06,0.062146673822565446
44fe9234ab115e2f,0.2808825474778239
000b03fc8664c7d1,0.02768648447222404
9020a01496eaf633,0.1174274287339196
53b7a21b0f4cc200,0.07255651520977069
20cc306cbb1c6bcc,0.18119701952047726
debcfcb981ae0125,0.03270160679586142
802bd1039c3e6a1b,0.03281946992834332
5f5c21e0b6a4d4a7,0.04773055397337147
4e1d92bfbc009b58,0.13676124441396106
644c03f056f3bf9e,0.15342857218691697
3b4855d86d450661,0.029567363554208883
dbe1c9a9d3e563ac,0.04379149668387545
2fb49e6e63bbe8f6,0.13232749277236563
2347ddad2e1b095f,0.06642548194707586
e315a627d1ca8573,0.14255017215023713
0558a476ace81c15,0.08469046097152044
4426fc96456aa43d,0.18736938668720404
ee5092888f963b26,0.0513726106587106
57886ec9ac1bcba7,0.18473755749446882
69e1947ef1a19192,0.1262500477942023
af29d6fac97c87a3,0.05895670586767899
6952926383750b48,0.0717770493013614
b6e14b919c7ad1f2,0.051811410864724884
8d09ba7da0267580,0.14410431567719412
40e7e13ba421c25f,0.0437398836610903
c3d8677083122b80,0.17481512903728366
e41366313db49145,0.04087626305815657
ed95e31015c5959c,0.1351281908509905
64f0bef89a702494,0.033218819154002134
81918dc774b899ca,0.02737271660876624
dc9dc895fc8368b6,0.08599849945513316
ea0dcc9add9ba8c9,0.09250941510527992
c45a009981cf2faf,0.12976743030831123
ee4eee5c2cad18b3,0.05521317902045745
4b8886ccb99d4b95,0.06713288625243265
a11b7637d21059b0,0.03863650988507805
ae6bfde3685ef5dd,0.029913866161145084
095f96ba3b90f727,0.08703181918536208
c800465fabd83658,0.058121515214544305
c75993f60039bc22,0.09202266367378002
15b2e13c51d54758,0.07103918903480662
cef343af7e936391,0.0876197762025226
bb9e37137f42fad4,0.06778851675979898
b6f54b152f0f2c28,0.08219256673965099
54548a1370ae962d,0.11326255110035695
774675091e96f38e,0.03305963242859794
64db0198c907fdc5,0.03748673060600115
ee3a2eba79a61cd2,0.042027157917646184
d87ea92ca2504e8e,0.2125924458826797
493f68967d2931dd,0.10914460250273798
33c5bd3953cad989,0.07144116797740861
31719675e9834500,0.04766785742663691
283d0d3d8afdcd48,0.13636454597505385
0954b46131527b56,0.08304010348770308
c7f99cdcd74ddfb2,0.15511510861494318
89e81b0750c67025,0.1161391066781516
ef2e114a293d6051,0.04561395994350997
3eaa82eb74b0d2b9,0.24989223989747986
f115b5827c53fdae,0.19106740940059874
5b981d50572234ec,0.07787867572756287
bc2a7ac2fb6ad312,0.1517471029204653
cabb5fa14742de79,0.174040759403053
9dcd899d3120d04e,0.030968062433909965
5bf75dc153469005,0.10449762710303355
a99c57a3cfd238a9,0.23326829035251784
7d3c73f6e6251236,0.11056591423297295
79c824cab095ef0e,0.07367789173720812
50457f03b19ce000,0.12875233642353975
72ea29c850f97747,0.06551497941803193
949aabf35ccb0c4c,0.09359193436473162
bd3b7b9b5cc3a346,0.0782150684531418
581ae7bcf533000a,0.04385058584695448
f944b728b8eb9aac,0.08705951787761279
6add937f4476df2c,0.12196626092748448
478be273b158fbf1,0.024298318323823842
43c1856ef31d1073,0.16509643672441307
8f97466fd3810c1f,0.0502507826090462
3ae22b8a964781ec,0.10540383282809819
82ba55bfceb0ffbd,0.07282099828034329
5966bfc14b304d05,0.08624053901794382
eedd90867e3cd9d4,0.018949528065799096
99db9ab5fdf84102,0.0291567513365948
6c6761878fa11c78,0.09602594858825136
731bd2e8496a9b0e,0.02988875766221892
9f1fd83e49b82f88,0.261506263471214
51a2cc12286941ac,0.31927005638289896
7b60067efe8e7c4a,0.1721350510351417
7ba8d7a5a2f30106,0.17506634433489177
677aebcf5c57a29d,0.09584637834062072
c2e6810f10057ffc,0.06817432137461595
f770bf49e8b32f7d,0.11738371105356933
d999d97cecc80f08,0.11590354404227958
225695249568ef3d,0.2028764582042036
64c347ce204607a2,0.1424111107032301
8b972fc1665f8aff,0.04245408571210796
fd3a180f558ad235,0.13410329496138315
f24ea2f162b99780,0.13297310602044787
71edcfb193fa3be3,0.14435935265486852
4507c7c846e862ed,0.05541070873172588
ac51d145f495fdf8,0.09455818598889854
3ab5c54552e9add3,0.14307888023187623
0e545a1fa4aecf83,0.03459780228952044
19eb7f93e53f33d0,0.06566984815717081
f4653f53352a740c,0.09062899835994709
c716d718820e66c0,0.04489398655305905
a8a2778b42759e84,0.11929100465842397
d632ca08f997e38d,0.03651239891657429
47c56ea6034205ca,0.02905803561276891
f436395245784b88,0.198613181280706
ddb7078278325022,0.04455629688770572
1c24525f31c1953f,0.13895114038317044
7c7e6ee56d6ea5c1,0.177637783250667
0e67b9cedd55f492,0.041833934930613194
a585afa6cc802221,0.07603802675559719
132bdb2d81abf434,0.1242311884116488
cdafcf3dcd774b36,0.11271290335556448
5694f780d2c8e463,0.03982858434734435
317ba4057a04aa16,0.16329491367901108
a92ae25f2defd1f4,0.08991089975552446
ff0073be9d8669a3,0.21033867754328442
2c4d6fd16e7da4d0,0.09060223002378147
e8b93ecfcfcf69bf,0.07937677109585423
aecdf632644c9922,0.12233600285658279
0f4ac8759cecccb4,0.02573962369148748
ae0ed79b3f56091e,0.10536874415053162
492dcb545fd160e3,0.05891302310869085
b6feaae9a6963540,0.05935237819083345
10bc80bca38b6418,0.08321809599834175
d8bf52f15b58b474,0.03191903494604586
d590d13d8a0daf0a,0.09410223513810904
bafce96906ba0c73,0.05865572018367716
15a89b9d9a174795,0.06636207245761161
3c895a00e202bc6e,0.1443513852845125
62100baf87d531c1,0.11253459706060524
8ea52f2642c87cd9,0.06528736426212511
78bf3db367f46ea8,0.23277011596538025
7303626be6419b04,0.1320462077152043
86f2e3f9f88bf00e,0.2226187076288745
39921131b7d48cf3,0.1643354354315837
7c06255c489ce455,0.2098783963074697
2a0f68fcd60099b6,0.13903898949457702
968f899504b28211,0.12598870092197337
98dd9df8fdcb29f4,0.07148735103075353
ed55728c47c8b666,0.049617256340486054
0e54abd540000681,0.20504433613640863
2687ae2ad26c6497,0.1534365296540093
afe3e3f4edc8f7b7,0.07052152320907172
3d8ff2a3976b69b9,0.1357033736612616
13e6deb5f77cd1f5,0.0909476800355406
8c8711be796262dc,0.05442273622709167
8eb1ab06839664b5,0.06993136229255083
dbd58b32bf776c26,0.08153575728610359
4be0c2fba004271c,0.10046571265261939
a0f6b49ec1b86bc1,0.2299654182355564
3b33e5fb16341fe1,0.11295649767737476
d39f326ae61cb937,0.018775783416666674
00e28c2a11d38c61,0.13206634324507618
a55c74a9759fd56a,0.027329117821469667
8bfd04b0788122e2,0.6540801915513774
895776a9cf9c8d43,0.07851133839867946
7ff187535e206416,0.2701867472269886
b2d991e4147a68e0,0.037686008152510254
b62ae246269c58c4,0.15818594837988506
b8af731f19b5c84d,0.021388112303414156
19f5143484b38101,0.11016616598237026
982f6a3f1bccc6d4,0.05188998667802688
2cdfb20347feec4e,0.14811893580593166
5b2d62e736467c16,0.05276001128882046
f85bf07959deae92,0.042074071627206354
8e923fa1dedcd01b,0.07553676632997701
93b3dea6a99fe31a,0.06996870873237383
8bc3af23b3d5ba85,0.046958689427063584
91db39152bd6ad50,0.2726783923152401
d911a9c74b505826,0.12581093517049527
0e53e628826772d6,0.051241819563607814
14d7b607e5e3f0cc,0.05793500447048746
f3e8e3469f0aab7b,0.03985710779286988
b9c36eb092bb275d,0.10152843048384567
9cff3e265921dfed,0.17434410370313916
585bc81acbe5b1ec,0.029941938976553357
15f8e68c7ac23dec,0.06434742962470005
a37b05bbb09f8496,0.1728507341966303
4f31f80a263d61dd,0.03011444990238821
6a3987a9bab31c44,0.03300977917341202
9f59a5ca5ae6d119,0.07200984854214977
afc6cb824b3596c7,0.03406374154286563
64dcbe6f4ac8de61,0.1909524602763033
1fcaa5c3533f63ca,0.060726467310247834
a266793e0c2619d2,0.11695182073022754
598af3378495839d,0.08517868358223307
b40ecfcda1506387,0.03495020980118302
22537a4c1f1cb22f,0.045525052206619586
8c5b78cda30c225e,0.0911753943731312
3239189122d043fe,0.07074610764670386
4b34859a41dd8627,0.06223747337192648
7577c8941b2e888b,0.037884513834595276
8ef15229dd291883,0.03274633771460369
3332780ef14cd99b,0.11145412473901407
f93d1a6ecd62d897,0.10506880072107998
9505f55ac00dbadb,0.16571827057007096
7c1831bf48bd728b,0.018542833680203416
17cf81ec2dede54e,0.13487514622998267
e84c6f3155ec9762,0.5377929211115448
e894ec9e0ac2e7a5,0.16119987302438893
c307472500eaf782,0.1472962221074171
96de47679c4cb6b6,0.03643216311339243
e0dd44e7040c3168,0.08257568024559157
bd9e6bd2fcf5a54e,0.11519177336159851
0382e0d155285962,0.08076876664501112
509eccae9abde09a,0.153415040346463
f2147e0be04acf5c,0.11739788698286151
f3a6b01cc0938196,0.13074955288087034
c1956069b7309004,0.04723915185812152
2292dd5e617286e5,0.08431550396000631
3644d81639ce9f29,0.16824265172500305
4a5bf3e5c85dbfe9,0.03667236845510977
095a4f241c64795f,0.20723089612457565
aa45545b6df75be3,0.1281025395073847
ffda21a7e2973492,0.1283794561783159
662adc1ed3e8fd43,0.07378521315644293
218ae6cc5968ab6e,0.20993878984941058
316379f30810e1c6,0.07816083559591291
eef8a37b8fe20ec4,0.4010156290703651
d9a0aead3407db9e,0.1083986265892506
f0c65e7320950a84,0.10535277685802902
4625132a59dcda74,0.2786765158921601
ab1c8b0c3967b656,0.2544840224238087
f00224def382933b,0.09447939277856936
090051f10ebcb768,0.0657788402664793
2a0c37f157e82f1b,0.13376501529539542
61914ca3afe42c15,0.049107831232442244
a9fc0e9ff5b0e706,0.05618331265233373
f548f7ed3074067e,0.05898927102937509
9aec70578372daed,0.03888899636943089
fbb0734a4e985290,0.034501856395453175
a8cd11786e7fe2b1,0.0839096093010367
6a4338f210f336ad,0.05163002962665569
cdb63c81014bd072,0.05752443834595757
2c5a98b60450efca,0.06406217713429481
2337a75838293036,0.03378100076133194
a0ed386ea018cce6,0.08128040029569375
db76609f02b3bb31,0.10296426982103413
597bd387a63987b9,0.17285828224987687
bc7571c47a54ce9b,0.06034341922342501
547510d3ce221301,0.09981090091918567
8e84181f60b3ec91,0.06409301641128866
13880ba898b8f597,0.29508295662100115
9ee1fb0201512e8b,0.17677541142319328
48aefa3d80da5764,0.0648994504533557
498d517a667856a7,0.08899062286241201
f07b0e35881505f2,0.047684144442132544
1df225f3addcce26,0.03376840128571559
84a772cbe6d216a1,0.05566106037815969
f0e4a70f82f01004,0.1035310797740941
3b639af3777f4c39,0.026894398204781605
b9f77a4295400abe,0.02503268083265413
7d646e2fd78953af,0.03141837305536125
4127b246e0beff6c,0.0319347137814853
2321d1fdb21c809d,0.05281177157449679
9936f8d7184f5e10,0.026907662886555776
e2e9ef0520d08656,0.03202103920715465
0aa9b948dc8766c5,0.043133797853834116
d96df85b5160b1a8,0.05306172622212777
3bef9584524abbef,0.1148048494181156
806989faeae50571,0.02523930389075606
6fedd263e1290110,0.13704683335682138
5762314e60a560e2,0.2100948683730914
748cd550549c514c,0.07221393876798303
58a8e997e2757de6,0.031330767956015006
c13887db4b2ded8d,0.11525167379424735
eba0106899e8fdf1,0.15074051032172578
a947c7f89cb176bf,0.19796825934230547
4ac4a17692a2a70b,0.0756598719037997
2fa4409e1b6a3d85,0.1765569601281204
a783eca691369f3a,0.08294685722364682
e6e45dc137aa0511,0.03722710932543827
c589fb4e517e579b,0.09390350765586886
0535f48557a68402,0.11008476428296199
48e423add1624f2d,0.1281006316211404
d20110b1a6f20e55,0.04030463572093269
739f7cc76c78d0bb,0.16384092833484218
2d439083c11f62ae,0.11895701143582194
0c74bc780e465296,0.0393529313034543
52294576789c8ec1,0.09381363940515648
99b2421c51d37084,0.03328592669687669
de49e465a4c970c4,0.2580519361859364
4c88fb93b8d12270,0.030378809035276136
dcce15e3b59d9796,0.03518130566487057
b8e0e09067432f1c,0.1915395410251702
962f882f18c11d46,0.05891482152307576
34753ee28116af4d,0.10372347477839179
7c71a6fe87ccd6e2,0.03170324194979906
7ff97e6a175132ea,0.10557587299700126
d84022bd67943384,0.11141207033318405
c270a677c7614aa6,0.07395043336434858
1266e1b58e87a761,0.1257595354092068
9fc631524aa3372e,0.042457687825094924
88da969d80daabce,0.11534351949388132
9c5cf1807334358b,0.05588088653779222
0e5706f9560fdbf7,0.06438602003279811
d9db7cf658a35e31,0.20245373940333466
38bb0629e63b6590,0.14413329777180747
726236f75c9de724,0.10180635253739086
47ff559912cb3714,0.045214050714137005
bd567ce69cb8cb62,0.04358205467019424
6b7338c16e1db627,0.026806658488571878
2e47f13eecf939c0,0.05825959694645085
7e001225afcdc58c,0.15090832919975736
b0ba287dc9f94b2c,0.12751110950546565
07be300260466f0d,0.039907139729977774
49e2abe2ca234745,0.16768163322343974
bf163922b4b12745,0.14609976699843397
aef9d385e9ff8518,0.17182740067013713
3e364e82bc780650,0.19799977095428814
393a9aece2867c5d,0.05997835831788693
b0519105b55d4bc5,0.13650587379308096
c5a4b1418dc4e412,0.11247341847817155
ae000e40b4cdbc49,0.05376300976253168
bdb4932474ae13dc,0.18884533664371958
54ab20f1339d0955,0.06607244369955151
bb6cce3b0b6744fe,0.04296971066205055
0d04ac4d48d1e700,0.2128940722013329
6e3f51731aaa2c77,0.07346681275848321
783b7b163b234e5e,0.11305598532464879
bb6501e8f6ab95a2,0.033028695827915254
e5f20b7a540b7472,0.061472039500000554
726e2ec81830f724,0.2762366908793224
e8dc50204900e975,0.03234392153349903
1334006b9c4f4ffd,0.1949560266369826
3553330b5c7e6092,0.0892461732251797
e1a3e161c8b2e221,0.06837100846861531
44e747740cb4260b,0.025914160879075193
00202304b4481207,0.147505337469822
931eab5e85d6e3fc,0.029159940888437087
e4b8ca3da3eff8e6,0.0478374607882591
103e5a44f9c30ed7,0.07789358574532688
448d40536e9c5670,0.06318550981311838
1b4d4b42760e781e,0.2755975043366771
e0b110d4f6844bbb,0.11492013105769726
0d928dd7f13b92dc,0.11528749192538011
1bf6e2dae324cf0e,0.10560446951780501
b2a17e2a9337f111,0.23344820024036694
564d7ef8fb681d94,0.05054375962650217
a2088d882fb6d77d,0.2027552549975702
3fe22caa380445a9,0.09684133887456153
2b3c171024a98155,0.2886140851828446
2014d23cd7792183,0.12209899031471022
fc996643d63f02d7,0.03927403587226006
c8d5c605e447f4fd,0.07001545876011364
634298df42266b22,0.03580018700762965
5c8cbaf8b4d39f57,0.22879009752482604
a688ddfeb76eb78c,0.16631649342128532
85a12cd29f47007e,0.03470300751427655
a5e1a3f8e312e1a0,0.025106157658895595
29e076c93c2b7fab,0.14781090780430972
71b7b90e9a0b70ae,0.13115029056503855
11583aaab15330e4,0.025750889809853683
5b34705855c1c880,0.08712757578123187
26361ce2a06897d2,0.04280912933187205
2be888bcb74be336,0.05557691497478684
fd96abe884c43d6c,0.14852438214962083
165fc0b6a160dbd9,0.19823000299811946
b8c8c114a79ff453,0.03297275701795949
e22746fcf084642c,0.026949940904776124
3fc60942cef4b9f8,0.15794994179357505
c78a85aab85debf8,0.09858697356007207
9c2166227724c80c,0.029007961102315672
e0291b12205c2c68,0.16127961692338577
307b5de4b89748c8,0.02967200085830767
b83469a7d7ed138a,0.13812815770915274
4726c5e084cb6f1c,0.10589886097907801
33795c308f648269,0.27152252907117597
d44b56532551df1f,0.1411796947561302
7db689f550f62666,0.06391340145868357
c64b1df6de24f982,0.037038172098975274
d9685a6aeee511e7,0.04504710774953113
2c867c13048a2311,0.15997993574927422
b3f36f5f67857959,0.07645570818718725
c8dbafacc0fb77d3,0.07825890097197895
3a1b2137777bcba5,0.029381584419317087
c9627e77fcbdd360,0.11707675637208213
cf4f6641c91382ed,0.08092377039687852
fb519c3fdb753245,0.17258309372335598
035449e62c90677f,0.09008806702104799
5201d1bc5a7cf0ef,0.08320886353584202
01ef09b451cbddb0,0.07408277000934883
b98e367af7c0158c,0.03796219750423639
bec6844244ad0aa4,0.0823895500683506
ed82262b135c6e4f,0.13351206636552806
67637bf7061cb7b0,0.03605718823268639
96ef8b85b60392d5,0.14055223309089449
fc1b0a61b9dd082c,0.2182723630223414
c408b4beae948cc1,0.05537754128871466
f26323206d284ed1,0.08364183572117578
9214caa6c1a0dc02,0.04269369287559691
591a28a3c195b6f1,0.13841575817077106
9cd8a8ffb7a9e96e,0.031854377994311955
7ce580a49450111c,0.043283634353449035
abccd8c43775abd4,0.039714495158216755
5c6acd44464d3db3,0.2477313094543683
b0e58b3d4a2a773c,0.1997945692266787
eff75fe4ffdcb49f,0.14944581749820215
06ac1908fb89960e,0.15158631841218898
6e61df7259588c80,0.36365023614323305
87752778bf4206ba,0.09335929461344743
2fecec0b55303222,0.06162802269067565
d57c0fad9eabe24a,0.15675932364268544
93cc7546b8c345e6,0.2333771393448445
eb76de6938c4c38e,0.09545992866341163
0e733a579e63472e,0.04365010588864077
e7dff8305acefcd5,0.048641998935669735
23423479e34fc441,0.16690281834425677
3f66f582c2bdc24a,0.06893724877155549
d312e4d7fce5fa01,0.09468960785327253
c04cd9fa54077b8e,0.05720986221753797
04b68ab2f6458e33,0.0719179078877501
35665b0fc6847811,0.12736797530140423
9028f284365c7863,0.06552564599099443
fa23926a88284b39,0.2927024215134089
ff5e27f506ba1ffc,0.10314833929332234
e6a04e92205e9e33,0.1337660922738132
934c2e26775faaec,0.035295917283493745
35403697fd72709d,0.07028454913516059
fdc814fd85f237e4,0.12965639831649597
bf4ee2f20859884d,0.04123476173340797
d2d10af48a354c4a,0.1009801416622006
a38e463e1b086d42,0.14435348408318482
ba49ce0117002110,0.06589831727231159
d5393f1776772d2b,0.08075749360461919
80a6b6e9f65aa3ae,0.09611947653911312
d84698a77b768899,0.03129298417453062
8d09ae0709d01465,0.16746544649692852
0ac53b64e16a0efa,0.37269088844628545
a632a91a07ac8406,0.10183324992499809
1f2437c787ad39e6,0.1488443293644565
beb116a0a3ad4f5d,0.15619421200534514
c38f343ecf8e9527,0.043789825969409835
d04bd8d61ac99c5e,0.05237450629152222
6a279faa81d0684e,0.07016322780658583
1b49b1154407ea05,0.1066695462137075
b71746f211be0a24,0.02543912920133092
bbe0b7fa6d60f17d,0.15298889020305084
c9117e785fa1cd68,0.02796869590514571
a700a6b3a689a18f,0.0635573988856667
d998a004d828aadf,0.1693655411732026
54cfb8bb56897eb5,0.14825031937119362
bafd504785d302a8,0.21172233217473235
3f45db97b95a3352,0.04976398710336482
2364a75ca729f899,0.1661325896588455
9387acf4770f549f,0.11958173198495427
a434422326289b00,0.022683350690989063
8bbcd05afad8573e,0.18316077223799132
82fc48f10b8d7cc9,0.041707400694090735
65dd24b31c0c4067,0.09764749727521731
b25ccb8b682acbeb,0.10810774917853261
291117008b4408ee,0.09917881107729548
aae3422dfbb55bf7,0.11885280721820286
d436224afb38b7e2,0.07900381154167029
1287c0ffa2f14635,0.06370655516242928
4feb7edca163def2,0.17525965169754634
00df2416e72cdbc8,0.04911840443571677
e51c757048ea36b0,0.05627178960765875
59e45992c3fccfa8,0.15040672017209034
7b44475e4e2e3b92,0.1348520147188292
be457ea8112e2391,0.0854378314273392
1e4fd1293a611d2f,0.1337623158468084
343371989bd61c74,0.10953386479317322
6bb985812e990044,0.054912794485486416
c0be9996bfb5270b,0.06504248253334965
bb367ec1a239b8c8,0.08533212957740793
91fc9ee0920431a2,0.029767657942477318
82f2985fe6157914,0.04672472326808195
eaad7a9709bacd50,0.08297463170934186
1bb729bdda8eab4b,0.028520379270954008
35320f198f2157d7,0.036170549342486355
74cd9018fd2aa194,0.07039410029657127
fd091b5e49f8138b,0.09253015935684859
917e088d530b042e,0.15805722662016322
b0e606a7344aea7b,0.10554448931181167
c220230ca6b46d2e,0.0650380067431266
2174f0850e20c2b1,0.0342433021313509
3bfea4a031f46e50,0.04009609509332705
22199945c8b6f01d,0.14135797672512074
efd4e993a8d94f5e,0.0631780350178476
acad3b0b2e72b212,0.08751962012436265
1a33438ea9b6ba09,0.08525060883640566
c9a22295bdb2b49c,0.2639793996496151
0a24b5a0c164f36d,0.06305636344481279
12b662eae7ad89fd,0.06564857851115109
788a4a1a340ccebd,0.1566481548803944
0b6ebec97e53c571,0.06793732875140629
be4269de80d8b34b,0.22694263651849408
ae99dff2a596c7fd,0.13636188616036612
1cc563af87248566,0.11572924946673147
95b03e2a8add3a08,0.06504217768100892
bde7f9ddcf827170,0.032872124423142364
e24c4af855561b6d,0.06695670572940109
a1ef8a44aeab6af5,0.2776277161799983
2bf2e0d5f713e9ea,0.02787204434617366
6585c55605f3d692,0.12212847752263434
4a44bfcf3c8bea26,0.026768867639354127
78a21d5aa40bf4bd,0.056093917401096906
d208a68d90d83d1b,0.08378622499298323
fabf07be02cadf0d,0.1404020325479814
3fc8a4ec51114a77,0.11379377864166612
d8da2f9a640f4e03,0.1206584169342234
f7a8212a941af65b,0.017069470049277734
836c933a5cb4ecbc,0.12386175584256469
e292f252eebf817f,0.10759017895370614
ae7e8b931e0ade53,0.16553302710641224
c937062a293ea0e5,0.11244497606284375
673793020f42eaf0,0.03667994255333822
531a753aa5a10879,0.04106342623294642
65613b893147c771,0.12854115336015445
a3609d34533ca6b4,0.11440274806704764
c9eecf5329211123,0.4755396141681252
4e6d4f733588a212,0.11643741097702072
95e0d5ddca2118d4,0.3451609163082305
4b071534952c920b,0.07661574439210901
f333221664eda263,0.0457677240289597
8627e41026f74eaa,0.12824615459406583
789f4695cdd6a417,0.0848771305371049
908034eabc372b99,0.046777391495560906
984bfa387795ef76,0.14953745506550198
91c8e8e6f637fb1f,0.09728071781231429
363aeba9c072e960,0.14214628822748593
5cd6915b98d723ff,0.09029227619258944
20f027368dbc60fa,0.026865339421894802
a58841827e8017bb,0.045822436540945255
ad9e6a299aee4827,0.09955920090808522
fad46bf569ac7443,0.07011529428802298
0bdec115af64e996,0.10472943073031593
e78e15a02aa6163b,0.29253860194432846
94c1b40d53f1c78b,0.08144065989740958
c1dee5b6d55fd7c1,0.24359748809729656
502f0c8494138feb,0.028383722339527327
316c5e9c86bbb645,0.045646104817028854
c5624991cdcf670d,0.04331550570959352
e000077bf8c8b49b,0.11981704240765817
9a36d5ad49081233,0.027925125874698403
e4ac16a92daba7e8,0.11026088702550485
caf1ce5141ffb34e,0.025413931329787334
d07bf091bf998e0c,0.0840326909402737
f230be64e9f003ae,0.15032393746804004
fcfe55e0768ab257,0.04202811514011611
ad04ef9c94f25ea7,0.042767346590192636
b6c3dc163008115f,0.056595593763294406
2a0af6ff3489e003,0.08719831870174384
5c098958dc2a26c1,0.031762862444197966
a802f6f7cd6d7b2d,0.07387641835953455
f0897866ed523f60,0.20270697604036422
3c1071f1773cc7f2,0.021131988038141498
5fb77ed43c58e517,0.04437425140733578
3fbcf72648af3500,0.046769861085259955
64964fe3e34849fb,0.05146129716719198
3d3b19b2da76dc78,0.14093179441040668
69eb4e47c0f3104f,0.15633360730200316
1b55daf09e9f129f,0.0568964343933848
853fa0b67eda4e6c,0.04051506680041912
636b3bfe96c8c67a,0.07443720188276469
51b24fbdde490535,0.04648192636159052
b80f84359d81c98d,0.12282085979982128
a865666aeb2b82d1,0.0260100782079847
08fd3d5f06273089,0.030110638410923957
cdac52f8c24b9616,0.16115157568168884
bdc841da585c4a1d,0.19354383694971497
8858154c3efe65ff,0.09400241603062381
29f989d45429b9ee,0.11398636743010236
b97dff4909968aa8,0.02697657044214856
69c86328a89e4898,0.03274262463476424
2d50759601edb9c3,0.13821588232458581
134be78ce02d48e1,0.10277459410137957
53b540f7c8d16cfe,0.022950887122676483
76d2e83b30cca3f9,0.0668177996186863
062167d4ccf76346,0.13742456844494363
84cc2a48661e807d,0.04258925068829316
60f1e251520005f8,0.10425338558740811
781115a32396b4cb,0.05093773765304016
4c1e17c82f4cc326,0.19446330731988945
b602ad5debd51028,0.11920519428693287
4d9da053a872a970,0.11956473152606793
95f7ebe4304bd2e4,0.22466328570632144
67a8207cfef9f011,0.5193152874833675
b1c3468185b9514e,0.1290130527761391
f80ccd7ace26ae4d,0.6852992072354626
3ac147039aaf4499,0.04345698512491216
fe5cd175ea7fc09b,0.035013119263250285
9026d2936cf2bda8,0.13553341267863084
a4b0e01784fc7cf8,0.13659540198838258
43c462b48d97dd20,0.1146456815070948
e36d0189d20a7617,0.06888149312959246
43c3586991f4b403,0.049515166735831374
009e48f2b32be557,0.029676249286437945
a1689ef168f2f333,0.18450381177986327
dc310fc66470ab07,0.08184804601677054
bc654d187751fe04,0.07345328486419378
247e62af046a99a5,0.08876414799492537
48f2f9556bb2ad1c,0.09108666077452889
e604b921624a200f,0.15303384978821888
e46765e152f7daef,0.11100251832086948
3d183f0c812b6d09,0.11402714677517052
3a7275f9aeda8305,0.0225261641479101
1d994aeb47ff952e,0.08130522724011578
75dd9cd1bcd35d05,0.030298238486641104
a976b4932381b300,0.028828227010081964
da2e39ced8c0afd6,0.03528486660317185
c77fd47bb1683f58,0.12276322305625513
ceeddee046f39ae0,0.02854831475909556
cc50dd12d1f23bac,0.07579376064437336
8b73f447d60fc992,0.10085666217014473
dba1029662f0c412,0.07400079321780609
ab65e0876504bba1,0.11310336522207125
00754e6b5a7298f1,0.04628865005880441
082f192c053e5283,0.034598288249933405
4cee8c7c13d1afe2,0.09271426551581818
9ea9e3c8cb3df9aa,0.04381910679406489
2caa75dd78c01d17,0.19143765046237662
42ca39ab5466bd19,0.23084660859916561
939ed128e268f834,0.04321889614828316
e452cd65ed19c900,0.13929097735826607
e5ee2d79d0c49d1d,0.21938967665084927
ce0d423deb82f2f5,0.05911538105815131
3c30319ed1684972,0.10440122536931822
18968bda98628242,0.1506168129666824
9566631a173d48de,0.15962733100672236
01d78d3ab164da20,0.04628646731471309
7245800926a4112f,0.12524600263809316
3fffc62471c1f18a,0.21532463937208454
3b530b29e9f5617f,0.13467001154183283
65305594301ba50f,0.16129630822299548
593ee003a4981c15,0.07590977791736311
f79985b30220adb1,0.11241686056985355
60dd8dcd3a1d1839,0.14314165502779488
288aaae44688b015,0.12296064326651784
8a16369cb4554d3e,0.06333418935386931
4e49cf49f79e1181,0.1749397627182022
1a6026c94f49058a,0.060154858351898495
8c29813aa363f889,0.08252336299015728
5fcc5826d5f8db34,0.12455710581547641
b002c58138c724fb,0.03514860136259309
62a918db11ef3076,0.288659542061158
8fb91f382ae2782d,0.24567071038879273
af730eb0035cf0d3,0.2048415941565086
546fef357d2bcd57,0.1615549331616876
c6129c4b99d7f4c6,0.08868824602532265
7596069ac38eadb8,0.060480224724248355
9560c8310cf23dab,0.021839440261536034
ca1acdabe94e042f,0.0963426044001567
521f9d2193473fd0,0.06554521842530549
617eda3b96abb577,0.06080501567225557
8d735b59dd0a4270,0.1883731033517799
1b405139fc287a40,0.05019623996142116
e621733719a2d775,0.14843996971165427
95f4b0d76e779b43,0.11808982013005036
bd6a23cab176ffec,0.035517277770558325
3c5fadc2c957c7ce,0.17785457106287608
37cae1b2dd3c1330,0.0977981659418798
0fc2ffbd9370b121,0.09738557561334564
b31de0d8e304eeab,0.13792727513975198
5738bf5ea59fcb0a,0.13922011570346168
402c7edae37bcf39,0.10728671004798644
1d79e32040c6b05f,0.24200466144836727
bf493f6f4a48b2ff,0.041902515143901455
8530681352913ce0,0.03756835954120473
c79cb0e184ac42c1,0.05427653051411432
32ecd92eb352979d,0.1286382416792992
c9a54261284070bb,0.030158327179833022
e6c2ba81e397e33d,0.05108387702948337
955bdf4fc9420404,0.06521021691223737
b180a78e50608ab9,0.12349776064706014
69484ff0bdf4b104,0.13509657721670854
8d62a01ddfa11fe9,0.141356716575918
12c3df9b72ef96e5,0.04341978898971405
12ccc513557a0656,0.07425873040972848
2aaa9bc35f4acee2,0.4390236644971323
e31d14248a98a72e,0.11693109895718469
1058c1f47fca2b81,0.05266393372036915
02ab14036929f70f,0.07892508879155179
6880fd1518aecd04,0.07671761127231246
580068eee74ae5d6,0.029526214120616835
fedf1e1bd320672b,0.06962171747536268
d47c1d43f9dbdf92,0.05585921001530774
8a7fa6c84cb2b0fe,0.09084004637461063
089bead0dc0d7c16,0.08336851054160976
3f12eac5d776ac9b,0.06588131574239177
2b55254bb421a326,0.098638874375465
16721efb42f49e40,0.17021839217441212
87ada6cbd040d527,0.09926383118980896
c5c4d8e14015f4e3,0.09547259779000027
5d499b0e085f025c,0.14006204927059795
183039182079fa48,0.1518819437152514
05d6c8a5d3db19c4,0.18476070782366763
4477fb4e0a476ae4,0.11942776039944858
3965182266dda565,0.08572850919809294
72bafef29554438a,0.09882874229254868
1b31f23c3e55dcb7,0.13927332281750818
66c42c9008125f10,0.11035435676630967
5bf14b82c919f706,0.10188592885678029
2c7401c2798c92bd,0.052955402384732626
4adf517216b1dd47,0.029496578595504697
26348c70727fc713,0.1829903009171597
82c1c6b9b0ad498d,0.10438254221473826
1365ca92c2e04031,0.04666337219807859
9edbc98e397ab4c2,0.06462103952549568
1059c066d6e0626d,0.030740080519064173
af993cc3ac374b83,0.05170965683936734
f32194afe634dbba,0.14222449957491623
29de97ac80feb956,0.095208296689772
e5fb185d8c6181d7,0.07084924743802297
632347c0452d889a,0.18575911736918135
35ad7b818afa2cc9,0.18444698285985262
0e9b47d072e9f5d9,0.0951232653690896
4b2ee7a5a4d7d797,0.12360045989876707
793b579534d59c3e,0.070561322990481
3b23c46e8aebaa25,0.10245411667517229
f68b741461469ae2,0.028293158678479757
79e144db8265864c,0.027167414701437603
09c4fd90bed2d748,0.13421641761347683
2215efb176105acd,0.14133301092032172
b4a9877c6c234878,0.08875393426237571
529f75ff399c033b,0.1627850039462765
ad20741d26dac628,0.21601297034810854
abee4fe9fcb49deb,0.0358829340364941
80bf7ea1dfa6b569,0.1257322086402411
7d637676608f51cb,0.045691129285905796
79855154621f663c,0.03294262309537669
db630a696b94324c,0.059735527172156265
2c87f55f1bd853bf,0.03393962277070725
05466a89f589fe04,0.3773034962476774
073f9b06f7bf95f5,0.03834868331356916
d8c52af1d9a0ab94,0.034975526433792585
170df691b9758d76,0.12676625690771057
098c223fa7ac1f73,0.10193694792884528
947d4f80370f0b58,0.06784378870286907
66196fa0af9abe3f,0.13531902682709596
356513b3059ae50f,0.1242925847459266
a951ca23d4bdcc33,0.1394504550758974
defaffd4e20a4c47,0.037553010843678555
9aeb8ce75c56fcce,0.041966747677338136
0e52e6d570d8f008,0.03578916330893342
d177a330dadb2707,0.029368340889186176
4acf903d98d08aa8,0.24160714137168318
673bd4205f6635b8,0.13094023169236688
17b635201a20862b,0.0769191078959609
e31cdafcb4337eef,0.03553741765398347
2f57ad23a2ad21f5,0.1354058607985839
8c76f3fa81c149a4,0.059917726296334024
7448092b980edcbb,0.12659546506350852
cc3891e28dd031fb,0.03945095158406913
05d416ef906cddf6,0.042160391804570464
d5cdb3c4f4965afa,0.04263121098819039
bc40575e98475699,0.07084042191866247
7227a9d91f309e1e,0.0763358836349607
f83295ed727a429c,0.035455877656097375
44f16ce1d7899c02,0.03553489641101914
219b4d22a5bcceb7,0.032159097548252906
5684d434bf545e82,0.0319250054609892
03d5ff6b9db6a1ce,0.09939586025863334
c402ad00c62dd803,0.047236003221008516
d384f2bb50d7321e,0.10408076757438922
865ca8dbe8ae9927,0.0692921378299769
0cfaded78f4c55c4,0.12277084487426859
c1f9c03f1f673cb2,0.1278975940569173
80784aef1b00a337,0.14211088850352932
2cc7c6c16592cbf5,0.05700534385060318
f816697d9e23576b,0.05403205729612911
e0a3063ee410875f,0.05977540574697382
187c083474d62911,0.07144912225787087
32fe8606c8a5cb67,0.15487111727963243
e3b603a450f69271,0.05344255821321486
13ea25fe500d74e1,0.07733961851372632
3465f2b92e5411a4,0.03177459470563054
f84c04deab8f0a53,0.16467982493495806
ce64b825ce5f48e0,0.03506975604295969
a03d161faa6231d7,0.03380639857189005
7b73399454d06d9d,0.049279477024267805
726ce1fc6c05064c,0.10619428306612437
0e660e2441745329,0.1274134034139591
d4373d25e109dcb5,0.18870350641273803
6c8ad2f1018079fb,0.02590060560767668
485cc002fda9b938,0.027629549397731833
840b1b00c51f87cb,0.021473992537874975
e7c9e19e247f843b,0.07732575263792703
4f97589fa05c40f1,0.1571813366860019
41919c492d55190b,0.11806276096877615
8fc6cb3936ed4ac6,0.09013432127852365
75e3076bf4b29ba8,0.04371891909937738
8357351f6977683d,0.10316386750563324
1a6590aa6c3d2a06,0.140370871647642
6b0dae5047e0ba12,0.10592274448098626
6f8bc4fa3d91a3dc,0.10220082533796354
e4aecbadc139b9ec,0.0661716561735825
7616bb2872e18231,0.11594417825543529
f97102e411194f18,0.04743605814433644
4f25e4f4959ce4e1,0.0934617233922725
46d34ae6f3e900ba,0.07462349956078002
73e3288eeb552e3f,0.034893125037847555
e7010fbb2150676d,0.07499579157148407
cc2c1c680ac82832,0.02161301620643477
d025b02417a63fbb,0.08493823792386983
08070948781ecfb5,0.06377769950749099
2bdbf073750d4864,0.09140985928637417
2783928eaba81305,0.13748671143783261
51bcbc84c0f437ad,0.03766050924952363
dbecf7b9325b78d3,0.17990033312457557
39b3096dbfceade4,0.07270521442584432
4299599a54525066,0.15767202351941692
ccd92654fb1f721f,0.2992008427554551
ee1170819ca7d594,0.030352693390711043
c30ab4f74d33afa9,0.02890890092743777
40f10fad12afb51f,0.08375072907680552
f4e63fba51ec3896,0.1682974443319687
60ad4f8eda2cf6d5,0.1874197699303448
4dfcb17aa4236952,0.10113219303048682
2e54d9b1b4e00337,0.06581114943857846
47a9e135733c2ab4,0.0739576452814129
4b3c22d3da587d59,0.10187139793836313
ef89abef9807c003,0.05248477993607433
e7530eb737c85931,0.058838402482309295
dea26fe32dbe26a7,0.10626848324495451
08133a148f3d4ed6,0.10314965072774396
d39b177320bf091f,0.1224827471441461
c2eeafe05948ccae,0.10701133667359371
73c8d1e2bc9f517f,0.062245417517710254
0dd4da33e5e18c44,0.11883606668412129
25e076876a1fb6c3,0.14485520623759526
873d0ca47a7ce61e,0.110494813636372
930d090798b9ad8e,0.11903856657217822
98e38baebfb97bcd,0.13584248921458908
9c779fba6fe0839e,0.032048117817981676
5bb1f9fc76a02c1b,0.0748456047146306
f83de39c4e518f6b,0.20101172225196728
10bbab1f08d2e6c2,0.03204296308509192
ffe63eebf605244b,0.4401396486862334
1e55e67dbb9fa1ef,0.06709722926922097
e53426cca968ebd9,0.13696656712803032
51bba86dd8aaec50,0.15070087107124094
582102afed3c818c,0.04898501584284642
b280a8fb8ffb9bf1,0.0930518611558126
e8e7ee8589574a45,0.05196614621318931
228ac1a17bade85a,0.08258344681638112
2bb37b0ac11a0c2b,0.1372562414904118
5588a1f5d8da9c77,0.043931760083616905
a46d657f4c9bc8ca,0.11318519412379165
7373ad47c61f558c,0.18434000266679107
0f1fcadf13eee28b,0.11282632572936056
1f8603bf90774382,0.32767360836428333
b0dc746e7f7ac87b,0.06856742932335019
82107223b7ff9788,0.11253147556334046
a38cbc0aecaa644c,0.07212186932112936
61dbaab39e7dbc01,0.032609777990275424
85064aac24d665cd,0.03376859670576678
48be998c9a3000d0,0.06804294802795681
26b2daccb2b045e0,0.23723957289456718
95198d21e3fae237,0.04898293543686468
b2a2d7a18404d7a4,0.12595214473322466
6b178de020b8598f,0.053271960743430574
38c1b19633279892,0.1192270075209031
186d5468edde7455,0.17759196498022323
4f33d36d7b629852,0.07663655444707619
b955eeaecbe25ef7,0.13395466805399156
39ad39dbe012b34a,0.27411215218890356
929e8e2af2403da0,0.062025735086187
fa22cc093dcf1822,0.03507139366292035
f56ff6b1c2817475,0.039552883942533944
56b30f44349ddb92,0.08064018125080274
617dd77adea9e711,0.08925260407285507
4cd7a91de7bacdd1,0.1022015639873924
c07844f4e94ce116,0.2644214927220372
692bbfe3fde429f2,0.22576485493945586
6e8117bf11d2b904,0.05890332822781988
27efca94126fb8ff,0.0444510675458478
4d2a406b540c41f9,0.18981140942604413
5ca9c8756c163b0e,0.053166815020576096
c10aad8b54af6017,0.11689442759936464
60798b007f7b4637,0.08894760724601376
805031b5ab834e54,0.07584442059030241
fea6be92744b0c40,0.20315431830983655
284e4bea4a96494c,0.06546099417206648
4db0c35a634d4fb9,0.037843077592074344
351dca6bfd544a21,0.17203287608960408
c36cc7323d4f4de5,0.12973538649081454
78c350098097af6d,0.022144966116665984
1404eca61a3105b6,0.04143394050849709
2472a09a3e602f48,0.12527878835334727
5f9d50958df392e6,0.3467481829364068
ab8fde4ac70ac766,0.2533390803503375
6649908e57ee98c0,0.02514070194735685
6f6b426a42753b8f,0.06183324978807033
9f89dd1b9ea145e9,0.13322189898135592
d56cce1c1c4c9780,0.05054724029878236
fd794932c3ad58d3,0.028722558373223055
901c8562d025f79d,0.04806658718917065
2460966f3ca7d3bd,0.11196262426495872
41c6149d1848cad1,0.06900706052803801
2c948ba95eb3128a,0.15359286576147876
0263f07afc6e71f9,0.048273008473073496
59520bb39396ae13,0.12084367644402083
096e1b740c779095,0.08889889561652009
13bcd446b5b75780,0.02724919152079372
82652e7aaa1e423f,0.03295689995550299
b4c2a047510b1d1d,0.030687991339830533
8e95fe1172cfd49b,0.08200194679665479
8b3b319f1bf34127,0.15242097064266902
8e876b9274c5930f,0.038392062959148085
74c8dbccca14e4c9,0.1907601117530123
a13d2861af1b8b95,0.12463740575445427
3d0443784b9008d8,0.10500943521580193
30a6c22faea5d219,0.15945867822385842
8ccaf0cd13ec8d69,0.22349877056654419
ea79b75b6fa4e024,0.12093284793755187
df41150fbde2201f,0.09525677607548604
6bfaf27148ca783a,0.12492593879929353
016b24ffbde9f2e6,0.20113157529739026
c7f17aea0b57c810,0.032669447026838015
1974cb4a4a5105f9,0.06235388098835726
ed6fb2d892b20325,0.04920104799905564
029aa7e7739f68f3,0.049461889610008636
1499ced0a7fec031,0.05189413154146997
1da835ae2069715d,0.0498649983531686
3b48789ebdae6cf1,0.1117506413082384
b2501a34b4204e11,0.043770709853334866
4e1bde0d2fdb1719,0.06880763552846886
bd42c11dc1ea52c1,0.02949865100123115
dcdd441194892326,0.10680000481705643
890cf601bcb4d1fc,0.15878039780335537
efcfd07026d6f75c,0.10784811064385702
6e5921c9eaa0bbae,0.0636399652994104
076e6b937f9e0f1e,0.16314800705636395
fe7aa6148631a52b,0.059558212071974925
0204709b122147fa,0.037722741680216644
3bf87c4ce9af3343,0.02536670755468587
e5d3cf73e07cb881,0.13058958877371354
d79da024e674f570,0.13345413722605204
f137410611053710,0.06503220068858673
4b48a5ea7d8db38d,0.046381604754274754
6e5b5708c1bbde63,0.14926208512461045
2e21f1e2f4f0d11b,0.07096456561209984
2fcb7b875a97fd67,0.11857720872104299
c9c50dcabb2aaebd,0.02879974241175115
ade709965be588c6,0.06759820395955413
e99ce68035fd1383,0.08718859447411675
9abdf47140639086,0.2798083378366283
c0370f3f688a69d3,0.17572194193647037
023ecf078fbcbe04,0.06245286885686737
9366b2145d9ffbaa,0.22097937606915896
907dcd98979cefc5,0.03566493127236257
1430d1f8417967a9,0.09863881568997683
12cf954bc6f7953f,0.2221306885154383
9f439978c3ff1caf,0.13875078841885044
3d566b52640665bf,0.20305599184125636
1da24b04359879c2,0.05084411201428851
5fb8e8cdc5a458af,0.07689496738327999
69f63de79af9dd49,0.10980075207548295
078cef5b5f6aff6f,0.13718552748658772
ee64ad3ef7cbc727,0.03034799601847993
30f789de29e44c84,0.19948214615606474
ed6dc35d0f6c3f4b,0.29387348429378596
24171dc6016596e0,0.19823123983963495
d9753be4a4ac4d5f,0.18566046469466957
08b18f56dc4a9978,0.0993317554323679
2fe99f58d73a842b,0.03592970434865681
231cb4b19f8ddc4a,0.03552627101445808
a0f57bb92842d2c6,0.04777339800570646
b451e5af95310e52,0.11888671293042474
4d5e3c273bff2df6,0.10124212939875406
69445874395ad7f7,0.03268258302042724
72d5eb4d04446c06,0.06649387527972707
676277c834acaafa,0.04156141671156909
345fac6fcbfce3ac,0.13387901191497684
77268d80339453f4,0.0693541825732212
0a3d332e3608b10c,0.17610476719540788
3d3e247d278aad6c,0.21419092260116365
c6d0f1503380066c,0.2258477730391042
a7ccb8ff054ea663,0.1481566663940386
d3b3fd3963b35751,0.1447686615230209
e361e82e1559efea,0.10922285546209853
94f03a339108fe12,0.030784425413528438
0d6b47fe3047807f,0.095401945815569
f0d2a9398458201f,0.03700992340948098
8189ef648444f31a,0.16827303806126678
b341aa9047a23001,0.051233019873868114
0b603f589ffe5334,0.16692518048447194
dfcd5836b6d7807c,0.15489020878179574
c69510f82760fc8e,0.055694119492491694
bc2b0e3b0279f394,0.02736460073983633
9e59359a937dc386,0.04100673928237443
9bd6fbbffc3029b7,0.07139760542522366
78533ed0a4d75031,0.10798176821844319
24d3b857d9ec7516,0.1476538657834297
d9f1874f6346d786,0.13304602403858953
6588a72e611a860f,0.036935969762724064
52fef00321899df1,0.15606237828676822
b3c2a81210323102,0.04755931182660428
c1501d30afd688d2,0.08280998260118133
2bd1f2fa8a7cdbba,0.05001735828453122
7472a7ac18cd8ab0,0.181077064041667
b1dcab1c1027e375,0.14954641321630655
2add558fb5890d0f,0.030809473253980046
51a6b2ebff82bb8d,0.11421895367914787
3486d76917d26380,0.12883423788722312
7d9915dadeee6dc0,0.09882177933823379
1a5e5859e62a5ff4,0.022680539417934426
ba7cc06ca707247c,0.10996843282667185
3c42318ad81df936,0.032273651169702766
e7f32c62736ba8ec,0.06853495091214451
01970049a1d79ee3,0.13089331527887396
c34d08417ccc14e1,0.12210954031128883
dd08d7511ab95a7c,0.08506476777142391
147c9ed162930636,0.10519569301105584
4d55d8c7e32d9a9c,0.059768149695877626
1df22e6d0f4be856,0.06246226804696264
29e5cfdbc9735f7b,0.10314327584448213
529dfd620d6ee22a,0.05849771159490241
22b829fba260c24a,0.04299562339023431
712c502ecc45cac8,0.039449234030842446
2806f2b7f968844a,0.12810273725619506
1ff716c957da8f4c,0.021675011662998612
33a651d1e2266900,0.23048969295723518
01aa41460821647d,0.11263557259620983
2728591ac3aaa7f9,0.13911733308845345
62153e0ba99bfdc4,0.1807784876234876
a336835871390b27,0.061935449805145565
66040815dd14bdc6,0.05658444479172423
e0d8f324ffe3e925,0.10195317948375975
e7d245b8d234167a,0.06829890421916991
b30acd5fe8990b03,0.4178954435425269
8b87df65e3f61018,0.08250588773055721
92d913128fc856dd,0.08911007311449966
c1aa97bf3aa49c01,0.04238477602426821
37b85ed57524087b,0.15819966784585862
fbbd2368a21a9e6b,0.07612327521400557
39795c53fb16d719,0.05470909061692048
6d637bbe837caf77,0.10623585955705483
ac09426ca8b44dc8,0.20365441843174462
0007a5bb7310d604,0.12146761999004434
f8c5400d321751bb,0.1709520264251345
5c5d74b2ed3fe0b2,0.03230054710982038
a0d70afd5aebab39,0.08914986450871372
dab67f5669ab1b4a,0.11246713325405495
b094a6aee2983e4b,0.13619614037590475
76eceb39e4bbf598,0.09055374378359214
08792ceaef2278a0,0.058631264662920235
421639eb32096298,0.10890476825345739
3732446a2dc0ff2c,0.11774978586897929
f42e7bbaae983e33,0.1482845455165915
1d7a33be5e41401e,0.07770578487919215
c94efe294bf687bc,0.15235952794203392
54153bda194f6353,0.03782510000331477
275f14633d4a7de0,0.035858953471490394
7a750521e7810b4b,0.19718110322408103
b94bc2b4bd62e236,0.12633200002507866
3c2076842f11afcb,0.043141724602091314
53c3d245534bdda0,0.030024680324071806
bee1ce38b4653a33,0.0625567332543527
7fcd7a8a7c44d7f7,0.03378458791491341
60fc2edd396bed1b,0.08850640978991171
df7a1a739d1e3d31,0.12501705272695593
293173b622ae6047,0.08457183788472127
c18a9f29b23ca49b,0.03405910120439017
4497cca94390df91,0.057385822576398265
40d9096835771f2f,0.1719463168732589
ba30e997b8338d76,0.14399272611664832
56d89283c0f5c7c8,0.06765667902387194
f460984ca4f4f1a0,0.05001937280920351
63585cd6e35862a2,0.0548704360039235
26e41712e705d5ad,0.1178605110262853
0a056eacd56539b4,0.03900563799830125
9060dd63376b8616,0.07362121092953401
f11e51ec27009738,0.13930370151801877
d0496dc870887d72,0.10891688447996943
65fef6d3fb26ca70,0.0275918993330061
a586684b41fa9769,0.19442617426646822
3bb2f0950e70a234,0.08810939006841578
6c6a97e3ad10abbf,0.15470393930030896
ede33053b334b03e,0.10338657482498509
0dfab1673fe84ab2,0.05140462977405016
f65b0230673c2e76,0.08905594318976777
5618ac6872992ff3,0.3272022836291729
77febd71dc7777e6,0.18473142403826057
7f54b45c8c0b9310,0.16011047666583103
9273e3e5412cfeae,0.10747266373726332
52087475796918f7,0.048044961119271305
643455f14aa1df04,0.020157453570565077
d1b24b005a16d2e7,0.09448181082544915
88788f98d41f9611,0.12959298688111484
bbbe50af555f1d68,0.09645164510223114
1bfe964817713a25,0.5125476283577867
40d6df07da814020,0.15342024889102965
8a96d0eccabff7b3,0.028292835146575903
439300a43f735490,0.02601698728235358
bfaf88448d1869a5,0.10278763761446623
1eb331ca2d61f16e,0.11706647136931608
5ad8f23386d2ce42,0.16036632526886188
69ddf95fb1e28199,0.1376571041350366
6c224fe2f90a4ac6,0.0589992201881791
7d2d81f3b2e16bb2,0.15777516716540763
306bcc14dd7bcd69,0.18499018120008126
db0b579d4d6c3202,0.020820043256372985
5e7670a553fae63c,0.10732760488877185
999f8c054ed84981,0.05347937807862233
645969c8fdeb22a1,0.016084035501236982
6158cad9f5117a45,0.06416776862519469
3717d43b0bfbe61e,0.1066700383085214
8ffc981637d61bb9,0.09338830822129796
8b934f4c25070ad8,0.06359753939740628
15701cad20890a02,0.0701697350577982
4a22e527eecd22b2,0.1148861517044188
6b7e69ddbeb27f14,0.13925645803039102
c44f66a5254d5ede,0.17276932166660589
1dd06cc994df91c5,0.16681625793164936
43da23e0c905b332,0.1025784656718672
cef6bb5fbd6d7d4c,0.026039450434466437
74e65522686e974b,0.0617886027835157
b2ec41e4d4e17991,0.052290180366944335
7adfda5837586ee5,0.07186496965142007
7be7cd83da184778,0.16870579239347827
331453c919db4a8a,0.03237674937979722
1ad90b2ad8ec5751,0.029879988514569644
06f305aa47e1f3e5,0.13510618595674898
5d77b6a032a98222,0.09352949971515186
2fadc388cbe136d8,0.031967826836847006
3a64f59d79eebaa0,0.07846470889686916
e9d4d3a03ce54237,0.13809324494489444
5bc032bc2d4db536,0.04610228415364039
42afab27f6d63b09,0.08392870119990932
0ce59aff9d61ddc0,0.1139698095392754
c4b23b3e64f8fa59,0.04292354033393093
df5826f4adc2407c,0.12695191168500192
1006c7d207337c5d,0.048588725123191144
74f20f15f7388f9c,0.02978592822357151
e8c69436b1cb3320,0.06267405352580599
609680f04da9fb46,0.03514999637100962
060d99e1fde9dc79,0.032443806920636246
6555f0c293c5a1f9,0.1309321096915135
cc835ba475e9656e,0.13385744293756693
960c65dd29d3417b,0.07731666239914728
c7596c71a0f505bf,0.03811637026702897
3f3297df319604e8,0.11805281323978996
21c886bdfaeba657,0.17387518221256104
4c47eb742008376f,0.08845039377572805
0360ab7e3c03e1d6,0.061427402405275604
106e8c5cc993ce96,0.09051291177785559
3f189ef767336273,0.09242983929844499
d87c2b5ea60e2e70,0.04191597935402649
924a02ba0ace2e0f,0.04318311445089268
e0a93aee5351fc40,0.15856289043702013
60036012aab0d68e,0.07920242659638907
92196298fd1f0a2c,0.06450708967332787
2c9507cd32c0dc32,0.03951397024413589
f138d3401d1ef8d3,0.025754319972623636
0550e84ce3342ea2,0.1574356266669583
433b7b91aefd0d89,0.031951702227103355
2f084abde9824f95,0.035945870725501906
aec34c208a4086e3,0.19256117840796602
77832263f798d3db,0.09877578755928772
423646a4264a51ea,0.09133760835966363
99a11463587499b5,0.13560179960562135
5666dcd2f61e1fdc,0.0707303050579622
414bb3e31a06b128,0.2177234243366637
9825bfe27f61ead1,0.07971266215989482
3e8b0ac764ba974f,0.027438168589617343
f494e58fc4f527c1,0.06875557863081753
4b3ed9d300487cc2,0.14903796389909488
064d5daca103bb1b,0.06744528158672701
1a4b5aa55f664cd7,0.0785544146204642
65fae5433da58938,0.0638081307203659
77df36f32951641e,0.032417536225590515
2734faa9175621e1,0.27201623775097566
6952ae6c0325e147,0.034444670497298706
bc49ff32a733b5b3,0.14897628465189464
ddb437f22bdce5ad,0.1749006816017246
ad2ca89540526e80,0.1616852463406513
8eb86976f1f7faeb,0.19754624017907388
351b2cac3bb60649,0.13243341472639655
f3685748a7717d4b,0.02442560379065613
af64f4a787a28c01,0.03802941278313837
e41d8e72f6a6da64,0.04170677908843309
43199fd3cad0d080,0.09908829986387657
08639490dad5a32a,0.14282000819826984
251545c20caf2d9a,0.08809312833613824
657fbf140a397f3b,0.05748829006025086
d28dd01372e08f90,0.10275393547172736
fb9bccbf5affc835,0.023313509098038875
0c3e0f0e422bc214,0.1466646263691774
b6fe616b3ee4f983,0.09489008721265385
1a05d9b0ab2c483b,0.05704788996977647
be053c37d8d326fd,0.09614831208235357
b0cc45542dd09eba,0.06690819361384275
0d1c9ebdc72b57f6,0.07572841046740715
926a38d305ede2ee,0.14860418181297244
381047d838351f95,0.12672225327444922
5afb977a1eeba5b5,0.07395484990540019
1ef7c785c8633cc8,0.05622772818236995
2f0bd78e22c8874e,0.14416033655530067
2765e2bdf659e633,0.03384773555617343
31756eaf193dde51,0.03509415217520503
ba5f5a3df72c6be8,0.23035320678339843
90e87591d24ae44e,0.06552790723305812
f9f063e55d3db8b4,0.09099052980234641
3ef90711b7e5d86b,0.13549389621758576
ec0a6ecd2422c215,0.11393799070163531
2a75009bf5006a5b,0.053423091546281026
9edf622febac0e4b,0.10646579073474716
9cee551773541f4f,0.08219566264630489
2a07f1c2d7378d29,0.12871855884680697
aacdb09c08c9a960,0.028661810601526543
df9753fd02aeca78,0.07199861394357931
ecc853e05f1891ac,0.09872099425296739
859bd8582d3d2811,0.07605765526091578
a124273d56f60796,0.09127211768241121
9cd33034524d6b66,0.07001548999411526
9e58973154c42431,0.04639916820957313
fe78518186335668,0.029271241900837717
0c195b45f68a8952,0.057740899062386504
bb6b109cc9317218,0.030657008763276344
a58342d3aee051b5,0.052683793392573175
48f975291ebf9397,0.16797156022638005
672604676c29d735,0.10918599375617682
144b0a7e9cb057ed,0.17193630091882048
02ea6c1ef4cf0b61,0.02940009317327384
fe3c47193f742bd1,0.03707043147703692
782fd306b790e8b4,0.09024143599797622
53f0ab0c206a7f5b,0.14837263264260375
2d15bf73a2700357,0.06835915112607856
569b34b568032161,0.13239871809487921
d98474765b2d7880,0.09983692849464852
f3088caf81ec54f5,0.1788067327943671
884de3bae564118d,0.16461001156368993
5b62a55571d795f7,0.14374748865484635
e860976e6aaf78f3,0.12423846008789598
bc5f8d0b2f9683ba,0.027608015114072775
92555d85c6369cfd,0.16587144709972043
189861fc294e0daf,0.0880216346635675
b8212e2222eb4313,0.02569157450629909
53afc56ddcd63d8d,0.10980661304073876
0592b0cab7becf5c,0.07371034313841933
ac4cbdd76a84da91,0.11547716127252095
f2eeb139d518ca60,0.14177739457763475
e02fcc8b8b63c0cb,0.04274745856656025
a7f194a18e15e185,0.06701089148648472
b9b57b5beadd1490,0.1334516466205791
357c4988d289017f,0.0862781459544703
f0d98c09bd71837f,0.10551050814789166
b1c0df4bb0c82383,0.08787999178729489
5bb361813a233522,0.06036798834799271
c3eeda7b200e2c92,0.05334877965979401
db0460b8a23a94e3,0.09290398022224282
3c80f795a35190af,0.038835199928698313
ecf5824d8b392491,0.05804699394048594
5fc7a11376239e12,0.026112644244211183
2008fba1ef946ecb,0.11217951187412273
e2aa59fe541e0ac8,0.04859830238543578
09b5c7802e6b561b,0.029486825551631905
988df0719acbb76e,0.11119815239445074
48d79ec301d31948,0.06841303990544034
d288ed9b89b3675c,0.05807060665306418
75abd1caba2694a1,0.05694295985523762
3660f3c735d8a187,0.07750807725872498
0440ac4598276f6f,0.15760741894692112
836bbb09e4831df8,0.07775757538673526
51432ea27e463eb4,0.044703185375905376
3fd99194e4efb12e,0.0439350578829489
ef1b4ca1f2c1e357,0.03319284190528118
70c464af7e1cea4a,0.08488670689851784
54c64f47d761f86d,0.12556106430655992
333dcb05411a601b,0.04273578470176853
11861d1571dcc3a1,0.05179315900157378
20e00d08f625d409,0.12162643267090123
8574c4f5b2db8c92,0.11045745992625511
95feb433faa8520b,0.12037788285677903
1dd496796a5dadff,0.05032119201821378
c1c248e8483e9ef8,0.10334545007188776
5e0dc0f0f0ea48f3,0.050824394569519725
7ecca4d6c9eac123,0.05764960702499527
58dbf7650b2286e5,0.05046706845119655
4c62224901fd183c,0.11782596292395764
affa636fe0cafb15,0.1467848071247158
c9f2c416d003a925,0.02300864763910364
c19024a709757f11,0.05959420810805193
d3444b15af3a9536,0.09519431193121151
2f54cc2167b0cfdb,0.05787341240916231
d974c7d47092679a,0.06003223332192304
1f04a25da2b17ee9,0.10387716116718897
f133299dc49c2bf2,0.02969882136980732
9542ec8d29575b20,0.14603702448662853
6e476b773a15e2f7,0.0472795238800874
c468f0fe05876276,0.04675822936669848
1bdf15bc47508221,0.13886250699792196
687b1d6eaf1bb287,0.11556442846560731
fc8590ee9d55c5db,0.04753702916813573
a4379a3efec7361a,0.031244157622574917
30a2e56d4d608b28,0.12040847233686953
4b400d52635e28ff,0.3068637832645078
992d4d4846551047,0.1316217275685481
b91c089133d42f62,0.061441635732758154
c98879c523da912b,0.036727139480234205
7c8f510d8af822b4,0.13806288231377525
9d674a6212b3431c,0.03804498624985222
d3da05b2f284cb87,0.09540375172774207
853ab873686c227e,0.14072972655479551
ee0d55e13012503e,0.02697363113959263
fed761caa06202e1,0.04759205880816212
7750406f980f78c8,0.11166165821622549
e8770d9a28fdaeaf,0.2547236035109016
4025856444b9ab51,0.044585359858961615
1d0cc87631f52974,0.4121140618985197
f87d2af1aa151b69,0.10213169623585099
e2746f6359714da0,0.0605086595591312
6b20c519964ca8fe,0.04876404089758351
ac0ef70a6dbe1ce0,0.03313707503880658
29219b6baa3ffa60,0.10458646588439476
ef5245dc0733939e,0.06507415570695724
26d625d3997169dc,0.03764837304661669
ff9580c0b2b1a370,0.10795077261619697
bdad383d41eac454,0.017239935288253367
a6bebd6247dce4a2,0.24024843202407
846ab5063b60d099,0.19493628996271728
1e342d4cd0cd2bac,0.07775139630942605
b111d554bd56dcf7,0.12356636475078096
9ddbb649643fc0ee,0.17761043008789745
0dc9c8998b42da67,0.15389840601882418
80444594c0d4b5b8,0.05946611968925869
9bf8b2752ad4d752,0.18740126327323378
794812675f553fb1,0.11007133637270226
c60c7cf09844c202,0.06847580903921084
06559b4012a85953,0.03495552105808892
dde7362e34a81ac2,0.06508541443618131
fa1ccff8a7481b47,0.13299954916953535
89c1eb286bad23b4,0.02167161160720822
b389067306356b78,0.08695652807957528
a4328554fc4a45e3,0.10516469700122544
fe2ff0422ecd1440,0.09966303160496147
e1f0e9e0dd1f6a8e,0.09324145199234901
e431bdc8db1622e3,0.11491056539006554
54d5ddd4fde3db7e,0.027628948241345402
d6a2262fc314d2a8,0.06985167733996774
e7039d9ed0ec0c39,0.025859850193068145
357fb25344e0d8ef,0.06063868597464233
8479ceedf945cd0b,0.07044002292710154
30e12f447d932d19,0.11533756633142685
a33acfadc007c5d3,0.14022481918081608
32b72fee7f2bc37f,0.07084935091376975
e2ef0cf7c0138e95,0.14098535471154813
c53a5098d3feab43,0.11660367165480719
2d1a504956a9bc59,0.03344460057447016
5b9d63bb61f11842,0.03653842579319913
f8fbcd4440a074e6,0.12074560264177114
c18b0ab8490d1c66,0.05376738483434599
18cc6b0ca558d790,0.2216769489622803
c78d6d8adb708879,0.04117372155605523
928fe114a90feded,0.12286124573347917
806b11fae1f6bd45,0.04620634660494574
ac8d5b4456a25f98,0.04153258680906771
0de3b4e998fb61e4,0.04565194102097525
0344ee3e70daaee8,0.1526501366340475
9459a694f708e7cc,0.040255052897921695
f8f24bc3cf3562cb,0.05763955690275585
fca0d01a476eb58c,0.049295275139565185
ef25fb3354e1c732,0.12379801089894811
83ce56a22c714f81,0.11831646561277454
781864846ec190fd,0.0351826929288595
99c27791616e6a14,0.11491678435921882
f00a56545441ae1e,0.04207555301110314
160c77c56d0bc3b3,0.0351938806501832
6bc7f7e6a8dbe398,0.05788895728365495
565c31dc34339cb6,0.15451731763063536
d47a57dc58d8cfca,0.08587832671033102
7d91fd093f331634,0.18193814654907492
a33fd6143896a064,0.03701781933187454
af6776fae916125c,0.2880618146151946
eb63791dfd566fd7,0.10233585284660829
fd94632e98a57fd7,0.12240707397459016
7afa48755b2905cd,0.32552171296017113
cbfe89a23b516339,0.12396605890232242
bc9eb4d602b27458,0.06097518445244651
fb8b7e3482eaa33f,0.06512499203287987
0d172dce11eeef53,0.033556793616637
6cb7efe2f15a8b1f,0.05420641346941873
0b234c8955fa5560,0.0667611901587394
1564bc14da2389b8,0.14819983390898975
11d440c4ffeb2e60,0.10771523889798845
fa46240b99291663,0.13089929500470918
52eb5978e0a48397,0.20066161927602563
bb2cb3fc47f785b4,0.14054516068005365
bd402ae2e81bc456,0.03386897783430475
5b2c73c3c2fab67b,0.02375973533923646
558785e2cd64bd4e,0.14886336259275276
d8d0cdd0e630be6e,0.3398922227326302
54a5cf67504e37cf,0.11240716838017568
b7225c4787addde6,0.03458891318053072
2e444cb3f4217098,0.03990439612600453
ae6ea7b6c44fe6f5,0.1042234182142983
8917e3ac1e161b77,0.10266823957452591
ca8e1b8f4b045be2,0.2052091600219328
b16a002c43cda488,0.19050592771549998
38988311c0c8e2b7,0.12302081518704855
40ac9a289f991b8c,0.08858247379860355
83dbe87c0f3ff118,0.08908479672630232
d8412746401ef6ff,0.040449141261141665
95a1b17435300c3e,0.11320567375421259
9576e0a63d76b324,0.0622038859287907
8e43c1faf8514a42,0.016866767792429058
64462847893bb0c3,0.0951236135414623
2e8d60596fe0288d,0.02482192863430907
e3064eb18f25f417,0.20155255870072042
5c24da1b9f2ac392,0.02638839011311527
ad26aaf8f4bdaf41,0.08912363283449813
a21097bbd8645f25,0.034027486089619516
cffe1ff942479449,0.03786550271397622
39170ff154aa8058,0.11154436623107673
0e2b77f6fe4d94af,0.15717193952084543
4fb4ed274c87cfd9,0.035985994624142384
dbe218b606bf3cff,0.08222469231914781
b1ff3f405ab15e62,0.07749322675305632
b77bd0eb977bfde6,0.023545167518078714
c65c01d13c9051fb,0.1682000462717469
9f7d2bd32579e9b3,0.051657584507076616
1d42bbb95380256d,0.13519523454724283
799c5bdb519f3962,0.08520499436419167
af54b26cbb15ae3e,0.09025970662338219
9ce958c47b1e7d3c,0.11015697913075191
d39bba0520b226fe,0.07656996071225015
c4923735c16e8881,0.020489170179802826
43506b20fd8ac430,0.0656805590242472
685b0ab35ff084e8,0.18961507540716294
03212fcbf4fcc22d,0.16686201711434653
7aff26a87411e8ee,0.12446934281709503
9af789cec1453f89,0.027936377400134913
41f2ebd04afb728d,0.146509172322314
a3a3009c55baa210,0.2611829375565216
688382bd40810598,0.05850877146225283
42cce10beb6c55b1,0.03991425055588093
59fe211f9aa2b83d,0.10936823075184639
86466c925086fe3c,0.16925702648458643
cd36f54626e83a21,0.036154732405760955
ded728c05e20539a,0.146715052237983
0c7fd3a164040b3f,0.16635700120658212
614f526f552a972f,0.07448770874656625
cf076cf42abbd2a6,0.043183752145629174
e20135d1136fb289,0.04485265482767641
2b40340f15b07950,0.12659042502781961
92ea7f3ec80af25f,0.14654944960881364
1de6db095fe81c3a,0.1189471071959783
e13432ce761076fd,0.08052956020790969
ae126eb3da41487a,0.03401543257923179
05436df37c119ff6,0.08237379870923789
b9203ce854a26300,0.11382859067885072
e39f8336b7fa1f6e,0.14281538368005187
2d031b0318ea5a02,0.0673341216905967
54304b5c419290ad,0.04481018551426163
e9b3e8a0a4077e28,0.03271517775113512
1dced917867d765e,0.14809499458455225
c004a070a93054de,0.14791715985366846
3fa194a91f4562c5,0.06477766008687225
76d5a2300ca56933,0.030586794379034703
993bd3c445b80c92,0.09165141130624077
16eff5adf0cf07a9,0.18233902487370104
19f4c91cd1038cc8,0.029484790160406976
4ace42dbd199d1b2,0.09374106092168051
8232534ba45ef07e,0.09946405299851474
a2eb06ecbdb56bd2,0.029822781984810004
e33ca091fb503e03,0.09559691154979
8b65603997a5d0ae,0.03483405039737985
c4702fc1a3b838e1,0.061774135182547964
0a2ca915437c9a04,0.051975803818769685
6e4d60a1e5913350,0.03555373479957927
0eb4def034c0e542,0.15655661599487772
0dc7bc6ce45f37c8,0.037030735845625024
69c1bc9b1691880f,0.10295713231651538
249619e3bba248c5,0.09327396067303569
8a0925f386616243,0.0795715103543975
c609c9019d1d7b32,0.14898784991452532
dea132cdd56b9c8f,0.15033897434342766
24c6ff18b883edd2,0.1752069148610369
06ea151cc4ea5974,0.04196475132224468
dde1072c2340c07c,0.02681833678239819
bf6234d11406ea49,0.07460687666299572
610c0fee53d0cf9e,0.11298903770135155
fc0691273040fddb,0.13483512066829867
46bbaf2bcdf5a362,0.07935080155082647
6f4198d004803569,0.07243628735228973
3f726ca9a49e022b,0.030943840264624305
2263ab08ec01d546,0.03381664466032775
dc2a61d22023b42b,0.4075233358058687
9cb03c429bd54976,0.02431601283330766
d3d5427c6c9640bd,0.14300623969054785
a356aac05b7d44bf,0.0582863956999948
2c28820cf1ae8254,0.12903193665949758
cf49994228b74e3d,0.05461831098432438
ea984ee0501b30dd,0.07525430292056322
3639d96562366ada,0.030157511816993544
007d989968211b0c,0.07022196661780944
47b004a1df7ac9c9,0.08675445467229427
f09cbcb79049a436,0.157576835168498
d3e17fc998bf6787,0.12040441643693857
0c6c8663f624c58e,0.02901726063501013
52720efef03dc54f,0.20320008195111597
c6a5cca33f57da61,0.040121294825967796
b1208369a0074122,0.04475885334283724
b0563e971ad0dbda,0.02435467767556984
a0bb9373f1dff1b6,0.15053638719492077
607b5d747f350fa9,0.13304338638988686
8945214e2c9cda71,0.1701422239186343
7fdea294906af44c,0.1723385380343766
1f3c2f31d844d10a,0.03483637976848641
248eb5a4a5179bb0,0.28308762740153054
f7522ca250fc8477,0.04611055500360859
3ac3d9675fc09e64,0.11068265366029939
b65116a131be84cf,0.15923954518092384
7cba939dfaa4fb1c,0.14781954521817606
4e484a321de70373,0.11344169476015521
48c00464ee810da7,0.11137906960021625
11c760a8108e0ab5,0.16681050854934254
4ece5849758d2bbf,0.09740154292475052
2d34cfaba66dade6,0.19197759435568962
597b3aa023ec1731,0.030007532216101186
65e095698c6b2018,0.11023122504617137
d4685373bfa64d8c,0.04323295379591118
b2a24aac339b046a,0.11553002948430735
d018e1502c830522,0.11415589669587405
b4a5d705266bfd48,0.05858373407439912
1bc1ad21db736edf,0.04901953249959514
3584862144963b16,0.05726888786866869
64acc3b4a0341a38,0.02709635774939966
ae1b7c2913418b6f,0.022665540488098712
5ff184c18b029b7c,0.02742862099570294
d407cc2c1f68ef5b,0.20474440531317928
10610f40d2c4beb2,0.03291717677213487
a8e72b280bf38b81,0.04395071941388227
4802ee9701571a2d,0.4890426359956879
c0ba503ad79cb130,0.4392321519416811
a428e18a2571696e,0.12738524486253763
d973ea3bf88a0f3e,0.13794119300110316
cca48a6fecdefbfd,0.08548721910036429
387eb4b1c9690ed5,0.040100286871375006
f9b045f246df515e,0.09997199078056751
b8aa274fe0062de8,0.16263561985103775
9d67fee3adf9e1fb,0.16186663376256302
3196cf2ddaa8893c,0.16721589059958886
c6cb67394ff79930,0.1059938228993292
b713b9f13a1a825f,0.060998574360400654
0c55301e8a9a0e8b,0.15545624074946118
06cf6a66edc51d64,0.47034997615719426
73877568d5adcb7f,0.08660902729113666
6e713b6c6d9ff701,0.1885266386415448
35b98290788b0e15,0.17314047616643582
c1699d21d21f249c,0.056087808009472516
4d4b1f0d9defbbe6,0.25511974136573506
c1eb4bc9fb4e0c7f,0.10851218298559771
ac64ea4bb93cb2ae,0.1565197674071204
a6c0198d0ade9eda,0.27611320329355976
4ee5d36590d4f29e,0.11392756886971774
39d7718a5529cc62,0.025408873291259657
4f6e36e222d122b1,0.06817303912648201
f7b65c4533428cbf,0.2885250126185673
32839e57f8e1ec72,0.11710709071444277
0a631a26c3a1a8ef,0.1516592552517867
42ae365efff05b84,0.08319067734607201
aaf16c83ac07884a,0.12886430986643624
e3fe57ec38bc0cae,0.06065158135240837
a269d748b94103bf,0.08451181339487357
29320c0461eae48c,0.03178028536615021
98b75056b390e87d,0.12396300925249082
a18aa53890bd84ac,0.1417391121379369
fc5a2a2354cb11ed,0.027911634124157716
912408725cfa628f,0.08643533102994043
6453b1a068b68ddb,0.11477647860594938
d95e854d614ff5a3,0.11340769557290033
85a79337144b2a84,0.06446158561635891
b5e18d3eb66f6250,0.030765666447259487
3b90fc3f1087e3d5,0.03199136566589942
36f89bae0e5df26e,0.08722323294658187
7de9a21c9a6df7bc,0.1548061727252907
4ad662d48155a76d,0.10168095797606262
1016d05cc8d07dfe,0.09743083225711457
b0a028857d9a81dd,0.11435746090888156
c7da65ddda5ab002,0.11653720889061338
8faf1048140782ab,0.10479374978383182
d0f1cbe5f5c2cc97,0.12099737800159226
766a85256e2db000,0.0332334739833561
83f8495a5ff0fc2d,0.04912039507814061
a57ac84facc6651c,0.1668884285718161
3e18333d2d1812a0,0.03276248833822927
2e2c93c0b28242d7,0.16310495198206584
290025e556e7a964,0.0689534423487685
34abf7197c7817bf,0.11163388018125979
4c990af23095a8ad,0.1419935472567095
b30f0e7ab6ef02e6,0.09581453916256259
955f054ef8ac2a98,0.3271458330240576
efdde8377abe8fe4,0.11564501168734231
cbfaa9b940f4c2cf,0.16157076901764258
51e64153531937a9,0.26464728719138114
3b7b80317148399b,0.12547956475429792
b1de8383db45dfc8,0.10947849745264883
0d3f9429ecf4d4c2,0.03554161833408359
c4499c39e29ecf53,0.08708464624017204
7800f7a3f936332b,0.039380534878916754
b837532e3fdf4a50,0.07425537168124524
c681da0099cefd6a,0.03744313786162949
c7acb3b5705e68f2,0.03482883207021437
7072f5cd32c791ed,0.16387906331364135
00b5216b2f2dfa33,0.8781100408925874
b2ae02f82d15b4ad,0.10256634071966597
5ddd4c1db54b9114,0.08417483935901997
3e6fa59b53549aa5,0.06648746096330545
6b853eda68180bf6,0.12718242923881576
0ee247af650122c3,0.19187226491682985
9e2c6c5193f21067,0.040410129933314366
6cb5b3e20565dfc2,0.1296097687221128
dedaeeed301662dc,0.04289105707086308
7244a91f3ecd611f,0.030216364913270132
d5447b494619e05f,0.1258431423974843
d114e64d8dfca5ca,0.028122970546475178
762e061721ae89c2,0.028895028346942898
0359613691f7c01f,0.08210138045506037
ca90a47bd789f6fd,0.09620072063279668
b43584123f43b018,0.04422762683650497
0770e000ee552df7,0.14307113289639653
b396a1df0d592f4f,0.04226242234815123
51ffd9a173cdec87,0.19455461515211625
38e628d583de2dcc,0.032947695328171524
5e444909efb4f076,0.08297933344070176
147047e5cda600ea,0.09746045943174504
02f5e786b6ca732f,0.049092681453607206
b29abac474eba51d,0.2408970698644198
14f09256775b5595,0.09108670985547422
4132a178395f2d42,0.12741733679943226
3ecf5a5ba7668082,0.04386350182613316
f7b8ef9f4baa3954,0.17346622636659267
344ae6cefc6e5e28,0.03599585876076942
9f8993a4d3fd8c66,0.07174230849324768
02fb2d64b2963430,0.10453566758939621
cc3e88fc10db73fd,0.12497354536306275
e1b25ee0d1bded29,0.1792692354980585
6811aeda7c48195f,0.11698542327695809
2caefea2089d3348,0.12395717261666624
06624c42e6f173c4,0.2520533642450847
18d0862452891d30,0.10791467767532388
aeff78b9acbf4d71,0.0844864638395814
3c4fb720d11f542d,0.039606620758503526
ccf649ea4bfee844,0.05884420616622433
72bca5a449e85cd9,0.04833746870160536
fd6a74697a1a9ec1,0.03266690363686697
a629bcd8e7727428,0.030833454180815876
4234c32600399d7b,0.12598070839434763
dbf0f354d6059039,0.03158710103602285
3807b180f301e7e0,0.11317555662375516
5cff8cd0dc4c326d,0.08025476720410013
a28550e03a14c9e2,0.1457674823324293
244915cbbfabaa93,0.03303413887604068
f5d28c37e1483258,0.06367479156052579
625d0351dedf957b,0.1048518611005509
daa98d98f6971d07,0.09457581142239796
aac141e3478df5f8,0.09392809123709793
6e2d6b44bfbd409b,0.1401626153200128
34a46acb36dc8ef8,0.03432180887349545
f709bf78e6f0fe9a,0.05423752134290347
573ce0864f1f1a1e,0.035950133566091516
d6421a369f95b35a,0.06859041471983028
6c74b5b293b1b97b,0.05952455493846548
51cf0713d5fbc070,0.10603025538117024
062ba7304652bc27,0.037429282855527865
930853397c388814,0.027078948723477127
2e48c840c19e48bf,0.12071601211869172
2a51f116e23cffb3,0.11348578438931976
070669d7057f8aa5,0.27735636280755166
967936eb15802a83,0.07136745819622
83ec0a0ff919a926,0.03363138279607233
a35f4a25719a4b95,0.03042906151762849
e646bad2986e850e,0.12313227773884394
8b488afbcc578dfc,0.05996680559435367
13ea6594c14a4026,0.053569548416723345
d0e536523f93f64c,0.05518496632558676
0e5ca22bcfd8c5db,0.15854065629757105
9fb1e891c08b715f,0.026316732885710903
7199fd0ada65fcc2,0.042166183000006456
2275f9dac244010e,0.031473648665588536
24e5ed05f908296f,0.05827950700814897
6cb602b86bec19a4,0.10647688824542517
9325343b0fd3d676,0.06323730404981505
644e5f81463951ba,0.12006839248933608
37046a2dda9e5889,0.055182772739601864
c7df199599dc296d,0.08277807993283325
54e463d760c0c6af,0.03687327142607655
9bde8f101bdb4095,0.07414825583136425
bc5c320666ed7ca3,0.02923506829229661
4e44d72109230bfd,0.10740275437459922
235aebae2ca0d45e,0.13749662143988087
55a1d48711c4359f,0.06871345395027949
c1ec685fcc48d91e,0.07477238257361823
a51c93906bd78ab7,0.08410160954169836
207c0a6423cf7a33,0.09243814241990474
c7693bad80c482e1,0.15196117256596317
36b92309f6e5618a,0.07369175172599307
26ee6d56130da0fc,0.13655966849206688
587c7d36156381d1,0.03144145338476927
50d432d2b52052b2,0.11810710819281571
b738afb14f60d587,0.18710803878489105
1157c08c11e901e9,0.10944719721007538
cfaea6958357ef1d,0.05090323089361351
d8b3ec80ec080d08,0.1297209216046053
809c8f80468b1337,0.09743680415162437
1bdded460bb636a5,0.3951512061736653
96cc52a1a3f13e6b,0.048605222932391334
c97a25af08369f73,0.04137846809231064
0de5d7bc5b46bdc6,0.055565170491393534
c6eca151f8576037,0.10891851811472623
7ef7f606745e05ec,0.027180361020946148
c5ea9ba7fa065f8d,0.4384794433819849
63142c0d75cf9aa4,0.029138196977796158
c396e609d01a9bcc,0.05446402111356143
7c9db70c27860a32,0.0999767969408225
8dd4bb6eda603b43,0.04742695351455065
d5eb724b5ea43bba,0.18649237767611795
e7e9bc7d5e2e5674,0.1321834718245686
24b3176d5020b612,0.17439811970719957
6fed295aff782896,0.6494287115256802
12d17a3ef6b47faa,0.15665488873315664
2c550aa9cd671368,0.027532984141525007
df00e28247baf9ff,0.13289962645094408
9449a45c9d7b914f,0.03849060346670658
9a8393310d9b352a,0.0918730568277556
e1b1b6a194b4b1d6,0.07496616871268223
7097d3e397e94525,0.045906937469522645
e3d1f895e94e8bbf,0.1013835658072969
6c46ce4b2303ecb9,0.07882596904119936
999760aff655cfad,0.023296261477836352
6d526f4593563124,0.08918033549631658
467801b5de42246d,0.1162509639858061
81c9cccf75c1503c,0.033603805348596805
bd1aa64c7a5dcc06,0.03333783860946977
df1a75c489d95957,0.03087909166416669
7e6ebb5b237b817e,0.03924124436027011
1aeecba2c7866fb9,0.09417535457136733
14269028868b89d2,0.053096278368332306
5ec456826b243dcb,0.046612812883203576
e574a546f8e193c1,0.15936072185671804
b0ce65cf243f3ae1,0.09017943045855488
8b8e8a00e6e1fdc9,0.03653454818592362
4a87b2b000e87686,0.20604528097002897
1175204fe5f8cb6b,0.07003397987727271
50a79bbfcd719a29,0.11434298633738287
0d8c215cc600c1f5,0.05622340770119869
3ceb989ec05cb0ef,0.1644915518998844
c7ea3f3ae516dbc5,0.029713398625132975
060631dc9f8845f2,0.13714890569192584
4ccc3fe421151149,0.032328690256902444
fd51240f58f2ec0a,0.03212193449504321
9bb25b00d30f4ce0,0.017973918279866666
1e633867010ad35c,0.029071220523259347
90da0c9b099080e2,0.08211411363261933
f3ba8015df41ef05,0.13219263004874085
7006c751c11cdc01,0.12608806042568702
db5b922ab7ac849c,0.042691278205499505
8ed9c5e3ceb94d30,0.07775588881787937
32bc573af0d063e6,0.034799763330744166
b6f5ace9b32140b2,0.19137774490242218
2acea7857a236b62,0.08088737751532891
2dd5886a7dff0caf,0.12237305293481064
cec7e9631578eacf,0.22087629659278088
aa1276a52bb96bae,0.13223262435905755
f90658bc8d521271,0.10716150319786351
8b65638e31a74f80,0.10195800427182093
233d4e0eb18d8449,0.16087159826524297
95e779988eaf54f9,0.07689852555255439
ce033e0586a41f4e,0.044039109334417015
29007abfebc6bd71,0.10972372907713995
37555eedf932eb41,0.07991435555018002
43f0b7fdd64e4d62,0.1127443043111266
48d11190742f10b8,0.25106318260421945
54167e2d347acd9f,0.03891112987467057
adf2b2540dad8766,0.11949070879066415
aa4854b6b5329860,0.9914816693624454
371dbcc2d3dab4d7,0.06980346558587773
29fd5cd58cb38dfb,0.16245356309108702
276d786a03dacf69,0.06612346049820585
90290aaf619cb77b,0.047368955835615505
80904c6eddcf06db,0.029317079579821614
5232eeb9a1fa8f60,0.1072797922130607
6205daeed9459b81,0.03836824716177675
6b4abc5da4e3aad2,0.11296276590740166
ecce281c5f6153c3,0.15009143190689148
926feb1c20abd0b8,0.03852445689947196
64874c60d39dc86d,0.1818825502489947
1868aaf30c77d6e0,0.10892408222984795
52e964be6dd475ed,0.4633221489218163
4404ade20ca8acab,0.20488877801471103
f6bbde7cdf6430cf,0.972379713043074
6f9ac9a8227bf174,0.26199037248219686
e4afa0c3ef07f2b8,0.04977692801268344
a85d4f04f63f1f8b,0.050335315995105046
7f3411e87c2708d7,0.11662249826995746
5be924d7d731a308,0.06864515454724293
41ea202bf96f7295,0.05027809452194279
e7d3e68c097838d3,0.24066271140703965
c21ded045b04b1d7,0.04400341326950199
a87de56d4f2dc966,0.027550020561770843
b073cc5a7d5d1fc4,0.0655908994665112
cdbbb57088163b02,0.0513214042868668
97a093dfe9e1eb64,0.28847744965872946
68aafe54d00b3081,0.08698801799047369
dca611f4099c1df7,0.05274426878734251
068c9856fb6bfd0f,0.03510655681276093
ccec2927e56ab3d2,0.024599075815060035
f4239e382087c8d0,0.19166799031705697
a37f1921e2ae64c3,0.10477622432599736
abc7d40ccad7d04c,0.03948688674671424
7be1ba405f826136,0.16977719484870982
82f1ae3eff7b57d1,0.05882998200019555
64bcb6835fcb93ff,0.1849893186536999
8a7d498479d37ffe,0.07457758970561323
ddd893f6f7c67340,0.035732647301761795
63438b2313c7cb87,0.03647312047417849
