id,label
6403a3f8d07557bc,0.08339203916098883
1b1d097ff5b144e1,0.09262919780262749
08c7c3c71a02ca8a,0.12426253057671055
7f09e9039629a38a,0.09885629222436441
1fecfdee265e685f,0.12889397001173372
2b1b1ab99f54e1a7,0.0910308755503752
f893cdb025b56c89,0.11316400452530923
84466d5fc69b1dd1,0.11513014822000135
e0f419be2a81cbff,0.07498191939680607
d9e55e1259c7c29e,0.1267468388673269
602d7f4b0882ec4b,0.11820231302058659
67f2f87cc129d7da,0.10965131991556765
eec96ea0e1c9f7cf,0.07268215966562819
d85127e773ec4820,0.10816234665429292
9e96822b06b0f7f3,0.07526871919662939
c6489148a3f9498b,0.09234966369560119
ad5ca801b22a4eb2,0.07289505326038195
22e01b671e9f12bc,0.07488402481634743
4953dbf3e113fbdc,0.07271144365676868
95397470f084bc6e,0.26338574779970436
ff39045f375a9792,0.07299701969161998
893575902a76b6bf,0.07313679302981418
4d9211d2b44f7d9f,0.09721743765402827
8205441451789e41,0.07257181170534668
5ade617aad761daa,0.26451062241918566
7d8bd74eaaf831a8,0.10988585045143637
3a4abb16616fb838,0.07271144365676868
6e14ae545a54ec6b,0.1311411937433715
a6d127f7b7a19a79,0.10318311886947756
e29e33c4a6eaf6fb,0.08911874899267411
42b296aec3a400d2,0.09114670481330227
238a42187f0c12de,0.07463145605357396
4c99d80ab952e272,0.11464301566852848
ef909ea8db65784b,0.10796549558832716
53283f9869842cd5,0.1601033425748788
fa99ef0b96b51157,0.11780359795164436
3cdaa31c37582a6d,0.13302559109921036
e007009eea08f15e,0.08301316470169634
e46769b586a6b83b,0.1281986392213227
c77497b63a864028,0.07313679302981418
bceeb0086c625fac,0.07486634188927045
5abf8e5791e5fa94,0.13980259318783123
0b7d89ea3694651f,0.13855296360221941
ce60477eea0a9007,0.16009790945742253
847baeeadbaba41a,0.08740626566519508
aefefeee7da6b616,0.13168613105164487
321cc4b04985f915,0.08598458292688752
590cfafdd102ec19,0.10574077427940178
0a3027ad8dd82438,0.07470900780793606
01e58c9ae88cd390,0.07289754264212145
8f5eb2d903aad722,0.07607260500689832
3f1b90f008fcd5d0,0.1309886897077977
9e55098b34909114,0.13376430991715776
ed3723d6f0b305ec,0.11423751583236538
e1d77367315c8c64,0.07924508553997861
b97a34687794c3cc,0.07289505326038195
2d9a8bda25c031b1,0.07282315671808619
367427e76fbb967a,0.09924840116525069
2d1de7cf3363aa2c,0.08470677749806471
d69cf5bc1f0112f9,0.07271144365676868
2a75c552e6a0103c,0.1257234802708931
943114c642b7e30a,0.072994554373082
5f4258edf6c1b382,0.07278264493557679
ff0a817eba03cc6b,0.1260229438524574
c77fe2a4fb942f02,0.1275837496275834
df587d726667a5fb,0.10696980207910037
8c09d6fdeb48dfe5,0.07268215966562819
564e16bfb829c7a8,0.07303867916439248
e592482dff2b62bb,0.07268215966562819
33319a7020313788,0.10197020441627277
4700a73d634e28f5,0.1453991928679626
e5d9aee597bb4052,0.07479270198880034
b93533776029ab4e,0.1488782274088109
e9274894e7ca5d48,0.07257181170534668
37e126228f093cb2,0.07361698851433648
ee5e8daf19a62436,0.1331312252643279
5c2af7cb33fcb9b8,0.08627922829729717
dd6cf914fd458758,0.07271144365676868
7943edf1ba3d08c4,0.07478526576029335
50dccf68b6d84c9a,0.07773928026784688
71b1d024ea8e0791,0.10454018754406381
a8ccfbc903739855,0.07282315671808619
bbf9130a10bb2e61,0.07268215966562819
41a2cd1fb3af1f62,0.10369409740816747
e5b00c5e94bb1efc,0.09912720135908722
8a2951b875e32f95,0.07289754264212145
4b4241c32f2ae2c3,0.07475405157158937
8beed49416c057b7,0.07532814355055739
1cc185c7cde5f29e,0.12344632135232687
635d0e269bd151c8,0.07268215966562819
9eb98f9a7202dfe8,0.07268215966562819
c224615f7e3ecda9,0.07268215966562819
f93a14286735bede,0.07418764173429912
c118092c44e808f2,0.11117062114260043
0972b7359cd12fb8,0.07271144365676868
22318b12ec6eb14f,0.10722181940653824
9c92d4068021c258,0.1323107979666838
053aaf6bcba9464c,0.0759109806005864
966f0341c7d1f5bb,0.07435656624145758
624826d8d4f7d476,0.07532814355055739
250e83ae550b1992,0.21903671611199274
9ff420d30b835836,0.1188534369904493
f74cb9754e9ea82c,0.08918196381117667
8ab5a2752e698725,0.08508635594733238
56957aca1f34dcea,0.11361366425211382
a6c0cf21bf0a1be2,0.07268215966562819
427e6266110ac72a,0.11811421182165902
7b84fe626f3ebccc,0.10780913105045055
6abd9ee5808aa267,0.0750063686662884
15aaf86082111e4c,0.12237749675435981
afb1bcdc94b9bce3,0.07257181170534668
93a337e7b4fedfd4,0.09502747144091407
cddee4f1517d9dd4,0.09032301129559206
755140c7bd8e7223,0.09079074549383198
0ae88cec371ee0f0,0.07257181170534668
08a9f02754051fc8,0.12264926707112844
4bab179b9218d454,0.09004851059531468
2af9aad0b831d3ec,0.07257181170534668
7d330fd87e35ee09,0.08947383082039956
d79f0de699294b3b,0.11132515042744913
652a8c0826eb2609,0.11066025137045293
2ae2ef63a2565c3d,0.12576939358083208
1bcffad3764f7c4a,0.07578576379544988
707e78f41fd82174,0.07271144365676868
e4824a55ce76b702,0.07268215966562819
993182bb80730c31,0.09004456514090423
dd67c105d030f636,0.12879051105856848
3dc4dceeeecb58eb,0.10685918644066272
90a67d119116b976,0.1142926536251627
a483f8d40e026f5d,0.07268215966562819
3d24648e710fafb4,0.07476629970651337
9104c44e8910b122,0.07271144365676868
47b77ad7aec9f1dd,0.07310945207962666
a66cc4155a0edaca,0.09431985889719077
1f4dcc29503e1a4d,0.11056072499590153
0a295834d6044914,0.0750063686662884
bdce8615df21ee2f,0.07268215966562819
694b4d3b1ed04c61,0.07278264493557679
ffd75ff5c92f624d,0.11642571979458875
717e992041e77d9a,0.10755640745146718
eb5157274916100f,0.10838297459614339
b77c5c610fc74da8,0.07282315671808619
41d2ba14e653bbad,0.09903912529361614
f2b612c9be07aabe,0.11437578209175954
3451e892c310a998,0.08591946808646292
2ab24c04722d8bf6,0.07268215966562819
38ded7c17115e7e6,0.12035508488794464
afed8219aa70efeb,0.08982796373499977
1e9c4d7d2de01fba,0.10611302873893932
c1bda90e9a3b9ec3,0.07843299639442122
d406fda410e7c177,0.12038186804526184
f49753bbcfabdaff,0.09906402843835205
4daee2e232e58a56,0.119296907896615
858a9c1611f558cb,0.09636630435374398
05b0a9e8b1444d99,0.07708302483191301
8b2ac5da79a42e4a,0.15784549934262454
222fc0675ea28b67,0.07282315671808619
77cb5f88dff15921,0.09051535811955505
947d5752d88dc00c,0.1712424452492321
309a531dddebb471,0.12472124317892083
7e5f9d7d0cdf5a81,0.07268215966562819
6dfe2ff41e67b01d,0.07658986820312039
9a51f7696f388499,0.09462604386432125
9c5cb5a9b9b2b4cb,0.11994257398703823
bc7e89abddb2aa54,0.2801301572285941
5d3eff0bafcd186f,0.11707945374887056
d592e9d5579075d5,0.07479270198880034
475f765f9fa22959,0.12553774212084823
71d36204d6040aaa,0.11328785675074404
78119b8ffb9aa8ab,0.07268215966562819
09d1e9b9b858fe18,0.11507278816628885
ba5f5f59e3b0b755,0.12024199625279464
3b7344f40bf64734,0.09558304107236323
1f72c876a5e3738a,0.11247165091
86262f7438a90d1d,0.08672528944549016
3f6e10ed3e6a6303,0.22861980661306602
ada42e94aae1a58f,0.12785609944425794
b5320e4cd134414b,0.10193210754884863
ef83ac91e80ddd9d,0.07803493521767407
b8a457f0c9f14bef,0.07776476073517569
74947cda3decdbb1,0.09285404072293124
a39392c735bde1ac,0.07677238657075744
afb321701a74d5b0,0.07282315671808619
df401b9701e04299,0.07271144365676868
c9b67772b4c4f44b,0.11757743314123872
b5665177cd7b6c5d,0.07268215966562819
1d621e5fa6b0c45f,0.08902648210114036
2d595ec6f4c2524c,0.0815039942685867
6a96a53512d24696,0.07435656624145758
b3a68808640b25da,0.07268215966562819
cd9f2b2346e70af7,0.07470900780793606
d78d162e0d903e67,0.11622386303867349
512b0444982361f4,0.12828360621714024
36f4f9a58e05409e,0.072994554373082
e4b4fc878504822b,0.0911615254475353
d2c6c32ea3387653,0.07257181170534668
62d5596d1fe892ad,0.16998547336468248
8756eb85074bbf32,0.07271144365676868
9120f37fb674d8d5,0.1010803361573846
ad529a51765d4ec3,0.07435656624145758
f5e98c69a45e4a76,0.12329214616184568
4e8ecc5a6ef67336,0.09306068222147143
e26f37d892f837e3,0.10802011590432921
377bd33e8a9d5e7b,0.07482609161819595
7277e822016a05a5,0.1403603644116291
94fed9a4092a19bd,0.08911384645289253
28d304cf97ca614c,0.11810218533455191
5a5195df47e373d6,0.07268215966562819
ebc9acfa1d364336,0.07528450429277914
5d76c6de5ee62843,0.09183897771653571
511d1dd15e99184d,0.09281324432898833
b6d744f202fb4a14,0.11087239402120141
43c3e8abee7ceeda,0.10504350504850382
41afcd725afd0bb9,0.09013088043489324
bd4f0c1a61da90cc,0.1847959909020063
ac5e8e6812e3a526,0.11012575791419454
61843635f4d407cc,0.13408411956037214
d643d4e6d84db59f,0.1058106879720861
5c0b8bce49a0a773,0.12662815650563244
7c6020b2e5dae41a,0.10488831184674197
4a6f26c4ccfa8a2a,0.07350527545301896
f5ff436197b8129d,0.09956299156496207
27b8587241bf56d8,0.07567470174236413
a198a7b963854e6e,0.07275563755160044
8661667952751501,0.125467727814827
282a1321ef8c1306,0.08295789425750376
db3dd0b21b03ce9e,0.10378088504443722
3bdc9a83d65a78f8,0.1037034163296891
2983651d59dfaedd,0.11591138012869102
ba2be23d69668658,0.07507106435723884
89d58eb00d13e4fd,0.07499345003804396
d2caeec36f4769a6,0.08391188933485569
dc23c7fae5f57288,0.07324844055587727
c6e284593c89d176,0.09955296534634832
523464c4f48eb02d,0.19904960608591268
cc7624fbfc77736e,0.1282310903031857
6b0c371df7cfc676,0.10639679669657735
986e8a5497d243a9,0.12846420979483017
0880ed3a1a77013a,0.10651882391346174
791d60ceeffd7ccc,0.14102627785438712
1fb2b452cb819b3a,0.11939993147388567
6e683e5731d8aac7,0.10448916788220247
d752f92de2b858c1,0.07475405157158937
91654f6c88bcc480,0.07503469566090687
308caeebcc6bc059,0.07478526576029335
0a092e2b8c9c06c5,0.10244626390172688
e29749c7cbb0ef48,0.07268215966562819
02521319f8872bf9,0.07257181170534668
f699494da66c4efe,0.09425697479612355
060f874ec99eadc4,0.10495941261522046
1a2ea8a74fd54c2b,0.09286412096506527
a98b83e132c75465,0.07268215966562819
0fe8ca7c247fab07,0.09692242300520497
c8d9bcea59632f23,0.09808298950839754
0ab0d9c2a040f32e,0.07268215966562819
a03fc647d8141fd3,0.11509156300255871
1036e1cd53a850ec,0.07303867916439248
519d3f96c9895253,0.07514226563604695
28df6bdb66f8e09b,0.22105932712280432
89713786047cfd0e,0.08775347654319046
6389830954a0227d,0.09690023010124345
8a5f2d2c5004dead,0.07268215966562819
19d4cd44aecb29c7,0.09237370800777098
2ed9718fa269e456,0.09813106409261657
31d0832c9b203b46,0.07479270198880034
e21b68ce26bfc500,0.11602962942315817
cf8783ddc0b9bf95,0.07278264493557679
fcd44919c1b3f412,0.1259439600882424
c6e50665e7bf8738,0.10127023096443971
ce0179fa676d128e,0.19011572377625394
423e064e247fe04c,0.10812974255406804
0ebb4ab2c338fde0,0.10181573210821153
37337cc831e40a2d,0.09414527638399893
04eb53517170d936,0.07527290899445463
dac684a7b8635061,0.09462686804628866
a2f354d17d1431d3,0.09820598498581806
8a42e6579214e167,0.09721435318164426
c35d24cd26008161,0.08836505461788959
077789ab8d103e29,0.108723960960007
5deb9f3705c67be7,0.0967961730791253
dc531f502bccc4fd,0.09482039427059208
ab4b4d6c12291a2a,0.07701006310139165
47b284804faf97e4,0.08885538902345408
d46bd1fa92be695e,0.07257181170534668
11c536ec56a47156,0.07271144365676868
d5bd7d0c4a297748,0.07257181170534668
d30e6ef239a13f14,0.1209200385130303
8be010237b513256,0.12669434400824237
e3ed18d3d53d8aed,0.07520266480915239
a9f5c2f8c5922e10,0.13172077565042484
05a75c012be2ab6b,0.17529013889572184
a068617fc089ad48,0.11662388835281662
687932e8fcf71376,0.07275563755160044
fedeffd4ef29f976,0.07282315671808619
5d3e23d9b2256c27,0.07811380538332213
c6544d7502deea99,0.0763346253290639
096cba9bc78d7637,0.1548923627781987
76b587348b5c4d59,0.10595893838146783
62185555ed060f0b,0.09921618177060343
b538966eb4ce164f,0.07278264493557679
8dfc12a6712b0903,0.11729996082627475
3ab52adc4b1c1768,0.07476629970651337
463847f9a1f414b6,0.10556948302959226
e93e14d11fc793e7,0.07282315671808619
2cd7ea4ff0b97ed6,0.09172091643598634
3cf1ec0a8c671d61,0.07282315671808619
e39df281ee7e153e,0.0838499820444647
272a6816ce2c7c9d,0.07639942508947761
f56230f889018c95,0.12064307632531429
4119f28f6d4d40eb,0.10945825367403607
3e744e15c1c6600a,0.09379621321522649
7975b8ce43d7163f,0.09684543252858613
76519a1ae0dba3b0,0.10695764456470036
6f6aca7dc35afbbe,0.07762423482352471
658aa810bdae773d,0.22058075321718865
41c3618b9180e8e2,0.07964287772550102
7cd53693b2b3a4b3,0.07310945207962666
a450a4bce9f2cac2,0.10957041552287095
05bd9ec45ff54b8b,0.07271144365676868
0d67ef8a9dd3249f,0.10480376134504316
514cfc846a144390,0.10984917294265273
2856a2a0114ba55e,0.13219193539940596
ebe02c0b1c116ac9,0.07271144365676868
cc31cb4421bd54a5,0.10688327919893034
d63593c7bd5f72a9,0.12000102600958004
962b8c33b5be069b,0.07472656855107625
40e508ceed1116f3,0.07441379598909635
668eca9c4cdf1507,0.1390852881436304
c15735bac7d4e6bd,0.07486634188927045
09d2cd5ccb05a325,0.0814624864799828
71ed58a8f5d479e3,0.1104180348938343
56fd1ce474cc243a,0.1289005572530567
4c4fc4fe6dea340b,0.15180020397707683
68fcea284ddff8ff,0.11485045867075597
8913329e85f873f7,0.09288175751756836
7a210b4ff6c29678,0.11843998419149027
91bd2a01c0384263,0.13186698372429545
14e4e31c9bd8d90b,0.07282315671808619
410f92d0f317cc8e,0.09063775024842263
780cd523f303a8ba,0.07571271025244478
77ae2af1842fa5b4,0.07800492895065636
eebeb3dc997eab87,0.10012588766445565
fa6c4d5205fdd5db,0.17466972123211685
f1798e22aeb3b385,0.23969224065736097
8af0df5286089649,0.0987906509105331
6e224e4033db63b7,0.07268215966562819
b8624ae03bb7e7d7,0.07278264493557679
52ca2f9cf118011b,0.26361077100253816
52c5dee14f8320fc,0.10536835916646271
43a4ed5577b3346d,0.10441552510493524
332563e196c7a1ee,0.19891929743171036
cc4b32b77225218c,0.11277701231220924
0b34a503e14e5271,0.16931566663401176
33100c4fe51f7435,0.09391259181394664
6de5ffe2b6664d73,0.07278264493557679
ba39076152cb0ee3,0.10080214558952524
aed179ff9c81f4f1,0.07257181170534668
ea1a9bf792fb6a7e,0.07473665399543751
2f06ce2d10fe3866,0.11255586815256757
11855575a4718674,0.09863539459720841
06d39de4f0e13f3b,0.09997907508806236
5fd7c68abce444af,0.11269372441426738
d464bbc0a2f6ec7f,0.1281135559969087
86a7d5c47fa116f8,0.07268215966562819
a260e587d0fd3fdc,0.16941601094291348
6c07a18d9f02a585,0.15628028350768827
8fd3d88e27ef7240,0.0750063686662884
80dd9757384d7ae3,0.07532814355055739
00a0f9038422aeb4,0.11909935193746905
dd38ea8c63c0a90b,0.08889563485078572
e23a165731b18098,0.17817968473761436
9bef89bb8b6e707d,0.07257181170534668
db5779805bc9128a,0.1962636463754227
13c6185147e496ca,0.18622709067753285
c23ad10e1020a370,0.07685183226737582
cdc252e1304b3741,0.07543218099103868
c9866843a2ca38c5,0.09076120623372474
1193dd7feb2e1c1f,0.07278264493557679
145626c411263ea0,0.07711357215567186
b2bb6e4261a0a280,0.1956727962221837
ce6c9830339e8d23,0.10529800360644295
e5a315b7bb844af6,0.10684598318716824
d85cacbda54cea30,0.07723210644656625
ec609eb2e4100b33,0.1261522172395785
0d785515807808bd,0.12069507623551666
6bcfa2aeebd0236f,0.07435656624145758
9ed83fa2f828fbc3,0.07371871538855926
f596ac3c62688ee6,0.12919391876355898
654c4ca75e7a6d56,0.11142175408235863
162146e83243572d,0.12799483337755546
9878dbf0860838fa,0.09556284866012389
332ca627787dd758,0.1301720752253064
679ad425e74f2477,0.07504087480052593
df5a276859dd4308,0.1223834917858605
e1f7d0ae0443184d,0.11142560405764437
a6434286f4234aba,0.11933450827058445
3351a9314dfcaa5e,0.07268215966562819
e19b22778dcddf3d,0.07531192105089454
a98a59904fcba403,0.09194290376096168
efe47bc01bf23b67,0.08943933457798789
a1a862c811a320f0,0.08999909839048617
bdef7203033a959e,0.1178894328050938
0fa3fd428635e63e,0.07486924639965842
8ed23ba67702fe54,0.12406223270930701
ece14f4f1731d91c,0.13640648806632868
ca20fb73d0c544ac,0.07590756297510592
927bbcf7fa67bfb8,0.12785891728120366
deffe32d78bf8a82,0.10784947039725043
319944ea096b3a65,0.07268215966562819
19bd6f94f36d44a1,0.08114509214956811
6e7447b72d462201,0.07527409333358354
be6959210f99dd41,0.17448894690430608
bc1a4abb3dbcab55,0.07797991432028431
41032395ff67eef0,0.12674239923821803
2b4004b2678cf0a1,0.09239816262655642
469658e2c6728fd1,0.10064992811827159
e67a54cb89e72744,0.07268215966562819
0a1aa269dba98abf,0.07520490930493112
746e977975fa2166,0.07268215966562819
ca51e1b6ef04fd43,0.07568461296005634
dd96408688197b1f,0.09883260775972305
23b5530f05f1d9e5,0.11680729523471442
da29e21770225527,0.07532814355055739
adb83a06bb93e782,0.07361698851433648
0e4d2b4f26be08db,0.1237857740222803
6ece7a74dc7701ed,0.07268215966562819
e5306d42c50fcc55,0.07278264493557679
4381dd659292aa24,0.07479270198880034
e31ebedf532c25cb,0.10548163011787415
853b98dd483b98b9,0.07484052932024499
2e54b76182ee44e1,0.10108729090150595
338f6834e70af5fa,0.07268215966562819
b5abaa739dbebcbc,0.12930061403448623
5a8bb8464a290761,0.1136995443756696
f0e90b285061c449,0.07275563755160044
e66581f055ee3b78,0.11541435882347348
0a21004c4d12a011,0.07697742889553258
04cee8b938d82d19,0.07271144365676868
c2eb2ef42ef59006,0.10662379332969164
4db76ad147f6dde7,0.09156475882923591
388d2efe55423a29,0.15602715305270617
b9875250f7ce8623,0.10962610414560398
e354d93aaeda004f,0.23626976067977665
39e7b31ad6490a4b,0.11642284892595225
a31878efea02ed42,0.07527409333358354
4db06f2609831909,0.09755996104562492
e23ceacf623bf244,0.10419088440024837
5b30a3dce1e3fc54,0.12564215686086488
9b09b933e5488d29,0.09079492163614732
64f0282d10422cde,0.08817948024421227
d171c9bf0e731793,0.09822512227565244
699a9d5c734b80f3,0.08411060346572952
79281527b5fd74b9,0.07515843897826469
63b9f2af8362641a,0.1122920076039026
8e20990222b8b1d1,0.09188839065488316
cbfad4f1f811ddcf,0.1224649627093537
a6dde1511fe8d47d,0.0754972050450374
54e8815e9966bb51,0.22515580988825803
cda24d31d8c08104,0.1007885047408571
2e41b0e18fd08067,0.07282315671808619
6e8f4f5c6e28c26a,0.11059658696046393
1f4157812e2bb339,0.11151029247653457
c2d3133094dc0fad,0.07278264493557679
e7e2da8351240636,0.07711690430883478
ef2946985749757f,0.07543218099103868
ae735efdf3a84f05,0.12371127903239496
8a459d7c2b588a93,0.1590544525651386
df0d35696f4b164e,0.09084170223881353
8f745cf8cd93face,0.07268215966562819
7aef10c8e6aae208,0.0754504382335836
706e881832fde05c,0.11372263315620103
03a6674f904defe8,0.07566287154184254
f00500b8110dde92,0.1209069517182013
1475216e327695c5,0.12676142442480615
3fc20688817559fa,0.07268215966562819
70df3ece5d814a70,0.07271144365676868
bcf591e552b3ba82,0.07257181170534668
a04e514a6ca8156d,0.12520471353909463
f83e082f10dc4f9a,0.07264457792879861
21a0898a3f0c502a,0.07509301281674494
c9afe9c2efa6168d,0.07486634188927045
9423152627c5de85,0.12869082059007414
fc5761df1ee97d2a,0.07464905713458608
b51c1517f2b27082,0.07538316891581344
966bd6f4b801db6c,0.12443351253378392
c39f09a3a7ee5d1a,0.1070171410012846
cd4ab667a784a10d,0.13255511518219587
053911f801591901,0.09522268702891867
4c12cd87dc745584,0.12383007585309216
f0c4df4801e5dd7b,0.07289505326038195
1cdb9e6374b25c46,0.07514226563604695
55a04d93184e2087,0.10496641214518518
b0259adc08c321ab,0.09678904137140083
3ebefad692cdc413,0.07773928026784688
83d05a33f78392ef,0.07675075654819219
57e746a1c420f866,0.12217127114611985
7086b53e09fe17c0,0.1102378169083226
2cefa5982f1e5321,0.0883484659184729
c4a61e6a8fa1704b,0.09722040556816988
cf3db8bd220d5bdf,0.10549055120365206
75c651d11c0a0337,0.07357647673182707
10dca6cd4d946194,0.08411060346572952
316d771ed9f0b6a1,0.08125337967991478
ef64650ddba7c539,0.07268215966562819
721f58982ee85da8,0.12778520912613406
e8f08bd5b06f41ef,0.07268215966562819
8c2e815ac865660d,0.1202539907724412
8191fefedc6afd32,0.07282315671808619
15c9fc425aed1fd5,0.11502570910509076
52f896a602e74ef9,0.14205741859095655
c8a94bf1f874596b,0.10250365432393832
64024839f91aaea9,0.10769480474465365
23a06e4e391dfcaf,0.09879338077812334
76fc88367fd4b329,0.07278264493557679
e7ffd70d1007bf31,0.07354870624962237
4df67b2b4764df2b,0.2117346695372734
5e23b5ebcc3c7201,0.11855236900194378
97c325c9980b0ab2,0.07271144365676868
3c8bace911db4b05,0.12435740436794576
d3af2a4f1b0513ef,0.11637012615889844
8a66145d22484a10,0.11998783926649081
f501884aa3b0a2bf,0.07271144365676868
21f8710a682b6ca8,0.10117120829591295
67addba46911ef5a,0.12265505274778832
cd5a8d124051f2a9,0.1184676754185971
a1acde423d140030,0.07268215966562819
6284cf5236839f36,0.08993675545986088
37f720257a8a7a33,0.11600137452144733
acc257668dc46b34,0.11960789849907856
23424057c8458694,0.07762423482352471
418a7b8fddf172d2,0.22543092191884198
dc356b2589e04c87,0.12232499468441341
f64eef65821a8f3e,0.07478526576029335
9fce647d5b47563a,0.1923058062575582
52f9976ea5b478fc,0.07278264493557679
d240c91989c04146,0.13303142115389643
47ef036d29375b9b,0.12268121532980542
8808a12bef546809,0.07495188535260966
d3a20f2bcf2db8fe,0.09142886363201148
a451d8e451fac918,0.0750063686662884
9826735b01a08344,0.09809155699144172
c4a29152e2eacc8a,0.07257181170534668
631690ed30cc1631,0.17423844085728982
d84d8a6e6ca5eec8,0.07278264493557679
efbafec85fb00cc9,0.16986189134918603
24556c1044963c8b,0.12982967100594567
5dfe6e2137dc82e7,0.07257181170534668
b2400c3aa22283d6,0.07526821248674725
71602580e012f168,0.11292085053847604
cf01eb3e54442236,0.07257181170534668
1a07d25426f87edf,0.0978066123731229
13b3d3fe65bea413,0.07482609161819595
059edd840763fd81,0.11939739131875535
48288e044d74e7cd,0.09747192469498583
add068ffe0671cf6,0.07268215966562819
c99de47efecac792,0.11722050472588467
11cef543afe62f88,0.07482609161819595
e512156389905eec,0.07371718489052417
138703e658867a2c,0.11751325740312853
454c3092e6edd433,0.07257181170534668
dd957118652b5ed5,0.11873258578602797
af01fa5eafb4602a,0.07479270198880034
7bffcfd2a9da1725,0.12684723867714115
24f3f1ab071df78b,0.07361698851433648
3ec7c9ebab0a4a2f,0.12562437240630392
3c1d10f4646f69fa,0.07479270198880034
9c5f959e1195fc54,0.07257181170534668
cda81aae0a16f97a,0.12010778573931381
2bf6c949fa0b6053,0.09463040123724442
546683ea9e5995f2,0.1146587858574147
c4563254d849a8c2,0.10199230845273229
e9e85a92d9ed5065,0.07601235745541499
fc9fd5a085f168e9,0.09115190339456336
54049d409156afd1,0.12929070326982423
e4c0d5c0b9045e4b,0.10693775822329663
058f290d4016fd11,0.07769477233756654
e14cd74f951c3910,0.07522450841536432
05018e18dc83e13e,0.23590421984057722
763ff25fb3a65368,0.0739534951065846
eb5cf6bf7c8b4e5a,0.1156044977416254
013351fb7667dab2,0.10243509987987102
e08181f896cfb680,0.07446827930277508
e65d39ec9e3de422,0.12438330460234723
9cf499aa7626f14a,0.11347941121150032
f203a5ba78b7389f,0.11473247234379313
8ea386546c0f8c96,0.16868245821064082
0391f48a6955106e,0.07278264493557679
d2f70a0377eebc5c,0.07289754264212145
b96e54496b6a6713,0.11267731945539404
1ecd7d7fc32cc874,0.09458283099423788
a91fae320445e22f,0.07289754264212145
7f7f8d9e95bc3227,0.1195837069312153
8ed9c9b27ed7229d,0.07568249475217839
19862b4c0d2f34b9,0.07635087265867438
e5b1c6b3822addb0,0.1185985273578938
191edcd8d76cb951,0.2601734160132926
6b08a1554cdf28c8,0.07534951311383598
706610ca333da138,0.084370522036116
5cb5f8466022eb46,0.09943010285089136
acb3a526d9921b55,0.07532814355055739
947db252e781ab55,0.08858751238030638
e94881433d15d819,0.07472410323253825
34439005f71e07fd,0.08037039161755957
989a2593307d72e3,0.09153188688114063
ec8f1d04cffddc96,0.10428178901797275
11dd5f5d722fb0e0,0.11459430833289257
d6738bf320835a10,0.07478526576029335
025b09a306181a55,0.09226527306696458
e5e3f5fbf93a1918,0.11279267256347567
2d60731de40ca5ec,0.07543218099103868
96789dc76cce8bb4,0.10270440902979894
e04c2f21eb86c30b,0.07361698851433648
eb4f7827e27f3e50,0.2838932110166019
c72cafb3b0ed2058,0.07271144365676868
38e789ce64afac4f,0.09094598224944628
961a36d1522e6ffe,0.07482609161819595
d915888ab3fe3241,0.08939615564305287
6d047ff0d07fd1a2,0.07512984522009551
96212cff04501fdf,0.11554013642286452
6cb30ccf0384596a,0.12237710808179642
1878cf5a842e6727,0.09506243356726303
47adc8c9afbd6fad,0.07282315671808619
bcecb579dcba782a,0.07482609161819595
24fe0dc9ab19be83,0.07268215966562819
d56cbf99a17acafd,0.07527290899445463
5caed519a777c666,0.07282315671808619
de3dd7a6a4564414,0.10457477986655789
3ddc28164f664050,0.07500787827103939
45693136342888df,0.07271144365676868
143c3caf6eb25742,0.10766962481679827
9295c919e27237a6,0.07753938061218008
0dc756a818dc5d9e,0.11452015154563905
67a0ca3f82ae78c6,0.07282315671808619
cbd51c3558265f5b,0.07532814355055739
b6df5050c31c7287,0.07441379598909635
73f20d006cfc47e6,0.07462969001406392
2de69b9443d4fc52,0.07435656624145758
1ea20c09b6c79a3d,0.0799653539839976
ea1427791f675329,0.09546602612546354
cd6c9a86e5c13535,0.12347586833155835
fe03f010fd99f729,0.1226719935375307
3cac934a5e569272,0.10786384053500617
1f9c8c5a31c38592,0.09118272812466016
325d3152d318ac6a,0.07778154602195045
c796149ae059bd36,0.12339831344361937
139b95acad0d8500,0.07278264493557679
ef8ca6e1ad6cbc40,0.1272418828101621
738b1f5edad8bc5e,0.07268215966562819
00b5753c64f3aa5e,0.12051098885778308
7509e02d19e2f87e,0.07532663843927051
a85aa8068fa925c9,0.11278953592931439
f8ff744430f73aa6,0.10726355968984437
4106129a02383134,0.07268215966562819
3be6495b6e47bbe8,0.09920007148045704
d58d8cb98c5344c3,0.07767658217465387
72c32db073874592,0.07484052932024499
b33541a9535d3cb6,0.09520171359108545
f117d4aad78b524a,0.09140116986528946
5e48da846d46eabc,0.11539517711223579
b0b266000f2d6b03,0.12348327306746712
2aa63d23f11f3aa0,0.07257181170534668
7ca15ff99bdc719f,0.07526871919662939
286e550605b2d970,0.07292488359230898
140d123f8919309f,0.12980807290658394
5406d7c0119b8b77,0.11403741762839252
feb8f158efc528af,0.09686170464815025
20e9295f7f1b6809,0.07595709429383016
8c67df2b06a8af30,0.09113027358198718
0b5100f2d589252d,0.12884954270113627
a7dff4879e1f2c8f,0.1643243454335699
6b9c17dec469153c,0.1271909647000574
b064e718f3825ae0,0.07257181170534668
633aa423117b483a,0.07785164949396904
2bd2dc8cda610b2b,0.11306897569225327
16b4f1b4b30d7a5f,0.16438050715797722
7ce520db2bb5b181,0.11955982553235059
359fc18aad246386,0.09551182882933301
4040467f440a4681,0.08764925345272209
ba27a17c66a28567,0.09151176370256484
5e4bef63f0b3974c,0.10133465639642594
849863283a0793dc,0.11441941374053977
aa9c499ad44baf78,0.10197148874148837
a3fd494842016ae7,0.10425609652928435
5f079c78614b8a83,0.13608853933438225
7420f14669961a6a,0.11599339007228444
0a083c164a874ea9,0.07282315671808619
396f04d4bed14a3c,0.10274625996758946
bda29126d66debaf,0.07666965612856899
8d5ece395c6a6b60,0.09792849967678002
9ea22d08386ce3ae,0.07271144365676868
1a277b47ca192cc3,0.07257181170534668
5534d1ac3ad47ca1,0.09031556264520822
164e32a2b96ed3eb,0.12736813732381366
cdea1d25f481df1c,0.08429359057692024
37e1f37cd163cc12,0.137685878368741
4f896e74ddfe48f5,0.11125412212427194
ec881c0b42489ba6,0.08547154909618696
6cbbc142e3b6532d,0.07518753951717588
af58eeb2cce1b1d8,0.07532201558437415
3792b407d3147240,0.08512917439103293
44abea18902dcc6f,0.07478526576029335
f174b76e8c589bc7,0.09761332393662425
d5cb1d76e26e865f,0.1278916281158655
c953fc1a52b6d2ae,0.10992093770584237
dd9860c103eaa486,0.07282315671808619
1a338e9358b4b71c,0.07268215966562819
28a055a15e2bee63,0.09366488213709331
d810129e88130889,0.0920306995215103
20b2f55f0ebfeb9c,0.09292444104378016
2dbfb79bb9d5d576,0.1302596291967505
a4f168601004a705,0.09190393161630994
7419f46f112678b9,0.11885439950348531
7d0ff708b6d6752f,0.12881996824996864
cbb85fa489a893cf,0.07278264493557679
c46a723fbfa594f7,0.0750271753441957
2104390897549457,0.08148594968336936
75c276f7d0f29aa9,0.17768154744745732
01a679a23b212287,0.13655453351478228
6cc58651b88eadb4,0.07571271025244478
14cf1ac65f8ca02b,0.07282315671808619
2a5d42d92966192f,0.07509301281674494
2010478948b9aef8,0.09076077677061309
31542ae607bdb59f,0.11048408175657265
783c99f058bdb723,0.07952219551435769
8e49ec786a6d5abd,0.09128856164642743
d2b9a740ddba79a2,0.07371871538855926
47c1231311a7aaaf,0.08788530066807312
c7937d0c63ca6a92,0.09179203742295279
64628bdb8224fe18,0.07271144365676868
49cbb2ff9274a4cd,0.07486634188927045
a4dbc0e728a780d5,0.13425861082047189
54a5b82f046318b5,0.12508920077312446
daa0b6896a1749ca,0.07504087480052593
4a251ebb1de72153,0.14897473966280259
edc7eab7534ce904,0.09237901535072257
0d31a18c31d12329,0.1326742906245103
ef643ea0ac629b95,0.08062232044509687
39049e24be5a4306,0.21513866977416393
f41fb0591a5b1902,0.07278264493557679
ef3add49907eb895,0.07486924639965842
3c80e6a34fb3e4ce,0.1251957137812656
681bbfb8c5372f79,0.12773324111229545
007f4be9a3f6e89f,0.07271144365676868
25144a9b2bed9be3,0.11648770302011263
61233f40c0cdaa2b,0.07481128131922815
73a058838f6b7f2a,0.13498060898243294
cbc20660739af678,0.1764009603939369
8fc723bf625337ee,0.12455730726923166
3ba49bd9e60f519a,0.07278511025411477
6a3b3033fdfe94b2,0.09018636688321721
c8ed653c9f871795,0.12178877809390293
2f6d48d7acb127aa,0.10879636464477839
92ff64a44efeaa6d,0.07478526576029335
d7169f20999bc93f,0.2865431719350315
53604f2aaf701357,0.10225573348591052
a7001845bc2108a4,0.11700871898528156
e1c8d84bbb8add74,0.07282315671808619
0b6ec467b5610434,0.07292335309427389
8ac52d2ec127a096,0.0749577057836317
b10baee15fb9d01e,0.12144258940396702
221ebe5d40d467ff,0.10994354486239928
4fe55b114acc6ade,0.0987090283445429
d8482a667d8a69cf,0.07289505326038195
53ade36e2a1b1e97,0.12231101147421804
23415b9cfe9e209c,0.11494913791519312
280c7808d94b9763,0.11906767344574545
de5885c6a7c6423d,0.1290682544841352
38de0e8716fdf6cc,0.08056377912098969
55bc25143589b254,0.10806160277422303
957e73c37d447545,0.07271144365676868
af84b2641d1c74b3,0.07675075654819219
e7be7f3fe2a831bb,0.07268215966562819
841f7e8235380174,0.21730233135886443
63d88f28c2a5df22,0.10989173991016188
8dad4fd4df5c221c,0.12597601115889753
3572ebf75eb17942,0.08971313334715982
25a1a550572c1f93,0.07257181170534668
6ae06440fe74b44d,0.12733896805849004
b4bf088ea90582b9,0.09170722294619049
6b9449d16e81079b,0.07410382022891317
4ff7c9e8a089b94d,0.0958125578826923
aa5c5648b80a1a3a,0.09897687505042146
5dc1f3d49bbbe4c7,0.1122974158170782
99546cb325e5dc06,0.11086253647926053
220c843637482425,0.08963023145211998
6608fca5b64d440e,0.12132383799792804
f29988dc0a3c0243,0.10128153603211165
51058b99b395787f,0.07271144365676868
ed1bbe11677f7bca,0.08252465084006086
9f9b85620fbc0cf4,0.07482609161819595
8aaeef3315304e45,0.07709176756724978
5d92173cdb00c0c4,0.08433261514796936
acbcfbef3b1946c1,0.0763524567996364
73cb612fe6d23320,0.11726076861334095
4216594871a36761,0.07303867916439248
1c2bf4927779574e,0.16538795721524605
1498d0dff1fb5394,0.07310696269788716
53f47e8f08b91aad,0.0878092373053996
c4229a0ce07e83b9,0.07257181170534668
bf61a06ee47b2027,0.07282315671808619
8aef635fd1b3a740,0.07268215966562819
0f6a8a20e3587b09,0.07268215966562819
75d7914477c996b1,0.07475405157158937
7b1790935e6cb838,0.07268215966562819
d680549ede3f6dc9,0.07410382022891317
f3bf39cd2ab5bd9b,0.07773928026784688
0b0930b54070750a,0.07268215966562819
3d97f118d250279a,0.15632144880810772
e9de0ad29a82a54b,0.09545011903823045
9485f200c4e02805,0.09242889724137918
12d95850d018d3a3,0.0784103624208625
ddc866b96dfc3aa3,0.12490426888589828
45a33a8161cb4b46,0.07371718489052417
990eb9e1c61c80b9,0.07268215966562819
378b6aac03179007,0.07350527545301896
b6ce4df0bfb4d3c4,0.07257181170534668
a50653ff586cd76a,0.10183511721711933
65cd9ee07cfab83a,0.0943368375195043
d2bbc0c9f79df720,0.11440896121255853
82ce816296a1512d,0.07268215966562819
e502c517a223aa14,0.0748856672432634
71d19ea693604e1d,0.07478526576029335
0d037e649d83d735,0.10531728199481272
6ba6991213384d83,0.1162770399025194
4cac0de9485495fc,0.12330107495728748
9a0be358e968c623,0.07268215966562819
f1ca34616439cd54,0.07282315671808619
e301cf1f2e4c3681,0.11882345491801295
d614ef3ad50cc2bd,0.1268270398944146
c0b33846eed21da4,0.08821408292444122
d4e499c8cbcbf2c7,0.08619964546662717
112d556866bfa77d,0.13033022878549608
3f5b776bac1c2a71,0.09079074549383198
97fe9a981d0717bf,0.09624376970623433
ce3280649c6eb5c9,0.10996502411719597
7ae7079159ced82d,0.07981399884206877
f1eb50e28869a50f,0.07526382721940225
52c8dc366cde6d2f,0.07528450429277914
ef14064579612c4d,0.11368317602808747
7897eec02201ca6e,0.07579318028248686
321d33ef853c8fb7,0.12776580299609697
96766da6bd7c3998,0.07257181170534668
fdccd120c1ead149,0.12568992406762047
288252f0e770ce50,0.12511607599296082
d4d977f5a3d8f01e,0.09977631135162957
62ea4677a492334c,0.13404302344055483
d1f182b83a420b6b,0.07325058860189769
0a8ea601fcc75d1c,0.10578749275931051
27930c385742439f,0.11156903073041398
13d12d929ca71339,0.1680959341432841
159b4f9fc1efcb55,0.07264457792879861
94ffb2f9a90b358c,0.10067108370388475
68615d70615e3b37,0.07257181170534668
d4a40bf8afd7e4b4,0.08778718491646995
e3dcfffec2d51e7e,0.07431934267521946
10366fd321e0ad43,0.07446827930277508
80e3f13b4e86e5f9,0.13642526007747313
6272a9e176561590,0.10538251908761496
14ead2f08e775ba6,0.09650012058235188
08ecd3e0061305ed,0.11099111318212682
b91abfe0273da79d,0.1869598016917411
0c3efbd8c39177b8,0.2865431719350315
e9e21b290009d63a,0.07475196321239419
c188505410fa547d,0.10913485169045685
768d9e0553a1399e,0.07268215966562819
a9370f34870acac0,0.11066292877802046
9f6dbe29c2020549,0.07435656624145758
6da7088fbbdbdec4,0.08558598599601366
944a046635530efe,0.1333581444834581
55a97e1488c333a9,0.07516739874078018
bba6644aefeb263d,0.1214121292640421
750f5d2c63709654,0.13315573152695245
b7f5c550aeab6fa4,0.09232964341226327
bf2efa05075a9f6e,0.0772695631207786
2987973344ab04ce,0.08412671846774009
a97d19edf8f608bd,0.07515843897826469
6138ff6754f14dc4,0.07578576379544988
87522437573af7c1,0.13221718915710529
57cc4278d6b67c5a,0.07278264493557679
8f29d789ebf40f9f,0.07282315671808619
15e17422c43ac280,0.0772695631207786
57faf77cf5f72f53,0.09717376379549073
febc8ada0a8d768d,0.07517016422314557
86ab68be69241db5,0.09281807310462839
5fcfe942606240bd,0.07268215966562819
31bf257f6a4a70d1,0.12197524791641835
a09897cadb789dba,0.07268215966562819
328299ca9da15ccb,0.083573197390795
c95184d7971b2960,0.1272241814239718
6ba9df085d34410d,0.2479708719305926
396ed8ae6d33d2bd,0.12601194344935118
b058bc3c8a9fe33f,0.12681561785523096
77b29cbb7ea1ac6b,0.1287799917630165
c8d191e05666d6f5,0.11970069165793236
c4d716a53ad99b70,0.1148722913214818
31d17f992245249a,0.08676378942357313
aa459cbd8c781f76,0.08167732347579706
7ba0185e8220f22c,0.07282315671808619
eb077a940d0bbcbe,0.08790780212202862
9298c80a21191034,0.09092441103865696
037747626ac5db4a,0.07350527545301896
8ee7aa8b54022319,0.1571433784495157
a2b57b918f2661db,0.07531869182333017
e703b056b17c6038,0.07799044675309316
5d760ec696eac629,0.10658465511336734
68589cc32366dc9a,0.09192715159875713
83d1d02b456e13c0,0.09814757002315055
f5ea6585ff5edb0b,0.13246829084741477
32290819a9b6b754,0.08874978910346941
f0cddec42ddbe07d,0.07282315671808619
41d5134ef4aa43c6,0.0848168886773008
9a422d8246e3f97d,0.09573482455319579
341cbe1cbd51048e,0.07435656624145758
3d2c0583f01cd72c,0.10551828933189257
870996e4835ca83f,0.07441379598909635
28b09161f3b17dab,0.115770827762813
051b367d8fe91233,0.07268215966562819
9b8aba50b3ab95c1,0.12155645973379192
ff5577bdd79bcd6b,0.07481128131922815
92e4eb0a0d4c41e0,0.1937173715936605
575ace0896b22257,0.12726657086283463
a16f31da04bf60c4,0.09245756325025285
cbc13a2671d3578b,0.07268215966562819
876ba2c5e443fd41,0.11719891268101806
5d5689e87dee129a,0.1122851491060535
71a60a6dfa7e1760,0.10598362878808966
f2a38a0b81dc90e3,0.12017963640752474
ec97de286c2686f9,0.07526028301429516
b77b633a5106f906,0.07689344825616751
972df202456969d5,0.07504087480052593
5d7f4e9617d1e7a2,0.07257181170534668
196dc3655d9d1d79,0.07268215966562819
7b9da0adcf1bf365,0.07271144365676868
b9d78de840ab100c,0.07303867916439248
803868566ffdbdc1,0.07271144365676868
cc5f60c8c3c2b5e2,0.07475405157158937
88919e17cce1dcd0,0.07275563755160044
88bff82c05879a44,0.07271144365676868
aa64759c290cdf84,0.09175019763401915
b224a7d8b6f39ab3,0.0846460909436727
ef11b15a28910cae,0.07435656624145758
7e08eb8d4482e7e0,0.11904512762896458
609b606891c6ff2c,0.07275563755160044
07ecd08d07bac830,0.0877607389697998
aea578dbbc154142,0.12516474146023684
9c702ee77f731a28,0.08927325343802356
74a102877446027d,0.11078284342798674
dd13d150ff97f653,0.12271309873116507
36157f72f10981f7,0.11061994453599915
808639f0db0c51a9,0.07964501817692263
d809389ba1350646,0.10870955770711749
353512ba78ee6085,0.07278264493557679
207ae6c9e8f4fabf,0.07743609929451974
333ed3894f0f2865,0.12329742503795785
c8e41f868f963ff6,0.10218746963459988
c0436a45e3cdfea0,0.07282315671808619
497bc4409ccbba90,0.12063430689203583
b29f7d1224fd0321,0.0859650665285504
7795ac2497824361,0.1052548981508298
28bd2f25cefc0467,0.07289505326038195
7a5268c2c0ad3fb2,0.08807709943579153
9335e306e6ef6c17,0.07499928784628998
380dbd85787bd38f,0.12445967345797262
4df3a358e7ec87b0,0.07268215966562819
b423d03461c67e1f,0.12501708325883004
8d6c8b00790579fe,0.09071869024380291
75302981ca660bf5,0.1091093538192254
34fae39e3b6350ef,0.09837784412969816
47ee9553918d83bb,0.12173087438028923
525eb09cf01d4422,0.08500118698401912
f285090a9d6de2ea,0.1351895028601905
9a015d0a0e9dca3f,0.07482609161819595
5b9ec24c9cacd921,0.10211615379359332
80f6887bba571ef8,0.09258677886701092
a0121be4cb97ee81,0.07271144365676868
98bbb1d875be50a8,0.1268757364712901
d13d14d73f638740,0.09051386621877727
b2c1f66103087339,0.07706398723745261
ed544070c1558a6e,0.10173985437041048
6dd8a5af5647059e,0.10138163735393825
ec707e8be77e5bf3,0.09232287786562615
435ba973814b0e29,0.09458209430382875
a003759cbad0ca72,0.07857689353759556
4c1f413aeaaeca8d,0.07484870914066305
febaa69039e2d424,0.10183574966924158
1a7702c55d1c3c6c,0.10398382537582918
747b48174e7e8cc5,0.07282315671808619
e73a38787bc7abf6,0.08859594814999533
591163e5c881643c,0.1182004031920817
95f08a028b009350,0.07271144365676868
74cf8eff69e3ee73,0.07303867916439248
44639b509c809540,0.09621087508949105
abcf4a1f567f5b1e,0.09874380987516804
987d6ffc23a79a57,0.0870643913818733
e7aea6a6f0d83afb,0.08788070388865259
d9d2d9b2890a7999,0.07486634188927045
deeaee8dc56ee2e3,0.09082777371134296
ed44fe0714d05825,0.119988828481766
68d0096d6964bebf,0.07476629970651337
8d52d8ee49e4e8ec,0.1575171881152403
b877123e88a6a266,0.09866349424863387
8aae92b438c0c262,0.07282315671808619
40864f11272e903b,0.07522450841536432
7583bd973a7787bf,0.18593678911333447
209764663e3680ab,0.09922708597507464
1802828e130f444f,0.11411142551257093
c7226e4c37f1c216,0.13607255080184016
cd0110875b4d057e,0.09680248587637039
b66e634d66bc8033,0.07271144365676868
644bd7580a1fab58,0.0976375618072961
ceed54b1129eb356,0.08115565361867169
4a02d907bb4803fd,0.07271144365676868
d09af6dce02bcd02,0.07264457792879861
c81869bf2ef1408e,0.1459550733135521
455bd62f0c9a8b18,0.1276596594427592
8c648fe7475ba2a1,0.11456301527544382
e7c1606cda3f50ca,0.07478526576029335
386a0c809777aa8b,0.09212784452927605
882d6e6250d5d648,0.1131265527582615
e73fd396a2d7e661,0.07482609161819595
e1293605384c5923,0.07268215966562819
d8e5a75d55957e5b,0.12096864744866796
75e6395a1cc7d878,0.10141301875159883
ecc995a8d29cc898,0.10049243054662224
ba27e43ae6b021c3,0.07694749915078505
075b11725eefed48,0.12540037799852694
16e06a6abad58f9f,0.07929248307711093
039a18d8a9005443,0.13549134722935421
166eabcb1845baea,0.07446940325774162
150f221c402f471f,0.11164485318191357
2af5183224226208,0.09571648463133418
30a31bbf87301908,0.07271144365676868
95c87aa909d557a9,0.07268215966562819
d70eb57711fa415b,0.12132857523703972
9464555817eb4951,0.13613209668030749
8d4e5d5935a1a663,0.07282315671808619
289e3f76cc551091,0.07784451926079275
8646ded190e78433,0.09169673668299541
f2e3c326fd923449,0.0748932964361832
83f8985c38ecf25c,0.08631612392071766
8b698836d194ab64,0.07518753951717588
74a48ddff930321f,0.07282315671808619
79a5efbbc2b4f8ec,0.07828390259603193
6e88ede348b8871c,0.10877556791463266
d98b06d0f7e1b8d0,0.07626310821726431
dc56b06363e3abc1,0.11299484891642317
b5355653b987b958,0.07559586821785255
e5bc532f235bc0d5,0.07268215966562819
153cb69740320d37,0.0748856672432634
30ad5d4441533a6c,0.09074679740526595
05ba774a4ce6ab73,0.12261229891936076
ba467da19b1f2810,0.07257181170534668
9ad04a6b621bfaf3,0.11662419340568562
f605e43b08e76847,0.10969348075871299
fe2d494aa36b099a,0.07479270198880034
1e5a8f5e21430d42,0.11558391472081353
9b28fcb2ee487967,0.22256080989014218
2f1c0ef6d36a75c4,0.08388517149670424
37fc5525bb7de5e9,0.07268215966562819
d6538f0dbb2a123b,0.11493223208331671
7dde59a4542325aa,0.07303867916439248
20c617dcbd71f357,0.07540343354214346
77f00b5e8f833d41,0.1242831954199525
869a14428379a740,0.09086323296736926
5fe5544f8e236559,0.09748102448466672
2d3681cba05bb562,0.14963390261836373
499be0abf97d1597,0.07532814355055739
5b423761773c3a6b,0.1418853555665338
57cfb14bc788cf66,0.11439834600416338
bf8ee8443882eb4a,0.12365725125117323
400e3c9ccfed951c,0.08778031497497416
95c34bd334691146,0.12406388139885831
441b99f616030e70,0.07780742071688285
d6449401e78d3385,0.08178419517343208
ee04b5380c7d4f07,0.12952102518223726
47350f4648bd6090,0.07271144365676868
3d184c420016986f,0.07517002510168558
2525af5583075cac,0.09631840058601288
37055ef29f0a3dd1,0.08681321633503386
741ca2e53f728930,0.12514738983010912
c2060532831835cd,0.11158927031132229
bdf51afd82ed739b,0.09180730047510527
87516eb4863191a1,0.11441390534067128
034a25e098498861,0.07268215966562819
2beaa963f217969a,0.17149898598937585
6b03ea3eb3783933,0.07479270198880034
99cd56ca4ca12f1f,0.07278511025411477
42288d86bd56d80a,0.08562335398331497
a5497f531ca73858,0.07435656624145758
6b8797ea062ce398,0.09853189555897257
1514a9ebdc630056,0.09540673704726968
6a47264adc77dad4,0.08918711283738642
4cbd1cfe1be11280,0.15842089780772795
555f489d111c7db7,0.07689344825616751
d3d1d52e817c754c,0.07264457792879861
80c2b83979b319eb,0.07282315671808619
b601ede8f1d5ecc9,0.07268215966562819
ac4e394f11848f01,0.11586351423571029
a5d564228af285dc,0.07519904131584232
872eaff0cae2acee,0.07526871919662939
ca524fe71b6054b7,0.08964262683658039
092fdb93d96ab75e,0.07268215966562819
b1224feb365fa8bf,0.07867054881737001
b5883c6e74b0ff0b,0.07257181170534668
7aade43a31d09f8a,0.09246984867986605
585ac3a63ccab1a8,0.07313679302981418
e4933222bb492af7,0.09279827903896329
d4fff28089f09f7a,0.12297397357409759
1faffaa35ce84d77,0.09442249195587739
27afb6fd6aac442b,0.07257181170534668
847a053fb85c500b,0.0752369982980433
9ad6971bd0ebf223,0.08399412863739214
a14e1a04f336c6c8,0.07530853526305122
50698da7b2db2350,0.08944129687855673
15655e2cf84c9cb7,0.12479311940681298
ef796da1e5967ff4,0.1258947471850034
9331c7e2dd294fef,0.10561773026542293
b7796a59af546a3e,0.07528302195520742
d9279cd811aae7c0,0.07528302195520742
df81c08c47af6c59,0.13410360350079256
1b9dcbf8b65b1a52,0.11830902342083852
dd377f760a65ba2e,0.11843084796976242
995b4a4b97e53e5d,0.09418749669623225
13b533f79e5a5caf,0.09150775603341435
d4c903b8efe43c13,0.1232227178306068
4fb9e1bf5a2f571f,0.11872885886359844
ed595c03e7747694,0.07282315671808619
73e9645c3d48fbb5,0.07282315671808619
a4b5405b00736981,0.12391544453830781
2a653776755ba7b8,0.07257181170534668
158fa97bf999e010,0.10334620303547862
a95d0a261a3bb142,0.08925484340927264
ea46e88a59d4fe5f,0.07282315671808619
6496d7761a0c6190,0.07561943818241247
6f4ba984b6dc3289,0.08898079936249466
5afad3e6c2fda712,0.07632827215769077
02effb9a084a466f,0.09452442664756497
f43a5e53fd455d87,0.12030442671616526
49bcb75b2ef9551f,0.07268215966562819
b21c8167caedde33,0.07268215966562819
15d2bbcb8c316442,0.07282315671808619
523bc8b194fc69ce,0.07352935919069643
d7b8e5c99743aab4,0.09232336006923057
3ad43bd42075bb8b,0.1211984002393353
812b9840da2dccbb,0.13247671724924945
e70b5a521c308e83,0.12125161180071976
3c45ba8ca9f6f412,0.07268215966562819
7f616f8d83b3eb18,0.07536409266874045
26c592e1845bb489,0.0744881819131316
68d37c0a802b47e7,0.11603813144777173
d8934f60893849d4,0.07282315671808619
2a3dc482e2f9765b,0.09456417449677174
016da23592d81da0,0.07257181170534668
4fdfd4d0c0f506a0,0.10715901786879597
729fc49d981fa3bd,0.07634520312323542
15deccf643c21df1,0.09043325487366852
7daf2f242a027468,0.07371871538855926
d51a0a86350f7add,0.07264457792879861
52fa3a33f632aec0,0.1028787086047026
bb4d95ad5da1ac87,0.09687641331040509
cd23dbd0e165834e,0.07472410323253825
ba39191a07cf9e7f,0.09762994727639814
9ba5cac296310d3a,0.12158715552032065
d322c51efb437d17,0.07268215966562819
3af739b2f776287d,0.11316422075329252
85804c2e9c6d680a,0.07278264493557679
cb0cd20b25649838,0.07540306196348218
12c942ad8a277403,0.08789372602992529
289e502cd91b1547,0.12095742643624689
31c382a7004fe972,0.08383294677988987
d169a1c279a46015,0.2585266722816504
f9b4abfb6291393e,0.07527290899445463
6717d92d92048fbb,0.08059280905328173
469f41c8da1eeb41,0.10187006436232438
769314bb014d1235,0.11469371224281699
ff2e280d521989fe,0.0748657646329069
1d52653d4f3c35fc,0.07268215966562819
4c0ebdf6c9dd9fb9,0.07472656855107625
8e182e2e4650cebd,0.12398469611555431
f55714d17852a183,0.07500952344894307
f2e291daed34f717,0.11684704502211064
2fedf01adbad6180,0.07268215966562819
7079029a20553569,0.10894047103051077
7214daf28cec2f25,0.08636553635611675
3037ee52ce757f35,0.07268215966562819
301594a1fbd58308,0.1067162454369048
971dbbb99046d9fb,0.12935724604554322
c7647059905f4dd4,0.07275563755160044
796f7cb75fc0eb55,0.12166046265916083
bcf00da3386bb946,0.12361080166038634
9fde66ee9b59f95d,0.07268215966562819
752d3e65ebd63369,0.07271144365676868
1a6bbae0cb804476,0.07536409266874045
03cac4272e7b8e63,0.12199517265158173
055fecf2717f29a3,0.11193200688936103
a2aa85d0e1bc4e6b,0.0772884637611726
ef9db57cac44e529,0.09034950936633326
8c91442db55d9d64,0.10633714415380233
7cfa3fef2d1a1dfe,0.08282292465836713
56ede8d9842e0590,0.07278264493557679
fc74e63ad196960c,0.17717574892005766
342867ccf7337815,0.07271144365676868
866f7ea3c4be20e6,0.10606887273697531
f45494a74c712731,0.10383576347972262
414228464c8b74af,0.09222252564508059
e4a3f7a35452e28c,0.10969970785042246
c1eccbf012d9a361,0.07361698851433648
a715e394b41f3a16,0.07282315671808619
26a24b8218ee00b6,0.1257541643056936
db4b58e70acde06b,0.07282315671808619
deaf015c1e137149,0.07257181170534668
9d4fbfbf523a0472,0.18983793803661925
ff7e2911a22e8008,0.11022485603137644
30449ce55b14d344,0.07282315671808619
b930073e02948360,0.09560942964287068
9326674b4c828c15,0.09580144610091662
a9b474db35164846,0.08910272472526265
9183d88dcf308c8d,0.07499345003804396
47c8c6f64cdc0a43,0.0774009238769052
2ee4722095033329,0.09154858592578655
cb8a02ecca44027a,0.07268215966562819
1925e9dc63237314,0.0902168282121411
dd36f08b99fcfa16,0.13844803049375765
9bbd43f6f760c243,0.1165017854437877
a766359aef66a25f,0.09162479569196097
4d10a4698fff400a,0.09347801051311427
44a6285639d7fcc7,0.11315130456248051
a64ce0de598f4714,0.10700402310266205
8c887a6a554fcff6,0.07268215966562819
ef3f3402f7530e37,0.07268215966562819
e9cf43bab751f410,0.07257181170534668
1245634a78a3136a,0.07289505326038195
7c5ed75e73c20133,0.07479270198880034
ff7628423503cb61,0.07336564350159698
55df3baf4cb22442,0.07257181170534668
20497b1ff5df51bd,0.1135329786249359
fe1c1e2e166d6943,0.09004712651719395
0a6a2ebc3b004ba8,0.09719795490276906
ba16bc573e1d9a6e,0.10831875162295962
41ae92fc5f37cdc1,0.07435656624145758
ae05071f58d92774,0.07371718489052417
a8d4083bb2383da5,0.1080836070927023
92cf17c3d59c9b61,0.07257181170534668
f591caedceef4268,0.07350527545301896
e3d006785a8a409d,0.09954882131065233
dcbc913499301796,0.07282315671808619
b630e1af9fc1f3b9,0.11787136989083076
7d6a1e459131bf25,0.13014971720539456
5f891649affd8c18,0.09566502338802794
7dc102adb7ad6667,0.09502193830406365
1b8c16064d0dc4d7,0.07708585367800122
8e5286a9c7d73ad0,0.07257181170534668
147e554cda420ba2,0.07257181170534668
18517e2df9cc10ea,0.09253016918406468
54ca2e9aaea55320,0.2865431719350315
a923278148853286,0.0980787554293562
cfb35f11977c3be6,0.08115500132396783
aef8a4667274a47a,0.07268215966562819
2c51172cc4d5eba0,0.07268215966562819
494446d84318c9ee,0.09575314936264319
aa652d97612fe50e,0.07257181170534668
baecb9e5cd4b2907,0.11916424382025093
c29488c64d211da8,0.0752862023501861
28746b4c4b26d721,0.07257181170534668
8a45d03fa3989bff,0.07642004382957931
462b3e544fe612a2,0.11421494301427121
359614f152fbbc2d,0.09875553276609875
5e953db789137f0e,0.10669623624086533
2a99aaa9555b3dab,0.11105173101519959
aa37a77bc447fc0a,0.15911836158862255
8c0d7f3ade155e48,0.07268215966562819
45b05dd1071039ab,0.23325273109729497
7e037c271c23576a,0.07503469566090687
9adb38d0576dec06,0.09517121280716845
532c84dea557da7a,0.11039613459190645
6c302b9662d3b5c1,0.07821095606862502
666231af023e8fd6,0.07325058860189769
9c06ef2fdb037a79,0.10267491631408356
65230a28464587f9,0.0747900541870441
b3ea4baf43182919,0.11207093215229115
c1f297271ef8cab3,0.07268215966562819
7c58e1fb77913d4c,0.12870742510236163
00ece1c11b40f8ce,0.07282315671808619
a820b5633583bac7,0.1217144244197812
b4e9165d8e2aebad,0.0738288979518417
85f20d358a8d6ce8,0.0910124965496227
148fdf734e431091,0.07482609161819595
67708062cc529759,0.09245653559912308
d764e50c36756862,0.19369046356154992
dc093657cc4bfbc2,0.09358992280439904
08c0597e111a2388,0.09213455483251311
58fc68c0720d8cbe,0.0754546503560749
387b7309eb20b505,0.1167009736723632
cca31a05a820ea88,0.13486522300146642
be7e5b7b5839a348,0.10560462602908084
ef7aa159ba83917c,0.10219162978281832
3dbaccedf2355696,0.07292335309427389
3774263bf5c9a393,0.07594735187816351
e830f76f4667709e,0.09173407691503618
c96965b10fe9e8ba,0.07289754264212145
aea0b2d75bb410f5,0.09835390618717199
892d778bace3f693,0.09280323818675687
f46440975132762e,0.19029478775314596
6084fc419fc10f1d,0.13541202942752797
c6fb1852daad742d,0.07537940472693785
2bd09ffffa247f82,0.07502177158386708
5ded576ceda86075,0.08696929649983115
c066afacb3fe3a52,0.11172440764589045
21e99c194e94917b,0.07282315671808619
7f4eef61767e4c67,0.07268215966562819
dd19efa057bdb4b9,0.07303867916439248
2b309ca794e9b11f,0.1197689893823164
8428fd508cf86cb1,0.08989079443572306
bd059d7efcd14494,0.10392548054406901
7fcd9aa10e5ab5aa,0.08893085831698803
9398c438c5fe8b90,0.07441379598909635
7401e49aee3edc69,0.10560075844564384
0520f17da71602b5,0.07538267616067859
efeb31befebbeedb,0.07492453025424234
df3fd48fd3b3331d,0.1014319302903505
14e14e2218536077,0.0961344720484815
1f92d25274d4f038,0.09845892976129778
7170ea34f6161e69,0.0957053735397287
04b0152464b775d6,0.08652916998060775
7653ee403f88ff26,0.0907487887578106
ee84092d5d680f67,0.11392071391147365
c41b6329fa5e7012,0.07282315671808619
1514f652f00c3b36,0.07479270198880034
0c6d11c69bcc6f46,0.07701006310139165
382f75d2edb9f457,0.13016374423531202
ab482dbf08ad90d2,0.10116390136105893
5ecd94cb7901e72e,0.07525061783925024
176da975d008461e,0.09629050993981839
882d984b9b9d8fb6,0.07479270198880034
efecedca199bc74e,0.12251851334835265
5f185fd802f0c00c,0.0899398995120654
b7be75c69ddcfdc9,0.07257181170534668
4da0a9696b2e9612,0.07532814355055739
755bd669f9bccb8e,0.07776476073517569
dc744a1038657389,0.0873815469424602
f5565f23a877bd69,0.0959224575292595
45485cf629983a40,0.11678367195150524
9d8248668d721756,0.09788576521174128
7e637102a104b616,0.07282315671808619
b9095cbbb40751d4,0.12711547143991636
b6f5bc351054c7df,0.0811244091044161
d08fe94fcb0dabad,0.07292488359230898
edb4aa5de0832a92,0.07504087480052593
b142c9c1185e5f66,0.07508165865787444
1473309b954d71f3,0.1293539554152115
b604a5e504b627c0,0.17309745146119163
d5d6a72d9d2c827c,0.07282315671808619
aac5a801e8926a83,0.08843075461071559
45b600cd20830ac1,0.09849727701023452
8b6f8e193f28c495,0.07441379598909635
9cbdc55a60ad3994,0.07271144365676868
59cc8f62d55aab98,0.07268215966562819
42f81ab5abcba09f,0.09123142234422402
758524a5d6a74122,0.09333879452100917
0acada29c4de07eb,0.08832544686691521
6bf56d0ceb2c1ab7,0.07257181170534668
03b29070bb68828a,0.07268215966562819
2f553bd8ba413efa,0.07268215966562819
c3ea0fbb29a15317,0.08551282570825591
797edeb1c8a9c95a,0.08991557793722665
beb71749be71fd3b,0.1033879056228252
c660714dc6059849,0.099562059863493
549961b37bef9764,0.07268215966562819
dfac78eae9821675,0.07268215966562819
588c204b822eb2c2,0.10478727524210582
e96e43deab9b69f6,0.15346937179658138
9c9a726ae65647b0,0.07292488359230898
58f635ddafc61c78,0.22256080989014218
d40624f11c720afd,0.1189188326759702
73575ac328053efd,0.07619393704635938
809a4127b076294c,0.19428184169009363
d476e643d990be24,0.07268215966562819
4d04534027759be4,0.10402880385571
72c2c7664c8294e1,0.12615810137393735
d3bea4fa475618cf,0.0933072009925264
7af7100957117fae,0.07812557809252085
bfeae03c16252052,0.07499928784628998
dab19b0b61104952,0.11855822062863802
8b72f86a4e6a970d,0.11539925760386535
c775b6de816c5092,0.10625726224674781
0de6dca19e114646,0.08770053850518504
0ee2b0fc31b7cbb6,0.07278264493557679
3363b132efc51b9f,0.17833882145184665
ee924a0428a40a76,0.07278264493557679
ac3726dc72e71ad0,0.0955483337550379
374584473bf4cec4,0.07562538586502005
e6b8e496d903523d,0.08914763907552953
8fe009970d6cbeca,0.07282315671808619
b03e574c8770e9d1,0.07320096793082378
27905f95e6931f22,0.07773157339524966
8099a0f72ee1a1b1,0.07611127754595384
5fbbd8a6f4ba3669,0.07507106435723884
24033a02989369f5,0.13350238286147204
223faad452bc6598,0.12211679945631676
c5c13adedfefc67d,0.07720187609926182
ec24ebbbc53f73ce,0.07282315671808619
3a3e4d31cbad45e5,0.07278511025411477
79763f9ebecaea1d,0.1057549796025547
46806e41926c192e,0.09442157192680614
a5cfdf6746ec5cbf,0.12488437992285398
0ddbe3ef0aed551c,0.07502680376553444
b641fe7061b46442,0.07268215966562819
be98835c447eea49,0.1141002611484099
98aa4160c7876f0e,0.12103569779258666
0753638b45dfacf0,0.12074806320141546
e938301ba66e78e1,0.1141197973538214
64b695db5b68b91c,0.09376333831087687
2797a5b06b8c68ee,0.07282315671808619
aee53ec38b7eb6f0,0.11360575972854693
d59b57f46a383c1f,0.09515957517942876
8c3a505dd927009e,0.07559586821785255
436e01defb530baa,0.07268215966562819
2f54c0acfcbfd646,0.12309054906170883
20f15dad96dc92a0,0.07310696269788716
8a16a230e343a296,0.10250912219093511
fc511072e8631203,0.10295276173941373
5d976c71ca9049f3,0.10685873519678668
b207e579713d5841,0.2714624987174409
ac03eddc2e2fd2ca,0.13616489090832332
6b1e6ff0118fe59b,0.11981391160549196
2cc92c1f6bdd93d0,0.09628123640127309
f651266acfce6c0d,0.07526871919662939
c3b49d19c43acd64,0.07410382022891317
05a27ebb8a82cea7,0.23199206060311914
f32c511446a68874,0.07514242622778525
108d6b400d52aa73,0.10755405387381806
7e3cd0895bbfcd9e,0.12492837913576328
2245ed07ee31662f,0.11007596989559096
c81aede118be0e5a,0.08065291392168375
d664a113973613cf,0.09884029416395634
2899dbe3769e8b1c,0.09458862569550985
164d8c33239c5511,0.09877252034627262
e753bb93c30cfba0,0.11842906079951428
4493eab669361ba7,0.0745981132640182
4e55ed26dc79c3e0,0.08678395118647522
1d2f7db4504f10b9,0.07268215966562819
9749ddc8b2a3a385,0.07264457792879861
9aab93db4ffdba7e,0.12743217585070868
88558205521546f1,0.07670872522174674
02a8e05f667b2fa4,0.07527083740450735
f95b0bb67413dff1,0.11526119573290486
b821f8fa7a26d286,0.07350527545301896
bed1456aa64d60fb,0.12461322454220324
685b1294dc5f8cbe,0.11452702998364445
79a0510c936f5eb5,0.1200761278825196
07f28f119366b484,0.07496749150712967
949af0edccb8d159,0.12113504636002212
9965f63ba2d41ed4,0.07271144365676868
f635cdb577ae5471,0.10399340099600143
6419d144df4c87de,0.11990623618251775
bc7f2dd2340df372,0.07257181170534668
cd35e912794bda2e,0.07435656624145758
abf3b6dbce73db98,0.07482609161819595
4eeba8a4c17e4351,0.08817601724352303
f612b9af4ce98bda,0.12506144232964259
d8120911733689b5,0.0749306582204256
723bd2532e39f731,0.09398430389111768
3889ee7a1f5fd62a,0.0878866081230176
66ffb196fbbb4006,0.07441379598909635
53a1c51ae93d0e81,0.09379720239891148
0a4f5ec5f9339110,0.07282315671808619
34416b6b8b600a61,0.07361698851433648
1e0b561b5df0447d,0.11515144884837852
43e848bf56ec0bb2,0.09091798871061814
1ace2be427eaf92b,0.07271144365676868
e24ea459233ec078,0.16371149414458244
e019c487befa7761,0.07268215966562819
7734ddeb14b3d277,0.07264457792879861
1961aba76570acf7,0.07556327966841037
276265c86a0e2a26,0.07486634188927045
4fc5594c301766d5,0.10325248125759065
bfd20f3d76573073,0.09672292077641473
8526753e065f5b50,0.19131997911616347
5c03ad68783d0d61,0.07257181170534668
9c83e80d019e0f5c,0.10061984890570465
4e6019e87ab5ac6c,0.1005007077776777
dbf6023ccc73b0e7,0.07350527545301896
fb35b29ad551c9c9,0.07441379598909635
3ab9a4e335cdfda6,0.07735356161586691
86fa9d51e632ae1d,0.08857038184266738
ab30ffa9ef0220dd,0.13327139769698712
ebfe496544b5a6af,0.12307300241516987
4cb026b93d1e4edd,0.07496749150712967
426a41478cfcfc22,0.07479270198880034
3e16e5f885a5764e,0.07478526576029335
dab52f137b1ba008,0.12137859385635201
a7e545c29eee2bf1,0.07734222057959932
6a50159c50f7f9d0,0.07282315671808619
ded3c69308607da3,0.13596589761254058
921388faeaacbc80,0.16739997975870433
8c90e1ab4a546bcd,0.08259244022073868
31b1827fce88917c,0.07278264493557679
d97cfaa40be224a1,0.07289754264212145
b4dae0ea6d15a25f,0.07582065298671922
ffb033e54895ee3d,0.12475782494601002
2b625e5d9c22b0cc,0.07484052932024499
87605745817d0ffd,0.07257181170534668
9717417666a66daa,0.07484052932024499
3267d4ecd26e96f1,0.07507106435723884
3399800c4f113d8d,0.1120562240271281
f457366f48f27702,0.07569840966631688
5a6c4f9b661a0ab2,0.11384274094980693
76628bf9d8b6b0e6,0.2631738496471979
997a5333179da7c1,0.07350527545301896
044dbb2023ecc53f,0.15487615304839478
737497734f709843,0.13142901129297144
fc7d05c3ca74b0fe,0.07903819676617951
f5b74bbaa8085255,0.07662474458238164
c1d1e5c41f539d03,0.10357048043061504
86f9c72ffb536f2d,0.25785566688815087
95b9d46eff640109,0.07482609161819595
3aff516939a3de92,0.0761911498910608
23c1d6b14d960725,0.07268215966562819
0b0950c974175a86,0.07490994607013454
e94d8ce0ed816caf,0.07526871919662939
037bc4751346a482,0.11401822426325173
d43c5617c5e69df5,0.1871045646269247
82c6f27cdcf850e2,0.13567771614730956
7652727437cf5e6b,0.07648860065883911
86f089e7c7ae0d75,0.0731685893689745
b9d7751ccd00d9c9,0.13500734792970592
0a079836e9e1ac2f,0.07781046127956032
90461cd0e33baa56,0.11290147810214826
825b16c4984f4382,0.1011892368500443
9054cbcd60dd433c,0.0833910460639001
770e4ea8a1273a1c,0.09691546957520059
518ad8ed2ff052f7,0.08860611529685661
f12c4df4f05fb6c3,0.07441379598909635
95a9d1c987aae5f2,0.08749554699003015
1d60b64e1441c91d,0.09777653715189737
84ed70c1cda568a6,0.07520490930493112
3d6e8f3a5d06c7a4,0.07282315671808619
eb1779538632b044,0.07361698851433648
bcf84068bc4b5615,0.08457432978590759
3dceaab87e5bd6cb,0.10993780845025704
c86b418e43874d34,0.08412671846774009
95397751cf365c4c,0.09120050147486117
e80b64dbd916f780,0.07443023283880366
d2a231ba481924eb,0.09429775469413922
e86aab1a495bc94e,0.07268215966562819
4c088c5147f6cc2a,0.10357697810787159
746c9771aa5c751d,0.08934339724786267
90005adf46be6af1,0.07268215966562819
78338f5a63e742f5,0.10617339371542325
9c3f2d29681d0d34,0.11559316840177003
f93fd851b68279a6,0.12857902199273308
afed2c838b247303,0.12728738307414708
995d752a3bf1fbb2,0.10127203071359363
33609320e5c7578f,0.07480500843049942
1ecda15121ffa27d,0.08399660721847116
47b2accb2f516cd3,0.1276512739200669
5571f2482997d163,0.12930073093080643
32897e94a9feeb0f,0.12775078648177104
3d5fedc7f245d35f,0.07596930005187902
1b4707947519036f,0.08939120459381822
3cee4d33cd4686de,0.09155871046526237
155f6d74191258a2,0.10430975985744936
3ae6a0b3d379dce4,0.07629360718182662
dab9de12664f7b0b,0.07724285794947798
cc73e04980d2167e,0.07509971971490562
be7f0f5d2c65bf06,0.09131136846525151
dea114b428048ebf,0.07257181170534668
deece306851a2a78,0.07482609161819595
d1ce358b8f732eb4,0.07478526576029335
e025d916d395fc1e,0.10442788174656917
f50d9be3d733fdc9,0.07482609161819595
a6c0d8fd193f76fe,0.08815557569318487
569e045332c790a0,0.10545149242005697
977114ec6d208ff4,0.07268215966562819
17faede0e698eb93,0.07751284234816458
0610c3287750d822,0.0983277048236906
58e6e26dd56a60a1,0.07271144365676868
bc263b5b32d9ae07,0.07257181170534668
8894323cc5f185da,0.07268215966562819
e8229221a1595393,0.07530853526305122
63c589b1e27997d2,0.12217141828448563
fe21e0f0344dfca8,0.11025052959919265
7e0194535136acfe,0.07559586821785255
cc859709caaa52f9,0.07278264493557679
56e7153dc35c0573,0.07350527545301896
c76e1ab42940cee5,0.08894588433103548
2ed46ca4b8d10516,0.08926700756189458
ae2f86a0a6c3b696,0.08992758555288283
a05d11d463a21a32,0.07507106435723884
89e7dc0647f4db8e,0.13587272121287083
80934ce845013628,0.0911517758186811
f66422247e89d830,0.09735088745815407
b0a301739cfa2228,0.07268215966562819
42b93c5a8b628ba5,0.07831404414346163
f74f1673a45ce9b3,0.09304716806845234
2b76aa4b82e23768,0.07914968322722674
0d6190a27ee0d6ad,0.12113470576788436
7492fbffda1eb950,0.07753790653467951
35355c2d5692cdbb,0.10597739229455808
de976dafed9c0fc3,0.11602993415305389
e2601be919261723,0.07257181170534668
f56a91dde5defb60,0.07445154972631259
1a9c207021895aad,0.12856583199023575
86ec8e715d2efa2f,0.09403080733478085
7762b73652848f92,0.1063887878062767
ccd34b74bb18d71e,0.11784623241964849
eb6c259855aee52d,0.10366685742595702
7bfe956eabaf5f10,0.07979169017752386
38c6063d22fa4f9e,0.13041504680644658
46b7352aa3c8a1ba,0.10076121156349334
049fa3f6cc3a62a7,0.161072320930494
5f77b44deef47d28,0.07268215966562819
27462f3d6cf43575,0.08396712744951138
ca854373b937b419,0.12111693634224133
1f6eb5f2da254111,0.12256072935981523
9262bb44aa7937b7,0.08986267337843183
d81678051b65ebc4,0.0987548975556215
0edc1ad07f4aa86e,0.12870160643414538
a8e836b90034f123,0.0738288979518417
c729d0e49b2411cc,0.271624163865901
db925a43365c86f3,0.08761129608197459
1cda28c15e8e4170,0.09924633591178916
ef5a97a20c5118bb,0.12739981541679762
4b990b98ec734989,0.1264860770578542
a96f328dda3bc98f,0.10530441615816091
b467b21cee5c9a57,0.07282315671808619
8c1694e84b06dad7,0.07610716925169571
7b038881fb7ec965,0.09884329303650188
60e46ceca8ca6531,0.07479270198880034
be2e51dc6bf61727,0.12261059843856126
f1063bee63d2cbd4,0.07758124178823694
1a3d53e660017625,0.08919319961984773
6db1dc15ad1e28e3,0.13118871180446823
34f0bfc533c2a23c,0.10681194258244721
76e738496305310c,0.07482609161819595
a76e95f0a09b03d4,0.07268215966562819
6a0d13d3e413c0e5,0.07264457792879861
e002702b095c4d9b,0.08683296791620718
435eb85f778a69f5,0.07357647673182707
5584a339491f1a03,0.09569532060318911
9a06cac14b623965,0.09896851495215762
b199a982f9480beb,0.1642109758135734
e32add368c6de44a,0.07614799510959833
34824decbc66688c,0.0871571439790722
070711d7fd9b7ea3,0.09782908239437862
a1656b509ebf749c,0.18046917432412693
ee96df140d42129a,0.2337582810600822
09fb51e0fded24ab,0.08932701839523619
77e04872ab10bf20,0.11787189865288278
6b34ce0940c8c237,0.11853050104453904
8b94f16483f351e9,0.10648447829937918
a7d4f13860590306,0.07282315671808619
66537bdf81c41f46,0.12803454993394742
3014fd36c07b8950,0.11121652168108187
789380ce86c031af,0.128048925497931
dbaee9defc780591,0.09146056190434433
bad0375f198257db,0.07282315671808619
a7b766569c6f66fe,0.07522450841536432
efd3fc92b86b90cb,0.09506089651735611
3ca6e7825d948c12,0.10577459727260269
5c73fed8f1d584c0,0.07517002510168558
cb7f45c4ee30e84d,0.09977573330218552
aac70ac68209f1cb,0.1219205593729576
fb253a15132c7c36,0.11820521128527456
4f1ad3d1864799f9,0.11190165259833725
06cc890b7c3abdd8,0.07257181170534668
48f5b50b05af6685,0.07268215966562819
8abc163b25fe8f16,0.07268215966562819
5220ee550d303425,0.11039826861787336
8f7e85307eb35706,0.10687387449666846
dec525eaa4588cc8,0.11091226877273608
8a7aa7c3acead22b,0.10785403170667969
0618f0627df67711,0.10435234757127508
5d9929a965640bc0,0.09371520992900229
b45f8124eea44b5f,0.07257181170534668
32e371f83b148fb6,0.13116293225785924
83b9c322c9febec6,0.10294540987934583
8bb4d82df107f45e,0.0935631691507173
cc28d0d6ace393b0,0.08749090054842235
29c17f03906ad1f0,0.08586547550084134
b10cf30c243ed8c4,0.11450685513251835
85c180d755530692,0.07361698851433648
e9478d4c11f48523,0.07268215966562819
329d63bfe65d67f5,0.07532814355055739
4e7c7fbcb6fde9af,0.07257181170534668
1f2d4ca7586d9ef4,0.07350527545301896
04ff2418e503eb55,0.11716224388853928
5807d02f74d22963,0.1092146206716028
23aa15ff2408a5ed,0.07271144365676868
5c3fe62807fba6c3,0.07271144365676868
c97a3c1357c537a3,0.10383006506132511
bde91246f16123d6,0.07268215966562819
dfcf3493677dd9ae,0.07282315671808619
4a0cb390212d6320,0.1142808306368476
dd48f98a0e7c2640,0.0755718147217472
21669e26853a5beb,0.11724752998790744
c4c279dadffc28bf,0.11942999929332077
27f99b00db0702b4,0.07268215966562819
823a471435809e0c,0.13355184512709461
36d9872df73f0208,0.10867396981204172
69b691bd3b11f565,0.09065829043169271
051aab7c376493bc,0.07257181170534668
897a042cdd939f4a,0.1366734750786381
16e574aceb37758f,0.1234781169940159
7acdad670c7e177e,0.09181432511791475
af7211a4b66028fa,0.07278264493557679
3b768875237c8195,0.11600864074618406
a9e4e55b286f1971,0.10570699618793442
1e42f2e9ad67815d,0.07482771816893546
0d527f8f008f8efe,0.07268215966562819
4c2ccade1925c5d7,0.10510599893245
b3a98dacc0702405,0.08526031827807029
9b8e0f7bf05d953d,0.07282315671808619
7968527b42656286,0.07537762279148577
caf14438584b43fa,0.07264457792879861
31e140000e0bf36b,0.10755749371426773
336acc52a893cf2f,0.10437320739176731
bce6e39fc4407c93,0.07292488359230898
d5e58bdbf23f01f5,0.07278264493557679
1ff7a8ec347ef2c7,0.0747900541870441
ce432d29b214887d,0.07350527545301896
44e820df9233e162,0.09555486339254907
fd036d6641276c78,0.08862067312300367
45c36909115a7b3d,0.1123267241493877
0c18ad3d4c7f25b8,0.11699397109730364
4502d8fecdca43ef,0.09247751485009245
9bf5cf3ace55851d,0.10130782146467429
0e04a1cc15af0b5c,0.07278264493557679
86bc772734133e12,0.0919133854840801
76fda8694024d3e9,0.11510782871881681
d244839566b6672e,0.10649703061128107
e165495e76c8691b,0.09020079017820326
18e8d9f4f0ed1ffc,0.07446827930277508
c198ddc9a1a0f0a3,0.07282315671808619
4f15b2cd5370863e,0.08317045043124574
5b71a33a75b4b41a,0.18069010541213254
85211a41d91dfa68,0.10206815715067247
31c3ad8e554acb99,0.09012045521359921
f05e3b467a207ea7,0.07268215966562819
20eea1cacbacd917,0.12052637256371278
338ac2331272bb7c,0.08880450352930273
e6740f272d44da83,0.1304994543606543
9368ba44560c50d9,0.0991357125151827
18e4039723086124,0.1017831301842598
c935d65cb1c5cfc1,0.07475405157158937
dd819f141dcc8319,0.07282315671808619
90488975d041fada,0.08665656610778633
a5aa463adede1f1b,0.10507982488316853
872ac9ef6cc6a618,0.07473665399543751
ae4040a11f651b1b,0.11449454327049711
468c82067304eb0a,0.1178178040598803
cb460a2bc70974da,0.07268215966562819
366ae30bce6f5b98,0.07476095364813287
7638518d282a3163,0.12100306138053762
633878cd7103f469,0.10431241453263598
73b8cda0da8e3c6c,0.07763630067670849
b24a01610939d7fc,0.07257181170534668
99024e3163df7833,0.12885686377248143
f67fd1bdae4a88b9,0.08586546270398424
bed6a87757540498,0.08918009376448902
97afe9a3ddc497f7,0.07278264493557679
dd9f348a3e019188,0.0883478656613369
34946df4f3dcb0b6,0.13887483481439267
9444819c9eb0c9d9,0.12779541333748443
fb4483e1ad010ba7,0.07268215966562819
00c68b30c299654d,0.1026421437747438
72515cd3d8b3aa9a,0.11271247387055094
908510f96be347b0,0.11874127892290266
99a21c81b1b48573,0.09264907751354674
22f68a423b09a5d9,0.07257181170534668
e7f04cb37080c9fa,0.07268215966562819
dc02fa202a12aa6d,0.07482609161819595
10d0b7f586529eff,0.07282315671808619
ffd7b011eb85f998,0.08903494621835174
e621dd32e1b264df,0.07435656624145758
4af1a1f24964fe8a,0.07441379598909635
811ce0830dbadcca,0.07289505326038195
19f0e848aacfeb93,0.10011000827576345
8d3f02ada61029a5,0.12394007241105076
1e2a07a17f935db5,0.07268215966562819
32328db851b10b18,0.07488402481634743
9ee145457cc792ea,0.15465395202909457
ad8df560233793e0,0.07300710513598124
d22762aa0ca69d56,0.09153220689291694
f8355291593dca46,0.12696737420575463
0c612654e51e01fc,0.07268215966562819
ae7e23426e25bea2,0.07257181170534668
e009b5beb1619a81,0.11009969143486249
520faa13a8c7065c,0.1276531975438971
b5f1a39aded71e0d,0.07268215966562819
de6cb6bc5b8d1640,0.09494415372259218
d51fb6ba7bb6913b,0.13264744710523577
a1375923af03ec27,0.09855540566370453
8c4b7d8e2bf037d3,0.07506508906639386
681405cfbc0dd97d,0.08993806754326214
992164c7365bc333,0.12034204048176902
4814a10f30ed6822,0.09508341864535708
f125562b955f34ac,0.07563269453800608
8665c174c23e0232,0.07668188873964008
c03010cc5ef028ec,0.11607456124875751
d2cbd396091301dd,0.07488402481634743
c5b700f429ada2a9,0.0747070216036663
07d97ad7c5757563,0.07282315671808619
abe88bd25b74cec2,0.1548682479788562
b5242ec51fa10803,0.07404442039814799
504c204a4b07adc1,0.07271144365676868
eb3e885ca8381431,0.09147607711164771
88019e77a7570235,0.12198320933898314
4f5b5ab494b7fa3c,0.10040051936401062
ff857c8685376696,0.11202312732268771
c97ffff5899cdd5b,0.17393696656930777
06d8545946fb794f,0.12449651591987002
86a18a847664c8db,0.11375969931927926
236b7caf60e83702,0.07313679302981418
b7362d1c5e6ea485,0.09037713762156624
75a194abbc3951a6,0.12037770292272743
0739352b03f43601,0.0909668742178257
d5fb0ad6dfbebd36,0.07278264493557679
ab3267950cbf32e4,0.10498349616791179
061b96409f1ecea5,0.0738288979518417
77507cbfe35570ee,0.07268215966562819
a36af5b550eaa873,0.09076001957468782
9ea7c406af2ba7ab,0.1167515538216544
f67f1e53508bf00a,0.17595014696735
c1e4dc287c41d581,0.07507106435723884
a53a53e86b02f37d,0.0750063686662884
608291782c527827,0.10550959101080441
d0ad07399c84455b,0.09118346098164151
fc8986567718f61a,0.12385924664425128
5dc1fc6a5d643435,0.11339918157328256
5c05741c61417dc3,0.07820168569372518
d702bbe78e1fa189,0.07268215966562819
e781540ac8518204,0.07282315671808619
7dfe0b8686f2f32d,0.09987564419540904
150a93d31aae72a3,0.07500952344894307
6eef12e9a09066d4,0.12555154356677467
636152d21bd16667,0.11145701729762866
c7f6af439da950c2,0.07268215966562819
27acdee466fcf485,0.2765570619774301
a8804fe9eee0fa90,0.07282315671808619
6192ee4938021f38,0.11884100736522753
fc02f9550afeac41,0.07257181170534668
7c9ba87d30178a3e,0.1630041260066218
a17444b2e1cdd78a,0.09925983927042926
83df6fde56cebe4a,0.07525582398056846
b35110acb0de3b77,0.12003483657668622
9fc1dd40acc8bff1,0.12879902745977043
0c521eb5fabcd49d,0.07541306340183898
e081802079fcf55a,0.10718441943737728
12aedbe868f79776,0.07282315671808619
be8a2586f0738799,0.11738544456343544
077d63174223dbbb,0.0738288979518417
bf95a5f9268fccfc,0.07268215966562819
51ac7bebc69eaad3,0.12843129868140665
823b8b0cbed56665,0.09588925351256658
7b06037a7dc44eab,0.20693928054160557
c3468f13ce305a3e,0.13859587695149397
82906bbb278815e9,0.07257181170534668
26d93d94ea19b1b9,0.08841428101752095
d59469ecf7c3bb29,0.09770680063528012
7db5fdf7d9e7b81b,0.08357782231375413
251dd43cde3297db,0.0948668403920013
cb1945985d64f4de,0.07482609161819595
4eeb92e907af170f,0.07960816308693666
feb8fa429dd67ef4,0.10572274811807576
4de67c2419537ea6,0.07292488359230898
538e4f56402af36b,0.11738893002004175
a4cf878441380a52,0.09692118231879635
96be7b3de04ff62a,0.10860237430742739
39c3d3887c8c1a94,0.07268215966562819
1921999c1eb2c5c0,0.08940115543622602
d57e9b30000ad4ad,0.09370168209428523
7c4dea060b3cac3b,0.1353393747216914
b72576d562bd56cf,0.1259508640561643
e1b21c89aa287e10,0.07554628329963331
ea91d426f07b035a,0.07716599987166894
e3fe0ea3b0e68165,0.07482609161819595
733a4e55740edd52,0.11164602187841277
e3ec47884acfc533,0.16304074387432413
8b4fc284f4d71fb3,0.11369705282274414
ecc8c2db5ddf594a,0.07282315671808619
6a2e9bd8a0f89c66,0.08214576738501414
330cb959caca2412,0.13325525354034293
d9ec4fb651c85ebe,0.07593142756768645
059f9fe46af8bf1c,0.08144090038540075
3a4738e51c5cab59,0.09224361075093523
2defc05f8aab4fc1,0.13269377381522832
5eff676251527676,0.07282315671808619
fbe244ca19447d90,0.09788946285051171
6a795f7ddcc9922b,0.07282315671808619
31e47d59215b37f6,0.07723210644656625
dc507cec24e10ba0,0.11593771407435852
a6bb01f0933df044,0.07268215966562819
8d856f853ce1deca,0.08899365557209227
6da96325a4517519,0.10202814493901204
1154f92cf57d2532,0.07268215966562819
f6f5511b39bec2b4,0.07257181170534668
52b72c128d8d91b3,0.11241651187150212
75e7fc7c7ea0f472,0.09680219127968459
197817ba33606b5a,0.09842356781589678
c1951ebb86cb1446,0.12351835584338641
c4c41b18d788438d,0.11179040148660258
aa26bb9dcc890fe2,0.11085054946713052
c2c4703ee4c876c6,0.12130084049605058
4c5d7e0beffa310b,0.08034441058673406
83c908bdb66cb2b3,0.09594446499541737
f5402da16c14957e,0.07532814355055739
2ab80ba80d56a41d,0.11103569776175655
1c6b71fcf804ee07,0.10118185665281271
2f3e4501cfcf6dfb,0.09348201357207879
e6dae542e381015e,0.07530853526305122
eec4124d10360067,0.07278264493557679
9105a2588a4a2770,0.10255255730648243
130f75788d8a46aa,0.07479270198880034
8835b5e539659c18,0.08141596811307011
d219e6e0ab855f68,0.10373582253965902
0723230fe86de14f,0.09792565442382908
e81853b0b0f8c271,0.0730350661555914
979af46a1f611253,0.11555140603591706
945f78f066a99193,0.07715293832364228
9fd22540f39891b0,0.07289505326038195
2631c1e94bf99eb0,0.1233085557417988
41d6c34577272404,0.07494015055694214
13285c2b73770aa9,0.07690567463783357
1d2b2b68357f4992,0.07282315671808619
5e3172665089f4f1,0.1294347538537944
9f7be9231e3552f7,0.12873317227635367
6e458ab88b4204e1,0.07268215966562819
10739a7eee3e87cc,0.07492453025424234
a326839f328dce7e,0.11820353954349869
2e706184335e4bfb,0.1268592564213539
e10da35ed5233e23,0.07282315671808619
85df2a159bcafca0,0.11061184858409648
7e459f89aae58555,0.07554628329963331
c5733fd52fad180c,0.10156368705786542
d78be06de4424dc7,0.07268215966562819
af782e55eeec3b26,0.13404606757053386
a5428b7d3e5eb0a2,0.07673709586450367
8d920a6bdb004f92,0.13196512146772232
f4be0e405024df8e,0.1326334155188349
d5059f8f88290d5d,0.0901199850183469
e368d0170d51ce4b,0.07478526576029335
d8ddb30bad626df3,0.07566026404031509
d1e892e5a070ad3b,0.072994554373082
8a30b24e45c8dd56,0.09435123073662245
7616820e7f2f060c,0.07282315671808619
35bf1de33ef37b4e,0.1542902473921738
7fc73341974a9c57,0.12518558501814886
9f5bd41b72cee0ab,0.07481128131922815
44e5daba8a615664,0.1228165299642147
6a29aa78116608ee,0.11634637837660644
74c36fa527d5e914,0.07435656624145758
65e5065a97a00477,0.09049140044454221
2bb9d6b7e64b8108,0.07303867916439248
297129de9133a71a,0.07282315671808619
e6233ca37ff20ae1,0.09966512746586323
e6c230b1db202085,0.12505608594559953
042447db024700a4,0.07257181170534668
5347f880cf1bb93b,0.07542329900449207
f7f2f5d41652f6cc,0.07257181170534668
71ccebe269774017,0.07268215966562819
5d89474915222841,0.07435656624145758
583b0f485ee37a28,0.07271144365676868
cc5a91f4a1b878cf,0.20630326476895425
636604af09feb6f9,0.07268215966562819
9149bfd2414e1f06,0.11843637226301326
69c71a71af3a6a93,0.07441379598909635
5cab1ef744ae1f07,0.09282198885204332
2c01a13c5bd11b48,0.09825583500881634
3dd5148c39f554e1,0.07271144365676868
e55b6c8712632bca,0.09068041588154147
1e70f997f11d309b,0.07723502532536033
0b5140a69c454fd2,0.07292488359230898
bf3433f1790ded45,0.11176182638941928
848bb9f5e15ea664,0.0772741357808088
ddec6d5fb5e1d8e6,0.12163605164413864
483be22ba816efd7,0.07559586821785255
c5e5341d9853e204,0.07653055543196458
21afeb4d02745cb0,0.07383762425732367
214573582fdadc69,0.07731696160877771
1584cb670481cd0c,0.13008861239848263
a5b74fec60dff97f,0.164016579071118
500761048fa68af7,0.09487182121061413
17911ade8f9db4a9,0.09120842166488013
0d5e4ec73265e718,0.1122204643162797
9a23b511d19c5b74,0.10244479603247086
b0a68b6e9b5aa0fc,0.10873196698495999
f2408ea825dab651,0.10657069118652601
c46a0253ce15db70,0.09844623871661415
280ee758ffb1d1f5,0.08799136081331865
f120c6f37766ad60,0.07289505326038195
f0bd6e897436f50f,0.07482609161819595
d9838a74cd5c15d2,0.07264457792879861
ef4f4beebb23098c,0.11296747486394881
81e1191f9eeac89d,0.09366347932184926
38a4b85540a1d008,0.07350527545301896
583c98e432bf450e,0.09083064700305812
9319566dff410e11,0.08909650679520136
967a61a65ca3958f,0.07282315671808619
78d063e4b7ce7f7e,0.07478526576029335
d2f8e62df2e4ba25,0.09563124512434641
810d2f780629077a,0.12756164845385076
3515d882b6639805,0.10032808485427465
11e50493155c9e73,0.2175561188123389
4ed708372af004b4,0.13436106416206858
c4e45da34ddf3b44,0.11184780048650508
c8a93dd49c2a92bb,0.12620345411320352
0db19fe44a9a780e,0.07268215966562819
2b3538d47f1c15b4,0.07336564350159698
c3310c72d9734462,0.08623153164267403
14085746773f19af,0.07289505326038195
556db80d967a1693,0.08022674872086932
43fc5ae409f4f500,0.11092258478995864
081a87f22c3b38c2,0.12286130493299703
d375cbc133ed4f4e,0.10066217414849787
5ad546feb694ad21,0.08898823203671857
4f93720827de0ed1,0.09796415228381765
3aa17624d6ff3bda,0.07257181170534668
9242e8dc12c52248,0.10778560934811443
6842dfe6284804e1,0.16113677285011585
0d73a6a834744d44,0.09152112253615255
0830204cd861c6bf,0.07268215966562819
66161f0924e78225,0.09663476310214492
496464a4d50db8c5,0.10075945493088614
06324bbe66728955,0.12902515504660528
14f78d4e391911eb,0.07275563755160044
2b82c80f72759096,0.0752862023501861
098ac1d81b9e8c1e,0.12449651591987002
1b76ea6cbf734ce4,0.07268215966562819
0500bc92e5b55537,0.07271144365676868
ac5aed573f280b25,0.07619393704635938
ea03975f1d5baea3,0.07478526576029335
88b17a552fbab232,0.09801625523720428
b8de7af9fcdbf382,0.12782559932469206
1200abef5b424cb7,0.07268215966562819
31b60e9d8cfa862c,0.07282315671808619
893db3bdf6bcd36a,0.10857535990286837
ceb6b035da1d3d7a,0.10039227249077542
4ec436f2d7284b90,0.07614715634179986
8aed9038981199a5,0.07519904131584232
0004c2d09b2a5399,0.09085032601792828
5205db0c297b51cf,0.0886674431267161
fa00a8d5645e29e8,0.07271144365676868
e059a125b2f75271,0.11994792751486964
0a245e9039a475ae,0.10147091352349984
f6dd2588e26ea334,0.11043966667926136
973b401c5b3a29bc,0.10115088606116891
3c3d0acff02d8d77,0.12037262176543248
29614e0f15db6e61,0.10339763259052936
59556138531e1193,0.07470900780793606
6864e194fe467f06,0.09038183120101873
92d1a78a0805f085,0.1134799230606518
673c83d5875338f6,0.12347642628140093
97b9da49283296e1,0.07507106435723884
8e266443d27cb222,0.08869140419568958
01740ec6cd7d3fe6,0.10588668663889494
bf22ef3c96b1cf8c,0.07303867916439248
eceff6a46e6bb846,0.07435656624145758
595cd3775c548381,0.07361698851433648
dc88015ad74c395c,0.0747900541870441
1d829ac1fba966c2,0.07538838254461769
7af5a547c0ff87df,0.07507106435723884
42082090188c20fe,0.13064137194584693
f7c6df36a4354bbd,0.08607769272510415
fa583dbce17dca3f,0.10062693904563326
31b430017b021b90,0.12717586314337498
7efc9cb13b2def86,0.12384796080798757
d06fda4e5bcfc129,0.16852153480328577
72cb2bb85767bcac,0.13039499701338209
50f1226e03b9f878,0.07482609161819595
24eed0e6d7789047,0.100990465387538
d026da38fc55bfdd,0.07558822399370851
47c591c2bae2052d,0.08836593889778128
92966f857e0e8aaf,0.07475405157158937
56b22e07fb9e4c9f,0.18535567335660977
95e7a0024d29a8e8,0.09759485179325353
77413f2ce0fc0b0d,0.08277957830167676
169ad5f354082bda,0.09840689508379097
cb6a3ddb00bb4caf,0.12226751520566187
c1351ef23bdee19f,0.07485913343890563
23e0eeea647bf809,0.10212262436980338
52cb9f8084c2979d,0.10728204654048834
7f071403034451bd,0.17066053624145106
64c6b8a675d8d210,0.09095937857411696
25bcfd9c6c4bc119,0.08797656051887266
68234d071437f6c1,0.07268215966562819
cdba54b09ad0a5e0,0.07271144365676868
8b2a453d25a9793d,0.19615491566756657
379b3cf15b5cd618,0.07257181170534668
04f8b3d8fbcd3c09,0.07282315671808619
8db2aa7a87a0b0b0,0.09949866212080208
09904cf5297e4c52,0.10795231550642788
e5d6021439d46003,0.11759106088540179
87a2e4212129d19c,0.13150218708920555
e218c57596992271,0.09995108464997535
18b98da5b42722da,0.09586436020701922
449920a89db3ac7d,0.11316347829492088
9ce041cdc0639315,0.11071441013034083
722f357fdbd5c880,0.09176164186708663
d468cd43dc6a08bd,0.1782656535841394
9700c7a3ef819ef3,0.12777972916050942
b7f1d881f8c72980,0.07282315671808619
b23236c476c94144,0.13503883702562078
18dd1046074e1b37,0.07721922917668175
55f227029ee88bf8,0.07500952344894307
5e3b8e365345db58,0.07371718489052417
d97a5d6269148ed6,0.07775829793303397
ec6dfb974b3c0b88,0.1243532449249235
7ff4153e9bc66bd5,0.1191182893433542
70ade30377aa52d0,0.10521886068145722
e81c74c9a5e64310,0.13725044348681945
27609b892f19ce38,0.07271144365676868
665fe4d9e267c32d,0.1270064313229594
e4efa861a25c36f2,0.12544387496506929
707cf306deb0ca20,0.0762588719873944
53a0fc682407a107,0.09809418479435185
4bd91ec011ba7743,0.07257181170534668
3b7c880189ffdf65,0.09568142031906504
c5f1834657b1d9a8,0.1034422442389401
60a043d7036ea402,0.07482771816893546
d69dc65f9a8e3647,0.10685626640825928
c3978282c1335961,0.11492176808143441
248bcc5d97740cb9,0.0913686888538063
ba074101d0551828,0.0950362831435016
f22fd6cc76b9eb99,0.07268215966562819
cad3b5acbccd1a75,0.07257181170534668
4e3d749c5d0d8b99,0.10655777106380576
1024028ec93908ac,0.24368220363687362
db5f96700f81e32e,0.15220458844182036
d00456f5c537affe,0.0747833937319713
ae6c9a4ac1923d77,0.07507106435723884
5c4ef0457f9b795e,0.09830617158450473
a36087b510ed1bbe,0.12818247229812146
9700dc3668cb0d40,0.07257181170534668
e404394c28efb780,0.08723867922058283
0720a1b755cf55ed,0.10650068486390406
035439e10d353f33,0.08927182137309998
53421be12c0c7d0a,0.12468306154088328
c76422f9c7f1c224,0.07257181170534668
ca75e192477ae30e,0.07482609161819595
480e9e2f5f6eac7f,0.10511339413584575
b1b0c9414a07e81e,0.07268215966562819
e09f31da0edae6b7,0.07502680376553444
9386dbd09f1eea31,0.07754811821784802
4027ad13f744ab47,0.12417953247005152
dd57f9a9617410f2,0.11294453083792222
53816ae08db4500d,0.09822415538603811
d39479f04b318c0d,0.13265548200627875
5223cd189c2850d3,0.07745235208912096
8c0a9ec776187a0a,0.07257181170534668
387c460bf9c82eed,0.10914313457201466
1fd31e1faa118ee6,0.07264457792879861
49fba05cb591b00c,0.07278264493557679
bd80ada68eebd0b9,0.08940825766327615
0e3f686f072a8a0c,0.07537940472693785
84925d826d461c4d,0.1164667415232428
a7badd0bb8ead7cc,0.10054807042581311
e2c838fd32fbb729,0.07963296427812841
3a6cf220f53b4cb4,0.09217603895750764
9dacb79ad9fcf34d,0.07757218590941098
92aa4c1f7f258a86,0.11820303959866019
c85e22a117db207d,0.07268215966562819
c5acfefdb9e64f54,0.07479270198880034
26015640e05a3378,0.07541306340183898
834b3501453f5c5c,0.11064036215485774
42af151534cbcca4,0.07303867916439248
6342222ab4bd07c5,0.13109960393038195
cec95d0eb86b553d,0.1165733890368547
b4129a57f4c5c1ca,0.08758450458931852
8b51d76d9c838743,0.08215183869672438
36d6124fdfb6b5fe,0.08695180623712657
2212f9196bf749b0,0.12596747260691257
fe9345df75362fb9,0.11002480667270681
75774ccf0b19e8bd,0.07268215966562819
026c096720d1702d,0.11685242839395636
6aca91fcef83cdf6,0.09382160116181024
8fc4c42ef85eb9e6,0.1362032053001624
1b64496c26985a3d,0.07289754264212145
591d0017ec185df0,0.09012792638091026
028968c773b11f62,0.10736648021811049
3a09eb47d1ba4acc,0.07257181170534668
000019235d24a363,0.09438448833907412
ac5122e50d1ce8c3,0.08827734457060885
7d4feba02220abf7,0.07278264493557679
e59a3b16b4a6d416,0.14843476004569803
84a820be4f12f7cf,0.07271144365676868
2f535756a73607c7,0.1258743074506119
fe5a15197d453416,0.07268215966562819
dfe7a446a8aeb1c9,0.07257181170534668
0ba28eeeb91393c6,0.08585867644190279
6cbf1767b759c6cd,0.0907209586198125
a6e42b03d097a184,0.10085319885598357
da6efa9d56a293d8,0.11956017789203957
20eb958ac40ae3ec,0.07282315671808619
861472b884b8b80b,0.1270964629203498
83313fb5d3e30121,0.07475405157158937
75c00015b88462e9,0.2296360063011408
abad9a6070f32056,0.0907315848987239
dbb0ac574180786c,0.11844707111432409
1ff23956ddb48080,0.13730247760238545
1030748990c873e0,0.09451819038501724
3b392b51ebbe98a8,0.13724695401295212
9bd3ce96b5220545,0.07264457792879861
e80afbedc991fe85,0.126982935214801
b892e30bd65f1cf7,0.07257181170534668
45be6aeb64cd6e75,0.07596930005187902
10b2dab220d2112a,0.12557463437407945
397e2c46ae990a0c,0.07478526576029335
19d3b02c14e869e0,0.07278264493557679
cd4dc389be000277,0.11474412618111487
fddeaaa21cf9f333,0.0772741357808088
c73cf810b1eec5b7,0.07271144365676868
2d89c6930c494b36,0.10194947895383147
731c1ccc4e036603,0.07282315671808619
a9448f44773fe67d,0.09268793339394014
89d7d09573e87744,0.1238930647019929
09a1c2b53c31bc10,0.10327048863410909
6c6319f9764e8514,0.2069750855479385
f56bb1ad09aacd4d,0.10722387793773547
a49d99323a265849,0.07282315671808619
3ee9be6434e0e715,0.10447482028847477
875debef7413e1cb,0.08828374930440874
a2d775ceeadd24c4,0.12033243198129653
18c8aaea7c834671,0.16446187926939215
df0c46251bada9cd,0.0975387527717563
aab9add2fbc56aa9,0.07257181170534668
a6fc3e9da5c8e555,0.0730350661555914
f637661db81b90bf,0.12372556179525934
33f67c649066e956,0.07482609161819595
86c73cb2d30683cb,0.10336624749188304
b5c00f8557fcf692,0.09858905624145949
a2c9a8f18d345227,0.12662862186153884
5ec5cdcb7ea71186,0.09069666964508266
0f3e463f9177f7f5,0.11344861229829276
4e7f08dff5d4d708,0.09057010505394739
3bf84009bb5fc3d5,0.1301564316783089
51395fde52e82c96,0.1346067563733989
11111626d4279259,0.07785164949396904
ae179d72addf4dc6,0.07282315671808619
e88ef89c0abd640c,0.07268215966562819
c514af589b1c5c49,0.07528450429277914
ff07eef5fb056c81,0.13126179320803338
96fcc4e5d6f59237,0.2337080968597187
28c21a0768568fe3,0.12414857744497945
73627db8491905c4,0.0767892674823496
99467bd1e0347c4f,0.07257181170534668
f68ba1afefa7c356,0.12986479143845336
f2dc825ecdbac412,0.07512158856267007
4aba146c1a03941e,0.07282315671808619
80d5d6de30bce75a,0.09292266380717097
07139bc3c4fbcf8e,0.1270048949209403
e20fe10aec859d4a,0.16525958934867707
7ede37b476b9198b,0.09808391147943478
13f259dd7b600fe1,0.07507106435723884
351f432cde665f41,0.07271144365676868
a0721905432fac03,0.13667606482130873
c64298a4451fa34e,0.09732960407503877
4498869b991b879d,0.10563757729679718
17636075cadd05b7,0.07706665476814453
f1a1bbb6f878a877,0.10821271856538901
0eb6903ad4fa3f90,0.09216563077014073
3188bea8d6f5b35b,0.12004758099888527
c4c409536eb6c51a,0.07268215966562819
d280dab3667294dd,0.09991177604393575
52c6f5f136513403,0.09002543950763905
5090d67fa1877997,0.07607595506299175
16b61b14def64393,0.11721774276247154
baafe2fb18314839,0.07268215966562819
4dd870bba94a4e61,0.07716040649182557
09dc62cfe943169d,0.07275563755160044
c479d440fcf7aa16,0.11153444821626722
8afc03aa50ceaa11,0.12217348604831811
edde45a77638faf8,0.07268215966562819
6d7692d9c32c3019,0.088252196808181
5732b6767099399b,0.07495188535260966
17d91b5e97f3116f,0.07371871538855926
0d8f39533be9f182,0.11640127931907586
fde5949373183adb,0.12391117306949578
958e0e17661293ac,0.11637463009498947
c5216e7c4a482059,0.07361698851433648
903c649790deba31,0.07282315671808619
4a0069fc3386e06c,0.09606067087582251
a8ed067c70e68299,0.15134244458313695
2739c45027efcd82,0.09245499292981607
9cebb6633780881d,0.1409944685563212
61795ee62a8075d9,0.07275563755160044
58f2b934b0d49345,0.1131535600747752
dae79d85843b121b,0.07268215966562819
2a1568df2de08c44,0.10375531196054388
ee4fd2a6e3a78dff,0.0888159851723043
b757cce25b9c26a4,0.07289754264212145
66ff45cad74a6679,0.07578016149081038
b0017bdcd541c6d4,0.07507106435723884
a3f277c9b5c91e67,0.0775645440134414
a5cf1cd034f1cbe7,0.1320261254630001
68c1e518bbf4e77b,0.07488871702005429
39bc60ddd2106538,0.0862872192341378
6efa72d0df99c34d,0.1316266713241141
ba7209f117ae9238,0.1255057865096747
7c5bee138819f339,0.1091006638794889
0a18482d62e5cb36,0.09676885057352427
8e35efabb244500d,0.07483651155734343
43a9275d59ca040c,0.11775980064657957
481df5704a84657c,0.07268215966562819
4d8d82c65a5b6227,0.07268215966562819
f93eec03effd7d38,0.2617786146014323
3ffdcb2a25a0754d,0.08999338487340601
95109279ae9a6a9e,0.10122379407782148
d6ee9c0efd68efce,0.10433990559457919
74c4894e7bd0708d,0.0815907393859755
d33fec8f45769c79,0.10963451235718152
8fa4532d6a6caae1,0.07282315671808619
3dff5467e3be88a2,0.12004377680656711
fc6d9a8363c4609c,0.07268215966562819
c9cec12908a9bfc4,0.07551007764497414
a971fe519809a939,0.07476461501504766
5ef5d379d20d65e1,0.09732370619223571
e3fb799669853199,0.11155184753256428
6f8c415e8466353c,0.09073451107228905
6a84824f0fe20d4b,0.07484052932024499
8cfc43e4b7c26f14,0.0738288979518417
de7c6a12dea21dcb,0.11688163666014331
d478e64abc5e2623,0.09489092017797535
437101bfe8957347,0.09087365213876294
6e285e3b9740ddd7,0.10567775035589544
c3ad227a535c2fe2,0.1318818519142907
8f43b3a85065f086,0.12368505424553852
90aa3a900822f96a,0.09937918935770286
c9000a6868faa0ce,0.152044849676504
32a000ae2024ab05,0.07271144365676868
c4605d1a5e5e5f5a,0.09800543083688387
892acb659d8cf3f0,0.07504879884097668
c69855f3bb4ca032,0.07257181170534668
edf73aedf6b35217,0.09776211727271786
8877ec8e52d1ecc5,0.07512167745222821
fa3630178cfa8ffa,0.07257181170534668
9f5f7129d1af2116,0.07550433715826299
5e7e17e9ef20547d,0.12546712162858834
a0bb691eee0adcbc,0.07264457792879861
47aa950ec1d03709,0.07465131351084488
89b3fd466c092666,0.07257181170534668
f58ae0404d156690,0.07268215966562819
766c4ba6be3c0785,0.11008163646893362
eb2e4b71d64f3173,0.1171305713873427
4912ee4332177555,0.1221404129996204
2bef19c70fa1eb95,0.07278372114285189
c6686c6fb6297feb,0.15286938556778068
67508ac580fa166b,0.12056076193997017
ff311f69cd822985,0.07522450841536432
bfff1dc879c76509,0.09853649640928475
3d1fb3f5ce631cd6,0.13119698380882913
cc268338bd6cf9ca,0.122072878740642
d5798960a3e8183a,0.08817601724352303
11d573b74ae9ba82,0.0976103730632816
8c8705f908dede75,0.13516119369651738
ed2bfbed36ac2b84,0.11600957778655352
89361517fc2f10d5,0.13535128105660088
1626bf6a9e33402d,0.11935086070143713
549de17e617d4cb1,0.07268215966562819
241acccc8c4c5c98,0.1239672139043912
ea3cd2074cfdd18b,0.07268215966562819
3482477cef332442,0.10877804610804447
4f0e6d903964496b,0.07371718489052417
55f5ac50a1704cc5,0.08906562126811085
2754a911af5ae6ac,0.07486634188927045
f2e293367584282c,0.16249493413704894
2efb3cb92bcc9b98,0.07257181170534668
5896699316dc3ab8,0.07495188535260966
2d0483ceb9c643bb,0.09283658809921998
efc8974e6723a58f,0.07495188535260966
a6a0006f726c94b1,0.10295773297561193
6f5c59612f3c92fc,0.2631550198319047
c78209036cd357a4,0.12028302413414785
db9a3030e417457d,0.07275563755160044
99988b482a1d195f,0.12339842085964783
52e13ab6586efd97,0.134059791489193
3e8fbcc54eca7fca,0.07689775393196818
5bd1113a10668c30,0.07532814355055739
4bef48512ade85b6,0.07282315671808619
2882464c483cd0f8,0.0750063686662884
079b1ed9350bf75b,0.10976008258313275
7063caa968c586c4,0.07484052932024499
ec19c34addb8624f,0.07596930005187902
8cbafbdb15a9de28,0.07479270198880034
a38115fdbf75c1c5,0.11085918398247924
6d8390c7927568de,0.07275563755160044
00981f14236ef71d,0.12390412733693684
12f84fa2b4c572e1,0.07257181170534668
ca5bb700586628a5,0.07275563755160044
4a7058a9b89ae975,0.07435656624145758
878bc0b3326ea889,0.07268215966562819
57f748e3454293d9,0.09592505097282014
07949795ad3e2e93,0.1054237601456196
8cfaf8d91ea4f1c0,0.07554628329963331
0973b331fb200feb,0.2661490238489804
fe33cc8c6e5126c9,0.07257181170534668
95338421b02d6100,0.11730106411504121
6d14e413603d239b,0.11477256817905732
8dd0a5354bcc36ad,0.11821387132424885
73e26e96853b1101,0.07282315671808619
1d9173dbd30bfa8b,0.24769940885775152
b8164626d047cbb3,0.10283810414972716
0fb7907993c4b37f,0.19899043283375886
59ee8f98bf511a26,0.11262612875545858
0c3008cd7e493e83,0.1274233909546683
ca16172c325cea2f,0.07282315671808619
2bca85f81b167432,0.12657642746393094
22fee0166c140a09,0.12535860068140478
e2724c0840a5145f,0.08153430080956103
f36672a2c0e1cfac,0.07257181170534668
1fb583d94ee99482,0.12844981967190536
02f264a344c830ab,0.09000182548162321
4da6645d6969cd52,0.0730350661555914
44dc081e8f45104c,0.1012687721336514
2c2b2f0c44e4f0d6,0.07446827930277508
36b10927a5ef8124,0.1282954029251959
c1aaa1a11b02c7a6,0.07479270198880034
052a4c4d54a4bc92,0.11417790598005956
d52322d3a4091590,0.07268215966562819
836f3b0ea82976dd,0.09414751994560479
76fb069dc8449b55,0.11206229577649936
9c73e1140fc59c02,0.07435656624145758
ae6c780a01769bbd,0.0900633546395069
ef3be0cbdd14848e,0.07282315671808619
3599f0b9c0feb095,0.07257181170534668
88664205bb714f9a,0.07257181170534668
b978ad9fbc2debb9,0.1020609434133635
c82c9b618c165d10,0.07520490930493112
0b15c07bf352553a,0.12784953264176935
7891a28610913711,0.11411671600199028
ad4639fd4e49662d,0.07278264493557679
08bf7df7a564e646,0.07670872522174674
7ed362e9d16716d9,0.07257181170534668
0ad5b72ef7c0ed2b,0.09790485120260406
511e654ff2a5008d,0.08680606286200493
c2cd9bde4b5e7a21,0.11270638324498995
5b3e02e26bec5e7b,0.1127503899789655
89c64c8f9efcecb3,0.09328749429690533
a8f6c6e3e62d6b71,0.07441379598909635
019cc0b8962f5cc0,0.11847457327896171
bc4e4242db6ccd37,0.07278264493557679
3fff2ee4dbde3d85,0.11064335425966829
dc37fcbe553235d5,0.07464525221064927
3bd0b86bbb97a337,0.07554628329963331
4992d9bc07447302,0.07481128131922815
bfdf1c0f0ba7cdac,0.12480279090367213
a6ab2d1d53fe912a,0.07289754264212145
1891df3302c7b348,0.07271144365676868
b9959e103e10b920,0.08539769890907284
0ef3c10f8c9072d3,0.0805013830370743
a10619d97fb76c2d,0.07292488359230898
0863a38392b70b67,0.07896968011251174
60b64acaf466a536,0.10709766723936064
12e3e5d6d9c41e98,0.12030825826438946
9523154e7d045c29,0.12281255632860959
c75a93ff5b4249af,0.07282315671808619
254953a015ac6eeb,0.12870187909718345
800fca2f6db1274a,0.07282315671808619
495cb7b810650027,0.07282315671808619
32f2ab9bccd62523,0.07478526576029335
710c1a24eaeead5b,0.07508128707921319
bc05e8a0b1a36967,0.08873061137671226
7f9c858cee39c32f,0.08114509214956811
d943890ab2a0dabc,0.09675071968243398
e8365a58644b452e,0.10516308562807944
8b6555b1e2375ec2,0.0976926090841071
2d05b7a2752c3cd7,0.0750063686662884
cae674aba0ce36bd,0.12210792255238542
ded2185f98f5d222,0.1217606496245959
5aa4335a084d6172,0.0944506084080673
ea84e8283949a22b,0.12206127677760588
e05b38abdcb5ba20,0.07268215966562819
1a8232cb16668217,0.07268215966562819
964453e5682c98dc,0.07734916046843235
6220fee3bc1e75ff,0.12124906259896011
44c74ce2f7dfda22,0.12806018070236969
0e420abbb67f6653,0.18362728231677997
381d753868abf15f,0.07350527545301896
c90e0c45f7fc22d0,0.07257181170534668
28cc75a35f51a8f5,0.12458649845779073
3ec9f6c06061e5fe,0.13025745028741026
b014ddae55b634f3,0.07268215966562819
90879b42c1e54236,0.10821259774914821
7e62b4fce61bbae5,0.09441596448937473
6e384e2ddbb3399a,0.08139396476004165
6f07849a73f44a97,0.1599323750575991
f48a2f5d095509de,0.10117811507401078
ba999a22ce5b3fa3,0.245270093872749
ba9181802cbd9401,0.1314064195628688
bd73bd26225890fa,0.07282315671808619
64c38fe6742e3036,0.07282315671808619
df243043992dea1a,0.0896390844678638
0119114d3ccf9eba,0.1299512120188769
f21453041c1dbfb2,0.10312000464792231
65850a53164c135e,0.07257181170534668
48527244bf10d792,0.07781046127956032
cd4848b0c5d09b82,0.08854236691756803
d29250c293d24f3b,0.09595975457475399
8e49853ead7a7782,0.07476629970651337
c4468c09563855e0,0.08628936536541024
06fbbe29034b7d22,0.07264457792879861
85f4de85a28f72e5,0.1665294689946671
61a2fd323396df30,0.07563714458972645
57131a5c1fd27b0a,0.07820460959309605
97148caf47baee80,0.1006679288275953
bc00a7f9820c18b9,0.0745227510051207
0774fb3a81023543,0.0882274345479579
26fce92bc23cb74d,0.09993372229722917
c97cd71a9a738f03,0.09087224645596413
e241738a2d4f1fbd,0.1254311896664109
da7df03e550c90ab,0.07794997305512748
35c07da89ceda890,0.12874313291304335
5cf499e1908cd296,0.0871429895750423
d8e67e20d907c472,0.07647413242752332
f3135343f9e7c1fc,0.12429288179634876
35e24477ff3e4121,0.09055515700663233
ad3c1d21283a66e7,0.09088420853581752
fa88a2d04837aa67,0.11383136909269434
3d8cc5538995bbb1,0.07268215966562819
2cd57b0959ffa8b8,0.07504087480052593
abf05406b1a91bf6,0.2661411254044813
0f7b3fdc5d781296,0.13884061679303425
03365bdfcc4be998,0.07532814355055739
b46302fe840c3d5c,0.09125346760839849
b1f966468fc49840,0.07573246737887915
6adafe7e6a6e6865,0.12440132796722743
e92c7a5333472aa1,0.1011048991243147
7eabeacacbf8b37c,0.09071095480891661
655d9a938cd682a0,0.2676117864897147
a26607cfecac0d77,0.07532814355055739
8d29e784c2fbc4ca,0.13337064255131267
0552a72825b82f4f,0.0750063686662884
8db26f10038d6705,0.07504087480052593
0eb4f40d8b4a0e29,0.0748932964361832
a1caff7700882d18,0.12883198542558177
ee70a37197156928,0.07278511025411477
6de1b2f62b6369e2,0.13233909890645887
9c2d074867b45c86,0.07495188535260966
36c975ccff63cd9a,0.09487060538811923
eac85b26c054de88,0.10921703913779794
318d374ee2d57a71,0.09130655901031934
ea743176167975bc,0.10344965678046127
3ab9fd28956b4c1d,0.07268215966562819
478582ec139d868b,0.10424426408864065
fb9d44e71840eb0a,0.07467519745811227
bd4fd0a37b2b9312,0.0917023780226422
5dffe03302a0fce9,0.18706178232319848
d94e1f4138ee9631,0.09301942093507537
298ced22f474a1c7,0.08695391795165966
0268d1d90c8858ff,0.09120824853843204
84cf6eb7514ea305,0.07268215966562819
95d0de11255bad7e,0.07278264493557679
9df308f6f0758e94,0.11002384864157634
b0fb6fef1f3a5762,0.09165050349333295
3fe46d292459737f,0.07278264493557679
6bf62b52eaee324d,0.07292488359230898
8b6a50f8f0d1474f,0.10986292397841209
89833118f346eb37,0.07532201558437415
48fd781830adf147,0.12627388031491202
209845b666a00820,0.07539093536817576
f23faebe09506cb7,0.10277953017350627
5f9584bc58bae0e2,0.07271144365676868
a08d713f9ab75910,0.09491670486007142
5c4f577995e30921,0.13506969707686445
db21d37dde61a7e5,0.1020671967915448
d22dc3977ccf9208,0.07689775393196818
d0fab5e12cd60c77,0.07278264493557679
5293676c6774f75b,0.07289754264212145
d3ae1f0b7031a78a,0.07445154972631259
bf57f1265cfe2fc2,0.07519904131584232
468b54d83b570a50,0.07474926722876006
134c07b69f25f030,0.0844037650978427
2cfa14158d7d3661,0.09631943605854476
a87b1a98b2c48b05,0.07546986319169421
c0bed62168e9892d,0.11308321736536012
fc44e0d5137363f1,0.07519904131584232
1247308f81ebf41c,0.07268215966562819
083caac4b6cb4eba,0.11306091312704199
a9d470ae3ce0af34,0.07257181170534668
935c423d001e7dda,0.0753636436085525
d096b8795c71a6e2,0.13345388783706738
2acc0dd1e03e59b3,0.09214291119121915
bdba30d6e4c5095a,0.0756382839709133
57b0ac86659a9329,0.0940258778024019
23d831dd1ba487be,0.07268215966562819
628b14a47b392334,0.11333719669643115
76a400c7177ea365,0.07485913343890563
86ab9bf8f20612b3,0.09571335463586744
fb26e948e7444ee8,0.11500603737518703
367ec7e6bfbfc6a1,0.2010782798719998
efb297fa666f7cca,0.12646420931061605
0a0f715a63ed4738,0.08525179235551839
00b759c30fbbcbd4,0.13287674463553775
4c133deea22458f5,0.11766006177622063
b354cc89789a3136,0.10810052132171885
f3595bdad2050118,0.07537940472693785
2171a4f574746f33,0.0924668117204564
ce89301fff62a739,0.07516490935904069
f4786178a6026169,0.09083989301432432
e1db1fa3be2d2bde,0.0929604098361304
05b896a0d6b00e98,0.07268215966562819
89658e4ea0b49c47,0.1296067613072143
db78c841ae5796ca,0.07439020151389691
6af4698b636d1c84,0.07761097979712492
be3f82b0567a0962,0.07435656624145758
1dbeb642447425a9,0.07282315671808619
eec325cdb9dc0154,0.10716693930781648
cab58c1297ee8294,0.09099272926431806
97e9bafef493dc0c,0.07543218099103868
c738edb5352110f8,0.07805963395918239
fe298587b58a6ac7,0.15834498143728448
b01b2bff457f7030,0.07482609161819595
599065c0cda14c65,0.1268812515421899
feb91e47c3d327b0,0.07896980024041159
1b0d5c427077f7e9,0.0902864094767893
6c1338d0338c0bca,0.12411097282938205
aec29f6d68d9e001,0.07257181170534668
c6567adae6722bc2,0.1034783115922561
c6e04efe9811e16f,0.0730350661555914
eb86688c957ec913,0.09103088993284107
a450a6576dc20dbd,0.09980613780518721
b700f2322066f731,0.13144791156296284
a4302475b7326abd,0.12665763533162214
af5f8038b513a4c1,0.07569840966631688
0d73ab8c4cb1fa9d,0.11441573787583506
8ca59ee3a85773df,0.07271144365676868
e3f7ceafab0856f5,0.07278372114285189
2445f30cdcdf58f8,0.0995823929712326
23b0f57c015407cb,0.07361698851433648
2750f1a3f3525b16,0.07257181170534668
4d1502e6806c5f5f,0.07543938266032651
9cd2cc7d553443cf,0.09930210905357584
5e314b952cc18869,0.07633142694034545
e8851ddb49233587,0.1252606200310503
6339c240bbb14c01,0.07673709586450367
196ca6bac51b24e0,0.1470591609542693
ff664b7817ef187d,0.07257181170534668
1f50f2cb8e01a9d2,0.10443456160196786
f655a99b43cc6c6f,0.07257181170534668
2dc6d88fd87d67db,0.09046294576929136
b61c9fd4a46a6bff,0.07268215966562819
478a862e9bd10007,0.09473549505352616
0b9c9bb9e3bd1c5c,0.07435656624145758
8ba72175f80e2cb8,0.09474369309695092
80bd1c42bca86409,0.09671780918603001
ee7025a20728385f,0.083692698353068
a94a734822cd1066,0.07955033107586645
9e445d829547acdf,0.10717556323390744
d08fa8b4d19b0300,0.12272550165077384
8ef8adecee83165a,0.12351059022661205
476933f8311d441a,0.10552955340754114
fd9f323abdfccd58,0.07767658217465387
fde943f5062e49d2,0.11108327186785188
32e1723a53483290,0.07595709429383016
3189ae9ce5829fb1,0.13349701938336356
a691ae869c7c7c20,0.1230166229136554
aec6a61870dceefa,0.09019392360699882
301339e42c2fd935,0.09701505913742615
33bdb599f03ad3cc,0.07268215966562819
ef958079692354ec,0.23012819825121858
6b9de167c2e2a382,0.10802174705450063
81a3aaebe87a402c,0.07554628329963331
78734bb73a549d35,0.09907584821601735
801a31247ebc0426,0.08942236955914151
703c72ed057e80ad,0.11993412597364592
d512ce41ff14126d,0.07257181170534668
b14adfc6f2de5274,0.08949288276670356
3ffc252e11d8a5c7,0.07443023283880366
dd94c4e414636803,0.07719944541251925
089a1dca65e44b84,0.10578786361297132
95e32e732db3ccdb,0.08838185461508866
aca38e8f736ef297,0.07282315671808619
78b2b40abd748fc2,0.11609744575935751
2595c73b081498d2,0.07271144365676868
4821901eb98463cf,0.10392104992360626
81f36fdaf2813666,0.07257181170534668
1e80444ce87788eb,0.09600273584511287
47c976d0b2db324a,0.07264457792879861
76e7956f7212a4d7,0.07367557146149133
2f42d37419bdab8f,0.16719107666332772
460717034c7c127a,0.12440904844149342
f46b154a36f88b49,0.10560078591089056
af4a2f1334861acc,0.12806419010004824
cf562fd6a1ec6763,0.0921919763367039
a58fda4597ded16e,0.09135277381628751
7c5b545797c724f6,0.13084205760472403
cd2d2cade053f8e7,0.10975028934643904
0d42478d5f847ddc,0.07268215966562819
fcdbc1ca107a390e,0.12897909740199792
4a6cd78198d5a5ce,0.1245370974179
13c39c2f8d3cd810,0.07282315671808619
c79d8a5d80e7f04c,0.07268215966562819
51a701717aef4136,0.11690843992566488
4e8d630667c21f23,0.09524589073283915
9b8e9dc382061f91,0.07700740723142552
fddd94710360c28b,0.1013456195246866
2c33fa5f3f2d5e24,0.07264457792879861
3ca87064dc34dde6,0.10745931343874304
c9d8edd3fb7bf971,0.0877709436451441
d582a1a34b5b977c,0.12303871476839073
2fd593bbcde3caa3,0.1575171881152403
d2f2308d5fd09adb,0.07504087480052593
dc6fdbb3f28f8f2f,0.10993215318643329
ba8e32a15085aa3a,0.10163001674852735
3ecab659633b8be1,0.12203455875406162
80f14a6b7deb5266,0.07557972884048361
6809016a071b3b5e,0.12056469348802643
d26156516af475ee,0.09579623959107024
7946e76f5438edcc,0.11285312321543534
b11ee2ead8527494,0.10655281620732948
03e49d963acfe851,0.07610716925169571
4a3e2db752cc071f,0.13511112937719238
6e5157888073a37b,0.12471802067354956
1f7bd653103f1863,0.0987090283445429
5cc0f066c9d8a28c,0.11038750395324018
61240fe8a4dc9a2d,0.08464180558154916
ab6cae9885409088,0.2617786146014323
c4e40432b0ffcfda,0.11290742350693259
1f7fbe6992fe8f33,0.12471093386855528
94953e6bc4d48c7a,0.08722432542316616
e1f4fd779b279dca,0.1363368953297805
38ccb655faf1cbcc,0.07435656624145758
dcc976ac3a08e676,0.07268215966562819
8a586d58683ab8fd,0.12377215996043593
9d1f98568599273a,0.07268215966562819
f5a4bf16401623fa,0.1295490174904233
42c6f25951f7db7b,0.07478526576029335
673b99f498fb7880,0.09070960797382319
e4f2c6820273bf2b,0.12333656397764027
8e7d37f34a1f3efa,0.12351260690386416
ec4bdd78abd81c4d,0.09296100494410886
a15343296b9f6f42,0.12114023691981646
dd76563555eb67b5,0.12314533135132683
3ce8de8291ffa6a6,0.13302920117444803
1d036919bb298ab6,0.07500787827103939
9579b233e83fe284,0.07271144365676868
be5c561435858f1c,0.16875809514451723
5cf1d9bf22b73559,0.12813685377169948
d5e3e7616edfb5bc,0.07268215966562819
ad00da3aa56f4d7b,0.07518277741855635
0ccceb1154debc59,0.10063610631293615
8e2c8545bf82cc60,0.12480615853259458
d62e1e8938e1c97a,0.1599716475487926
a8dc86e602a746d3,0.24139241599619496
c4329a7f54415286,0.08595324898198006
04ec4184a6a2f40e,0.11540371185767856
a8874aa6ff7ddd20,0.0756318173360356
c9a607048a5bc5dc,0.12923329817416584
002c27108f6666f6,0.08416246759291321
e4f6a20915cb1601,0.07515843897826469
bb014c28cd6924bc,0.10060159824123874
196e2f507f594bbd,0.07526871919662939
9f1be9fcf021fb5b,0.07257181170534668
9391d5f366da4c40,0.11955114762817556
3453a5ca3d904777,0.09594006319198686
686ba22e52de9068,0.07310696269788716
3553eafc050e9c0b,0.10884110278718842
edab086e1fc56c68,0.13577247793121977
d79a009be9287b82,0.0900598382851831
b86e1b1f8503684e,0.11025265001188406
9ad70763cc07c36c,0.13535798332952095
419885390abac7a1,0.07268215966562819
70bb28465e350bba,0.12328668016945588
d2fe3be15c7a040c,0.10320439027851952
df051580b1fd88ae,0.07526192544121113
799dbb3bc5de0bff,0.115466289356329
c18575ea64f02a42,0.1329383061451699
bc265e458d29169e,0.13498566432353157
d59c94219a63b100,0.1274594578749938
0b79c6776df906c4,0.11115917285837279
1bbd089c39955fe1,0.08116260736568984
e07ee63645347087,0.09053437025557987
6795923abfe3b196,0.23166768063462775
f23bdf1e94c91124,0.07478526576029335
a1fbaeecebb55865,0.07282315671808619
bc95d3915a49249a,0.08639585366246375
c565efbb2d18144b,0.11221325693587805
321866d63b3b1b00,0.11943381264515297
50ef5d8288aabf7e,0.07554628329963331
3948549457628975,0.1234648818325558
b958074c10bc601c,0.10108819460945806
f075bd7b8efbf058,0.10005324507204776
f05a42508ffff350,0.14464325585638604
3c1c900935bc3285,0.07268215966562819
cba59c1afecb3734,0.09632597712952382
013e1691ae9f7898,0.07268215966562819
ff4fafab1f01bf0d,0.13646325263689751
16a52132c026c176,0.07506508906639386
7e6dc3264a60f3c6,0.07268215966562819
fde7be20171bb23d,0.07268215966562819
4709ae8a61f423da,0.11679406870189074
f2f7edc4fdecd842,0.07268215966562819
81421fdc47bf7d1e,0.09720847493470106
e130b6363bcbe974,0.07537762279148577
8b5dc994eb4224ef,0.10190266352000033
ced09e40d6cdb2ec,0.07554628329963331
b65873d2d6509482,0.07584438830716947
d663eee7b55b1c09,0.0750063686662884
e8ac634318c1c070,0.10890563020503803
9861a481912689da,0.07275563755160044
c170f4b630a3b239,0.2665247751107569
31f66aa5ebaf2ad8,0.11255499664296503
31bc47bb1448c433,0.07275563755160044
79eacc58c9cd0f29,0.11194541887999095
32cb3b1b23ea545b,0.07482609161819595
89357b6904f7d6ab,0.08914506945280369
0d9d1cf89bcda082,0.11862234590543227
7c15e3fb5080a6af,0.07824301568943065
a8580d9f4b1f100b,0.2401846937119038
ba1c0d81b8bfcda3,0.07700543032806609
d5c76d632f469288,0.13263094414384974
4faeee72bb8b4acc,0.07540343354214346
10875f7f7d53acdc,0.07323166310740263
3fb5a4da63283ba6,0.12850593350584438
6551e600570cb09a,0.13621808731929916
6b4949612595764e,0.07526871919662939
d45b6491898d0fdc,0.07919329215061058
0c40fcc6d696a66c,0.0847921732392016
74607a92b5ef932a,0.07278264493557679
e7bf586ef35ff70a,0.07518753951717588
65e0da070f27aa66,0.07432319098694673
38a09fd79a425aac,0.10762150021516972
aed136202b0b58d4,0.07629482110557745
5f5b7b68b01d1299,0.2765570619774301
cc5db835afffd307,0.0940637820070724
d8842b37f5416b48,0.09287478241204042
d8aee4335af252d3,0.07614799510959833
00494862dd9b9e04,0.1016126366262639
95d5441c82b1c46c,0.21958618357269735
c6e492bd428631d5,0.07747237764756335
598200ada2678880,0.22969752769027182
8094f4dc74add0aa,0.07361698851433648
6831a0024a1dd23a,0.07292488359230898
d56926e610462f66,0.07446827930277508
bbe39148bfc2e434,0.11021687322036545
1a07a83f589de802,0.09840098095310307
8210d5a233d3d65f,0.07257181170534668
ef4e598f566c9558,0.07527290899445463
c02b919584ea5cd9,0.07282315671808619
68bc1f08eb5258a7,0.15667850011274026
d57a9ae04f68912b,0.11344402628557254
fa41a48959374ae3,0.07446827930277508
5e725dcb74b4e75e,0.07435656624145758
121dbf76a9cf73a8,0.13160046876754633
a2383e552a5f2313,0.07282315671808619
378738808b201e0f,0.07926448768583641
9642ee1e267eee82,0.0890259056848611
e55cdf82fcc57177,0.07635087265867438
2103c3d1e5063e3d,0.07282315671808619
02004dc8e2729e0a,0.07950568786820189
95ae4af4bade5009,0.07971720344249691
8a4e103c92d62a5e,0.12622197630705637
c4414b2ee31b7e94,0.0921631171587787
0866387e16259486,0.09939992331448846
f0b7e616767a0197,0.08782312352675595
a86d2f80a3468f5f,0.07689344825616751
691f9a97e9645bce,0.07268215966562819
2f2e7662f26d0933,0.07721888354902617
72cbdcef4a6b4f07,0.10931011510709644
3ca15eac9b7ce8d7,0.11624297671640305
d9f713c872a26c76,0.09656932623486489
38c5cae3c23f24a9,0.07390328387587694
80e12c9a6e625e7a,0.12622160131406482
78211c4fb5585628,0.1253449354483496
59e71eb2f5c7c432,0.12705771502048
b7abc4b3e6ff0e3c,0.07278264493557679
42eaa77ee15f2ca3,0.07282315671808619
bb8ed5a0931148f7,0.07282315671808619
2ca7468532706e2e,0.07478526576029335
98791c70677eb76c,0.09294447824990011
e7ec6ff3f296ed38,0.07538267616067859
7845f67130f900d3,0.10739887067754882
fcec4d0ce44eda40,0.09549440442186488
0ac91fd23085433d,0.11070632416398826
ff61891d90f930cb,0.0750063686662884
41fb4a2210a6066c,0.10875897258718638
4c7ebaf834966e32,0.07268215966562819
81aef88d712fdd5b,0.08857282749945528
36b0ae34db90ecd7,0.13448740466200576
72fff2ad28f42426,0.11634687670235301
717207649c078f67,0.07470900780793606
925d6e357d7ec158,0.11787933946789605
effe2d48627efbe4,0.09452257634994629
0577c43390d4bf43,0.27474661693522007
546cd9bb6f2ba820,0.0772286694964662
8a47c92c6443e7e9,0.11474970041635907
bc9467bdc8642922,0.07826987709455346
af91160b63f1bc90,0.12860394032600284
464ea9bea5384944,0.11133955879700422
b838b4792a3c540a,0.09025765774686953
11fd6e717c95ce29,0.10781753991286397
b1e2e5a1c0f42f8f,0.09671786922869516
222e74272be1ccd2,0.08990478025614991
21a85a0b474e45d8,0.0877865527743159
5c5c76ce21ac9a03,0.07268215966562819
98c3f3c5243d4fc6,0.07320096793082378
745be7354fe05a2c,0.07268215966562819
ebf17df229daa6aa,0.08796365339900122
14929f1035ed296c,0.22797278650685515
af1bc354186d653b,0.07282315671808619
88e44f6549d78a5c,0.07278264493557679
1a5119861af7675c,0.07268215966562819
4675a1f396e095ac,0.10747629183430416
306fd63061172f24,0.07268215966562819
68fb9067ffff02de,0.11850565537767169
93665736b22ae558,0.07742132647089064
2f3252e131fb28c1,0.0932810133505848
a90bb7ef537f3ccc,0.10574895525392569
f8c47e6a1ab0bf1f,0.08985489464601143
7f335ac0ff549013,0.0747833937319713
e9c7c37b6584e68a,0.07289754264212145
e2f8c99b54c930c0,0.07257181170534668
4f0ffae34b450b85,0.11260425492551446
94e27d2dbdf9010f,0.13278673398018884
db05b31fda1c2b1b,0.09255363214075388
af64ad7d713d5a93,0.09304888938316316
4d1462da71b0efa9,0.07282315671808619
04fbab7984c52c30,0.1182656857202464
c01a62e78e6d8a2c,0.1099516324859035
74f8579fc40b2d7b,0.07476461501504766
0eb2d3b71cf2b61a,0.11390383349855177
57788504ce4c82b2,0.1074425790818777
9e7dfd444a9f30e7,0.09571959849249628
0cd8b38e5a4b74cf,0.0750063686662884
e8c1c982ff8a6704,0.09250526366424291
36bfe943ee63fe65,0.09607077913833026
998d9f62a717ccd1,0.07268215966562819
8069d4397377adbc,0.07257181170534668
ba8f312910226da5,0.12340058737096538
37faa0207a18eb20,0.12115178760457108
c16962d752780184,0.11648369198518048
f1d62e28f903e96c,0.08861230292141681
8cab416d1f2bc624,0.11011321824210116
b791af74c95ffa06,0.20483648106435765
05b113e465a98080,0.1103087938362773
b17d9630e851487a,0.09381139021857757
92981268f9d56f38,0.12433412232008188
76775e095989aebc,0.07268215966562819
a07f4266c4b1cb5a,0.07292335309427389
7b5b1f94772d1b60,0.07540306196348218
4f8ef604a40bca4d,0.07481128131922815
673f3a4c0bd90267,0.07793126684860585
58139d3ae9373ae0,0.11997932784765473
c24d1452d22e8db4,0.0885826766743401
441d9763fdc1b0df,0.1554072615380527
d2987a3199c1109d,0.11456547217421897
cab99a91ac2562ca,0.11511754202245855
df1222f0cc1e08bf,0.08849750424535402
bdb610f14d1f9c0a,0.07271144365676868
d63652d83092f4cc,0.07271144365676868
dc121e137a206780,0.0914886881527967
e5fde6a720ffea60,0.07271144365676868
52f7118d77a951d2,0.07472410323253825
1b60cd7738483c77,0.11507065649776908
c7ef81c5ec66b855,0.18711102376536823
42a4005911b6abb2,0.13560993251417008
926e4ef2979d43ba,0.07292488359230898
936393261928dd44,0.10636012462634378
90b3943086a67cf1,0.07861082627644683
80b6c2497708cc79,0.09035950360503342
dc880492a16f61a0,0.09435244134087248
363fa6d193ea1791,0.07435656624145758
11443cec444ffbdd,0.15103915512235896
174e280d8c42163e,0.12269896238624647
d7fddec00bcd1345,0.09164443744751989
2f2a0292483de945,0.18529495321282985
2638757dc8ccf105,0.07257181170534668
af967b1ba12837c7,0.08387299994077954
6cf0ebd8925305ad,0.1257155472206828
0307e7dd94f223c0,0.07268215966562819
d86f818a421d896a,0.12116771102044233
95c76aa135d94e8b,0.07466498966185289
dfb2dc72331615e7,0.12929422883472103
b488c877787792d6,0.10024492691365447
5864514fce7556aa,0.0968680423219532
7db51b9dfaa6c3be,0.07257181170534668
475afd5ca8082909,0.09933708961146054
aef3fd34396adfe2,0.07268215966562819
e93ef7b1eb85a270,0.0775815779154563
e643f5e629c7ab40,0.07268215966562819
e9234451a7ebfa5b,0.09917442569027446
e8b95693607a1af6,0.14675472645824414
362e59ee5f24ba56,0.09144175096443422
760d3c489cbc2365,0.07435656624145758
cdc43a10fec587b7,0.13255838147031887
436bfce1b2e96ebc,0.10754977045496855
8364b88b9aee50f6,0.11067294918366824
49b33a422ea5bc22,0.1956727962221837
7c87edf2fa4449ce,0.07268215966562819
ae4d87302f77418e,0.07562538586502005
80504f5553a663cd,0.07485666139369732
285102ab56c81c9a,0.09270435838841909
ce75929520b6600d,0.13215508476394525
90e157fa590bed49,0.13207925139177001
72308a9b8ed351ac,0.15367534544004258
67da97f4bf5a43aa,0.07271144365676868
7a2c3503f50e758b,0.10609104934133065
7c277b093ca6e70a,0.07289505326038195
e17cdb698e7793a0,0.09284730945791704
304f33ed70c9905c,0.11161616251687502
f671940234873df5,0.12166970952199896
4c60ff51f1a98ddb,0.0750063686662884
357333ab581b26a4,0.08757326603438953
c12b50c410a56d62,0.07303867916439248
280ee73ea3f9a150,0.09376202026420008
9794f61f2b35c374,0.07271144365676868
99bef954535737b8,0.12442920675302527
164deb1fbf6d3d15,0.09160846559006633
17f64dfc919c257d,0.07517002510168558
177f1a78be284fe4,0.07576487634496992
6575a6e55c3aa52b,0.11456485815032702
e1ceb3cf89c78b04,0.0923379004350471
2787d14ba4491e60,0.08915226060629737
47283a11f402ab9e,0.104836511742236
3e13ab75e759c66d,0.11836811312968366
565632830f202280,0.10273428875791832
c60dd36532e24523,0.10349921935291492
1bbb760f70ac35fd,0.07435656624145758
5952ee73f64f8e8d,0.09118562880138001
0d2e12deb5dc05bb,0.08596761547498913
93cf50cff9e70197,0.0965491687937616
71a0f1d3a79f9279,0.08497701333188765
ff1b97bfbc1de495,0.12443040538613619
152d66dccd700ae2,0.11355291556695186
af9475d72cb09bff,0.07546986319169421
50c6ae4f3f0c520f,0.14354980282078655
53277c274f93827c,0.11203549093142134
65c28bc2a138b604,0.13098724059509306
ab3f36de97ff5288,0.07257181170534668
6e673b3e05a86556,0.07282315671808619
29ade739f5ac47ef,0.0957486832146241
d6c96030b8564b06,0.11416821055156859
5ffe88ee98e246bd,0.07303867916439248
b75847a46dbc7758,0.07371718489052417
fd4f072e7db648e2,0.1241521889722558
3b600a791eee47c3,0.0961253395259561
3205c60644f3310a,0.07310945207962666
37edd7d198365da8,0.2296360063011408
4aed77bb42b6c35b,0.07282315671808619
70b9c5d2c47a6231,0.12735017910984195
5aee71b30cf4e773,0.07268215966562819
3b6034955fe901a7,0.07268215966562819
53f7e37ad065a1ff,0.1305111621505138
8249af221f0dfc62,0.07699119791121631
4a798f098b3ac80e,0.12533201169534883
7859a3365dc11f7e,0.11425460615106606
0d6ab61f58e22d8b,0.07478526576029335
d90f47b845ad8044,0.1071243713417899
908f76b67c5d77d6,0.07528302195520742
2e13d0c9efbac24d,0.09262028275794096
fbd3509fdc1e2fe3,0.07282315671808619
d0c07aa05dbee8c0,0.07435656624145758
e2066400c0c997d5,0.10531756410378042
9d002016fad484c4,0.2755208747931712
18105a09ff042e04,0.08309262899840614
97dbf62f03867f4e,0.10358264982104916
008e7b56ab9053c6,0.12405236017523369
e382e61b69858e84,0.07257181170534668
a02b2c12a9b232a6,0.07533645205449702
5d4eefc602f1a815,0.09748368966815721
8c8faef5bff7b3c9,0.07278511025411477
8ea4fb1f9e66fa76,0.07282315671808619
22a32bb8f8bde6fe,0.11054514513323145
6a655866f90d61e3,0.0985955586768835
b15548596622ebdc,0.08399660721847116
e6426b5a54e4a972,0.10575657681200566
2bb1ea15970a2de4,0.07271144365676868
5b2c1fc3ca8dca34,0.07289505326038195
b26bc3d1078e5a5f,0.07412735808011839
9db2f38d40ccfed4,0.07499345003804396
8481c054b0537a7b,0.11783218876840403
c4016925a614e39a,0.10549549941377195
a6145b00b87ffbfc,0.17382280387397303
856c1f1b7a16dccc,0.07268215966562819
5db9aa657576b123,0.07257181170534668
e6c91e69fe022b81,0.2661411254044813
18323213899682a7,0.07282315671808619
84aeda77a9eaf7a8,0.09066365844913749
60aa7eb39a1066d5,0.12790462174081915
011908fe41b2ead8,0.21268380412140395
95a236faf4cbd0c8,0.11414998606987647
c58d93928c4b43a9,0.07271144365676868
e3d5116d0ddea646,0.1265715247230852
3d33771711b587e9,0.12226557266560578
ca902179e21ff302,0.11376853945340445
4b2142ee3d149d15,0.07973569338967906
d78803f699e1394d,0.11350531103397038
ef2d9881a6438977,0.07292488359230898
3b5fc032ae2a290c,0.07495188535260966
9d5473cf79999f4a,0.091952679335181
9aefa72a94558b66,0.102737340170216
78cc36a16e5afd3f,0.08119927009561492
0628d45dc33a5639,0.11609092041253599
bc63ee6da23c5dc0,0.13315493881948812
5a69761001b7342a,0.08731863127870029
f5384c1b33a306d5,0.07470900780793606
9f4fb39fb6e8b6a8,0.10867937888600208
f7787ed37e4b9d05,0.11528457539088137
eecdd457b6c7edb2,0.11522447550901373
f36c01f2f7fefef6,0.11886840076536584
abe3d414c510a7dd,0.08899730512864867
d1f7dc9b905e0fb1,0.07271144365676868
a97c23cf1c8d474e,0.08931245627472142
fa77ebf418dd2361,0.07282315671808619
4fa91df3f09b649a,0.12196383960449389
4c40bd5075d26ea1,0.13346023322022924
559cb0c10ea413cf,0.10226770153594669
b07714f5d0a305a3,0.11331804126218026
ac26d06332fffb35,0.07476629970651337
f3a18a7976f15c5b,0.0741499431912111
bd610a8daf3173f8,0.07268215966562819
b4db2ea448a373cd,0.07268215966562819
a9e601aca0377220,0.12092754756688273
7580e5af192dbd01,0.23166768063462775
3b50e09f1d1584b8,0.09500416990138541
e752099897ef3c84,0.07303867916439248
9e556374eb31bdcc,0.10509965628724034
09bf3001382d4d51,0.07271144365676868
ac4f9d21db6d0551,0.08758076399167772
bab162c780dd5d3c,0.09362908861302363
1ac05275c95e2b9b,0.07271144365676868
ba53d76ac3815303,0.12485152579252044
731194026ddc8a00,0.11316226655601468
565ccf55ce0f19b3,0.07465290195373016
c610846e274513ff,0.09795800135186211
4f2f55e6f8f022f8,0.0878160245683082
171594c12d4f22c7,0.07289505326038195
fd9a29be83f07915,0.07325058860189769
0e69e13d2585552f,0.2019624143553759
8458a25c7d299656,0.07606035687197432
36510a7e2e8cf5e6,0.10433047578124877
4c689c2ab0b1e458,0.2337080968597187
bbbb01b896a60659,0.08763897918784852
95a6091ed902a1c0,0.09457682850088231
226f1fdbdf45c3f3,0.07435656624145758
b3776535f92034c1,0.07268215966562819
e136a41bbd9d2ebb,0.11998534335759037
2acab7498f95984e,0.07271144365676868
5a97d6bb500166e9,0.09016785078542973
53ad75887ce27a2f,0.07289754264212145
4bbccacfaab6a76f,0.09842600062125617
8d5dbeff654a20b3,0.07282315671808619
885918cc4b58a92d,0.09121648288480304
c33b954ec9e9d53a,0.07271144365676868
c73aa72e6960366b,0.08729017299993383
28c265c8e738031b,0.12570552547975566
16f59244fa16b9c5,0.11429355795197241
ab1bbd20f2288ef0,0.07475405157158937
21ce9f486720b00d,0.10734164693560067
ea98936cd5a062ef,0.10050060694617728
092b99905affadc7,0.11365104219126754
f8a1935cbff0e3e2,0.09225474206149098
557ff2105e2227eb,0.07257181170534668
e28b4c1e7eede953,0.07292488359230898
afcd2875196e3514,0.09471328783862032
622d0c5c885e5d67,0.0885913862443953
5ab123deb8c8e0b9,0.12649413977520393
d70f7077ffdc3675,0.10400900098686254
ec0e23575480409a,0.1098800469837107
c42b1312f2466d13,0.07523470514623773
58f7c9cedf508963,0.19831798831559724
483a6a2fc6820e34,0.07485913343890563
9a410bdaf99ab250,0.12691032969107457
27d8448c7743312d,0.09364135634061052
d22510648b60b80f,0.2801301572285941
cf71cc1d5beaf427,0.11952935630351352
b16d96c422e7686d,0.12181418839863264
f3bb00d62eddf347,0.07271144365676868
e7ad214e8e1b87e3,0.09781986376777119
a149a81fa46121c8,0.07496749150712967
954ac0304d013ceb,0.10773809513250525
5fb61c8caa291bb7,0.07350527545301896
b3e6b65c022e07a8,0.12310967774001472
014590f5ad393d98,0.0922977742373762
fd3098a48d0565da,0.07268215966562819
597dfb91140f7a43,0.07278511025411477
29c72ad86d92588c,0.07289754264212145
46403e8726688e63,0.07268215966562819
586f9bad93615a9e,0.16964483737935543
518268ad7eaad020,0.07780742071688285
eb68006674ff7853,0.09956815180784312
829bf94f3c7511b9,0.08448886379896253
472338feab38fd63,0.07257181170534668
e2eb7c00452da3bf,0.1062634696862172
264d5eac0a3db4c1,0.11388062959275576
5dd40ed8f6931f40,0.11221670005154379
ea07294f7b9321f6,0.10129617384062682
800d5b199211d908,0.08263355708975373
c26171ff73291cde,0.12930023434132215
9b039401395029d1,0.07435656624145758
149773fc93e82e0b,0.13414451326882715
377962b226c4354c,0.07501153598121399
b33ace47f8c9cce3,0.07282315671808619
5898aee0357167ae,0.07435656624145758
5011475bc46160b0,0.0738288979518417
49403fb05b28bdc1,0.125786567292582
d64f9b8328cadfcf,0.11908755915628594
8347b5a18bb84a35,0.0775645440134414
a72c9158377598af,0.0773601020308122
346932f67e7d808f,0.1030165734698204
e4962aaff0cf97fc,0.1049878480370838
d63549a6e599cc24,0.07268215966562819
d013eaf626e99575,0.09906093581455877
a7c0072db3d224b7,0.09424091171811566
b87493b15c6b1e21,0.07587818070725857
cd6d6ab0bf1601eb,0.08691044383296043
fc7b0d78438f45bc,0.09457119776023859
b53e88867e63ec5f,0.09516277899865822
1e1e7de7f17a14fe,0.08551398787615613
fff1df28cf047de8,0.07708585367800122
9a4279b8c94a438c,0.07268215966562819
d1a19d29c2aa4b9a,0.11750942895121944
ea65ca7ec57132e3,0.1140351984229982
35cc6e8b29ac28d6,0.17848646752134603
35cebb20cef64701,0.11322260276137636
03c27c6fa94b88b1,0.07282315671808619
654a7847a4c3d0a9,0.22109961430742534
d82da976d107c4ef,0.12111229360000544
0f7cdda5aab7cb9b,0.08762002162030821
511e61b096246922,0.07539938410834028
9bd56be8ba9524b8,0.11928394408895251
08980e1d210b6aa6,0.126421424790311
c84430f350b3a159,0.08849770496448016
152edc8f6b8762bb,0.12652553669895236
a4a8682aa22552a5,0.11607976905853434
5448387d25232e4f,0.07257181170534668
86b5af3c99c2229f,0.07278264493557679
a243c84e17ad5313,0.11372031837569674
1cd4111d9e2c14af,0.07268215966562819
d6596bfbfd4cc049,0.11952254711416035
5f6669357f9d2602,0.10639336852333844
8ce4d3415fe4440d,0.0874651050820773
b7804e0aef5425ac,0.07257181170534668
a68ac8503924dfd3,0.12118438711763065
0ee54a169cddc5a0,0.07697742889553258
91e67962d58a2196,0.09005533990165031
337f92313341198c,0.0871977444463133
62fdb17735fc24f2,0.0762588719873944
32070e417cceeade,0.09355032410653377
d10e86cc3232dbc9,0.22969752769027182
9e379ff80b817265,0.12998655014946783
cfff3503c56dab5b,0.07289505326038195
9f21d3f021ded79b,0.07475405157158937
5fe69ac7610324ba,0.08817415455456096
fda80e0f061a2a2b,0.09051518305130975
e5f50a39b4e83fe7,0.10631770413821828
b7ac8ea60b369ad0,0.07271144365676868
f4aefa9fc2e0d241,0.1879348307796989
0f32bcb05a22709a,0.10172613774397044
13334ae771ee01a2,0.11441144844087635
d2596a53564c0b21,0.08388517149670424
1a90578444c1c9a4,0.07447176106952663
38767f6c13ad1bfc,0.09002883468493067
8d312d36ba150056,0.07475405157158937
c4e9fb7cce4bc726,0.09501309732759838
9ff220beebc71a5e,0.07271144365676868
24bb5e20d933da44,0.09274059359361189
42f6ebdc63da37de,0.11051523301778036
39f065a3b51d8011,0.07268215966562819
adfccf4de2f8f9e4,0.07531192105089454
bb73756443a5eee4,0.0937059357041744
0d9c7ad016175e4c,0.08888210031736563
01d6dee3fee929b0,0.07303867916439248
4c94ce26b7eb0794,0.1040166917597237
184edb2637a41d50,0.0806801321683471
b14c8ed6d2ad7039,0.07268215966562819
efdd1d7495765245,0.07674242649547335
affe3b0f590fae77,0.13057240771306797
3edd7de677b91b05,0.09082601385505062
ba9e4528463c5dbd,0.09304565065577666
8be8330f2029f548,0.07499928784628998
df6e6d77a02918af,0.07683210978772054
33d9746c24d2c070,0.09088810893981267
e51c785618029ad1,0.12172709915493493
d53ca1e375f1420d,0.1098630376131178
d4133e84363708fa,0.12462936592929608
094a4df459f84f9c,0.07271144365676868
c95b97cbc9622e38,0.07271144365676868
8a243d50081a0a41,0.1068226364094074
f6f2fd05daf66b4d,0.07282315671808619
3b5e52e54ed29ece,0.11023813820764694
144d292add5f41e9,0.11095896732188114
49aedb77fa2fb4fc,0.10874266835326624
81e5d80b657413b9,0.11689237024585018
fb21fa126522b6e2,0.08916298931354233
3451b921fd37a93f,0.1096384515786064
e25080fc68263c8a,0.10901454439875241
64f0448c8bc4b1eb,0.07264457792879861
ed89496194aa19dc,0.09070237276709572
fb22f7c013b24779,0.1101202513905348
1590a07714e8a656,0.07289754264212145
54ae2ffdf139cc38,0.07257181170534668
96bf13f3fa835169,0.08608389831222002
559cc1345795571a,0.07367557146149133
325ad194b9f588f7,0.10860843272941222
13ff609306472199,0.11919804014362645
3c87f31b6953fbbb,0.07282315671808619
2dd14f20786549ef,0.1015857152546896
be72fb5da729ec70,0.07264457792879861
dea2b01ff6868477,0.09923574447510342
c7ffc036c6fcf66f,0.11403969204812359
67b0cdefddff90ef,0.09755318183966821
eb949d7c7beb6354,0.08937712201513243
72dbbe8ab710128c,0.11245496498542848
fe50a3aa77d27195,0.07268215966562819
b7dea5f446a371e0,0.07611127754595384
3b6627fce4fa7c6e,0.07271144365676868
5766e8d8c783a487,0.10262244526369674
818813e68f11c85d,0.0854894034762387
4efd1ededeb6af5b,0.08774943297192164
7339d8d336c0728a,0.09988845176072574
5932b86b513569c7,0.10956435541864329
667e3c34655efebc,0.12403936933064708
211cf2ea67620b3e,0.1201907663801788
73ddd41ae18acb03,0.07593142756768645
b7d7b9bb940bf7b0,0.12471412837928908
672de9994012beff,0.07479270198880034
1fcb989eab73caf4,0.07268215966562819
1a8eef4f4936cf0b,0.07482609161819595
181bfbae0ed5b503,0.07268215966562819
0144b06a9d5772ce,0.13157081519807481
a6d79b35c359d2ca,0.12879404835419353
adb1f5a83ffc8956,0.12791477064304121
7fe7578307634c36,0.18035332749872082
ef916f6bd9bbf8f3,0.10384282203970063
261b4b9303f16955,0.11513151931663379
bdd3d57f2dcbf24e,0.07268215966562819
87478ecab9990b69,0.08522099330479324
00903281b49f7885,0.2661411254044813
faa54ef489380476,0.13431743724840578
afd67495e65ca43e,0.07278372114285189
3cfeab5f2a521bd7,0.25791045202897384
f889243e554a57b9,0.11602970917249418
1633226e5baee1a0,0.1858570999712895
09429539f12260dd,0.07482609161819595
4642f19a02b65fbc,0.07271144365676868
454379600a0d58ae,0.11581706838767404
806b67c9407deaf5,0.07289505326038195
64147a091385f1dd,0.07282315671808619
410684a9ca496c4c,0.07268215966562819
198aca03e558bad7,0.07282315671808619
19112c76b72e70ac,0.07268215966562819
33cdd595d6f64465,0.07350527545301896
b678efa350251d1a,0.12938302919012162
2773ef74c8379c3e,0.12023950396698152
21a85668c56f4a28,0.10284242791827558
ad44c67c941b730b,0.07257181170534668
afafaec6ed7cb894,0.11184019845485468
7b2afaaec11da7c6,0.09407192551342601
14f8df83cb5fb959,0.11568186484312057
2fa6287a9d075ec1,0.08848786880840656
a20301029a5e8b78,0.10718718756879521
64c226150b42ee5c,0.1006060949998262
7012b66ec38b6038,0.07268215966562819
334a43b3d7746442,0.10639444331118056
3e39b50358f01b64,0.11120898982966407
dd424dd258080c0f,0.09865859932161264
b6815449a050c02f,0.07486924639965842
786b0bb1d7a4dfb8,0.07282315671808619
bfadd1b4779947e6,0.13379416803795469
23bda92c60bb92e1,0.11930979079283857
20f374eb224e1a7c,0.07282315671808619
04bc6e2ce35edb4c,0.12127650880284602
f5fe2d58beb86d40,0.09184986371565487
203f3df885ff03b3,0.07271144365676868
ac5388e6680db6ba,0.07278511025411477
20a190db150bd0a2,0.09360665732618761
03b8f432ac8e3226,0.0882679188161886
800d13aa581dc05a,0.10731956801309389
32ad97494e39788e,0.1234778633468249
762f69f875d0a0a7,0.10013412261156412
7102288564065a58,0.11681760173394667
a244d35bd0a46b86,0.1079484890212778
9fd85d10d8d80cd1,0.0776099390058862
cd37f417a290a412,0.11170218489930583
087a61efb373df95,0.07507106435723884
5cc1bb67fc9fa495,0.07282315671808619
38260167161be0f4,0.09923049113168815
377d6156aea5f7b3,0.11290119761864989
de73631ba462d9d8,0.07268215966562819
c6ad617675fc82bf,0.1224971485156983
53c0301b075c4edb,0.07486924639965842
d5d5bb7bc7475a6d,0.07723502532536033
2785f7c003032f79,0.0867037113880263
bacabfcb41e851d5,0.1187953605794998
930620d9c45cfc16,0.11677002996443994
a2253bc60bd26111,0.09243122064923073
48be98b0da47a60d,0.07278264493557679
4192611de72c647f,0.15989707424853522
0a3e55a0415cf1db,0.07268215966562819
94a41eaf6c166f8a,0.07271144365676868
65c588ff0e6a0940,0.0987434595227284
7316f0f5207cff7d,0.11755290484480181
fb48d6120d40241e,0.07289505326038195
83e835be4b7da5bf,0.07539093536817576
be007ff41dfe8e33,0.12934096895563973
ae762981ec3e2222,0.1460284076861666
9cde4da63a470364,0.07653055543196458
1e641e6a0e15cb0a,0.20789426505904027
f1e1bfceceaf5b3d,0.07271144365676868
b33a9dd2d6116451,0.11247656207859293
6a00f8682a96e6c2,0.07478526576029335
4889bb3fafff04a6,0.07278264493557679
d83965adda3948e8,0.12464990845164181
35ebd3eb17d43331,0.11676272684385353
4fddbddae3f8c321,0.07435656624145758
279f5d02ec1d4618,0.11077310055510702
18dc05e08437b19d,0.10462900391504582
fd5e41a3afe867c6,0.10223620662364556
4dfc9b4693d64425,0.0975351903272579
38efe84b2371909b,0.07289754264212145
d5ab3634461fbdba,0.10976413964673196
88ee52d04ccee47b,0.1112105645443342
311d0a7d1bc40182,0.08590684614433425
ca3eabbb86d9d394,0.10836125013314643
0839345320590491,0.07479270198880034
3166da0225b35bf6,0.09089613975061767
4fdcce92f68b7529,0.12818247229812146
4c0a03f188fa9938,0.08993102711879247
efd671b84d562241,0.07271144365676868
a1be96b06611a4a7,0.08933454614428465
7c15209ba7808ba2,0.12183236293273826
b4fb7e75679d28cb,0.11781352906562176
095adfc07a65ed27,0.08936308985063984
a19e6a028348c708,0.07268215966562819
bb5e510a6639b43f,0.09955862502745312
fcf27b9cd834eeab,0.07268215966562819
dd9e809656743e04,0.08286941215167536
9cf20fc9b8513a03,0.11868471772904368
d929256e10f5e94b,0.09433274494311666
c7372107d1356264,0.11899566481106388
fb002ae965e2435b,0.07774721044312013
891d7ae2edccb735,0.1198190588035138
33b3795f9d4a8ef6,0.07268215966562819
bd1c976bfd04983e,0.10157150296241177
22d26961eaf80875,0.1951156911384109
3267d0aa9600286c,0.10454852551924769
f85b98ab9c2071aa,0.07282315671808619
4b4c86d64f258caa,0.09560158045465192
af271d6d690a0b0b,0.07268215966562819
8b1bdd0f68e6ab19,0.07350527545301896
aca740ec2df56ecd,0.10551924184667708
66cae06936335046,0.11731093671270157
8aa96ed1f09b6e82,0.12399138893175418
fb089d648c0fd719,0.09534485146065814
b3b39f3310bed9f2,0.09324178997868467
4c9ddb6a1c08a7ae,0.07268215966562819
8dafb6cdb58233f8,0.1646122170617084
8512f25e0995f115,0.10838140660015172
3e89b24f6780dfad,0.11271371319310416
811b5cd3d60f8f01,0.09864352369135065
8cecb78a9a20021d,0.07777090638977474
c726d19506a1a864,0.07505468622585179
bb71d5690f654fab,0.11699729255367328
01fddb547603eef0,0.08757326603438953
c6592de36f791128,0.07863997904186867
ccde7fc6a8ec59a5,0.07461039294090757
ba6d1493e3a1c1ad,0.10069407097346803
7dfaf88276d52a5e,0.11280877925129981
c09d65931e21624b,0.12350716165089896
f9544a6dbd4caa2f,0.07282315671808619
b374ef23d5ca3b3c,0.08927325343802356
c51f8b67a66b5aa4,0.18800126128922556
4793cb7dc1d36c4d,0.11612371766510345
c4a77a4226cf0e3f,0.09229442522536258
11b46e06959d7824,0.12649637198193206
75083fbf03436018,0.10268290064856742
44cc96b7436e60fb,0.11624682066915333
9c78ab8c7f52b1ad,0.08307971638113792
27c3ba5b3d6374ec,0.07278511025411477
09bad77cec8a0ea7,0.09193970436072432
7e5eaee69f7e8e60,0.07446948301225592
9701beed4cb2fd40,0.07268215966562819
a886ee5f5e57d356,0.07268215966562819
43322ba6466f83ae,0.1185005083325651
39ac7a6c910dc826,0.09060940868756664
a7624810eab99b39,0.10355149946946687
27ce336c13dd7f0e,0.073412877368329
35ec56371ec7bab3,0.11716847425826976
1033972a8d27b8f3,0.1227632763975085
246fdf152b78ea45,0.07257181170534668
67db089b7a0697c3,0.07257181170534668
51541de4865fee3b,0.0836567164472101
2e0ffa5c733d2a47,0.1233309584431056
c307a7a1d2e93ae9,0.12495119221942867
60775afc974d2192,0.07957993159229629
1af8370aec8adce1,0.1126150837016366
7adaed59e375f94a,0.07542008558717017
d3f971f17d9ab0d0,0.07282315671808619
f1eff57932ef0f4a,0.11212494233472964
b41ea8380984305d,0.09089306293814585
dac2137cd3aface7,0.1166274421084958
48da40bf199dedce,0.07446827930277508
2c36f80cd8d50da4,0.07257181170534668
e45c5c285ae25a13,0.10413184132099843
d57fa89c692abe6a,0.11288481626336089
0d5b889f910953e2,0.07268215966562819
a2bb73ef62a1fa41,0.12703932444351476
161e450caac64b0b,0.07520490930493112
870239c07fe84d59,0.12654712416041497
1a510d36c73a9190,0.08693010149554425
6365e056680facbe,0.11459992194880791
7e5efd56e82bc148,0.07470900780793606
8ddf8d226ddfa267,0.07257181170534668
aa2927ee663efd7e,0.08034952837156145
1969a71e6c309cce,0.09814660952258109
33e3103e2045fa64,0.07278511025411477
79d3953d4c100b9d,0.20836869336657374
8a0bec565c237aae,0.09033311497581822
e7b2425696ad04e1,0.07257181170534668
1585c48da5187cc9,0.10882570678879733
b508d898d174eb05,0.11869104502070618
ae96ed3d88eb7aed,0.07554628329963331
3780b01a20d9aafc,0.12321743080705724
5d2ea0bc3f49f99f,0.1147385326100839
609566c49b16621d,0.07268215966562819
52a50658bfe832ee,0.10100471294253292
76655f684bc2518a,0.07479270198880034
507aa51e38d00459,0.07561943818241247
e7edc5fb783b818a,0.07271144365676868
3488c9b765c1219f,0.07289754264212145
60726ee6707bab89,0.12794086485431155
724b704c54783fd3,0.07268215966562819
23405c43202f489c,0.07667737244759903
0a275c8c3adc1e3b,0.07481128131922815
ad727a83295f79c1,0.16116085737037084
9fcd517a3727524e,0.09955519753471936
c1a15f34e5189a8f,0.10327819348564246
ee586308edeeb5fd,0.10647103422431878
61323c4c907b9667,0.11358714994917302
dc6ad9b2ea237556,0.1780720153819069
fc261535991f079a,0.07313679302981418
199f8696fe22e8f6,0.07605229389612453
80c803fed1e7b815,0.07257181170534668
b3645ff1881e6181,0.07435656624145758
f077bcf8ba579026,0.09413454193187082
c98984325495234b,0.08863160006452958
2b1acfb2885f0207,0.07350527545301896
58aea5fe94bdc9f0,0.081461464961744
13ce2e76f9ac9797,0.11205174769812842
585b1ae5f2fdf9d8,0.18892545847214834
c02d00f3c935fac9,0.07532814355055739
961c1ecf22020dd7,0.0867102323046124
34a2c0730076cd51,0.14171794885807168
f08c72208c842a80,0.13399211296284164
3d0365b300b08d12,0.126429256427972
7698d1646b1160a7,0.07475405157158937
46fe0812a4d6a0e5,0.07482609161819595
1992a8cfd9dcd0a4,0.11891723040407567
234824681fe92370,0.07492453025424234
66dae8fb83f01cda,0.07257181170534668
565a8741e734fb66,0.07619953935099888
85796d3a4623f1b4,0.07435656624145758
980c038df259aca4,0.08282292465836713
847d49fff22ffac8,0.13283613663238958
3ab579aad87803f2,0.07257181170534668
7c287939d256c04a,0.07554628329963331
9b56b63c1ce61e36,0.07282315671808619
2b2beb4ade849fe5,0.10855755360493495
ca97e3a639d0f212,0.0787071838598559
cdf0a515724936f7,0.07579318028248686
f0d9600d63271cb1,0.13550161677526695
61f6d6cd6e8ebecb,0.08546916249499562
66bb128d75c1a31d,0.09233910245937685
ff6ace3df2f93fd8,0.07282315671808619
174f6de5e6fd0ce6,0.12931485526494058
f629016e686c93c7,0.11354239190479797
8a5cd96071aee653,0.07257181170534668
47a56fcce1a48c57,0.1347924959787672
bc218a229f6dd8a3,0.07482609161819595
6700a0d8cc03fd40,0.1149763067374381
bf07422782deaa4e,0.18217818214948606
67e5b268a06fc16c,0.07470900780793606
775246a31de87040,0.08860776468304514
a8c96679585190f7,0.07278264493557679
85e8b073ae9d6cb6,0.11163587888023141
8d783fa9a84a2016,0.19988973821799852
afa9ef8b36efca27,0.07257181170534668
292ad72f433b2ec4,0.0747900541870441
543a382acb950efa,0.07481128131922815
97eee667e12fac11,0.07785238164485975
f1594e042dbd4135,0.07347599146187847
c4acac79bfd54ae4,0.07731951559231759
f1bc5cee7cfbe74f,0.08761315559453216
25e346e1b0340347,0.09072218498375087
53b71602a81f5c52,0.08879983428066306
6d2d4b17736e595e,0.09089654245203918
f652427f39b6f10d,0.15228045543676022
1437d0c59eca00af,0.07278264493557679
d8980b5b1d68a4ee,0.11446408794574905
442b8a915014e871,0.09650315413436433
6a1e5bce20cbbd53,0.135969910191038
ec75dfc7e578543f,0.07268215966562819
94cd35193b228a90,0.23199206060311914
15617a2281e76896,0.11027841984141148
ae22b29ad0d98702,0.07325058860189769
3e5ee530dd802ab2,0.07693427411407013
9304c1771978ab05,0.07268215966562819
635d5bab100147aa,0.08157227195326712
cf12cab6ff5fa6dc,0.10050635177613171
cc7ce49efd47f0a0,0.07268215966562819
20c507d578183dfc,0.11704458967632163
e29e2bc7c3e6ef41,0.17147371381160315
61e270d51cee0fe8,0.08930924740418383
a1cf27e43a150760,0.170775721004026
9bdddc292578558b,0.0744881819131316
fa0f0cb920abdb0c,0.11686002068576953
95dc87b7553104b2,0.13463303502241925
c268681605733a6e,0.09198604519223194
57f8444d376ead3c,0.11332707130975939
1eb08c4e2e2d0a0a,0.11162163794887998
65f04a475e60bc71,0.0957176654010786
54b86d86b2c582db,0.07481128131922815
ac660728eb9adcbe,0.0966512950458629
9dc70760c7a65427,0.13917031380650355
707fa7577b28c00b,0.07303867916439248
dfc0ad3ac006f7dc,0.10749474856399585
d02c60d97c52824d,0.07271144365676868
68735cd4123d2c31,0.2030713511460472
e7fa76e1a52159ec,0.07275563755160044
8e2a48702b61cf4b,0.07268215966562819
7b4d442d12660d2e,0.07482609161819595
1879fdf1618adb5c,0.09808693178046428
28331b7b0b1598fa,0.07303867916439248
c27a3cd35a718f85,0.0901366793511523
003398b630719a7d,0.07275563755160044
70b9137733db97b6,0.09310595304546598
f0ea5635eb777479,0.12442114768925323
e80ca1e08210095b,0.106088056431527
033b8feb5aaae03b,0.07268215966562819
ac6a54139c7c9d37,0.11503557429218521
ebc95757b2947172,0.07402549490365293
2fcf426035785728,0.09214927331621259
78996a14f02ebbe3,0.07264457792879861
a87e26d221511c94,0.07268215966562819
c5eddf448403ab6e,0.07268215966562819
e8da0e67e35aa293,0.07686455747393564
88b632eaf9356d3a,0.07499928784628998
85571b011c6fcfaa,0.1379935755899726
9013d63ab473f952,0.11094356121798149
960cad37cffe68eb,0.07537940472693785
e247eb8f78f75a9f,0.07435656624145758
80eaa51c4c8a00ee,0.07257181170534668
35849a3326fb87fa,0.07470900780793606
d95e6b933db44247,0.07271144365676868
c8d99c2ec6082321,0.07257181170534668
c9aea5e1048b2e51,0.11288990889737921
e01947dd147cbbce,0.07279519569847603
ae79b75a13c928bf,0.07271144365676868
ce571fad3257b3f6,0.07275563755160044
a95633f51ef3a7b0,0.07289505326038195
297c6928439e696a,0.11788460164011039
a4d78fd9f9ffb303,0.07745414250449995
2dbf5dac4bc14af2,0.11091273897817135
484f57153280140c,0.09631350679323307
db3d92a2887ed53d,0.12535349238607826
0fcc2eaacbd92a61,0.07282315671808619
3b06de421485ddad,0.1124853888114214
3ab1395e200e5b42,0.10996739443198178
8b607b6592065a8e,0.0754521715559836
a58b1c259179dc09,0.1343370235702569
a84f2ec64cddb96d,0.12051104903510337
794ec7ff88727529,0.07607260500689832
7bec4fd7e9a158f2,0.08419833014726003
bb364b5bbcd978f4,0.13482785534868041
89b648a5f0f0ab12,0.10583461505163783
63de8d6c54817aa3,0.07268215966562819
f379e9f71ba0c23e,0.09414932865686632
a4d79f83a661fa2e,0.09970829309433688
211b21d15b3b91a0,0.07475405157158937
1186f6b426beed22,0.07526871919662939
8dbf55afa93fb576,0.09985572771066714
4c37d40f77654769,0.07268215966562819
282449c18b62e5e6,0.12024161190841709
12472f1c83854116,0.12301640130111652
eb624c530d058714,0.07558223241781636
916aa0618dc412d3,0.10369495112850044
b9f7f01f0c234a62,0.13350676678815104
d6a72e0c5f8c9277,0.07268215966562819
888195334e946eb0,0.07268215966562819
f1aaca6b558ffaf2,0.07601562904102205
cfd7c6655e63d480,0.12894831977141696
d54c579db2ee74b5,0.07268215966562819
3d05c28ee2849928,0.20393986587892007
88653ba09b9797ff,0.07257181170534668
270649bc52035cbd,0.07257181170534668
164c0240a44d6755,0.07541306340183898
71d79d68a2b92f27,0.11336016126771462
9bb25aadd2b3bdb4,0.12645205551319516
b3c62935a53d8997,0.07647413242752332
e850d24192f9e415,0.07289505326038195
0834b059b33fe386,0.1279450183695176
57cca7c7ea10b6ab,0.07478526576029335
39483c2d8174f1ed,0.12677120899970784
4df07eb70c71ec51,0.13124795874112247
771b30a38c390789,0.0911064373785481
65037a69f9336b3b,0.10137033452276178
97bf39056279f7fa,0.07520490930493112
1a2d12af54623039,0.09141756320362791
e649d739e4cbe4eb,0.1924826071221721
7c35e8ece8dd52b2,0.11755798829900453
4f679f800c6abb6d,0.11570629168447624
42a8a8ccd4f9f9e2,0.07268215966562819
662eb31e5ca29cb7,0.10238007205496884
39a75d0fc9a932b4,0.09277776733713047
f80b6c96f9ca16ca,0.07257181170534668
d1112438bc117eb4,0.09445666320269983
2a23256f8a1b1dad,0.1073738872564462
e3da84e292717dd8,0.07673118197525511
b3da0bcad91df631,0.12556594328986795
b7317d34b8035aa3,0.07677238657075744
263b44530f890156,0.09316303884530534
4908216a464f51c6,0.11913779663553117
d0b576af5fedd973,0.10469337679915955
d53abab056eabccb,0.11389281906865219
9947a71c07c08013,0.11125504287623572
e3f83e6765042b60,0.09636181483376384
b5e1fe2cd612caf7,0.07522450841536432
2c979dd3ae786b0b,0.07268215966562819
37ebd133842ac652,0.11726208599376342
8d7452fc00bad24b,0.10789662498448693
be4d73360ad37873,0.09594881346861657
40b14de62d50cd96,0.2643078541925218
e8b95e5aac14d285,0.07275563755160044
545aeb4e5c2808c7,0.07769477233756654
3ea943e815e609c3,0.07446827930277508
9c3663c00fb99ff6,0.07535689694735509
6806a16705d54743,0.11555971072074517
9658ef3f8e3ed080,0.10774814940104459
72aca7fa36feebdf,0.1018381016685449
dfe86e43c4930991,0.10438444975106334
4f82ff5b5651d2f0,0.07468211920747625
d13da56afbdee207,0.10079173793586624
0dcdbb940af66121,0.07271144365676868
0e09773245767eac,0.07435656624145758
b186bc9610e2b533,0.1253636461949023
d54841a2e0a4cca8,0.2557206750055207
166c017caddab251,0.14804363577195184
a23f0288384f2f2d,0.10301845040382136
4886d310e5914363,0.07983288505049069
41edfc6111e88f1f,0.07292335309427389
0f33a4c86170e40b,0.08754187707217612
19bac5bcc4414e66,0.07278264493557679
88ddba34446d1ade,0.0775037289991462
a8dfc97deea7f5fa,0.11520893452494285
fbe5da4001a21c4a,0.07268215966562819
8ea535444187b6ac,0.07357647673182707
1be66765efbe9174,0.08952503751097113
05f16b595e33f77b,0.07527409333358354
3fb3259efef9eda0,0.07361698851433648
43836f5657b092dc,0.12437912061114254
26ac42441170201f,0.13577247793121977
12a4ec2031ef6174,0.07271144365676868
d8e7f33605a80ae3,0.1034019097369819
d6bde3bc380d8735,0.08831101489971904
9e0c178f3e852551,0.1319043808185736
88a6149ecfb1f651,0.10156215067047003
54a33fc8125490a9,0.07716795284548747
2930f4f063583542,0.07483721981610592
5092541f5024187c,0.07528450429277914
e78a593c9b385330,0.1026772002107299
a09be3a8eeceee6f,0.10991996730214569
7010ac1b44772de3,0.07601888497009823
49a17880c454c7c3,0.08447016663686513
4e36cc0f1383ebd3,0.12224622395434798
ebdb25864f6ce1b9,0.07346366202398612
bdb72360a5581c6d,0.10180195548455212
8c698e0fbcb6a090,0.07366650656772193
9c350ea7550d8378,0.07343840972504889
a8b88f7bb8ca6361,0.07479270198880034
3d326c98287fba6f,0.07601235745541499
f42c01d8b045f708,0.11544948462597379
8e5d62b3ab696aaa,0.07268215966562819
6224caf3c72e7ee3,0.09890384143747023
926fddd6b2ee63aa,0.07268215966562819
922cf50522b3b88b,0.11512410268725476
7d0fb10204af6166,0.12227389290296842
1a76fbd031e39a6b,0.11240975984425494
fd68ea29d356dd75,0.07336564350159698
03cc36191251ada1,0.12730945494375095
99b5bb0b92d8a55a,0.07278511025411477
aac02a9d632924f3,0.07268215966562819
5d220b8e18201d3a,0.07533645205449702
14fc1d6fe2d4e69a,0.1217810850649718
35e119f52196b1ba,0.07275563755160044
40f1234b5a30403c,0.10070246913609855
d59ccb5d557c022e,0.11366471851827276
0c385e728de38f99,0.07587818070725857
f8683477a2ab2ade,0.12127668460958721
511fe8f39056b9f0,0.09111333655084705
c99c5d897170f156,0.10422793227142613
9d753071d21e6c36,0.07484052932024499
9e9289f66961c664,0.11188792272428644
5f8b0d75fdfecea0,0.07289754264212145
9dc13c482e059e6f,0.08491902051738762
3f87fc97c66a3191,0.12931847701786434
1b3f3ffb589858e3,0.07271144365676868
5358785efbcfdaaa,0.07502260025703837
57193bdf5b9a6b42,0.11593054685602588
4ba6c061c5bcb057,0.2511074071742947
218a85cad268eab4,0.13288679272535742
f93dbe2cfff78101,0.09032274388612237
a8481146cd533ccd,0.1115775710264911
84b0e8fa750b7a33,0.07584438830716947
fdcc76060f099b01,0.07257181170534668
300a47eca14f8974,0.11124737259674242
14218faebac40dda,0.07542329900449207
6df2c2d2e3c3a7a8,0.11978979544581221
73b49cfc1f3e9dfe,0.07282315671808619
7f686a76e0a43e5a,0.08443384631318246
bf81324a27520bde,0.09641084410824066
f5d463ec64cf0b0d,0.09066205078339801
7b0554b8ca04f697,0.07527409333358354
e1b2fbbaa6be8596,0.09431492857535659
1b881aaa4217102a,0.10362237211944197
c212840fd1764342,0.07611127754595384
ef314439dbb365d6,0.07357647673182707
1772dc13f02d39b7,0.08885768442406376
b9ed04801fc7a354,0.07475405157158937
105a3d1544b0f94b,0.11391137359812711
78654baca9d1378e,0.16294674229592152
9bc2056512b6d4b6,0.07725333105908881
09c4cf78e2e7adc5,0.07643812361229721
b2555ae21207d05b,0.10369333307430355
ae348fe15c764802,0.07441379598909635
f0124c71b8a4ad33,0.09585043604299132
b56dc4e690b38942,0.07465290195373016
f780521ce14740f3,0.07282315671808619
dc6f043604dd54fe,0.07708302483191301
e07db4ab9d64f3ee,0.1108063504731649
8afd23b140e4bcb6,0.11430653385686267
11bdf36dc7a35404,0.07371718489052417
4996a5c048b055d5,0.12166592077489469
623d8021b7d32292,0.11249838537274978
9eaa2f70288d4b3f,0.07482609161819595
9b0054be7988059a,0.0756382839709133
3952d82f6df456f1,0.07264457792879861
8533f9a63a9367b1,0.07971084900101191
391d9fb2c3bd6fbe,0.07289505326038195
101b529dd70a1e11,0.08433071806833309
85b19b6a46b45156,0.07268215966562819
a4b17c05d90ca2b2,0.0893138961709346
194ecba02d51bfb5,0.07350527545301896
20a12da2d8890e93,0.07271144365676868
2df9214ba1de660d,0.098138853365075
bd7e307eb75933e1,0.08931958585235564
5e0b0dbe5ffe6e83,0.2801301572285941
bf3a6cfc9a1f3c80,0.07677238657075744
82ae8090ca11b2e6,0.105176432955254
4901ed9747386ca7,0.10600756653577303
53084b49be13c52f,0.11995695100446979
0263cc51aa1acd4c,0.09147079351717122
41e313f2355b137c,0.09654466040704521
51a37cfce403f12f,0.07486365587291688
df4f484e6719459f,0.07532201558437415
de7f255e061d07f9,0.0935215458155049
741683772f1576c7,0.12026903741729333
54c7fb2af01e96d6,0.12620321863827189
24c542dab399c685,0.07268215966562819
a1230bf06c58290d,0.07475405157158937
900e15461a12870f,0.12474329205298346
c089536a25834f70,0.07339380993804884
afc3286b544f0040,0.07635087265867438
c61465243a2221a5,0.10860722804907857
cb1f20d4bb93c243,0.07561943818241247
30725d20e5558b56,0.07775278876337605
94ce3e10e75f90a6,0.07289505326038195
48d0b89d569495d8,0.10035258791725575
ff1ad6d36283f697,0.07522450841536432
72be68b75d2c814b,0.07271144365676868
e4b90062b12b7030,0.1274014076805283
d6323a665e446722,0.0731685893689745
2d37f4baed1667c1,0.10587061905839243
05781aee37a18dac,0.07493143240581684
de24d558a18a9f32,0.0762251077902949
cb44379989560ff1,0.07278264493557679
eb333ca8ccdad2c8,0.07532814355055739
1d5cf29e044bf468,0.12284098673390988
172401cbfcd665a3,0.09973073433675717
8247761544773a90,0.07257181170534668
5f2c0797f7cb831e,0.07275563755160044
a7edbfd2acdf8ad0,0.07584438830716947
fdcb685349aaef9b,0.119046013329166
1568e5a308c50e7b,0.12033417320978608
53f5f1c7014efbaf,0.09775846224962652
e992034fc58854a7,0.07482609161819595
b1fc334e48e20c8a,0.07282315671808619
ca9f6168acd90b8b,0.07268215966562819
929bd47a71c6b958,0.2000196349614817
f7ee05e2b2ea34e4,0.07523986717374495
2f3fdc90e73536d0,0.07278264493557679
b43f6d156041778c,0.07278264493557679
6b0740f130757056,0.07510837918251806
9f1200bd8ef18393,0.07677238657075744
bf0849396acf9180,0.07264457792879861
58f62b02898dcd7c,0.23125755431423514
825b360a284d4a2e,0.07268215966562819
0274228343b0c7cc,0.16861169908125467
746ca6b736caea7b,0.08254023974608002
69cadc81ce7e015c,0.07500787827103939
295dc3bdd969b7cf,0.0959007397519715
e0c7aeb2471c9ba6,0.1317085231092064
a7c128e7baf08587,0.08753681080096504
74ac5ce19092de45,0.09276205592539957
5642496d768456f0,0.1268575994431189
9568d09b37d48147,0.11437029229567636
687eb07ac1ec9aba,0.07715365928081547
1131d59f818ebfc7,0.07441379598909635
70d46c4ad271dfcf,0.08665656610778633
333d8235e3bd1acc,0.07478526576029335
f9dc0ee30937f393,0.09409522842565617
e2e48b863ea7d61c,0.10781887579563582
96ad67d29a15ec47,0.09926114668510339
998b0ea49069c858,0.07268215966562819
cbf500fe483dca27,0.07484052932024499
32889f39f5c7e4e1,0.07554628329963331
f87241418df6147d,0.08700147930933386
afed174cf13b9d7f,0.09015498449397996
d52f3c40480519e8,0.11604053297321928
67306d595867bdca,0.07268215966562819
dc439b5c79486948,0.08767101947699599
35089dcee9e9ba1c,0.0738288979518417
61b5d6ef5f241490,0.07289505326038195
45f5713dcef10264,0.0887531751688752
2a3053d58302242a,0.07289754264212145
0998f38d4d069491,0.11499932945480516
accc2c8ae67e6063,0.07268215966562819
9f5292cbd3806d79,0.0748657646329069
1fb85b95e91ae45e,0.08703147389472712
faa0394464cef2e8,0.07282315671808619
af95309c63fadc79,0.09039600756983635
b8b45d6732b08fb5,0.07531536970545744
66966f55862259dc,0.09023525973860899
608333309da6527a,0.1180172415709422
36dc5921a7d84ed1,0.09149908984041095
27813742ebfe2b33,0.10837597290829577
211d5db960ca61c8,0.07282315671808619
5b186ac0d11513b9,0.1989159410579203
832d1c008bc3ef2b,0.12083518982726422
7d4e4f8d7d40dcfc,0.07607595506299175
f0dfb22c3a27665d,0.11420001221057645
407451c452cc5d17,0.13416295429388217
56928312feff0ba3,0.10500385505925695
9454541a6582c13a,0.0750968469015014
e6e2f33f21d593de,0.07264457792879861
eaa2910769614f8e,0.07257181170534668
127bd9796d970cc9,0.07679826662089617
169858f0ea055525,0.07503469566090687
47a3a9c393a619bb,0.07271144365676868
d25e98683c74aa8c,0.0872535340506641
4f2ec1f813538809,0.09636968333252308
8e5753d72777a9ac,0.07905135938217361
d9cef172341ac628,0.2692108492712037
d2c6b2e087495365,0.13560748743116324
5aab483da67d16b3,0.08676414576896899
ad319fa45d964c5e,0.11253728264343027
730d677b8c968e37,0.07530853526305122
b1e38b684248bd0f,0.10411339242224246
ccd097c32d7ca7c0,0.07749697779122294
4cb0f5de29f8b8a8,0.09554021214836517
902aa8ae7819a527,0.07282315671808619
36cc1fd78eea46be,0.12100250975585003
5b8a6b0aae157e06,0.12300961778298444
d371f4cddd5ab580,0.07475405157158937
a07311ae113f1cc7,0.12248150213327609
8ff382f017152a6b,0.11079783038301469
bfe18fe096f61209,0.07523986717374495
97f3a3f55f767d91,0.07484052932024499
a4058a2e4bbcaddc,0.15013286197041023
6dbcfd20040642cf,0.07257181170534668
42a6b3c10ef18f02,0.09114800237508047
9d7f6f4e136504fc,0.0747900541870441
0165f411bc818cb0,0.09259107879556305
bffe1b12bbe69fb2,0.1010997913331895
e01b40b1d6f30df0,0.127374092591908
3201c568d1d26470,0.12327552262151582
0affa4eadbf1db83,0.12947681296657074
ddd3b7b0ab9f40d9,0.12735540575678145
ec738c2ec1bfcd80,0.07268215966562819
906a954f8e1fea07,0.14739558781374446
cdbfc59fb04fc180,0.12496806624174542
2d4770eef88200b3,0.07275563755160044
3d18600bcebb32aa,0.08757326603438953
3e050322f92541d9,0.08312622403968331
1221e13593768788,0.0752862023501861
e7ea980a9b3cc8c4,0.09550577733952359
398953f786ac4845,0.13230734743136033
e8efc32edeaa174c,0.11748721236945572
49f061e869ee997d,0.09521673305065337
17668415b4ad9f20,0.07561943818241247
81e71cda520c7c11,0.10968534412161
7c48e5537ec69161,0.08285062542747393
7b6ba45bf7c43e21,0.09003401363020885
9cdc08694020bc45,0.10134517426652996
60a026b4a766753d,0.07461039294090757
719db72fef47ca30,0.07476629970651337
c0b5b808eb068fc6,0.10702315974544348
b20616efa1e51758,0.07268215966562819
d1c2190b7e54ae51,0.07257181170534668
88d71cf388b60bf4,0.11105527539512752
c2394a42025bd869,0.17502726402734747
19b165b652dbcda4,0.1263658190407133
c17841139e5914a5,0.11960361601962122
5549a53bbf9d24be,0.10694938894531936
2da830aa5b2812cb,0.07517002510168558
fb36e8ea3112744a,0.09376297568655016
3dcfee7f0efc084a,0.121469545693305
16a97d3860c22e1c,0.12359762588116428
6322b2e3f7dca7db,0.08605941746559445
a48ff3331f89fc6d,0.09371011071525834
e07a96472008d97e,0.1542501747108119
42af4fb223127bc3,0.07325058860189769
4aa484762f1d25ae,0.10614919038560212
c414fb964c9cbb8f,0.11075874167564033
397cb89e6ab8a959,0.12815040074582426
2e9d9d9e0a6af0ff,0.10343946990917727
fc32ff9c59a22f95,0.07268215966562819
5783d334ad7f831b,0.12012993644279052
dbaa31f9fbbb6219,0.07492453025424234
93eb228beb06de30,0.07271144365676868
482d6bc5204e5ae1,0.07479270198880034
7128efa4863f0362,0.09578013168894843
ba5809f410734a94,0.10392550008823385
a571eb5010a2e299,0.07502680376553444
ad6cdd09fea09683,0.1164109120868402
fa9d2cf12e72efce,0.11332551442599118
a8ae0f9ef30ce81a,0.22681251791883242
3b234a17219db0b1,0.07528450429277914
25b24a0734045bd8,0.1331032103109412
771f41a483c9f8a5,0.09977309991014259
22a6c4ec274869d7,0.11736880883858378
e48895820558223a,0.07289754264212145
02c11767f29d0426,0.07257181170534668
d686fd200c65923c,0.15477549503518517
adfe117f01ca698a,0.07268215966562819
69f3b49837e76dc6,0.09099578104685258
2e72632e2ea73631,0.07435656624145758
3207b91e24e27568,0.07571271025244478
95f22517cd16a7c2,0.08600443773567118
543936caa0e83a72,0.07554628329963331
58c5c659df736b0b,0.07289505326038195
997b65e2ca34d529,0.07537940472693785
75bd9c566434eae8,0.07492453025424234
14088d0f66d091e7,0.11389558889720709
4014d97b63499622,0.09892973666537423
f9d10471eb47111f,0.12019632389695059
545fffb7628e26bd,0.07268215966562819
9c45d75bebd4d820,0.07268215966562819
f710caef77284ef1,0.12346410775845902
e4bc3c14c4f4b1a8,0.11864317545096978
392b17be6354d3a9,0.09091147517085899
9cc8d07ee090f377,0.12789478342519675
b2fbccdb690a2b84,0.09746263879676767
291257ccaccf9d11,0.1163278327504024
c9022a6ee3a5d7d8,0.07282315671808619
19a688707e160732,0.07268215966562819
84bef4f5323ebd93,0.12083058614870702
a3e5e1903e0e9682,0.08848786880840656
3b0297530613b732,0.07282315671808619
ca0fa3062d6f947a,0.11716844603052198
aba2a7eb167c6548,0.10654683068401702
7dace0a49f811059,0.11365013474922629
522ed32d9fdf2d72,0.09663988943855811
8771c418cc219aa1,0.10617706905329768
1b8f8b528f041137,0.07282315671808619
a9112add272578cc,0.08869140419568958
e722b584b816d2f4,0.11383331116367967
324dcb8fa3962b96,0.09351780046845963
ee84f939a7ab4e14,0.11791827180634054
f7a5683abeeb512e,0.07499928784628998
788dec8bb41081b9,0.07264457792879861
20880910f50c0159,0.10821830869223054
a55d2babd6ac6e05,0.07303867916439248
7c5af2b41b2f1889,0.0947085843171685
af9599e0e687edff,0.07607260500689832
96de608fb997caee,0.07264457792879861
ef99f60d68f58a7e,0.20291845214539386
59d2159096523cdb,0.1956727962221837
606abd74dcfa442e,0.11327958698619031
20fdb4917e7e9401,0.07465290195373016
a3a5ff27339bb075,0.09731291010840909
b5ecb5c63b48ec75,0.11865287693430207
0a039166594e063a,0.07257181170534668
62bfe04683f51a3c,0.10658259966590379
b430c4d5161b59db,0.12943598544095525
a385f4145be5f5d0,0.07268215966562819
904e0bfdad64bd43,0.21500200585797438
0f4074528657c491,0.12574910742309603
39e4468b2f4b7935,0.09739205803565883
9125b00413b353d6,0.07268215966562819
fafd8063bc5f5cec,0.10805882455857874
6b06401ff364064a,0.07268215966562819
e5c9addac3faca6d,0.07303867916439248
d12807d748517f6e,0.07519904131584232
828de307532bb29a,0.12769494413257404
2799da617b3128ab,0.07282315671808619
7b6d6ea6d9feff86,0.07257181170534668
0627c402fd75fb9d,0.12893854917187975
a1bb99f3b749279f,0.08005212711346402
ceac2c53c27234d5,0.07268215966562819
9b3de1b793447910,0.07470900780793606
76a426cfc81a4d2d,0.12987542738017774
abac3cc21ba1b309,0.07271144365676868
4e8b9323fa254334,0.0958888163239886
1a4205578a28486e,0.11937571087673939
fa7dfc3f7d4a1344,0.12396750953212596
340b1651b36c8645,0.08604567259216475
73cf2e26157ed703,0.11474034785527897
87add43c2ce1b06e,0.11122012263456466
01717bfb5b3542c8,0.09688358497648694
70ca05c9213444aa,0.09169484052227911
0684a9a80bfd34b3,0.07479270198880034
8c2ae373e2809c29,0.07622212568076189
331341a7f1c33272,0.1007690379960837
97078c12c161c701,0.10618457563474198
4ddffb1d8861cc54,0.07289505326038195
2dbc5e3027b4817b,0.10376694001426275
8fcb717c71bb3cfc,0.07435656624145758
58ed220fa88a029b,0.07264457792879861
fcad4ebd837b0031,0.07271144365676868
0792e52fe2c9b711,0.11236259381549088
576de6970c4ba90c,0.11974579497083535
930888a00b16e315,0.10660953420177233
bb00b59f720aadc8,0.10525193650220857
05aad23e028bea27,0.09143164238599434
0ccaef7346d2eebe,0.08521930098652089
bc31c0a97c89dac1,0.11533098423435453
239478b0c695aad2,0.10140024470138306
6d59238e91d3c6d6,0.09172838555204732
02b6f6002980042e,0.1175847180997273
0164fc5fb575ee2b,0.09184453742508164
d8ba5ce01fe8a09d,0.11671503499797015
173b378df818b167,0.07257181170534668
7f5edae9b09a208c,0.11593912290564584
0b5662c2a594c20c,0.11426563273459006
55ba1dbed1a641ea,0.11788184524987669
c944ecb134192652,0.11682153851858591
3984b7d478aec2b1,0.12759741078091918
f6ff304e4f459ab4,0.11736287226295611
a49951ac9b42ceab,0.07702344185547758
4b48ddb6a65e584b,0.17356861500111445
624009526008e265,0.08554733758222988
9ca1f3fd0ed031b3,0.11058011556147893
dd7e10345355a17c,0.07788100754668228
a324ae18d57bb12f,0.12490441324184047
f3aede6892999fdd,0.07723210644656625
798f779dbd13fb6c,0.13605224870858848
21481b4c28f91b47,0.07271144365676868
8529066c088169cd,0.07268215966562819
7e93ed2093de4112,0.07484052932024499
51687c7ba8a553be,0.09571577666276956
4ad8b585409698e6,0.07268215966562819
eca2dbbd4829118c,0.10869821012032257
7a9bea3f50549e57,0.08997375793332396
e53cb4d81fe012e8,0.09445110218218747
25e3af07b73ccb43,0.08997317352879519
939b59f220b94ec8,0.07755866267469191
9618c75bab14bdc4,0.12210146651849751
2ac483615d4696d4,0.12682736552889856
b357b45b22852d5f,0.07268215966562819
eed158b983054ab2,0.07282315671808619
25b699ec3d33020b,0.15888604424240813
fabe692869cbf6a8,0.07292488359230898
e30cdc55701f891d,0.11419160858495511
4e247c59738e0754,0.09499288030950048
eb6c93bf83ef9f01,0.11231588909034486
4b2a51b89182eb2f,0.09769912877920393
920800c7a752c35e,0.07257181170534668
00e3f3638706ad20,0.09376936473132055
3b68344f608e8cf6,0.07271144365676868
bd0092d0e87dd02b,0.08787737404759136
d3020752ddea13e5,0.11928840438515792
679a41beeaebf503,0.11118751605862863
7fcec9e71dcf18cc,0.07482609161819595
735724a234bf2816,0.11097730759723562
31cdf3e24ce53af5,0.09572936951219135
58b83792be0f6321,0.12496891390609713
2a84a58cf96025f5,0.07268215966562819
9fcedeea63586bf0,0.11029809848623143
d9de7aba8c682fda,0.07282315671808619
08572215a3892815,0.07912161755357888
b488884763d551a2,0.13001942437110642
c30e80405d6e58b2,0.07268215966562819
0c86a250e70f6eb2,0.08914648599460018
a11c15fcf4597f82,0.10681160566339507
2caedcb4ee1a4103,0.13857816059027453
f91d05eaa3df539e,0.11399198384389858
8bba0a98ae140af5,0.11803101991049966
a987e81632676043,0.08693704587743625
f50807d17b5c038f,0.1257512357550459
ee12454070596716,0.11616627987384588
b6e0190c3e5766ef,0.1467441249533577
a57b30735e272a29,0.07268215966562819
ca66fe2ee058013e,0.10847609920908768
1969a8349757d32d,0.08865914197217213
a5bad4f4702eb96b,0.07435656624145758
2f4ee5ef7a9e32ab,0.11727194091912617
abb1f9350d96ed70,0.07464338947039413
8a663152856f606b,0.07268215966562819
5965e2be33eecfc3,0.07257181170534668
75414a1e69d6f205,0.09176831280748701
0d6362f82430762d,0.10654995871263866
cded8976cdbec569,0.10457892137268167
2f21d9cb88d7004a,0.11477949694330275
bd0809d01c93396d,0.12284628232835781
d368fd4152e904a0,0.12089522765034562
7a088b0bef4cb74c,0.07475405157158937
dad9460a25f9913b,0.128789251143298
50f138449e3fe2e8,0.0835479154560208
53eecae41b9614fd,0.12938119061716613
c88755b5796bc0c9,0.11510615928454489
1b2bf22690f55b23,0.07590756297510592
4c0b6078692f7c89,0.0970384485078433
d310596293c8f04c,0.10509273118502284
3a724ceda4c76f9c,0.07257181170534668
57c2219b4f1a0a5a,0.11051031338771367
6069a9ccdba45516,0.09016601311713718
504a8185dad726d7,0.08757816093313228
c950477e87d58094,0.07528450429277914
9f1e86207b2be555,0.13246455737593876
69051b19215e3e0a,0.103997912381101
7f70b72d97083c7b,0.10398555783438387
61279ec74a6d3645,0.07807139266895026
4a35368f7daabf53,0.09757775082155593
8730f5f1237b818b,0.07268215966562819
f9492b545b552f5b,0.10867111381182681
a5e99c4117b486a0,0.07701006310139165
c10ccbadcdafc1cc,0.07268215966562819
e0d15a865fdfb988,0.07441379598909635
eb916f460ee1b545,0.10484518092823682
1b7bb61fe350c5ec,0.07369137443837173
03e5516590f20096,0.08529008474961841
18e0a9eb3145a82b,0.07472410323253825
39cab30b8f09a081,0.23092679975664113
dd47b13d3aa2de79,0.07278511025411477
6a431bf1b07deab0,0.12404140020577131
2b0db9b43f8d905b,0.1082047253518142
363b638b117d0e37,0.07268215966562819
87518c28a26f4d41,0.07257181170534668
3e73b6c86098ef20,0.11485656341173998
f7580d024f627389,0.07637623143271693
626946bf85055423,0.07271144365676868
1d4ec81574db910c,0.09563855800930182
eb3384eb6ec0ee10,0.07282315671808619
ba1a0a18164d2ed4,0.07405369148277229
8736a356e18687f9,0.08761610603504077
f66ad6f9a0d13057,0.07945566667354603
6781beeb2a94c80b,0.09175069065409176
45ec50d9e9b762dc,0.07292488359230898
f993d49be31858db,0.08997588709447163
68630d40b3d8c8a7,0.10616113943751823
790d0e863cbc896c,0.07530853526305122
6b9f40e1b5440454,0.07268215966562819
5bd12aaf1d87cfb6,0.099789273157809
9593f8af8e49622c,0.07289754264212145
7787873ef39eb65f,0.13335422339165912
3b43be2428bd133c,0.11917518091205334
51614174133f7405,0.10474240487252924
90ef1be7933c7d32,0.07475405157158937
b9b0bc5968838ca2,0.07495188535260966
34854ac0b59be9cb,0.10980830560234213
552972fc397a3d7b,0.09243152146173758
538cce811be930f6,0.1247314515088698
3684947575a87995,0.21903671611199274
3458934dca749c27,0.09894386403890759
777593519303d6bc,0.11450226921411935
c998d0d7e544f18a,0.07635087265867438
a23ad55fcdc44126,0.10667785961514081
628f59b52e0f1abb,0.15507085825539912
f55fd4a896009b37,0.07422965839465884
891966bf8125b263,0.07371718489052417
31a036f4acb27daa,0.09625304149271872
b329a2756c4e7e5c,0.07257181170534668
4abec7b3aa11b00d,0.07532814355055739
506d7e6eca5fce8a,0.07441379598909635
93767eb66242b1fc,0.13574163717405013
f07f619af08f71e3,0.18536996786085305
067779ad870efb29,0.0772245328515146
5772509431f3d5d1,0.10052538470149484
562161d24bca87e5,0.07268215966562819
f3e2eded68a25564,0.08464180558154916
4e9f50f16ba04465,0.07441379598909635
a4208a55db792b95,0.07495188535260966
9540d1c34ce10213,0.0775037289991462
3b047ea1a379c251,0.07478526576029335
90c24520deb11d2d,0.07562538586502005
174bf54853f8e212,0.07739219320630009
e32af9607e1574ac,0.07271144365676868
177d7eaf2ebe4bb3,0.07257181170534668
1d3872dea5918cf8,0.15731070422589796
b6641f418df5107a,0.0915034867239492
7b0a91f0c2754446,0.122000952109859
3074d01b6d512da1,0.08963925887910909
a1ded8ab2ac8cbc3,0.07522450841536432
99d24231acc81bda,0.13142442955216832
ff0efc6b635f0dfe,0.09539910145639757
4b26bc2a5271e828,0.07688818624673187
323cc294321346a4,0.10525762115027733
1c5da1e20342a0bf,0.08566643064550977
4f414677966cf8e5,0.09006089080889515
a08962f7cf8ef6ea,0.17090550621255127
e6778d3ce59810c5,0.07481128131922815
944d32b8f9e9db1a,0.1613586440202959
e5c8bee2002b6ca3,0.12011891611670211
fcc9190b336ccdc9,0.07574535414259283
d8c0de2ec20dd583,0.09419963171259205
fb55a45c51379250,0.07282315671808619
d6e81f789123be62,0.07556327966841037
2653ffee6d9f5abd,0.12112652362082593
daf885e44112d6f2,0.09970794484265287
a75fbb195a5c31b4,0.2157478815595483
d6946d6a1e5de8e0,0.07632119133769236
262eea09fa9fdd15,0.07271144365676868
0661f0f9daa76a96,0.10038426360444216
3796742963319893,0.13129253806795152
b7d31b3502739b04,0.09764565865260849
ca3ab2b2441679fe,0.09939475008161061
6ff3c95261a2e60c,0.07275563755160044
296198ef516bccfc,0.07268215966562819
fd7387d23f2c2e12,0.0909685902269052
705f7c9f6f9a1ddb,0.07257181170534668
664080d9a44e09d5,0.07282315671808619
d7bfb116b3f0171e,0.10737945292206597
df7650f2e15b685c,0.11744701327667616
13d553333a49e1fc,0.07268215966562819
d60997f0da2b3161,0.07257181170534668
e3dc5b0748d9d1be,0.2500749210610456
126cc7a3354c3a59,0.07271144365676868
68c831e307f80c40,0.07268215966562819
4c10437c6f1f749e,0.20411404893731352
4de56fff18170df4,0.07441379598909635
93ee64e43ea9b0ac,0.11082418682902165
622e27b7a834d371,0.14192115018248452
8283fa9a80b68052,0.07500787827103939
3cbb48910802e9b0,0.11008096082710753
898c4451fed60e39,0.08884113468632192
560b7b7af9fe8dd1,0.10034223111372004
bcc595e893e2a797,0.07486696834238771
cb2fa098224a9f0b,0.11661537805644089
9e2a88f835bbb5df,0.09687559943276366
07e1bd9a166bc257,0.12551021526295636
10fdd890be2462d8,0.07278264493557679
34a7adccbdf4dbe6,0.12669779307170909
5dca94f6e13922ed,0.07688035362261422
be032af3265ed2f8,0.1829645752985472
afebc493854ff065,0.07268215966562819
755bf2132b96ea88,0.07268215966562819
11b6872eb913fe4d,0.07275563755160044
5a73131a74b5e6f1,0.07441379598909635
a1445f34ce4c970c,0.11939513611121674
c84303c64f096b4d,0.09298677201364405
ee5a57da13fbcab4,0.12536346594131234
9e237fe51b937f8b,0.09871393695359137
04c0ce452fa54511,0.08634728244158546
e4cc4cfb493c102c,0.11067800462168463
13ec6848e5d8c7ec,0.08370384000413589
8b117511fb3c0bb5,0.1341131989088383
45109a7dafad71a4,0.18671851682275306
be5d51769b283a70,0.1068307949055648
4b049c030fc355f2,0.09429180938361889
e1b125afa19663b9,0.08956904463696233
7f5ee99bec52fb31,0.17156543822008288
0ea477a7bb524c43,0.09027531590909146
b2ef814029a4593b,0.11019763752842152
54642bb90de7c651,0.07472656855107625
5562db51544efda6,0.09632554017636438
8c3fc61ec6b0570c,0.10964020969660143
19990ada3d732a59,0.1085681052401733
d4a097538c2270df,0.08514992226982462
a8e6780d12272bb2,0.11267261833661821
0de7c0afdf2ac64d,0.08621117366942496
ec3a682eb391eb7a,0.09256688850714212
de499b3d3aa77620,0.07531565616106647
bb95d7738f26c137,0.10014386246006372
76de6c48fb303a99,0.11800460662000353
f54db052a2c1bf61,0.15122650866696752
d2b45f024d0f9012,0.12798185655738586
26693e446f60e43c,0.07932017906010572
00fedb2a014dd220,0.09655242036530759
8b353042d65300c8,0.08496132751856333
90c55b1f3ca98c5b,0.07271144365676868
b874c35d79d74f6c,0.0971056941015842
d482eb847a0a40c6,0.07566026404031509
fc4d3a97478802f1,0.08579651122470278
0a7a2b85838db506,0.07268215966562819
c697f27fe38b040c,0.07526192544121113
a4d2009627d556d9,0.11871860754792643
1c403f2124470ed4,0.07539829986486264
33627e42df750fa3,0.07271144365676868
ba9bd925e360f225,0.09079247199911356
ea28b791d0295ad0,0.09085612744754268
d149d439304c8705,0.07271144365676868
536b709bf5515eeb,0.07268215966562819
88c0a8061e7a3795,0.110061068466619
8764acb490f19b62,0.07492453025424234
417f76acebadcb48,0.12695584536153917
475869c5be3c507b,0.10518983193544973
3ef8009767c7fa25,0.12827318540853733
b554efed5fb706fa,0.13071415325406355
84da50183b024285,0.07470900780793606
a4b1d18f46aa981c,0.07278264493557679
9b47e555a004cdae,0.07499928784628998
ef262814960ff13f,0.10467980389535164
5c0868ac8eafc7f9,0.07800617293690146
db15a0f6f796aefc,0.07268215966562819
9e813d48e7fed678,0.09843165808993953
7e45e93f027eadd9,0.12217882237005828
bba24189518e4411,0.12832833242187294
80cba429bade3fd1,0.07268215966562819
ea2c64045d0a1c12,0.1135329786249359
6eea65bf31a2bde4,0.07268215966562819
986a532aee033e7a,0.07441379598909635
d254bc6437766f3e,0.07476629970651337
3c2c4044a5a205b7,0.08834131355663587
d1698b7f7ce2ac63,0.12513115209914005
5615043a1f36b137,0.07282315671808619
fcb9321c88377fa5,0.07472410323253825
885250c55edfcb6f,0.09329965631769202
f48232723a1bd05d,0.16885748991637736
27b4eb77530a112c,0.07268215966562819
98a1669bde0eac7b,0.1422837763664722
c85cfc3341c8708c,0.07271144365676868
8043ae38af9b3ce5,0.11115192407210364
babccd7388fd8c21,0.07812345198059195
28aeae730b623cab,0.07282315671808619
4bf1da87dd838f3f,0.07275563755160044
8da93da167404e45,0.11456106556170205
4a0a3077b5581645,0.09995299836689495
bfa2d19017923568,0.1034793508425132
5f6e00c966c5f59f,0.13099168747896278
52c9dbfce9f1b95b,0.07271144365676868
cdfc3b9f626b0845,0.11554648977916257
5e6ad4f66342dce9,0.11240873125763096
42b0a534c0da50ab,0.07292335309427389
e454a16a94a43530,0.09191276831476358
1b6c9c3629bff42e,0.1281834079963873
3d4ea2f562e04d67,0.07289505326038195
e5e88946dd245e5b,0.11346810130056403
7c08fe11ea59472e,0.09859292110573728
48716b8ef3837856,0.07282315671808619
22cb220fb3d03ef0,0.12221962325852151
ad38c3a4c4f92dd2,0.07282315671808619
439506f46710d418,0.09033554215894332
e6d46d90ae71b635,0.098207579544807
cc306ba2474886f5,0.07257181170534668
c3dbfacba8b29888,0.07282315671808619
3349746bf536b40c,0.07475405157158937
254dff7f2f5e27da,0.07278264493557679
5f715d9d99d8aef8,0.11214672771423337
28877bba74273a2c,0.07264457792879861
0837f11e1dc53f72,0.12211579653287105
700d9c6e6406ca13,0.12890641384017204
6e0d475eeeff64fb,0.10017371607417806
36ba7c400d24c8ad,0.07278264493557679
8c371f8737f1a2dc,0.2827618812728242
163b4afe1f475ea0,0.15898772325029595
2e2c632a9af9b807,0.12425408819879531
a891091666dc0643,0.11494826295139218
a990b188a8200e9e,0.07268215966562819
e0da7835cc3694da,0.10050442227238335
6965bd28dc460b44,0.07268215966562819
84b4fd2717d4bf2c,0.0730350661555914
0544118474e570be,0.08987944691930991
2437b2d4a2e8ae82,0.19861951836608174
647299fb2ba00e43,0.07268215966562819
7372537f1eba1dab,0.12156616253001212
8854c27e996efd14,0.0976708680318241
380235b034a986da,0.13347603193342203
a2d407f16ff373fe,0.12571192753727078
0ed19a3a868aaa3c,0.07882043007588843
c173b6242dff9b1c,0.09104570835056164
2043889f64f744b8,0.102401466989087
19989bc6ef928517,0.11199673632093898
d0665c65b0cf8d5d,0.15237371616101028
2b072792e895a81c,0.07257181170534668
c531857150c9674b,0.10103739072979596
bb56bbe97134a4d1,0.07271144365676868
3e062b6117c4918a,0.08066016292285838
a58a4c24d35bd7fa,0.1186342044433992
4ea7721e8c059b2e,0.07482609161819595
32a75809119cf7bc,0.10722838558888019
e4794a0287930fdc,0.077655971234394
028903129d296567,0.09710305648686679
910a3bc19a45f893,0.11113124541606108
afb4e9017f94d52b,0.07268215966562819
8c75ef81ac907000,0.11128991028294088
de995213b69871cd,0.07435656624145758
593b54413b1695ee,0.10780072563597462
d68b798f72ec2a7b,0.07268215966562819
2abd97afe8848116,0.07278264493557679
b80ebde982296428,0.09011891659659305
dbe8ab13dd1f44f4,0.07282315671808619
db6b5f2104046f55,0.09520860563888248
1f67c146861efa15,0.07257181170534668
38f490199f1306b5,0.07482702308523252
dce69a47bd1feb56,0.0774995402567195
12cd790efb4486a6,0.12939495543693352
d5806dd0784560a5,0.07282315671808619
207f45be2fb83671,0.12664914181275772
848e2c11fd115b35,0.11251232364020032
0f9d093c9db25458,0.09488089976978303
13e9da15ed290868,0.07758983113918963
8c584f6c1538beaa,0.07268215966562819
5fcd3e5896568513,0.16619747909833
aa1f013ff05a59f3,0.08931753939742718
eb2bbf6f740d132f,0.07268215966562819
51fcfaba58d7f511,0.11761068422537324
abfff37a1f178105,0.15223182891079468
918258103a71c3ab,0.07492453025424234
99beaa8c134356ed,0.11002798913357065
f3d97c979517c08d,0.10774866701631752
577a00d787373595,0.12614840562162183
d71bd663eab2681d,0.11298527798765208
3b59c956b239b3db,0.07435656624145758
9115eeed93f30a1c,0.07282315671808619
3d992bc625e7dad1,0.07268215966562819
4db07f6033192f9b,0.07486634188927045
a58a45e9afd5b405,0.11685837880450653
519774a276bdada6,0.1253636461949023
50bc50ed77a01d75,0.11887952585947775
d608451c67dc5cfb,0.08638229071849574
2856ffa4f0a1ce80,0.1120579755227945
2bdff8f74778c4ea,0.07282315671808619
068acd67c99550cd,0.10486546284814306
6123220972766a4a,0.08999515998627736
c4d534fff3fc5628,0.11473803316838586
9fc3fdf14ea045ac,0.10000382257839645
3f86edfd0be75ecf,0.08470728040246914
c36573a6175092a9,0.10405015273184992
7c4df8c2f29666ee,0.07282315671808619
3c791b72118b74a6,0.08904251608235478
747b04b604c95fc1,0.07282315671808619
e780dca0db5520a5,0.07278511025411477
af83daec6d450e57,0.106962054514692
5d4ff9f52e2e4f34,0.1126469067229641
b2b8e551d87be54f,0.27992429582950845
203b6e0e0fcaa971,0.10185345063571082
eb36b4336605a7d6,0.09257493269325395
14713adcc060333a,0.09775159557035058
251c0c9a3789eff9,0.10841061482027581
0d0e059449af50d6,0.07478526576029335
63b1850f6f5df5d3,0.07542329900449207
90ace0c383247390,0.07289754264212145
1ba1d1cb2d6d1bb9,0.07724970970804945
dcb2cbe56ba92129,0.07257181170534668
88b8fdeb6d82597c,0.07282315671808619
0ccfe20a4b77ea6e,0.07271144365676868
3482a5b15357f00e,0.07264457792879861
6d71348fed8b9c4f,0.07554628329963331
f8723e3306bf7c43,0.18244968513982227
7ef77b74f9baecb6,0.07540306196348218
bc80f01834269376,0.07526871919662939
18da383af4fa3cb8,0.195080902629836
b474ff492fb9a94d,0.07292488359230898
d157b8492ffba0dc,0.07445154972631259
cbd2d4eb5123804b,0.1177941824305309
0f9515404031e965,0.0754555943312954
4f1dcb8a1669a31c,0.1193100814144328
28c27ce346a7a7b7,0.13392502863860087
58928eff8cb29089,0.09232526395780824
8069cea0e02052d2,0.07289505326038195
3b583c05db5ea4a6,0.07257181170534668
36384df41240d0c1,0.07776476073517569
15e9a245d6d06a3e,0.12036957093800624
d2dba561c29b817d,0.09070051478875549
2a507f7014709986,0.12527325929260036
a27e43abacf3b1f2,0.13314173866935558
686019b683e849d6,0.12540867291869146
9a3663eadae7822e,0.10616459996498184
f4857bb0e0b52a47,0.07478526576029335
29f988f929e638a6,0.07446827930277508
cc08f5318b40d7b5,0.07481128131922815
3aa8c59d9c5dc7ac,0.09646828432415688
eeeb124ea0b0d51f,0.07558223241781636
c422bdf822a0dc56,0.11483241911684905
98269904767a2636,0.07470900780793606
e6cbd02151c72662,0.13029377474010806
5e7bd880681d9f61,0.1025271309407505
fbe456da262eaa3b,0.10610434085891761
dfe3e7968ec080ba,0.07490022218935952
0e9ef351ddbc9ab1,0.07517002510168558
2902b3339eeca5e3,0.09978183741643055
a7137a063b883e92,0.1021099134253507
b733ad3dd8899d06,0.0754546503560749
44fe9234ab115e2f,0.1992820196369582
000b03fc8664c7d1,0.07257181170534668
9020a01496eaf633,0.11385908588207931
53b7a21b0f4cc200,0.07282315671808619
20cc306cbb1c6bcc,0.12599708174057886
debcfcb981ae0125,0.07289754264212145
802bd1039c3e6a1b,0.07268215966562819
5f5c21e0b6a4d4a7,0.07479270198880034
4e1d92bfbc009b58,0.11606107160896616
644c03f056f3bf9e,0.14200407416606076
3b4855d86d450661,0.07282315671808619
dbe1c9a9d3e563ac,0.07435656624145758
2fb49e6e63bbe8f6,0.1118435280439962
2347ddad2e1b095f,0.0853663352427047
e315a627d1ca8573,0.12843026043218392
0558a476ace81c15,0.09524544575724296
4426fc96456aa43d,0.12876702165028273
ee5092888f963b26,0.07554628329963331
57886ec9ac1bcba7,0.11793177234627608
69e1947ef1a19192,0.11688493861554965
af29d6fac97c87a3,0.07500787827103939
6952926383750b48,0.08799136081331865
b6e14b919c7ad1f2,0.0747900541870441
8d09ba7da0267580,0.11722179643760047
40e7e13ba421c25f,0.07371871538855926
c3d8677083122b80,0.1320573476822524
e41366313db49145,0.07271144365676868
ed95e31015c5959c,0.11419047084258409
64f0bef89a702494,0.07257181170534668
81918dc774b899ca,0.07268215966562819
dc9dc895fc8368b6,0.09803910172600687
ea0dcc9add9ba8c9,0.10187651074147829
c45a009981cf2faf,0.11874948587281157
ee4eee5c2cad18b3,0.07507106435723884
4b8886ccb99d4b95,0.08918893468485556
a11b7637d21059b0,0.07470900780793606
ae6bfde3685ef5dd,0.07268215966562819
095f96ba3b90f727,0.09563422898987425
c800465fabd83658,0.07271144365676868
c75993f60039bc22,0.09997668902082249
15b2e13c51d54758,0.1179458041609444
cef343af7e936391,0.0934243706852528
bb9e37137f42fad4,0.09113772597879696
b6f54b152f0f2c28,0.09340137171075638
54548a1370ae962d,0.09976494666357685
774675091e96f38e,0.07268215966562819
64db0198c907fdc5,0.07268215966562819
ee3a2eba79a61cd2,0.07486634188927045
d87ea92ca2504e8e,0.17183085230221443
493f68967d2931dd,0.08655288180654466
33c5bd3953cad989,0.08765640829469251
31719675e9834500,0.07379085148787026
283d0d3d8afdcd48,0.12031342697963567
0954b46131527b56,0.07278264493557679
c7f99cdcd74ddfb2,0.12242527108829268
89e81b0750c67025,0.10666081189702187
ef2e114a293d6051,0.07528450429277914
3eaa82eb74b0d2b9,0.21018781655285587
f115b5827c53fdae,0.12783201729356125
5b981d50572234ec,0.08888902808048821
bc2a7ac2fb6ad312,0.10789355625219216
cabb5fa14742de79,0.13426800413255077
9dcd899d3120d04e,0.07278511025411477
5bf75dc153469005,0.10599378784165361
a99c57a3cfd238a9,0.12316557178382874
7d3c73f6e6251236,0.1175938474646762
79c824cab095ef0e,0.08857282749945528
50457f03b19ce000,0.12245567558301759
72ea29c850f97747,0.09132247704668828
949aabf35ccb0c4c,0.09447534724393347
bd3b7b9b5cc3a346,0.08899598531306374
581ae7bcf533000a,0.07271144365676868
f944b728b8eb9aac,0.08619243600040474
6add937f4476df2c,0.09991555641172911
478be273b158fbf1,0.07282315671808619
43c1856ef31d1073,0.13284375799509912
8f97466fd3810c1f,0.07500952344894307
3ae22b8a964781ec,0.10203127733694184
82ba55bfceb0ffbd,0.07694186995830096
5966bfc14b304d05,0.08966707512216963
eedd90867e3cd9d4,0.07268215966562819
99db9ab5fdf84102,0.07264457792879861
6c6761878fa11c78,0.0923841000021696
731bd2e8496a9b0e,0.07289505326038195
9f1fd83e49b82f88,0.19794589699831985
51a2cc12286941ac,0.22995164437802826
7b60067efe8e7c4a,0.12054650831454089
7ba8d7a5a2f30106,0.1131501191143648
677aebcf5c57a29d,0.08509026352538965
c2e6810f10057ffc,0.09888714648272433
f770bf49e8b32f7d,0.10860143516718143
d999d97cecc80f08,0.1160132845572955
225695249568ef3d,0.1483011532309682
64c347ce204607a2,0.11789366213607427
8b972fc1665f8aff,0.0738288979518417
fd3a180f558ad235,0.09141802932069426
f24ea2f162b99780,0.12842951895766958
71edcfb193fa3be3,0.11212127798067467
4507c7c846e862ed,0.07479684495622033
ac51d145f495fdf8,0.09455108043975699
3ab5c54552e9add3,0.09592157563388234
0e545a1fa4aecf83,0.07257181170534668
19eb7f93e53f33d0,0.07772441763472865
f4653f53352a740c,0.09613844603250091
c716d718820e66c0,0.07445154972631259
a8a2778b42759e84,0.11435872893541188
d632ca08f997e38d,0.07282315671808619
47c56ea6034205ca,0.07271144365676868
f436395245784b88,0.14706497514036784
ddb7078278325022,0.07367557146149133
1c24525f31c1953f,0.12196635034504594
7c7e6ee56d6ea5c1,0.11998539804121855
0e67b9cedd55f492,0.07475405157158937
a585afa6cc802221,0.07607595506299175
132bdb2d81abf434,0.10714760768743714
cdafcf3dcd774b36,0.08832463952273428
5694f780d2c8e463,0.07268215966562819
317ba4057a04aa16,0.12626627166412202
a92ae25f2defd1f4,0.09637817776535593
ff0073be9d8669a3,0.1364717441976492
2c4d6fd16e7da4d0,0.09943845028818815
e8b93ecfcfcf69bf,0.09264834637324093
aecdf632644c9922,0.12238836716599419
0f4ac8759cecccb4,0.07268215966562819
ae0ed79b3f56091e,0.09827241507936493
492dcb545fd160e3,0.09234739277333451
b6feaae9a6963540,0.07479270198880034
10bc80bca38b6418,0.07546986319169421
d8bf52f15b58b474,0.07268215966562819
d590d13d8a0daf0a,0.09473443580694463
bafce96906ba0c73,0.07482609161819595
15a89b9d9a174795,0.0862650697714143
3c895a00e202bc6e,0.11915871716423801
62100baf87d531c1,0.11575498306906919
8ea52f2642c87cd9,0.09016518636098399
78bf3db367f46ea8,0.1892680865061386
7303626be6419b04,0.12305093605309014
86f2e3f9f88bf00e,0.13659749207034005
39921131b7d48cf3,0.10384544706634946
7c06255c489ce455,0.14244093926004972
2a0f68fcd60099b6,0.11188878943514535
968f899504b28211,0.10292483117768014
98dd9df8fdcb29f4,0.08962826295997167
ed55728c47c8b666,0.07271144365676868
0e54abd540000681,0.13593436125862454
2687ae2ad26c6497,0.10698559346532714
afe3e3f4edc8f7b7,0.10062931616716515
3d8ff2a3976b69b9,0.09674223146357658
13e6deb5f77cd1f5,0.09403080733478085
8c8711be796262dc,0.07805685461824524
8eb1ab06839664b5,0.07647413242752332
dbd58b32bf776c26,0.07357894205036505
4be0c2fba004271c,0.09909391604074617
a0f6b49ec1b86bc1,0.1158062323588474
3b33e5fb16341fe1,0.10117132812831761
d39f326ae61cb937,0.07268215966562819
00e28c2a11d38c61,0.10585425831527609
a55c74a9759fd56a,0.07278511025411477
8bfd04b0788122e2,0.2812555239742655
895776a9cf9c8d43,0.09154808980482895
7ff187535e206416,0.18572611024797328
b2d991e4147a68e0,0.07268215966562819
b62ae246269c58c4,0.12732533561208498
b8af731f19b5c84d,0.07268215966562819
19f5143484b38101,0.10997023510671197
982f6a3f1bccc6d4,0.07520330084304108
2cdfb20347feec4e,0.1197229355441096
5b2d62e736467c16,0.07722657008549083
f85bf07959deae92,0.07435656624145758
8e923fa1dedcd01b,0.09870128497514205
93b3dea6a99fe31a,0.10074864881447221
8bc3af23b3d5ba85,0.07337485718864283
91db39152bd6ad50,0.19660250699993395
d911a9c74b505826,0.12152475430659504
0e53e628826772d6,0.07308853672908405
14d7b607e5e3f0cc,0.07677238657075744
f3e8e3469f0aab7b,0.07271144365676868
b9c36eb092bb275d,0.10610682621896725
9cff3e265921dfed,0.11201355264416238
585bc81acbe5b1ec,0.07268215966562819
15f8e68c7ac23dec,0.07800617293690146
a37b05bbb09f8496,0.12398270519081492
4f31f80a263d61dd,0.07282315671808619
6a3987a9bab31c44,0.07282315671808619
9f59a5ca5ae6d119,0.0999651056250083
afc6cb824b3596c7,0.07271144365676868
64dcbe6f4ac8de61,0.1428931388527851
1fcaa5c3533f63ca,0.07485913343890563
a266793e0c2619d2,0.10524520548548454
598af3378495839d,0.07530547870871579
b40ecfcda1506387,0.07282315671808619
22537a4c1f1cb22f,0.0748657646329069
8c5b78cda30c225e,0.09980633731339852
3239189122d043fe,0.08604611705698348
4b34859a41dd8627,0.07689503800530334
7577c8941b2e888b,0.07268215966562819
8ef15229dd291883,0.07257181170534668
3332780ef14cd99b,0.11458042749183163
f93d1a6ecd62d897,0.10861004431471567
9505f55ac00dbadb,0.1256214806176306
7c1831bf48bd728b,0.07271144365676868
17cf81ec2dede54e,0.11486016192281928
e84c6f3155ec9762,0.2631550198319047
e894ec9e0ac2e7a5,0.12636693715256064
c307472500eaf782,0.12679920071664025
96de47679c4cb6b6,0.07299701969161998
e0dd44e7040c3168,0.10490693959686197
bd9e6bd2fcf5a54e,0.10724298788860118
0382e0d155285962,0.09050614350429234
509eccae9abde09a,0.1433366039944025
f2147e0be04acf5c,0.1109843473442802
f3a6b01cc0938196,0.12047526119848234
c1956069b7309004,0.07566287154184254
2292dd5e617286e5,0.09872377947585972
3644d81639ce9f29,0.14561450356491576
4a5bf3e5c85dbfe9,0.07282315671808619
095a4f241c64795f,0.12647936223493378
aa45545b6df75be3,0.10280032972762133
ffda21a7e2973492,0.1206217762907073
662adc1ed3e8fd43,0.0894741604793109
218ae6cc5968ab6e,0.132271758961487
316379f30810e1c6,0.09071095480891661
eef8a37b8fe20ec4,0.21489336428675596
d9a0aead3407db9e,0.10185262534188214
f0c65e7320950a84,0.11567049982595301
4625132a59dcda74,0.22387554621694783
ab1c8b0c3967b656,0.1885534679930466
f00224def382933b,0.10058947537733305
090051f10ebcb768,0.08211373211110595
2a0c37f157e82f1b,0.10150883773818051
61914ca3afe42c15,0.07476629970651337
a9fc0e9ff5b0e706,0.07303867916439248
f548f7ed3074067e,0.07709176756724978
9aec70578372daed,0.07271144365676868
fbb0734a4e985290,0.07271144365676868
a8cd11786e7fe2b1,0.10275883826156598
6a4338f210f336ad,0.07562538586502005
cdb63c81014bd072,0.08767846119738082
2c5a98b60450efca,0.07694274778262836
2337a75838293036,0.07268215966562819
a0ed386ea018cce6,0.09671529094059049
db76609f02b3bb31,0.10650282945817116
597bd387a63987b9,0.12963721911425466
bc7571c47a54ce9b,0.080429013634642
547510d3ce221301,0.10262718604432941
8e84181f60b3ec91,0.08814618118533621
13880ba898b8f597,0.23322434985409288
9ee1fb0201512e8b,0.13445835703058945
48aefa3d80da5764,0.08248697420989415
498d517a667856a7,0.10413113413322377
f07b0e35881505f2,0.07517002510168558
1df225f3addcce26,0.07268215966562819
84a772cbe6d216a1,0.07724294936581111
f0e4a70f82f01004,0.10195157056889183
3b639af3777f4c39,0.07268215966562819
b9f77a4295400abe,0.07282315671808619
7d646e2fd78953af,0.07257181170534668
4127b246e0beff6c,0.07275563755160044
2321d1fdb21c809d,0.07479270198880034
9936f8d7184f5e10,0.07257181170534668
e2e9ef0520d08656,0.07282315671808619
0aa9b948dc8766c5,0.07278264493557679
d96df85b5160b1a8,0.07475405157158937
3bef9584524abbef,0.11664882400442705
806989faeae50571,0.07268215966562819
6fedd263e1290110,0.11449984635088281
5762314e60a560e2,0.12518265241272333
748cd550549c514c,0.09977864006438074
58a8e997e2757de6,0.07268215966562819
c13887db4b2ded8d,0.11208797901488374
eba0106899e8fdf1,0.132552026269185
a947c7f89cb176bf,0.1376531143328057
4ac4a17692a2a70b,0.07282315671808619
2fa4409e1b6a3d85,0.11510069859075787
a783eca691369f3a,0.09288301906240756
e6e45dc137aa0511,0.07268215966562819
c589fb4e517e579b,0.08999181063766451
0535f48557a68402,0.10634622590465684
48e423add1624f2d,0.11431642020610791
d20110b1a6f20e55,0.07271144365676868
739f7cc76c78d0bb,0.14795631048978755
2d439083c11f62ae,0.1119994603345526
0c74bc780e465296,0.0730350661555914
52294576789c8ec1,0.10106166377873074
99b2421c51d37084,0.07282315671808619
de49e465a4c970c4,0.20393986587892007
4c88fb93b8d12270,0.07268215966562819
dcce15e3b59d9796,0.07282315671808619
b8e0e09067432f1c,0.12605726090167688
962f882f18c11d46,0.07697742889553258
34753ee28116af4d,0.10026062457687179
7c71a6fe87ccd6e2,0.07289505326038195
7ff97e6a175132ea,0.10830980218078369
d84022bd67943384,0.10617904478111655
c270a677c7614aa6,0.07490022218935952
1266e1b58e87a761,0.1079810995317953
9fc631524aa3372e,0.0747833937319713
88da969d80daabce,0.1172603265865107
9c5cf1807334358b,0.07479270198880034
0e5706f9560fdbf7,0.07688818624673187
d9db7cf658a35e31,0.15723893652638782
38bb0629e63b6590,0.11164491214970403
726236f75c9de724,0.11008992425525728
47ff559912cb3714,0.07475405157158937
bd567ce69cb8cb62,0.07352935919069643
6b7338c16e1db627,0.07292488359230898
2e47f13eecf939c0,0.075906539547764
7e001225afcdc58c,0.11065864799309189
b0ba287dc9f94b2c,0.11646043872162642
07be300260466f0d,0.07282315671808619
49e2abe2ca234745,0.13170330410038247
bf163922b4b12745,0.11800915600395723
aef9d385e9ff8518,0.14336143674025467
3e364e82bc780650,0.16038646690706793
393a9aece2867c5d,0.10024727764747589
b0519105b55d4bc5,0.11373087487724516
c5a4b1418dc4e412,0.10599509471710626
ae000e40b4cdbc49,0.07535110078942095
bdb4932474ae13dc,0.12663922175876136
54ab20f1339d0955,0.07445154972631259
bb6cce3b0b6744fe,0.07361698851433648
0d04ac4d48d1e700,0.18935937896445248
6e3f51731aaa2c77,0.09270456204562372
783b7b163b234e5e,0.11716411037714479
bb6501e8f6ab95a2,0.07278511025411477
e5f20b7a540b7472,0.0846450539423797
726e2ec81830f724,0.12230873472155729
e8dc50204900e975,0.07289505326038195
1334006b9c4f4ffd,0.12336685756297416
3553330b5c7e6092,0.09846066457666267
e1a3e161c8b2e221,0.0859834174773679
44e747740cb4260b,0.07257181170534668
00202304b4481207,0.12836837912650326
931eab5e85d6e3fc,0.07271144365676868
e4b8ca3da3eff8e6,0.07485666139369732
103e5a44f9c30ed7,0.11319006730879305
448d40536e9c5670,0.09111857845258295
1b4d4b42760e781e,0.21579687141209614
e0b110d4f6844bbb,0.11784854111460435
0d928dd7f13b92dc,0.10995374397725026
1bf6e2dae324cf0e,0.10356817924710977
b2a17e2a9337f111,0.1747663710234483
564d7ef8fb681d94,0.07479270198880034
a2088d882fb6d77d,0.12438450903385263
3fe22caa380445a9,0.09690063995353293
2b3c171024a98155,0.19800968147596473
2014d23cd7792183,0.11279784051150513
fc996643d63f02d7,0.07458021397325726
c8d5c605e447f4fd,0.09112179083694333
634298df42266b22,0.07393062482606447
5c8cbaf8b4d39f57,0.1286087175882893
a688ddfeb76eb78c,0.1291701166447563
85a12cd29f47007e,0.07289505326038195
a5e1a3f8e312e1a0,0.07257181170534668
29e076c93c2b7fab,0.11806865906664682
71b7b90e9a0b70ae,0.10498151315587748
11583aaab15330e4,0.07282315671808619
5b34705855c1c880,0.0814380667424012
26361ce2a06897d2,0.07441379598909635
2be888bcb74be336,0.07778126842435255
fd96abe884c43d6c,0.11430565500320876
165fc0b6a160dbd9,0.11590456444200486
b8c8c114a79ff453,0.07303867916439248
e22746fcf084642c,0.07268215966562819
3fc60942cef4b9f8,0.11182144252176421
c78a85aab85debf8,0.08588021558563858
9c2166227724c80c,0.07257181170534668
e0291b12205c2c68,0.11730656913702212
307b5de4b89748c8,0.07268215966562819
b83469a7d7ed138a,0.12142214484867637
4726c5e084cb6f1c,0.09861098959102321
33795c308f648269,0.18536996786085305
d44b56532551df1f,0.12429523159962974
7db689f550f62666,0.09253857080688449
c64b1df6de24f982,0.07278264493557679
d9685a6aeee511e7,0.07435656624145758
2c867c13048a2311,0.12690761104940704
b3f36f5f67857959,0.07495188535260966
c8dbafacc0fb77d3,0.09815016100443072
3a1b2137777bcba5,0.07282315671808619
c9627e77fcbdd360,0.1077802158961466
cf4f6641c91382ed,0.07500952344894307
fb519c3fdb753245,0.1153815966550467
035449e62c90677f,0.09350025235770573
5201d1bc5a7cf0ef,0.09408576420218681
01ef09b451cbddb0,0.09273591148713503
b98e367af7c0158c,0.07268215966562819
bec6844244ad0aa4,0.09641059864495401
ed82262b135c6e4f,0.11714216969683935
67637bf7061cb7b0,0.07257181170534668
96ef8b85b60392d5,0.12020702933538699
fc1b0a61b9dd082c,0.10543435634691746
c408b4beae948cc1,0.07478526576029335
f26323206d284ed1,0.09564823162209368
9214caa6c1a0dc02,0.07325058860189769
591a28a3c195b6f1,0.10780311166335724
9cd8a8ffb7a9e96e,0.07282315671808619
7ce580a49450111c,0.07435656624145758
abccd8c43775abd4,0.07278264493557679
5c6acd44464d3db3,0.18345404846824287
b0e58b3d4a2a773c,0.12649819943192794
eff75fe4ffdcb49f,0.1190195421644488
06ac1908fb89960e,0.11031643339920236
6e61df7259588c80,0.20125618268549142
87752778bf4206ba,0.10253423640690776
2fecec0b55303222,0.07543218099103868
d57c0fad9eabe24a,0.12559737861123713
93cc7546b8c345e6,0.1308176673550594
eb76de6938c4c38e,0.10090415914152538
0e733a579e63472e,0.07484052932024499
e7dff8305acefcd5,0.07502680376553444
23423479e34fc441,0.1322615511321114
3f66f582c2bdc24a,0.09007104025094818
d312e4d7fce5fa01,0.09463331302403918
c04cd9fa54077b8e,0.07499928784628998
04b68ab2f6458e33,0.08803828983621759
35665b0fc6847811,0.10807434132703395
9028f284365c7863,0.0876748768449048
fa23926a88284b39,0.12960362174261053
ff5e27f506ba1ffc,0.10758936530255017
e6a04e92205e9e33,0.1275389202815291
934c2e26775faaec,0.07282315671808619
35403697fd72709d,0.09128360197335839
fdc814fd85f237e4,0.10807755253357501
bf4ee2f20859884d,0.07446827930277508
d2d10af48a354c4a,0.09169232143536743
a38e463e1b086d42,0.11147082356350786
ba49ce0117002110,0.0886646996651882
d5393f1776772d2b,0.08982413781537307
80a6b6e9f65aa3ae,0.09384700094886747
d84698a77b768899,0.07268215966562819
8d09ae0709d01465,0.13496485620420373
0ac53b64e16a0efa,0.2557271717890211
a632a91a07ac8406,0.11177880352860856
1f2437c787ad39e6,0.12594320863311315
beb116a0a3ad4f5d,0.11842856762808446
c38f343ecf8e9527,0.07479270198880034
d04bd8d61ac99c5e,0.07522450841536432
6a279faa81d0684e,0.08598426800876491
1b49b1154407ea05,0.10214678967755231
b71746f211be0a24,0.07257181170534668
bbe0b7fa6d60f17d,0.12256867779586737
c9117e785fa1cd68,0.07268215966562819
a700a6b3a689a18f,0.07568210730410554
d998a004d828aadf,0.15841765834490162
54cfb8bb56897eb5,0.12205158138889957
bafd504785d302a8,0.13221042010733103
3f45db97b95a3352,0.07554628329963331
2364a75ca729f899,0.13319531879921018
9387acf4770f549f,0.11276601476460721
a434422326289b00,0.07268215966562819
8bbcd05afad8573e,0.13670123816722868
82fc48f10b8d7cc9,0.07492453025424234
65dd24b31c0c4067,0.09685777679702137
b25ccb8b682acbeb,0.0887843754763635
291117008b4408ee,0.1034468186641285
aae3422dfbb55bf7,0.09981008503571248
d436224afb38b7e2,0.09378561880215935
1287c0ffa2f14635,0.07726034634057968
4feb7edca163def2,0.1252191969906597
00df2416e72cdbc8,0.07400400811946073
e51c757048ea36b0,0.07271144365676868
59e45992c3fccfa8,0.09544544299532558
7b44475e4e2e3b92,0.10672464435329415
be457ea8112e2391,0.11134250143709137
1e4fd1293a611d2f,0.12724126706068759
343371989bd61c74,0.11226568112913687
6bb985812e990044,0.07486696834238771
c0be9996bfb5270b,0.07730217085353117
bb367ec1a239b8c8,0.09502587622429504
91fc9ee0920431a2,0.07282315671808619
82f2985fe6157914,0.07518753951717588
eaad7a9709bacd50,0.09962916182938711
1bb729bdda8eab4b,0.07282315671808619
35320f198f2157d7,0.07282315671808619
74cd9018fd2aa194,0.09800949618237555
fd091b5e49f8138b,0.08652494107266048
917e088d530b042e,0.13011380891060195
b0e606a7344aea7b,0.109894261281269
c220230ca6b46d2e,0.10567557055753891
2174f0850e20c2b1,0.07282315671808619
3bfea4a031f46e50,0.07278511025411477
22199945c8b6f01d,0.1120765775584009
efd4e993a8d94f5e,0.09615873136399275
acad3b0b2e72b212,0.1058197731199301
1a33438ea9b6ba09,0.09130736151096845
c9a22295bdb2b49c,0.17378021135049604
0a24b5a0c164f36d,0.09886391598324995
12b662eae7ad89fd,0.0754546503560749
788a4a1a340ccebd,0.13528820167425368
0b6ebec97e53c571,0.08377991694752254
be4269de80d8b34b,0.1673826153041544
ae99dff2a596c7fd,0.12161115877079692
1cc563af87248566,0.11194485557162803
95b03e2a8add3a08,0.08654842266539886
bde7f9ddcf827170,0.07278264493557679
e24c4af855561b6d,0.08644091410153495
a1ef8a44aeab6af5,0.18131442050896737
2bf2e0d5f713e9ea,0.07268215966562819
6585c55605f3d692,0.11226953862631375
4a44bfcf3c8bea26,0.07268215966562819
78a21d5aa40bf4bd,0.0762588719873944
d208a68d90d83d1b,0.1035221022158451
fabf07be02cadf0d,0.12277924963294107
3fc8a4ec51114a77,0.11205662109831434
d8da2f9a640f4e03,0.10400861153546616
f7a8212a941af65b,0.07268215966562819
836c933a5cb4ecbc,0.1257848529455989
e292f252eebf817f,0.1012710058658796
ae7e8b931e0ade53,0.13497076732713426
c937062a293ea0e5,0.0809167022110604
673793020f42eaf0,0.07292488359230898
531a753aa5a10879,0.07441379598909635
65613b893147c771,0.112623208555357
a3609d34533ca6b4,0.1032493715919737
c9eecf5329211123,0.2601734160132926
4e6d4f733588a212,0.11710179536540401
95e0d5ddca2118d4,0.16020750927866112
4b071534952c920b,0.07519904131584232
f333221664eda263,0.07508165865787444
8627e41026f74eaa,0.09548186915172102
789f4695cdd6a417,0.08760247010239813
908034eabc372b99,0.07517002510168558
984bfa387795ef76,0.11238992028659195
91c8e8e6f637fb1f,0.09170211913640107
363aeba9c072e960,0.11937571087673939
5cd6915b98d723ff,0.09394891495395218
20f027368dbc60fa,0.07257181170534668
a58841827e8017bb,0.07527409333358354
ad9e6a299aee4827,0.09346852051160895
fad46bf569ac7443,0.0888886677899878
0bdec115af64e996,0.09749615255975244
e78e15a02aa6163b,0.1243107288601896
94c1b40d53f1c78b,0.08767484685083862
c1dee5b6d55fd7c1,0.18626201375866522
502f0c8494138feb,0.07257181170534668
316c5e9c86bbb645,0.07894025206478324
c5624991cdcf670d,0.07495188535260966
e000077bf8c8b49b,0.0932518261262601
9a36d5ad49081233,0.07268215966562819
e4ac16a92daba7e8,0.1124464569529955
caf1ce5141ffb34e,0.07275563755160044
d07bf091bf998e0c,0.09406510159394531
f230be64e9f003ae,0.1309601873782199
fcfe55e0768ab257,0.07410382022891317
ad04ef9c94f25ea7,0.07486634188927045
b6c3dc163008115f,0.07478526576029335
2a0af6ff3489e003,0.10007626742856732
5c098958dc2a26c1,0.07275563755160044
a802f6f7cd6d7b2d,0.07730217085353117
f0897866ed523f60,0.15210177879736084
3c1071f1773cc7f2,0.07275563755160044
5fb77ed43c58e517,0.07516739874078018
3fbcf72648af3500,0.07656884844329465
64964fe3e34849fb,0.07554628329963331
3d3b19b2da76dc78,0.12202936225064305
69eb4e47c0f3104f,0.11234648693385266
1b55daf09e9f129f,0.08141970133066426
853fa0b67eda4e6c,0.07383251096064278
636b3bfe96c8c67a,0.07540091391746176
51b24fbdde490535,0.0747900541870441
b80f84359d81c98d,0.10734034904867659
a865666aeb2b82d1,0.07282315671808619
08fd3d5f06273089,0.07268215966562819
cdac52f8c24b9616,0.13011990264680112
bdc841da585c4a1d,0.13163799969974865
8858154c3efe65ff,0.10543255833061302
29f989d45429b9ee,0.11507528858227635
b97dff4909968aa8,0.07257181170534668
69c86328a89e4898,0.07257181170534668
2d50759601edb9c3,0.11671725053035004
134be78ce02d48e1,0.10328421710868409
53b540f7c8d16cfe,0.07268215966562819
76d2e83b30cca3f9,0.10576729648721094
062167d4ccf76346,0.12418980938039711
84cc2a48661e807d,0.07278264493557679
60f1e251520005f8,0.10209597853688814
781115a32396b4cb,0.07487660800345175
4c1e17c82f4cc326,0.12715787198611522
b602ad5debd51028,0.10876495930499225
4d9da053a872a970,0.11295710954867647
95f7ebe4304bd2e4,0.12645436510320424
67a8207cfef9f011,0.25438530188245934
b1c3468185b9514e,0.11298235640329427
f80ccd7ace26ae4d,0.27689738722319623
3ac147039aaf4499,0.07435656624145758
fe5cd175ea7fc09b,0.07278264493557679
9026d2936cf2bda8,0.12850713289888152
a4b0e01784fc7cf8,0.11231856554950304
43c462b48d97dd20,0.10835515856505773
e36d0189d20a7617,0.07558822399370851
43c3586991f4b403,0.07482609161819595
009e48f2b32be557,0.07268215966562819
a1689ef168f2f333,0.13142505457465473
dc310fc66470ab07,0.08663257326898452
bc654d187751fe04,0.08944338512956965
247e62af046a99a5,0.09208964950947035
48f2f9556bb2ad1c,0.09508636005934118
e604b921624a200f,0.12247387395903116
e46765e152f7daef,0.10198427828273757
3d183f0c812b6d09,0.10578271092751446
3a7275f9aeda8305,0.07268215966562819
1d994aeb47ff952e,0.07292335309427389
75dd9cd1bcd35d05,0.07268215966562819
a976b4932381b300,0.07268215966562819
da2e39ced8c0afd6,0.07268215966562819
c77fd47bb1683f58,0.11027648447744082
ceeddee046f39ae0,0.07282315671808619
cc50dd12d1f23bac,0.09876215260808768
8b73f447d60fc992,0.09609448795425783
dba1029662f0c412,0.09225031957174964
ab65e0876504bba1,0.12351662962831983
00754e6b5a7298f1,0.08339720820753527
082f192c053e5283,0.07275563755160044
4cee8c7c13d1afe2,0.0890561192969797
9ea9e3c8cb3df9aa,0.07475405157158937
2caa75dd78c01d17,0.13138878893318667
42ca39ab5466bd19,0.17750754403889737
939ed128e268f834,0.07278511025411477
e452cd65ed19c900,0.10193847656264522
e5ee2d79d0c49d1d,0.13031594323988016
ce0d423deb82f2f5,0.07361698851433648
3c30319ed1684972,0.09970891084392114
18968bda98628242,0.11479161695295305
9566631a173d48de,0.1263897243527536
01d78d3ab164da20,0.07435656624145758
7245800926a4112f,0.09765183954164536
3fffc62471c1f18a,0.15731070422589796
3b530b29e9f5617f,0.10176317214650629
65305594301ba50f,0.11311185080736849
593ee003a4981c15,0.08786497694426772
f79985b30220adb1,0.10291203369009783
60dd8dcd3a1d1839,0.12125053080100068
288aaae44688b015,0.11910703553930596
8a16369cb4554d3e,0.07815009747031101
4e49cf49f79e1181,0.12453746351421421
1a6026c94f49058a,0.07477253977155378
8c29813aa363f889,0.09324496575828976
5fcc5826d5f8db34,0.11032357707799387
b002c58138c724fb,0.07271144365676868
62a918db11ef3076,0.19510091797232496
8fb91f382ae2782d,0.13862192350025127
af730eb0035cf0d3,0.16143483572204323
546fef357d2bcd57,0.11753558757672881
c6129c4b99d7f4c6,0.10879282899100229
7596069ac38eadb8,0.08287169659568158
9560c8310cf23dab,0.07271144365676868
ca1acdabe94e042f,0.1073033596099121
521f9d2193473fd0,0.07465131351084488
617eda3b96abb577,0.08641352775950689
8d735b59dd0a4270,0.12750895009698696
1b405139fc287a40,0.07535110078942095
e621733719a2d775,0.11779056789098423
95f4b0d76e779b43,0.11412078208017506
bd6a23cab176ffec,0.07264457792879861
3c5fadc2c957c7ce,0.13653003427820742
37cae1b2dd3c1330,0.10806159225671573
0fc2ffbd9370b121,0.08667737965630301
b31de0d8e304eeab,0.12534594661695914
5738bf5ea59fcb0a,0.11167745486801706
402c7edae37bcf39,0.11029809848623143
1d79e32040c6b05f,0.18728471501437763
bf493f6f4a48b2ff,0.07271144365676868
8530681352913ce0,0.07282315671808619
c79cb0e184ac42c1,0.07485913343890563
32ecd92eb352979d,0.12492873685490176
c9a54261284070bb,0.07282315671808619
e6c2ba81e397e33d,0.07532814355055739
955bdf4fc9420404,0.07738460856510077
b180a78e50608ab9,0.10661282078733354
69484ff0bdf4b104,0.10320938720207444
8d62a01ddfa11fe9,0.11682138077031157
12c3df9b72ef96e5,0.07289754264212145
12ccc513557a0656,0.09318614550155911
2aaa9bc35f4acee2,0.245270093872749
e31d14248a98a72e,0.1169369180389076
1058c1f47fca2b81,0.07482609161819595
02ab14036929f70f,0.10032384434764775
6880fd1518aecd04,0.09135993188531014
580068eee74ae5d6,0.07268215966562819
fedf1e1bd320672b,0.08779448957027702
d47c1d43f9dbdf92,0.07519904131584232
8a7fa6c84cb2b0fe,0.08894628090333331
089bead0dc0d7c16,0.10454675733838392
3f12eac5d776ac9b,0.0752369982980433
2b55254bb421a326,0.09658645424720654
16721efb42f49e40,0.1279913476253445
87ada6cbd040d527,0.09477699714715943
c5c4d8e14015f4e3,0.09755451299404796
5d499b0e085f025c,0.12539540996858592
183039182079fa48,0.130646569855483
05d6c8a5d3db19c4,0.12744764082848448
4477fb4e0a476ae4,0.11788685172009818
3965182266dda565,0.09953164056574809
72bafef29554438a,0.09030815343430561
1b31f23c3e55dcb7,0.10232376534464538
66c42c9008125f10,0.11367704700502634
5bf14b82c919f706,0.09221468053942983
2c7401c2798c92bd,0.07723137871159144
4adf517216b1dd47,0.07257181170534668
26348c70727fc713,0.12715702352729524
82c1c6b9b0ad498d,0.11017517355513246
1365ca92c2e04031,0.07499928784628998
9edbc98e397ab4c2,0.08995755746522457
1059c066d6e0626d,0.07275563755160044
af993cc3ac374b83,0.07475405157158937
f32194afe634dbba,0.11673690136702013
29de97ac80feb956,0.0988705201601888
e5fb185d8c6181d7,0.0882365329336223
632347c0452d889a,0.12638193985144588
35ad7b818afa2cc9,0.11887308664724162
0e9b47d072e9f5d9,0.0774557895768142
4b2ee7a5a4d7d797,0.09946200551603786
793b579534d59c3e,0.09916710946638407
3b23c46e8aebaa25,0.11456457124976892
f68b741461469ae2,0.07268215966562819
79e144db8265864c,0.07257181170534668
09c4fd90bed2d748,0.12396117706759807
2215efb176105acd,0.11520297737885825
b4a9877c6c234878,0.09153932152542842
529f75ff399c033b,0.1214835628551014
ad20741d26dac628,0.12292808983630385
abee4fe9fcb49deb,0.07271144365676868
80bf7ea1dfa6b569,0.1077663164232594
7d637676608f51cb,0.07492453025424234
79855154621f663c,0.07268215966562819
db630a696b94324c,0.09472948591547692
2c87f55f1bd853bf,0.07303867916439248
05466a89f589fe04,0.25170505149994893
073f9b06f7bf95f5,0.07278264493557679
d8c52af1d9a0ab94,0.07282315671808619
170df691b9758d76,0.11238508235014885
098c223fa7ac1f73,0.10769493987711076
947d4f80370f0b58,0.07715293832364228
66196fa0af9abe3f,0.12261990279137917
356513b3059ae50f,0.09638724611671366
a951ca23d4bdcc33,0.11677571758780168
defaffd4e20a4c47,0.072994554373082
9aeb8ce75c56fcce,0.07271144365676868
0e52e6d570d8f008,0.07275563755160044
d177a330dadb2707,0.07268215966562819
4acf903d98d08aa8,0.16525578420689171
673bd4205f6635b8,0.12036052609798453
17b635201a20862b,0.10411071643546285
e31cdafcb4337eef,0.07271144365676868
2f57ad23a2ad21f5,0.12212916574653745
8c76f3fa81c149a4,0.08583755562691411
7448092b980edcbb,0.11060825954573604
cc3891e28dd031fb,0.07289505326038195
05d416ef906cddf6,0.07303867916439248
d5cdb3c4f4965afa,0.07446827930277508
bc40575e98475699,0.07271144365676868
7227a9d91f309e1e,0.07634520312323542
f83295ed727a429c,0.07350527545301896
44f16ce1d7899c02,0.07303867916439248
219b4d22a5bcceb7,0.07268215966562819
5684d434bf545e82,0.07271144365676868
03d5ff6b9db6a1ce,0.08509430009424337
c402ad00c62dd803,0.07550586451264985
d384f2bb50d7321e,0.1134912850961515
865ca8dbe8ae9927,0.09825263491439573
0cfaded78f4c55c4,0.12796328233813742
c1f9c03f1f673cb2,0.11267121071505287
80784aef1b00a337,0.1087912567943092
2cc7c6c16592cbf5,0.07552310726633968
f816697d9e23576b,0.07971451014706082
e0a3063ee410875f,0.07526871919662939
187c083474d62911,0.0894057353846676
32fe8606c8a5cb67,0.1209613198646172
e3b603a450f69271,0.07325058860189769
13ea25fe500d74e1,0.0891945272436604
3465f2b92e5411a4,0.07282315671808619
f84c04deab8f0a53,0.15363536876376735
ce64b825ce5f48e0,0.07282315671808619
a03d161faa6231d7,0.07282315671808619
7b73399454d06d9d,0.07271144365676868
726ce1fc6c05064c,0.0999674255983353
0e660e2441745329,0.10438880276977755
d4373d25e109dcb5,0.13559107734559706
6c8ad2f1018079fb,0.07282315671808619
485cc002fda9b938,0.07268215966562819
840b1b00c51f87cb,0.07268215966562819
e7c9e19e247f843b,0.09299215976836381
4f97589fa05c40f1,0.12065874179625341
41919c492d55190b,0.12455392249875918
8fc6cb3936ed4ac6,0.09052228265118295
75e3076bf4b29ba8,0.07478526576029335
8357351f6977683d,0.10108381072939628
1a6590aa6c3d2a06,0.11026171649042309
6b0dae5047e0ba12,0.11687786273687634
6f8bc4fa3d91a3dc,0.07554628329963331
e4aecbadc139b9ec,0.0905597296539343
7616bb2872e18231,0.11426198499750637
f97102e411194f18,0.07371718489052417
4f25e4f4959ce4e1,0.08733769727077609
46d34ae6f3e900ba,0.09812222956532837
73e3288eeb552e3f,0.07278264493557679
e7010fbb2150676d,0.10014840702146892
cc2c1c680ac82832,0.07289754264212145
d025b02417a63fbb,0.09621578151161123
08070948781ecfb5,0.07271144365676868
2bdbf073750d4864,0.0946788861805713
2783928eaba81305,0.11966819689200814
51bcbc84c0f437ad,0.07470900780793606
dbecf7b9325b78d3,0.13669897891612254
39b3096dbfceade4,0.09647350177938183
4299599a54525066,0.13014342401717535
ccd92654fb1f721f,0.19547763148039182
ee1170819ca7d594,0.07271144365676868
c30ab4f74d33afa9,0.07264457792879861
40f10fad12afb51f,0.09396736227094199
f4e63fba51ec3896,0.12105893639521101
60ad4f8eda2cf6d5,0.11875517207926939
4dfcb17aa4236952,0.09225121027862702
2e54d9b1b4e00337,0.07503469566090687
47a9e135733c2ab4,0.08808466946191959
4b3c22d3da587d59,0.0965236800595759
ef89abef9807c003,0.07478526576029335
e7530eb737c85931,0.07586437887211439
dea26fe32dbe26a7,0.10058094382893928
08133a148f3d4ed6,0.11500712882909585
d39b177320bf091f,0.09664063087515543
c2eeafe05948ccae,0.10071540022317607
73c8d1e2bc9f517f,0.07292335309427389
0dd4da33e5e18c44,0.08874604342362133
25e076876a1fb6c3,0.12332549148357722
873d0ca47a7ce61e,0.11267610496081114
930d090798b9ad8e,0.1111686078557691
98e38baebfb97bcd,0.12212068858884519
9c779fba6fe0839e,0.07268215966562819
5bb1f9fc76a02c1b,0.07764573531338226
f83de39c4e518f6b,0.1676042102619978
10bbab1f08d2e6c2,0.07278264493557679
ffe63eebf605244b,0.26361077100253816
1e55e67dbb9fa1ef,0.09326265484925772
e53426cca968ebd9,0.1174424435626196
51bba86dd8aaec50,0.11950339532894702
582102afed3c818c,0.07507106435723884
b280a8fb8ffb9bf1,0.09042016627998867
e8e7ee8589574a45,0.07680514850848902
228ac1a17bade85a,0.11665461631772607
2bb37b0ac11a0c2b,0.12037431114732641
5588a1f5d8da9c77,0.07435656624145758
a46d657f4c9bc8ca,0.0759109806005864
7373ad47c61f558c,0.12133869283576934
0f1fcadf13eee28b,0.12005475006576433
1f8603bf90774382,0.21088505350399286
b0dc746e7f7ac87b,0.07755866267469191
82107223b7ff9788,0.11280550690888286
a38cbc0aecaa644c,0.0970480892047469
61dbaab39e7dbc01,0.07257181170534668
85064aac24d665cd,0.07268215966562819
48be998c9a3000d0,0.08065406793331015
26b2daccb2b045e0,0.17120840836487008
95198d21e3fae237,0.07478526576029335
b2a2d7a18404d7a4,0.11307466580564715
6b178de020b8598f,0.08421683585539408
38c1b19633279892,0.09698033691239223
186d5468edde7455,0.13560485686946971
4f33d36d7b629852,0.09133213660089286
b955eeaecbe25ef7,0.12579955963771816
39ad39dbe012b34a,0.17964312386717032
929e8e2af2403da0,0.07542329900449207
fa22cc093dcf1822,0.07257181170534668
f56ff6b1c2817475,0.07526382721940225
56b30f44349ddb92,0.09474608592438896
617dd77adea9e711,0.08469693342109283
4cd7a91de7bacdd1,0.10767981015828659
c07844f4e94ce116,0.16572906507421142
692bbfe3fde429f2,0.18283557864913466
6e8117bf11d2b904,0.07479270198880034
27efca94126fb8ff,0.07310696269788716
4d2a406b540c41f9,0.133704547788949
5ca9c8756c163b0e,0.07313679302981418
c10aad8b54af6017,0.10029517844070421
60798b007f7b4637,0.07593142756768645
805031b5ab834e54,0.09439092945563698
fea6be92744b0c40,0.11825657610363113
284e4bea4a96494c,0.0832053027805667
4db0c35a634d4fb9,0.07476629970651337
351dca6bfd544a21,0.13184412394603529
c36cc7323d4f4de5,0.1214095242789344
78c350098097af6d,0.07268215966562819
1404eca61a3105b6,0.07257181170534668
2472a09a3e602f48,0.1124319745330711
5f9d50958df392e6,0.26012085154170855
ab8fde4ac70ac766,0.1283643765568904
6649908e57ee98c0,0.07271144365676868
6f6b426a42753b8f,0.08007509918450098
9f89dd1b9ea145e9,0.11436780117483444
d56cce1c1c4c9780,0.07495188535260966
fd794932c3ad58d3,0.07268215966562819
901c8562d025f79d,0.07493850813002617
2460966f3ca7d3bd,0.12318408675489859
41c6149d1848cad1,0.08090881945639475
2c948ba95eb3128a,0.12982050858090438
0263f07afc6e71f9,0.07271144365676868
59520bb39396ae13,0.11676855690008305
096e1b740c779095,0.09378155015055033
13bcd446b5b75780,0.07275563755160044
82652e7aaa1e423f,0.07268215966562819
b4c2a047510b1d1d,0.07268215966562819
8e95fe1172cfd49b,0.09322360601748873
8b3b319f1bf34127,0.11258639133711171
8e876b9274c5930f,0.07289505326038195
74c8dbccca14e4c9,0.12316354593539386
a13d2861af1b8b95,0.10224542836188232
3d0443784b9008d8,0.11393463425671224
30a6c22faea5d219,0.11939630461709767
8ccaf0cd13ec8d69,0.17015035117741145
ea79b75b6fa4e024,0.09742887458261129
df41150fbde2201f,0.09058251459068548
6bfaf27148ca783a,0.12500877394328277
016b24ffbde9f2e6,0.13135361561092626
c7f17aea0b57c810,0.07275563755160044
1974cb4a4a5105f9,0.10280130545233823
ed6fb2d892b20325,0.07479270198880034
029aa7e7739f68f3,0.07495188535260966
1499ced0a7fec031,0.07535228368557514
1da835ae2069715d,0.07257181170534668
3b48789ebdae6cf1,0.09757979111143686
b2501a34b4204e11,0.07475405157158937
4e1bde0d2fdb1719,0.08791659526717176
bd42c11dc1ea52c1,0.07268215966562819
dcdd441194892326,0.09070373293074024
890cf601bcb4d1fc,0.10628306605538168
efcfd07026d6f75c,0.11419963180672503
6e5921c9eaa0bbae,0.09035507445642799
076e6b937f9e0f1e,0.11560082651769786
fe7aa6148631a52b,0.07536409266874045
0204709b122147fa,0.07278264493557679
3bf87c4ce9af3343,0.07271144365676868
e5d3cf73e07cb881,0.10482862354429431
d79da024e674f570,0.11223474218490145
f137410611053710,0.08749728878495494
4b48a5ea7d8db38d,0.07310696269788716
6e5b5708c1bbde63,0.11244508063736075
2e21f1e2f4f0d11b,0.07594735187816351
2fcb7b875a97fd67,0.10763989728337472
c9c50dcabb2aaebd,0.07275563755160044
ade709965be588c6,0.07777912424552094
e99ce68035fd1383,0.09966991069200545
9abdf47140639086,0.19132187799599984
c0370f3f688a69d3,0.13033924183375145
023ecf078fbcbe04,0.09755012224947524
9366b2145d9ffbaa,0.17094351447345135
907dcd98979cefc5,0.07271144365676868
1430d1f8417967a9,0.09402294101551167
12cf954bc6f7953f,0.1572936075400691
9f439978c3ff1caf,0.1319286602832592
3d566b52640665bf,0.12595819029002836
1da24b04359879c2,0.07488871702005429
5fb8e8cdc5a458af,0.09221674127940807
69f63de79af9dd49,0.1095953652727136
078cef5b5f6aff6f,0.10527174294561928
ee64ad3ef7cbc727,0.07268215966562819
30f789de29e44c84,0.19206703054219587
ed6dc35d0f6c3f4b,0.18993925415863602
24171dc6016596e0,0.16863467444493002
d9753be4a4ac4d5f,0.12457399243927608
08b18f56dc4a9978,0.09235348434301235
2fe99f58d73a842b,0.07257181170534668
231cb4b19f8ddc4a,0.07303867916439248
a0f57bb92842d2c6,0.07515843897826469
b451e5af95310e52,0.11354106516782714
4d5e3c273bff2df6,0.1084981253797011
69445874395ad7f7,0.07264457792879861
72d5eb4d04446c06,0.0753714813391807
676277c834acaafa,0.07441379598909635
345fac6fcbfce3ac,0.11342739353460808
77268d80339453f4,0.08799292185171716
0a3d332e3608b10c,0.1270211362561553
3d3e247d278aad6c,0.1359521741728674
c6d0f1503380066c,0.17001611988575502
a7ccb8ff054ea663,0.12539722288417868
d3b3fd3963b35751,0.12657071997176111
e361e82e1559efea,0.10802333686378429
94f03a339108fe12,0.07282315671808619
0d6b47fe3047807f,0.09665184865727225
f0d2a9398458201f,0.07534951311383598
8189ef648444f31a,0.119264059416282
b341aa9047a23001,0.07567470174236413
0b603f589ffe5334,0.12936000811613135
dfcd5836b6d7807c,0.13438116468041536
c69510f82760fc8e,0.07482609161819595
bc2b0e3b0279f394,0.07282315671808619
9e59359a937dc386,0.07479270198880034
9bd6fbbffc3029b7,0.08611642460236829
78533ed0a4d75031,0.1101168809727199
24d3b857d9ec7516,0.1209283262891397
d9f1874f6346d786,0.11216425718283336
6588a72e611a860f,0.07289505326038195
52fef00321899df1,0.11726305349515916
b3c2a81210323102,0.07500787827103939
c1501d30afd688d2,0.0959979163597948
2bd1f2fa8a7cdbba,0.07475405157158937
7472a7ac18cd8ab0,0.11595436660038402
b1dcab1c1027e375,0.15008629875035823
2add558fb5890d0f,0.07278264493557679
51a6b2ebff82bb8d,0.10614498545666044
3486d76917d26380,0.12132264930749315
7d9915dadeee6dc0,0.11319037802302011
1a5e5859e62a5ff4,0.07268215966562819
ba7cc06ca707247c,0.08969317437931537
3c42318ad81df936,0.07282315671808619
e7f32c62736ba8ec,0.08410878940893476
01970049a1d79ee3,0.12891798728593956
c34d08417ccc14e1,0.11111198749696083
dd08d7511ab95a7c,0.1020259270995317
147c9ed162930636,0.12728119505013022
4d55d8c7e32d9a9c,0.09978527160795703
1df22e6d0f4be856,0.0887099816217001
29e5cfdbc9735f7b,0.11296677607735672
529dfd620d6ee22a,0.07724294936581111
22b829fba260c24a,0.07561943818241247
712c502ecc45cac8,0.07282315671808619
2806f2b7f968844a,0.11483326210741576
1ff716c957da8f4c,0.07268215966562819
33a651d1e2266900,0.178798821495496
01aa41460821647d,0.11909935193746905
2728591ac3aaa7f9,0.1288917068970015
62153e0ba99bfdc4,0.1271019779095574
a336835871390b27,0.07678695816808098
66040815dd14bdc6,0.07611127754595384
e0d8f324ffe3e925,0.09292325700621235
e7d245b8d234167a,0.07441379598909635
b30acd5fe8990b03,0.26012085154170855
8b87df65e3f61018,0.09481638015881386
92d913128fc856dd,0.09074679740526595
c1aa97bf3aa49c01,0.07371718489052417
37b85ed57524087b,0.13577247793121977
fbbd2368a21a9e6b,0.09561112064467328
39795c53fb16d719,0.07672140694608737
6d637bbe837caf77,0.11174565046260074
ac09426ca8b44dc8,0.19754961761934564
0007a5bb7310d604,0.12476136970149931
f8c5400d321751bb,0.11800624476430151
5c5d74b2ed3fe0b2,0.07271144365676868
a0d70afd5aebab39,0.08974212183084404
dab67f5669ab1b4a,0.10433458348269012
b094a6aee2983e4b,0.09179312448435151
76eceb39e4bbf598,0.09783476031389599
08792ceaef2278a0,0.07632827215769077
421639eb32096298,0.11161313722285397
3732446a2dc0ff2c,0.07920919533825743
f42e7bbaae983e33,0.11545198794936443
1d7a33be5e41401e,0.0935640019294077
c94efe294bf687bc,0.1250211682990217
54153bda194f6353,0.07271144365676868
275f14633d4a7de0,0.07271144365676868
7a750521e7810b4b,0.1277746854801347
b94bc2b4bd62e236,0.11264061518844458
3c2076842f11afcb,0.0730350661555914
53c3d245534bdda0,0.07268215966562819
bee1ce38b4653a33,0.07371871538855926
7fcd7a8a7c44d7f7,0.07289754264212145
60fc2edd396bed1b,0.09732101965357993
df7a1a739d1e3d31,0.10986692760051217
293173b622ae6047,0.08794121114077244
c18a9f29b23ca49b,0.07361698851433648
4497cca94390df91,0.0789563833275092
40d9096835771f2f,0.12736537535498502
ba30e997b8338d76,0.12728101110640708
56d89283c0f5c7c8,0.08881007847196892
f460984ca4f4f1a0,0.07482609161819595
63585cd6e35862a2,0.07479270198880034
26e41712e705d5ad,0.11038396135123547
0a056eacd56539b4,0.07268215966562819
9060dd63376b8616,0.10045694904055333
f11e51ec27009738,0.12004542807405584
d0496dc870887d72,0.11399587592618926
65fef6d3fb26ca70,0.07257181170534668
a586684b41fa9769,0.13804310272522036
3bb2f0950e70a234,0.09566704646555296
6c6a97e3ad10abbf,0.12796808984767258
ede33053b334b03e,0.09719738586509052
0dfab1673fe84ab2,0.07461203811881129
f65b0230673c2e76,0.09074842026795144
5618ac6872992ff3,0.20533434847766344
77febd71dc7777e6,0.11146781699287509
7f54b45c8c0b9310,0.1214926006585639
9273e3e5412cfeae,0.11412280236242003
52087475796918f7,0.07593142756768645
643455f14aa1df04,0.07257181170534668
d1b24b005a16d2e7,0.11459000401943763
88788f98d41f9611,0.11993149480804009
bbbe50af555f1d68,0.09304246458211904
1bfe964817713a25,0.26165814269243903
40d6df07da814020,0.11148091430622101
8a96d0eccabff7b3,0.07268215966562819
439300a43f735490,0.07257181170534668
bfaf88448d1869a5,0.11267044475141949
1eb331ca2d61f16e,0.1141847859909717
5ad8f23386d2ce42,0.12997009857446157
69ddf95fb1e28199,0.11830530714963383
6c224fe2f90a4ac6,0.07747237764756335
7d2d81f3b2e16bb2,0.1106312427041772
306bcc14dd7bcd69,0.13408863525961517
db0b579d4d6c3202,0.07268215966562819
5e7670a553fae63c,0.10253700084522394
999f8c054ed84981,0.07664059531473254
645969c8fdeb22a1,0.07257181170534668
6158cad9f5117a45,0.07760986463120759
3717d43b0bfbe61e,0.10532350364405646
8ffc981637d61bb9,0.07944168643862243
8b934f4c25070ad8,0.08778031497497416
15701cad20890a02,0.10212908351090755
4a22e527eecd22b2,0.1160620727557223
6b7e69ddbeb27f14,0.11898187058330595
c44f66a5254d5ede,0.12925696560903224
1dd06cc994df91c5,0.11916435194646702
43da23e0c905b332,0.10735970043083524
cef6bb5fbd6d7d4c,0.07257181170534668
74e65522686e974b,0.07673709586450367
b2ec41e4d4e17991,0.07561943818241247
7adfda5837586ee5,0.09271408550486379
7be7cd83da184778,0.14842210118811372
331453c919db4a8a,0.07271144365676868
1ad90b2ad8ec5751,0.07257181170534668
06f305aa47e1f3e5,0.12029534275168732
5d77b6a032a98222,0.09016862773146685
2fadc388cbe136d8,0.07282315671808619
3a64f59d79eebaa0,0.08814108296466824
e9d4d3a03ce54237,0.12933366687891665
5bc032bc2d4db536,0.07435656624145758
42afab27f6d63b09,0.09603388484844749
0ce59aff9d61ddc0,0.11724401193964118
c4b23b3e64f8fa59,0.07282315671808619
df5826f4adc2407c,0.11312458268171621
1006c7d207337c5d,0.07443023283880366
74f20f15f7388f9c,0.07268215966562819
e8c69436b1cb3320,0.07596930005187902
609680f04da9fb46,0.07278511025411477
060d99e1fde9dc79,0.07271144365676868
6555f0c293c5a1f9,0.12858703268716012
cc835ba475e9656e,0.11130835386224447
960c65dd29d3417b,0.09232948201291669
c7596c71a0f505bf,0.07257181170534668
3f3297df319604e8,0.10881791419850419
21c886bdfaeba657,0.12634288232322094
4c47eb742008376f,0.09934159060766304
0360ab7e3c03e1d6,0.07771912202834771
106e8c5cc993ce96,0.1047340584301406
3f189ef767336273,0.09915486266710555
d87c2b5ea60e2e70,0.07282315671808619
924a02ba0ace2e0f,0.07325058860189769
e0a93aee5351fc40,0.12236556530085171
60036012aab0d68e,0.10008715889421083
92196298fd1f0a2c,0.0962167062117997
2c9507cd32c0dc32,0.07271144365676868
f138d3401d1ef8d3,0.07257181170534668
0550e84ce3342ea2,0.12842634941058886
433b7b91aefd0d89,0.07257181170534668
2f084abde9824f95,0.07350527545301896
aec34c208a4086e3,0.13629016232394023
77832263f798d3db,0.09881482897808957
423646a4264a51ea,0.08909347835983852
99a11463587499b5,0.10297724127181299
5666dcd2f61e1fdc,0.09960334218274587
414bb3e31a06b128,0.1234807351632054
9825bfe27f61ead1,0.08499768232891203
3e8b0ac764ba974f,0.07268215966562819
f494e58fc4f527c1,0.07974640351730874
4b3ed9d300487cc2,0.12498326813410945
064d5daca103bb1b,0.08695180623712657
1a4b5aa55f664cd7,0.08167711947996617
65fae5433da58938,0.07634520312323542
77df36f32951641e,0.07282315671808619
2734faa9175621e1,0.1839646231732619
6952ae6c0325e147,0.07257181170534668
bc49ff32a733b5b3,0.10092980542456081
ddb437f22bdce5ad,0.11547674378257873
ad2ca89540526e80,0.1214248103740732
8eb86976f1f7faeb,0.132093451074261
351b2cac3bb60649,0.11626652587667807
f3685748a7717d4b,0.07257181170534668
af64f4a787a28c01,0.07371871538855926
e41d8e72f6a6da64,0.07567168754524674
43199fd3cad0d080,0.10048980784042688
08639490dad5a32a,0.12246398362761032
251545c20caf2d9a,0.09094253032934642
657fbf140a397f3b,0.09042925050213849
d28dd01372e08f90,0.10375146569735294
fb9bccbf5affc835,0.07268215966562819
0c3e0f0e422bc214,0.12486157268076313
b6fe616b3ee4f983,0.10657458750788083
1a05d9b0ab2c483b,0.07972561912949253
be053c37d8d326fd,0.09924347128567515
b0cc45542dd09eba,0.08988005561253154
0d1c9ebdc72b57f6,0.09853665520672497
926a38d305ede2ee,0.1266249466479118
381047d838351f95,0.10286047533664196
5afb977a1eeba5b5,0.07527290899445463
1ef7c785c8633cc8,0.08055185505788356
2f0bd78e22c8874e,0.11036522941574854
2765e2bdf659e633,0.07268215966562819
31756eaf193dde51,0.07435656624145758
ba5f5a3df72c6be8,0.11997030840703657
90e87591d24ae44e,0.07705328396374006
f9f063e55d3db8b4,0.09695221377346762
3ef90711b7e5d86b,0.12043133183936663
ec0a6ecd2422c215,0.11668912704024953
2a75009bf5006a5b,0.07446164810877384
9edf622febac0e4b,0.10213737936188153
9cee551773541f4f,0.09207211966424841
2a07f1c2d7378d29,0.11339366143597081
aacdb09c08c9a960,0.07268215966562819
df9753fd02aeca78,0.0895929593694603
ecc853e05f1891ac,0.10170734103984982
859bd8582d3d2811,0.09998101421169112
a124273d56f60796,0.0975099137890772
9cd33034524d6b66,0.08727634153489416
9e58973154c42431,0.07368888505663224
fe78518186335668,0.07278264493557679
0c195b45f68a8952,0.07486924639965842
bb6b109cc9317218,0.07282315671808619
a58342d3aee051b5,0.0750576558755634
48f975291ebf9397,0.13106235877771785
672604676c29d735,0.10826419341614632
144b0a7e9cb057ed,0.12654832105926866
02ea6c1ef4cf0b61,0.07268215966562819
fe3c47193f742bd1,0.0752369982980433
782fd306b790e8b4,0.11218081351824571
53f0ab0c206a7f5b,0.11922139146236654
2d15bf73a2700357,0.07728955368572354
569b34b568032161,0.12001447521237282
d98474765b2d7880,0.10723027901075946
f3088caf81ec54f5,0.12883210390817534
884de3bae564118d,0.12020123165962374
5b62a55571d795f7,0.12107843417440227
e860976e6aaf78f3,0.09440400218466216
bc5f8d0b2f9683ba,0.07271144365676868
92555d85c6369cfd,0.1254879667050179
189861fc294e0daf,0.09194652495608406
b8212e2222eb4313,0.07268215966562819
53afc56ddcd63d8d,0.09679852359400622
0592b0cab7becf5c,0.08730001145037738
ac4cbdd76a84da91,0.1030761291938077
f2eeb139d518ca60,0.11175781295485865
e02fcc8b8b63c0cb,0.07475405157158937
a7f194a18e15e185,0.0932996157028661
b9b57b5beadd1490,0.12102484889323392
357c4988d289017f,0.08691889157477005
f0d98c09bd71837f,0.11676044162298135
b1c0df4bb0c82383,0.09935696196137517
5bb361813a233522,0.07434253804587267
c3eeda7b200e2c92,0.0754521715559836
db0460b8a23a94e3,0.10296777231899212
3c80f795a35190af,0.07271144365676868
ecf5824d8b392491,0.0771302147952567
5fc7a11376239e12,0.07268215966562819
2008fba1ef946ecb,0.11709141851491864
e2aa59fe541e0ac8,0.07479270198880034
09b5c7802e6b561b,0.07278264493557679
988df0719acbb76e,0.09630040631157458
48d79ec301d31948,0.07712705827350355
d288ed9b89b3675c,0.07717997731155402
75abd1caba2694a1,0.07472410323253825
3660f3c735d8a187,0.0866121787043189
0440ac4598276f6f,0.11417117449908215
836bbb09e4831df8,0.09472802731555813
51432ea27e463eb4,0.07500952344894307
3fd99194e4efb12e,0.07470900780793606
ef1b4ca1f2c1e357,0.07271144365676868
70c464af7e1cea4a,0.07361698851433648
54c64f47d761f86d,0.10866382818168328
333dcb05411a601b,0.07482609161819595
11861d1571dcc3a1,0.07546440515170957
20e00d08f625d409,0.11313698972848188
8574c4f5b2db8c92,0.10600905344173885
95feb433faa8520b,0.12355406518515559
1dd496796a5dadff,0.0750063686662884
c1c248e8483e9ef8,0.07532814355055739
5e0dc0f0f0ea48f3,0.0838086854332882
7ecca4d6c9eac123,0.07726034634057968
58dbf7650b2286e5,0.07271144365676868
4c62224901fd183c,0.11289336426453646
affa636fe0cafb15,0.12132686054003541
c9f2c416d003a925,0.07268215966562819
c19024a709757f11,0.07735412803373307
d3444b15af3a9536,0.10033619777249618
2f54cc2167b0cfdb,0.07478526576029335
d974c7d47092679a,0.07689503800530334
1f04a25da2b17ee9,0.11782573859722296
f133299dc49c2bf2,0.07275563755160044
9542ec8d29575b20,0.13382455790741257
6e476b773a15e2f7,0.07478090435023182
c468f0fe05876276,0.07522450841536432
1bdf15bc47508221,0.09966387214210062
687b1d6eaf1bb287,0.11625732744450021
fc8590ee9d55c5db,0.07292488359230898
a4379a3efec7361a,0.07282315671808619
30a2e56d4d608b28,0.10057577626955835
4b400d52635e28ff,0.24139241599619496
992d4d4846551047,0.11741868915734535
b91c089133d42f62,0.08429659945217297
c98879c523da912b,0.07282315671808619
7c8f510d8af822b4,0.11704065027260768
9d674a6212b3431c,0.072994554373082
d3da05b2f284cb87,0.09021703577821269
853ab873686c227e,0.12606430384662953
ee0d55e13012503e,0.07268215966562819
fed761caa06202e1,0.07472410323253825
7750406f980f78c8,0.11864557668455324
e8770d9a28fdaeaf,0.21012629516372486
4025856444b9ab51,0.07472410323253825
1d0cc87631f52974,0.2421596139731995
f87d2af1aa151b69,0.09188830712951909
e2746f6359714da0,0.07535228368557514
6b20c519964ca8fe,0.07647637796573292
ac0ef70a6dbe1ce0,0.07268215966562819
29219b6baa3ffa60,0.09238303407110576
ef5245dc0733939e,0.08871543031571516
26d625d3997169dc,0.07289505326038195
ff9580c0b2b1a370,0.10473777215210636
bdad383d41eac454,0.07268215966562819
a6bebd6247dce4a2,0.20311092927460542
846ab5063b60d099,0.1313658249095459
1e342d4cd0cd2bac,0.08836829967818094
b111d554bd56dcf7,0.09637129733718097
9ddbb649643fc0ee,0.115718907287153
0dc9c8998b42da67,0.1233897825535945
80444594c0d4b5b8,0.07859759818275991
9bf8b2752ad4d752,0.11561530882565928
794812675f553fb1,0.10822382260527402
c60c7cf09844c202,0.0779424700391278
06559b4012a85953,0.07268215966562819
dde7362e34a81ac2,0.08064164307158933
fa1ccff8a7481b47,0.12494453388023499
89c1eb286bad23b4,0.07268215966562819
b389067306356b78,0.0953676891262195
a4328554fc4a45e3,0.10828306257707027
fe2ff0422ecd1440,0.08463845234105363
e1f0e9e0dd1f6a8e,0.0951061787814721
e431bdc8db1622e3,0.09932694703452152
54d5ddd4fde3db7e,0.07271144365676868
d6a2262fc314d2a8,0.07933244328699435
e7039d9ed0ec0c39,0.07268215966562819
357fb25344e0d8ef,0.0779803345386742
8479ceedf945cd0b,0.08360866122008934
30e12f447d932d19,0.11498477742517484
a33acfadc007c5d3,0.11893709086537262
32b72fee7f2bc37f,0.08543773596074442
e2ef0cf7c0138e95,0.10831671793628839
c53a5098d3feab43,0.11809144306154715
2d1a504956a9bc59,0.07268215966562819
5b9d63bb61f11842,0.07282315671808619
f8fbcd4440a074e6,0.10608826751519343
c18b0ab8490d1c66,0.07715817064541847
18cc6b0ca558d790,0.14370942207288823
c78d6d8adb708879,0.07472410323253825
928fe114a90feded,0.1131156105934758
806b11fae1f6bd45,0.07481128131922815
ac8d5b4456a25f98,0.07325058860189769
0de3b4e998fb61e4,0.07268215966562819
0344ee3e70daaee8,0.148612137055656
9459a694f708e7cc,0.07257181170534668
f8f24bc3cf3562cb,0.07552854622009217
fca0d01a476eb58c,0.07532814355055739
ef25fb3354e1c732,0.10859226399798182
83ce56a22c714f81,0.1211216675913855
781864846ec190fd,0.07289754264212145
99c27791616e6a14,0.10046866889343842
f00a56545441ae1e,0.07257181170534668
160c77c56d0bc3b3,0.07282315671808619
6bc7f7e6a8dbe398,0.08656335926249595
565c31dc34339cb6,0.12736643893528155
d47a57dc58d8cfca,0.09545517914310206
7d91fd093f331634,0.12674927920950876
a33fd6143896a064,0.07275563755160044
af6776fae916125c,0.22103809291829432
eb63791dfd566fd7,0.10526347944765733
fd94632e98a57fd7,0.12913453053511856
7afa48755b2905cd,0.18456427683711604
cbfe89a23b516339,0.10546447898616751
bc9eb4d602b27458,0.0800714259907796
fb8b7e3482eaa33f,0.0828117499435245
0d172dce11eeef53,0.07289505326038195
6cb7efe2f15a8b1f,0.0750063686662884
0b234c8955fa5560,0.08682215744339503
1564bc14da2389b8,0.11821389152946152
11d440c4ffeb2e60,0.07482300189174351
fa46240b99291663,0.10437990044885556
52eb5978e0a48397,0.12593572956659463
bb2cb3fc47f785b4,0.12233720337090026
bd402ae2e81bc456,0.07257181170534668
5b2c73c3c2fab67b,0.07268215966562819
558785e2cd64bd4e,0.11764790865385058
d8d0cdd0e630be6e,0.20947787451914737
54a5cf67504e37cf,0.10885688227673727
b7225c4787addde6,0.07282315671808619
2e444cb3f4217098,0.08296954983237359
ae6ea7b6c44fe6f5,0.1035900236934448
8917e3ac1e161b77,0.10159972090072535
ca8e1b8f4b045be2,0.17011184559851442
b16a002c43cda488,0.1094786738001344
38988311c0c8e2b7,0.11408737129612528
40ac9a289f991b8c,0.09371352775572384
83dbe87c0f3ff118,0.1029342230271219
d8412746401ef6ff,0.07271144365676868
95a1b17435300c3e,0.08929873086421146
9576e0a63d76b324,0.08029207281289971
8e43c1faf8514a42,0.07268215966562819
64462847893bb0c3,0.09949929818672673
2e8d60596fe0288d,0.07268215966562819
e3064eb18f25f417,0.12382613923471918
5c24da1b9f2ac392,0.07275563755160044
ad26aaf8f4bdaf41,0.10647940628635988
a21097bbd8645f25,0.07278264493557679
cffe1ff942479449,0.07361698851433648
39170ff154aa8058,0.10848624727434031
0e2b77f6fe4d94af,0.13350804297486862
4fb4ed274c87cfd9,0.07507106435723884
dbe218b606bf3cff,0.08940710249911715
b1ff3f405ab15e62,0.08962024844743999
b77bd0eb977bfde6,0.07268215966562819
c65c01d13c9051fb,0.12857817387808818
9f7d2bd32579e9b3,0.0750063686662884
1d42bbb95380256d,0.11800578628303413
799c5bdb519f3962,0.09058001420705178
af54b26cbb15ae3e,0.08635747767295973
9ce958c47b1e7d3c,0.1011588193220439
d39bba0520b226fe,0.08948572760389678
c4923735c16e8881,0.07268215966562819
43506b20fd8ac430,0.07520490930493112
685b0ab35ff084e8,0.1227744824551549
03212fcbf4fcc22d,0.13082904857189626
7aff26a87411e8ee,0.11325351196840862
9af789cec1453f89,0.07282315671808619
41f2ebd04afb728d,0.1226378618319017
a3a3009c55baa210,0.2030296358391322
688382bd40810598,0.08303873323713379
42cce10beb6c55b1,0.07361698851433648
59fe211f9aa2b83d,0.11141486251304175
86466c925086fe3c,0.12870929064350237
cd36f54626e83a21,0.07475405157158937
ded728c05e20539a,0.1329850091109487
0c7fd3a164040b3f,0.1351983456594294
614f526f552a972f,0.07539093536817576
cf076cf42abbd2a6,0.07475405157158937
e20135d1136fb289,0.0748657646329069
2b40340f15b07950,0.12716060878460603
92ea7f3ec80af25f,0.1252361537929624
1de6db095fe81c3a,0.11572650385959707
e13432ce761076fd,0.08761368003548481
ae126eb3da41487a,0.07257181170534668
05436df37c119ff6,0.09981828502464031
b9203ce854a26300,0.09614157123751617
e39f8336b7fa1f6e,0.11328497315365825
2d031b0318ea5a02,0.09725424789055827
54304b5c419290ad,0.07492453025424234
e9b3e8a0a4077e28,0.07268215966562819
1dced917867d765e,0.1300890529690204
c004a070a93054de,0.10757267528891891
3fa194a91f4562c5,0.07785164949396904
76d5a2300ca56933,0.07268215966562819
993bd3c445b80c92,0.09062094840729684
16eff5adf0cf07a9,0.1279713335589075
19f4c91cd1038cc8,0.07271144365676868
4ace42dbd199d1b2,0.07724970970804945
8232534ba45ef07e,0.09839726802543923
a2eb06ecbdb56bd2,0.07282315671808619
e33ca091fb503e03,0.09001444950941909
8b65603997a5d0ae,0.07289505326038195
c4702fc1a3b838e1,0.0754546503560749
0a2ca915437c9a04,0.07496749150712967
6e4d60a1e5913350,0.07268215966562819
0eb4def034c0e542,0.13194264588677818
0dc7bc6ce45f37c8,0.07268215966562819
69c1bc9b1691880f,0.08910311456293127
249619e3bba248c5,0.10573041266651514
8a0925f386616243,0.07584438830716947
c609c9019d1d7b32,0.11486268166434516
dea132cdd56b9c8f,0.13422482028778576
24c6ff18b883edd2,0.1331777598100914
06ea151cc4ea5974,0.07271144365676868
dde1072c2340c07c,0.07275563755160044
bf6234d11406ea49,0.07573246737887915
610c0fee53d0cf9e,0.12545920147009607
fc0691273040fddb,0.11651838279608404
46bbaf2bcdf5a362,0.08672726852387154
6f4198d004803569,0.08027116839558272
3f726ca9a49e022b,0.07282315671808619
2263ab08ec01d546,0.07507106435723884
dc2a61d22023b42b,0.2618251576599323
9cb03c429bd54976,0.07268215966562819
d3d5427c6c9640bd,0.1239394941209871
a356aac05b7d44bf,0.07527409333358354
2c28820cf1ae8254,0.11150072564911903
cf49994228b74e3d,0.0750271753441957
ea984ee0501b30dd,0.09854634370092938
3639d96562366ada,0.07268215966562819
007d989968211b0c,0.09125955047852882
47b004a1df7ac9c9,0.09042093419145547
f09cbcb79049a436,0.1341966875265134
d3e17fc998bf6787,0.098214963045329
0c6c8663f624c58e,0.07268215966562819
52720efef03dc54f,0.12806649866864128
c6a5cca33f57da61,0.07539093536817576
b1208369a0074122,0.07476629970651337
b0563e971ad0dbda,0.07257181170534668
a0bb9373f1dff1b6,0.1277176415910917
607b5d747f350fa9,0.12652670106332548
8945214e2c9cda71,0.15862974478585867
7fdea294906af44c,0.13469516432389675
1f3c2f31d844d10a,0.07289505326038195
248eb5a4a5179bb0,0.1661147260983538
f7522ca250fc8477,0.07446827930277508
3ac3d9675fc09e64,0.11115634689249629
b65116a131be84cf,0.12088807378800145
7cba939dfaa4fb1c,0.1252972740233854
4e484a321de70373,0.11545802342427063
48c00464ee810da7,0.09923264250894251
11c760a8108e0ab5,0.12058802117441914
4ece5849758d2bbf,0.09208459073864447
2d34cfaba66dade6,0.12029113375219365
597b3aa023ec1731,0.07257181170534668
65e095698c6b2018,0.10873032286592897
d4685373bfa64d8c,0.07481128131922815
b2a24aac339b046a,0.10154993239269923
d018e1502c830522,0.10593306395493471
b4a5d705266bfd48,0.07495188535260966
1bc1ad21db736edf,0.07446827930277508
3584862144963b16,0.07479270198880034
64acc3b4a0341a38,0.07257181170534668
ae1b7c2913418b6f,0.07257181170534668
5ff184c18b029b7c,0.07257181170534668
d407cc2c1f68ef5b,0.13947205223240403
10610f40d2c4beb2,0.07282315671808619
a8e72b280bf38b81,0.07487801276783088
4802ee9701571a2d,0.2765570619774301
c0ba503ad79cb130,0.24484112563535534
a428e18a2571696e,0.10507010562221454
d973ea3bf88a0f3e,0.12338602341544358
cca48a6fecdefbfd,0.08712344391769186
387eb4b1c9690ed5,0.07472410323253825
f9b045f246df515e,0.10550467648969103
b8aa274fe0062de8,0.14252410234671042
9d67fee3adf9e1fb,0.12779202927543176
3196cf2ddaa8893c,0.10938151778800789
c6cb67394ff79930,0.10972294905421068
b713b9f13a1a825f,0.0773822758294577
0c55301e8a9a0e8b,0.11772159177416866
06cf6a66edc51d64,0.2578307364756114
73877568d5adcb7f,0.07268215966562819
6e713b6c6d9ff701,0.12140346602128002
35b98290788b0e15,0.13138180550423967
c1699d21d21f249c,0.07641484101869478
4d4b1f0d9defbbe6,0.11748268183144073
c1eb4bc9fb4e0c7f,0.11129659900799127
ac64ea4bb93cb2ae,0.1310585555027137
a6c0198d0ade9eda,0.1809122380327064
4ee5d36590d4f29e,0.09434543298562797
39d7718a5529cc62,0.07268215966562819
4f6e36e222d122b1,0.09419309879471366
f7b65c4533428cbf,0.22058910111187205
32839e57f8e1ec72,0.09881056316273225
0a631a26c3a1a8ef,0.12745634607765347
42ae365efff05b84,0.07776476073517569
aaf16c83ac07884a,0.11932223192658832
e3fe57ec38bc0cae,0.07520490930493112
a269d748b94103bf,0.0957186183420494
29320c0461eae48c,0.07257181170534668
98b75056b390e87d,0.12147391701697212
a18aa53890bd84ac,0.12187885358305188
fc5a2a2354cb11ed,0.07271144365676868
912408725cfa628f,0.08879444888625124
6453b1a068b68ddb,0.1155341014762754
d95e854d614ff5a3,0.11448101790933507
85a79337144b2a84,0.07721751420666487
b5e18d3eb66f6250,0.07257181170534668
3b90fc3f1087e3d5,0.07303867916439248
36f89bae0e5df26e,0.0913305411753474
7de9a21c9a6df7bc,0.1447079820243284
4ad662d48155a76d,0.11330721308079007
1016d05cc8d07dfe,0.09539430854905917
b0a028857d9a81dd,0.08507518412664725
c7da65ddda5ab002,0.11673002065886354
8faf1048140782ab,0.10255996102125964
d0f1cbe5f5c2cc97,0.1222030226855599
766a85256e2db000,0.07292488359230898
83f8495a5ff0fc2d,0.07278264493557679
a57ac84facc6651c,0.12543058134721108
3e18333d2d1812a0,0.07257181170534668
2e2c93c0b28242d7,0.115271917331889
290025e556e7a964,0.08408514148014948
34abf7197c7817bf,0.1018769029468154
4c990af23095a8ad,0.12475670250996732
b30f0e7ab6ef02e6,0.0889577374174101
955f054ef8ac2a98,0.25598143471762036
efdde8377abe8fe4,0.12050384630821176
cbfaa9b940f4c2cf,0.12030462009158384
51e64153531937a9,0.23245527917929373
3b7b80317148399b,0.11047367487304036
b1de8383db45dfc8,0.09399214900824945
0d3f9429ecf4d4c2,0.07278264493557679
c4499c39e29ecf53,0.07747825618267212
7800f7a3f936332b,0.07472410323253825
b837532e3fdf4a50,0.09620896800848422
c681da0099cefd6a,0.07383251096064278
c7acb3b5705e68f2,0.07257181170534668
7072f5cd32c791ed,0.1188129971356793
00b5216b2f2dfa33,0.2805977541572965
b2ae02f82d15b4ad,0.09029715040299072
5ddd4c1db54b9114,0.0994172643386961
3e6fa59b53549aa5,0.07736207893417163
6b853eda68180bf6,0.1199587972024374
0ee247af650122c3,0.15587304426866003
9e2c6c5193f21067,0.07271144365676868
6cb5b3e20565dfc2,0.1254870744179518
dedaeeed301662dc,0.07410382022891317
7244a91f3ecd611f,0.07268215966562819
d5447b494619e05f,0.10164130733050582
d114e64d8dfca5ca,0.07268215966562819
762e061721ae89c2,0.07282315671808619
0359613691f7c01f,0.08575553175009054
ca90a47bd789f6fd,0.09076787670057207
b43584123f43b018,0.07475405157158937
0770e000ee552df7,0.11418720472502403
b396a1df0d592f4f,0.07282315671808619
51ffd9a173cdec87,0.12287000148966991
38e628d583de2dcc,0.07289505326038195
5e444909efb4f076,0.09343842381531785
147047e5cda600ea,0.09832737623250673
02f5e786b6ca732f,0.07522450841536432
b29abac474eba51d,0.17309745146119163
14f09256775b5595,0.0982361933658187
4132a178395f2d42,0.14086429437332001
3ecf5a5ba7668082,0.07452521632365867
f7b8ef9f4baa3954,0.12722246132886772
344ae6cefc6e5e28,0.07371871538855926
9f8993a4d3fd8c66,0.08732006626873606
02fb2d64b2963430,0.10609837829932442
cc3e88fc10db73fd,0.11691081978971449
e1b25ee0d1bded29,0.1298592294968329
6811aeda7c48195f,0.10108947771099969
2caefea2089d3348,0.1239225868221063
06624c42e6f173c4,0.18547482682284322
18d0862452891d30,0.11214915539652531
aeff78b9acbf4d71,0.0781352424240434
3c4fb720d11f542d,0.07530853526305122
ccf649ea4bfee844,0.07541306340183898
72bca5a449e85cd9,0.07510837918251806
fd6a74697a1a9ec1,0.07282315671808619
a629bcd8e7727428,0.07271144365676868
4234c32600399d7b,0.12078362054508211
dbf0f354d6059039,0.07350527545301896
3807b180f301e7e0,0.10076703174980574
5cff8cd0dc4c326d,0.07541306340183898
a28550e03a14c9e2,0.12601951956265356
244915cbbfabaa93,0.07271144365676868
f5d28c37e1483258,0.07670872522174674
625d0351dedf957b,0.10032319843793824
daa98d98f6971d07,0.0941759113479213
aac141e3478df5f8,0.08994240689758737
6e2d6b44bfbd409b,0.12341627767747543
34a46acb36dc8ef8,0.07268215966562819
f709bf78e6f0fe9a,0.07689959300116589
573ce0864f1f1a1e,0.07371718489052417
d6421a369f95b35a,0.08900348253142096
6c74b5b293b1b97b,0.07271144365676868
51cf0713d5fbc070,0.11296890144670857
062ba7304652bc27,0.07361698851433648
930853397c388814,0.07268215966562819
2e48c840c19e48bf,0.12682366541900592
2a51f116e23cffb3,0.09579404194190519
070669d7057f8aa5,0.150095867743141
967936eb15802a83,0.09352455431206028
83ec0a0ff919a926,0.07271144365676868
a35f4a25719a4b95,0.07292488359230898
e646bad2986e850e,0.11471098045289008
8b488afbcc578dfc,0.07769477233756654
13ea6594c14a4026,0.0750063686662884
d0e536523f93f64c,0.07747237764756335
0e5ca22bcfd8c5db,0.12327239202941301
9fb1e891c08b715f,0.07289754264212145
7199fd0ada65fcc2,0.07478526576029335
2275f9dac244010e,0.07278264493557679
24e5ed05f908296f,0.07509971971490562
6cb602b86bec19a4,0.09809767644360687
9325343b0fd3d676,0.0770473696105412
644e5f81463951ba,0.10082346209388197
37046a2dda9e5889,0.07339380993804884
c7df199599dc296d,0.09756020891483977
54e463d760c0c6af,0.07289505326038195
9bde8f101bdb4095,0.08815581823179397
bc5c320666ed7ca3,0.07268215966562819
4e44d72109230bfd,0.11488909410489438
235aebae2ca0d45e,0.12130365929683437
55a1d48711c4359f,0.07482609161819595
c1ec685fcc48d91e,0.09699750818556428
a51c93906bd78ab7,0.1086089743107164
207c0a6423cf7a33,0.0934788826694428
c7693bad80c482e1,0.14209157803946756
36b92309f6e5618a,0.09827753785709875
26ee6d56130da0fc,0.11356104535233069
587c7d36156381d1,0.07275563755160044
50d432d2b52052b2,0.1098068508444936
b738afb14f60d587,0.12053768506244991
1157c08c11e901e9,0.1054504521331213
cfaea6958357ef1d,0.07532814355055739
d8b3ec80ec080d08,0.12596229443798318
809c8f80468b1337,0.10353600749520617
1bdded460bb636a5,0.23171786483499132
96cc52a1a3f13e6b,0.07479270198880034
c97a25af08369f73,0.07371871538855926
0de5d7bc5b46bdc6,0.07478526576029335
c6eca151f8576037,0.09519309251415685
7ef7f606745e05ec,0.07257181170534668
c5ea9ba7fa065f8d,0.27327968873637787
63142c0d75cf9aa4,0.07268215966562819
c396e609d01a9bcc,0.07282315671808619
7c9db70c27860a32,0.10889758697107244
8dd4bb6eda603b43,0.07479270198880034
d5eb724b5ea43bba,0.12511505523983396
e7e9bc7d5e2e5674,0.1321746299464024
24b3176d5020b612,0.1279126572815547
6fed295aff782896,0.2765570619774301
12d17a3ef6b47faa,0.10883772582145168
2c550aa9cd671368,0.07257181170534668
df00e28247baf9ff,0.11589382342754763
9449a45c9d7b914f,0.07282315671808619
9a8393310d9b352a,0.09612253102668566
e1b1b6a194b4b1d6,0.07546986319169421
7097d3e397e94525,0.07292335309427389
e3d1f895e94e8bbf,0.10639852673009609
6c46ce4b2303ecb9,0.09139289124339778
999760aff655cfad,0.07268215966562819
6d526f4593563124,0.08108746141303633
467801b5de42246d,0.10962416112611495
81c9cccf75c1503c,0.07275563755160044
bd1aa64c7a5dcc06,0.07275563755160044
df1a75c489d95957,0.07278511025411477
7e6ebb5b237b817e,0.07289505326038195
1aeecba2c7866fb9,0.0973114663431574
14269028868b89d2,0.07435656624145758
5ec456826b243dcb,0.07561943818241247
e574a546f8e193c1,0.11385663455094991
b0ce65cf243f3ae1,0.11686901145799217
8b8e8a00e6e1fdc9,0.07278264493557679
4a87b2b000e87686,0.12433052822775183
1175204fe5f8cb6b,0.07580163854978408
50a79bbfcd719a29,0.1023274638096463
0d8c215cc600c1f5,0.07579318028248686
3ceb989ec05cb0ef,0.12459891291550981
c7ea3f3ae516dbc5,0.07292488359230898
060631dc9f8845f2,0.09823529245974134
4ccc3fe421151149,0.07282315671808619
fd51240f58f2ec0a,0.07271144365676868
9bb25b00d30f4ce0,0.07268215966562819
1e633867010ad35c,0.07257181170534668
90da0c9b099080e2,0.0881938333403289
f3ba8015df41ef05,0.12250779591944967
7006c751c11cdc01,0.1081379444576336
db5b922ab7ac849c,0.07478526576029335
8ed9c5e3ceb94d30,0.10181009818354489
32bc573af0d063e6,0.07257181170534668
b6f5ace9b32140b2,0.1538989257740892
2acea7857a236b62,0.08857781908784404
2dd5886a7dff0caf,0.10277256231244644
cec7e9631578eacf,0.1854922688327991
aa1276a52bb96bae,0.12387418996578842
f90658bc8d521271,0.09393897834955539
8b65638e31a74f80,0.11391688944036021
233d4e0eb18d8449,0.13623043771882054
95e779988eaf54f9,0.09106542705901768
ce033e0586a41f4e,0.07366650656772193
29007abfebc6bd71,0.11006308144614789
37555eedf932eb41,0.08464180558154916
43f0b7fdd64e4d62,0.08997158583026674
48d11190742f10b8,0.12396290203831177
54167e2d347acd9f,0.07257181170534668
adf2b2540dad8766,0.11457681950877788
aa4854b6b5329860,0.26494005916176955
371dbcc2d3dab4d7,0.10424513158017523
29fd5cd58cb38dfb,0.12251346915318195
276d786a03dacf69,0.08967514474683771
90290aaf619cb77b,0.07479270198880034
80904c6eddcf06db,0.07268215966562819
5232eeb9a1fa8f60,0.11455884365732757
6205daeed9459b81,0.07476629970651337
6b4abc5da4e3aad2,0.11552141483805832
ecce281c5f6153c3,0.12514714391994425
926feb1c20abd0b8,0.07278264493557679
64874c60d39dc86d,0.13082306075908257
1868aaf30c77d6e0,0.09306081409893133
52e964be6dd475ed,0.19359057232494517
4404ade20ca8acab,0.1561497026068173
f6bbde7cdf6430cf,0.27992429582950845
6f9ac9a8227bf174,0.2264042879741499
e4afa0c3ef07f2b8,0.07475405157158937
a85d4f04f63f1f8b,0.07476629970651337
7f3411e87c2708d7,0.09641960858772614
5be924d7d731a308,0.09061400817109591
41ea202bf96f7295,0.07522450841536432
e7d3e68c097838d3,0.12918172833341496
c21ded045b04b1d7,0.07751406023661558
a87de56d4f2dc966,0.07257181170534668
b073cc5a7d5d1fc4,0.09074100692776457
cdbbb57088163b02,0.07412735808011839
97a093dfe9e1eb64,0.2157045751190386
68aafe54d00b3081,0.09591452527570637
dca611f4099c1df7,0.07482609161819595
068c9856fb6bfd0f,0.07278264493557679
ccec2927e56ab3d2,0.07257181170534668
f4239e382087c8d0,0.10602111356879389
a37f1921e2ae64c3,0.0994799870363701
abc7d40ccad7d04c,0.07282315671808619
7be1ba405f826136,0.13194460939072591
82f1ae3eff7b57d1,0.07478526576029335
64bcb6835fcb93ff,0.11658795983405176
8a7d498479d37ffe,0.09183658219245795
ddd893f6f7c67340,0.07361698851433648
63438b2313c7cb87,0.07289505326038195
