id,label
6403a3f8d07557bc,0.06254335164890183
1b1d097ff5b144e1,0.07294491480312991
08c7c3c71a02ca8a,0.1303738228462861
7f09e9039629a38a,0.07475274048538455
1fecfdee265e685f,0.16189974864061504
2b1b1ab99f54e1a7,0.07794087301066178
f893cdb025b56c89,0.1268487231197152
84466d5fc69b1dd1,0.1464167932510376
e0f419be2a81cbff,0.05206758363007959
d9e55e1259c7c29e,0.1593577446487285
602d7f4b0882ec4b,0.1148676830550779
67f2f87cc129d7da,0.1300259904108437
eec96ea0e1c9f7cf,0.02676862697388181
d85127e773ec4820,0.12310721458484027
9e96822b06b0f7f3,0.04250763801886746
c6489148a3f9498b,0.08015693385347422
ad5ca801b22a4eb2,0.030209347465113015
22e01b671e9f12bc,0.045473785298441205
4953dbf3e113fbdc,0.03655390545259569
95397470f084bc6e,0.5134192712592848
ff39045f375a9792,0.05014842564519486
893575902a76b6bf,0.052975357499032684
4d9211d2b44f7d9f,0.08917371949828194
8205441451789e41,0.0235815462960804
5ade617aad761daa,0.4812116433740075
7d8bd74eaaf831a8,0.11817299015622884
3a4abb16616fb838,0.03370967362002788
6e14ae545a54ec6b,0.1509658570861699
a6d127f7b7a19a79,0.1089803716849415
e29e33c4a6eaf6fb,0.08603736686455173
42b296aec3a400d2,0.08674366493796305
238a42187f0c12de,0.04961680249848808
4c99d80ab952e272,0.13251215129714133
ef909ea8db65784b,0.12056682021346625
53283f9869842cd5,0.22018485287158776
fa99ef0b96b51157,0.11522959062896403
3cdaa31c37582a6d,0.1828866152692287
e007009eea08f15e,0.07874027833853352
e46769b586a6b83b,0.12716889826580804
c77497b63a864028,0.06365090103075043
bceeb0086c625fac,0.042246886132137014
5abf8e5791e5fa94,0.22716777077493253
0b7d89ea3694651f,0.14076420379949
ce60477eea0a9007,0.2177971674651995
847baeeadbaba41a,0.0662780728952893
aefefeee7da6b616,0.17433079858976644
321cc4b04985f915,0.0664198954236332
590cfafdd102ec19,0.10388656974847706
0a3027ad8dd82438,0.04575864625671853
01e58c9ae88cd390,0.0461120967560228
8f5eb2d903aad722,0.049357347938588016
3f1b90f008fcd5d0,0.16916813472677328
9e55098b34909114,0.15041056852967394
ed3723d6f0b305ec,0.11197519082786205
e1d77367315c8c64,0.07477301324386515
b97a34687794c3cc,0.0332373853118298
2d9a8bda25c031b1,0.040193716072613926
367427e76fbb967a,0.10217107122714415
2d1de7cf3363aa2c,0.05673603079925144
d69cf5bc1f0112f9,0.027012896832299387
2a75c552e6a0103c,0.2655186978378563
943114c642b7e30a,0.04221942845294644
5f4258edf6c1b382,0.03773340886246402
ff0a817eba03cc6b,0.13559566479438803
c77fe2a4fb942f02,0.15260707292219375
df587d726667a5fb,0.11460317199181252
8c09d6fdeb48dfe5,0.03260432092342219
564e16bfb829c7a8,0.029469133277457243
e592482dff2b62bb,0.030533077704665346
33319a7020313788,0.11944191944025995
4700a73d634e28f5,0.19580629173890154
e5d9aee597bb4052,0.080661700712854
b93533776029ab4e,0.24693402330822442
e9274894e7ca5d48,0.022324456377812524
37e126228f093cb2,0.03648977000370071
ee5e8daf19a62436,0.20294396620077715
5c2af7cb33fcb9b8,0.07099307440235055
dd6cf914fd458758,0.03535047876099218
7943edf1ba3d08c4,0.04720588012174287
50dccf68b6d84c9a,0.06453970099747215
71b1d024ea8e0791,0.08048294336832205
a8ccfbc903739855,0.042374934672222586
bbf9130a10bb2e61,0.0276461233766951
41a2cd1fb3af1f62,0.08023329699730401
e5b00c5e94bb1efc,0.11618062529580309
8a2951b875e32f95,0.03410364845359303
4b4241c32f2ae2c3,0.04694508951822988
8beed49416c057b7,0.05813188103991281
1cc185c7cde5f29e,0.18009493412286925
635d0e269bd151c8,0.03179447249670221
9eb98f9a7202dfe8,0.02736187955494711
c224615f7e3ecda9,0.027887210741468414
f93a14286735bede,0.0560550746590776
c118092c44e808f2,0.11416999507495179
0972b7359cd12fb8,0.02434086567608165
22318b12ec6eb14f,0.14904871006261733
9c92d4068021c258,0.15924460457982695
053aaf6bcba9464c,0.06578628213136158
966f0341c7d1f5bb,0.04397756161491714
624826d8d4f7d476,0.0649276721597674
250e83ae550b1992,0.2958392065755498
9ff420d30b835836,0.11912893472222275
f74cb9754e9ea82c,0.07347739172892052
8ab5a2752e698725,0.06113789743415713
56957aca1f34dcea,0.11505785076822428
a6c0cf21bf0a1be2,0.019671119759208804
427e6266110ac72a,0.16019212209594744
7b84fe626f3ebccc,0.12460602434899908
6abd9ee5808aa267,0.04805840611139006
15aaf86082111e4c,0.1488103323308165
afb1bcdc94b9bce3,0.02560964724586338
93a337e7b4fedfd4,0.11072736314317307
cddee4f1517d9dd4,0.0757397430139346
755140c7bd8e7223,0.08021308579701478
0ae88cec371ee0f0,0.036363168378219186
08a9f02754051fc8,0.2627303007025931
4bab179b9218d454,0.07309505714105208
2af9aad0b831d3ec,0.024417300115230415
7d330fd87e35ee09,0.08543457160807133
d79f0de699294b3b,0.1244784055931809
652a8c0826eb2609,0.11519987072332281
2ae2ef63a2565c3d,0.14287087877026508
1bcffad3764f7c4a,0.06795795763481141
707e78f41fd82174,0.029139393477746856
e4824a55ce76b702,0.031170284662432535
993182bb80730c31,0.09383780579219088
dd67c105d030f636,0.13733491605022732
3dc4dceeeecb58eb,0.11098102807811315
90a67d119116b976,0.15624132059736542
a483f8d40e026f5d,0.020474562810426023
3d24648e710fafb4,0.04547637726720244
9104c44e8910b122,0.039171533692959365
47b77ad7aec9f1dd,0.04011820302456363
a66cc4155a0edaca,0.10756840176548936
1f4dcc29503e1a4d,0.09933780715186845
0a295834d6044914,0.049149488605361245
bdce8615df21ee2f,0.025990557465604764
694b4d3b1ed04c61,0.03186497954259177
ffd75ff5c92f624d,0.1119522190492368
717e992041e77d9a,0.11600669180239263
eb5157274916100f,0.1220805293881133
b77c5c610fc74da8,0.03330423929014185
41d2ba14e653bbad,0.15389894627996253
f2b612c9be07aabe,0.14318890708210916
3451e892c310a998,0.07932061208363628
2ab24c04722d8bf6,0.05359869343958725
38ded7c17115e7e6,0.1659770012492735
afed8219aa70efeb,0.07090252887912883
1e9c4d7d2de01fba,0.1095777215450117
c1bda90e9a3b9ec3,0.06186925576853697
d406fda410e7c177,0.1754464444999599
f49753bbcfabdaff,0.08582030207570505
4daee2e232e58a56,0.1909168468853563
858a9c1611f558cb,0.082453636014706
05b0a9e8b1444d99,0.08147857724691536
8b2ac5da79a42e4a,0.1722477668623902
222fc0675ea28b67,0.0326506385099039
77cb5f88dff15921,0.09225489667275237
947d5752d88dc00c,0.22550386310592818
309a531dddebb471,0.14852218951336457
7e5f9d7d0cdf5a81,0.032117894453862504
6dfe2ff41e67b01d,0.05410964422173404
9a51f7696f388499,0.08420816016674156
9c5cb5a9b9b2b4cb,0.1469998096443013
bc7e89abddb2aa54,0.9042990693079175
5d3eff0bafcd186f,0.12069725750546005
d592e9d5579075d5,0.054300562495386916
475f765f9fa22959,0.15163340150689014
71d36204d6040aaa,0.12946423988938482
78119b8ffb9aa8ab,0.03321406081088884
09d1e9b9b858fe18,0.1260921363972368
ba5f5f59e3b0b755,0.12360108888295722
3b7344f40bf64734,0.08441316281436677
1f72c876a5e3738a,0.11713998140674893
86262f7438a90d1d,0.06641356947261144
3f6e10ed3e6a6303,0.3104594649927403
ada42e94aae1a58f,0.14349776780809007
b5320e4cd134414b,0.10482871488000055
ef83ac91e80ddd9d,0.07132368852352072
b8a457f0c9f14bef,0.06161208630874574
74947cda3decdbb1,0.07301036169017965
a39392c735bde1ac,0.06157025406051325
afb321701a74d5b0,0.02856090071928215
df401b9701e04299,0.04178258644920776
c9b67772b4c4f44b,0.141930652782618
b5665177cd7b6c5d,0.016344540668718946
1d621e5fa6b0c45f,0.09236504224192897
2d595ec6f4c2524c,0.06067430036723817
6a96a53512d24696,0.054162672777001236
b3a68808640b25da,0.029057149577889352
cd9f2b2346e70af7,0.03879337768626132
d78d162e0d903e67,0.15672345297803583
512b0444982361f4,0.15445828943703446
36f4f9a58e05409e,0.048295053450383284
e4b4fc878504822b,0.07750633634650013
d2c6c32ea3387653,0.02891791881655159
62d5596d1fe892ad,0.22192752117054507
8756eb85074bbf32,0.03616347828722764
9120f37fb674d8d5,0.08846996244988918
ad529a51765d4ec3,0.03503516118676578
f5e98c69a45e4a76,0.14747131002413766
4e8ecc5a6ef67336,0.05971366722718855
e26f37d892f837e3,0.12152403337139937
377bd33e8a9d5e7b,0.05783395835071959
7277e822016a05a5,0.13663635132691435
94fed9a4092a19bd,0.07189976244305722
28d304cf97ca614c,0.10186685940315254
5a5195df47e373d6,0.028511151644157295
ebc9acfa1d364336,0.0445782524243202
5d76c6de5ee62843,0.09862742635194381
511d1dd15e99184d,0.08242064518194896
b6d744f202fb4a14,0.14045950054720882
43c3e8abee7ceeda,0.11316487946277072
41afcd725afd0bb9,0.10124016701904548
bd4f0c1a61da90cc,0.2977148817192434
ac5e8e6812e3a526,0.11854414658931706
61843635f4d407cc,0.15156806101341846
d643d4e6d84db59f,0.11983480651566925
5c0b8bce49a0a773,0.11231695217656142
7c6020b2e5dae41a,0.1154159525945219
4a6f26c4ccfa8a2a,0.03479441435773936
f5ff436197b8129d,0.0872212523751091
27b8587241bf56d8,0.05387461776793604
a198a7b963854e6e,0.039083187122145535
8661667952751501,0.1748015220693302
282a1321ef8c1306,0.06823881283765128
db3dd0b21b03ce9e,0.10809111123634091
3bdc9a83d65a78f8,0.09970558885420648
2983651d59dfaedd,0.14871728577613783
ba2be23d69668658,0.04146569512575931
89d58eb00d13e4fd,0.04204527082573207
d2caeec36f4769a6,0.07019291963272893
dc23c7fae5f57288,0.05045574867531724
c6e284593c89d176,0.12530327291346716
523464c4f48eb02d,0.24355047034349053
cc7624fbfc77736e,0.1423231547417943
6b0c371df7cfc676,0.10095867025073046
986e8a5497d243a9,0.16939401387759426
0880ed3a1a77013a,0.10941376922045563
791d60ceeffd7ccc,0.20874937456193443
1fb2b452cb819b3a,0.1282854499226446
6e683e5731d8aac7,0.10751679127725866
d752f92de2b858c1,0.04397858114813347
91654f6c88bcc480,0.04466929623533197
308caeebcc6bc059,0.05897401764592913
0a092e2b8c9c06c5,0.12478916188440259
e29749c7cbb0ef48,0.033133749423327745
02521319f8872bf9,0.02690434741074409
f699494da66c4efe,0.0948733569853049
060f874ec99eadc4,0.06778319319003102
1a2ea8a74fd54c2b,0.0815672591570704
a98b83e132c75465,0.029624863332796608
0fe8ca7c247fab07,0.10250794141608723
c8d9bcea59632f23,0.09721453300482048
0ab0d9c2a040f32e,0.03348708937942868
a03fc647d8141fd3,0.17293866000085975
1036e1cd53a850ec,0.03490893045239175
519d3f96c9895253,0.04226667035909029
28df6bdb66f8e09b,0.26678565667568077
89713786047cfd0e,0.08847902227369314
6389830954a0227d,0.07649552678782258
8a5f2d2c5004dead,0.030835027100453775
19d4cd44aecb29c7,0.09057672557992717
2ed9718fa269e456,0.10926569442019185
31d0832c9b203b46,0.058945920133120326
e21b68ce26bfc500,0.12433545791657301
cf8783ddc0b9bf95,0.026119125552100095
fcd44919c1b3f412,0.18554968447092457
c6e50665e7bf8738,0.08484823324314228
ce0179fa676d128e,0.3003791346220171
423e064e247fe04c,0.13204795550085782
0ebb4ab2c338fde0,0.08747838414958377
37337cc831e40a2d,0.0937570927147271
04eb53517170d936,0.06971241360153976
dac684a7b8635061,0.060003986756814835
a2f354d17d1431d3,0.10809462720405509
8a42e6579214e167,0.07742100120377396
c35d24cd26008161,0.08956368533680502
077789ab8d103e29,0.10589496892396116
5deb9f3705c67be7,0.1038837209433508
dc531f502bccc4fd,0.09008346659415067
ab4b4d6c12291a2a,0.048203342740172274
47b284804faf97e4,0.078058852907865
d46bd1fa92be695e,0.03409905948952363
11c536ec56a47156,0.051801197328905646
d5bd7d0c4a297748,0.030816881614627454
d30e6ef239a13f14,0.1361209674479276
8be010237b513256,0.124750476956253
e3ed18d3d53d8aed,0.04832198757724243
a9f5c2f8c5922e10,0.15421775698909282
05a75c012be2ab6b,0.34596211528622645
a068617fc089ad48,0.07903626882184679
687932e8fcf71376,0.031513913400328934
fedeffd4ef29f976,0.03641499802867583
5d3e23d9b2256c27,0.0641289278182798
c6544d7502deea99,0.05337392939413005
096cba9bc78d7637,0.15183630219217517
76b587348b5c4d59,0.10984331654538541
62185555ed060f0b,0.10478486139215726
b538966eb4ce164f,0.02681471502957165
8dfc12a6712b0903,0.13063182387340075
3ab52adc4b1c1768,0.04054224196116221
463847f9a1f414b6,0.11084345452052513
e93e14d11fc793e7,0.034645461688967344
2cd7ea4ff0b97ed6,0.0813333550350651
3cf1ec0a8c671d61,0.02512655434964163
e39df281ee7e153e,0.04869764987791023
272a6816ce2c7c9d,0.05922874231692293
f56230f889018c95,0.15095152218760516
4119f28f6d4d40eb,0.11636639493706187
3e744e15c1c6600a,0.0778421324483014
7975b8ce43d7163f,0.10875713904196398
76519a1ae0dba3b0,0.08163913153214876
6f6aca7dc35afbbe,0.08877739747377755
658aa810bdae773d,0.3193767231256062
41c3618b9180e8e2,0.06133227659659384
7cd53693b2b3a4b3,0.04114472671738013
a450a4bce9f2cac2,0.11459997728410515
05bd9ec45ff54b8b,0.030913740470073534
0d67ef8a9dd3249f,0.0983709495111927
514cfc846a144390,0.11847201115924695
2856a2a0114ba55e,0.16049266196831974
ebe02c0b1c116ac9,0.04242217767651502
cc31cb4421bd54a5,0.10545521500270845
d63593c7bd5f72a9,0.12119395020893259
962b8c33b5be069b,0.034683148207342716
40e508ceed1116f3,0.040661090146870436
668eca9c4cdf1507,0.1580245042660857
c15735bac7d4e6bd,0.04328748391329489
09d2cd5ccb05a325,0.06233276899266658
71ed58a8f5d479e3,0.13485050760497294
56fd1ce474cc243a,0.17080457468500124
4c4fc4fe6dea340b,0.17081139753484909
68fcea284ddff8ff,0.11731703116756638
8913329e85f873f7,0.10701100096340525
7a210b4ff6c29678,0.105561839184262
91bd2a01c0384263,0.15949559949402659
14e4e31c9bd8d90b,0.03201219210526152
410f92d0f317cc8e,0.09898592293907198
780cd523f303a8ba,0.06698612776220982
77ae2af1842fa5b4,0.057344041281594565
eebeb3dc997eab87,0.10419305130118754
fa6c4d5205fdd5db,0.36208748817233266
f1798e22aeb3b385,0.38450615233609753
8af0df5286089649,0.08556204801219747
6e224e4033db63b7,0.03068001542968525
b8624ae03bb7e7d7,0.03415607131708636
52ca2f9cf118011b,0.4371259088832639
52c5dee14f8320fc,0.12374596964217914
43a4ed5577b3346d,0.10612859359070552
332563e196c7a1ee,0.2753967394267403
cc4b32b77225218c,0.12067228246018119
0b34a503e14e5271,0.21899731686848725
33100c4fe51f7435,0.08087456299859773
6de5ffe2b6664d73,0.03127136558649393
ba39076152cb0ee3,0.07775019508922333
aed179ff9c81f4f1,0.02176208352015316
ea1a9bf792fb6a7e,0.04621379006085991
2f06ce2d10fe3866,0.1182220665922245
11855575a4718674,0.06708953837401818
06d39de4f0e13f3b,0.09650143371710035
5fd7c68abce444af,0.14113196707478312
d464bbc0a2f6ec7f,0.17680679350701556
86a7d5c47fa116f8,0.025710103863326037
a260e587d0fd3fdc,0.24145256835057308
6c07a18d9f02a585,0.18716211129404117
8fd3d88e27ef7240,0.05186576119176597
80dd9757384d7ae3,0.050105856710415786
00a0f9038422aeb4,0.1027778688132955
dd38ea8c63c0a90b,0.07951092131371425
e23a165731b18098,0.22627518440240266
9bef89bb8b6e707d,0.030168477787521786
db5779805bc9128a,0.2884739595573237
13c6185147e496ca,0.22702160302730653
c23ad10e1020a370,0.08723471530247102
cdc252e1304b3741,0.06217132785708951
c9866843a2ca38c5,0.07196984258830352
1193dd7feb2e1c1f,0.028915522135746028
145626c411263ea0,0.07459261988275882
b2bb6e4261a0a280,0.25329200241172695
ce6c9830339e8d23,0.12102836806633592
e5a315b7bb844af6,0.11824797446097712
d85cacbda54cea30,0.054146208423072516
ec609eb2e4100b33,0.1480463905549178
0d785515807808bd,0.13737619634126053
6bcfa2aeebd0236f,0.05358458140672096
9ed83fa2f828fbc3,0.03338852952925587
f596ac3c62688ee6,0.1689508220793574
654c4ca75e7a6d56,0.11709386278859692
162146e83243572d,0.12705725673190016
9878dbf0860838fa,0.09309323629559464
332ca627787dd758,0.16015083783655468
679ad425e74f2477,0.048073868236284296
df5a276859dd4308,0.11599576980483155
e1f7d0ae0443184d,0.12031624477087795
a6434286f4234aba,0.12339573014305083
3351a9314dfcaa5e,0.02599645662853806
e19b22778dcddf3d,0.06059243060588881
a98a59904fcba403,0.07191491222146572
efe47bc01bf23b67,0.06881466616277722
a1a862c811a320f0,0.07109101910902278
bdef7203033a959e,0.12238770992002063
0fa3fd428635e63e,0.04221645692460312
8ed23ba67702fe54,0.2091657503525001
ece14f4f1731d91c,0.14244950296382
ca20fb73d0c544ac,0.04293545415423441
927bbcf7fa67bfb8,0.1524871854341938
deffe32d78bf8a82,0.09142633362403314
319944ea096b3a65,0.03511565477085226
19bd6f94f36d44a1,0.06617094420153753
6e7447b72d462201,0.05726025712325352
be6959210f99dd41,0.2656212658973894
bc1a4abb3dbcab55,0.059356093642141894
41032395ff67eef0,0.18351417363236067
2b4004b2678cf0a1,0.08256725956084092
469658e2c6728fd1,0.05779977359227604
e67a54cb89e72744,0.03507634230849616
0a1aa269dba98abf,0.054164688171998016
746e977975fa2166,0.022482729767956938
ca51e1b6ef04fd43,0.05844676521448062
dd96408688197b1f,0.08757590894805868
23b5530f05f1d9e5,0.11629517401344185
da29e21770225527,0.05423197358450734
adb83a06bb93e782,0.039722897601149214
0e4d2b4f26be08db,0.1595477000438148
6ece7a74dc7701ed,0.025700560605343262
e5306d42c50fcc55,0.032763856548410755
4381dd659292aa24,0.055720282535342426
e31ebedf532c25cb,0.09894488709405991
853b98dd483b98b9,0.05244612120760798
2e54b76182ee44e1,0.10817978834442417
338f6834e70af5fa,0.018566610212819263
b5abaa739dbebcbc,0.16198791352617598
5a8bb8464a290761,0.11357353118410997
f0e90b285061c449,0.03632670332535715
e66581f055ee3b78,0.11744882845188243
0a21004c4d12a011,0.05543052999759023
04cee8b938d82d19,0.03229418887665379
c2eb2ef42ef59006,0.0746451439472816
4db76ad147f6dde7,0.09942934168943374
388d2efe55423a29,0.20790011645280182
b9875250f7ce8623,0.1307508043357282
e354d93aaeda004f,0.32514234882707127
39e7b31ad6490a4b,0.10593271727856941
a31878efea02ed42,0.047619141203951755
4db06f2609831909,0.1222828880732252
e23ceacf623bf244,0.09654954225283503
5b30a3dce1e3fc54,0.19545788878348183
9b09b933e5488d29,0.09222738053131829
64f0282d10422cde,0.06096707996467977
d171c9bf0e731793,0.09339306562693939
699a9d5c734b80f3,0.07900484996054195
79281527b5fd74b9,0.045067175305437336
63b9f2af8362641a,0.10733893608542701
8e20990222b8b1d1,0.07924768932375985
cbfad4f1f811ddcf,0.18743172019618046
a6dde1511fe8d47d,0.049312380277817806
54e8815e9966bb51,0.2596736666908485
cda24d31d8c08104,0.09855224474770778
2e41b0e18fd08067,0.026777168141401794
6e8f4f5c6e28c26a,0.11906514675466855
1f4157812e2bb339,0.11447422052497076
c2d3133094dc0fad,0.020748098244527936
e7e2da8351240636,0.048090708937483094
ef2946985749757f,0.05985552294955085
ae735efdf3a84f05,0.1253357481855569
8a459d7c2b588a93,0.21808613596073556
df0d35696f4b164e,0.07561392692143726
8f745cf8cd93face,0.028087984167812885
7aef10c8e6aae208,0.04094575711799478
706e881832fde05c,0.19125453603315237
03a6674f904defe8,0.05424553409546812
f00500b8110dde92,0.12479537666606642
1475216e327695c5,0.12974308532536938
3fc20688817559fa,0.02266776913352228
70df3ece5d814a70,0.030626517009393412
bcf591e552b3ba82,0.01767687339078908
a04e514a6ca8156d,0.18125626725115843
f83e082f10dc4f9a,0.03700108552592308
21a0898a3f0c502a,0.04570654551029164
c9afe9c2efa6168d,0.03930132451693918
9423152627c5de85,0.14809352331896883
fc5761df1ee97d2a,0.04585740823188683
b51c1517f2b27082,0.050350129558701974
966bd6f4b801db6c,0.14799052530944964
c39f09a3a7ee5d1a,0.12292706041254374
cd4ab667a784a10d,0.16507942707205028
053911f801591901,0.10996864891700091
4c12cd87dc745584,0.12806712942902712
f0c4df4801e5dd7b,0.03357377698423289
1cdb9e6374b25c46,0.03928992373127759
55a04d93184e2087,0.11344634916775359
b0259adc08c321ab,0.08014482407967341
3ebefad692cdc413,0.0638449982530034
83d05a33f78392ef,0.05115113291876099
57e746a1c420f866,0.13960413047245243
7086b53e09fe17c0,0.12616509321720368
2cefa5982f1e5321,0.08711195911167909
c4a61e6a8fa1704b,0.1056183103145217
cf3db8bd220d5bdf,0.11657088873939525
75c651d11c0a0337,0.045161409720589595
10dca6cd4d946194,0.07302737680726527
316d771ed9f0b6a1,0.07960286308402263
ef64650ddba7c539,0.029063268677365268
721f58982ee85da8,0.1604443808254444
e8f08bd5b06f41ef,0.0220917574125903
8c2e815ac865660d,0.14077139473348996
8191fefedc6afd32,0.03249299474118505
15c9fc425aed1fd5,0.11063432863877065
52f896a602e74ef9,0.15729292597516661
c8a94bf1f874596b,0.10847398843013911
64024839f91aaea9,0.11724699062554561
23a06e4e391dfcaf,0.1210420005681619
76fc88367fd4b329,0.039518099590365605
e7ffd70d1007bf31,0.047408951499834345
4df67b2b4764df2b,0.3488346812171385
5e23b5ebcc3c7201,0.15765577222094304
97c325c9980b0ab2,0.03296018867935447
3c8bace911db4b05,0.15113537956048193
d3af2a4f1b0513ef,0.11120112473540643
8a66145d22484a10,0.1472273412495274
f501884aa3b0a2bf,0.026125982533636145
21f8710a682b6ca8,0.09097953866735527
67addba46911ef5a,0.14463516170232765
cd5a8d124051f2a9,0.13726518618175235
a1acde423d140030,0.027193471627224502
6284cf5236839f36,0.08649550959080288
37f720257a8a7a33,0.13402677296086643
acc257668dc46b34,0.1676957631045707
23424057c8458694,0.0654849474510769
418a7b8fddf172d2,0.3579911735740707
dc356b2589e04c87,0.1308893367916095
f64eef65821a8f3e,0.05332933765856126
9fce647d5b47563a,0.21257712382277857
52f9976ea5b478fc,0.04068791075369463
d240c91989c04146,0.22048552448423242
47ef036d29375b9b,0.21879681136953455
8808a12bef546809,0.057075814714742074
d3a20f2bcf2db8fe,0.10179753492726702
a451d8e451fac918,0.05342103636100224
9826735b01a08344,0.07147276658822561
c4a29152e2eacc8a,0.01833704682260585
631690ed30cc1631,0.20961315876410003
d84d8a6e6ca5eec8,0.0330744969394828
efbafec85fb00cc9,0.21837047497908282
24556c1044963c8b,0.18813197550964475
5dfe6e2137dc82e7,0.028355870458599455
b2400c3aa22283d6,0.048618148427304136
71602580e012f168,0.16841246779133448
cf01eb3e54442236,0.024428323040176222
1a07d25426f87edf,0.12017965835206508
13b3d3fe65bea413,0.05442844757666795
059edd840763fd81,0.15334180590908772
48288e044d74e7cd,0.09913038003800607
add068ffe0671cf6,0.031089013464265364
c99de47efecac792,0.278805940112461
11cef543afe62f88,0.059933276391171415
e512156389905eec,0.04342305067925604
138703e658867a2c,0.16784621234311778
454c3092e6edd433,0.02457727657816412
dd957118652b5ed5,0.12957603958057534
af01fa5eafb4602a,0.08337333000344095
7bffcfd2a9da1725,0.15258691948730296
24f3f1ab071df78b,0.037384464608671834
3ec7c9ebab0a4a2f,0.1525692733420039
3c1d10f4646f69fa,0.05033984210813918
9c5f959e1195fc54,0.028664763693456646
cda81aae0a16f97a,0.12779944270910895
2bf6c949fa0b6053,0.09197909309711554
546683ea9e5995f2,0.11618874518880547
c4563254d849a8c2,0.09625637691390165
e9e85a92d9ed5065,0.05302831386814821
fc9fd5a085f168e9,0.08245232032136374
54049d409156afd1,0.16526919178742835
e4c0d5c0b9045e4b,0.10380139930722738
058f290d4016fd11,0.04847261671654624
e14cd74f951c3910,0.04910952182928682
05018e18dc83e13e,0.30618847566300533
763ff25fb3a65368,0.035454308145717144
eb5cf6bf7c8b4e5a,0.15287102395762794
013351fb7667dab2,0.08117468204379802
e08181f896cfb680,0.04739562576322156
e65d39ec9e3de422,0.1293670379100852
9cf499aa7626f14a,0.10802975274768394
f203a5ba78b7389f,0.17595454705388858
8ea386546c0f8c96,0.2148307837989695
0391f48a6955106e,0.0337035238031352
d2f70a0377eebc5c,0.03517882096840669
b96e54496b6a6713,0.1365440487731855
1ecd7d7fc32cc874,0.09627529479877082
a91fae320445e22f,0.03842852470968238
7f7f8d9e95bc3227,0.11974731025768597
8ed9c9b27ed7229d,0.05958555388452382
19862b4c0d2f34b9,0.06303231250121681
e5b1c6b3822addb0,0.1316073971745377
191edcd8d76cb951,0.4423361801670478
6b08a1554cdf28c8,0.042096453262263224
706610ca333da138,0.09350811485219428
5cb5f8466022eb46,0.09192310693285093
acb3a526d9921b55,0.05099967792981889
947db252e781ab55,0.07394261549074237
e94881433d15d819,0.045332494314634465
34439005f71e07fd,0.1138768007166762
989a2593307d72e3,0.08218223946603662
ec8f1d04cffddc96,0.15922048134476202
11dd5f5d722fb0e0,0.1246529761678724
d6738bf320835a10,0.051195832664633706
025b09a306181a55,0.0715325803561599
e5e3f5fbf93a1918,0.10853627910780876
2d60731de40ca5ec,0.06390786706740188
96789dc76cce8bb4,0.12196011838580319
e04c2f21eb86c30b,0.03891070060183198
eb4f7827e27f3e50,0.9741898324027695
c72cafb3b0ed2058,0.03081862121902121
38e789ce64afac4f,0.08015102230356111
961a36d1522e6ffe,0.061633035211682285
d915888ab3fe3241,0.08132548227432822
6d047ff0d07fd1a2,0.0496676406426421
96212cff04501fdf,0.171937309471592
6cb30ccf0384596a,0.154778941956334
1878cf5a842e6727,0.09104288355458486
47adc8c9afbd6fad,0.03655297434090194
bcecb579dcba782a,0.05030353240110491
24fe0dc9ab19be83,0.0267777330428874
d56cbf99a17acafd,0.06019086944009185
5caed519a777c666,0.03115795251476612
de3dd7a6a4564414,0.12157056927119336
3ddc28164f664050,0.12586105611697065
45693136342888df,0.03867689143485237
143c3caf6eb25742,0.11948666883454763
9295c919e27237a6,0.061429953088967065
0dc756a818dc5d9e,0.1276302950555728
67a0ca3f82ae78c6,0.031019255246676796
cbd51c3558265f5b,0.10747085829362386
b6df5050c31c7287,0.04928676768895273
73f20d006cfc47e6,0.05120556718177255
2de69b9443d4fc52,0.04624305551529536
1ea20c09b6c79a3d,0.05790776071303059
ea1427791f675329,0.10599798342234416
cd6c9a86e5c13535,0.10843950054888879
fe03f010fd99f729,0.2117330970003154
3cac934a5e569272,0.1127270664815556
1f9c8c5a31c38592,0.0837524138178191
325d3152d318ac6a,0.060395117001148656
c796149ae059bd36,0.13560351831575243
139b95acad0d8500,0.03630186972307839
ef8ca6e1ad6cbc40,0.13325283750764946
738b1f5edad8bc5e,0.026643828745260653
00b5753c64f3aa5e,0.12012570942613852
7509e02d19e2f87e,0.03839130663099491
a85aa8068fa925c9,0.15138300473998653
f8ff744430f73aa6,0.10589757792936927
4106129a02383134,0.027829254011262693
3be6495b6e47bbe8,0.09837383999079934
d58d8cb98c5344c3,0.051534775197477754
72c32db073874592,0.05074821540495287
b33541a9535d3cb6,0.07810597824528531
f117d4aad78b524a,0.1205983716193269
5e48da846d46eabc,0.1579048706965371
b0b266000f2d6b03,0.1522866930380329
2aa63d23f11f3aa0,0.025490904227259043
7ca15ff99bdc719f,0.04707586051655133
286e550605b2d970,0.03842469609441041
140d123f8919309f,0.16245401430213363
5406d7c0119b8b77,0.1207834283040809
feb8f158efc528af,0.11155811232186173
20e9295f7f1b6809,0.055841484464290526
8c67df2b06a8af30,0.10349829364976156
0b5100f2d589252d,0.1468212105395351
a7dff4879e1f2c8f,0.20475841352655358
6b9c17dec469153c,0.14420345145544308
b064e718f3825ae0,0.02763019846591676
633aa423117b483a,0.06003962357291177
2bd2dc8cda610b2b,0.14988841646277096
16b4f1b4b30d7a5f,0.2072227687263286
7ce520db2bb5b181,0.1674750590922467
359fc18aad246386,0.09248514539606252
4040467f440a4681,0.07844062596950305
ba27a17c66a28567,0.08682839079754857
5e4bef63f0b3974c,0.11427576215611855
849863283a0793dc,0.102705132667532
aa9c499ad44baf78,0.12883599157591616
a3fd494842016ae7,0.09996728203257939
5f079c78614b8a83,0.193144011259236
7420f14669961a6a,0.1427952661218061
0a083c164a874ea9,0.03536339882204818
396f04d4bed14a3c,0.10204014224221421
bda29126d66debaf,0.053089816837428395
8d5ece395c6a6b60,0.09359682110063529
9ea22d08386ce3ae,0.04411012685025482
1a277b47ca192cc3,0.029692273652518215
5534d1ac3ad47ca1,0.09214662256254746
164e32a2b96ed3eb,0.15732540116529478
cdea1d25f481df1c,0.05346681969834586
37e1f37cd163cc12,0.16854383823297725
4f896e74ddfe48f5,0.12132676069428984
ec881c0b42489ba6,0.08268573610811282
6cbbc142e3b6532d,0.05228534458938083
af58eeb2cce1b1d8,0.04518597693196321
3792b407d3147240,0.06730734460537995
44abea18902dcc6f,0.05677608117369515
f174b76e8c589bc7,0.06348307633980732
d5cb1d76e26e865f,0.19844679617207342
c953fc1a52b6d2ae,0.1597245823507749
dd9860c103eaa486,0.025006175737187834
1a338e9358b4b71c,0.022199239849611575
28a055a15e2bee63,0.08269974314387539
d810129e88130889,0.06478970410618483
20b2f55f0ebfeb9c,0.0925293364913757
2dbfb79bb9d5d576,0.22655337984150195
a4f168601004a705,0.07592842485576363
7419f46f112678b9,0.12860017271938332
7d0ff708b6d6752f,0.15697804405908683
cbb85fa489a893cf,0.04159800050708203
c46a723fbfa594f7,0.05510888878948297
2104390897549457,0.07492581449650122
75c276f7d0f29aa9,0.22306686715830412
01a679a23b212287,0.16739008915871523
6cc58651b88eadb4,0.0419030994428756
14cf1ac65f8ca02b,0.029598306737704038
2a5d42d92966192f,0.04065904428920055
2010478948b9aef8,0.10498513447995694
31542ae607bdb59f,0.15517755322566204
783c99f058bdb723,0.07037937719528553
8e49ec786a6d5abd,0.08552962027738015
d2b9a740ddba79a2,0.04264659004050942
47c1231311a7aaaf,0.06811264140935074
c7937d0c63ca6a92,0.09846171820579845
64628bdb8224fe18,0.05148491308364087
49cbb2ff9274a4cd,0.04431287456044062
a4dbc0e728a780d5,0.1918885706368633
54a5b82f046318b5,0.14828701705999017
daa0b6896a1749ca,0.05396540739332264
4a251ebb1de72153,0.15676311108746427
edc7eab7534ce904,0.05911307686892844
0d31a18c31d12329,0.17308165733584724
ef643ea0ac629b95,0.06884331434798387
39049e24be5a4306,0.27329077169217414
f41fb0591a5b1902,0.038830383836617736
ef3add49907eb895,0.06851268229723112
3c80e6a34fb3e4ce,0.14946007612454099
681bbfb8c5372f79,0.12737375880224858
007f4be9a3f6e89f,0.03130000616368575
25144a9b2bed9be3,0.1443535565892402
61233f40c0cdaa2b,0.04663434727020841
73a058838f6b7f2a,0.20106183590803825
cbc20660739af678,0.22731534776870543
8fc723bf625337ee,0.14266395835508816
3ba49bd9e60f519a,0.03477026811081233
6a3b3033fdfe94b2,0.07350892280593634
c8ed653c9f871795,0.1364248706287661
2f6d48d7acb127aa,0.10245595739130801
92ff64a44efeaa6d,0.05474025228677665
d7169f20999bc93f,0.7313391847409126
53604f2aaf701357,0.08781751076550341
a7001845bc2108a4,0.15187067461503856
e1c8d84bbb8add74,0.026174221099752787
0b6ec467b5610434,0.034810670141613036
8ac52d2ec127a096,0.051455139570398406
b10baee15fb9d01e,0.1588751616660495
221ebe5d40d467ff,0.1182224870435948
4fe55b114acc6ade,0.06874115366438177
d8482a667d8a69cf,0.026635823887183722
53ade36e2a1b1e97,0.16021551818160287
23415b9cfe9e209c,0.10081628808571219
280c7808d94b9763,0.15803476000176922
de5885c6a7c6423d,0.24085121700118461
38de0e8716fdf6cc,0.07420344687685272
55bc25143589b254,0.13529912123733925
957e73c37d447545,0.03613089950657294
af84b2641d1c74b3,0.05790382395923708
e7be7f3fe2a831bb,0.027937221046618093
841f7e8235380174,0.3073113231911766
63d88f28c2a5df22,0.1531457395963229
8dad4fd4df5c221c,0.1285097644898455
3572ebf75eb17942,0.09048680671179461
25a1a550572c1f93,0.02855115071051895
6ae06440fe74b44d,0.2751748918210381
b4bf088ea90582b9,0.07360821038558786
6b9449d16e81079b,0.04011140676230674
4ff7c9e8a089b94d,0.11088987410933444
aa5c5648b80a1a3a,0.08500376417627041
5dc1f3d49bbbe4c7,0.10879578499607163
99546cb325e5dc06,0.14707251086079692
220c843637482425,0.09311486712331186
6608fca5b64d440e,0.11952203488467322
f29988dc0a3c0243,0.10606474009930865
51058b99b395787f,0.05908969418936479
ed1bbe11677f7bca,0.06550531716917868
9f9b85620fbc0cf4,0.05138531155337269
8aaeef3315304e45,0.09379588052634465
5d92173cdb00c0c4,0.09480977889232305
acbcfbef3b1946c1,0.0402145807026849
73cb612fe6d23320,0.14844946320251837
4216594871a36761,0.06310462100546058
1c2bf4927779574e,0.20369386507365506
1498d0dff1fb5394,0.04542256388699445
53f47e8f08b91aad,0.057509952950271816
c4229a0ce07e83b9,0.027058808144986818
bf61a06ee47b2027,0.024809278595462097
8aef635fd1b3a740,0.03041464520853736
0f6a8a20e3587b09,0.036197060706435434
75d7914477c996b1,0.053402205542614566
7b1790935e6cb838,0.027373720781326077
d680549ede3f6dc9,0.04972423267952044
f3bf39cd2ab5bd9b,0.06564357701005258
0b0930b54070750a,0.03783600260786936
3d97f118d250279a,0.18573481990555285
e9de0ad29a82a54b,0.08243731290898523
9485f200c4e02805,0.09647335981936898
12d95850d018d3a3,0.048385170268077725
ddc866b96dfc3aa3,0.15013555931468367
45a33a8161cb4b46,0.044190312407817796
990eb9e1c61c80b9,0.03714020739910861
378b6aac03179007,0.03585958293186575
b6ce4df0bfb4d3c4,0.031123415712408096
a50653ff586cd76a,0.08695078828831464
65cd9ee07cfab83a,0.08396639195507138
d2bbc0c9f79df720,0.17276204443779578
82ce816296a1512d,0.021271624820781588
e502c517a223aa14,0.04969081778019096
71d19ea693604e1d,0.05639884030715211
0d037e649d83d735,0.09404338504777743
6ba6991213384d83,0.10941326141046
4cac0de9485495fc,0.12672607986300186
9a0be358e968c623,0.054019308414756585
f1ca34616439cd54,0.03326871889147475
e301cf1f2e4c3681,0.10734146242882749
d614ef3ad50cc2bd,0.128041964658549
c0b33846eed21da4,0.0740021748059055
d4e499c8cbcbf2c7,0.08506869450006377
112d556866bfa77d,0.15730127462952007
3f5b776bac1c2a71,0.08152573033109146
97fe9a981d0717bf,0.09324487699484867
ce3280649c6eb5c9,0.12054062880410758
7ae7079159ced82d,0.06267392805733336
f1eb50e28869a50f,0.05124715087634051
52c8dc366cde6d2f,0.039556341536142466
ef14064579612c4d,0.12411215421395888
7897eec02201ca6e,0.05886988324170563
321d33ef853c8fb7,0.16581477161698877
96766da6bd7c3998,0.029537497905741783
fdccd120c1ead149,0.1175920922648462
288252f0e770ce50,0.165401852327432
d4d977f5a3d8f01e,0.09209949660218346
62ea4677a492334c,0.16045463988490974
d1f182b83a420b6b,0.05617535567044374
0a8ea601fcc75d1c,0.10616005944972047
27930c385742439f,0.12306799152234178
13d12d929ca71339,0.2322172248719038
159b4f9fc1efcb55,0.032078992455146366
94ffb2f9a90b358c,0.09265395756026402
68615d70615e3b37,0.031929284027705555
d4a40bf8afd7e4b4,0.04593495022299463
e3dcfffec2d51e7e,0.050885415400392424
10366fd321e0ad43,0.040237084942508224
80e3f13b4e86e5f9,0.19997014986297468
6272a9e176561590,0.1264269846788536
14ead2f08e775ba6,0.10587422292033993
08ecd3e0061305ed,0.10913619361506484
b91abfe0273da79d,0.2466707378248891
0c3efbd8c39177b8,0.7166086779656292
e9e21b290009d63a,0.05501639166959161
c188505410fa547d,0.11010366534702924
768d9e0553a1399e,0.026275213001787635
a9370f34870acac0,0.12917466571776856
9f6dbe29c2020549,0.045662193030108274
6da7088fbbdbdec4,0.06902720724168857
944a046635530efe,0.16364532405392448
55a97e1488c333a9,0.041403493120791855
bba6644aefeb263d,0.13394860000849615
750f5d2c63709654,0.17147480766858939
b7f5c550aeab6fa4,0.09061817297391805
bf2efa05075a9f6e,0.053404754880831094
2987973344ab04ce,0.06941285577028204
a97d19edf8f608bd,0.04666134595176746
6138ff6754f14dc4,0.042876495354163914
87522437573af7c1,0.1340662031395277
57cc4278d6b67c5a,0.035298397047290576
8f29d789ebf40f9f,0.03448409073625876
15e17422c43ac280,0.06466236498618659
57faf77cf5f72f53,0.10783754690652053
febc8ada0a8d768d,0.04165354697312999
86ab68be69241db5,0.09650938814388477
5fcfe942606240bd,0.032212095108753364
31bf257f6a4a70d1,0.12172916122761997
a09897cadb789dba,0.026409708246225308
328299ca9da15ccb,0.05614885362623042
c95184d7971b2960,0.1691888195801666
6ba9df085d34410d,0.48233675711786494
396ed8ae6d33d2bd,0.14148812133938274
b058bc3c8a9fe33f,0.14177653903890705
77b29cbb7ea1ac6b,0.1394441446046158
c8d191e05666d6f5,0.16145371211228465
c4d716a53ad99b70,0.1071203564515833
31d17f992245249a,0.07196626251261472
aa459cbd8c781f76,0.10222736235899192
7ba0185e8220f22c,0.03368043341962406
eb077a940d0bbcbe,0.1128276132559713
9298c80a21191034,0.09448964888791389
037747626ac5db4a,0.045850304427713484
8ee7aa8b54022319,0.18530951262767217
a2b57b918f2661db,0.05754056270844088
e703b056b17c6038,0.050488350357946556
5d760ec696eac629,0.09471947403346394
68589cc32366dc9a,0.07946987503595378
83d1d02b456e13c0,0.0827504643928831
f5ea6585ff5edb0b,0.16782908688956952
32290819a9b6b754,0.06741165281933006
f0cddec42ddbe07d,0.019944010847472937
41d5134ef4aa43c6,0.06201081866450381
9a422d8246e3f97d,0.0854045837368294
341cbe1cbd51048e,0.039863380990112926
3d2c0583f01cd72c,0.09700942168046689
870996e4835ca83f,0.040145036225929014
28b09161f3b17dab,0.11149240998065546
051b367d8fe91233,0.02138889761095873
9b8aba50b3ab95c1,0.14696642156288633
ff5577bdd79bcd6b,0.06578579637955313
92e4eb0a0d4c41e0,0.26517435981614695
575ace0896b22257,0.23065230470039666
a16f31da04bf60c4,0.07802567095778655
cbc13a2671d3578b,0.026035796893043157
876ba2c5e443fd41,0.17378503951025936
5d5689e87dee129a,0.20513352540687194
71a60a6dfa7e1760,0.27054051743594515
f2a38a0b81dc90e3,0.14527006320329627
ec97de286c2686f9,0.049072596225621955
b77b633a5106f906,0.05689040387015546
972df202456969d5,0.05642353654471622
5d7f4e9617d1e7a2,0.03241668062816533
196dc3655d9d1d79,0.035264230135067944
7b9da0adcf1bf365,0.041077302717289134
b9d78de840ab100c,0.041110655517824404
803868566ffdbdc1,0.029476455324905716
cc5f60c8c3c2b5e2,0.04648562764329801
88919e17cce1dcd0,0.02839033111305662
88bff82c05879a44,0.03218704658604433
aa64759c290cdf84,0.07805579795870819
b224a7d8b6f39ab3,0.08697786008620534
ef11b15a28910cae,0.03729786135646667
7e08eb8d4482e7e0,0.14619908234175968
609b606891c6ff2c,0.03277398919771749
07ecd08d07bac830,0.07027893941058393
aea578dbbc154142,0.14556426464894726
9c702ee77f731a28,0.0807982336244735
74a102877446027d,0.12510714908111029
dd13d150ff97f653,0.17592918875717267
36157f72f10981f7,0.0650800982923609
808639f0db0c51a9,0.07785271708766449
d809389ba1350646,0.08522204958089193
353512ba78ee6085,0.05019418813443622
207ae6c9e8f4fabf,0.057282081034061495
333ed3894f0f2865,0.13429630117669059
c8e41f868f963ff6,0.1345151362773754
c0436a45e3cdfea0,0.03107730022853424
497bc4409ccbba90,0.13486924180796647
b29f7d1224fd0321,0.07956011970483627
7795ac2497824361,0.10339567021701186
28bd2f25cefc0467,0.032557386812654375
7a5268c2c0ad3fb2,0.06187208465859365
9335e306e6ef6c17,0.05047757845768149
380dbd85787bd38f,0.1710736513886445
4df3a358e7ec87b0,0.027490302343462437
b423d03461c67e1f,0.1590365440999184
8d6c8b00790579fe,0.06092777109290914
75302981ca660bf5,0.12296206465567609
34fae39e3b6350ef,0.06783319073195242
47ee9553918d83bb,0.1361492280695872
525eb09cf01d4422,0.06484640181733102
f285090a9d6de2ea,0.15412217964131492
9a015d0a0e9dca3f,0.053735404701608425
5b9ec24c9cacd921,0.08626585521573944
80f6887bba571ef8,0.07318077170992311
a0121be4cb97ee81,0.036277643877492584
98bbb1d875be50a8,0.16153575555416486
d13d14d73f638740,0.0815764652696349
b2c1f66103087339,0.055892927055018554
ed544070c1558a6e,0.07902777161308727
6dd8a5af5647059e,0.079779780015009
ec707e8be77e5bf3,0.09809191790974574
435ba973814b0e29,0.0841306438789468
a003759cbad0ca72,0.07273729102303463
4c1f413aeaaeca8d,0.05157734849485777
febaa69039e2d424,0.11712827943994249
1a7702c55d1c3c6c,0.1091037877310459
747b48174e7e8cc5,0.03656432906746582
e73a38787bc7abf6,0.07416530462207657
591163e5c881643c,0.15494829675871524
95f08a028b009350,0.034208593593157706
74cf8eff69e3ee73,0.03089645920466801
44639b509c809540,0.08860839890103274
abcf4a1f567f5b1e,0.09649980992720693
987d6ffc23a79a57,0.06627214944220917
e7aea6a6f0d83afb,0.09042959560269614
d9d2d9b2890a7999,0.05805249102786927
deeaee8dc56ee2e3,0.09648540157307477
ed44fe0714d05825,0.13385297415576844
68d0096d6964bebf,0.046874550833601265
8d52d8ee49e4e8ec,0.16103193543798464
b877123e88a6a266,0.06976912267290983
8aae92b438c0c262,0.030304021068213723
40864f11272e903b,0.04471916544343347
7583bd973a7787bf,0.2487440822752741
209764663e3680ab,0.06885545829553846
1802828e130f444f,0.12962787165279485
c7226e4c37f1c216,0.16832271665533752
cd0110875b4d057e,0.09125455847956336
b66e634d66bc8033,0.032166536745091935
644bd7580a1fab58,0.06519609914291488
ceed54b1129eb356,0.0670714375490331
4a02d907bb4803fd,0.03752260983543203
d09af6dce02bcd02,0.03829731629792723
c81869bf2ef1408e,0.14988075362033793
455bd62f0c9a8b18,0.16591797401199712
8c648fe7475ba2a1,0.10776672757058843
e7c1606cda3f50ca,0.05400986821818828
386a0c809777aa8b,0.07041148356339987
882d6e6250d5d648,0.11944777978719144
e73fd396a2d7e661,0.047128383537427494
e1293605384c5923,0.01874305319687133
d8e5a75d55957e5b,0.13207822225837565
75e6395a1cc7d878,0.10320899961520343
ecc995a8d29cc898,0.10965654863763886
ba27e43ae6b021c3,0.06475568525980561
075b11725eefed48,0.1461782066455206
16e06a6abad58f9f,0.05371939219790737
039a18d8a9005443,0.22226423097801487
166eabcb1845baea,0.04435132785616216
150f221c402f471f,0.15665857493743982
2af5183224226208,0.09842082905976869
30a31bbf87301908,0.02581685178112596
95c87aa909d557a9,0.028280491381731856
d70eb57711fa415b,0.16141911564612338
9464555817eb4951,0.1666965934601293
8d4e5d5935a1a663,0.02837215530843391
289e3f76cc551091,0.07826497877140916
8646ded190e78433,0.08803566137056491
f2e3c326fd923449,0.04629155851041789
83f8985c38ecf25c,0.05912641131412278
8b698836d194ab64,0.044980143652289604
74a48ddff930321f,0.03616475496923638
79a5efbbc2b4f8ec,0.07365625772022412
6e88ede348b8871c,0.10423409864381422
d98b06d0f7e1b8d0,0.06641593990345455
dc56b06363e3abc1,0.082116912117066
b5355653b987b958,0.06932290699102518
e5bc532f235bc0d5,0.029019957213969997
153cb69740320d37,0.050638933210634646
30ad5d4441533a6c,0.098776266838697
05ba774a4ce6ab73,0.19154494510388317
ba467da19b1f2810,0.0248765857065377
9ad04a6b621bfaf3,0.11987553114394846
f605e43b08e76847,0.13252592934658894
fe2d494aa36b099a,0.05405953128484
1e5a8f5e21430d42,0.08753799802683736
9b28fcb2ee487967,0.2504593921618578
2f1c0ef6d36a75c4,0.0643215369611081
37fc5525bb7de5e9,0.02789581621163163
d6538f0dbb2a123b,0.10584168788080979
7dde59a4542325aa,0.0305072624504428
20c617dcbd71f357,0.05331819773193456
77f00b5e8f833d41,0.13865912179153012
869a14428379a740,0.06195528944108835
5fe5544f8e236559,0.09624394162006222
2d3681cba05bb562,0.20258986655787337
499be0abf97d1597,0.047476084525914376
5b423761773c3a6b,0.20111214172254013
57cfb14bc788cf66,0.12895243781082186
bf8ee8443882eb4a,0.12690880892983336
400e3c9ccfed951c,0.06920925506308018
95c34bd334691146,0.14254322449362775
441b99f616030e70,0.0654418201323493
d6449401e78d3385,0.06777708706063579
ee04b5380c7d4f07,0.16485876889957557
47350f4648bd6090,0.028222051868787578
3d184c420016986f,0.0511089901202749
2525af5583075cac,0.11480003726378901
37055ef29f0a3dd1,0.10808421964907435
741ca2e53f728930,0.1733987403012375
c2060532831835cd,0.10636243401023802
bdf51afd82ed739b,0.07510004142734981
87516eb4863191a1,0.10373525169653663
034a25e098498861,0.027917961287008793
2beaa963f217969a,0.23444768196414276
6b03ea3eb3783933,0.047960694433212776
99cd56ca4ca12f1f,0.037239816130319854
42288d86bd56d80a,0.06619014461755608
a5497f531ca73858,0.04906240929165801
6b8797ea062ce398,0.09419542977471629
1514a9ebdc630056,0.08251822092583141
6a47264adc77dad4,0.07686594643029698
4cbd1cfe1be11280,0.19154592635545634
555f489d111c7db7,0.058234965749989986
d3d1d52e817c754c,0.03224248320731501
80c2b83979b319eb,0.0438635880256018
b601ede8f1d5ecc9,0.02152039646249418
ac4e394f11848f01,0.14143233856603085
a5d564228af285dc,0.05797437120634553
872eaff0cae2acee,0.04464187641740208
ca524fe71b6054b7,0.07942000743847946
092fdb93d96ab75e,0.0291453764913266
b1224feb365fa8bf,0.05251524111245289
b5883c6e74b0ff0b,0.035195606957961784
7aade43a31d09f8a,0.07326719343849199
585ac3a63ccab1a8,0.04733855318362759
e4933222bb492af7,0.10528141046768184
d4fff28089f09f7a,0.12199639671769269
1faffaa35ce84d77,0.09920840876490648
27afb6fd6aac442b,0.03377289806013051
847a053fb85c500b,0.0369323291759604
9ad6971bd0ebf223,0.0677133445482981
a14e1a04f336c6c8,0.042258412806459665
50698da7b2db2350,0.06539380938755242
15655e2cf84c9cb7,0.15117819400117644
ef796da1e5967ff4,0.17329637368765585
9331c7e2dd294fef,0.09162274295700594
b7796a59af546a3e,0.06470457875542006
d9279cd811aae7c0,0.061620759222150025
df81c08c47af6c59,0.1569547999070672
1b9dcbf8b65b1a52,0.1136274881340902
dd377f760a65ba2e,0.1406734462412357
995b4a4b97e53e5d,0.0811242858266085
13b533f79e5a5caf,0.1160543762683045
d4c903b8efe43c13,0.2620853012607384
4fb9e1bf5a2f571f,0.13285707506560096
ed595c03e7747694,0.042125016558864185
73e9645c3d48fbb5,0.02433005254637764
a4b5405b00736981,0.1474698037778483
2a653776755ba7b8,0.02852280438627873
158fa97bf999e010,0.1133871802099801
a95d0a261a3bb142,0.06210572263328693
ea46e88a59d4fe5f,0.027858132746099874
6496d7761a0c6190,0.04903938627404189
6f4ba984b6dc3289,0.06817093717791896
5afad3e6c2fda712,0.049176675513828406
02effb9a084a466f,0.06466563060665491
f43a5e53fd455d87,0.1874762815022529
49bcb75b2ef9551f,0.030658529081878466
b21c8167caedde33,0.015658914050261662
15d2bbcb8c316442,0.03208834645720177
523bc8b194fc69ce,0.06148689592882214
d7b8e5c99743aab4,0.08453043036890734
3ad43bd42075bb8b,0.14544112277453677
812b9840da2dccbb,0.27577810146706044
e70b5a521c308e83,0.13632801321573038
3c45ba8ca9f6f412,0.03039060492215658
7f616f8d83b3eb18,0.0605699538902057
26c592e1845bb489,0.049661064123676636
68d37c0a802b47e7,0.1235938804830825
d8934f60893849d4,0.028854131456429722
2a3dc482e2f9765b,0.08049059487359607
016da23592d81da0,0.03289345760655543
4fdfd4d0c0f506a0,0.15100851130320164
729fc49d981fa3bd,0.05756442428768647
15deccf643c21df1,0.07657889723237994
7daf2f242a027468,0.04122238860232271
d51a0a86350f7add,0.030574209382642922
52fa3a33f632aec0,0.10416491833557434
bb4d95ad5da1ac87,0.09325002827165234
cd23dbd0e165834e,0.043758938377950085
ba39191a07cf9e7f,0.10232343889709657
9ba5cac296310d3a,0.1861253956913683
d322c51efb437d17,0.019310550614541774
3af739b2f776287d,0.13766261026575985
85804c2e9c6d680a,0.04038888516309891
cb0cd20b25649838,0.04949901893703179
12c942ad8a277403,0.09170036827625257
289e502cd91b1547,0.13159828045502756
31c382a7004fe972,0.07388631997879899
d169a1c279a46015,0.5312769170252963
f9b4abfb6291393e,0.06585657626102297
6717d92d92048fbb,0.08094922996640054
469f41c8da1eeb41,0.0842868012478839
769314bb014d1235,0.11705044020827415
ff2e280d521989fe,0.05464710273934975
1d52653d4f3c35fc,0.02843537322168631
4c0ebdf6c9dd9fb9,0.04159004735766736
8e182e2e4650cebd,0.13933894882891143
f55714d17852a183,0.0456518705429965
f2e291daed34f717,0.14081070247452798
2fedf01adbad6180,0.029505541205669727
7079029a20553569,0.10744385697051162
7214daf28cec2f25,0.1301539305881006
3037ee52ce757f35,0.026048349758993106
301594a1fbd58308,0.08549168587959384
971dbbb99046d9fb,0.1442274989680077
c7647059905f4dd4,0.033620365948252774
796f7cb75fc0eb55,0.17616717843687327
bcf00da3386bb946,0.12332157077525258
9fde66ee9b59f95d,0.021560023470464967
752d3e65ebd63369,0.03011850818595982
1a6bbae0cb804476,0.05835214833496635
03cac4272e7b8e63,0.1304176403747647
055fecf2717f29a3,0.12513965502201843
a2aa85d0e1bc4e6b,0.06269418960867307
ef9db57cac44e529,0.07446885298576102
8c91442db55d9d64,0.0888566724934835
7cfa3fef2d1a1dfe,0.049181598945255915
56ede8d9842e0590,0.04536705767310927
fc74e63ad196960c,0.27019610462054167
342867ccf7337815,0.02779251271302849
866f7ea3c4be20e6,0.0787016092825799
f45494a74c712731,0.11783565609948914
414228464c8b74af,0.10466281138005845
e4a3f7a35452e28c,0.12836730528206605
c1eccbf012d9a361,0.03788401105373975
a715e394b41f3a16,0.029460850299120604
26a24b8218ee00b6,0.1836395653204562
db4b58e70acde06b,0.0364866939102877
deaf015c1e137149,0.025113122054336162
9d4fbfbf523a0472,0.2416933750677662
ff7e2911a22e8008,0.16013119739870194
30449ce55b14d344,0.030556413895367136
b930073e02948360,0.09466782817541235
9326674b4c828c15,0.0809940462559099
a9b474db35164846,0.1023695163823256
9183d88dcf308c8d,0.05281134707474051
47c8c6f64cdc0a43,0.0537138619998882
2ee4722095033329,0.07799108207307189
cb8a02ecca44027a,0.021693374130110726
1925e9dc63237314,0.10197666028631423
dd36f08b99fcfa16,0.22976820797168118
9bbd43f6f760c243,0.11727189224582224
a766359aef66a25f,0.08400443803582974
4d10a4698fff400a,0.07902608008929964
44a6285639d7fcc7,0.11113879586031016
a64ce0de598f4714,0.12063326672590258
8c887a6a554fcff6,0.015193779982049327
ef3f3402f7530e37,0.02096720302549841
e9cf43bab751f410,0.014278546367142042
1245634a78a3136a,0.03301370695735652
7c5ed75e73c20133,0.05318053526459982
ff7628423503cb61,0.037731682937202256
55df3baf4cb22442,0.028470212336837847
20497b1ff5df51bd,0.1429074783052671
fe1c1e2e166d6943,0.08164137480569926
0a6a2ebc3b004ba8,0.06971158025618084
ba16bc573e1d9a6e,0.13786234247730492
41ae92fc5f37cdc1,0.039083611173972736
ae05071f58d92774,0.04820094132055782
a8d4083bb2383da5,0.1428978614103398
92cf17c3d59c9b61,0.025475686458516472
f591caedceef4268,0.03661007528296068
e3d006785a8a409d,0.07058263958627352
dcbc913499301796,0.030985122239695188
b630e1af9fc1f3b9,0.12158069104574037
7d6a1e459131bf25,0.1593078622738889
5f891649affd8c18,0.07489900097760961
7dc102adb7ad6667,0.08079006965539455
1b8c16064d0dc4d7,0.059558696403012236
8e5286a9c7d73ad0,0.029481240621379728
147e554cda420ba2,0.038076538281458024
18517e2df9cc10ea,0.06854133478965373
54ca2e9aaea55320,0.6311842170961065
a923278148853286,0.09258776322382789
cfb35f11977c3be6,0.07314926220130828
aef8a4667274a47a,0.027709413114308284
2c51172cc4d5eba0,0.034779752040796474
494446d84318c9ee,0.08711502861712163
aa652d97612fe50e,0.023486820740288853
baecb9e5cd4b2907,0.14084603641349716
c29488c64d211da8,0.05350425189649313
28746b4c4b26d721,0.026015523405463935
8a45d03fa3989bff,0.06959906691754751
462b3e544fe612a2,0.09610680242803528
359614f152fbbc2d,0.068673174049362
5e953db789137f0e,0.12543912594209186
2a99aaa9555b3dab,0.11854222018421899
aa37a77bc447fc0a,0.20021145817246433
8c0d7f3ade155e48,0.03191890262030884
45b05dd1071039ab,0.36574183230280993
7e037c271c23576a,0.05190074399244219
9adb38d0576dec06,0.10590459620820514
532c84dea557da7a,0.12367089779137024
6c302b9662d3b5c1,0.0594672305986482
666231af023e8fd6,0.04346856999057356
9c06ef2fdb037a79,0.08908189451468758
65230a28464587f9,0.04373176795812309
b3ea4baf43182919,0.1257072273138796
c1f297271ef8cab3,0.036040954934605525
7c58e1fb77913d4c,0.1821854257880885
00ece1c11b40f8ce,0.02197104887378983
a820b5633583bac7,0.1495377492302556
b4e9165d8e2aebad,0.04215171415090404
85f20d358a8d6ce8,0.08127816600861242
148fdf734e431091,0.061333320460317836
67708062cc529759,0.0895613986938009
d764e50c36756862,0.24919076441333057
dc093657cc4bfbc2,0.07810308246034675
08c0597e111a2388,0.09995204870352374
58fc68c0720d8cbe,0.057944105238008636
387b7309eb20b505,0.10547314766318334
cca31a05a820ea88,0.1550662000970558
be7e5b7b5839a348,0.10332699594464258
ef7aa159ba83917c,0.1031996507263554
3dbaccedf2355696,0.040623275370518984
3774263bf5c9a393,0.07289518686351962
e830f76f4667709e,0.08327759837002315
c96965b10fe9e8ba,0.026168304421673963
aea0b2d75bb410f5,0.1092691964564515
892d778bace3f693,0.10714329614846137
f46440975132762e,0.2047690585472398
6084fc419fc10f1d,0.15589462746541866
c6fb1852daad742d,0.0550247466296992
2bd09ffffa247f82,0.04624387735689702
5ded576ceda86075,0.08768601340808195
c066afacb3fe3a52,0.10971186943882376
21e99c194e94917b,0.0282946283169192
7f4eef61767e4c67,0.02324278766265542
dd19efa057bdb4b9,0.037953188330895775
2b309ca794e9b11f,0.23550922989659137
8428fd508cf86cb1,0.0853636177499074
bd059d7efcd14494,0.1242025174431316
7fcd9aa10e5ab5aa,0.08322160216242115
9398c438c5fe8b90,0.04005763726156765
7401e49aee3edc69,0.09060600934341033
0520f17da71602b5,0.051375812056537434
efeb31befebbeedb,0.041168834660351976
df3fd48fd3b3331d,0.08104187481374348
14e14e2218536077,0.10443075915303947
1f92d25274d4f038,0.0710399595282138
7170ea34f6161e69,0.09110644949655024
04b0152464b775d6,0.0578859030517102
7653ee403f88ff26,0.08379454091996456
ee84092d5d680f67,0.17066899790681025
c41b6329fa5e7012,0.03240927301517966
1514f652f00c3b36,0.04616901730729168
0c6d11c69bcc6f46,0.05829699641938776
382f75d2edb9f457,0.13900379870285912
ab482dbf08ad90d2,0.09426650192775825
5ecd94cb7901e72e,0.047086767726012994
176da975d008461e,0.080895685653112
882d984b9b9d8fb6,0.05761211807343253
efecedca199bc74e,0.163482426538496
5f185fd802f0c00c,0.08768082966285673
b7be75c69ddcfdc9,0.020031592019164966
4da0a9696b2e9612,0.05003454407029554
755bd669f9bccb8e,0.07462552435202345
dc744a1038657389,0.060374393808065065
f5565f23a877bd69,0.09314807389628921
45485cf629983a40,0.19733475835490646
9d8248668d721756,0.07563609026218103
7e637102a104b616,0.033489782574122794
b9095cbbb40751d4,0.16440949068781854
b6f5bc351054c7df,0.07681384911132856
d08fe94fcb0dabad,0.036728187908835724
edb4aa5de0832a92,0.05663547921117943
b142c9c1185e5f66,0.051575564098083754
1473309b954d71f3,0.13277799171201735
b604a5e504b627c0,0.2303402689481988
d5d6a72d9d2c827c,0.0335911721822938
aac5a801e8926a83,0.07605490952252068
45b600cd20830ac1,0.12811324318761763
8b6f8e193f28c495,0.04692131576603775
9cbdc55a60ad3994,0.02572348935468657
59cc8f62d55aab98,0.022783805198390544
42f81ab5abcba09f,0.07950964748178117
758524a5d6a74122,0.10651621791805181
0acada29c4de07eb,0.08012291465823153
6bf56d0ceb2c1ab7,0.03496485752619065
03b29070bb68828a,0.02809772580239908
2f553bd8ba413efa,0.027104265970277524
c3ea0fbb29a15317,0.07071684483752347
797edeb1c8a9c95a,0.06717068287645363
beb71749be71fd3b,0.10945931258821838
c660714dc6059849,0.06162548821315685
549961b37bef9764,0.024321466579414513
dfac78eae9821675,0.024412777725365226
588c204b822eb2c2,0.112653183962266
e96e43deab9b69f6,0.16613967146907696
9c9a726ae65647b0,0.03407046816217791
58f635ddafc61c78,0.26788014057738624
d40624f11c720afd,0.14828731195835687
73575ac328053efd,0.0673346123112823
809a4127b076294c,0.23938115283968528
d476e643d990be24,0.02597695964311994
4d04534027759be4,0.06611956596267402
72c2c7664c8294e1,0.13134058099904872
d3bea4fa475618cf,0.08354781161518636
7af7100957117fae,0.06327135945746652
bfeae03c16252052,0.04788316971609388
dab19b0b61104952,0.16294693360612844
8b72f86a4e6a970d,0.12967105371250218
c775b6de816c5092,0.13707578710612944
0de6dca19e114646,0.0716925602039184
0ee2b0fc31b7cbb6,0.03753875399368589
3363b132efc51b9f,0.2336916821516771
ee924a0428a40a76,0.03325766915819791
ac3726dc72e71ad0,0.08558258387131068
374584473bf4cec4,0.05383485626682918
e6b8e496d903523d,0.07464674944995692
8fe009970d6cbeca,0.03503888708021271
b03e574c8770e9d1,0.03995822421478417
27905f95e6931f22,0.0635575334598072
8099a0f72ee1a1b1,0.045938723090514964
5fbbd8a6f4ba3669,0.035895953158187846
24033a02989369f5,0.1419064435565436
223faad452bc6598,0.14582301370854517
c5c13adedfefc67d,0.05964832163426578
ec24ebbbc53f73ce,0.032091921492981575
3a3e4d31cbad45e5,0.03535763403412847
79763f9ebecaea1d,0.10130522986719952
46806e41926c192e,0.0942839394608932
a5cfdf6746ec5cbf,0.13665983899932257
0ddbe3ef0aed551c,0.040970328766914074
b641fe7061b46442,0.020252201725317723
be98835c447eea49,0.16047160371234534
98aa4160c7876f0e,0.18383470987858616
0753638b45dfacf0,0.11604901513878878
e938301ba66e78e1,0.12462514350946909
64b695db5b68b91c,0.09138568107567456
2797a5b06b8c68ee,0.033491802153511614
aee53ec38b7eb6f0,0.14543178237277388
d59b57f46a383c1f,0.08045226485987239
8c3a505dd927009e,0.048623165342507824
436e01defb530baa,0.019607526617369923
2f54c0acfcbfd646,0.1326650527158908
20f15dad96dc92a0,0.03915953013280309
8a16a230e343a296,0.05650373382950886
fc511072e8631203,0.10811034768762658
5d976c71ca9049f3,0.11607846472488759
b207e579713d5841,0.6174660558403774
ac03eddc2e2fd2ca,0.13828860757016945
6b1e6ff0118fe59b,0.12027247974944667
2cc92c1f6bdd93d0,0.06868351729578197
f651266acfce6c0d,0.04851337448403264
c3b49d19c43acd64,0.03778800745352968
05a27ebb8a82cea7,0.41885009854809646
f32c511446a68874,0.042538592100464435
108d6b400d52aa73,0.12523604621502535
7e3cd0895bbfcd9e,0.1417979086999302
2245ed07ee31662f,0.10822559140676295
c81aede118be0e5a,0.06687974711903162
d664a113973613cf,0.07161146904504152
2899dbe3769e8b1c,0.07373564786272437
164d8c33239c5511,0.1069262880443642
e753bb93c30cfba0,0.14080614695651902
4493eab669361ba7,0.048590874542166644
4e55ed26dc79c3e0,0.06589266213025041
1d2f7db4504f10b9,0.02869058254605471
9749ddc8b2a3a385,0.029103171018624235
9aab93db4ffdba7e,0.15507487091810113
88558205521546f1,0.06829604598136584
02a8e05f667b2fa4,0.05282860497371364
f95b0bb67413dff1,0.10467286952727806
b821f8fa7a26d286,0.03908121479541793
bed1456aa64d60fb,0.13143449576513047
685b1294dc5f8cbe,0.13822055858656287
79a0510c936f5eb5,0.12882448031663662
07f28f119366b484,0.04473982466477413
949af0edccb8d159,0.14981387617933503
9965f63ba2d41ed4,0.03408747840363695
f635cdb577ae5471,0.11951617847370087
6419d144df4c87de,0.1376795881603701
bc7f2dd2340df372,0.021025022206040005
cd35e912794bda2e,0.05430397200510165
abf3b6dbce73db98,0.04996000058331892
4eeba8a4c17e4351,0.0786252136533599
f612b9af4ce98bda,0.15580742127123828
d8120911733689b5,0.050408856414670855
723bd2532e39f731,0.07804076618774826
3889ee7a1f5fd62a,0.09946666857725883
66ffb196fbbb4006,0.042936901146772566
53a1c51ae93d0e81,0.09902285185007186
0a4f5ec5f9339110,0.03643973819957597
34416b6b8b600a61,0.03847943506925023
1e0b561b5df0447d,0.15399186577260032
43e848bf56ec0bb2,0.08836790145160754
1ace2be427eaf92b,0.03965153099537027
e24ea459233ec078,0.19169248720896004
e019c487befa7761,0.021332076016079646
7734ddeb14b3d277,0.03874115901101956
1961aba76570acf7,0.05834007283762105
276265c86a0e2a26,0.03915431921263053
4fc5594c301766d5,0.12680899283682734
bfd20f3d76573073,0.07610958091815594
8526753e065f5b50,0.22856889409614425
5c03ad68783d0d61,0.03259680514099112
9c83e80d019e0f5c,0.09948207422367383
4e6019e87ab5ac6c,0.1287327990087751
dbf6023ccc73b0e7,0.032444673961076496
fb35b29ad551c9c9,0.0457567101511042
3ab9a4e335cdfda6,0.06703590393168161
86fa9d51e632ae1d,0.0779497908317206
ab30ffa9ef0220dd,0.238471560232408
ebfe496544b5a6af,0.13632489945822798
4cb026b93d1e4edd,0.04055809021438248
426a41478cfcfc22,0.050629973595804366
3e16e5f885a5764e,0.048635836102133366
dab52f137b1ba008,0.16154716800959393
a7e545c29eee2bf1,0.05178106134031252
6a50159c50f7f9d0,0.027432802700962235
ded3c69308607da3,0.1839246566863787
921388faeaacbc80,0.23680675179128152
8c90e1ab4a546bcd,0.06854952636117541
31b1827fce88917c,0.036424926719731056
d97cfaa40be224a1,0.033818625849963785
b4dae0ea6d15a25f,0.08156579474187152
ffb033e54895ee3d,0.14098766141185404
2b625e5d9c22b0cc,0.050368834280753526
87605745817d0ffd,0.016946540929024083
9717417666a66daa,0.04335451900109203
3267d4ecd26e96f1,0.04167645985347531
3399800c4f113d8d,0.09794399482480455
f457366f48f27702,0.059504817711356635
5a6c4f9b661a0ab2,0.12222018415857332
76628bf9d8b6b0e6,0.47520408917895923
997a5333179da7c1,0.043154919083600196
044dbb2023ecc53f,0.2153965726131428
737497734f709843,0.1616278563906698
fc7d05c3ca74b0fe,0.05822736011027745
f5b74bbaa8085255,0.06120783674949251
c1d1e5c41f539d03,0.10805361944866314
86f9c72ffb536f2d,0.4113124176061597
95b9d46eff640109,0.05607480180767069
3aff516939a3de92,0.060259863870153085
23c1d6b14d960725,0.028475752951698647
0b0950c974175a86,0.048951901419286854
e94d8ce0ed816caf,0.05381706257660183
037bc4751346a482,0.12405212314896692
d43c5617c5e69df5,0.31015018755485463
82c6f27cdcf850e2,0.17361546467275293
7652727437cf5e6b,0.05233930110210928
86f089e7c7ae0d75,0.057625747075739496
b9d7751ccd00d9c9,0.17387708942025068
0a079836e9e1ac2f,0.06225614975111495
90461cd0e33baa56,0.11373511260986195
825b16c4984f4382,0.11080196188246576
9054cbcd60dd433c,0.06351466966046142
770e4ea8a1273a1c,0.08330602043446171
518ad8ed2ff052f7,0.08567345531943733
f12c4df4f05fb6c3,0.046106149834643416
95a9d1c987aae5f2,0.1090591897760499
1d60b64e1441c91d,0.09617176660092153
84ed70c1cda568a6,0.08701979302902335
3d6e8f3a5d06c7a4,0.037107457928933225
eb1779538632b044,0.03760578175685347
bcf84068bc4b5615,0.07324826286095044
3dceaab87e5bd6cb,0.08114843683426316
c86b418e43874d34,0.09428337992605496
95397751cf365c4c,0.09652928672366785
e80b64dbd916f780,0.046782036414919216
d2a231ba481924eb,0.08300554548022616
e86aab1a495bc94e,0.023673750435816394
4c088c5147f6cc2a,0.08446969606326186
746c9771aa5c751d,0.0709529722917357
90005adf46be6af1,0.017678635886741123
78338f5a63e742f5,0.10788424878140278
9c3f2d29681d0d34,0.12414510325654952
f93fd851b68279a6,0.1990027090733484
afed2c838b247303,0.17040398421984737
995d752a3bf1fbb2,0.08559497915821866
33609320e5c7578f,0.04171465900140369
1ecda15121ffa27d,0.047290201084287324
47b2accb2f516cd3,0.13657481458105766
5571f2482997d163,0.13586814641862924
32897e94a9feeb0f,0.20039016962883416
3d5fedc7f245d35f,0.059987060460609254
1b4707947519036f,0.07619441864082004
3cee4d33cd4686de,0.0762407280002134
155f6d74191258a2,0.11700305790970379
3ae6a0b3d379dce4,0.06675522892227446
dab9de12664f7b0b,0.0709609261523053
cc73e04980d2167e,0.05662822619082988
be7f0f5d2c65bf06,0.08788537887211649
dea114b428048ebf,0.02736842972775715
deece306851a2a78,0.07713739422120552
d1ce358b8f732eb4,0.0468389842070961
e025d916d395fc1e,0.1136264095340384
f50d9be3d733fdc9,0.04945275457414008
a6c0d8fd193f76fe,0.0676820341517608
569e045332c790a0,0.10703349379460651
977114ec6d208ff4,0.026535892565338517
17faede0e698eb93,0.06445689367246735
0610c3287750d822,0.08805962437361782
58e6e26dd56a60a1,0.03153317688923952
bc263b5b32d9ae07,0.035576761103242205
8894323cc5f185da,0.028477251863165066
e8229221a1595393,0.04371725546889992
63c589b1e27997d2,0.12264215401306676
fe21e0f0344dfca8,0.11274630610881879
7e0194535136acfe,0.055613405113390364
cc859709caaa52f9,0.029256066316723672
56e7153dc35c0573,0.03486703498051427
c76e1ab42940cee5,0.12657261047555193
2ed46ca4b8d10516,0.0870737151273584
ae2f86a0a6c3b696,0.06965923704886441
a05d11d463a21a32,0.04384061570374026
89e7dc0647f4db8e,0.16051818344936633
80934ce845013628,0.07542026082711378
f66422247e89d830,0.09107850234037301
b0a301739cfa2228,0.032073493847219504
42b93c5a8b628ba5,0.05935194660815769
f74f1673a45ce9b3,0.08676956812068952
2b76aa4b82e23768,0.0637977845823912
0d6190a27ee0d6ad,0.15796670464747417
7492fbffda1eb950,0.05918715920879722
35355c2d5692cdbb,0.15947098746144542
de976dafed9c0fc3,0.10440641991196158
e2601be919261723,0.02733374986075803
f56a91dde5defb60,0.05971625228304342
1a9c207021895aad,0.14274538013341917
86ec8e715d2efa2f,0.09012052015327641
7762b73652848f92,0.07436103779636521
ccd34b74bb18d71e,0.1152134419481012
eb6c259855aee52d,0.10371244650253375
7bfe956eabaf5f10,0.06351729210608273
38c6063d22fa4f9e,0.1477383729992604
46b7352aa3c8a1ba,0.11232949571178791
049fa3f6cc3a62a7,0.21475861868214152
5f77b44deef47d28,0.03121473789610775
27462f3d6cf43575,0.06292128564807851
ca854373b937b419,0.12713996555737653
1f6eb5f2da254111,0.13600162148823777
9262bb44aa7937b7,0.07340102123536878
d81678051b65ebc4,0.09504101782710946
0edc1ad07f4aa86e,0.16632430648132987
a8e836b90034f123,0.03925464462966977
c729d0e49b2411cc,0.4304054433213735
db925a43365c86f3,0.08761431087556366
1cda28c15e8e4170,0.1477067574535929
ef5a97a20c5118bb,0.19878701525882173
4b990b98ec734989,0.14490212683123607
a96f328dda3bc98f,0.09657081565647745
b467b21cee5c9a57,0.03295697981428297
8c1694e84b06dad7,0.04608093786643114
7b038881fb7ec965,0.08904714796153217
60e46ceca8ca6531,0.04330769453920572
be2e51dc6bf61727,0.1449059878095612
f1063bee63d2cbd4,0.06315871894353485
1a3d53e660017625,0.07399406919588199
6db1dc15ad1e28e3,0.1551577294890891
34f0bfc533c2a23c,0.08141076845684707
76e738496305310c,0.07061821132334815
a76e95f0a09b03d4,0.02196064634539131
6a0d13d3e413c0e5,0.02952469715103292
e002702b095c4d9b,0.05804089346631818
435eb85f778a69f5,0.04126330180528378
5584a339491f1a03,0.10348852745068142
9a06cac14b623965,0.08924191550871659
b199a982f9480beb,0.22336453301129258
e32add368c6de44a,0.05112291592625806
34824decbc66688c,0.06636334618009988
070711d7fd9b7ea3,0.1060383886116661
a1656b509ebf749c,0.2679729824456902
ee96df140d42129a,0.381966706355706
09fb51e0fded24ab,0.07163884663845956
77e04872ab10bf20,0.11918801415657532
6b34ce0940c8c237,0.13655608416176465
8b94f16483f351e9,0.10621241664404725
a7d4f13860590306,0.02528082954038136
66537bdf81c41f46,0.1831449221136153
3014fd36c07b8950,0.1107497629344709
789380ce86c031af,0.1755331494294733
dbaee9defc780591,0.09541391111530094
bad0375f198257db,0.044464072185405885
a7b766569c6f66fe,0.05759615768321394
efd3fc92b86b90cb,0.07818850531074137
3ca6e7825d948c12,0.10781034979925326
5c73fed8f1d584c0,0.05508865721919443
cb7f45c4ee30e84d,0.12021992486672294
aac70ac68209f1cb,0.13600193412172804
fb253a15132c7c36,0.09787327209630937
4f1ad3d1864799f9,0.17662778962311584
06cc890b7c3abdd8,0.03191430144755913
48f5b50b05af6685,0.03039839228892204
8abc163b25fe8f16,0.028933699050136857
5220ee550d303425,0.129776619949005
8f7e85307eb35706,0.08949089818822413
dec525eaa4588cc8,0.1391716572230868
8a7aa7c3acead22b,0.09047192414821419
0618f0627df67711,0.12102499817765144
5d9929a965640bc0,0.07367465021179599
b45f8124eea44b5f,0.03299825955982647
32e371f83b148fb6,0.1638796918165516
83b9c322c9febec6,0.08319041474308174
8bb4d82df107f45e,0.08994471457944518
cc28d0d6ace393b0,0.06972456225061745
29c17f03906ad1f0,0.06104346227753086
b10cf30c243ed8c4,0.19413119597186038
85c180d755530692,0.03911281473936989
e9478d4c11f48523,0.019805032007000057
329d63bfe65d67f5,0.0549193628303552
4e7c7fbcb6fde9af,0.023580828627979944
1f2d4ca7586d9ef4,0.035967417676600145
04ff2418e503eb55,0.1138316970260218
5807d02f74d22963,0.12348132387698774
23aa15ff2408a5ed,0.03478672791095407
5c3fe62807fba6c3,0.03519267964757981
c97a3c1357c537a3,0.12374415724788705
bde91246f16123d6,0.030771294252042836
dfcf3493677dd9ae,0.025341102532046286
4a0cb390212d6320,0.12520006486408963
dd48f98a0e7c2640,0.06497650680991864
21669e26853a5beb,0.11333235043024881
c4c279dadffc28bf,0.12880778972736448
27f99b00db0702b4,0.031160602791512514
823a471435809e0c,0.16362619375343493
36d9872df73f0208,0.10285331328927437
69b691bd3b11f565,0.07883743728357022
051aab7c376493bc,0.018987161303300044
897a042cdd939f4a,0.2604822275973821
16e574aceb37758f,0.1657406871836586
7acdad670c7e177e,0.10782915178867634
af7211a4b66028fa,0.03699165481588835
3b768875237c8195,0.1120891550635738
a9e4e55b286f1971,0.11435905253766603
1e42f2e9ad67815d,0.06473881984232503
0d527f8f008f8efe,0.02211895991555039
4c2ccade1925c5d7,0.08322648105275934
b3a98dacc0702405,0.04705532179712013
9b8e0f7bf05d953d,0.02662521797866423
7968527b42656286,0.04353630865348015
caf14438584b43fa,0.027663929410472105
31e140000e0bf36b,0.06188955299095714
336acc52a893cf2f,0.0686468460460387
bce6e39fc4407c93,0.034007812316384195
d5e58bdbf23f01f5,0.040124235411037455
1ff7a8ec347ef2c7,0.0436384389336145
ce432d29b214887d,0.03840257274939061
44e820df9233e162,0.10253298319216386
fd036d6641276c78,0.059500178189857346
45c36909115a7b3d,0.13484463697436805
0c18ad3d4c7f25b8,0.12353931656459438
4502d8fecdca43ef,0.09918591678096551
9bf5cf3ace55851d,0.05971657828339857
0e04a1cc15af0b5c,0.024412994818342904
86bc772734133e12,0.11648719837286252
76fda8694024d3e9,0.12904043682112962
d244839566b6672e,0.07691645477537502
e165495e76c8691b,0.06665388539866919
18e8d9f4f0ed1ffc,0.04236034258686914
c198ddc9a1a0f0a3,0.029166030916114527
4f15b2cd5370863e,0.06664218184557637
5b71a33a75b4b41a,0.24644434530180373
85211a41d91dfa68,0.09658089196163233
31c3ad8e554acb99,0.07134360447617447
f05e3b467a207ea7,0.01568513189850206
20eea1cacbacd917,0.1294829674666136
338ac2331272bb7c,0.0906409883090749
e6740f272d44da83,0.15399787022255326
9368ba44560c50d9,0.08541647685219345
18e4039723086124,0.09357929467420993
c935d65cb1c5cfc1,0.04352179223416575
dd819f141dcc8319,0.03357224698969986
90488975d041fada,0.0829339799955125
a5aa463adede1f1b,0.09941685902356705
872ac9ef6cc6a618,0.035730894285304356
ae4040a11f651b1b,0.07399526257289778
468c82067304eb0a,0.12584135440822167
cb460a2bc70974da,0.0345159518698878
366ae30bce6f5b98,0.049134723141517685
7638518d282a3163,0.17455154604927423
633878cd7103f469,0.06939790772281225
73b8cda0da8e3c6c,0.07521994442000603
b24a01610939d7fc,0.02854527624060396
99024e3163df7833,0.15431467398423615
f67fd1bdae4a88b9,0.082729144593712
bed6a87757540498,0.06832308095064342
97afe9a3ddc497f7,0.04603901824169384
dd9f348a3e019188,0.08944855111685711
34946df4f3dcb0b6,0.16363343354145607
9444819c9eb0c9d9,0.17655634776520032
fb4483e1ad010ba7,0.023254635492649296
00c68b30c299654d,0.1027094577976785
72515cd3d8b3aa9a,0.12347166124463214
908510f96be347b0,0.1333271297704936
99a21c81b1b48573,0.0870238784015744
22f68a423b09a5d9,0.0254419336774452
e7f04cb37080c9fa,0.017200302825574706
dc02fa202a12aa6d,0.04580489014097655
10d0b7f586529eff,0.021726826027401853
ffd7b011eb85f998,0.10348588051271874
e621dd32e1b264df,0.03837577979487655
4af1a1f24964fe8a,0.04261375772569881
811ce0830dbadcca,0.02772268487438809
19f0e848aacfeb93,0.10067844495134044
8d3f02ada61029a5,0.1457354635615247
1e2a07a17f935db5,0.029761562966530365
32328db851b10b18,0.05063263819144117
9ee145457cc792ea,0.20338381354506016
ad8df560233793e0,0.03691445043190009
d22762aa0ca69d56,0.08689499091900649
f8355291593dca46,0.19096170359757206
0c612654e51e01fc,0.02638350833245026
ae7e23426e25bea2,0.02957622345764301
e009b5beb1619a81,0.14204218604922228
520faa13a8c7065c,0.15187462096469317
b5f1a39aded71e0d,0.023562203276235687
de6cb6bc5b8d1640,0.10260105198835819
d51fb6ba7bb6913b,0.166308646731679
a1375923af03ec27,0.11354484117689718
8c4b7d8e2bf037d3,0.0832111126871811
681405cfbc0dd97d,0.05926146071322033
992164c7365bc333,0.13446152246036105
4814a10f30ed6822,0.08328917596723105
f125562b955f34ac,0.06299499229641546
8665c174c23e0232,0.05137409361319381
c03010cc5ef028ec,0.2094706332101862
d2cbd396091301dd,0.046401724426258194
c5b700f429ada2a9,0.049658235802739925
07d97ad7c5757563,0.03073616095868238
abe88bd25b74cec2,0.26644105806885005
b5242ec51fa10803,0.048904347642707735
504c204a4b07adc1,0.03749169547046121
eb3e885ca8381431,0.06841320044624247
88019e77a7570235,0.18190599854967218
4f5b5ab494b7fa3c,0.09324733022272787
ff857c8685376696,0.12202506749180815
c97ffff5899cdd5b,0.23167638692489576
06d8545946fb794f,0.140637665124561
86a18a847664c8db,0.09374731773913995
236b7caf60e83702,0.03996880775813805
b7362d1c5e6ea485,0.06569050460095945
75a194abbc3951a6,0.14287556359866593
0739352b03f43601,0.07377282654713317
d5fb0ad6dfbebd36,0.04201728371701072
ab3267950cbf32e4,0.12983880397347705
061b96409f1ecea5,0.042527244361253845
77507cbfe35570ee,0.02747649978900347
a36af5b550eaa873,0.06987142797514934
9ea7c406af2ba7ab,0.11446894945552895
f67f1e53508bf00a,0.21657100013859135
c1e4dc287c41d581,0.035737248217131465
a53a53e86b02f37d,0.04461476343853224
608291782c527827,0.07616462825715255
d0ad07399c84455b,0.08196113604960721
fc8986567718f61a,0.19333320958702427
5dc1fc6a5d643435,0.10972750061652788
5c05741c61417dc3,0.06286134392267098
d702bbe78e1fa189,0.02668704938690347
e781540ac8518204,0.04482348329423163
7dfe0b8686f2f32d,0.10721804214093095
150a93d31aae72a3,0.05077099905401545
6eef12e9a09066d4,0.18462882204827155
636152d21bd16667,0.14667178609334405
c7f6af439da950c2,0.03296384321114527
27acdee466fcf485,0.5764530182403799
a8804fe9eee0fa90,0.027419718893145473
6192ee4938021f38,0.18565911687111925
fc02f9550afeac41,0.023111132499921857
7c9ba87d30178a3e,0.18874351250216748
a17444b2e1cdd78a,0.11555913991447841
83df6fde56cebe4a,0.04943243380185327
b35110acb0de3b77,0.14205907256291328
9fc1dd40acc8bff1,0.12865831482708137
0c521eb5fabcd49d,0.061011408285761216
e081802079fcf55a,0.134811207027517
12aedbe868f79776,0.022378353718749768
be8a2586f0738799,0.11810611045416912
077d63174223dbbb,0.03999798076161498
bf95a5f9268fccfc,0.02736561481437838
51ac7bebc69eaad3,0.1294237974283781
823b8b0cbed56665,0.09471109580489495
7b06037a7dc44eab,0.3021226562260017
c3468f13ce305a3e,0.20928130247762144
82906bbb278815e9,0.03212659739983203
26d93d94ea19b1b9,0.07299297039771467
d59469ecf7c3bb29,0.070092870742332
7db5fdf7d9e7b81b,0.08669992298424983
251dd43cde3297db,0.0822633742226747
cb1945985d64f4de,0.0665420146460741
4eeb92e907af170f,0.0843246138527252
feb8fa429dd67ef4,0.10476353235032206
4de67c2419537ea6,0.03744700638226898
538e4f56402af36b,0.14033580305021323
a4cf878441380a52,0.10646554508871657
96be7b3de04ff62a,0.10489858458750428
39c3d3887c8c1a94,0.03409756394521898
1921999c1eb2c5c0,0.08744462425753918
d57e9b30000ad4ad,0.11749671055472033
7c4dea060b3cac3b,0.15173186835675415
b72576d562bd56cf,0.148561833551225
e1b21c89aa287e10,0.04887172017013695
ea91d426f07b035a,0.05999705734217627
e3fe0ea3b0e68165,0.05502802120781114
733a4e55740edd52,0.14428872037126092
e3ec47884acfc533,0.2365617441355432
8b4fc284f4d71fb3,0.12539297422520268
ecc8c2db5ddf594a,0.022615077483749926
6a2e9bd8a0f89c66,0.110548939164628
330cb959caca2412,0.16028784387693842
d9ec4fb651c85ebe,0.05609578158096926
059f9fe46af8bf1c,0.055971686495650486
3a4738e51c5cab59,0.08014333486406668
2defc05f8aab4fc1,0.18266856482591534
5eff676251527676,0.022419933958323725
fbe244ca19447d90,0.09738632650237285
6a795f7ddcc9922b,0.032416771869723464
31e47d59215b37f6,0.06382939904076464
dc507cec24e10ba0,0.1413532523464781
a6bb01f0933df044,0.028543973516361357
8d856f853ce1deca,0.06872943028953844
6da96325a4517519,0.08866889952637352
1154f92cf57d2532,0.02443797218156925
f6f5511b39bec2b4,0.033772357643840366
52b72c128d8d91b3,0.11407458948666323
75e7fc7c7ea0f472,0.10139160893646564
197817ba33606b5a,0.08289873500343513
c1951ebb86cb1446,0.1516488025953658
c4c41b18d788438d,0.12931838845202262
aa26bb9dcc890fe2,0.12343200797447111
c2c4703ee4c876c6,0.15950173153365066
4c5d7e0beffa310b,0.03125538948048234
83c908bdb66cb2b3,0.11503897720784241
f5402da16c14957e,0.05741864298079303
2ab80ba80d56a41d,0.10507437636588607
1c6b71fcf804ee07,0.1256550728769416
2f3e4501cfcf6dfb,0.1043844050787462
e6dae542e381015e,0.03702316674183096
eec4124d10360067,0.033863683018275935
9105a2588a4a2770,0.10375092433070687
130f75788d8a46aa,0.04402916828782013
8835b5e539659c18,0.11363516572678035
d219e6e0ab855f68,0.09945096367464441
0723230fe86de14f,0.09372864262333831
e81853b0b0f8c271,0.04455571309451626
979af46a1f611253,0.10996746120358791
945f78f066a99193,0.09817645360208423
9fd22540f39891b0,0.03203803481805992
2631c1e94bf99eb0,0.14915565613981072
41d6c34577272404,0.04757634146007684
13285c2b73770aa9,0.06493930728860216
1d2b2b68357f4992,0.04065409678022628
5e3172665089f4f1,0.1531641642084305
9f7be9231e3552f7,0.1255375323647775
6e458ab88b4204e1,0.032760845015796014
10739a7eee3e87cc,0.04751744822189152
a326839f328dce7e,0.21598358239555657
2e706184335e4bfb,0.17990846867908525
e10da35ed5233e23,0.025624952654734884
85df2a159bcafca0,0.11295785477497022
7e459f89aae58555,0.05389673311421201
c5733fd52fad180c,0.11750070909853194
d78be06de4424dc7,0.023871754146469304
af782e55eeec3b26,0.17142522940210433
a5428b7d3e5eb0a2,0.05054765731939124
8d920a6bdb004f92,0.21524981122839396
f4be0e405024df8e,0.1626592347763841
d5059f8f88290d5d,0.08088473550685096
e368d0170d51ce4b,0.07377970130139257
d8ddb30bad626df3,0.0478126726818154
d1e892e5a070ad3b,0.043879250400360496
8a30b24e45c8dd56,0.0815877692747595
7616820e7f2f060c,0.0265845686619411
35bf1de33ef37b4e,0.19269945249289536
7fc73341974a9c57,0.17010938410092988
9f5bd41b72cee0ab,0.04549961946346253
44e5daba8a615664,0.12595049890716456
6a29aa78116608ee,0.11878736920167761
74c36fa527d5e914,0.05860494730708752
65e5065a97a00477,0.07629720579196551
2bb9d6b7e64b8108,0.031167018050084715
297129de9133a71a,0.034019413448197866
e6233ca37ff20ae1,0.10965281877116238
e6c230b1db202085,0.15002498728223637
042447db024700a4,0.031858796820964215
5347f880cf1bb93b,0.06705240412759596
f7f2f5d41652f6cc,0.02809549143009105
71ccebe269774017,0.02471551906503842
5d89474915222841,0.047689636525003576
583b0f485ee37a28,0.04287524595521295
cc5a91f4a1b878cf,0.3084862651444987
636604af09feb6f9,0.02654863205844173
9149bfd2414e1f06,0.11284106788508691
69c71a71af3a6a93,0.04979393343189903
5cab1ef744ae1f07,0.08732530455035174
2c01a13c5bd11b48,0.11940037102185413
3dd5148c39f554e1,0.04247258754485637
e55b6c8712632bca,0.06629603003863639
1e70f997f11d309b,0.05828835177413571
0b5140a69c454fd2,0.0410049648685182
bf3433f1790ded45,0.11251109621538391
848bb9f5e15ea664,0.06228540012908359
ddec6d5fb5e1d8e6,0.14197544506037382
483be22ba816efd7,0.047630053778894614
c5e5341d9853e204,0.062193647126172404
21afeb4d02745cb0,0.04140634293199014
214573582fdadc69,0.05573419565068432
1584cb670481cd0c,0.13836434626959634
a5b74fec60dff97f,0.22422675555480534
500761048fa68af7,0.08557023487069061
17911ade8f9db4a9,0.09523747821359729
0d5e4ec73265e718,0.12499562749976319
9a23b511d19c5b74,0.08217617930339814
b0a68b6e9b5aa0fc,0.09836612634715784
f2408ea825dab651,0.07450980600518113
c46a0253ce15db70,0.10399930621424265
280ee758ffb1d1f5,0.0780558906842795
f120c6f37766ad60,0.04050026942350957
f0bd6e897436f50f,0.07512773066193454
d9838a74cd5c15d2,0.019995183425177084
ef4f4beebb23098c,0.11514283727557224
81e1191f9eeac89d,0.08598831143545776
38a4b85540a1d008,0.03567629155362929
583c98e432bf450e,0.0751563922766902
9319566dff410e11,0.09257255958719686
967a61a65ca3958f,0.025602880775594406
78d063e4b7ce7f7e,0.052339196028521974
d2f8e62df2e4ba25,0.10772345096248903
810d2f780629077a,0.15161894611262416
3515d882b6639805,0.09514268960552753
11e50493155c9e73,0.28476193490779883
4ed708372af004b4,0.1714292732958375
c4e45da34ddf3b44,0.11327853123204258
c8a93dd49c2a92bb,0.17706471869654652
0db19fe44a9a780e,0.02484231740557898
2b3538d47f1c15b4,0.03455532973479295
c3310c72d9734462,0.05887508366038934
14085746773f19af,0.03660617866563763
556db80d967a1693,0.0786355633832065
43fc5ae409f4f500,0.25876716779374925
081a87f22c3b38c2,0.12103930745876944
d375cbc133ed4f4e,0.11268965208118031
5ad546feb694ad21,0.08114235676817433
4f93720827de0ed1,0.06902896770589993
3aa17624d6ff3bda,0.024579750712359443
9242e8dc12c52248,0.09932907156217437
6842dfe6284804e1,0.2227440081661495
0d73a6a834744d44,0.06866679670244479
0830204cd861c6bf,0.030190960259980804
66161f0924e78225,0.11787727506317996
496464a4d50db8c5,0.10910893946064754
06324bbe66728955,0.14986364396967625
14f78d4e391911eb,0.031008544981317585
2b82c80f72759096,0.047049717005761806
098ac1d81b9e8c1e,0.12898474518498343
1b76ea6cbf734ce4,0.026297476025202656
0500bc92e5b55537,0.03803430207376123
ac5aed573f280b25,0.05605481703867184
ea03975f1d5baea3,0.054308305486192254
88b17a552fbab232,0.09740553302253667
b8de7af9fcdbf382,0.14629507981368503
1200abef5b424cb7,0.024433972298086887
31b60e9d8cfa862c,0.05943920487235025
893db3bdf6bcd36a,0.11900604379772806
ceb6b035da1d3d7a,0.10307352825126465
4ec436f2d7284b90,0.05197646837886313
8aed9038981199a5,0.05300094535365991
0004c2d09b2a5399,0.09350919284125826
5205db0c297b51cf,0.08587494641292333
fa00a8d5645e29e8,0.03509188910057817
e059a125b2f75271,0.1409136157138747
0a245e9039a475ae,0.07995847712644692
f6dd2588e26ea334,0.11931200347868098
973b401c5b3a29bc,0.07214281471541574
3c3d0acff02d8d77,0.10262295761344635
29614e0f15db6e61,0.09106976586801217
59556138531e1193,0.047852687294984125
6864e194fe467f06,0.07677123202912246
92d1a78a0805f085,0.09635097098528472
673c83d5875338f6,0.1443259030559535
97b9da49283296e1,0.04111875647113427
8e266443d27cb222,0.06566453253674429
01740ec6cd7d3fe6,0.13159149258783506
bf22ef3c96b1cf8c,0.037592576642448944
eceff6a46e6bb846,0.055258525523408424
595cd3775c548381,0.041870402868231286
dc88015ad74c395c,0.043624674231230655
1d829ac1fba966c2,0.0409344324531971
7af5a547c0ff87df,0.03565598366890647
42082090188c20fe,0.19326733364121593
f7c6df36a4354bbd,0.04890612130680169
fa583dbce17dca3f,0.10860249129960005
31b430017b021b90,0.16338786593377833
7efc9cb13b2def86,0.18128747288573202
d06fda4e5bcfc129,0.24572460700362483
72cb2bb85767bcac,0.17559857978363766
50f1226e03b9f878,0.04453548080766325
24eed0e6d7789047,0.08147483536284952
d026da38fc55bfdd,0.05060296476420847
47c591c2bae2052d,0.10171730779714416
92966f857e0e8aaf,0.052992255916997084
56b22e07fb9e4c9f,0.3566084429679332
95e7a0024d29a8e8,0.15043150486046306
77413f2ce0fc0b0d,0.06195971104675071
169ad5f354082bda,0.06419433849414526
cb6a3ddb00bb4caf,0.16751751010625493
c1351ef23bdee19f,0.05409762992464926
23e0eeea647bf809,0.08826461120816971
52cb9f8084c2979d,0.10889017463269612
7f071403034451bd,0.20500568612543843
64c6b8a675d8d210,0.07482457586627601
25bcfd9c6c4bc119,0.08525762755654169
68234d071437f6c1,0.02862254807093592
cdba54b09ad0a5e0,0.033573352616183806
8b2a453d25a9793d,0.289808506318738
379b3cf15b5cd618,0.029201379834125716
04f8b3d8fbcd3c09,0.03527727207143695
8db2aa7a87a0b0b0,0.11010605616645756
09904cf5297e4c52,0.12700139617559517
e5d6021439d46003,0.1289904505579622
87a2e4212129d19c,0.1636397683136989
e218c57596992271,0.07314275492999671
18b98da5b42722da,0.08013070938245646
449920a89db3ac7d,0.19321803262862725
9ce041cdc0639315,0.11722756345598467
722f357fdbd5c880,0.08696974688566007
d468cd43dc6a08bd,0.2357133857772189
9700c7a3ef819ef3,0.15796640734015513
b7f1d881f8c72980,0.03426557210813711
b23236c476c94144,0.28125484214747193
18dd1046074e1b37,0.10133148550874589
55f227029ee88bf8,0.04257652656981566
5e3b8e365345db58,0.04180295522909844
d97a5d6269148ed6,0.05968396838760531
ec6dfb974b3c0b88,0.15783601175689968
7ff4153e9bc66bd5,0.15223888049009793
70ade30377aa52d0,0.1262756742958071
e81c74c9a5e64310,0.17733852188128404
27609b892f19ce38,0.036233565784353806
665fe4d9e267c32d,0.17638305189181738
e4efa861a25c36f2,0.13737482236932763
707cf306deb0ca20,0.050458847558031296
53a0fc682407a107,0.09340753292443316
4bd91ec011ba7743,0.025444169399129326
3b7c880189ffdf65,0.11195414320144714
c5f1834657b1d9a8,0.10043742373929564
60a043d7036ea402,0.045255724877120006
d69dc65f9a8e3647,0.09864522538619891
c3978282c1335961,0.11678048229116267
248bcc5d97740cb9,0.07119718451911335
ba074101d0551828,0.07427661461519719
f22fd6cc76b9eb99,0.026620492905999615
cad3b5acbccd1a75,0.03008460413672523
4e3d749c5d0d8b99,0.10846093471085404
1024028ec93908ac,0.32621710748908356
db5f96700f81e32e,0.1496894524950839
d00456f5c537affe,0.04008920039450064
ae6c9a4ac1923d77,0.04158893916345508
5c4ef0457f9b795e,0.08320677529622514
a36087b510ed1bbe,0.17447055117459817
9700dc3668cb0d40,0.021126956493995073
e404394c28efb780,0.07928019995448958
0720a1b755cf55ed,0.1680361986865302
035439e10d353f33,0.06819433598232025
53421be12c0c7d0a,0.11997139105618031
c76422f9c7f1c224,0.021306393623627563
ca75e192477ae30e,0.04942178282829022
480e9e2f5f6eac7f,0.08810451839887991
b1b0c9414a07e81e,0.025152020714364957
e09f31da0edae6b7,0.05930806263912228
9386dbd09f1eea31,0.04922134516993024
4027ad13f744ab47,0.16016833259077876
dd57f9a9617410f2,0.1341187063817927
53816ae08db4500d,0.06688270486238504
d39479f04b318c0d,0.12023535208478038
5223cd189c2850d3,0.061558591984455235
8c0a9ec776187a0a,0.026558225937874675
387c460bf9c82eed,0.09522898770983795
1fd31e1faa118ee6,0.03040882206923724
49fba05cb591b00c,0.0324319559669348
bd80ada68eebd0b9,0.057655509332286414
0e3f686f072a8a0c,0.06283332417975485
84925d826d461c4d,0.12648908533383701
a7badd0bb8ead7cc,0.0823323938651762
e2c838fd32fbb729,0.06330075139170495
3a6cf220f53b4cb4,0.10405291956869613
9dacb79ad9fcf34d,0.0664548516159123
92aa4c1f7f258a86,0.14014907101981736
c85e22a117db207d,0.03239811144270104
c5acfefdb9e64f54,0.05048375830435761
26015640e05a3378,0.06729077321024367
834b3501453f5c5c,0.10046872360738439
42af151534cbcca4,0.04633980684632652
6342222ab4bd07c5,0.1563477773976704
cec95d0eb86b553d,0.11785809784291806
b4129a57f4c5c1ca,0.0763026758820677
8b51d76d9c838743,0.08589684269031043
36d6124fdfb6b5fe,0.06732489618343572
2212f9196bf749b0,0.19655481647223735
fe9345df75362fb9,0.1045542785893407
75774ccf0b19e8bd,0.026957030222316002
026c096720d1702d,0.12214264352513364
6aca91fcef83cdf6,0.08199482716873206
8fc4c42ef85eb9e6,0.21047775782700165
1b64496c26985a3d,0.029649574909800743
591d0017ec185df0,0.08674339500633794
028968c773b11f62,0.10334385769307418
3a09eb47d1ba4acc,0.0220891851676689
000019235d24a363,0.07206086207201812
ac5122e50d1ce8c3,0.09001622225229226
7d4feba02220abf7,0.031214245673573202
e59a3b16b4a6d416,0.15466364789357576
84a820be4f12f7cf,0.02766691074844678
2f535756a73607c7,0.2862328320942071
fe5a15197d453416,0.019916178915037493
dfe7a446a8aeb1c9,0.024725608869754584
0ba28eeeb91393c6,0.08104490892478446
6cbf1767b759c6cd,0.09469916948053984
a6e42b03d097a184,0.10240037246623916
da6efa9d56a293d8,0.1076442708140028
20eb958ac40ae3ec,0.03022442079404963
861472b884b8b80b,0.1725860144459297
83313fb5d3e30121,0.04721810078966208
75c00015b88462e9,0.28631891163073203
abad9a6070f32056,0.08574995636246126
dbb0ac574180786c,0.1230828074876833
1ff23956ddb48080,0.2070382337180436
1030748990c873e0,0.09989695402078928
3b392b51ebbe98a8,0.2428665333372283
9bd3ce96b5220545,0.03462151155834737
e80afbedc991fe85,0.18990709771818626
b892e30bd65f1cf7,0.05903527782821874
45be6aeb64cd6e75,0.06489892007667984
10b2dab220d2112a,0.14412763700050035
397e2c46ae990a0c,0.044503324122791364
19d3b02c14e869e0,0.03727719913152989
cd4dc389be000277,0.1869588393043955
fddeaaa21cf9f333,0.052116457401220784
c73cf810b1eec5b7,0.0452718817689747
2d89c6930c494b36,0.09927624044207117
731c1ccc4e036603,0.03246765821224412
a9448f44773fe67d,0.09317003726630464
89d7d09573e87744,0.16874564998097386
09a1c2b53c31bc10,0.12548789525480541
6c6319f9764e8514,0.34855716365485545
f56bb1ad09aacd4d,0.133451955973331
a49d99323a265849,0.0292688895286068
3ee9be6434e0e715,0.09607066887722415
875debef7413e1cb,0.11407703225996746
a2d775ceeadd24c4,0.15870103974509492
18c8aaea7c834671,0.26826208803694634
df0c46251bada9cd,0.12234248759467892
aab9add2fbc56aa9,0.03254281110235804
a6fc3e9da5c8e555,0.05344247878663579
f637661db81b90bf,0.3383691330250999
33f67c649066e956,0.06023001625890497
86c73cb2d30683cb,0.0962667193317241
b5c00f8557fcf692,0.07410443646591931
a2c9a8f18d345227,0.17167867659625594
5ec5cdcb7ea71186,0.06490572649908362
0f3e463f9177f7f5,0.1030207914054256
4e7f08dff5d4d708,0.0846505084553767
3bf84009bb5fc3d5,0.17395046606788114
51395fde52e82c96,0.1400187497012742
11111626d4279259,0.06298558659244428
ae179d72addf4dc6,0.0347950808074341
e88ef89c0abd640c,0.033592530760668586
c514af589b1c5c49,0.04423995156608811
ff07eef5fb056c81,0.1521804479888673
96fcc4e5d6f59237,0.3543458128147474
28c21a0768568fe3,0.13294092890288794
73627db8491905c4,0.05348794966504355
99467bd1e0347c4f,0.019795549644873654
f68ba1afefa7c356,0.17603910319231067
f2dc825ecdbac412,0.0446718448113364
4aba146c1a03941e,0.028443236314845004
80d5d6de30bce75a,0.08346899902442095
07139bc3c4fbcf8e,0.1270144349853299
e20fe10aec859d4a,0.2185017866345513
7ede37b476b9198b,0.09968729796528682
13f259dd7b600fe1,0.04725451664539171
351f432cde665f41,0.031445396570600304
a0721905432fac03,0.2825346229353509
c64298a4451fa34e,0.08602284138498428
4498869b991b879d,0.12384885603157088
17636075cadd05b7,0.07767481390730195
f1a1bbb6f878a877,0.07297711236094884
0eb6903ad4fa3f90,0.08375519933085929
3188bea8d6f5b35b,0.1356727004863641
c4c409536eb6c51a,0.028596594384199158
d280dab3667294dd,0.09626182453074437
52c6f5f136513403,0.0697732540535247
5090d67fa1877997,0.05478988170832863
16b61b14def64393,0.09951498618020266
baafe2fb18314839,0.04587546891590968
4dd870bba94a4e61,0.0603215409355056
09dc62cfe943169d,0.030142665583402815
c479d440fcf7aa16,0.11899786830818189
8afc03aa50ceaa11,0.12095460202306295
edde45a77638faf8,0.0244338956788873
6d7692d9c32c3019,0.06369898168053162
5732b6767099399b,0.051798636080434245
17d91b5e97f3116f,0.03763896432465336
0d8f39533be9f182,0.11935547617642166
fde5949373183adb,0.1780873138988753
958e0e17661293ac,0.17441746852964424
c5216e7c4a482059,0.03892000750673432
903c649790deba31,0.03225523242786338
4a0069fc3386e06c,0.09082643074218584
a8ed067c70e68299,0.19216148112924536
2739c45027efcd82,0.10599869540367923
9cebb6633780881d,0.22744134646211886
61795ee62a8075d9,0.03254920755134296
58f2b934b0d49345,0.12348731223925036
dae79d85843b121b,0.01645136141888563
2a1568df2de08c44,0.0952781668664472
ee4fd2a6e3a78dff,0.06693210852999039
b757cce25b9c26a4,0.03398745628991429
66ff45cad74a6679,0.0512908675591702
b0017bdcd541c6d4,0.05178334663201062
a3f277c9b5c91e67,0.05065769297438885
a5cf1cd034f1cbe7,0.2085573375465759
68c1e518bbf4e77b,0.05426099537148
39bc60ddd2106538,0.06840377126232815
6efa72d0df99c34d,0.13194528446901702
ba7209f117ae9238,0.13167565656782565
7c5bee138819f339,0.1139022286891015
0a18482d62e5cb36,0.08062546116836987
8e35efabb244500d,0.04084783383522049
43a9275d59ca040c,0.11705694027877984
481df5704a84657c,0.03433565035614097
4d8d82c65a5b6227,0.031821031357252276
f93eec03effd7d38,0.4639770780572001
3ffdcb2a25a0754d,0.0984188169243544
95109279ae9a6a9e,0.11852757689619216
d6ee9c0efd68efce,0.086556275623612
74c4894e7bd0708d,0.12926881618130862
d33fec8f45769c79,0.102877384302503
8fa4532d6a6caae1,0.02441898043711303
3dff5467e3be88a2,0.13091220082174043
fc6d9a8363c4609c,0.02467127202731753
c9cec12908a9bfc4,0.046157434262269204
a971fe519809a939,0.04327439459743062
5ef5d379d20d65e1,0.07425386667504254
e3fb799669853199,0.1290839612142169
6f8c415e8466353c,0.06950479837249765
6a84824f0fe20d4b,0.04869523353929802
8cfc43e4b7c26f14,0.03997303157116054
de7c6a12dea21dcb,0.10732421700181466
d478e64abc5e2623,0.09947817378319573
437101bfe8957347,0.06991343120059597
6e285e3b9740ddd7,0.10195787496819346
c3ad227a535c2fe2,0.19006948952564806
8f43b3a85065f086,0.1583409332868326
90aa3a900822f96a,0.09181110947394298
c9000a6868faa0ce,0.17733581599460546
32a000ae2024ab05,0.028404795847922232
c4605d1a5e5e5f5a,0.12673140730259133
892acb659d8cf3f0,0.054744580564766825
c69855f3bb4ca032,0.018558652549421257
edf73aedf6b35217,0.07010507897887974
8877ec8e52d1ecc5,0.04059725372137717
fa3630178cfa8ffa,0.03209021361984609
9f5f7129d1af2116,0.12515510883953776
5e7e17e9ef20547d,0.1290119878070834
a0bb691eee0adcbc,0.03558672156604784
47aa950ec1d03709,0.0508774660279409
89b3fd466c092666,0.02786293301163127
f58ae0404d156690,0.03016360840120085
766c4ba6be3c0785,0.11269138639581405
eb2e4b71d64f3173,0.1894699526946653
4912ee4332177555,0.1314043918164156
2bef19c70fa1eb95,0.050629860697585204
c6686c6fb6297feb,0.20049935300252994
67508ac580fa166b,0.12820017318519822
ff311f69cd822985,0.05182196177481744
bfff1dc879c76509,0.11265580483326935
3d1fb3f5ce631cd6,0.1691406125678456
cc268338bd6cf9ca,0.14362322532607633
d5798960a3e8183a,0.08089920263178528
11d573b74ae9ba82,0.1011574212742828
8c8705f908dede75,0.1983262063135315
ed2bfbed36ac2b84,0.11805586242454245
89361517fc2f10d5,0.16749652724672462
1626bf6a9e33402d,0.14256056995598645
549de17e617d4cb1,0.026086620101567135
241acccc8c4c5c98,0.134748074181727
ea3cd2074cfdd18b,0.025471226972565847
3482477cef332442,0.11284065518979174
4f0e6d903964496b,0.03962783638303204
55f5ac50a1704cc5,0.10315868885777883
2754a911af5ae6ac,0.03647795497760548
f2e293367584282c,0.2140218693437066
2efb3cb92bcc9b98,0.02482639870465275
5896699316dc3ab8,0.05604740026647891
2d0483ceb9c643bb,0.10532485114374657
efc8974e6723a58f,0.07016626256514867
a6a0006f726c94b1,0.10403624083062173
6f5c59612f3c92fc,0.49125482195456743
c78209036cd357a4,0.22873524179207608
db9a3030e417457d,0.03562516373547408
99988b482a1d195f,0.13366028000247096
52e13ab6586efd97,0.174598783530044
3e8fbcc54eca7fca,0.05400271633214531
5bd1113a10668c30,0.07173990452718644
4bef48512ade85b6,0.030720482444499365
2882464c483cd0f8,0.051413957515035115
079b1ed9350bf75b,0.12368152778491219
7063caa968c586c4,0.042955838149936774
ec19c34addb8624f,0.06561124104372863
8cbafbdb15a9de28,0.04816388434512692
a38115fdbf75c1c5,0.11602825917575765
6d8390c7927568de,0.034473190863348484
00981f14236ef71d,0.14952814520277333
12f84fa2b4c572e1,0.019361131916143123
ca5bb700586628a5,0.035817333810637
4a7058a9b89ae975,0.043490712919027806
878bc0b3326ea889,0.027589072131673886
57f748e3454293d9,0.09422883348571981
07949795ad3e2e93,0.10994296168241458
8cfaf8d91ea4f1c0,0.05085745209630388
0973b331fb200feb,0.6056827274008071
fe33cc8c6e5126c9,0.0304243062022434
95338421b02d6100,0.13636923868507575
6d14e413603d239b,0.13294892623308407
8dd0a5354bcc36ad,0.13040600010754158
73e26e96853b1101,0.024752873485630874
1d9173dbd30bfa8b,0.4716916584341624
b8164626d047cbb3,0.1055518038855786
0fb7907993c4b37f,0.38432573981810086
59ee8f98bf511a26,0.11920355699037584
0c3008cd7e493e83,0.1600025888701598
ca16172c325cea2f,0.030328349236291786
2bca85f81b167432,0.13504249616715489
22fee0166c140a09,0.2076051074551121
e2724c0840a5145f,0.049046229940324836
f36672a2c0e1cfac,0.044036187585455855
1fb583d94ee99482,0.14482672200344227
02f264a344c830ab,0.08598177223367309
4da6645d6969cd52,0.036679199411203435
44dc081e8f45104c,0.10961001697964079
2c2b2f0c44e4f0d6,0.04613180312443749
36b10927a5ef8124,0.16370669502262303
c1aaa1a11b02c7a6,0.07925600650434052
052a4c4d54a4bc92,0.13290212721695552
d52322d3a4091590,0.03224260438988204
836f3b0ea82976dd,0.07559221765860435
76fb069dc8449b55,0.10644467180182919
9c73e1140fc59c02,0.047193944334219855
ae6c780a01769bbd,0.07885610705614599
ef3be0cbdd14848e,0.03745651622311407
3599f0b9c0feb095,0.019342708848361735
88664205bb714f9a,0.03411790775370114
b978ad9fbc2debb9,0.09812446498404127
c82c9b618c165d10,0.06584732087416008
0b15c07bf352553a,0.13684082468114897
7891a28610913711,0.1114668163631748
ad4639fd4e49662d,0.03423730888435318
08bf7df7a564e646,0.059522138036620965
7ed362e9d16716d9,0.03251494996946654
0ad5b72ef7c0ed2b,0.06894256922694363
511e654ff2a5008d,0.06592512983813638
c2cd9bde4b5e7a21,0.12238392851631556
5b3e02e26bec5e7b,0.11482743699674942
89c64c8f9efcecb3,0.06916498031628436
a8f6c6e3e62d6b71,0.03886220402756033
019cc0b8962f5cc0,0.11291632865571531
bc4e4242db6ccd37,0.03154326996287773
3fff2ee4dbde3d85,0.08990233396667198
dc37fcbe553235d5,0.04805318300647773
3bd0b86bbb97a337,0.05343092569540526
4992d9bc07447302,0.041791828144102504
bfdf1c0f0ba7cdac,0.1650987492717769
a6ab2d1d53fe912a,0.036233261945280516
1891df3302c7b348,0.03018857685807329
b9959e103e10b920,0.07263017269766536
0ef3c10f8c9072d3,0.0660894417174361
a10619d97fb76c2d,0.03851382302308147
0863a38392b70b67,0.054426376386665996
60b64acaf466a536,0.11290525561527
12e3e5d6d9c41e98,0.14245948015387586
9523154e7d045c29,0.12872435304089994
c75a93ff5b4249af,0.02971789559805943
254953a015ac6eeb,0.1791459750036244
800fca2f6db1274a,0.056097478909875986
495cb7b810650027,0.03461294576744336
32f2ab9bccd62523,0.051251008038412926
710c1a24eaeead5b,0.04116643514682389
bc05e8a0b1a36967,0.07722127482768036
7f9c858cee39c32f,0.06884060621480025
d943890ab2a0dabc,0.1133187146376811
e8365a58644b452e,0.10524728400430876
8b6555b1e2375ec2,0.0818646135163965
2d05b7a2752c3cd7,0.04797509179189933
cae674aba0ce36bd,0.1242915362387663
ded2185f98f5d222,0.22653753271946866
5aa4335a084d6172,0.10454450688234469
ea84e8283949a22b,0.13901986179788903
e05b38abdcb5ba20,0.02515780963699196
1a8232cb16668217,0.022514622901876277
964453e5682c98dc,0.04728596584678411
6220fee3bc1e75ff,0.16658843223830255
44c74ce2f7dfda22,0.2031725127902563
0e420abbb67f6653,0.2833997940234243
381d753868abf15f,0.03417979227413281
c90e0c45f7fc22d0,0.030502832053336468
28cc75a35f51a8f5,0.12164916522796058
3ec9f6c06061e5fe,0.14853085338247698
b014ddae55b634f3,0.028948232705260746
90879b42c1e54236,0.10209980986603417
7e62b4fce61bbae5,0.1207532584411986
6e384e2ddbb3399a,0.05907928706083973
6f07849a73f44a97,0.21309195222958552
f48a2f5d095509de,0.10030600038870376
ba999a22ce5b3fa3,0.36155772601573116
ba9181802cbd9401,0.1492232381933112
bd73bd26225890fa,0.03367535331840395
64c38fe6742e3036,0.04206723477388696
df243043992dea1a,0.0965138051448075
0119114d3ccf9eba,0.16916388693731102
f21453041c1dbfb2,0.15133718953581712
65850a53164c135e,0.03315288130993849
48527244bf10d792,0.12411256220488036
cd4848b0c5d09b82,0.09655408479309376
d29250c293d24f3b,0.08528554252087257
8e49853ead7a7782,0.043870446110406185
c4468c09563855e0,0.0667589479921623
06fbbe29034b7d22,0.03979032181829526
85f4de85a28f72e5,0.20057347636750836
61a2fd323396df30,0.04228247090908155
57131a5c1fd27b0a,0.0632241652835254
97148caf47baee80,0.1055611435524522
bc00a7f9820c18b9,0.04196987191915768
0774fb3a81023543,0.08723364574622032
26fce92bc23cb74d,0.10567104078203493
c97cd71a9a738f03,0.06608009963089391
e241738a2d4f1fbd,0.15441364174654013
da7df03e550c90ab,0.058695411817547116
35c07da89ceda890,0.1441604222653348
5cf499e1908cd296,0.07695680110338739
d8e67e20d907c472,0.07005777717213933
f3135343f9e7c1fc,0.1965364283772547
35e24477ff3e4121,0.07517452448656016
ad3c1d21283a66e7,0.08236693015487882
fa88a2d04837aa67,0.12508097424593956
3d8cc5538995bbb1,0.015682986589680287
2cd57b0959ffa8b8,0.05737418740483594
abf05406b1a91bf6,0.5394549343699507
0f7b3fdc5d781296,0.16484375667791143
03365bdfcc4be998,0.056661025576059044
b46302fe840c3d5c,0.09557216874352777
b1f966468fc49840,0.05671571736659039
6adafe7e6a6e6865,0.17587522954435805
e92c7a5333472aa1,0.11795959084569296
7eabeacacbf8b37c,0.07811914340007264
655d9a938cd682a0,0.5168878756876012
a26607cfecac0d77,0.04906860342432029
8d29e784c2fbc4ca,0.17890348556259905
0552a72825b82f4f,0.05082118375046263
8db26f10038d6705,0.05126089164314505
0eb4f40d8b4a0e29,0.05161604150537019
a1caff7700882d18,0.1885682218688006
ee70a37197156928,0.05076241596736777
6de1b2f62b6369e2,0.17653522507789962
9c2d074867b45c86,0.044925033093292634
36c975ccff63cd9a,0.11908890365158072
eac85b26c054de88,0.09865511982930499
318d374ee2d57a71,0.09258245218254303
ea743176167975bc,0.07546500458054854
3ab9fd28956b4c1d,0.03975191278227217
478582ec139d868b,0.10758247667004965
fb9d44e71840eb0a,0.05199329285347599
bd4fd0a37b2b9312,0.10071247685592
5dffe03302a0fce9,0.24178430266417247
d94e1f4138ee9631,0.06186103929745457
298ced22f474a1c7,0.0935054198420785
0268d1d90c8858ff,0.05981534029355571
84cf6eb7514ea305,0.03343434246382176
95d0de11255bad7e,0.036436870610268075
9df308f6f0758e94,0.14177034109205874
b0fb6fef1f3a5762,0.0854087765574681
3fe46d292459737f,0.032241629047252425
6bf62b52eaee324d,0.04644729969762504
8b6a50f8f0d1474f,0.162982811303081
89833118f346eb37,0.055866306537181026
48fd781830adf147,0.20326566932349877
209845b666a00820,0.04273653142491363
f23faebe09506cb7,0.10568580663760753
5f9584bc58bae0e2,0.03658420900483178
a08d713f9ab75910,0.09147225340029068
5c4f577995e30921,0.16598003372284595
db21d37dde61a7e5,0.07073722790787419
d22dc3977ccf9208,0.06330124897833471
d0fab5e12cd60c77,0.030210719852077673
5293676c6774f75b,0.03926188644211679
d3ae1f0b7031a78a,0.035830752578987816
bf57f1265cfe2fc2,0.06040928965883204
468b54d83b570a50,0.03722337114333215
134c07b69f25f030,0.09645256113984912
2cfa14158d7d3661,0.09277014312470559
a87b1a98b2c48b05,0.08033756072499698
c0bed62168e9892d,0.10052701606984975
fc44e0d5137363f1,0.08858370036087156
1247308f81ebf41c,0.01836792550560722
083caac4b6cb4eba,0.1558107328785351
a9d470ae3ce0af34,0.024435853023497003
935c423d001e7dda,0.05129053898126087
d096b8795c71a6e2,0.17130183030133916
2acc0dd1e03e59b3,0.07162641167594083
bdba30d6e4c5095a,0.06516214226908919
57b0ac86659a9329,0.10057739371342982
23d831dd1ba487be,0.025571040378686117
628b14a47b392334,0.1115101267803608
76a400c7177ea365,0.049010643230952645
86ab9bf8f20612b3,0.12213714035042084
fb26e948e7444ee8,0.12359854288513854
367ec7e6bfbfc6a1,0.24127952473032677
efb297fa666f7cca,0.14826590553518018
0a0f715a63ed4738,0.06432295695953127
00b759c30fbbcbd4,0.16033794256272352
4c133deea22458f5,0.14686478039357007
b354cc89789a3136,0.1066869712369855
f3595bdad2050118,0.054361121213372464
2171a4f574746f33,0.09234476235826355
ce89301fff62a739,0.04351855817147884
f4786178a6026169,0.07429371648115214
e1db1fa3be2d2bde,0.09224905679151636
05b896a0d6b00e98,0.02281780062375895
89658e4ea0b49c47,0.15661447311943658
db78c841ae5796ca,0.05128348945782413
6af4698b636d1c84,0.05268516140594901
be3f82b0567a0962,0.03552691026140106
1dbeb642447425a9,0.023630286251673516
eec325cdb9dc0154,0.09530291282665364
cab58c1297ee8294,0.10635570329839257
97e9bafef493dc0c,0.0845740013796193
c738edb5352110f8,0.05447415994899638
fe298587b58a6ac7,0.2122941293413594
b01b2bff457f7030,0.05532481219103352
599065c0cda14c65,0.12819833599865443
feb91e47c3d327b0,0.055550659655400604
1b0d5c427077f7e9,0.08121549382252342
6c1338d0338c0bca,0.15501191574222428
aec29f6d68d9e001,0.026206366520000062
c6567adae6722bc2,0.09118246722406104
c6e04efe9811e16f,0.04182569603126146
eb86688c957ec913,0.07775191058239421
a450a6576dc20dbd,0.06671443124723521
b700f2322066f731,0.1599901410074852
a4302475b7326abd,0.1703966474929767
af5f8038b513a4c1,0.0672664946770027
0d73ab8c4cb1fa9d,0.16654670522607304
8ca59ee3a85773df,0.04543931983437175
e3f7ceafab0856f5,0.042782803287577255
2445f30cdcdf58f8,0.10285289327346998
23b0f57c015407cb,0.03459890465388229
2750f1a3f3525b16,0.031430208046002994
4d1502e6806c5f5f,0.09709564458561072
9cd2cc7d553443cf,0.06666233785989739
5e314b952cc18869,0.0529977918381797
e8851ddb49233587,0.1799713633607468
6339c240bbb14c01,0.0650984012539068
196ca6bac51b24e0,0.17599796790851055
ff664b7817ef187d,0.018085909217670216
1f50f2cb8e01a9d2,0.0798232311631482
f655a99b43cc6c6f,0.0307908607692248
2dc6d88fd87d67db,0.0698608689473173
b61c9fd4a46a6bff,0.026212634499929343
478a862e9bd10007,0.08514608710205933
0b9c9bb9e3bd1c5c,0.03649993022486582
8ba72175f80e2cb8,0.0756253999012255
80bd1c42bca86409,0.07568491109185614
ee7025a20728385f,0.05748166507393049
a94a734822cd1066,0.06829020258509554
9e445d829547acdf,0.08820662472932118
d08fa8b4d19b0300,0.15138396618796876
8ef8adecee83165a,0.11960955810937768
476933f8311d441a,0.08961077489240736
fd9f323abdfccd58,0.06033819575591631
fde943f5062e49d2,0.15101329572752475
32e1723a53483290,0.05932753052106826
3189ae9ce5829fb1,0.18129183246011052
a691ae869c7c7c20,0.21891113577648444
aec6a61870dceefa,0.07531491678322076
301339e42c2fd935,0.09356602142105268
33bdb599f03ad3cc,0.026894986980007477
ef958079692354ec,0.37051769931633055
6b9de167c2e2a382,0.10932954901947783
81a3aaebe87a402c,0.049761465971079284
78734bb73a549d35,0.0940409320904911
801a31247ebc0426,0.08399705186051816
703c72ed057e80ad,0.13069923763738842
d512ce41ff14126d,0.03069962790230879
b14adfc6f2de5274,0.07795500827374273
3ffc252e11d8a5c7,0.04441498205726824
dd94c4e414636803,0.05809117968149549
089a1dca65e44b84,0.06723888023324516
95e32e732db3ccdb,0.07282256610448655
aca38e8f736ef297,0.023308486818246165
78b2b40abd748fc2,0.10135682453308481
2595c73b081498d2,0.030404421848222882
4821901eb98463cf,0.10002593872680247
81f36fdaf2813666,0.033236567502647356
1e80444ce87788eb,0.0924014429457047
47c976d0b2db324a,0.027003938012418943
76e7956f7212a4d7,0.04007052218830717
2f42d37419bdab8f,0.21599512113709282
460717034c7c127a,0.23087277057364275
f46b154a36f88b49,0.09422236606826066
af4a2f1334861acc,0.16965126591567858
cf562fd6a1ec6763,0.08792609501618877
a58fda4597ded16e,0.06479797885762009
7c5b545797c724f6,0.20412131339422426
cd2d2cade053f8e7,0.147535398134376
0d42478d5f847ddc,0.026621617723034202
fcdbc1ca107a390e,0.14022608959856372
4a6cd78198d5a5ce,0.15192276291750875
13c39c2f8d3cd810,0.04749538600896606
c79d8a5d80e7f04c,0.026767363128944982
51a701717aef4136,0.18835368606430944
4e8d630667c21f23,0.10012306422862997
9b8e9dc382061f91,0.05904772168164004
fddd94710360c28b,0.08160063063401743
2c33fa5f3f2d5e24,0.05041212801033973
3ca87064dc34dde6,0.11522793807905313
c9d8edd3fb7bf971,0.07873267124752538
d582a1a34b5b977c,0.21247633951439723
2fd593bbcde3caa3,0.18313478655675328
d2f2308d5fd09adb,0.05285234991543739
dc6fdbb3f28f8f2f,0.10915488990667883
ba8e32a15085aa3a,0.10034809250702154
3ecab659633b8be1,0.14021409512081698
80f14a6b7deb5266,0.07774962462494645
6809016a071b3b5e,0.1391628446655834
d26156516af475ee,0.07031279810407982
7946e76f5438edcc,0.11380702033981605
b11ee2ead8527494,0.12522726757452193
03e49d963acfe851,0.05656328531085599
4a3e2db752cc071f,0.22034186522012275
6e5157888073a37b,0.13167961981034784
1f7bd653103f1863,0.08538930990960998
5cc0f066c9d8a28c,0.1136875757710684
61240fe8a4dc9a2d,0.07730784650462826
ab6cae9885409088,0.43122458667439356
c4e40432b0ffcfda,0.14446209306180188
1f7fbe6992fe8f33,0.17177844641689863
94953e6bc4d48c7a,0.07172752033438015
e1f4fd779b279dca,0.15221663972548086
38ccb655faf1cbcc,0.04431644163327134
dcc976ac3a08e676,0.026550225319386504
8a586d58683ab8fd,0.1282855098412102
9d1f98568599273a,0.026388365603408584
f5a4bf16401623fa,0.19000110585513796
42c6f25951f7db7b,0.04930141277049469
673b99f498fb7880,0.08294675663080518
e4f2c6820273bf2b,0.24585440691019933
8e7d37f34a1f3efa,0.17939614884647728
ec4bdd78abd81c4d,0.08923414492594406
a15343296b9f6f42,0.15056608153688286
dd76563555eb67b5,0.11822201017307343
3ce8de8291ffa6a6,0.1882486934540941
1d036919bb298ab6,0.04724424294401471
9579b233e83fe284,0.040437512724965104
be5c561435858f1c,0.2256626345110022
5cf1d9bf22b73559,0.13669141522208797
d5e3e7616edfb5bc,0.03158899452030902
ad00da3aa56f4d7b,0.037675079699929837
0ccceb1154debc59,0.11310559519891634
8e2c8545bf82cc60,0.19678590936839382
d62e1e8938e1c97a,0.22551788082070431
a8dc86e602a746d3,0.34165668975097024
c4329a7f54415286,0.0970485433529595
04ec4184a6a2f40e,0.11638069417516718
a8874aa6ff7ddd20,0.05767744321779363
c9a607048a5bc5dc,0.14980029178426343
002c27108f6666f6,0.08249956740480335
e4f6a20915cb1601,0.0493100301197739
bb014c28cd6924bc,0.10141809738304845
196e2f507f594bbd,0.05570292586731181
9f1be9fcf021fb5b,0.027768118377690987
9391d5f366da4c40,0.15183703936903534
3453a5ca3d904777,0.08808463724470905
686ba22e52de9068,0.04604932495387587
3553eafc050e9c0b,0.1317655855047191
edab086e1fc56c68,0.16444927996983646
d79a009be9287b82,0.07692148718685744
b86e1b1f8503684e,0.12609247802066584
9ad70763cc07c36c,0.17333189462230922
419885390abac7a1,0.02329393560436234
70bb28465e350bba,0.15945913622524813
d2fe3be15c7a040c,0.10587507824834368
df051580b1fd88ae,0.04662416230794425
799dbb3bc5de0bff,0.1460777786023579
c18575ea64f02a42,0.1889252740413614
bc265e458d29169e,0.1806534831629377
d59c94219a63b100,0.17155488728854706
0b79c6776df906c4,0.10173363396834807
1bbd089c39955fe1,0.05913433419909051
e07ee63645347087,0.0838111743747791
6795923abfe3b196,0.3350564402319595
f23bdf1e94c91124,0.05513749010268598
a1fbaeecebb55865,0.03836261161510721
bc95d3915a49249a,0.09589300928043619
c565efbb2d18144b,0.16723244161105988
321866d63b3b1b00,0.12683634104401573
50ef5d8288aabf7e,0.05240758451766323
3948549457628975,0.1510648069303136
b958074c10bc601c,0.07412799255820866
f075bd7b8efbf058,0.0984041102654063
f05a42508ffff350,0.16394359825933383
3c1c900935bc3285,0.03015462806644033
cba59c1afecb3734,0.07619212258857347
013e1691ae9f7898,0.029791126264325868
ff4fafab1f01bf0d,0.1982166305965856
16a52132c026c176,0.08316493865317139
7e6dc3264a60f3c6,0.03168519656127591
fde7be20171bb23d,0.02769576579480155
4709ae8a61f423da,0.12773038127998476
f2f7edc4fdecd842,0.025137098539143546
81421fdc47bf7d1e,0.09158588868668636
e130b6363bcbe974,0.04555620769717764
8b5dc994eb4224ef,0.08222087831842323
ced09e40d6cdb2ec,0.05469226513165115
b65873d2d6509482,0.05603754561871909
d663eee7b55b1c09,0.04964873001046153
e8ac634318c1c070,0.11666321250814331
9861a481912689da,0.034444705990143515
c170f4b630a3b239,0.4309495715441871
31f66aa5ebaf2ad8,0.10786231382644468
31bc47bb1448c433,0.03262152584897248
79eacc58c9cd0f29,0.18235809169172557
32cb3b1b23ea545b,0.06126889699262767
89357b6904f7d6ab,0.06991240030069916
0d9d1cf89bcda082,0.14780630891408578
7c15e3fb5080a6af,0.05166507638728252
a8580d9f4b1f100b,0.32693757994161854
ba1c0d81b8bfcda3,0.07097023798084047
d5c76d632f469288,0.16715127750647754
4faeee72bb8b4acc,0.048586829852890014
10875f7f7d53acdc,0.0840123969235753
3fb5a4da63283ba6,0.2031035841958788
6551e600570cb09a,0.19489464834348091
6b4949612595764e,0.051256103892115844
d45b6491898d0fdc,0.058875616182371776
0c40fcc6d696a66c,0.05249555886753019
74607a92b5ef932a,0.042595229519788926
e7bf586ef35ff70a,0.04581550904225006
65e0da070f27aa66,0.04751804805066334
38a09fd79a425aac,0.10272267984341689
aed136202b0b58d4,0.05280538061390957
5f5b7b68b01d1299,0.5244987326902285
cc5db835afffd307,0.05771660739521676
d8842b37f5416b48,0.08518000641854288
d8aee4335af252d3,0.05219885405029256
00494862dd9b9e04,0.09667307305088378
95d5441c82b1c46c,0.33321860929238906
c6e492bd428631d5,0.06577510427360649
598200ada2678880,0.2527947047619279
8094f4dc74add0aa,0.03607771376768822
6831a0024a1dd23a,0.028657534547994887
d56926e610462f66,0.04109596145079922
bbe39148bfc2e434,0.1683381045545216
1a07a83f589de802,0.09097285768819278
8210d5a233d3d65f,0.016286387568638514
ef4e598f566c9558,0.09863914437769074
c02b919584ea5cd9,0.05795874501088009
68bc1f08eb5258a7,0.22365285253425995
d57a9ae04f68912b,0.11319979409542232
fa41a48959374ae3,0.04296109904976955
5e725dcb74b4e75e,0.044763269440709845
121dbf76a9cf73a8,0.18602448154234505
a2383e552a5f2313,0.033161300353289014
378738808b201e0f,0.06608631988654289
9642ee1e267eee82,0.09692525672570561
e55cdf82fcc57177,0.05382258784427698
2103c3d1e5063e3d,0.03714349142645768
02004dc8e2729e0a,0.07107246539942935
95ae4af4bade5009,0.0818562385300929
8a4e103c92d62a5e,0.14042921045689613
c4414b2ee31b7e94,0.06106198910315976
0866387e16259486,0.10878162459036622
f0b7e616767a0197,0.09493181887168496
a86d2f80a3468f5f,0.06116582871364035
691f9a97e9645bce,0.025334160215517224
2f2e7662f26d0933,0.0581053240493505
72cbdcef4a6b4f07,0.11298432507987932
3ca15eac9b7ce8d7,0.13269643640219966
d9f713c872a26c76,0.0959085870193251
38c5cae3c23f24a9,0.045114705569445086
80e12c9a6e625e7a,0.15736889243130492
78211c4fb5585628,0.1541588947050987
59e71eb2f5c7c432,0.12218125042884297
b7abc4b3e6ff0e3c,0.036762070387868294
42eaa77ee15f2ca3,0.02555762878391596
bb8ed5a0931148f7,0.03763691012955833
2ca7468532706e2e,0.07310328256538512
98791c70677eb76c,0.11412545940273577
e7ec6ff3f296ed38,0.04874957814188554
7845f67130f900d3,0.11035106041449143
fcec4d0ce44eda40,0.10475389797179396
0ac91fd23085433d,0.11158313634102363
ff61891d90f930cb,0.09325136159046672
41fb4a2210a6066c,0.11591760884213244
4c7ebaf834966e32,0.02413646972489861
81aef88d712fdd5b,0.07111367959181025
36b0ae34db90ecd7,0.1907586533403323
72fff2ad28f42426,0.12558329861792503
717207649c078f67,0.03743200745569592
925d6e357d7ec158,0.13663469651100466
effe2d48627efbe4,0.11166814360670264
0577c43390d4bf43,0.6491320051324386
546cd9bb6f2ba820,0.1213154390910986
8a47c92c6443e7e9,0.13490851646882387
bc9467bdc8642922,0.05212893004363619
af91160b63f1bc90,0.16525823378426352
464ea9bea5384944,0.11623651436401909
b838b4792a3c540a,0.08016540458314754
11fd6e717c95ce29,0.12755465045808276
b1e2e5a1c0f42f8f,0.09042656014863991
222e74272be1ccd2,0.07617698314001742
21a85a0b474e45d8,0.07585772988469984
5c5c76ce21ac9a03,0.030565625522468512
98c3f3c5243d4fc6,0.03463809568535346
745be7354fe05a2c,0.02619211296516311
ebf17df229daa6aa,0.09613206856060263
14929f1035ed296c,0.3751353377931934
af1bc354186d653b,0.022622139157549247
88e44f6549d78a5c,0.04180982110686025
1a5119861af7675c,0.033533607455313336
4675a1f396e095ac,0.11638022153863135
306fd63061172f24,0.02586469105595558
68fb9067ffff02de,0.16320654951864041
93665736b22ae558,0.05468975360677301
2f3252e131fb28c1,0.09874797754397102
a90bb7ef537f3ccc,0.0975038821761054
f8c47e6a1ab0bf1f,0.0907911554480934
7f335ac0ff549013,0.043354372224785144
e9c7c37b6584e68a,0.03625956148183232
e2f8c99b54c930c0,0.02574622315910621
4f0ffae34b450b85,0.13064422564062136
94e27d2dbdf9010f,0.19276349736286083
db05b31fda1c2b1b,0.08518850597284895
af64ad7d713d5a93,0.0725288186147126
4d1462da71b0efa9,0.04006904333127492
04fbab7984c52c30,0.15776937443688885
c01a62e78e6d8a2c,0.10314250087173175
74f8579fc40b2d7b,0.03827895425461354
0eb2d3b71cf2b61a,0.13019152413508525
57788504ce4c82b2,0.12592907727936356
9e7dfd444a9f30e7,0.07817487543772707
0cd8b38e5a4b74cf,0.058565900788716596
e8c1c982ff8a6704,0.06701341208849364
36bfe943ee63fe65,0.07378589050069526
998d9f62a717ccd1,0.027687569819076618
8069d4397377adbc,0.03471861353910025
ba8f312910226da5,0.1536530828044719
37faa0207a18eb20,0.12133649455920614
c16962d752780184,0.16565685502278968
f1d62e28f903e96c,0.09427725417336329
8cab416d1f2bc624,0.10835351207834713
b791af74c95ffa06,0.2617180100392867
05b113e465a98080,0.07097374728167306
b17d9630e851487a,0.11107010396870316
92981268f9d56f38,0.12347741747206582
76775e095989aebc,0.021286451185099222
a07f4266c4b1cb5a,0.037617064141472645
7b5b1f94772d1b60,0.04554716449399262
4f8ef604a40bca4d,0.04936278920234624
673f3a4c0bd90267,0.05657449703120485
58139d3ae9373ae0,0.1273590809392992
c24d1452d22e8db4,0.08542268724115447
441d9763fdc1b0df,0.17093475706012318
d2987a3199c1109d,0.12181054351228147
cab99a91ac2562ca,0.1523217370488797
df1222f0cc1e08bf,0.09209123292200354
bdb610f14d1f9c0a,0.03473987897681786
d63652d83092f4cc,0.028417817232658762
dc121e137a206780,0.06869256372317896
e5fde6a720ffea60,0.040476463369407516
52f7118d77a951d2,0.04540264025885299
1b60cd7738483c77,0.1380142798173671
c7ef81c5ec66b855,0.28764938259734
42a4005911b6abb2,0.16087787482917304
926e4ef2979d43ba,0.03599811554787532
936393261928dd44,0.10333719101496104
90b3943086a67cf1,0.059107690394173545
80b6c2497708cc79,0.08484459549302324
dc880492a16f61a0,0.09225681022257533
363fa6d193ea1791,0.04938221261985698
11443cec444ffbdd,0.24060725084039128
174e280d8c42163e,0.1452535755873537
d7fddec00bcd1345,0.08402854403628117
2f2a0292483de945,0.2520180607016671
2638757dc8ccf105,0.02327069148955278
af967b1ba12837c7,0.06690400899938635
6cf0ebd8925305ad,0.2306272068984628
0307e7dd94f223c0,0.027488084236557336
d86f818a421d896a,0.1356070241667305
95c76aa135d94e8b,0.04403605316607608
dfb2dc72331615e7,0.14150950548694596
b488c877787792d6,0.08951196518282618
5864514fce7556aa,0.09490784248939792
7db51b9dfaa6c3be,0.031767087101078055
475afd5ca8082909,0.08753332442259826
aef3fd34396adfe2,0.029718792103298045
e93ef7b1eb85a270,0.06298882677224231
e643f5e629c7ab40,0.02255285542797189
e9234451a7ebfa5b,0.11771227502259064
e8b95693607a1af6,0.2018241540774981
362e59ee5f24ba56,0.07162787401485532
760d3c489cbc2365,0.03587779803608349
cdc43a10fec587b7,0.17803848145134837
436bfce1b2e96ebc,0.12894374196763017
8364b88b9aee50f6,0.10920631200672264
49b33a422ea5bc22,0.25269092018458905
7c87edf2fa4449ce,0.019616548628181917
ae4d87302f77418e,0.051493810630114926
80504f5553a663cd,0.04445643982374544
285102ab56c81c9a,0.09030161040912622
ce75929520b6600d,0.1590347741971223
90e157fa590bed49,0.1698048047198674
72308a9b8ed351ac,0.20839576350020902
67da97f4bf5a43aa,0.03547934434895186
7a2c3503f50e758b,0.11540939195726845
7c277b093ca6e70a,0.03181446608830795
e17cdb698e7793a0,0.08797795355188844
304f33ed70c9905c,0.11622146388295844
f671940234873df5,0.129396616470516
4c60ff51f1a98ddb,0.053692222856154694
357333ab581b26a4,0.07760848038238337
c12b50c410a56d62,0.03264958335278376
280ee73ea3f9a150,0.09931167653615151
9794f61f2b35c374,0.03836513493479262
99bef954535737b8,0.15717050792738865
164deb1fbf6d3d15,0.08444229842746155
17f64dfc919c257d,0.04903821441122481
177f1a78be284fe4,0.06454097028601861
6575a6e55c3aa52b,0.12007928166249886
e1ceb3cf89c78b04,0.07167761903056293
2787d14ba4491e60,0.07055624418376526
47283a11f402ab9e,0.11313084883593032
3e13ab75e759c66d,0.13731662920397078
565632830f202280,0.09525920128638173
c60dd36532e24523,0.09071551172712645
1bbb760f70ac35fd,0.044175944544585156
5952ee73f64f8e8d,0.08682805891850487
0d2e12deb5dc05bb,0.08251328981656021
93cf50cff9e70197,0.10521493635458205
71a0f1d3a79f9279,0.07638155050526331
ff1b97bfbc1de495,0.133446204379808
152d66dccd700ae2,0.11297404937925563
af9475d72cb09bff,0.06357590334184544
50c6ae4f3f0c520f,0.15602705427301947
53277c274f93827c,0.11306057367815643
65c28bc2a138b604,0.15871311100086535
ab3f36de97ff5288,0.026144271202200853
6e673b3e05a86556,0.03196786342186846
29ade739f5ac47ef,0.11830088079557405
d6c96030b8564b06,0.10710014325169127
5ffe88ee98e246bd,0.03099003177316788
b75847a46dbc7758,0.04415920314459357
fd4f072e7db648e2,0.1592424530278813
3b600a791eee47c3,0.08929848644078874
3205c60644f3310a,0.041140340699384666
37edd7d198365da8,0.33715421261275313
4aed77bb42b6c35b,0.031456395957691376
70b9c5d2c47a6231,0.18479725402432703
5aee71b30cf4e773,0.018777991210214205
3b6034955fe901a7,0.025679477049348805
53f7e37ad065a1ff,0.1344233119335291
8249af221f0dfc62,0.058788699271110474
4a798f098b3ac80e,0.13176034469106804
7859a3365dc11f7e,0.13294946542334254
0d6ab61f58e22d8b,0.05273702192695031
d90f47b845ad8044,0.10324088461369961
908f76b67c5d77d6,0.07193177129745859
2e13d0c9efbac24d,0.08645063169971572
fbd3509fdc1e2fe3,0.03136380450897073
d0c07aa05dbee8c0,0.04643835708075445
e2066400c0c997d5,0.1200037905454285
9d002016fad484c4,0.5387046929362008
18105a09ff042e04,0.048303249053904464
97dbf62f03867f4e,0.0911433907337844
008e7b56ab9053c6,0.20139608467528816
e382e61b69858e84,0.021330335147467263
a02b2c12a9b232a6,0.04312271595368131
5d4eefc602f1a815,0.12458330159209785
8c8faef5bff7b3c9,0.045487404603110994
8ea4fb1f9e66fa76,0.020599346125967127
22a32bb8f8bde6fe,0.14451432370981251
6a655866f90d61e3,0.09126132777609187
b15548596622ebdc,0.04945345959926096
e6426b5a54e4a972,0.12669156741007084
2bb1ea15970a2de4,0.03528981989629248
5b2c1fc3ca8dca34,0.040372558922344
b26bc3d1078e5a5f,0.04987625208594912
9db2f38d40ccfed4,0.046070709864280225
8481c054b0537a7b,0.12452072486472036
c4016925a614e39a,0.09946030169807189
a6145b00b87ffbfc,0.19805793156468154
856c1f1b7a16dccc,0.02540747577274079
5db9aa657576b123,0.01911524328697727
e6c91e69fe022b81,0.5176157782204633
18323213899682a7,0.02604924915535009
84aeda77a9eaf7a8,0.11931871714384597
60aa7eb39a1066d5,0.15751440573895423
011908fe41b2ead8,0.27960470437077295
95a236faf4cbd0c8,0.10400490747684747
c58d93928c4b43a9,0.027313406562271273
e3d5116d0ddea646,0.1773659773837829
3d33771711b587e9,0.12531812106358933
ca902179e21ff302,0.13863681838866895
4b2142ee3d149d15,0.06162605474409094
d78803f699e1394d,0.12362593330991682
ef2d9881a6438977,0.027879889180912453
3b5fc032ae2a290c,0.05297572151065446
9d5473cf79999f4a,0.0840559515427624
9aefa72a94558b66,0.09038487267787133
78cc36a16e5afd3f,0.06180352934132458
0628d45dc33a5639,0.11561794418960832
bc63ee6da23c5dc0,0.16785266191501078
5a69761001b7342a,0.07371400017606476
f5384c1b33a306d5,0.03865941856301252
9f4fb39fb6e8b6a8,0.12687344842463846
f7787ed37e4b9d05,0.11541711031660622
eecdd457b6c7edb2,0.13902110819204888
f36c01f2f7fefef6,0.1446165156786662
abe3d414c510a7dd,0.0763390313174063
d1f7dc9b905e0fb1,0.03674568678905266
a97c23cf1c8d474e,0.08394756033386734
fa77ebf418dd2361,0.029582406326349186
4fa91df3f09b649a,0.12929889898116756
4c40bd5075d26ea1,0.16369915136570165
559cb0c10ea413cf,0.08765128374960697
b07714f5d0a305a3,0.12914793130573335
ac26d06332fffb35,0.04043355982635674
f3a18a7976f15c5b,0.04910964897518493
bd610a8daf3173f8,0.017720082058944077
b4db2ea448a373cd,0.03148350153929955
a9e601aca0377220,0.1392506970985837
7580e5af192dbd01,0.28940451081850405
3b50e09f1d1584b8,0.0839271460406159
e752099897ef3c84,0.03156746932554892
9e556374eb31bdcc,0.12389427079404138
09bf3001382d4d51,0.03992102018822735
ac4f9d21db6d0551,0.06852629071272898
bab162c780dd5d3c,0.06907625201636415
1ac05275c95e2b9b,0.03864618830001551
ba53d76ac3815303,0.13422618282333024
731194026ddc8a00,0.14194223398151573
565ccf55ce0f19b3,0.04248952012693428
c610846e274513ff,0.08172546152824267
4f2f55e6f8f022f8,0.08793923753440662
171594c12d4f22c7,0.023555287340576114
fd9a29be83f07915,0.054810376055686755
0e69e13d2585552f,0.32124927241855555
8458a25c7d299656,0.04935892901547343
36510a7e2e8cf5e6,0.1406070408929174
4c689c2ab0b1e458,0.2963768392734491
bbbb01b896a60659,0.06780250642543308
95a6091ed902a1c0,0.08596631152374357
226f1fdbdf45c3f3,0.042976833263795554
b3776535f92034c1,0.031153347461984893
e136a41bbd9d2ebb,0.13849513149228274
2acab7498f95984e,0.04282273441538223
5a97d6bb500166e9,0.07535258754133546
53ad75887ce27a2f,0.036307257840568624
4bbccacfaab6a76f,0.09745503456662001
8d5dbeff654a20b3,0.025988188506321935
885918cc4b58a92d,0.0930830812760392
c33b954ec9e9d53a,0.03999445272618624
c73aa72e6960366b,0.08067736609952735
28c265c8e738031b,0.14810976477075063
16f59244fa16b9c5,0.13872131994028794
ab1bbd20f2288ef0,0.04490123138609383
21ce9f486720b00d,0.10882182319792173
ea98936cd5a062ef,0.1301386851171271
092b99905affadc7,0.14400302019930203
f8a1935cbff0e3e2,0.10933854125012914
557ff2105e2227eb,0.029106917013544467
e28b4c1e7eede953,0.04027655263947535
afcd2875196e3514,0.0769101212073857
622d0c5c885e5d67,0.08489506654689938
5ab123deb8c8e0b9,0.13906333997964457
d70f7077ffdc3675,0.11230858196564368
ec0e23575480409a,0.1242345558951085
c42b1312f2466d13,0.05454880094376082
58f7c9cedf508963,0.32297100796029904
483a6a2fc6820e34,0.049120057559412955
9a410bdaf99ab250,0.1765834841351175
27d8448c7743312d,0.10296136044700338
d22510648b60b80f,0.9731080838249779
cf71cc1d5beaf427,0.15829070011035695
b16d96c422e7686d,0.12290564091704258
f3bb00d62eddf347,0.0333166910884037
e7ad214e8e1b87e3,0.09750477799813533
a149a81fa46121c8,0.04724913680339345
954ac0304d013ceb,0.14523389086389663
5fb61c8caa291bb7,0.042764730917470184
b3e6b65c022e07a8,0.11839595710038686
014590f5ad393d98,0.06553133571568907
fd3098a48d0565da,0.015713902496212597
597dfb91140f7a43,0.05588506731727091
29c72ad86d92588c,0.03263700795090771
46403e8726688e63,0.028075300611892548
586f9bad93615a9e,0.2089577017311405
518268ad7eaad020,0.06559542226195998
eb68006674ff7853,0.09178349578602903
829bf94f3c7511b9,0.08976805921791485
472338feab38fd63,0.023331732720898096
e2eb7c00452da3bf,0.06739761156648301
264d5eac0a3db4c1,0.11639082506184499
5dd40ed8f6931f40,0.12367670617587184
ea07294f7b9321f6,0.07367286423683689
800d5b199211d908,0.04398977255987132
c26171ff73291cde,0.14646995874712557
9b039401395029d1,0.04554511853680748
149773fc93e82e0b,0.1925049527190068
377962b226c4354c,0.057848929572683616
b33ace47f8c9cce3,0.030040704361338797
5898aee0357167ae,0.04767405322148197
5011475bc46160b0,0.038639101566583116
49403fb05b28bdc1,0.12912633286431555
d64f9b8328cadfcf,0.13776959060107732
8347b5a18bb84a35,0.06400393530768159
a72c9158377598af,0.06819575354899933
346932f67e7d808f,0.09419847506184502
e4962aaff0cf97fc,0.1311744292369551
d63549a6e599cc24,0.022718598344867818
d013eaf626e99575,0.07767215581238174
a7c0072db3d224b7,0.09329831273623417
b87493b15c6b1e21,0.07056800593648725
cd6d6ab0bf1601eb,0.09025606786676948
fc7b0d78438f45bc,0.1369067784842433
b53e88867e63ec5f,0.08234501571438924
1e1e7de7f17a14fe,0.07242477670710086
fff1df28cf047de8,0.05912261554364721
9a4279b8c94a438c,0.029363262850339605
d1a19d29c2aa4b9a,0.12233024419297452
ea65ca7ec57132e3,0.13269213199184482
35cc6e8b29ac28d6,0.22111426345008667
35cebb20cef64701,0.15457346758040666
03c27c6fa94b88b1,0.03247207920902367
654a7847a4c3d0a9,0.2743679451967952
d82da976d107c4ef,0.188834831419427
0f7cdda5aab7cb9b,0.06601504698685508
511e61b096246922,0.048243486687472935
9bd56be8ba9524b8,0.13715524210352528
08980e1d210b6aa6,0.14461614100507772
c84430f350b3a159,0.06671987602043362
152edc8f6b8762bb,0.13610387591665926
a4a8682aa22552a5,0.10599454196781492
5448387d25232e4f,0.03517943755664937
86b5af3c99c2229f,0.03759061201793315
a243c84e17ad5313,0.10214147569014441
1cd4111d9e2c14af,0.028356640172090802
d6596bfbfd4cc049,0.14249073245608623
5f6669357f9d2602,0.11830115346065324
8ce4d3415fe4440d,0.08606378372665142
b7804e0aef5425ac,0.03387151550370358
a68ac8503924dfd3,0.12075975278701916
0ee54a169cddc5a0,0.07024817046258591
91e67962d58a2196,0.06809854120353609
337f92313341198c,0.08579792432878501
62fdb17735fc24f2,0.04651602645282981
32070e417cceeade,0.08611794260015447
d10e86cc3232dbc9,0.28460402894598746
9e379ff80b817265,0.15229214191050452
cfff3503c56dab5b,0.05787652144071783
9f21d3f021ded79b,0.04399112708569034
5fe69ac7610324ba,0.09080821050031936
fda80e0f061a2a2b,0.07692887846209358
e5f50a39b4e83fe7,0.14339311085386197
b7ac8ea60b369ad0,0.033505027677375857
f4aefa9fc2e0d241,0.2700195270716454
0f32bcb05a22709a,0.09489785942782808
13334ae771ee01a2,0.09497544861642167
d2596a53564c0b21,0.06677967685904258
1a90578444c1c9a4,0.05216305785429187
38767f6c13ad1bfc,0.05936189658558821
8d312d36ba150056,0.04207427517903356
c4e9fb7cce4bc726,0.08433476061486041
9ff220beebc71a5e,0.027540354780115267
24bb5e20d933da44,0.08664140085332184
42f6ebdc63da37de,0.13603329935346145
39f065a3b51d8011,0.030386907454523115
adfccf4de2f8f9e4,0.059538377830995796
bb73756443a5eee4,0.06475768209002307
0d9c7ad016175e4c,0.07591109128269229
01d6dee3fee929b0,0.04752682258582206
4c94ce26b7eb0794,0.1268762133560973
184edb2637a41d50,0.06368357496847128
b14c8ed6d2ad7039,0.025181865279080673
efdd1d7495765245,0.049433365181601775
affe3b0f590fae77,0.15640726018540596
3edd7de677b91b05,0.0739266574133273
ba9e4528463c5dbd,0.06555164847140077
8be8330f2029f548,0.05616941109793953
df6e6d77a02918af,0.05605237988884495
33d9746c24d2c070,0.10251513781469683
e51c785618029ad1,0.11477997646611426
d53ca1e375f1420d,0.11365506655935488
d4133e84363708fa,0.19440903870478057
094a4df459f84f9c,0.0363516626475222
c95b97cbc9622e38,0.03162388991844223
8a243d50081a0a41,0.12072522895552797
f6f2fd05daf66b4d,0.03735549126415592
3b5e52e54ed29ece,0.09301312094342971
144d292add5f41e9,0.12254856343808072
49aedb77fa2fb4fc,0.09112433491973322
81e5d80b657413b9,0.13448999595431005
fb21fa126522b6e2,0.09396820406214547
3451b921fd37a93f,0.11962667902233981
e25080fc68263c8a,0.17453171346264873
64f0448c8bc4b1eb,0.02766726776732037
ed89496194aa19dc,0.07332488758580456
fb22f7c013b24779,0.11251958717544175
1590a07714e8a656,0.02676453581599246
54ae2ffdf139cc38,0.03265271516042469
96bf13f3fa835169,0.09137469690920723
559cc1345795571a,0.04672290579913204
325ad194b9f588f7,0.10729807584795202
13ff609306472199,0.11624172899990111
3c87f31b6953fbbb,0.04678797241836452
2dd14f20786549ef,0.06157022761328673
be72fb5da729ec70,0.037932522518496624
dea2b01ff6868477,0.09041416516284252
c7ffc036c6fcf66f,0.11352921320814834
67b0cdefddff90ef,0.11339502439847694
eb949d7c7beb6354,0.08256476203978486
72dbbe8ab710128c,0.12781327078102214
fe50a3aa77d27195,0.018710049196920278
b7dea5f446a371e0,0.05110642554582182
3b6627fce4fa7c6e,0.022803544881900534
5766e8d8c783a487,0.11303503219086787
818813e68f11c85d,0.08046494327376442
4efd1ededeb6af5b,0.0632575578766091
7339d8d336c0728a,0.08203420052856387
5932b86b513569c7,0.09608234179034518
667e3c34655efebc,0.14655249944427384
211cf2ea67620b3e,0.20130377246108747
73ddd41ae18acb03,0.04416777302632863
b7d7b9bb940bf7b0,0.15382145721341098
672de9994012beff,0.07314443868120536
1fcb989eab73caf4,0.025105016279616144
1a8eef4f4936cf0b,0.05835063941273936
181bfbae0ed5b503,0.01826697018577047
0144b06a9d5772ce,0.17178306639429028
a6d79b35c359d2ca,0.17892900695444705
adb1f5a83ffc8956,0.17102794290777912
7fe7578307634c36,0.23091499998474355
ef916f6bd9bbf8f3,0.10281145566771897
261b4b9303f16955,0.13146714911788984
bdd3d57f2dcbf24e,0.03406810538707265
87478ecab9990b69,0.08163687489760198
00903281b49f7885,0.5324323121023371
faa54ef489380476,0.15559996450831315
afd67495e65ca43e,0.040870121691203375
3cfeab5f2a521bd7,0.41598357138852515
f889243e554a57b9,0.13517398181217524
1633226e5baee1a0,0.27382172065603644
09429539f12260dd,0.05754069584154848
4642f19a02b65fbc,0.02708098581668066
454379600a0d58ae,0.11238485599998066
806b67c9407deaf5,0.03180870125987237
64147a091385f1dd,0.03775775622521526
410684a9ca496c4c,0.03788412263178238
198aca03e558bad7,0.030151303534705947
19112c76b72e70ac,0.0314809610383798
33cdd595d6f64465,0.043808219377904654
b678efa350251d1a,0.1747460486790544
2773ef74c8379c3e,0.1540171267084848
21a85668c56f4a28,0.07612588389117524
ad44c67c941b730b,0.03128276490783927
afafaec6ed7cb894,0.12625838720724653
7b2afaaec11da7c6,0.09434071586043231
14f8df83cb5fb959,0.13283520783423647
2fa6287a9d075ec1,0.0660175018922492
a20301029a5e8b78,0.12577361233187473
64c226150b42ee5c,0.0850314644918528
7012b66ec38b6038,0.018116039721950198
334a43b3d7746442,0.12128071562411245
3e39b50358f01b64,0.10499578642127073
dd424dd258080c0f,0.09986866319736065
b6815449a050c02f,0.0549996894400697
786b0bb1d7a4dfb8,0.034516360753493694
bfadd1b4779947e6,0.2139887785782794
23bda92c60bb92e1,0.17786074011360442
20f374eb224e1a7c,0.03643001122040137
04bc6e2ce35edb4c,0.14504218506123276
f5fe2d58beb86d40,0.06870079072549136
203f3df885ff03b3,0.026099891740577794
ac5388e6680db6ba,0.03555269357667872
20a190db150bd0a2,0.08091956129391627
03b8f432ac8e3226,0.08605477434828605
800d13aa581dc05a,0.12974925374365687
32ad97494e39788e,0.13509582091756409
762f69f875d0a0a7,0.11134436417094946
7102288564065a58,0.13521758387087462
a244d35bd0a46b86,0.08996580482895655
9fd85d10d8d80cd1,0.05830413044521247
cd37f417a290a412,0.13322743951524416
087a61efb373df95,0.037850529164071715
5cc1bb67fc9fa495,0.025199683634170588
38260167161be0f4,0.10546486588316928
377d6156aea5f7b3,0.15120087101090188
de73631ba462d9d8,0.025521406251595755
c6ad617675fc82bf,0.17824377156217033
53c0301b075c4edb,0.051509559812160564
d5d5bb7bc7475a6d,0.06106296481216223
2785f7c003032f79,0.06282490575061599
bacabfcb41e851d5,0.2050804777265011
930620d9c45cfc16,0.11139378184301245
a2253bc60bd26111,0.08799683308655874
48be98b0da47a60d,0.03462935343973375
4192611de72c647f,0.19106031778501764
0a3e55a0415cf1db,0.02177923144112545
94a41eaf6c166f8a,0.030630696145122923
65c588ff0e6a0940,0.09275011324745325
7316f0f5207cff7d,0.2052166772823425
fb48d6120d40241e,0.023893238678248958
83e835be4b7da5bf,0.04632026422038462
be007ff41dfe8e33,0.16639089109840532
ae762981ec3e2222,0.21329332598151077
9cde4da63a470364,0.06293373288911987
1e641e6a0e15cb0a,0.2523260167389228
f1e1bfceceaf5b3d,0.04152664319326976
b33a9dd2d6116451,0.09403146027762159
6a00f8682a96e6c2,0.05408210282112699
4889bb3fafff04a6,0.024728192163364696
d83965adda3948e8,0.150846259193032
35ebd3eb17d43331,0.11311056826692707
4fddbddae3f8c321,0.04991444579396534
279f5d02ec1d4618,0.12582680807892263
18dc05e08437b19d,0.08383319145925432
fd5e41a3afe867c6,0.07724831596728562
4dfc9b4693d64425,0.11598787773564301
38efe84b2371909b,0.02208867376942737
d5ab3634461fbdba,0.08993704026225931
88ee52d04ccee47b,0.13973013490144973
311d0a7d1bc40182,0.07794183384542488
ca3eabbb86d9d394,0.10595635767663046
0839345320590491,0.06228389135218789
3166da0225b35bf6,0.079868663173903
4fdcce92f68b7529,0.1798764988502739
4c0a03f188fa9938,0.06749334603745417
efd671b84d562241,0.029461148609455087
a1be96b06611a4a7,0.07957256464659919
7c15209ba7808ba2,0.1456668424805275
b4fb7e75679d28cb,0.17282306379017287
095adfc07a65ed27,0.07763377798987768
a19e6a028348c708,0.018758484494438368
bb5e510a6639b43f,0.10214729648593757
fcf27b9cd834eeab,0.02715616250875762
dd9e809656743e04,0.10113027502982608
9cf20fc9b8513a03,0.17377155522363233
d929256e10f5e94b,0.08127152652099158
c7372107d1356264,0.16347479006090096
fb002ae965e2435b,0.05977705510011531
891d7ae2edccb735,0.12613164495538698
33b3795f9d4a8ef6,0.022887731896505243
bd1c976bfd04983e,0.10174913340427176
22d26961eaf80875,0.2124280539222286
3267d0aa9600286c,0.10550124780590697
f85b98ab9c2071aa,0.035630428642900946
4b4c86d64f258caa,0.11274086192787858
af271d6d690a0b0b,0.025924380768840474
8b1bdd0f68e6ab19,0.034320392348485426
aca740ec2df56ecd,0.11103875611652808
66cae06936335046,0.12013894971293626
8aa96ed1f09b6e82,0.17379484749256605
fb089d648c0fd719,0.0725841962019622
b3b39f3310bed9f2,0.08529184825417534
4c9ddb6a1c08a7ae,0.02414421112078281
8dafb6cdb58233f8,0.2212395303365325
8512f25e0995f115,0.13384360536163578
3e89b24f6780dfad,0.15000158113079387
811b5cd3d60f8f01,0.08843857349139252
8cecb78a9a20021d,0.05832790210514361
c726d19506a1a864,0.044103864783628995
bb71d5690f654fab,0.1332135787053367
01fddb547603eef0,0.07333277355258924
c6592de36f791128,0.06134129625047585
ccde7fc6a8ec59a5,0.054844657972855926
ba6d1493e3a1c1ad,0.10651030761740778
7dfaf88276d52a5e,0.1359831294625858
c09d65931e21624b,0.13153582198675354
f9544a6dbd4caa2f,0.026317407829064717
b374ef23d5ca3b3c,0.07537029400869816
c51f8b67a66b5aa4,0.3211923023395506
4793cb7dc1d36c4d,0.11918575077140474
c4a77a4226cf0e3f,0.07398240658266321
11b46e06959d7824,0.16556602282510327
75083fbf03436018,0.10025277642551922
44cc96b7436e60fb,0.15931971248506602
9c78ab8c7f52b1ad,0.06567952039245246
27c3ba5b3d6374ec,0.04578071321612657
09bad77cec8a0ea7,0.10173466860130255
7e5eaee69f7e8e60,0.04992517184840282
9701beed4cb2fd40,0.02648921121290816
a886ee5f5e57d356,0.015451507382001241
43322ba6466f83ae,0.07113423084821123
39ac7a6c910dc826,0.07482713935491601
a7624810eab99b39,0.1322940766817599
27ce336c13dd7f0e,0.04538000452884211
35ec56371ec7bab3,0.11096704263194984
1033972a8d27b8f3,0.18210390149141045
246fdf152b78ea45,0.03415743467484724
67db089b7a0697c3,0.0308018137233573
51541de4865fee3b,0.06443049520176754
2e0ffa5c733d2a47,0.16615161440045095
c307a7a1d2e93ae9,0.17080474098807621
60775afc974d2192,0.06456115742032743
1af8370aec8adce1,0.1398234764925503
7adaed59e375f94a,0.06212706666274015
d3f971f17d9ab0d0,0.035113849802064924
f1eff57932ef0f4a,0.11357218770322786
b41ea8380984305d,0.0893113536145768
dac2137cd3aface7,0.12171257107788565
48da40bf199dedce,0.05162257026692287
2c36f80cd8d50da4,0.024851518453518778
e45c5c285ae25a13,0.09862300026530475
d57fa89c692abe6a,0.13653130838927877
0d5b889f910953e2,0.029003337291935313
a2bb73ef62a1fa41,0.13547892233440786
161e450caac64b0b,0.05323387160801266
870239c07fe84d59,0.192438612943569
1a510d36c73a9190,0.07042779605637169
6365e056680facbe,0.10014918228712721
7e5efd56e82bc148,0.04086870803213145
8ddf8d226ddfa267,0.023411892343717215
aa2927ee663efd7e,0.06399840132875531
1969a71e6c309cce,0.05733369371371144
33e3103e2045fa64,0.03206933606499313
79d3953d4c100b9d,0.25078699560232304
8a0bec565c237aae,0.07698208081884601
e7b2425696ad04e1,0.027072176594338453
1585c48da5187cc9,0.1324547063945666
b508d898d174eb05,0.12252129239220043
ae96ed3d88eb7aed,0.0497615497966018
3780b01a20d9aafc,0.13565080537543872
5d2ea0bc3f49f99f,0.10919885288501237
609566c49b16621d,0.02850609095000318
52a50658bfe832ee,0.1282426611834372
76655f684bc2518a,0.04306430034809464
507aa51e38d00459,0.04259175432065798
e7edc5fb783b818a,0.03279492829741021
3488c9b765c1219f,0.03600551854239103
60726ee6707bab89,0.19363893641264066
724b704c54783fd3,0.03101277797876088
23405c43202f489c,0.059725586545775596
0a275c8c3adc1e3b,0.04569063098116862
ad727a83295f79c1,0.2073330754782231
9fcd517a3727524e,0.08244871987770293
c1a15f34e5189a8f,0.0692551610272026
ee586308edeeb5fd,0.1322241803232395
61323c4c907b9667,0.1577363802670361
dc6ad9b2ea237556,0.24934141998260248
fc261535991f079a,0.03974276926917103
199f8696fe22e8f6,0.04759449821810116
80c803fed1e7b815,0.025442711617845653
b3645ff1881e6181,0.042941545348533706
f077bcf8ba579026,0.09203901374654798
c98984325495234b,0.06619278328429325
2b1acfb2885f0207,0.03302246471130949
58aea5fe94bdc9f0,0.06487471876700358
13ce2e76f9ac9797,0.11615317279362576
585b1ae5f2fdf9d8,0.22638193111830932
c02d00f3c935fac9,0.06220031435967221
961c1ecf22020dd7,0.0755370539682534
34a2c0730076cd51,0.1737769017697044
f08c72208c842a80,0.15759438320148775
3d0365b300b08d12,0.14920708232143015
7698d1646b1160a7,0.04559213744367174
46fe0812a4d6a0e5,0.057451070599249386
1992a8cfd9dcd0a4,0.15457729913084767
234824681fe92370,0.03591428377731725
66dae8fb83f01cda,0.03558235872238034
565a8741e734fb66,0.062101768842465266
85796d3a4623f1b4,0.03699278540939265
980c038df259aca4,0.039224052580989946
847d49fff22ffac8,0.15943998034769633
3ab579aad87803f2,0.02971387468504545
7c287939d256c04a,0.050875141306508574
9b56b63c1ce61e36,0.034042739786003744
2b2beb4ade849fe5,0.10646275768748577
ca97e3a639d0f212,0.05467756876061266
cdf0a515724936f7,0.09165778368420152
f0d9600d63271cb1,0.1623997929050449
61f6d6cd6e8ebecb,0.07303295185478566
66bb128d75c1a31d,0.08540440270847345
ff6ace3df2f93fd8,0.023251704157807012
174f6de5e6fd0ce6,0.15142437799626776
f629016e686c93c7,0.13119141121833947
8a5cd96071aee653,0.01632820724899296
47a56fcce1a48c57,0.1838746253095002
bc218a229f6dd8a3,0.06030642719389581
6700a0d8cc03fd40,0.10836974488327145
bf07422782deaa4e,0.22042003416229514
67e5b268a06fc16c,0.039580956123753036
775246a31de87040,0.06441972764559098
a8c96679585190f7,0.03861810756678872
85e8b073ae9d6cb6,0.12599327636948898
8d783fa9a84a2016,0.29418501488070425
afa9ef8b36efca27,0.03067317610408364
292ad72f433b2ec4,0.045041488628719255
543a382acb950efa,0.04353297687406501
97eee667e12fac11,0.0598102687230597
f1594e042dbd4135,0.03572863717127699
c4acac79bfd54ae4,0.05457340789204756
f1bc5cee7cfbe74f,0.07607001049895334
25e346e1b0340347,0.06349938969267171
53b71602a81f5c52,0.0685838471938189
6d2d4b17736e595e,0.0762803511017261
f652427f39b6f10d,0.3698265136609768
1437d0c59eca00af,0.036239699980439986
d8980b5b1d68a4ee,0.13030500565315972
442b8a915014e871,0.09388041745287545
6a1e5bce20cbbd53,0.1693159673670066
ec75dfc7e578543f,0.025916395691966323
94cd35193b228a90,0.3914819118616239
15617a2281e76896,0.09231458727284074
ae22b29ad0d98702,0.0394724400296373
3e5ee530dd802ab2,0.05855342907781199
9304c1771978ab05,0.027038905724517216
635d5bab100147aa,0.09043240555116121
cf12cab6ff5fa6dc,0.10820860589565746
cc7ce49efd47f0a0,0.03164469759139082
20c507d578183dfc,0.13353120143870045
e29e2bc7c3e6ef41,0.22602555246292236
61e270d51cee0fe8,0.09449935692577334
a1cf27e43a150760,0.25180230225012945
9bdddc292578558b,0.0429246053890169
fa0f0cb920abdb0c,0.13746039344485328
95dc87b7553104b2,0.20456424406923443
c268681605733a6e,0.07443407148359224
57f8444d376ead3c,0.14609555758006051
1eb08c4e2e2d0a0a,0.10174734053218977
65f04a475e60bc71,0.10684392782784978
54b86d86b2c582db,0.04547964423827158
ac660728eb9adcbe,0.08402295037069724
9dc70760c7a65427,0.1846292147533529
707fa7577b28c00b,0.03842212331624905
dfc0ad3ac006f7dc,0.08571482169184134
d02c60d97c52824d,0.042624711351279605
68735cd4123d2c31,0.23803130872566822
e7fa76e1a52159ec,0.032109568892710334
8e2a48702b61cf4b,0.02486997999034578
7b4d442d12660d2e,0.04757829736836202
1879fdf1618adb5c,0.0999308086089894
28331b7b0b1598fa,0.03639440199027664
c27a3cd35a718f85,0.06410314160190239
003398b630719a7d,0.033661413918746864
70b9137733db97b6,0.0878393074109846
f0ea5635eb777479,0.11943069595510879
e80ca1e08210095b,0.11465233849289365
033b8feb5aaae03b,0.0340345653986564
ac6a54139c7c9d37,0.13564203667563665
ebc95757b2947172,0.050857978349376005
2fcf426035785728,0.08725834604821399
78996a14f02ebbe3,0.03498202959305393
a87e26d221511c94,0.016486119574414107
c5eddf448403ab6e,0.03188735326280988
e8da0e67e35aa293,0.09895081862600592
88b632eaf9356d3a,0.05601609238332309
85571b011c6fcfaa,0.22988956501776822
9013d63ab473f952,0.14057767524801995
960cad37cffe68eb,0.05487144439448868
e247eb8f78f75a9f,0.053076907273714946
80eaa51c4c8a00ee,0.030441028629940733
35849a3326fb87fa,0.0427187720573132
d95e6b933db44247,0.033070056567196686
c8d99c2ec6082321,0.02973758221023179
c9aea5e1048b2e51,0.11159414755258375
e01947dd147cbbce,0.03956048104106251
ae79b75a13c928bf,0.03902793374219216
ce571fad3257b3f6,0.03093759343555001
a95633f51ef3a7b0,0.033692930556829974
297c6928439e696a,0.1737591430686797
a4d78fd9f9ffb303,0.0621957021381817
2dbf5dac4bc14af2,0.13887633823965426
484f57153280140c,0.10101425076308647
db3d92a2887ed53d,0.1221332266889562
0fcc2eaacbd92a61,0.020975328365184103
3b06de421485ddad,0.11347537318005758
3ab1395e200e5b42,0.15573230009567116
8b607b6592065a8e,0.05034714534848325
a58b1c259179dc09,0.16888498309314345
a84f2ec64cddb96d,0.1940682030231328
794ec7ff88727529,0.047167335913803905
7bec4fd7e9a158f2,0.05974790604895135
bb364b5bbcd978f4,0.21075416685837642
89b648a5f0f0ab12,0.09240899827323572
63de8d6c54817aa3,0.016985613805655976
f379e9f71ba0c23e,0.0795290669572915
a4d79f83a661fa2e,0.09528898696081013
211b21d15b3b91a0,0.0455040759904087
1186f6b426beed22,0.06238762882537278
8dbf55afa93fb576,0.10477217114592934
4c37d40f77654769,0.039229858861121715
282449c18b62e5e6,0.17341819846780157
12472f1c83854116,0.1393240849070057
eb624c530d058714,0.06974159554471676
916aa0618dc412d3,0.1822366381845457
b9f7f01f0c234a62,0.1582186495967132
d6a72e0c5f8c9277,0.029651386370969837
888195334e946eb0,0.023363348739938016
f1aaca6b558ffaf2,0.059006303536973954
cfd7c6655e63d480,0.21145158211747295
d54c579db2ee74b5,0.0266643515955413
3d05c28ee2849928,0.2684086982958079
88653ba09b9797ff,0.026588288450021393
270649bc52035cbd,0.03103117113494532
164c0240a44d6755,0.0740367399287573
71d79d68a2b92f27,0.10525637461361037
9bb25aadd2b3bdb4,0.18137261099311197
b3c62935a53d8997,0.05681235562790713
e850d24192f9e415,0.03203364043609486
0834b059b33fe386,0.13820291277118057
57cca7c7ea10b6ab,0.050521902758981795
39483c2d8174f1ed,0.15029146188320233
4df07eb70c71ec51,0.16732972946477562
771b30a38c390789,0.05953257140653842
65037a69f9336b3b,0.1001413328451702
97bf39056279f7fa,0.10504704177511907
1a2d12af54623039,0.06962541464230695
e649d739e4cbe4eb,0.21925984531583995
7c35e8ece8dd52b2,0.13667079104901922
4f679f800c6abb6d,0.1484152666656904
42a8a8ccd4f9f9e2,0.020978318222340326
662eb31e5ca29cb7,0.08458568226068357
39a75d0fc9a932b4,0.1023336878691774
f80b6c96f9ca16ca,0.027463275353971448
d1112438bc117eb4,0.10193374431645341
2a23256f8a1b1dad,0.11853980490046505
e3da84e292717dd8,0.055107909313800045
b3da0bcad91df631,0.16384402077471963
b7317d34b8035aa3,0.0635377567083306
263b44530f890156,0.09364732577812462
4908216a464f51c6,0.14199770193558994
d0b576af5fedd973,0.09593000259610168
d53abab056eabccb,0.09873808827308006
9947a71c07c08013,0.14551937035727097
e3f83e6765042b60,0.0911115487279483
b5e1fe2cd612caf7,0.051839196162327406
2c979dd3ae786b0b,0.022152042879212627
37ebd133842ac652,0.1270569063811025
8d7452fc00bad24b,0.10596017098334336
be4d73360ad37873,0.06731807471685104
40b14de62d50cd96,0.4842558261427277
e8b95e5aac14d285,0.03171787238882685
545aeb4e5c2808c7,0.05177562655576371
3ea943e815e609c3,0.04334824084595091
9c3663c00fb99ff6,0.060472144037367614
6806a16705d54743,0.13199668504123876
9658ef3f8e3ed080,0.09628778095056097
72aca7fa36feebdf,0.09407783394764696
dfe86e43c4930991,0.09950232108381483
4f82ff5b5651d2f0,0.0408893098888662
d13da56afbdee207,0.07976539868408669
0dcdbb940af66121,0.04180948120324654
0e09773245767eac,0.03643150759115524
b186bc9610e2b533,0.1494288483765038
d54841a2e0a4cca8,0.3948894154344484
166c017caddab251,0.16434850008959556
a23f0288384f2f2d,0.09734860700704066
4886d310e5914363,0.06281157756301763
41edfc6111e88f1f,0.043882534049309745
0f33a4c86170e40b,0.06788834140081901
19bac5bcc4414e66,0.02825537657176433
88ddba34446d1ade,0.06742906777301878
a8dfc97deea7f5fa,0.12320914001251282
fbe5da4001a21c4a,0.03059016839024312
8ea535444187b6ac,0.05000448839295638
1be66765efbe9174,0.07124863741297592
05f16b595e33f77b,0.05348100430255686
3fb3259efef9eda0,0.034573134220768596
43836f5657b092dc,0.1553263608608669
26ac42441170201f,0.16103703264155586
12a4ec2031ef6174,0.045112340899135496
d8e7f33605a80ae3,0.0778660833378857
d6bde3bc380d8735,0.08347066331185937
9e0c178f3e852551,0.16970365735075074
88a6149ecfb1f651,0.0724322537690928
54a33fc8125490a9,0.06953628913199418
2930f4f063583542,0.05623907902522468
5092541f5024187c,0.04273261932990562
e78a593c9b385330,0.10656903702064364
a09be3a8eeceee6f,0.15208290433612665
7010ac1b44772de3,0.0664118476618961
49a17880c454c7c3,0.044936477067329006
4e36cc0f1383ebd3,0.11837617068625199
ebdb25864f6ce1b9,0.03647602768399789
bdb72360a5581c6d,0.11077390958905185
8c698e0fbcb6a090,0.04375569342059207
9c350ea7550d8378,0.03861002592716856
a8b88f7bb8ca6361,0.04647690724796368
3d326c98287fba6f,0.09604660451059903
f42c01d8b045f708,0.12210604404127327
8e5d62b3ab696aaa,0.027355182382930998
6224caf3c72e7ee3,0.07211444954848635
926fddd6b2ee63aa,0.01764473197427099
922cf50522b3b88b,0.12411946196689967
7d0fb10204af6166,0.19296676536010252
1a76fbd031e39a6b,0.21719699569869053
fd68ea29d356dd75,0.030718819675781873
03cc36191251ada1,0.12333948216920486
99b5bb0b92d8a55a,0.03936365093638371
aac02a9d632924f3,0.032509763625693626
5d220b8e18201d3a,0.04054698619472624
14fc1d6fe2d4e69a,0.17214822898486304
35e119f52196b1ba,0.029870441233624635
40f1234b5a30403c,0.11183160548310785
d59ccb5d557c022e,0.11389604618162315
0c385e728de38f99,0.061779113282583197
f8683477a2ab2ade,0.19799656323930817
511fe8f39056b9f0,0.07231290564850082
c99c5d897170f156,0.10340214417226838
9d753071d21e6c36,0.05716692040426146
9e9289f66961c664,0.11570399398425839
5f8b0d75fdfecea0,0.03796545771167395
9dc13c482e059e6f,0.07515813074291204
3f87fc97c66a3191,0.15194108045581542
1b3f3ffb589858e3,0.03453897621142144
5358785efbcfdaaa,0.06876840564932354
57193bdf5b9a6b42,0.12372505614972407
4ba6c061c5bcb057,0.617509321677347
218a85cad268eab4,0.1697472328204249
f93dbe2cfff78101,0.1130655330419078
a8481146cd533ccd,0.11942541396593696
84b0e8fa750b7a33,0.08117859453558064
fdcc76060f099b01,0.02886939056098117
300a47eca14f8974,0.11762908065352869
14218faebac40dda,0.06522829388065342
6df2c2d2e3c3a7a8,0.1218382589603033
73b49cfc1f3e9dfe,0.02506816859855086
7f686a76e0a43e5a,0.07861207731639965
bf81324a27520bde,0.10511457443280532
f5d463ec64cf0b0d,0.07583837605794275
7b0554b8ca04f697,0.043856421032394816
e1b2fbbaa6be8596,0.08187761922373511
1b881aaa4217102a,0.08978727344762279
c212840fd1764342,0.04966038823882767
ef314439dbb365d6,0.03912031364724849
1772dc13f02d39b7,0.0764107954320668
b9ed04801fc7a354,0.052632657314579424
105a3d1544b0f94b,0.12073971396022926
78654baca9d1378e,0.2171013065298305
9bc2056512b6d4b6,0.045828934507956075
09c4cf78e2e7adc5,0.060808037752627865
b2555ae21207d05b,0.12416163505643951
ae348fe15c764802,0.0502640572893062
f0124c71b8a4ad33,0.08573169359003614
b56dc4e690b38942,0.04249526362003486
f780521ce14740f3,0.039290730634901634
dc6f043604dd54fe,0.07821324551437893
e07db4ab9d64f3ee,0.10598679296715008
8afd23b140e4bcb6,0.12485121794704435
11bdf36dc7a35404,0.03896657480941457
4996a5c048b055d5,0.14575412817319539
623d8021b7d32292,0.11203906895919968
9eaa2f70288d4b3f,0.06887783446110401
9b0054be7988059a,0.07423193300718052
3952d82f6df456f1,0.03659392152372763
8533f9a63a9367b1,0.06749009208876465
391d9fb2c3bd6fbe,0.0285575102228255
101b529dd70a1e11,0.04298505205454092
85b19b6a46b45156,0.03909571502291188
a4b17c05d90ca2b2,0.07914832001096357
194ecba02d51bfb5,0.058415114214167764
20a12da2d8890e93,0.03604914361742205
2df9214ba1de660d,0.07641740627618461
bd7e307eb75933e1,0.09803884654225577
5e0b0dbe5ffe6e83,0.9636936118374413
bf3a6cfc9a1f3c80,0.06036764915935638
82ae8090ca11b2e6,0.13872147643916258
4901ed9747386ca7,0.12297256062582508
53084b49be13c52f,0.1324021029816765
0263cc51aa1acd4c,0.09843108349836692
41e313f2355b137c,0.11956922099496776
51a37cfce403f12f,0.05077844221166714
df4f484e6719459f,0.0438986037297694
de7f255e061d07f9,0.10071554814133009
741683772f1576c7,0.1579919094140081
54c7fb2af01e96d6,0.1569001900776132
24c542dab399c685,0.02968210074675136
a1230bf06c58290d,0.04272794904433769
900e15461a12870f,0.13863274242687165
c089536a25834f70,0.05575566579168339
afc3286b544f0040,0.17482556247710587
c61465243a2221a5,0.13201563795503285
cb1f20d4bb93c243,0.04565785196920588
30725d20e5558b56,0.06072808432542345
94ce3e10e75f90a6,0.034619196677742915
48d0b89d569495d8,0.11192054846318715
ff1ad6d36283f697,0.04793536649675589
72be68b75d2c814b,0.03605526791978181
e4b90062b12b7030,0.14647285702716628
d6323a665e446722,0.05205371847218208
2d37f4baed1667c1,0.09266453358411213
05781aee37a18dac,0.042640727124888096
de24d558a18a9f32,0.04348000008437867
cb44379989560ff1,0.04295351266915288
eb333ca8ccdad2c8,0.05128609733931994
1d5cf29e044bf468,0.1308441381453608
172401cbfcd665a3,0.14393590530354836
8247761544773a90,0.02041963048325243
5f2c0797f7cb831e,0.035999848623520604
a7edbfd2acdf8ad0,0.060311010468568606
fdcb685349aaef9b,0.11214735773499224
1568e5a308c50e7b,0.13372880247955973
53f5f1c7014efbaf,0.08651072360692534
e992034fc58854a7,0.05603879082666558
b1fc334e48e20c8a,0.028384915754676898
ca9f6168acd90b8b,0.033942483554790785
929bd47a71c6b958,0.2707841803639468
f7ee05e2b2ea34e4,0.05887339430380973
2f3fdc90e73536d0,0.03420069070647715
b43f6d156041778c,0.038537977128744315
6b0740f130757056,0.04786148712903257
9f1200bd8ef18393,0.07374845785740147
bf0849396acf9180,0.03249927272806537
58f62b02898dcd7c,0.36776301496988867
825b360a284d4a2e,0.030693750751501898
0274228343b0c7cc,0.20646466620468895
746ca6b736caea7b,0.040153607884088054
69cadc81ce7e015c,0.04787077204527792
295dc3bdd969b7cf,0.09290900383114194
e0c7aeb2471c9ba6,0.16576748850776443
a7c128e7baf08587,0.061062724693273764
74ac5ce19092de45,0.08954094737806444
5642496d768456f0,0.1581030055607304
9568d09b37d48147,0.11158632573119813
687eb07ac1ec9aba,0.06073188070474467
1131d59f818ebfc7,0.046876357579059336
70d46c4ad271dfcf,0.08001551212894926
333d8235e3bd1acc,0.05331633854009852
f9dc0ee30937f393,0.09794376367071483
e2e48b863ea7d61c,0.10416860393014331
96ad67d29a15ec47,0.10139998860245909
998b0ea49069c858,0.03093371732444286
cbf500fe483dca27,0.04406553026591755
32889f39f5c7e4e1,0.04972686866479801
f87241418df6147d,0.09196057055758461
afed174cf13b9d7f,0.07651128811037441
d52f3c40480519e8,0.1484838047089457
67306d595867bdca,0.02876339262643621
dc439b5c79486948,0.06568284161329603
35089dcee9e9ba1c,0.04360835186914656
61b5d6ef5f241490,0.041853540268486616
45f5713dcef10264,0.08182813420058307
2a3053d58302242a,0.03167441074725132
0998f38d4d069491,0.104545291761193
accc2c8ae67e6063,0.02539559259053889
9f5292cbd3806d79,0.04449787554829124
1fb85b95e91ae45e,0.05387406722010054
faa0394464cef2e8,0.027516383765607347
af95309c63fadc79,0.08230668339431309
b8b45d6732b08fb5,0.060768364393373
66966f55862259dc,0.07170278623175319
608333309da6527a,0.13565979386733634
36dc5921a7d84ed1,0.07773907854434352
27813742ebfe2b33,0.0850997644871545
211d5db960ca61c8,0.026715070431383364
5b186ac0d11513b9,0.3021767160911049
832d1c008bc3ef2b,0.13067471078933648
7d4e4f8d7d40dcfc,0.042054223904915235
f0dfb22c3a27665d,0.1642854178367576
407451c452cc5d17,0.19484684735729477
56928312feff0ba3,0.09690692247731485
9454541a6582c13a,0.050553962151297004
e6e2f33f21d593de,0.02724789208792294
eaa2910769614f8e,0.020106608514068817
127bd9796d970cc9,0.06443748475996074
169858f0ea055525,0.052799623405348196
47a3a9c393a619bb,0.035896599679418134
d25e98683c74aa8c,0.09773228764566015
4f2ec1f813538809,0.10284932042609002
8e5753d72777a9ac,0.057279507660958816
d9cef172341ac628,0.5305580612785544
d2c6b2e087495365,0.14460509343891217
5aab483da67d16b3,0.09304186283312799
ad319fa45d964c5e,0.1591234036865071
730d677b8c968e37,0.04331132098930609
b1e38b684248bd0f,0.1440780187969571
ccd097c32d7ca7c0,0.05331639509597358
4cb0f5de29f8b8a8,0.08843633229609042
902aa8ae7819a527,0.02261799866075202
36cc1fd78eea46be,0.13780554105407689
5b8a6b0aae157e06,0.13103568139372843
d371f4cddd5ab580,0.044339430816039194
a07311ae113f1cc7,0.13058956150680506
8ff382f017152a6b,0.11195276798993563
bfe18fe096f61209,0.05978215530603842
97f3a3f55f767d91,0.03913603736695786
a4058a2e4bbcaddc,0.1558489064160318
6dbcfd20040642cf,0.03356826943728895
42a6b3c10ef18f02,0.08751411396488366
9d7f6f4e136504fc,0.04532688669528395
0165f411bc818cb0,0.09826334830031584
bffe1b12bbe69fb2,0.1153491190822301
e01b40b1d6f30df0,0.15702896365909313
3201c568d1d26470,0.1493111883184786
0affa4eadbf1db83,0.16475292720076753
ddd3b7b0ab9f40d9,0.12801028760874578
ec738c2ec1bfcd80,0.019471297851805257
906a954f8e1fea07,0.21107824025690405
cdbfc59fb04fc180,0.19103117928332117
2d4770eef88200b3,0.029187076466564387
3d18600bcebb32aa,0.07939044849381982
3e050322f92541d9,0.06202890840696307
1221e13593768788,0.05541814370581503
e7ea980a9b3cc8c4,0.08974344228178903
398953f786ac4845,0.17103337014451636
e8efc32edeaa174c,0.1454435806092082
49f061e869ee997d,0.08990995112570498
17668415b4ad9f20,0.045705256161145985
81e71cda520c7c11,0.1266158867204917
7c48e5537ec69161,0.05435490105557637
7b6ba45bf7c43e21,0.086301908912012
9cdc08694020bc45,0.13813407659692242
60a026b4a766753d,0.0918129170207656
719db72fef47ca30,0.0433960883981134
c0b5b808eb068fc6,0.12331273769811836
b20616efa1e51758,0.035504499727850025
d1c2190b7e54ae51,0.027577415177057484
88d71cf388b60bf4,0.12891456406204907
c2394a42025bd869,0.21741896769638688
19b165b652dbcda4,0.14925545565403955
c17841139e5914a5,0.12404240530403567
5549a53bbf9d24be,0.11850187586582493
2da830aa5b2812cb,0.04827273890644631
fb36e8ea3112744a,0.06688775984895276
3dcfee7f0efc084a,0.1388799967592167
16a97d3860c22e1c,0.15887059789555769
6322b2e3f7dca7db,0.07874062700588895
a48ff3331f89fc6d,0.0996432459686033
e07a96472008d97e,0.22455201458492766
42af4fb223127bc3,0.041562960004042124
4aa484762f1d25ae,0.11398203885288583
c414fb964c9cbb8f,0.12498812109590653
397cb89e6ab8a959,0.13828421507235053
2e9d9d9e0a6af0ff,0.10878627091855671
fc32ff9c59a22f95,0.0206491593934074
5783d334ad7f831b,0.14173129359777492
dbaa31f9fbbb6219,0.03867533686093579
93eb228beb06de30,0.029646366338441376
482d6bc5204e5ae1,0.056565358812192164
7128efa4863f0362,0.10033224021324123
ba5809f410734a94,0.06662836036146659
a571eb5010a2e299,0.0496429692882841
ad6cdd09fea09683,0.13480009980087349
fa9d2cf12e72efce,0.1286763551782872
a8ae0f9ef30ce81a,0.3187998963647664
3b234a17219db0b1,0.04110097256826496
25b24a0734045bd8,0.159199259420528
771f41a483c9f8a5,0.10229710945503162
22a6c4ec274869d7,0.11115894891474658
e48895820558223a,0.05143072518925627
02c11767f29d0426,0.021207788474210166
d686fd200c65923c,0.19061882311090636
adfe117f01ca698a,0.017828189326939883
69f3b49837e76dc6,0.0708518136520862
2e72632e2ea73631,0.0345452064817026
3207b91e24e27568,0.03994997077885065
95f22517cd16a7c2,0.06259260559326303
543936caa0e83a72,0.051509411600299454
58c5c659df736b0b,0.04109630834420064
997b65e2ca34d529,0.054194349081848885
75bd9c566434eae8,0.03834258252950959
14088d0f66d091e7,0.1728860592083553
4014d97b63499622,0.06733231224110277
f9d10471eb47111f,0.130747366357822
545fffb7628e26bd,0.02750721008555157
9c45d75bebd4d820,0.02308504274799655
f710caef77284ef1,0.1450435051317923
e4bc3c14c4f4b1a8,0.10874680285805156
392b17be6354d3a9,0.1022012025468122
9cc8d07ee090f377,0.14951269320678465
b2fbccdb690a2b84,0.10117532396212836
291257ccaccf9d11,0.11751896722662668
c9022a6ee3a5d7d8,0.034703085295515836
19a688707e160732,0.04019588141029056
84bef4f5323ebd93,0.1354374034906223
a3e5e1903e0e9682,0.06495462234596105
3b0297530613b732,0.03342622465628048
ca0fa3062d6f947a,0.13637415972714875
aba2a7eb167c6548,0.12200693145907267
7dace0a49f811059,0.11366905766422124
522ed32d9fdf2d72,0.09814966101927343
8771c418cc219aa1,0.09956881822998426
1b8f8b528f041137,0.01633101065341633
a9112add272578cc,0.08168649297702323
e722b584b816d2f4,0.12502212788925468
324dcb8fa3962b96,0.09084146588326196
ee84f939a7ab4e14,0.15741783515171262
f7a5683abeeb512e,0.052816891210631066
788dec8bb41081b9,0.03255444870413016
20880910f50c0159,0.11150355776451833
a55d2babd6ac6e05,0.0347956160598929
7c5af2b41b2f1889,0.08741889032740935
af9599e0e687edff,0.061417689100640056
96de608fb997caee,0.032222546277937934
ef99f60d68f58a7e,0.2766099656011347
59d2159096523cdb,0.25316462862483996
606abd74dcfa442e,0.16356319961604712
20fdb4917e7e9401,0.04192011083916992
a3a5ff27339bb075,0.11119793554517206
b5ecb5c63b48ec75,0.1990758267129368
0a039166594e063a,0.026581342499369064
62bfe04683f51a3c,0.09172339737028429
b430c4d5161b59db,0.15754711211504036
a385f4145be5f5d0,0.024877701089651486
904e0bfdad64bd43,0.3243722721197119
0f4074528657c491,0.15366720077398852
39e4468b2f4b7935,0.0986507774881215
9125b00413b353d6,0.02551534680342471
fafd8063bc5f5cec,0.1355252754508208
6b06401ff364064a,0.02143591660518371
e5c9addac3faca6d,0.03738795159039072
d12807d748517f6e,0.05891347140776728
828de307532bb29a,0.17287050269015425
2799da617b3128ab,0.030495118876057718
7b6d6ea6d9feff86,0.02827723158478133
0627c402fd75fb9d,0.1393616018588619
a1bb99f3b749279f,0.06691245736695027
ceac2c53c27234d5,0.021935279884740932
9b3de1b793447910,0.037517709242679685
76a426cfc81a4d2d,0.1357461253308647
abac3cc21ba1b309,0.032590698893497354
4e8b9323fa254334,0.09886355687970504
1a4205578a28486e,0.145271892547811
fa7dfc3f7d4a1344,0.14400044899635825
340b1651b36c8645,0.06595726360129214
73cf2e26157ed703,0.1349224637650492
87add43c2ce1b06e,0.1081918769108754
01717bfb5b3542c8,0.11386296961524307
70ca05c9213444aa,0.07428464450225324
0684a9a80bfd34b3,0.07226203779380856
8c2ae373e2809c29,0.05388216008279765
331341a7f1c33272,0.11174779131800978
97078c12c161c701,0.06773752666974717
4ddffb1d8861cc54,0.03380744007066267
2dbc5e3027b4817b,0.08189425875444074
8fcb717c71bb3cfc,0.04254091854318296
58ed220fa88a029b,0.026106790558689117
fcad4ebd837b0031,0.03233450649352877
0792e52fe2c9b711,0.11558104220531977
576de6970c4ba90c,0.12156367349244855
930888a00b16e315,0.10460893966321667
bb00b59f720aadc8,0.10413076421612734
05aad23e028bea27,0.07947480769381865
0ccaef7346d2eebe,0.059253408241861094
bc31c0a97c89dac1,0.12045593078142397
239478b0c695aad2,0.0722728662095296
6d59238e91d3c6d6,0.0811934936726348
02b6f6002980042e,0.11376767465325403
0164fc5fb575ee2b,0.09588944660544256
d8ba5ce01fe8a09d,0.10354231573960442
173b378df818b167,0.025399491318402957
7f5edae9b09a208c,0.10512016519026161
0b5662c2a594c20c,0.10246729417081868
55ba1dbed1a641ea,0.12283468301763167
c944ecb134192652,0.1734890171198189
3984b7d478aec2b1,0.14572903922253785
f6ff304e4f459ab4,0.17065104521395894
a49951ac9b42ceab,0.06327719820166948
4b48ddb6a65e584b,0.20688513743042158
624009526008e265,0.06285363595308067
9ca1f3fd0ed031b3,0.11168098372594053
dd7e10345355a17c,0.06800991652417028
a324ae18d57bb12f,0.14462433062239236
f3aede6892999fdd,0.056215453151270474
798f779dbd13fb6c,0.21913758716046736
21481b4c28f91b47,0.03181306220916518
8529066c088169cd,0.02712403570818968
7e93ed2093de4112,0.04608184213512586
51687c7ba8a553be,0.09370224225868488
4ad8b585409698e6,0.028013294906191335
eca2dbbd4829118c,0.14677533398303957
7a9bea3f50549e57,0.07803709861454235
e53cb4d81fe012e8,0.10235259636548548
25e3af07b73ccb43,0.060973355524468996
939b59f220b94ec8,0.05981104888039873
9618c75bab14bdc4,0.1839270931892094
2ac483615d4696d4,0.17573620612440669
b357b45b22852d5f,0.030168764693028722
eed158b983054ab2,0.033061297689607236
25b699ec3d33020b,0.2935228096335822
fabe692869cbf6a8,0.04001262889568481
e30cdc55701f891d,0.10908491175587749
4e247c59738e0754,0.09693314806404553
eb6c93bf83ef9f01,0.1220641482636337
4b2a51b89182eb2f,0.08853155194223977
920800c7a752c35e,0.027209797269865315
00e3f3638706ad20,0.08686865927188231
3b68344f608e8cf6,0.039963652179382726
bd0092d0e87dd02b,0.07081092995252987
d3020752ddea13e5,0.11667093630343219
679a41beeaebf503,0.13689190423012998
7fcec9e71dcf18cc,0.051465408168175825
735724a234bf2816,0.10725449578391062
31cdf3e24ce53af5,0.08084255425906102
58b83792be0f6321,0.15193292582297604
2a84a58cf96025f5,0.031156355238505903
9fcedeea63586bf0,0.1247358110700056
d9de7aba8c682fda,0.0262177849073761
08572215a3892815,0.05741627952402558
b488884763d551a2,0.13764753725104995
c30e80405d6e58b2,0.032016997367451415
0c86a250e70f6eb2,0.07573573779805487
a11c15fcf4597f82,0.11798348884276444
2caedcb4ee1a4103,0.25192549886303905
f91d05eaa3df539e,0.0850079776207087
8bba0a98ae140af5,0.13992664606529756
a987e81632676043,0.10666640532227885
f50807d17b5c038f,0.14340719492798573
ee12454070596716,0.10898410024000223
b6e0190c3e5766ef,0.22348500839153326
a57b30735e272a29,0.027290392521932327
ca66fe2ee058013e,0.1236370402104386
1969a8349757d32d,0.10817808697012106
a5bad4f4702eb96b,0.041337104790332084
2f4ee5ef7a9e32ab,0.1838396035585094
abb1f9350d96ed70,0.06352308584097395
8a663152856f606b,0.03678581558780494
5965e2be33eecfc3,0.0317201388956938
75414a1e69d6f205,0.07624223875364895
0d6362f82430762d,0.10921769781735642
cded8976cdbec569,0.10846866025740105
2f21d9cb88d7004a,0.1300707489078853
bd0809d01c93396d,0.185883126441258
d368fd4152e904a0,0.15968275309520033
7a088b0bef4cb74c,0.046564354729804136
dad9460a25f9913b,0.17695484401038167
50f138449e3fe2e8,0.10664403966026308
53eecae41b9614fd,0.15624928296621246
c88755b5796bc0c9,0.1556744597143479
1b2bf22690f55b23,0.061916201639966174
4c0b6078692f7c89,0.0892168355316106
d310596293c8f04c,0.09114341141160048
3a724ceda4c76f9c,0.02563551107942796
57c2219b4f1a0a5a,0.10365033879018727
6069a9ccdba45516,0.08263040272946891
504a8185dad726d7,0.10681806135981232
c950477e87d58094,0.03715572572912487
9f1e86207b2be555,0.17503209907311745
69051b19215e3e0a,0.07798156278465519
7f70b72d97083c7b,0.10535563914457487
61279ec74a6d3645,0.04636214878042411
4a35368f7daabf53,0.07446645389527398
8730f5f1237b818b,0.028838644444500156
f9492b545b552f5b,0.09766133922600444
a5e99c4117b486a0,0.05496825437755229
c10ccbadcdafc1cc,0.030886190672657104
e0d15a865fdfb988,0.03913887113752657
eb916f460ee1b545,0.07970318501068342
1b7bb61fe350c5ec,0.03869924099435602
03e5516590f20096,0.05968461894209315
18e0a9eb3145a82b,0.04824471073536909
39cab30b8f09a081,0.28678698898376326
dd47b13d3aa2de79,0.03455670490598791
6a431bf1b07deab0,0.14981056075389307
2b0db9b43f8d905b,0.09686269925100584
363b638b117d0e37,0.01660260805668177
87518c28a26f4d41,0.04359064238871139
3e73b6c86098ef20,0.1116352174583428
f7580d024f627389,0.048752471964161354
626946bf85055423,0.04111802902961948
1d4ec81574db910c,0.08612129517898204
eb3384eb6ec0ee10,0.033659230918954876
ba1a0a18164d2ed4,0.040579059655997445
8736a356e18687f9,0.06411027516741384
f66ad6f9a0d13057,0.06264888122002368
6781beeb2a94c80b,0.06695792765244345
45ec50d9e9b762dc,0.027949469673967112
f993d49be31858db,0.08498531024947888
68630d40b3d8c8a7,0.08095387452110182
790d0e863cbc896c,0.04528017674938625
6b9f40e1b5440454,0.030921365363890344
5bd12aaf1d87cfb6,0.09557138374851955
9593f8af8e49622c,0.0332141982840476
7787873ef39eb65f,0.13881489608514255
3b43be2428bd133c,0.05928222138140286
51614174133f7405,0.10469060801787126
90ef1be7933c7d32,0.05044264719846539
b9b0bc5968838ca2,0.048812769755328396
34854ac0b59be9cb,0.1168028122286794
552972fc397a3d7b,0.08327500710937223
538cce811be930f6,0.1636084069397339
3684947575a87995,0.28720705916315764
3458934dca749c27,0.09848452034117929
777593519303d6bc,0.100416732749204
c998d0d7e544f18a,0.12435280151534907
a23ad55fcdc44126,0.1278729220765714
628f59b52e0f1abb,0.18076295282383706
f55fd4a896009b37,0.04247493595586695
891966bf8125b263,0.05648157254475017
31a036f4acb27daa,0.08701973241115117
b329a2756c4e7e5c,0.030319280920801096
4abec7b3aa11b00d,0.07718589766265971
506d7e6eca5fce8a,0.04552795017704481
93767eb66242b1fc,0.16560005327074098
f07f619af08f71e3,0.2568618804873815
067779ad870efb29,0.04912348535154012
5772509431f3d5d1,0.10265846831661403
562161d24bca87e5,0.026611262036103256
f3e2eded68a25564,0.08394583340911005
4e9f50f16ba04465,0.039863243031184686
a4208a55db792b95,0.08417637046707371
9540d1c34ce10213,0.0642182772258069
3b047ea1a379c251,0.05955794186473398
90c24520deb11d2d,0.04826032057732086
174bf54853f8e212,0.06717668416589871
e32af9607e1574ac,0.029696289464804213
177d7eaf2ebe4bb3,0.025333568101254155
1d3872dea5918cf8,0.1824550300044964
b6641f418df5107a,0.08958077134994358
7b0a91f0c2754446,0.12750369522727276
3074d01b6d512da1,0.07811064689552422
a1ded8ab2ac8cbc3,0.053929273097561285
99d24231acc81bda,0.15522222807549466
ff0efc6b635f0dfe,0.053541568333213475
4b26bc2a5271e828,0.055969604005306955
323cc294321346a4,0.09339724086445077
1c5da1e20342a0bf,0.07810110471731611
4f414677966cf8e5,0.07303819758604468
a08962f7cf8ef6ea,0.21021070241550288
e6778d3ce59810c5,0.048846551595393944
944d32b8f9e9db1a,0.24499389318695627
e5c8bee2002b6ca3,0.1593886456853834
fcc9190b336ccdc9,0.03962365691697508
d8c0de2ec20dd583,0.07825467174088538
fb55a45c51379250,0.03825266847474076
d6e81f789123be62,0.06650294586668487
2653ffee6d9f5abd,0.18179549506017387
daf885e44112d6f2,0.11531714615386968
a75fbb195a5c31b4,0.3417216232776961
d6946d6a1e5de8e0,0.06393906737392852
262eea09fa9fdd15,0.02848448788470222
0661f0f9daa76a96,0.1028091600563854
3796742963319893,0.20022584781891598
b7d31b3502739b04,0.09376561580640534
ca3ab2b2441679fe,0.09032196550935435
6ff3c95261a2e60c,0.03323063067132229
296198ef516bccfc,0.02331790400329038
fd7387d23f2c2e12,0.0885061968033104
705f7c9f6f9a1ddb,0.030345966880378186
664080d9a44e09d5,0.03670366538781872
d7bfb116b3f0171e,0.08255543214331491
df7650f2e15b685c,0.09856641530187134
13d553333a49e1fc,0.0341096579803054
d60997f0da2b3161,0.028590489919236028
e3dc5b0748d9d1be,0.4117859478594754
126cc7a3354c3a59,0.06246206647404684
68c831e307f80c40,0.029755421847843314
4c10437c6f1f749e,0.35343504240443613
4de56fff18170df4,0.0455463188653595
93ee64e43ea9b0ac,0.08829980730590171
622e27b7a834d371,0.2592577242788523
8283fa9a80b68052,0.05081250667351311
3cbb48910802e9b0,0.1099508944586476
898c4451fed60e39,0.07757512129449039
560b7b7af9fe8dd1,0.0955690084947118
bcc595e893e2a797,0.06062648286608016
cb2fa098224a9f0b,0.09769491812123902
9e2a88f835bbb5df,0.11760826547681845
07e1bd9a166bc257,0.16074148090363685
10fdd890be2462d8,0.0324406171507852
34a7adccbdf4dbe6,0.1403184332635416
5dca94f6e13922ed,0.06401657874535614
be032af3265ed2f8,0.24072724623218522
afebc493854ff065,0.02350733109220297
755bf2132b96ea88,0.02512061639705268
11b6872eb913fe4d,0.026853327885701956
5a73131a74b5e6f1,0.049373139527512384
a1445f34ce4c970c,0.1363706557426502
c84303c64f096b4d,0.10422260814810265
ee5a57da13fbcab4,0.16635562928681355
9e237fe51b937f8b,0.0912501783133171
04c0ce452fa54511,0.06667280989812935
e4cc4cfb493c102c,0.11744114018928926
13ec6848e5d8c7ec,0.0573613238743857
8b117511fb3c0bb5,0.1600492847915664
45109a7dafad71a4,0.28608784325866216
be5d51769b283a70,0.15521850593318967
4b049c030fc355f2,0.08493579155304203
e1b125afa19663b9,0.07768628849004629
7f5ee99bec52fb31,0.20319682324078348
0ea477a7bb524c43,0.06388015952281376
b2ef814029a4593b,0.11637452665366949
54642bb90de7c651,0.03918851398492367
5562db51544efda6,0.08302832286635006
8c3fc61ec6b0570c,0.12099940686861659
19990ada3d732a59,0.1202298102376883
d4a097538c2270df,0.08852347597098346
a8e6780d12272bb2,0.1324520861491304
0de7c0afdf2ac64d,0.07951003656959602
ec3a682eb391eb7a,0.06565220720786652
de499b3d3aa77620,0.05749825919804782
bb95d7738f26c137,0.0641609378332808
76de6c48fb303a99,0.13641829279151926
f54db052a2c1bf61,0.1755582798443077
d2b45f024d0f9012,0.14688181789815968
26693e446f60e43c,0.06033149012467507
00fedb2a014dd220,0.06853832213943152
8b353042d65300c8,0.06641703962819427
90c55b1f3ca98c5b,0.028142389901698924
b874c35d79d74f6c,0.09395711163917424
d482eb847a0a40c6,0.05853078674330602
fc4d3a97478802f1,0.0686847353859271
0a7a2b85838db506,0.028561307786427143
c697f27fe38b040c,0.044156457376210934
a4d2009627d556d9,0.11213917303975444
1c403f2124470ed4,0.044354909492283066
33627e42df750fa3,0.026393711201445427
ba9bd925e360f225,0.06524538220963727
ea28b791d0295ad0,0.0872401384481923
d149d439304c8705,0.0327718622288033
536b709bf5515eeb,0.03486399507363266
88c0a8061e7a3795,0.11493679773990777
8764acb490f19b62,0.0389720409481405
417f76acebadcb48,0.16247417931876096
475869c5be3c507b,0.07075152279776248
3ef8009767c7fa25,0.1912723375502571
b554efed5fb706fa,0.1548501404093352
84da50183b024285,0.04128754516794031
a4b1d18f46aa981c,0.033200032360196786
9b47e555a004cdae,0.05600324455187767
ef262814960ff13f,0.10798143086363027
5c0868ac8eafc7f9,0.06298081457486689
db15a0f6f796aefc,0.025149708390404008
9e813d48e7fed678,0.09024302769189811
7e45e93f027eadd9,0.14559861632966578
bba24189518e4411,0.1519885160385999
80cba429bade3fd1,0.028362139716096902
ea2c64045d0a1c12,0.1338199667025147
6eea65bf31a2bde4,0.030925902983925502
986a532aee033e7a,0.04494792527043459
d254bc6437766f3e,0.046784808893419134
3c2c4044a5a205b7,0.0642094651904459
d1698b7f7ce2ac63,0.14955761811341903
5615043a1f36b137,0.031383782504171315
fcb9321c88377fa5,0.041108924529081284
885250c55edfcb6f,0.08817322566251866
f48232723a1bd05d,0.22204326408580224
27b4eb77530a112c,0.04437607409237582
98a1669bde0eac7b,0.21905489166035466
c85cfc3341c8708c,0.03598464168377572
8043ae38af9b3ce5,0.11367573302973673
babccd7388fd8c21,0.050075329669885725
28aeae730b623cab,0.041323612298016676
4bf1da87dd838f3f,0.027725986782797026
8da93da167404e45,0.10501286608557765
4a0a3077b5581645,0.08643591656999756
bfa2d19017923568,0.09100234491771579
5f6e00c966c5f59f,0.15843795911504854
52c9dbfce9f1b95b,0.030142031819412607
cdfc3b9f626b0845,0.11619722167452366
5e6ad4f66342dce9,0.1082640261943598
42b0a534c0da50ab,0.04355792879877521
e454a16a94a43530,0.07410893388029015
1b6c9c3629bff42e,0.16357826306931747
3d4ea2f562e04d67,0.034942471906912534
e5e88946dd245e5b,0.09014465261961578
7c08fe11ea59472e,0.11522982241821066
48716b8ef3837856,0.03463724446528605
22cb220fb3d03ef0,0.13837838699955507
ad38c3a4c4f92dd2,0.0314336502306371
439506f46710d418,0.09379869376774898
e6d46d90ae71b635,0.08465592906785761
cc306ba2474886f5,0.03162526098184362
c3dbfacba8b29888,0.042512563930161264
3349746bf536b40c,0.04748126299871238
254dff7f2f5e27da,0.03685194188832668
5f715d9d99d8aef8,0.1273410833010871
28877bba74273a2c,0.02917597071097927
0837f11e1dc53f72,0.14353340682612434
700d9c6e6406ca13,0.13138877239238447
6e0d475eeeff64fb,0.08727520255315639
36ba7c400d24c8ad,0.02779203339176778
8c371f8737f1a2dc,0.6676764789580746
163b4afe1f475ea0,0.20365415254042965
2e2c632a9af9b807,0.19099966689187506
a891091666dc0643,0.1385368135743697
a990b188a8200e9e,0.030451593890038594
e0da7835cc3694da,0.12890649127894313
6965bd28dc460b44,0.029986483947342945
84b4fd2717d4bf2c,0.04130809359701291
0544118474e570be,0.07801421768690377
2437b2d4a2e8ae82,0.34274031007859174
647299fb2ba00e43,0.032614734727970836
7372537f1eba1dab,0.13898797735926946
8854c27e996efd14,0.06748929158723489
380235b034a986da,0.17311822993621298
a2d407f16ff373fe,0.16925450971551836
0ed19a3a868aaa3c,0.05743235602442503
c173b6242dff9b1c,0.06633555308790125
2043889f64f744b8,0.1028697211875242
19989bc6ef928517,0.11918740277603561
d0665c65b0cf8d5d,0.18767709546484515
2b072792e895a81c,0.03013755357831591
c531857150c9674b,0.10246910473394337
bb56bbe97134a4d1,0.03595740193188749
3e062b6117c4918a,0.0617641704600595
a58a4c24d35bd7fa,0.12373732250247671
4ea7721e8c059b2e,0.05851805162999487
32a75809119cf7bc,0.14115899012271307
e4794a0287930fdc,0.060439572875867785
028903129d296567,0.09907568882308233
910a3bc19a45f893,0.1050643471962806
afb4e9017f94d52b,0.027615247933698805
8c75ef81ac907000,0.08978768088585776
de995213b69871cd,0.03950268983293366
593b54413b1695ee,0.11282701042096999
d68b798f72ec2a7b,0.03150366071926979
2abd97afe8848116,0.03658175304359886
b80ebde982296428,0.08760966221859667
dbe8ab13dd1f44f4,0.039907633481906936
db6b5f2104046f55,0.08390139484375657
1f67c146861efa15,0.02128853990012657
38f490199f1306b5,0.05802303600679351
dce69a47bd1feb56,0.06421042207189247
12cd790efb4486a6,0.1265750299045743
d5806dd0784560a5,0.028010132719412193
207f45be2fb83671,0.12535494411814438
848e2c11fd115b35,0.10534400744776069
0f9d093c9db25458,0.08815985117646814
13e9da15ed290868,0.08359501030346284
8c584f6c1538beaa,0.015287583392278559
5fcd3e5896568513,0.21501722607899576
aa1f013ff05a59f3,0.08185524873812881
eb2bbf6f740d132f,0.028689289741169483
51fcfaba58d7f511,0.1784964203543188
abfff37a1f178105,0.17952433502581777
918258103a71c3ab,0.04257181417023931
99beaa8c134356ed,0.10672235600996387
f3d97c979517c08d,0.12034411778702138
577a00d787373595,0.15865255463851766
d71bd663eab2681d,0.12204033668348253
3b59c956b239b3db,0.038111212581329844
9115eeed93f30a1c,0.05639774690893132
3d992bc625e7dad1,0.02719691454007754
4db07f6033192f9b,0.039464151098045484
a58a45e9afd5b405,0.11923828813416704
519774a276bdada6,0.14799039375289716
50bc50ed77a01d75,0.1025303425887647
d608451c67dc5cfb,0.06730792649018903
2856ffa4f0a1ce80,0.10298507584869598
2bdff8f74778c4ea,0.03163508931602085
068acd67c99550cd,0.13080211945499767
6123220972766a4a,0.09181523632540778
c4d534fff3fc5628,0.1011646287888434
9fc3fdf14ea045ac,0.08642593734728816
3f86edfd0be75ecf,0.06015177858549309
c36573a6175092a9,0.1313591862710197
7c4df8c2f29666ee,0.059457285143447856
3c791b72118b74a6,0.08977395827136862
747b04b604c95fc1,0.04368349649500597
e780dca0db5520a5,0.035129111371371834
af83daec6d450e57,0.08234743229821863
5d4ff9f52e2e4f34,0.14157630534657645
b2b8e551d87be54f,0.867601188011684
203b6e0e0fcaa971,0.10466112376439081
eb36b4336605a7d6,0.06790593429902589
14713adcc060333a,0.1039091474608493
251c0c9a3789eff9,0.1510937511118111
0d0e059449af50d6,0.04812312651150038
63b1850f6f5df5d3,0.052670372694770345
90ace0c383247390,0.033954920318626215
1ba1d1cb2d6d1bb9,0.070656415721277
dcb2cbe56ba92129,0.03163196036477573
88b8fdeb6d82597c,0.035596341819075374
0ccfe20a4b77ea6e,0.032255258577747754
3482a5b15357f00e,0.03284100865613057
6d71348fed8b9c4f,0.08654984569168644
f8723e3306bf7c43,0.5004913118446906
7ef77b74f9baecb6,0.046294814594472315
bc80f01834269376,0.05171406315490074
18da383af4fa3cb8,0.272357151586047
b474ff492fb9a94d,0.03688351320270851
d157b8492ffba0dc,0.035254958651246095
cbd2d4eb5123804b,0.12714539604772315
0f9515404031e965,0.047329266207335095
4f1dcb8a1669a31c,0.1505855821827409
28c27ce346a7a7b7,0.1524636398037055
58928eff8cb29089,0.0854027827181782
8069cea0e02052d2,0.03112936196435395
3b583c05db5ea4a6,0.026902417379359722
36384df41240d0c1,0.07561189080645478
15e9a245d6d06a3e,0.15446954640164245
d2dba561c29b817d,0.09446334470468071
2a507f7014709986,0.15597427535256428
a27e43abacf3b1f2,0.1784624497976933
686019b683e849d6,0.17778548848284684
9a3663eadae7822e,0.10678624476480882
f4857bb0e0b52a47,0.07321130430758586
29f988f929e638a6,0.04415903045706829
cc08f5318b40d7b5,0.046328310374645375
3aa8c59d9c5dc7ac,0.10982049526883697
eeeb124ea0b0d51f,0.07332352656495382
c422bdf822a0dc56,0.11705043177799068
98269904767a2636,0.04321973785369076
e6cbd02151c72662,0.16661213429611396
5e7bd880681d9f61,0.09674251496592264
fbe456da262eaa3b,0.11031341602267412
dfe3e7968ec080ba,0.10592388050161537
0e9ef351ddbc9ab1,0.05067613777451104
2902b3339eeca5e3,0.07985570087803164
a7137a063b883e92,0.10950595293784875
b733ad3dd8899d06,0.06294799888780456
44fe9234ab115e2f,0.28523717709133406
000b03fc8664c7d1,0.028229590979911363
9020a01496eaf633,0.11893988584173638
53b7a21b0f4cc200,0.054404470506172344
20cc306cbb1c6bcc,0.18253376184567838
debcfcb981ae0125,0.03329467688818694
802bd1039c3e6a1b,0.0314222179892695
5f5c21e0b6a4d4a7,0.048338591316313705
4e1d92bfbc009b58,0.1374326345581908
644c03f056f3bf9e,0.15401756696434196
3b4855d86d450661,0.029964916226213018
dbe1c9a9d3e563ac,0.040921466758577704
2fb49e6e63bbe8f6,0.1309985474827987
2347ddad2e1b095f,0.06720089737594914
e315a627d1ca8573,0.14319484303269914
0558a476ace81c15,0.08334776878072087
4426fc96456aa43d,0.18612648743548701
ee5092888f963b26,0.05098850462519002
57886ec9ac1bcba7,0.1875250513292137
69e1947ef1a19192,0.12726036490916678
af29d6fac97c87a3,0.05938429126588588
6952926383750b48,0.07305461173907075
b6e14b919c7ad1f2,0.05150927087727982
8d09ba7da0267580,0.1462513543952827
40e7e13ba421c25f,0.04289379818640135
c3d8677083122b80,0.1752761869827956
e41366313db49145,0.03906940085584562
ed95e31015c5959c,0.1248009057772941
64f0bef89a702494,0.0315477215687658
81918dc774b899ca,0.027184906948604298
dc9dc895fc8368b6,0.08690192914386434
ea0dcc9add9ba8c9,0.09286060406867043
c45a009981cf2faf,0.12914110483247593
ee4eee5c2cad18b3,0.05296249984518971
4b8886ccb99d4b95,0.06726053497123137
a11b7637d21059b0,0.03881031853026933
ae6bfde3685ef5dd,0.030219157182339047
095f96ba3b90f727,0.0854467496598872
c800465fabd83658,0.047539071325119996
c75993f60039bc22,0.08922286979497597
15b2e13c51d54758,0.07110179274244678
cef343af7e936391,0.08771914338200622
bb9e37137f42fad4,0.06825374911830644
b6f54b152f0f2c28,0.08173453656363065
54548a1370ae962d,0.10796965266445722
774675091e96f38e,0.03152840383603483
64db0198c907fdc5,0.038120648987721564
ee3a2eba79a61cd2,0.042165630183839065
d87ea92ca2504e8e,0.21631197742581518
493f68967d2931dd,0.11287177432400979
33c5bd3953cad989,0.07104621061388396
31719675e9834500,0.048370044498978325
283d0d3d8afdcd48,0.13781395680329386
0954b46131527b56,0.05696068980276098
c7f99cdcd74ddfb2,0.15712834874566176
89e81b0750c67025,0.1183664400099903
ef2e114a293d6051,0.042787871785844735
3eaa82eb74b0d2b9,0.24707374548830452
f115b5827c53fdae,0.19174478686028404
5b981d50572234ec,0.07775156164833784
bc2a7ac2fb6ad312,0.15358291720161213
cabb5fa14742de79,0.16658363673499685
9dcd899d3120d04e,0.031544743087936436
5bf75dc153469005,0.1038826042412017
a99c57a3cfd238a9,0.23328475380770555
7d3c73f6e6251236,0.10997611473839546
79c824cab095ef0e,0.07370938581611496
50457f03b19ce000,0.12815132055861908
72ea29c850f97747,0.06931383942068196
949aabf35ccb0c4c,0.09401052396653943
bd3b7b9b5cc3a346,0.0782896107386735
581ae7bcf533000a,0.040738846305747596
f944b728b8eb9aac,0.08785592312635443
6add937f4476df2c,0.12504485857558148
478be273b158fbf1,0.024802923931499767
43c1856ef31d1073,0.16622401028087588
8f97466fd3810c1f,0.04870552216043292
3ae22b8a964781ec,0.10564879435493695
82ba55bfceb0ffbd,0.07190971846097137
5966bfc14b304d05,0.07862640576551971
eedd90867e3cd9d4,0.019384139791063668
99db9ab5fdf84102,0.02925571152985738
6c6761878fa11c78,0.09644545689408962
731bd2e8496a9b0e,0.03045477476262633
9f1fd83e49b82f88,0.26127305115436983
51a2cc12286941ac,0.3363267214264807
7b60067efe8e7c4a,0.1738739517508612
7ba8d7a5a2f30106,0.17552576808205603
677aebcf5c57a29d,0.08240065072048268
c2e6810f10057ffc,0.06895368650925682
f770bf49e8b32f7d,0.11793753289840488
d999d97cecc80f08,0.1158787561831167
225695249568ef3d,0.20445637071659425
64c347ce204607a2,0.1440094881430934
8b972fc1665f8aff,0.04230484678210225
fd3a180f558ad235,0.12985475911696517
f24ea2f162b99780,0.1349694285340244
71edcfb193fa3be3,0.14499524677138184
4507c7c846e862ed,0.05593597235963835
ac51d145f495fdf8,0.09509295370602926
3ab5c54552e9add3,0.14486167602233757
0e545a1fa4aecf83,0.034868619658253434
19eb7f93e53f33d0,0.06513386476467563
f4653f53352a740c,0.09072841261573146
c716d718820e66c0,0.04557985492239991
a8a2778b42759e84,0.11918653008720781
d632ca08f997e38d,0.034063510742082484
47c56ea6034205ca,0.029615595922549875
f436395245784b88,0.19924332584915272
ddb7078278325022,0.045240067960441575
1c24525f31c1953f,0.13961267158791668
7c7e6ee56d6ea5c1,0.17935255227349423
0e67b9cedd55f492,0.042100468773232584
a585afa6cc802221,0.059946682342424416
132bdb2d81abf434,0.1257623431921127
cdafcf3dcd774b36,0.10825470897955063
5694f780d2c8e463,0.03790684500006709
317ba4057a04aa16,0.1650052487904297
a92ae25f2defd1f4,0.08981370719266868
ff0073be9d8669a3,0.21054326425169345
2c4d6fd16e7da4d0,0.09065490029015881
e8b93ecfcfcf69bf,0.07869081407986205
aecdf632644c9922,0.12184281380047028
0f4ac8759cecccb4,0.026059659838969754
ae0ed79b3f56091e,0.0997793487443902
492dcb545fd160e3,0.05744545989263019
b6feaae9a6963540,0.06063493365407236
10bc80bca38b6418,0.07915838450655407
d8bf52f15b58b474,0.03250481673721513
d590d13d8a0daf0a,0.09444949619604599
bafce96906ba0c73,0.05508866005521849
15a89b9d9a174795,0.06641719918311804
3c895a00e202bc6e,0.14601856363019708
62100baf87d531c1,0.11372402206495795
8ea52f2642c87cd9,0.06586415583329762
78bf3db367f46ea8,0.2373885507074441
7303626be6419b04,0.1460490551202397
86f2e3f9f88bf00e,0.1997528526289386
39921131b7d48cf3,0.155533961917883
7c06255c489ce455,0.21008659873421168
2a0f68fcd60099b6,0.1398012466744003
968f899504b28211,0.12015741760787813
98dd9df8fdcb29f4,0.0722730152287558
ed55728c47c8b666,0.04367519058610423
0e54abd540000681,0.2030488972452522
2687ae2ad26c6497,0.15402548122823526
afe3e3f4edc8f7b7,0.07102881498488424
3d8ff2a3976b69b9,0.13892390104592814
13e6deb5f77cd1f5,0.09176249582919647
8c8711be796262dc,0.05464215769480863
8eb1ab06839664b5,0.06766683062592616
dbd58b32bf776c26,0.06023499825158918
4be0c2fba004271c,0.10124966121741885
a0f6b49ec1b86bc1,0.23000988173748274
3b33e5fb16341fe1,0.10463619949089342
d39f326ae61cb937,0.01920790749205743
00e28c2a11d38c61,0.13275781485200402
a55c74a9759fd56a,0.02786835493062459
8bfd04b0788122e2,0.6731653795782107
895776a9cf9c8d43,0.07729098029519742
7ff187535e206416,0.27769771235122487
b2d991e4147a68e0,0.03660794431521191
b62ae246269c58c4,0.1587484992896181
b8af731f19b5c84d,0.021856156797248533
19f5143484b38101,0.11034767073769348
982f6a3f1bccc6d4,0.04889849757526837
2cdfb20347feec4e,0.14898544857645654
5b2d62e736467c16,0.05348816313019533
f85bf07959deae92,0.041993091536820994
8e923fa1dedcd01b,0.07545665492955944
93b3dea6a99fe31a,0.06657404530059151
8bc3af23b3d5ba85,0.04550974729728011
91db39152bd6ad50,0.29029740526824266
d911a9c74b505826,0.12600993865176677
0e53e628826772d6,0.048556627097436356
14d7b607e5e3f0cc,0.058616357661000595
f3e8e3469f0aab7b,0.03701997166198016
b9c36eb092bb275d,0.10284490060561498
9cff3e265921dfed,0.1673604673677985
585bc81acbe5b1ec,0.03050849000225937
15f8e68c7ac23dec,0.06246602531866453
a37b05bbb09f8496,0.17103030130159472
4f31f80a263d61dd,0.030682726775845954
6a3987a9bab31c44,0.031559481492934305
9f59a5ca5ae6d119,0.07286659239438821
afc6cb824b3596c7,0.0316514181845547
64dcbe6f4ac8de61,0.19364003523583484
1fcaa5c3533f63ca,0.05708333953499763
a266793e0c2619d2,0.1151301316027204
598af3378495839d,0.08012037220939368
b40ecfcda1506387,0.03556324883273369
22537a4c1f1cb22f,0.04596037819974894
8c5b78cda30c225e,0.09196994120255401
3239189122d043fe,0.0696322843443437
4b34859a41dd8627,0.06210212085250174
7577c8941b2e888b,0.03276818845220172
8ef15229dd291883,0.031220734197983605
3332780ef14cd99b,0.11129990204348901
f93d1a6ecd62d897,0.1057824962652378
9505f55ac00dbadb,0.1638568676443679
7c1831bf48bd728b,0.018971599346859946
17cf81ec2dede54e,0.136145461015488
e84c6f3155ec9762,0.5392747156638417
e894ec9e0ac2e7a5,0.16038128434170945
c307472500eaf782,0.1478396353598669
96de47679c4cb6b6,0.0370576058545938
e0dd44e7040c3168,0.08408000332333514
bd9e6bd2fcf5a54e,0.11648884651544882
0382e0d155285962,0.08024268800267631
509eccae9abde09a,0.15400410858380714
f2147e0be04acf5c,0.1181421434059412
f3a6b01cc0938196,0.1228505629120941
c1956069b7309004,0.047938920782652474
2292dd5e617286e5,0.08511211622128745
3644d81639ce9f29,0.16878098608933512
4a5bf3e5c85dbfe9,0.03543005320925237
095a4f241c64795f,0.20745976202702432
aa45545b6df75be3,0.1295400097473092
ffda21a7e2973492,0.11666659857393968
662adc1ed3e8fd43,0.07408132718637164
218ae6cc5968ab6e,0.21014651824676198
316379f30810e1c6,0.07833362244933129
eef8a37b8fe20ec4,0.39942628068097735
d9a0aead3407db9e,0.10877455554232739
f0c65e7320950a84,0.1045143976030349
4625132a59dcda74,0.28760623072799657
ab1c8b0c3967b656,0.25431446250129824
f00224def382933b,0.09515262393130851
090051f10ebcb768,0.06584982521710202
2a0c37f157e82f1b,0.13683496091433722
61914ca3afe42c15,0.044848023001576365
a9fc0e9ff5b0e706,0.04674299279653458
f548f7ed3074067e,0.05974275534716338
9aec70578372daed,0.03715334192191904
fbb0734a4e985290,0.03299879689149191
a8cd11786e7fe2b1,0.08448227827853354
6a4338f210f336ad,0.049497112936039755
cdb63c81014bd072,0.058272564998521015
2c5a98b60450efca,0.06483154351779917
2337a75838293036,0.033740519193832835
a0ed386ea018cce6,0.07990833975915103
db76609f02b3bb31,0.10387830070343716
597bd387a63987b9,0.1735485239100977
bc7571c47a54ce9b,0.060552081172673015
547510d3ce221301,0.09885233617601974
8e84181f60b3ec91,0.06442031422698381
13880ba898b8f597,0.2984790049692707
9ee1fb0201512e8b,0.1771986532638461
48aefa3d80da5764,0.062472065804081885
498d517a667856a7,0.08842232191982545
f07b0e35881505f2,0.04802956196210609
1df225f3addcce26,0.03239009188821699
84a772cbe6d216a1,0.055680024892527324
f0e4a70f82f01004,0.10398663806291979
3b639af3777f4c39,0.027221953313657555
b9f77a4295400abe,0.02554598538412442
7d646e2fd78953af,0.028936898812456636
4127b246e0beff6c,0.03252064336002545
2321d1fdb21c809d,0.05207142021866571
9936f8d7184f5e10,0.027244360002349283
e2e9ef0520d08656,0.032607781179794244
0aa9b948dc8766c5,0.041561628281333016
d96df85b5160b1a8,0.05252022266845735
3bef9584524abbef,0.11561998163597768
806989faeae50571,0.025447357839459634
6fedd263e1290110,0.1380006768183281
5762314e60a560e2,0.21136991007876116
748cd550549c514c,0.07291143049957845
58a8e997e2757de6,0.029825834293259402
c13887db4b2ded8d,0.11600229443086274
eba0106899e8fdf1,0.15014720136115006
a947c7f89cb176bf,0.19780924705938344
4ac4a17692a2a70b,0.0544384693336491
2fa4409e1b6a3d85,0.17842134285426037
a783eca691369f3a,0.08380978012103467
e6e45dc137aa0511,0.03237921460795221
c589fb4e517e579b,0.09451027495275031
0535f48557a68402,0.10851813923256771
48e423add1624f2d,0.1293027617513602
d20110b1a6f20e55,0.036198673873792574
739f7cc76c78d0bb,0.16418885529979269
2d439083c11f62ae,0.11969641727022955
0c74bc780e465296,0.03875059208163911
52294576789c8ec1,0.0941204742028568
99b2421c51d37084,0.03348987142416918
de49e465a4c970c4,0.25684098799811
4c88fb93b8d12270,0.030863737499539745
dcce15e3b59d9796,0.035576471583169324
b8e0e09067432f1c,0.19359005078954297
962f882f18c11d46,0.057534365514728514
34753ee28116af4d,0.10432991649206776
7c71a6fe87ccd6e2,0.03203008798253202
7ff97e6a175132ea,0.10045669594158661
d84022bd67943384,0.11217314846362181
c270a677c7614aa6,0.07512373211830238
1266e1b58e87a761,0.12764267977124197
9fc631524aa3372e,0.041068034556854205
88da969d80daabce,0.11559725512592861
9c5cf1807334358b,0.056622571099437906
0e5706f9560fdbf7,0.06622378819365547
d9db7cf658a35e31,0.20674287352085938
38bb0629e63b6590,0.14609432224032345
726236f75c9de724,0.10254067727155498
47ff559912cb3714,0.045901884357411084
bd567ce69cb8cb62,0.0438282211469597
6b7338c16e1db627,0.02734015977949888
2e47f13eecf939c0,0.058099151434534396
7e001225afcdc58c,0.14466486191218506
b0ba287dc9f94b2c,0.12949394405740933
07be300260466f0d,0.03797130926920812
49e2abe2ca234745,0.16995216408134403
bf163922b4b12745,0.14363835963721705
aef9d385e9ff8518,0.17545057359542796
3e364e82bc780650,0.19705911343023005
393a9aece2867c5d,0.060565974045509
b0519105b55d4bc5,0.13856949152138595
c5a4b1418dc4e412,0.11251153561882847
ae000e40b4cdbc49,0.052665807616015275
bdb4932474ae13dc,0.189210944552524
54ab20f1339d0955,0.06259393194801699
bb6cce3b0b6744fe,0.04107285735012162
0d04ac4d48d1e700,0.2149616026880148
6e3f51731aaa2c77,0.07076972728804952
783b7b163b234e5e,0.11381273409243821
bb6501e8f6ab95a2,0.03362475943519203
e5f20b7a540b7472,0.061722554849630774
726e2ec81830f724,0.28048234886915085
e8dc50204900e975,0.03293368264179536
1334006b9c4f4ffd,0.19628895669337285
3553330b5c7e6092,0.08987658102762236
e1a3e161c8b2e221,0.06942137376676305
44e747740cb4260b,0.026601867003577376
00202304b4481207,0.13751605269621575
931eab5e85d6e3fc,0.029718550488419832
e4b8ca3da3eff8e6,0.04854059424178686
103e5a44f9c30ed7,0.07700472064808435
448d40536e9c5670,0.061256722421188375
1b4d4b42760e781e,0.2869739537188823
e0b110d4f6844bbb,0.11519684783958069
0d928dd7f13b92dc,0.11719041129422408
1bf6e2dae324cf0e,0.10829625327966567
b2a17e2a9337f111,0.23918689078291902
564d7ef8fb681d94,0.0509557152990933
a2088d882fb6d77d,0.18463313624998942
3fe22caa380445a9,0.09660666864694752
2b3c171024a98155,0.29267371417649485
2014d23cd7792183,0.12496555607429484
fc996643d63f02d7,0.039921676717686656
c8d5c605e447f4fd,0.0694163786865618
634298df42266b22,0.036420411719636135
5c8cbaf8b4d39f57,0.232723175725725
a688ddfeb76eb78c,0.16683111131087525
85a12cd29f47007e,0.03477559113179269
a5e1a3f8e312e1a0,0.024476137999483037
29e076c93c2b7fab,0.14632038445814607
71b7b90e9a0b70ae,0.12313156483642436
11583aaab15330e4,0.023915861551077694
5b34705855c1c880,0.08934188086578998
26361ce2a06897d2,0.041165580532662706
2be888bcb74be336,0.05631735718236459
fd96abe884c43d6c,0.14738513466960135
165fc0b6a160dbd9,0.1985273446526384
b8c8c114a79ff453,0.033127540871080934
e22746fcf084642c,0.02702357255353699
3fc60942cef4b9f8,0.158316967433943
c78a85aab85debf8,0.09976931799178511
9c2166227724c80c,0.029565004579034337
e0291b12205c2c68,0.16215528203260898
307b5de4b89748c8,0.02794357513728744
b83469a7d7ed138a,0.13866574828518025
4726c5e084cb6f1c,0.10489464003599253
33795c308f648269,0.280866679357724
d44b56532551df1f,0.1407120725393686
7db689f550f62666,0.06461101819272938
c64b1df6de24f982,0.035697910703818204
d9685a6aeee511e7,0.04345495204990818
2c867c13048a2311,0.1617931080336002
b3f36f5f67857959,0.07724805185419203
c8dbafacc0fb77d3,0.07809489290213052
3a1b2137777bcba5,0.029412558728412672
c9627e77fcbdd360,0.11782198825799928
cf4f6641c91382ed,0.07650447600547261
fb519c3fdb753245,0.17305854536299659
035449e62c90677f,0.08943698769755447
5201d1bc5a7cf0ef,0.08354940764194552
01ef09b451cbddb0,0.0714552324564209
b98e367af7c0158c,0.036820319897869304
bec6844244ad0aa4,0.08252002819608009
ed82262b135c6e4f,0.1325908682376308
67637bf7061cb7b0,0.032689889567217134
96ef8b85b60392d5,0.1409091336890745
fc1b0a61b9dd082c,0.21841358277325806
c408b4beae948cc1,0.054221739765909126
f26323206d284ed1,0.08443836860409372
9214caa6c1a0dc02,0.04334291362397683
591a28a3c195b6f1,0.14049241197093798
9cd8a8ffb7a9e96e,0.032645414966913526
7ce580a49450111c,0.043959278627020947
abccd8c43775abd4,0.038572171309493614
5c6acd44464d3db3,0.24762203990253626
b0e58b3d4a2a773c,0.1991157941558637
eff75fe4ffdcb49f,0.14908061639369208
06ac1908fb89960e,0.1521852205907733
6e61df7259588c80,0.3712134592433869
87752778bf4206ba,0.09415212825589347
2fecec0b55303222,0.05926171557298184
d57c0fad9eabe24a,0.16006940606377298
93cc7546b8c345e6,0.23769238724993033
eb76de6938c4c38e,0.09625065441157925
0e733a579e63472e,0.044152802768377714
e7dff8305acefcd5,0.04874001494885777
23423479e34fc441,0.16741385150506324
3f66f582c2bdc24a,0.06913768906410117
d312e4d7fce5fa01,0.09550526047457204
c04cd9fa54077b8e,0.05672126867254031
04b68ab2f6458e33,0.07257390588047653
35665b0fc6847811,0.11966418980530674
9028f284365c7863,0.06574748560701708
fa23926a88284b39,0.29217675872084614
ff5e27f506ba1ffc,0.1022001554924827
e6a04e92205e9e33,0.13523950600520995
934c2e26775faaec,0.03674100691961817
35403697fd72709d,0.06926783906617688
fdc814fd85f237e4,0.13112194954133255
bf4ee2f20859884d,0.04189656310088339
d2d10af48a354c4a,0.08465681701948831
a38e463e1b086d42,0.14498940698987514
ba49ce0117002110,0.0662363723610917
d5393f1776772d2b,0.08155309062476702
80a6b6e9f65aa3ae,0.09690944919232136
d84698a77b768899,0.03126961712585277
8d09ae0709d01465,0.16681869979213781
0ac53b64e16a0efa,0.3902766433083165
a632a91a07ac8406,0.10261493090941647
1f2437c787ad39e6,0.15015638213027782
beb116a0a3ad4f5d,0.1447165522539905
c38f343ecf8e9527,0.04446874510083465
d04bd8d61ac99c5e,0.0528569360374021
6a279faa81d0684e,0.07094655689173333
1b49b1154407ea05,0.10744183413386142
b71746f211be0a24,0.023783707461985836
bbe0b7fa6d60f17d,0.15044230171659642
c9117e785fa1cd68,0.02796237212278462
a700a6b3a689a18f,0.06350859594415444
d998a004d828aadf,0.17147982443689602
54cfb8bb56897eb5,0.14886667435210946
bafd504785d302a8,0.21093882479300294
3f45db97b95a3352,0.04908425260662632
2364a75ca729f899,0.166842900236179
9387acf4770f549f,0.12254515517372794
a434422326289b00,0.022500779462124126
8bbcd05afad8573e,0.18680930262340714
82fc48f10b8d7cc9,0.0396957102827731
65dd24b31c0c4067,0.0979806172140546
b25ccb8b682acbeb,0.1077158901887959
291117008b4408ee,0.10011888211258997
aae3422dfbb55bf7,0.10172834589647688
d436224afb38b7e2,0.07999853112032658
1287c0ffa2f14635,0.06307693694514367
4feb7edca163def2,0.17871035797332224
00df2416e72cdbc8,0.049828499631272366
e51c757048ea36b0,0.04848890689435298
59e45992c3fccfa8,0.1530352232521782
7b44475e4e2e3b92,0.13441419252921682
be457ea8112e2391,0.08623446117243101
1e4fd1293a611d2f,0.13319608231299226
343371989bd61c74,0.10923996557122574
6bb985812e990044,0.055650466252803975
c0be9996bfb5270b,0.05989541498707333
bb367ec1a239b8c8,0.08523610790030565
91fc9ee0920431a2,0.030332455910347566
82f2985fe6157914,0.047074547949149115
eaad7a9709bacd50,0.08264214820584624
1bb729bdda8eab4b,0.029098807784393388
35320f198f2157d7,0.03679384478105736
74cd9018fd2aa194,0.07117785382683625
fd091b5e49f8138b,0.09352968658308669
917e088d530b042e,0.1565746843567078
b0e606a7344aea7b,0.09954233508267557
c220230ca6b46d2e,0.06580997155808196
2174f0850e20c2b1,0.032737234048718124
3bfea4a031f46e50,0.036802775896127876
22199945c8b6f01d,0.14200832188195708
efd4e993a8d94f5e,0.06394492270380028
acad3b0b2e72b212,0.08631221378784289
1a33438ea9b6ba09,0.08696147490744721
c9a22295bdb2b49c,0.26479468968035674
0a24b5a0c164f36d,0.0638229006691532
12b662eae7ad89fd,0.06642209680511871
788a4a1a340ccebd,0.15721938698233998
0b6ebec97e53c571,0.06878149226070934
be4269de80d8b34b,0.23305605476702676
ae99dff2a596c7fd,0.13703504093756932
1cc563af87248566,0.11506414284306694
95b03e2a8add3a08,0.06331748729708479
bde7f9ddcf827170,0.033466758935642354
e24c4af855561b6d,0.06825971437643517
a1ef8a44aeab6af5,0.2868367219242746
2bf2e0d5f713e9ea,0.027283337545478487
6585c55605f3d692,0.11903245706298148
4a44bfcf3c8bea26,0.02732583819609243
78a21d5aa40bf4bd,0.056836463086458455
d208a68d90d83d1b,0.08458277927056763
fabf07be02cadf0d,0.14105686398594797
3fc8a4ec51114a77,0.11270470322898445
d8da2f9a640f4e03,0.11385481800077692
f7a8212a941af65b,0.016944413671136794
836c933a5cb4ecbc,0.1245357617842597
e292f252eebf817f,0.10313859850689257
ae7e8b931e0ade53,0.16605240874292285
c937062a293ea0e5,0.11413728863304684
673793020f42eaf0,0.037307402550222295
531a753aa5a10879,0.0417240264224585
65613b893147c771,0.12451681502112988
a3609d34533ca6b4,0.11515578442633483
c9eecf5329211123,0.48559507735267865
4e6d4f733588a212,0.11582751847002314
95e0d5ddca2118d4,0.35064352162137435
4b071534952c920b,0.07105630342427773
f333221664eda263,0.045651883118946614
8627e41026f74eaa,0.12691338360821044
789f4695cdd6a417,0.08567376938317413
908034eabc372b99,0.047474513868497194
984bfa387795ef76,0.15177447364020172
91c8e8e6f637fb1f,0.09806926011272542
363aeba9c072e960,0.14073969691515145
5cd6915b98d723ff,0.09071084505236056
20f027368dbc60fa,0.02749525806215233
a58841827e8017bb,0.04651394584649604
ad9e6a299aee4827,0.10106903244615474
fad46bf569ac7443,0.06773759733666218
0bdec115af64e996,0.10733840775002101
e78e15a02aa6163b,0.2968689249437359
94c1b40d53f1c78b,0.07990332357199731
c1dee5b6d55fd7c1,0.24824580290028533
502f0c8494138feb,0.026508499412198752
316c5e9c86bbb645,0.04633655683252184
c5624991cdcf670d,0.04399135784859468
e000077bf8c8b49b,0.11301223514322754
9a36d5ad49081233,0.028470792183529204
e4ac16a92daba7e8,0.11102199363487768
caf1ce5141ffb34e,0.025931672578383736
d07bf091bf998e0c,0.0841004937053799
f230be64e9f003ae,0.1513416033993029
fcfe55e0768ab257,0.04269538994872057
ad04ef9c94f25ea7,0.0433001758350445
b6c3dc163008115f,0.055401676271160966
2a0af6ff3489e003,0.08926013720047721
5c098958dc2a26c1,0.031439674724601574
a802f6f7cd6d7b2d,0.07183627938420999
f0897866ed523f60,0.20862746526611317
3c1071f1773cc7f2,0.021596646492646646
5fb77ed43c58e517,0.04467659483278031
3fbcf72648af3500,0.04746693993530222
64964fe3e34849fb,0.05218329711540154
3d3b19b2da76dc78,0.14158414667993094
69eb4e47c0f3104f,0.1311603265373087
1b55daf09e9f129f,0.05764215393207312
853fa0b67eda4e6c,0.041171776446332055
636b3bfe96c8c67a,0.06971911191167447
51b24fbdde490535,0.04694961350658778
b80f84359d81c98d,0.12411423100636226
a865666aeb2b82d1,0.025982033340907294
08fd3d5f06273089,0.027493638269221136
cdac52f8c24b9616,0.1634033219610576
bdc841da585c4a1d,0.18230477695519967
8858154c3efe65ff,0.09324689282577214
29f989d45429b9ee,0.11563120294774225
b97dff4909968aa8,0.027142141988413877
69c86328a89e4898,0.03335548923518898
2d50759601edb9c3,0.14016601543301907
134be78ce02d48e1,0.10355461325079363
53b540f7c8d16cfe,0.02343899097797732
76d2e83b30cca3f9,0.0665111815362305
062167d4ccf76346,0.13809300477758674
84cc2a48661e807d,0.04326030996109851
60f1e251520005f8,0.10408136306822087
781115a32396b4cb,0.05141205172888058
4c1e17c82f4cc326,0.19861576408883297
b602ad5debd51028,0.11994381059176824
4d9da053a872a970,0.1197934108230669
95f7ebe4304bd2e4,0.2230214726639358
67a8207cfef9f011,0.5166694673462268
b1c3468185b9514e,0.12276531633981945
f80ccd7ace26ae4d,0.6817931268915262
3ac147039aaf4499,0.043868963240533576
fe5cd175ea7fc09b,0.03560046485612872
9026d2936cf2bda8,0.13656013933642655
a4b0e01784fc7cf8,0.1372675261918266
43c462b48d97dd20,0.11539803250901369
e36d0189d20a7617,0.0649313792198807
43c3586991f4b403,0.05002298798756544
009e48f2b32be557,0.03036459494391956
a1689ef168f2f333,0.1846031086434973
dc310fc66470ab07,0.08302347727778091
bc654d187751fe04,0.07569866504562271
247e62af046a99a5,0.08118476808245648
48f2f9556bb2ad1c,0.09171847026963074
e604b921624a200f,0.1515699871367581
e46765e152f7daef,0.1118053302948514
3d183f0c812b6d09,0.11625536861503387
3a7275f9aeda8305,0.023008916563951487
1d994aeb47ff952e,0.06212186270636933
75dd9cd1bcd35d05,0.03083062795318552
a976b4932381b300,0.02615367148002501
da2e39ced8c0afd6,0.034667135296680494
c77fd47bb1683f58,0.12233525385821549
ceeddee046f39ae0,0.028765331550677994
cc50dd12d1f23bac,0.0744612885009721
8b73f447d60fc992,0.10013436087783874
dba1029662f0c412,0.07227904530620081
ab65e0876504bba1,0.11385998590165898
00754e6b5a7298f1,0.04510509913478907
082f192c053e5283,0.03487208477163154
4cee8c7c13d1afe2,0.09345615393502422
9ea9e3c8cb3df9aa,0.04449821363456762
2caa75dd78c01d17,0.1898223608816243
42ca39ab5466bd19,0.23822591489646125
939ed128e268f834,0.04201528862224716
e452cd65ed19c900,0.1399509512010475
e5ee2d79d0c49d1d,0.22028882214644777
ce0d423deb82f2f5,0.04966118022373267
3c30319ed1684972,0.10424569431954821
18968bda98628242,0.1501007308021294
9566631a173d48de,0.15599103604510356
01d78d3ab164da20,0.04690353700818522
7245800926a4112f,0.1168356954510128
3fffc62471c1f18a,0.21548962908850391
3b530b29e9f5617f,0.12406218199049784
65305594301ba50f,0.1637272483637501
593ee003a4981c15,0.0753553406496259
f79985b30220adb1,0.11563855826255766
60dd8dcd3a1d1839,0.14411790654857445
288aaae44688b015,0.12058423302326156
8a16369cb4554d3e,0.06523267175616758
4e49cf49f79e1181,0.17763733877481536
1a6026c94f49058a,0.06096957081055834
8c29813aa363f889,0.08331964855072944
5fcc5826d5f8db34,0.1252698042032527
b002c58138c724fb,0.03576333499496101
62a918db11ef3076,0.2925394705930484
8fb91f382ae2782d,0.2477179300578376
af730eb0035cf0d3,0.2138095279690065
546fef357d2bcd57,0.16226980722329207
c6129c4b99d7f4c6,0.0894841339900519
7596069ac38eadb8,0.060240531951212394
9560c8310cf23dab,0.02231338286774608
ca1acdabe94e042f,0.09713231251780047
521f9d2193473fd0,0.06296663193955296
617eda3b96abb577,0.06099056727002208
8d735b59dd0a4270,0.18742964411580573
1b405139fc287a40,0.04935468057662335
e621733719a2d775,0.14905534962199948
95f4b0d76e779b43,0.1176023529581589
bd6a23cab176ffec,0.0341720098201175
3c5fadc2c957c7ce,0.18163676605721166
37cae1b2dd3c1330,0.09854646915790959
0fc2ffbd9370b121,0.09778360740983721
b31de0d8e304eeab,0.13679198310368498
5738bf5ea59fcb0a,0.13988041488502376
402c7edae37bcf39,0.10769573016188054
1d79e32040c6b05f,0.2486820903478799
bf493f6f4a48b2ff,0.039799006358540105
8530681352913ce0,0.03531324060754939
c79cb0e184ac42c1,0.0535449172869036
32ecd92eb352979d,0.12833615840774082
c9a54261284070bb,0.03072704152737274
e6c2ba81e397e33d,0.05201625112170402
955bdf4fc9420404,0.06598262548705902
b180a78e50608ab9,0.1257456024266528
69484ff0bdf4b104,0.13374522547891918
8d62a01ddfa11fe9,0.14200706768405444
12c3df9b72ef96e5,0.04241165025447911
12ccc513557a0656,0.0749754174857568
2aaa9bc35f4acee2,0.4370717843864364
e31d14248a98a72e,0.11613713813854332
1058c1f47fca2b81,0.05094579965116883
02ab14036929f70f,0.07945524764121993
6880fd1518aecd04,0.07752812863857222
580068eee74ae5d6,0.030426787276403616
fedf1e1bd320672b,0.0704040221036057
d47c1d43f9dbdf92,0.05660080651468468
8a7fa6c84cb2b0fe,0.09291118760726487
089bead0dc0d7c16,0.08416499635327489
3f12eac5d776ac9b,0.06678259700217797
2b55254bb421a326,0.10092524680456809
16721efb42f49e40,0.1725416677146792
87ada6cbd040d527,0.09882306523552953
c5c4d8e14015f4e3,0.09626330947962096
5d499b0e085f025c,0.14159577222351347
183039182079fa48,0.15247926882232063
05d6c8a5d3db19c4,0.1844005158765655
4477fb4e0a476ae4,0.12056751381992765
3965182266dda565,0.08620787756017634
72bafef29554438a,0.09986908416085272
1b31f23c3e55dcb7,0.14161228039692497
66c42c9008125f10,0.1077133748285818
5bf14b82c919f706,0.10552813048084236
2c7401c2798c92bd,0.05308938533181917
4adf517216b1dd47,0.029609318068244222
26348c70727fc713,0.1846950550284153
82c1c6b9b0ad498d,0.10563434358261033
1365ca92c2e04031,0.04735983433162546
9edbc98e397ab4c2,0.0632777317948757
1059c066d6e0626d,0.028198471831746477
af993cc3ac374b83,0.04892526247965112
f32194afe634dbba,0.14353242706637534
29de97ac80feb956,0.09452141812914865
e5fb185d8c6181d7,0.07175110447237343
632347c0452d889a,0.1866428419103069
35ad7b818afa2cc9,0.18410676808039014
0e9b47d072e9f5d9,0.09704801891045467
4b2ee7a5a4d7d797,0.12351889143614118
793b579534d59c3e,0.0711379766621393
3b23c46e8aebaa25,0.10323471076395657
f68b741461469ae2,0.029454506767544093
79e144db8265864c,0.027704886622514174
09c4fd90bed2d748,0.134231861759018
2215efb176105acd,0.14189158849360375
b4a9877c6c234878,0.08962758961891144
529f75ff399c033b,0.16471825609273485
ad20741d26dac628,0.21617243296076705
abee4fe9fcb49deb,0.03571683734325535
80bf7ea1dfa6b569,0.12650670171685177
7d637676608f51cb,0.04493084045258446
79855154621f663c,0.03353790195154013
db630a696b94324c,0.060491604824442304
2c87f55f1bd853bf,0.034543862392143874
05466a89f589fe04,0.42362624636529844
073f9b06f7bf95f5,0.03699475614585931
d8c52af1d9a0ab94,0.03476357955352118
170df691b9758d76,0.12888872020766673
098c223fa7ac1f73,0.10271844985864127
947d4f80370f0b58,0.06709420243345343
66196fa0af9abe3f,0.13727552309901606
356513b3059ae50f,0.12501398767890046
a951ca23d4bdcc33,0.13026856082926272
defaffd4e20a4c47,0.03712484582419033
9aeb8ce75c56fcce,0.03944234593019857
0e52e6d570d8f008,0.03666908370225387
d177a330dadb2707,0.029929085916149133
4acf903d98d08aa8,0.2428383135279282
673bd4205f6635b8,0.1324872670460542
17b635201a20862b,0.07771191209988193
e31cdafcb4337eef,0.03580489430088252
2f57ad23a2ad21f5,0.13652839315305124
8c76f3fa81c149a4,0.060674423344146446
7448092b980edcbb,0.12747857472881574
cc3891e28dd031fb,0.040483931378620656
05d416ef906cddf6,0.041092094101006754
d5cdb3c4f4965afa,0.042356420297877534
bc40575e98475699,0.05301320256867905
7227a9d91f309e1e,0.07252241129137361
f83295ed727a429c,0.03607321496532396
44f16ce1d7899c02,0.03514147409166341
219b4d22a5bcceb7,0.031347407504080965
5684d434bf545e82,0.03251084353830396
03d5ff6b9db6a1ce,0.10018146014963542
c402ad00c62dd803,0.047890960792886426
d384f2bb50d7321e,0.102256807917731
865ca8dbe8ae9927,0.07007379898315362
0cfaded78f4c55c4,0.12166143716251665
c1f9c03f1f673cb2,0.12860564635473212
80784aef1b00a337,0.1423558843763119
2cc7c6c16592cbf5,0.05775148562762487
f816697d9e23576b,0.05401055420323723
e0a3063ee410875f,0.058717958822284914
187c083474d62911,0.06940485122440347
32fe8606c8a5cb67,0.1577870723710468
e3b603a450f69271,0.05273973817448826
13ea25fe500d74e1,0.0780226472533432
3465f2b92e5411a4,0.03148542770104939
f84c04deab8f0a53,0.16731459169937635
ce64b825ce5f48e0,0.035004561895956667
a03d161faa6231d7,0.03414031791064567
7b73399454d06d9d,0.041966051250768216
726ce1fc6c05064c,0.10668931124224384
0e660e2441745329,0.1281233029278758
d4373d25e109dcb5,0.18907012003530957
6c8ad2f1018079fb,0.02596216672231134
485cc002fda9b938,0.027427584330078095
840b1b00c51f87cb,0.021943166052188986
e7c9e19e247f843b,0.07394150992745355
4f97589fa05c40f1,0.15672888578126634
41919c492d55190b,0.11880497206984682
8fc6cb3936ed4ac6,0.0883605612618547
75e3076bf4b29ba8,0.04439738289214909
8357351f6977683d,0.103943175619938
1a6590aa6c3d2a06,0.14102584836628254
6b0dae5047e0ba12,0.1044978300539835
6f8bc4fa3d91a3dc,0.08017485298577244
e4aecbadc139b9ec,0.06373178915789288
7616bb2872e18231,0.11680716368600526
f97102e411194f18,0.04486259298345261
4f25e4f4959ce4e1,0.0824806353097374
46d34ae6f3e900ba,0.07541375478844987
73e3288eeb552e3f,0.03550567448904852
e7010fbb2150676d,0.07417334650918014
cc2c1c680ac82832,0.022046272854626178
d025b02417a63fbb,0.08544715198942099
08070948781ecfb5,0.05328389963743565
2bdbf073750d4864,0.09110438303443003
2783928eaba81305,0.13830435372579827
51bcbc84c0f437ad,0.03829579694793805
dbecf7b9325b78d3,0.18032776441279927
39b3096dbfceade4,0.07310130672884942
4299599a54525066,0.15862218937312866
ccd92654fb1f721f,0.3077040380020345
ee1170819ca7d594,0.03092333842826307
c30ab4f74d33afa9,0.028993721694387697
40f10fad12afb51f,0.0808284387987757
f4e63fba51ec3896,0.16466579548390822
60ad4f8eda2cf6d5,0.18779545006100082
4dfcb17aa4236952,0.10158326741134314
2e54d9b1b4e00337,0.06846292683789641
47a9e135733c2ab4,0.07122986082958101
4b3c22d3da587d59,0.09891525018701434
ef89abef9807c003,0.04961672827590918
e7530eb737c85931,0.059188383108363135
dea26fe32dbe26a7,0.09794047823029368
08133a148f3d4ed6,0.10392898505397992
d39b177320bf091f,0.11373652828119322
c2eeafe05948ccae,0.10554225275263268
73c8d1e2bc9f517f,0.05381739182142519
0dd4da33e5e18c44,0.10882958454329089
25e076876a1fb6c3,0.14392452899960836
873d0ca47a7ce61e,0.11147648569804214
930d090798b9ad8e,0.10660704647290148
98e38baebfb97bcd,0.1322189856731404
9c779fba6fe0839e,0.032795295742156096
5bb1f9fc76a02c1b,0.07168941413114537
f83de39c4e518f6b,0.20500734175122823
10bbab1f08d2e6c2,0.030827252238245145
ffe63eebf605244b,0.4720768860131928
1e55e67dbb9fa1ef,0.06698152822772342
e53426cca968ebd9,0.13853371464998263
51bba86dd8aaec50,0.1513044674002967
582102afed3c818c,0.04536578142998313
b280a8fb8ffb9bf1,0.0938449657334486
e8e7ee8589574a45,0.05193274320074239
228ac1a17bade85a,0.07533754327057714
2bb37b0ac11a0c2b,0.13783311011373733
5588a1f5d8da9c77,0.04461158735274567
a46d657f4c9bc8ca,0.11394159315071202
7373ad47c61f558c,0.18479400751383568
0f1fcadf13eee28b,0.11275980186417754
1f8603bf90774382,0.3268073984440698
b0dc746e7f7ac87b,0.06540830036758076
82107223b7ff9788,0.1127529897933786
a38cbc0aecaa644c,0.07225437014912534
61dbaab39e7dbc01,0.030322181560705777
85064aac24d665cd,0.03144170655380174
48be998c9a3000d0,0.06897604349763141
26b2daccb2b045e0,0.24061461547767893
95198d21e3fae237,0.04969230976685796
b2a2d7a18404d7a4,0.12560319371515113
6b178de020b8598f,0.05400219767398235
38c1b19633279892,0.11996555420542299
186d5468edde7455,0.1795288785442342
4f33d36d7b629852,0.07511846614731975
b955eeaecbe25ef7,0.134638238540574
39ad39dbe012b34a,0.2737624923427672
929e8e2af2403da0,0.06095901194131518
fa22cc093dcf1822,0.03528039344172332
f56ff6b1c2817475,0.04020259472170264
56b30f44349ddb92,0.07747586377639433
617dd77adea9e711,0.08759208649906193
4cd7a91de7bacdd1,0.09832993317856198
c07844f4e94ce116,0.2648019811026164
692bbfe3fde429f2,0.23333515874118516
6e8117bf11d2b904,0.05467731622281161
27efca94126fb8ff,0.04594971790687088
4d2a406b540c41f9,0.18872501334267966
5ca9c8756c163b0e,0.05248868733331938
c10aad8b54af6017,0.10941202762327652
60798b007f7b4637,0.07366581383401945
805031b5ab834e54,0.07369687953194047
fea6be92744b0c40,0.201386717816205
284e4bea4a96494c,0.0644250859769561
4db0c35a634d4fb9,0.038479795628642226
351dca6bfd544a21,0.17251184075748624
c36cc7323d4f4de5,0.12953989321644535
78c350098097af6d,0.022565808687159534
1404eca61a3105b6,0.0404813526728812
2472a09a3e602f48,0.12466066230506768
5f9d50958df392e6,0.36584066822794475
ab8fde4ac70ac766,0.25347176758040285
6649908e57ee98c0,0.025655269018831528
6f6b426a42753b8f,0.060145859171442995
9f89dd1b9ea145e9,0.1347408955089612
d56cce1c1c4c9780,0.051264720945600216
fd794932c3ad58d3,0.026014692504165233
901c8562d025f79d,0.04871465843206191
2460966f3ca7d3bd,0.11272227743809321
41c6149d1848cad1,0.06883972233119619
2c948ba95eb3128a,0.15673135372410144
0263f07afc6e71f9,0.04076223393506764
59520bb39396ae13,0.12157696176806705
096e1b740c779095,0.08879675354377953
13bcd446b5b75780,0.02778755725869894
82652e7aaa1e423f,0.031532489935394266
b4c2a047510b1d1d,0.031226773486043403
8e95fe1172cfd49b,0.08231039228508129
8b3b319f1bf34127,0.15298572085748263
8e876b9274c5930f,0.0365121390668721
74c8dbccca14e4c9,0.1901051484312817
a13d2861af1b8b95,0.12452756620645343
3d0443784b9008d8,0.10451023411163247
30a6c22faea5d219,0.14199752293201953
8ccaf0cd13ec8d69,0.22616492625886309
ea79b75b6fa4e024,0.1130436211824743
df41150fbde2201f,0.0960477250685313
6bfaf27148ca783a,0.13302941756602057
016b24ffbde9f2e6,0.2047364382285315
c7f17aea0b57c810,0.03319797202601695
1974cb4a4a5105f9,0.06311835013367746
ed6fb2d892b20325,0.049911581190832555
029aa7e7739f68f3,0.049269990373661955
1499ced0a7fec031,0.05345599376653482
1da835ae2069715d,0.04318234928710646
3b48789ebdae6cf1,0.10424572460530124
b2501a34b4204e11,0.043660012840416984
4e1bde0d2fdb1719,0.06958832313061165
bd42c11dc1ea52c1,0.030101179294048323
dcdd441194892326,0.10391901615769149
890cf601bcb4d1fc,0.14951480923811566
efcfd07026d6f75c,0.10782568070240874
6e5921c9eaa0bbae,0.06440816287225161
076e6b937f9e0f1e,0.16441293669873133
fe7aa6148631a52b,0.05848717944749087
0204709b122147fa,0.03782501083283391
3bf87c4ce9af3343,0.025480738890797484
e5d3cf73e07cb881,0.11543000583012902
d79da024e674f570,0.13503967585168694
f137410611053710,0.06448367965556642
4b48a5ea7d8db38d,0.04575210185040266
6e5b5708c1bbde63,0.13971231824855854
2e21f1e2f4f0d11b,0.07174933650108412
2fcb7b875a97fd67,0.1176123626180439
c9c50dcabb2aaebd,0.0290299295114277
ade709965be588c6,0.0696251721504653
e99ce68035fd1383,0.0851813779887186
9abdf47140639086,0.2811999199057033
c0370f3f688a69d3,0.17646598515496784
023ecf078fbcbe04,0.06321763404378634
9366b2145d9ffbaa,0.22573612259403827
907dcd98979cefc5,0.036284025492718336
1430d1f8417967a9,0.09940190727929411
12cf954bc6f7953f,0.22474728980055794
9f439978c3ff1caf,0.14026971027911242
3d566b52640665bf,0.20796343636823258
1da24b04359879c2,0.050088179463433524
5fb8e8cdc5a458af,0.07644250111932989
69f63de79af9dd49,0.11047812855523209
078cef5b5f6aff6f,0.1383251660241782
ee64ad3ef7cbc727,0.03047977194856875
30f789de29e44c84,0.20332843915628604
ed6dc35d0f6c3f4b,0.29333659112180865
24171dc6016596e0,0.20218179375699016
d9753be4a4ac4d5f,0.1914343590988784
08b18f56dc4a9978,0.10044998071159766
2fe99f58d73a842b,0.036437785778500216
231cb4b19f8ddc4a,0.03329581729860579
a0f57bb92842d2c6,0.047165623928062915
b451e5af95310e52,0.11664975063803378
4d5e3c273bff2df6,0.1009144276523301
69445874395ad7f7,0.033275478057433555
72d5eb4d04446c06,0.06162748378011949
676277c834acaafa,0.04222548927331573
345fac6fcbfce3ac,0.13700454635180878
77268d80339453f4,0.0697233619834909
0a3d332e3608b10c,0.17686247385097834
3d3e247d278aad6c,0.189972905112941
c6d0f1503380066c,0.23064990283050527
a7ccb8ff054ea663,0.14995131125162756
d3b3fd3963b35751,0.14540254253481238
e361e82e1559efea,0.10846786093788813
94f03a339108fe12,0.028331503954559956
0d6b47fe3047807f,0.09571742085650543
f0d2a9398458201f,0.037142873973589105
8189ef648444f31a,0.1649185835432263
b341aa9047a23001,0.0515038238599026
0b603f589ffe5334,0.16771827939266423
dfcd5836b6d7807c,0.15574552882881768
c69510f82760fc8e,0.054204435846995636
bc2b0e3b0279f394,0.027904223988643853
9e59359a937dc386,0.04166694055143893
9bd6fbbffc3029b7,0.06949449045636936
78533ed0a4d75031,0.09852430626572074
24d3b857d9ec7516,0.1484926936227761
d9f1874f6346d786,0.13611978446453507
6588a72e611a860f,0.03765184891312281
52fef00321899df1,0.15715640851583385
b3c2a81210323102,0.04826089016605901
c1501d30afd688d2,0.0730617995040768
2bd1f2fa8a7cdbba,0.04741299009377193
7472a7ac18cd8ab0,0.1814965532426752
b1dcab1c1027e375,0.1672560995423474
2add558fb5890d0f,0.03138460956579169
51a6b2ebff82bb8d,0.11497250537851904
3486d76917d26380,0.12339634454619257
7d9915dadeee6dc0,0.09960822043555251
1a5e5859e62a5ff4,0.022322656006352942
ba7cc06ca707247c,0.10981774403148901
3c42318ad81df936,0.03266801318901272
e7f32c62736ba8ec,0.06884901804754122
01970049a1d79ee3,0.12960029852854557
c34d08417ccc14e1,0.12326327430687163
dd08d7511ab95a7c,0.08513898788251045
147c9ed162930636,0.10597106643669378
4d55d8c7e32d9a9c,0.06052433864562574
1df22e6d0f4be856,0.0632270612647757
29e5cfdbc9735f7b,0.1049337248679334
529dfd620d6ee22a,0.05857055651166906
22b829fba260c24a,0.04366937901229512
712c502ecc45cac8,0.03867387214120068
2806f2b7f968844a,0.1287325726425624
1ff716c957da8f4c,0.022146815511191714
33a651d1e2266900,0.2415388011869113
01aa41460821647d,0.11339344983143827
2728591ac3aaa7f9,0.13862201104884564
62153e0ba99bfdc4,0.1655502352461065
a336835871390b27,0.05797856999802716
66040815dd14bdc6,0.05328668225218051
e0d8f324ffe3e925,0.10226304006112787
e7d245b8d234167a,0.06709555851400317
b30acd5fe8990b03,0.41614324239867545
8b87df65e3f61018,0.07973047711036058
92d913128fc856dd,0.08990578014119228
c1aa97bf3aa49c01,0.039350628861694624
37b85ed57524087b,0.15747103490145975
fbbd2368a21a9e6b,0.07715659842575368
39795c53fb16d719,0.051338839659958786
6d637bbe837caf77,0.1066044648858176
ac09426ca8b44dc8,0.2100474420172341
0007a5bb7310d604,0.12219882155888402
f8c5400d321751bb,0.1732603132119801
5c5d74b2ed3fe0b2,0.029634395932916956
a0d70afd5aebab39,0.08994555347843597
dab67f5669ab1b4a,0.10805124978007728
b094a6aee2983e4b,0.1368700244876561
76eceb39e4bbf598,0.09067364252742562
08792ceaef2278a0,0.05758178833381696
421639eb32096298,0.10830154205986509
3732446a2dc0ff2c,0.11466015452658418
f42e7bbaae983e33,0.13800121618549574
1d7a33be5e41401e,0.07868352858090595
c94efe294bf687bc,0.15295429493930623
54153bda194f6353,0.03652178014356776
275f14633d4a7de0,0.03647966784825104
7a750521e7810b4b,0.19748623852726888
b94bc2b4bd62e236,0.12759925201476377
3c2076842f11afcb,0.04345860750114949
53c3d245534bdda0,0.030592060281997045
bee1ce38b4653a33,0.05341498587601142
7fcd7a8a7c44d7f7,0.03320459009714565
60fc2edd396bed1b,0.08861036875183133
df7a1a739d1e3d31,0.12441166718073667
293173b622ae6047,0.08441334617135939
c18a9f29b23ca49b,0.034664395874082654
4497cca94390df91,0.05807534269895476
40d9096835771f2f,0.17242583292718394
ba30e997b8338d76,0.14506737942981007
56d89283c0f5c7c8,0.0681897274927893
f460984ca4f4f1a0,0.05073417100586695
63585cd6e35862a2,0.05399443005743324
26e41712e705d5ad,0.1184342146998657
0a056eacd56539b4,0.037264455143405616
9060dd63376b8616,0.0741692513097663
f11e51ec27009738,0.13716443420537497
d0496dc870887d72,0.10978962134933452
65fef6d3fb26ca70,0.0278979485353049
a586684b41fa9769,0.19614889388432574
3bb2f0950e70a234,0.0852439731537109
6c6a97e3ad10abbf,0.15816837377301862
ede33053b334b03e,0.10281792455458688
0dfab1673fe84ab2,0.05212635413677568
f65b0230673c2e76,0.08985167450682947
5618ac6872992ff3,0.33133256746992795
77febd71dc7777e6,0.18512587552021023
7f54b45c8c0b9310,0.16165441451551596
9273e3e5412cfeae,0.10840142889266184
52087475796918f7,0.04874924453364007
643455f14aa1df04,0.020608964316172013
d1b24b005a16d2e7,0.09719258101557321
88788f98d41f9611,0.1300269448632041
bbbe50af555f1d68,0.09687035718113073
1bfe964817713a25,0.5243549791230246
40d6df07da814020,0.15615434038229634
8a96d0eccabff7b3,0.026465343310154748
439300a43f735490,0.026541637905486953
bfaf88448d1869a5,0.10356763316384716
1eb331ca2d61f16e,0.11729038954568366
5ad8f23386d2ce42,0.16077144814609187
69ddf95fb1e28199,0.14032090726709587
6c224fe2f90a4ac6,0.05962994898391736
7d2d81f3b2e16bb2,0.1590379776539983
306bcc14dd7bcd69,0.18557389958097983
db0b579d4d6c3202,0.0212805390756052
5e7670a553fae63c,0.10731790240594795
999f8c054ed84981,0.05374550556710735
645969c8fdeb22a1,0.016475658882008467
6158cad9f5117a45,0.06202059632327112
3717d43b0bfbe61e,0.10711712898508056
8ffc981637d61bb9,0.09218879019334743
8b934f4c25070ad8,0.0629377258196786
15701cad20890a02,0.07095307620682739
4a22e527eecd22b2,0.11563781960220403
6b7e69ddbeb27f14,0.13929507847524034
c44f66a5254d5ede,0.17324358110914226
1dd06cc994df91c5,0.16699184563884614
43da23e0c905b332,0.10176343584739317
cef6bb5fbd6d7d4c,0.026212157029465194
74e65522686e974b,0.06255135208869679
b2ec41e4d4e17991,0.05255406250284158
7adfda5837586ee5,0.0678831609352302
7be7cd83da184778,0.16920569789393303
331453c919db4a8a,0.03296681573526702
1ad90b2ad8ec5751,0.027048067246293727
06f305aa47e1f3e5,0.1340358362786301
5d77b6a032a98222,0.08769114087669776
2fadc388cbe136d8,0.029410723336818833
3a64f59d79eebaa0,0.08033850323348309
e9d4d3a03ce54237,0.1409206470481131
5bc032bc2d4db536,0.04479185415643069
42afab27f6d63b09,0.0826960541810159
0ce59aff9d61ddc0,0.1083810584757751
c4b23b3e64f8fa59,0.03612818564102275
df5826f4adc2407c,0.12468473265222986
1006c7d207337c5d,0.04771312751884995
74f20f15f7388f9c,0.0303201991591525
e8c69436b1cb3320,0.06316068962413741
609680f04da9fb46,0.03576474188137547
060d99e1fde9dc79,0.02956075865435617
6555f0c293c5a1f9,0.13067769865168358
cc835ba475e9656e,0.13009291595269543
960c65dd29d3417b,0.07903868147191698
c7596c71a0f505bf,0.036202661057213974
3f3297df319604e8,0.11978362648513814
21c886bdfaeba657,0.1742466613042911
4c47eb742008376f,0.0892463752932336
0360ab7e3c03e1d6,0.06109644334253241
106e8c5cc993ce96,0.09131790691384895
3f189ef767336273,0.09172043427401368
d87c2b5ea60e2e70,0.04098712554754801
924a02ba0ace2e0f,0.04369365851446816
e0a93aee5351fc40,0.15857275968092807
60036012aab0d68e,0.07999710921612774
92196298fd1f0a2c,0.06527765851343449
2c9507cd32c0dc32,0.03694082192515924
f138d3401d1ef8d3,0.02599550770478271
0550e84ce3342ea2,0.1580024290298235
433b7b91aefd0d89,0.030495259560316863
2f084abde9824f95,0.035526826690510376
aec34c208a4086e3,0.17867124436917192
77832263f798d3db,0.09974901065056391
423646a4264a51ea,0.09183575410654071
99a11463587499b5,0.13500907578070817
5666dcd2f61e1fdc,0.07114920792671472
414bb3e31a06b128,0.21786909040990907
9825bfe27f61ead1,0.08111733967964443
3e8b0ac764ba974f,0.024550840125459012
f494e58fc4f527c1,0.06747077402766298
4b3ed9d300487cc2,0.14965025565658313
064d5daca103bb1b,0.0664241507308277
1a4b5aa55f664cd7,0.07886747568725616
65fae5433da58938,0.06289306645677346
77df36f32951641e,0.032240326226101575
2734faa9175621e1,0.28149273126106183
6952ae6c0325e147,0.03302234902589125
bc49ff32a733b5b3,0.14628337176923054
ddb437f22bdce5ad,0.17286250926450228
ad2ca89540526e80,0.16222758021243303
8eb86976f1f7faeb,0.1978486669473234
351b2cac3bb60649,0.129780042684196
f3685748a7717d4b,0.02493173177878986
af64f4a787a28c01,0.03852522314257707
e41d8e72f6a6da64,0.04237185441436244
43199fd3cad0d080,0.09908529257295055
08639490dad5a32a,0.143936975866739
251545c20caf2d9a,0.08794148961214071
657fbf140a397f3b,0.05823627996662934
d28dd01372e08f90,0.10467055424528092
fb9bccbf5affc835,0.023806124307621846
0c3e0f0e422bc214,0.1380280738845215
b6fe616b3ee4f983,0.09472929684511343
1a05d9b0ab2c483b,0.05779419614890294
be053c37d8d326fd,0.08981717489806151
b0cc45542dd09eba,0.0676847433424152
0d1c9ebdc72b57f6,0.07585635918470378
926a38d305ede2ee,0.1505334345992608
381047d838351f95,0.12957935327730363
5afb977a1eeba5b5,0.07331634492621744
1ef7c785c8633cc8,0.05608333209089681
2f0bd78e22c8874e,0.1420760417588923
2765e2bdf659e633,0.031683632263521534
31756eaf193dde51,0.03570842178096529
ba5f5a3df72c6be8,0.22924604382051017
90e87591d24ae44e,0.06523618111952084
f9f063e55d3db8b4,0.09112114498808166
3ef90711b7e5d86b,0.13529458196916458
ec0a6ecd2422c215,0.11379403027297023
2a75009bf5006a5b,0.05236395609780001
9edf622febac0e4b,0.10565365138507658
9cee551773541f4f,0.08327463787265275
2a07f1c2d7378d29,0.13174757799314463
aacdb09c08c9a960,0.028759404018019647
df9753fd02aeca78,0.07187920232448651
ecc853e05f1891ac,0.09992481279480396
859bd8582d3d2811,0.07684958166376654
a124273d56f60796,0.08414558647556956
9cd33034524d6b66,0.06921389216092186
9e58973154c42431,0.04583521129781607
fe78518186335668,0.02983099371244689
0c195b45f68a8952,0.05848983996871199
bb6b109cc9317218,0.031372089503223295
a58342d3aee051b5,0.051010779087011245
48f975291ebf9397,0.16785928516132018
672604676c29d735,0.10999517729525893
144b0a7e9cb057ed,0.17279545934578588
02ea6c1ef4cf0b61,0.026673400765454658
fe3c47193f742bd1,0.037701038252969686
782fd306b790e8b4,0.09147483806602279
53f0ab0c206a7f5b,0.13947890307762473
2d15bf73a2700357,0.06610918605996152
569b34b568032161,0.13284690299381255
d98474765b2d7880,0.10019680277844929
f3088caf81ec54f5,0.17924149159968292
884de3bae564118d,0.16444882861575005
5b62a55571d795f7,0.14538558497503357
e860976e6aaf78f3,0.1254071095194623
bc5f8d0b2f9683ba,0.02688096565129115
92555d85c6369cfd,0.16748346597580868
189861fc294e0daf,0.08881776932243585
b8212e2222eb4313,0.02619145879205952
53afc56ddcd63d8d,0.11131916184864665
0592b0cab7becf5c,0.07449939567984293
ac4cbdd76a84da91,0.11886779542483468
f2eeb139d518ca60,0.14242575349475178
e02fcc8b8b63c0cb,0.04341957197932276
a7f194a18e15e185,0.06659258518904378
b9b57b5beadd1490,0.13437134875537815
357c4988d289017f,0.08707469592413948
f0d98c09bd71837f,0.10628523870749369
b1c0df4bb0c82383,0.08867617264144445
5bb361813a233522,0.06070522193565734
c3eeda7b200e2c92,0.0540796181311024
db0460b8a23a94e3,0.09369721167405842
3c80f795a35190af,0.036515233356149195
ecf5824d8b392491,0.056207004027194314
5fc7a11376239e12,0.025849439090761598
2008fba1ef946ecb,0.11293859676918178
e2aa59fe541e0ac8,0.04947076883674118
09b5c7802e6b561b,0.029853871968742552
988df0719acbb76e,0.11277300331786477
48d79ec301d31948,0.06919291019289808
d288ed9b89b3675c,0.05875283281648567
75abd1caba2694a1,0.05094160412379369
3660f3c735d8a187,0.07338433520388431
0440ac4598276f6f,0.1560667367552514
836bbb09e4831df8,0.07543690499330684
51432ea27e463eb4,0.044749670584556735
3fd99194e4efb12e,0.044693179930701286
ef1b4ca1f2c1e357,0.031449310899418464
70c464af7e1cea4a,0.06522261241304717
54c64f47d761f86d,0.12444024009842154
333dcb05411a601b,0.04243288646200324
11861d1571dcc3a1,0.049554899192081836
20e00d08f625d409,0.12235709917131994
8574c4f5b2db8c92,0.10970874956174238
95feb433faa8520b,0.12111270454216527
1dd496796a5dadff,0.04898916024703071
c1c248e8483e9ef8,0.0797171687095663
5e0dc0f0f0ea48f3,0.04919758694163212
7ecca4d6c9eac123,0.05736428067342395
58dbf7650b2286e5,0.048162606238014716
4c62224901fd183c,0.11856890644112887
affa636fe0cafb15,0.14690415844348761
c9f2c416d003a925,0.024261527897089602
c19024a709757f11,0.05670913643076244
d3444b15af3a9536,0.09598532873761717
2f54cc2167b0cfdb,0.052933624719055515
d974c7d47092679a,0.05988017381749892
1f04a25da2b17ee9,0.1058473667546335
f133299dc49c2bf2,0.030163512262906075
9542ec8d29575b20,0.14430924311791063
6e476b773a15e2f7,0.047606110051516694
c468f0fe05876276,0.04636910713781924
1bdf15bc47508221,0.14136740349257373
687b1d6eaf1bb287,0.11592748880948793
fc8590ee9d55c5db,0.041469017220708275
a4379a3efec7361a,0.029758477542952414
30a2e56d4d608b28,0.1122741210799581
4b400d52635e28ff,0.32289483026319094
992d4d4846551047,0.13147606601199258
b91c089133d42f62,0.06209720013769491
c98879c523da912b,0.03748752304146359
7c8f510d8af822b4,0.1257306042890651
9d674a6212b3431c,0.03855077200622094
d3da05b2f284cb87,0.09137537657118598
853ab873686c227e,0.1414975275558721
ee0d55e13012503e,0.027195202010467528
fed761caa06202e1,0.046547543632376016
7750406f980f78c8,0.11242209348769346
e8770d9a28fdaeaf,0.2544496718471123
4025856444b9ab51,0.04381969007295055
1d0cc87631f52974,0.41781832313024375
f87d2af1aa151b69,0.10453946137741223
e2746f6359714da0,0.06132576783458665
6b20c519964ca8fe,0.047995354664061275
ac0ef70a6dbe1ce0,0.034063732957828975
29219b6baa3ffa60,0.10030341330590653
ef5245dc0733939e,0.06490410212494829
26d625d3997169dc,0.036557383716724165
ff9580c0b2b1a370,0.10802528595771232
bdad383d41eac454,0.017649415559386917
a6bebd6247dce4a2,0.24540788690143808
846ab5063b60d099,0.1936797711580244
1e342d4cd0cd2bac,0.07660438953980243
b111d554bd56dcf7,0.12429034309896851
9ddbb649643fc0ee,0.18100217586612144
0dc9c8998b42da67,0.15575127668216152
80444594c0d4b5b8,0.05990273577299612
9bf8b2752ad4d752,0.19007393399565864
794812675f553fb1,0.11083577835077187
c60c7cf09844c202,0.06872998447969526
06559b4012a85953,0.03369002746693145
dde7362e34a81ac2,0.0643855564682727
fa1ccff8a7481b47,0.13368714598879639
89c1eb286bad23b4,0.021822498425373316
b389067306356b78,0.08606746145278837
a4328554fc4a45e3,0.10432148860094848
fe2ff0422ecd1440,0.10044822928358142
e1f0e9e0dd1f6a8e,0.09403439063062054
e431bdc8db1622e3,0.10617465369889205
54d5ddd4fde3db7e,0.028171434706057725
d6a2262fc314d2a8,0.065833021539049
e7039d9ed0ec0c39,0.02638271313592007
357fb25344e0d8ef,0.06067001940233952
8479ceedf945cd0b,0.07018133761294207
30e12f447d932d19,0.11595864374607141
a33acfadc007c5d3,0.1415437774249644
32b72fee7f2bc37f,0.07224577626547493
e2ef0cf7c0138e95,0.14259251829829697
c53a5098d3feab43,0.11735032576938387
2d1a504956a9bc59,0.028869345874703713
5b9d63bb61f11842,0.03707574905758127
f8fbcd4440a074e6,0.12147921281932235
c18b0ab8490d1c66,0.054500095180907565
18cc6b0ca558d790,0.22633918151548194
c78d6d8adb708879,0.04154560073381038
928fe114a90feded,0.12450043497154305
806b11fae1f6bd45,0.0462368008775799
ac8d5b4456a25f98,0.04219645991271536
0de3b4e998fb61e4,0.03862416644176176
0344ee3e70daaee8,0.15006967825232206
9459a694f708e7cc,0.034859757365753447
f8f24bc3cf3562cb,0.05425854538198096
fca0d01a476eb58c,0.04885445499781643
ef25fb3354e1c732,0.12620588406071145
83ce56a22c714f81,0.1190578871534887
781864846ec190fd,0.03366253993302167
99c27791616e6a14,0.11005035712965634
f00a56545441ae1e,0.04099957099751123
160c77c56d0bc3b3,0.03585004135342266
6bc7f7e6a8dbe398,0.059925474980049555
565c31dc34339cb6,0.15880405345347415
d47a57dc58d8cfca,0.08700144610268871
7d91fd093f331634,0.17727197824649724
a33fd6143896a064,0.03573251877817021
af6776fae916125c,0.28758050097717347
eb63791dfd566fd7,0.10344247636216185
fd94632e98a57fd7,0.1223749908141476
7afa48755b2905cd,0.3246766952522729
cbfe89a23b516339,0.1246886245973831
bc9eb4d602b27458,0.061098460662246036
fb8b7e3482eaa33f,0.06535291240631988
0d172dce11eeef53,0.03418544306227172
6cb7efe2f15a8b1f,0.054941053140619735
0b234c8955fa5560,0.06735903957246236
1564bc14da2389b8,0.14666623883250926
11d440c4ffeb2e60,0.10848522163376771
fa46240b99291663,0.13159552921517062
52eb5978e0a48397,0.1950957039339194
bb2cb3fc47f785b4,0.14119932403593718
bd402ae2e81bc456,0.032494830310540374
5b2c73c3c2fab67b,0.02226420717096689
558785e2cd64bd4e,0.15234416625528294
d8d0cdd0e630be6e,0.3389053488734886
54a5cf67504e37cf,0.11249353694472257
b7225c4787addde6,0.03381859854966007
2e444cb3f4217098,0.040556689465694074
ae6ea7b6c44fe6f5,0.10359139787999262
8917e3ac1e161b77,0.09686783891084506
ca8e1b8f4b045be2,0.2059630358340312
b16a002c43cda488,0.19205019906614862
38988311c0c8e2b7,0.12374670266736292
40ac9a289f991b8c,0.088462433731627
83dbe87c0f3ff118,0.08986839345421448
d8412746401ef6ff,0.03752437312130443
95a1b17435300c3e,0.11594923165606892
9576e0a63d76b324,0.06042549081639522
8e43c1faf8514a42,0.017270562350921632
64462847893bb0c3,0.09259399802208268
2e8d60596fe0288d,0.025072795615554325
e3064eb18f25f417,0.20182495170965262
5c24da1b9f2ac392,0.02745805425050886
ad26aaf8f4bdaf41,0.08991933372702955
a21097bbd8645f25,0.03463250197101955
cffe1ff942479449,0.038502395860673055
39170ff154aa8058,0.10875480072989958
0e2b77f6fe4d94af,0.15774022887996428
4fb4ed274c87cfd9,0.0366077644271763
dbe218b606bf3cff,0.0828252185624762
b1ff3f405ab15e62,0.07901785760908296
b77bd0eb977bfde6,0.024040637368274453
c65c01d13c9051fb,0.1674662108304655
9f7d2bd32579e9b3,0.05238053438334097
1d42bbb95380256d,0.1379830769961722
799c5bdb519f3962,0.08152841723985393
af54b26cbb15ae3e,0.09105482370073996
9ce958c47b1e7d3c,0.1095016501523604
d39bba0520b226fe,0.07707940881021814
c4923735c16e8881,0.020945203790129024
43506b20fd8ac430,0.06645415716418998
685b0ab35ff084e8,0.19043374631207452
03212fcbf4fcc22d,0.16737330027244343
7aff26a87411e8ee,0.12519011305484312
9af789cec1453f89,0.027588656352286117
41f2ebd04afb728d,0.14668871712533046
a3a3009c55baa210,0.26095267620515106
688382bd40810598,0.060471649745830906
42cce10beb6c55b1,0.03931433198354576
59fe211f9aa2b83d,0.10938407940655788
86466c925086fe3c,0.16975349867535092
cd36f54626e83a21,0.03677789744419774
ded728c05e20539a,0.1465476199483291
0c7fd3a164040b3f,0.16673788461206918
614f526f552a972f,0.06642386777606822
cf076cf42abbd2a6,0.04247576220513933
e20135d1136fb289,0.04499137718291901
2b40340f15b07950,0.12730342604215628
92ea7f3ec80af25f,0.14633852098259337
1de6db095fe81c3a,0.12000521185558878
e13432ce761076fd,0.08086708618587772
ae126eb3da41487a,0.030439040166889836
05436df37c119ff6,0.08285097769333194
b9203ce854a26300,0.10256179865811936
e39f8336b7fa1f6e,0.1430934399742467
2d031b0318ea5a02,0.06811164423753446
54304b5c419290ad,0.04401432590391156
e9b3e8a0a4077e28,0.031270607222101315
1dced917867d765e,0.14647223446399518
c004a070a93054de,0.1485352226910818
3fa194a91f4562c5,0.06351717951700614
76d5a2300ca56933,0.031052059390630608
993bd3c445b80c92,0.09248307242712499
16eff5adf0cf07a9,0.18583080959484746
19f4c91cd1038cc8,0.030046722354691965
4ace42dbd199d1b2,0.09631762089828315
8232534ba45ef07e,0.10024955087477001
a2eb06ecbdb56bd2,0.03038813547007355
e33ca091fb503e03,0.09690963084657812
8b65603997a5d0ae,0.03484280505258261
c4702fc1a3b838e1,0.06249656397965789
0a2ca915437c9a04,0.04891216372389657
6e4d60a1e5913350,0.035372918356989844
0eb4def034c0e542,0.15732033434055467
0dc7bc6ce45f37c8,0.0338706099548589
69c1bc9b1691880f,0.1046629482000262
249619e3bba248c5,0.09406687048845679
8a0925f386616243,0.08158242549968024
c609c9019d1d7b32,0.1514240065988928
dea132cdd56b9c8f,0.15148718066413572
24c6ff18b883edd2,0.1756654229304716
06ea151cc4ea5974,0.03678753036709259
dde1072c2340c07c,0.027253342677335618
bf6234d11406ea49,0.07334997555849204
610c0fee53d0cf9e,0.11296910585179383
fc0691273040fddb,0.1345648753518642
46bbaf2bcdf5a362,0.0811655274099589
6f4198d004803569,0.06972245333622745
3f726ca9a49e022b,0.03152028553966746
2263ab08ec01d546,0.034419794163585184
dc2a61d22023b42b,0.43255282967320724
9cb03c429bd54976,0.024820830443774162
d3d5427c6c9640bd,0.14414994789505753
a356aac05b7d44bf,0.056591123278461296
2c28820cf1ae8254,0.12625282906974658
cf49994228b74e3d,0.053529379109899355
ea984ee0501b30dd,0.07604532574209004
3639d96562366ada,0.030851951461275614
007d989968211b0c,0.07088769779574412
47b004a1df7ac9c9,0.08769030410342533
f09cbcb79049a436,0.15841461593597486
d3e17fc998bf6787,0.1041334951103204
0c6c8663f624c58e,0.028944592553796483
52720efef03dc54f,0.20356096958693617
c6a5cca33f57da61,0.04077516692581864
b1208369a0074122,0.04523664700365306
b0563e971ad0dbda,0.02485995812396673
a0bb9373f1dff1b6,0.1524563144048504
607b5d747f350fa9,0.13406852619978907
8945214e2c9cda71,0.1717486176114574
7fdea294906af44c,0.17281555284237768
1f3c2f31d844d10a,0.03500376917484903
248eb5a4a5179bb0,0.28623076784485585
f7522ca250fc8477,0.046388315500284355
3ac3d9675fc09e64,0.11004894557734389
b65116a131be84cf,0.15797804006967386
7cba939dfaa4fb1c,0.14843810722939435
4e484a321de70373,0.11419739543771106
48c00464ee810da7,0.1121402323405906
11c760a8108e0ab5,0.16849394609774582
4ece5849758d2bbf,0.09870312914043337
2d34cfaba66dade6,0.19445782366229256
597b3aa023ec1731,0.030574740554735375
65e095698c6b2018,0.10949709594878977
d4685373bfa64d8c,0.04390826706597645
b2a24aac339b046a,0.11710566115712973
d018e1502c830522,0.11490962456902239
b4a5d705266bfd48,0.057202149732760145
1bc1ad21db736edf,0.048102053990420425
3584862144963b16,0.0584056321668526
64acc3b4a0341a38,0.02763305115133924
ae1b7c2913418b6f,0.02315005712073137
5ff184c18b029b7c,0.027968939849903136
d407cc2c1f68ef5b,0.20911303773408121
10610f40d2c4beb2,0.033230745098427765
a8e72b280bf38b81,0.04441943948972499
4802ee9701571a2d,0.5115532650237266
c0ba503ad79cb130,0.43727832860954985
a428e18a2571696e,0.12809525129190905
d973ea3bf88a0f3e,0.1394551115397246
cca48a6fecdefbfd,0.08606675654034279
387eb4b1c9690ed5,0.04075400655043118
f9b045f246df515e,0.100756714881422
b8aa274fe0062de8,0.16690438844759017
9d67fee3adf9e1fb,0.16145284085588088
3196cf2ddaa8893c,0.16436594189870674
c6cb67394ff79930,0.10676754934306958
b713b9f13a1a825f,0.061758835910612465
0c55301e8a9a0e8b,0.1461872393283445
06cf6a66edc51d64,0.4681132723088039
73877568d5adcb7f,0.060801145675577595
6e713b6c6d9ff701,0.18889450530992005
35b98290788b0e15,0.17361235478174072
c1699d21d21f249c,0.05683032910843149
4d4b1f0d9defbbe6,0.2568221084504207
c1eb4bc9fb4e0c7f,0.10928034499015127
ac64ea4bb93cb2ae,0.1579828893222431
a6c0198d0ade9eda,0.27574482525621685
4ee5d36590d4f29e,0.11452278663160971
39d7718a5529cc62,0.02428505548446749
4f6e36e222d122b1,0.06780542582570008
f7b65c4533428cbf,0.2951537761763663
32839e57f8e1ec72,0.11352887150893955
0a631a26c3a1a8ef,0.1539243251807145
42ae365efff05b84,0.08440512468224783
aaf16c83ac07884a,0.12492691548000645
e3fe57ec38bc0cae,0.05955742365022243
a269d748b94103bf,0.08530843902614178
29320c0461eae48c,0.03012430974318402
98b75056b390e87d,0.12326416629659827
a18aa53890bd84ac,0.14295679180749385
fc5a2a2354cb11ed,0.02845715622417702
912408725cfa628f,0.08395116296432402
6453b1a068b68ddb,0.1155284586310578
d95e854d614ff5a3,0.11440989619302082
85a79337144b2a84,0.06523203284309455
b5e18d3eb66f6250,0.02691117313542601
3b90fc3f1087e3d5,0.03113419551913441
36f89bae0e5df26e,0.08801959932289123
7de9a21c9a6df7bc,0.15702413339475454
4ad662d48155a76d,0.10255968207895311
1016d05cc8d07dfe,0.09089560737176834
b0a028857d9a81dd,0.11604974041721376
c7da65ddda5ab002,0.11640444895375486
8faf1048140782ab,0.10529942518621942
d0f1cbe5f5c2cc97,0.12122473033425411
766a85256e2db000,0.033892067083293016
83f8495a5ff0fc2d,0.04157735680837402
a57ac84facc6651c,0.16845465770574497
3e18333d2d1812a0,0.0328446964390642
2e2c93c0b28242d7,0.1632696528864702
290025e556e7a964,0.06867262107176528
34abf7197c7817bf,0.11079069767728665
4c990af23095a8ad,0.14278518407461624
b30f0e7ab6ef02e6,0.09768982660459662
955f054ef8ac2a98,0.35063889994282604
efdde8377abe8fe4,0.1160089670861268
cbfaa9b940f4c2cf,0.16345072540238878
51e64153531937a9,0.27930359223920603
3b7b80317148399b,0.11335085675625751
b1de8383db45dfc8,0.1115181156304308
0d3f9429ecf4d4c2,0.035887501913336554
c4499c39e29ecf53,0.08802003026755
7800f7a3f936332b,0.03901008983928211
b837532e3fdf4a50,0.07385185022915002
c681da0099cefd6a,0.037667201202870176
c7acb3b5705e68f2,0.034283065400405474
7072f5cd32c791ed,0.16232737567088365
00b5216b2f2dfa33,0.9413474732882271
b2ae02f82d15b4ad,0.10272890289057633
5ddd4c1db54b9114,0.08398375046386276
3e6fa59b53549aa5,0.06497406068090214
6b853eda68180bf6,0.12789320407715685
0ee247af650122c3,0.19341527506183454
9e2c6c5193f21067,0.03891499392497503
6cb5b3e20565dfc2,0.12358157394496185
dedaeeed301662dc,0.042901215951763466
7244a91f3ecd611f,0.0276931540938703
d5447b494619e05f,0.12655891767811792
d114e64d8dfca5ca,0.028670744548084808
762e061721ae89c2,0.029450903229735675
0359613691f7c01f,0.08289753488341181
ca90a47bd789f6fd,0.097984356193129
b43584123f43b018,0.04490933299996278
0770e000ee552df7,0.14229216959761637
b396a1df0d592f4f,0.03858955816424997
51ffd9a173cdec87,0.19487908862941783
38e628d583de2dcc,0.033253255381674694
5e444909efb4f076,0.08384170152106202
147047e5cda600ea,0.10041486434259494
02f5e786b6ca732f,0.049230688452825584
b29abac474eba51d,0.2408478212322013
14f09256775b5595,0.09188131577447939
4132a178395f2d42,0.1305955470457385
3ecf5a5ba7668082,0.04248864045308285
f7b8ef9f4baa3954,0.17486249602277315
344ae6cefc6e5e28,0.03592107537042647
9f8993a4d3fd8c66,0.07214568290776825
02fb2d64b2963430,0.10466854912874801
cc3e88fc10db73fd,0.12436288201466256
e1b25ee0d1bded29,0.17742025235171552
6811aeda7c48195f,0.11694225919844263
2caefea2089d3348,0.12441126243584699
06624c42e6f173c4,0.25954354345582487
18d0862452891d30,0.10868420992750642
aeff78b9acbf4d71,0.08501912072275368
3c4fb720d11f542d,0.03987782905690423
ccf649ea4bfee844,0.05776825506581016
72bca5a449e85cd9,0.047874213254915025
fd6a74697a1a9ec1,0.03345040812318957
a629bcd8e7727428,0.031066890188122236
4234c32600399d7b,0.12182236005563633
dbf0f354d6059039,0.03216973691205821
3807b180f301e7e0,0.11271482240783835
5cff8cd0dc4c326d,0.081050100483763
a28550e03a14c9e2,0.14579786607221049
244915cbbfabaa93,0.03140260696628356
f5d28c37e1483258,0.06313889221654835
625d0351dedf957b,0.10596234120667286
daa98d98f6971d07,0.09512878233443678
aac141e3478df5f8,0.09472039817209671
6e2d6b44bfbd409b,0.14044604926815374
34a46acb36dc8ef8,0.035035015744043066
f709bf78e6f0fe9a,0.05462516381966637
573ce0864f1f1a1e,0.036571605877301246
d6421a369f95b35a,0.06976259854632848
6c74b5b293b1b97b,0.04911809418299323
51cf0713d5fbc070,0.10680390529409345
062ba7304652bc27,0.03770174790129736
930853397c388814,0.02430144698387104
2e48c840c19e48bf,0.12094046348902808
2a51f116e23cffb3,0.10720838743985316
070669d7057f8aa5,0.27991916608456463
967936eb15802a83,0.07215292080978229
83ec0a0ff919a926,0.0338464885627511
a35f4a25719a4b95,0.029842097301140073
e646bad2986e850e,0.11757380553948282
8b488afbcc578dfc,0.06061814836407394
13ea6594c14a4026,0.05430137804383953
d0e536523f93f64c,0.055923782834746034
0e5ca22bcfd8c5db,0.15013193436244668
9fb1e891c08b715f,0.026844769066687046
7199fd0ada65fcc2,0.042834395608904764
2275f9dac244010e,0.031249565516635176
24e5ed05f908296f,0.05717103112388542
6cb602b86bec19a4,0.10678432031203662
9325343b0fd3d676,0.06087830796223551
644e5f81463951ba,0.12307776991440944
37046a2dda9e5889,0.05608412399723941
c7df199599dc296d,0.08259421788360288
54e463d760c0c6af,0.035621305402727704
9bde8f101bdb4095,0.0722431140183908
bc5c320666ed7ca3,0.029175349954348947
4e44d72109230bfd,0.10797426022518426
235aebae2ca0d45e,0.13327704187191694
55a1d48711c4359f,0.06949394847430415
c1ec685fcc48d91e,0.075562823604039
a51c93906bd78ab7,0.08489820223027887
207c0a6423cf7a33,0.09279871111752631
c7693bad80c482e1,0.15737436670554936
36b92309f6e5618a,0.07448077864882457
26ee6d56130da0fc,0.13682210889777516
587c7d36156381d1,0.03093827631226546
50d432d2b52052b2,0.10947548729786911
b738afb14f60d587,0.18748591059117214
1157c08c11e901e9,0.1102131532712825
cfaea6958357ef1d,0.05162249046861276
d8b3ec80ec080d08,0.1297830616933068
809c8f80468b1337,0.09401162806994635
1bdded460bb636a5,0.3966050027811751
96cc52a1a3f13e6b,0.04931256823172184
c97a25af08369f73,0.04023015512364941
0de5d7bc5b46bdc6,0.05467271159759703
c6eca151f8576037,0.09830524283425358
7ef7f606745e05ec,0.026595334275419203
c5ea9ba7fa065f8d,0.45700108912243403
63142c0d75cf9aa4,0.026464150068668407
c396e609d01a9bcc,0.04745726261905032
7c9db70c27860a32,0.10016123203019929
8dd4bb6eda603b43,0.048127786345260416
d5eb724b5ea43bba,0.18980297483531258
e7e9bc7d5e2e5674,0.13320561424418345
24b3176d5020b612,0.1750802296449515
6fed295aff782896,0.6460202411832486
12d17a3ef6b47faa,0.15759511414303654
2c550aa9cd671368,0.027906592498539207
df00e28247baf9ff,0.13518008917832736
9449a45c9d7b914f,0.038845154697387134
9a8393310d9b352a,0.09266711011680641
e1b1b6a194b4b1d6,0.07053099554360873
7097d3e397e94525,0.04456610924756984
e3d1f895e94e8bbf,0.10141671951447521
6c46ce4b2303ecb9,0.07610896002360444
999760aff655cfad,0.02378866330076045
6d526f4593563124,0.08422493114129793
467801b5de42246d,0.1151402619841738
81c9cccf75c1503c,0.033937880380606
bd1aa64c7a5dcc06,0.0320368045724728
df1a75c489d95957,0.030209580163800324
7e6ebb5b237b817e,0.037861830313945105
1aeecba2c7866fb9,0.09327439021089064
14269028868b89d2,0.04836834192633682
5ec456826b243dcb,0.046129785817023726
e574a546f8e193c1,0.1599165566445523
b0ce65cf243f3ae1,0.09486591106098341
8b8e8a00e6e1fdc9,0.036771933022487456
4a87b2b000e87686,0.2062833254963015
1175204fe5f8cb6b,0.06945325917246638
50a79bbfcd719a29,0.11379420010409191
0d8c215cc600c1f5,0.056401588418477776
3ceb989ec05cb0ef,0.16541817550284474
c7ea3f3ae516dbc5,0.029910274755034615
060631dc9f8845f2,0.12639622818074828
4ccc3fe421151149,0.03291830963135487
fd51240f58f2ec0a,0.029348586292879314
9bb25b00d30f4ce0,0.018394369039401795
1e633867010ad35c,0.02917136859073385
90da0c9b099080e2,0.07745315314666816
f3ba8015df41ef05,0.1334670278556863
7006c751c11cdc01,0.11319834169101761
db5b922ab7ac849c,0.043363017932745516
8ed9c5e3ceb94d30,0.07656057621048938
32bc573af0d063e6,0.03485580179317721
b6f5ace9b32140b2,0.19172526245801
2acea7857a236b62,0.07993471223186949
2dd5886a7dff0caf,0.12322188611300093
cec7e9631578eacf,0.22721376958589
aa1276a52bb96bae,0.1361090662332817
f90658bc8d521271,0.10737280371642162
8b65638e31a74f80,0.10194120015530754
233d4e0eb18d8449,0.1639256540100736
95e779988eaf54f9,0.07769130987508756
ce033e0586a41f4e,0.0447196205291776
29007abfebc6bd71,0.10783375402972457
37555eedf932eb41,0.08155389304678269
43f0b7fdd64e4d62,0.09302787116166444
48d11190742f10b8,0.25487805818289244
54167e2d347acd9f,0.040227383536499225
adf2b2540dad8766,0.11539876137078275
aa4854b6b5329860,0.9910950166395261
371dbcc2d3dab4d7,0.06942115916358817
29fd5cd58cb38dfb,0.16434777825370114
276d786a03dacf69,0.06644650876840046
90290aaf619cb77b,0.04806946087277825
80904c6eddcf06db,0.028325830580114675
5232eeb9a1fa8f60,0.1043343674723703
6205daeed9459b81,0.03900903293588231
6b4abc5da4e3aad2,0.11249110531153855
ecce281c5f6153c3,0.15123039914786265
926feb1c20abd0b8,0.03508822109330342
64874c60d39dc86d,0.18695701676998322
1868aaf30c77d6e0,0.11105073292962059
52e964be6dd475ed,0.47036815890138817
4404ade20ca8acab,0.20828320292914113
f6bbde7cdf6430cf,0.9781892825253857
6f9ac9a8227bf174,0.27095068835793984
e4afa0c3ef07f2b8,0.0467134509747
a85d4f04f63f1f8b,0.04738537587454197
7f3411e87c2708d7,0.11986597123196202
5be924d7d731a308,0.06851031234414207
41ea202bf96f7295,0.05057548384803783
e7d3e68c097838d3,0.2454749743991894
c21ded045b04b1d7,0.04468369732283304
a87de56d4f2dc966,0.02743884310054646
b073cc5a7d5d1fc4,0.06724112297717232
cdbbb57088163b02,0.049799065912418804
97a093dfe9e1eb64,0.29007277139733273
68aafe54d00b3081,0.08780366151937813
dca611f4099c1df7,0.048890651609354296
068c9856fb6bfd0f,0.03572812724971725
ccec2927e56ab3d2,0.022204404180547335
f4239e382087c8d0,0.18901442537984078
a37f1921e2ae64c3,0.09696778444803415
abc7d40ccad7d04c,0.03752082346217077
7be1ba405f826136,0.1702704139475446
82f1ae3eff7b57d1,0.057984386285288715
64bcb6835fcb93ff,0.1860405531193352
8a7d498479d37ffe,0.0747673090604617
ddd893f6f7c67340,0.036352308113531316
63438b2313c7cb87,0.034524291892074295
