id,label
6403a3f8d07557bc,0.08325558743552451
1b1d097ff5b144e1,0.086775533377458
08c7c3c71a02ca8a,0.15686221965911004
7f09e9039629a38a,0.09336592877687444
1fecfdee265e685f,0.1743150102327103
2b1b1ab99f54e1a7,0.09710331041150022
f893cdb025b56c89,0.13855089297963785
84466d5fc69b1dd1,0.1432105039646463
e0f419be2a81cbff,0.0645125188431371
d9e55e1259c7c29e,0.1721558053085067
602d7f4b0882ec4b,0.1374620359931059
67f2f87cc129d7da,0.13177292445249134
eec96ea0e1c9f7cf,0.035841251577050114
d85127e773ec4820,0.1290082980835364
9e96822b06b0f7f3,0.06651804613444978
c6489148a3f9498b,0.10225490406592483
ad5ca801b22a4eb2,0.03716560582794759
22e01b671e9f12bc,0.07333637936110463
4953dbf3e113fbdc,0.04664576084137036
95397470f084bc6e,0.3815131378189657
ff39045f375a9792,0.0589733986969521
893575902a76b6bf,0.05924918783608983
4d9211d2b44f7d9f,0.0965272945803154
8205441451789e41,0.03419847476385958
5ade617aad761daa,0.36933051050932875
7d8bd74eaaf831a8,0.12623691744704524
3a4abb16616fb838,0.05107200717547059
6e14ae545a54ec6b,0.16834697096194862
a6d127f7b7a19a79,0.13158874296191939
e29e33c4a6eaf6fb,0.09825253318302456
42b296aec3a400d2,0.09515839147386518
238a42187f0c12de,0.07043501893907683
4c99d80ab952e272,0.15590947144681977
ef909ea8db65784b,0.1446234833196444
53283f9869842cd5,0.17305061143820782
fa99ef0b96b51157,0.12700564205639117
3cdaa31c37582a6d,0.17266520161304233
e007009eea08f15e,0.09241139625657052
e46769b586a6b83b,0.14248751933136194
c77497b63a864028,0.06149675950476069
bceeb0086c625fac,0.05775758020841407
5abf8e5791e5fa94,0.19739430418959913
0b7d89ea3694651f,0.1365191459800463
ce60477eea0a9007,0.20022824053946647
847baeeadbaba41a,0.07873063879240891
aefefeee7da6b616,0.17526163196977576
321cc4b04985f915,0.09340735726734536
590cfafdd102ec19,0.12039863554186157
0a3027ad8dd82438,0.05554459766617366
01e58c9ae88cd390,0.05114524771770704
8f5eb2d903aad722,0.0652966797070984
3f1b90f008fcd5d0,0.17879793346472317
9e55098b34909114,0.165226289924649
ed3723d6f0b305ec,0.13715676661647822
e1d77367315c8c64,0.08048579534491103
b97a34687794c3cc,0.040586831081702905
2d9a8bda25c031b1,0.04937000158149975
367427e76fbb967a,0.1123851612344969
2d1de7cf3363aa2c,0.0721480935838558
d69cf5bc1f0112f9,0.04409783308692282
2a75c552e6a0103c,0.20296458815371987
943114c642b7e30a,0.05730466196057396
5f4258edf6c1b382,0.050190371486940374
ff0a817eba03cc6b,0.14982403174839837
c77fe2a4fb942f02,0.17090985865035396
df587d726667a5fb,0.12726780054581976
8c09d6fdeb48dfe5,0.04628476972964728
564e16bfb829c7a8,0.04373139026850073
e592482dff2b62bb,0.03946391138434957
33319a7020313788,0.1301398360132461
4700a73d634e28f5,0.19551267703856376
e5d9aee597bb4052,0.07209010723515286
b93533776029ab4e,0.19503953328717774
e9274894e7ca5d48,0.03499042746833305
37e126228f093cb2,0.057123065639227116
ee5e8daf19a62436,0.19114257152543157
5c2af7cb33fcb9b8,0.09085056421356628
dd6cf914fd458758,0.04820850296673171
7943edf1ba3d08c4,0.06538579773478921
50dccf68b6d84c9a,0.0800845252082718
71b1d024ea8e0791,0.1169489342234627
a8ccfbc903739855,0.052405557276916905
bbf9130a10bb2e61,0.041431797463752716
41a2cd1fb3af1f62,0.09117488591176168
e5b00c5e94bb1efc,0.09922677861504765
8a2951b875e32f95,0.051151407774118064
4b4241c32f2ae2c3,0.062278864490847886
8beed49416c057b7,0.07461341641529476
1cc185c7cde5f29e,0.1713510386554138
635d0e269bd151c8,0.040335546413360054
9eb98f9a7202dfe8,0.04284338835330312
c224615f7e3ecda9,0.04517100924396231
f93a14286735bede,0.07001936943256468
c118092c44e808f2,0.13492126968170645
0972b7359cd12fb8,0.0378536982692802
22318b12ec6eb14f,0.13811525639745256
9c92d4068021c258,0.16915725342749782
053aaf6bcba9464c,0.0741005282050757
966f0341c7d1f5bb,0.059788830609188465
624826d8d4f7d476,0.07360258194072983
250e83ae550b1992,0.2217690802961602
9ff420d30b835836,0.1274745659980012
f74cb9754e9ea82c,0.08716251062316867
8ab5a2752e698725,0.07321808339349227
56957aca1f34dcea,0.1322560961776102
a6c0cf21bf0a1be2,0.0294930524309476
427e6266110ac72a,0.17889991898833274
7b84fe626f3ebccc,0.1345720569255629
6abd9ee5808aa267,0.0663594339906454
15aaf86082111e4c,0.16445610463249943
afb1bcdc94b9bce3,0.03867860022893758
93a337e7b4fedfd4,0.09088372766997795
cddee4f1517d9dd4,0.08588752310545676
755140c7bd8e7223,0.10239546806679085
0ae88cec371ee0f0,0.04228684315309224
08a9f02754051fc8,0.17730222871221887
4bab179b9218d454,0.08860153580806088
2af9aad0b831d3ec,0.0412772918080049
7d330fd87e35ee09,0.09869254416043732
d79f0de699294b3b,0.14690586591542718
652a8c0826eb2609,0.1338776056300293
2ae2ef63a2565c3d,0.17408925067130435
1bcffad3764f7c4a,0.07328075872043127
707e78f41fd82174,0.05046872237769054
e4824a55ce76b702,0.04439897116985046
993182bb80730c31,0.10611794458413845
dd67c105d030f636,0.13511071822140902
3dc4dceeeecb58eb,0.1265414243356175
90a67d119116b976,0.1596626712853899
a483f8d40e026f5d,0.03872459900346043
3d24648e710fafb4,0.0599888291602232
9104c44e8910b122,0.04568198577936017
47b77ad7aec9f1dd,0.05673522126548718
a66cc4155a0edaca,0.11090921178560942
1f4dcc29503e1a4d,0.11450652930619323
0a295834d6044914,0.06626637485207525
bdce8615df21ee2f,0.03620471944410758
694b4d3b1ed04c61,0.04966114495791591
ffd75ff5c92f624d,0.11426696840001781
717e992041e77d9a,0.1274460266834586
eb5157274916100f,0.12778144550283438
b77c5c610fc74da8,0.046557369650401526
41d2ba14e653bbad,0.12731041638816595
f2b612c9be07aabe,0.09580963355859876
3451e892c310a998,0.08264696257502255
2ab24c04722d8bf6,0.050279708133660075
38ded7c17115e7e6,0.17708971429011341
afed8219aa70efeb,0.08447162345868695
1e9c4d7d2de01fba,0.12744048810039943
c1bda90e9a3b9ec3,0.07632246360987455
d406fda410e7c177,0.189880732760966
f49753bbcfabdaff,0.09487166021780316
4daee2e232e58a56,0.2063891079094289
858a9c1611f558cb,0.10366662531081941
05b0a9e8b1444d99,0.07925645828152234
8b2ac5da79a42e4a,0.15771612179688982
222fc0675ea28b67,0.045275622316991934
77cb5f88dff15921,0.1002132603221791
947d5752d88dc00c,0.2022185900599676
309a531dddebb471,0.16896615259768913
7e5f9d7d0cdf5a81,0.04400158267946486
6dfe2ff41e67b01d,0.07642969114737158
9a51f7696f388499,0.10545854012081766
9c5cb5a9b9b2b4cb,0.15046112266815362
bc7e89abddb2aa54,0.7057809219164409
5d3eff0bafcd186f,0.1350168012801487
d592e9d5579075d5,0.06493013651094882
475f765f9fa22959,0.15325406997398794
71d36204d6040aaa,0.13583990495371653
78119b8ffb9aa8ab,0.04656691813434138
09d1e9b9b858fe18,0.1345225208242885
ba5f5f59e3b0b755,0.15421659357618114
3b7344f40bf64734,0.09754300869416677
1f72c876a5e3738a,0.13793890672152606
86262f7438a90d1d,0.08905164954290329
3f6e10ed3e6a6303,0.22074869897371796
ada42e94aae1a58f,0.1572246928550118
b5320e4cd134414b,0.1133919974190097
ef83ac91e80ddd9d,0.07816934097988794
b8a457f0c9f14bef,0.07945343030210329
74947cda3decdbb1,0.0945898309105296
a39392c735bde1ac,0.0782525929907896
afb321701a74d5b0,0.04546754425311255
df401b9701e04299,0.054044946911097
c9b67772b4c4f44b,0.15966586750151426
b5665177cd7b6c5d,0.031035056212638013
1d621e5fa6b0c45f,0.10035094619704885
2d595ec6f4c2524c,0.0800596649740202
6a96a53512d24696,0.05739576682240471
b3a68808640b25da,0.04415633691489736
cd9f2b2346e70af7,0.05653846053000483
d78d162e0d903e67,0.1640931092934853
512b0444982361f4,0.1547637661261085
36f4f9a58e05409e,0.0595188338649358
e4b4fc878504822b,0.0973614236712548
d2c6c32ea3387653,0.03962400798067095
62d5596d1fe892ad,0.1845798445031865
8756eb85074bbf32,0.05267458223142349
9120f37fb674d8d5,0.11660351249076938
ad529a51765d4ec3,0.060175346258187434
f5e98c69a45e4a76,0.15856997979017892
4e8ecc5a6ef67336,0.08211819420575817
e26f37d892f837e3,0.1379873690133312
377bd33e8a9d5e7b,0.07107344204817538
7277e822016a05a5,0.14258720321127716
94fed9a4092a19bd,0.09819662902288338
28d304cf97ca614c,0.12690017327048142
5a5195df47e373d6,0.04230772914455373
ebc9acfa1d364336,0.05637309510097398
5d76c6de5ee62843,0.10403618794112264
511d1dd15e99184d,0.11134854569150336
b6d744f202fb4a14,0.11838887760587699
43c3e8abee7ceeda,0.12499367864622693
41afcd725afd0bb9,0.09627257195649147
bd4f0c1a61da90cc,0.2624170001713083
ac5e8e6812e3a526,0.13373455419828492
61843635f4d407cc,0.1703634201908074
d643d4e6d84db59f,0.13523967790173647
5c0b8bce49a0a773,0.14768480592926422
7c6020b2e5dae41a,0.12380998258550291
4a6f26c4ccfa8a2a,0.05376074193464119
f5ff436197b8129d,0.09444505759722538
27b8587241bf56d8,0.06791933762421665
a198a7b963854e6e,0.04241969234140409
8661667952751501,0.18365163254620645
282a1321ef8c1306,0.08641829737276183
db3dd0b21b03ce9e,0.12417684714241414
3bdc9a83d65a78f8,0.11638067009696482
2983651d59dfaedd,0.1402809345768212
ba2be23d69668658,0.055812894973918614
89d58eb00d13e4fd,0.06529527548476596
d2caeec36f4769a6,0.08715131313360826
dc23c7fae5f57288,0.06888250486681474
c6e284593c89d176,0.12586110797879835
523464c4f48eb02d,0.2055470839829721
cc7624fbfc77736e,0.16181487888173623
6b0c371df7cfc676,0.11422057430429627
986e8a5497d243a9,0.18098760433072003
0880ed3a1a77013a,0.12896237974114444
791d60ceeffd7ccc,0.20671635074385813
1fb2b452cb819b3a,0.1462507511103028
6e683e5731d8aac7,0.12685541317476254
d752f92de2b858c1,0.062441819787366
91654f6c88bcc480,0.06656774944061186
308caeebcc6bc059,0.07177969429801691
0a092e2b8c9c06c5,0.1162278930839242
e29749c7cbb0ef48,0.044895982651784114
02521319f8872bf9,0.042832098070545666
f699494da66c4efe,0.10463623228719879
060f874ec99eadc4,0.09247302400863182
1a2ea8a74fd54c2b,0.10247464168170574
a98b83e132c75465,0.04238280682081706
0fe8ca7c247fab07,0.11238423230413022
c8d9bcea59632f23,0.11183373850850506
0ab0d9c2a040f32e,0.04517127361652662
a03fc647d8141fd3,0.1967328674981787
1036e1cd53a850ec,0.04980026183744677
519d3f96c9895253,0.055219181639603085
28df6bdb66f8e09b,0.21018438376058324
89713786047cfd0e,0.10222820767172552
6389830954a0227d,0.09527470682053815
8a5f2d2c5004dead,0.04568096590826662
19d4cd44aecb29c7,0.10805398015766306
2ed9718fa269e456,0.12115217170789164
31d0832c9b203b46,0.07724791972951493
e21b68ce26bfc500,0.13308203478157182
cf8783ddc0b9bf95,0.043925112010127255
fcd44919c1b3f412,0.16371633533728033
c6e50665e7bf8738,0.09172978869747908
ce0179fa676d128e,0.2259910182046168
423e064e247fe04c,0.15081839790064855
0ebb4ab2c338fde0,0.10875479889879755
37337cc831e40a2d,0.11847684291195715
04eb53517170d936,0.07214890086061519
dac684a7b8635061,0.08735549557283949
a2f354d17d1431d3,0.1197315303515809
8a42e6579214e167,0.09834188554210735
c35d24cd26008161,0.10324693957925085
077789ab8d103e29,0.11399052032626039
5deb9f3705c67be7,0.11719501200494814
dc531f502bccc4fd,0.1012843687672009
ab4b4d6c12291a2a,0.07635300854111848
47b284804faf97e4,0.1060889616472218
d46bd1fa92be695e,0.04904714524920725
11c536ec56a47156,0.05128561545839872
d5bd7d0c4a297748,0.038706254477331364
d30e6ef239a13f14,0.15510907896101306
8be010237b513256,0.15508388573751147
e3ed18d3d53d8aed,0.06589729835284178
a9f5c2f8c5922e10,0.1703051703394674
05a75c012be2ab6b,0.2269770358507816
a068617fc089ad48,0.11283829795830246
687932e8fcf71376,0.04641028109851464
fedeffd4ef29f976,0.05250047005775274
5d3e23d9b2256c27,0.08074763649233664
c6544d7502deea99,0.07346054998027077
096cba9bc78d7637,0.16007835408416876
76b587348b5c4d59,0.12773522885481187
62185555ed060f0b,0.09571115460884393
b538966eb4ce164f,0.042048851434864976
8dfc12a6712b0903,0.1452025127115565
3ab52adc4b1c1768,0.05834316772457039
463847f9a1f414b6,0.12848074350624916
e93e14d11fc793e7,0.05070092923793491
2cd7ea4ff0b97ed6,0.09572153586254117
3cf1ec0a8c671d61,0.04720109786713489
e39df281ee7e153e,0.06040453116143038
272a6816ce2c7c9d,0.07551404295195482
f56230f889018c95,0.14870596214779958
4119f28f6d4d40eb,0.11135487334051998
3e744e15c1c6600a,0.09861222295375417
7975b8ce43d7163f,0.11701986661287145
76519a1ae0dba3b0,0.08248256571831741
6f6aca7dc35afbbe,0.0780689778970129
658aa810bdae773d,0.28433789817880545
41c3618b9180e8e2,0.0796963947898511
7cd53693b2b3a4b3,0.059725506921942645
a450a4bce9f2cac2,0.13199561071935903
05bd9ec45ff54b8b,0.04398978264198508
0d67ef8a9dd3249f,0.12236237361812569
514cfc846a144390,0.13303010117930325
2856a2a0114ba55e,0.18714279774068376
ebe02c0b1c116ac9,0.05289390087397092
cc31cb4421bd54a5,0.12050164828236758
d63593c7bd5f72a9,0.1400420252541866
962b8c33b5be069b,0.05790589743202143
40e508ceed1116f3,0.06224869865014161
668eca9c4cdf1507,0.14328751401147555
c15735bac7d4e6bd,0.058089444119196816
09d2cd5ccb05a325,0.08152892357810079
71ed58a8f5d479e3,0.14288873186798634
56fd1ce474cc243a,0.1916474726620611
4c4fc4fe6dea340b,0.16536975741256044
68fcea284ddff8ff,0.1318996693843931
8913329e85f873f7,0.11104466368610585
7a210b4ff6c29678,0.12963066503579163
91bd2a01c0384263,0.18247424021244557
14e4e31c9bd8d90b,0.04811098038480962
410f92d0f317cc8e,0.10372895706936454
780cd523f303a8ba,0.07054360666500827
77ae2af1842fa5b4,0.07840670116520933
eebeb3dc997eab87,0.12190705446655496
fa6c4d5205fdd5db,0.2083126388175728
f1798e22aeb3b385,0.2786730677113975
8af0df5286089649,0.09042062663897055
6e224e4033db63b7,0.0426428520312086
b8624ae03bb7e7d7,0.04577052819752866
52ca2f9cf118011b,0.34696242954173684
52c5dee14f8320fc,0.13702811581050944
43a4ed5577b3346d,0.1296318920786162
332563e196c7a1ee,0.21792493526890663
cc4b32b77225218c,0.12390474710942886
0b34a503e14e5271,0.17664064694899761
33100c4fe51f7435,0.10925068350673867
6de5ffe2b6664d73,0.046838847664670016
ba39076152cb0ee3,0.09593266178465952
aed179ff9c81f4f1,0.0406829037011196
ea1a9bf792fb6a7e,0.05819860591968639
2f06ce2d10fe3866,0.13910320472195808
11855575a4718674,0.08740709867866737
06d39de4f0e13f3b,0.11539120006181372
5fd7c68abce444af,0.13947584364503027
d464bbc0a2f6ec7f,0.1758575217248744
86a7d5c47fa116f8,0.04009179266653462
a260e587d0fd3fdc,0.21276114994595205
6c07a18d9f02a585,0.19097181137954072
8fd3d88e27ef7240,0.06990992359643707
80dd9757384d7ae3,0.07100016350355401
00a0f9038422aeb4,0.1062299673535736
dd38ea8c63c0a90b,0.10146196500561402
e23a165731b18098,0.18317567535507115
9bef89bb8b6e707d,0.041281678935708464
db5779805bc9128a,0.20450255335388884
13c6185147e496ca,0.21878665491741073
c23ad10e1020a370,0.07648326838245946
cdc252e1304b3741,0.06888267081317015
c9866843a2ca38c5,0.0912720856722975
1193dd7feb2e1c1f,0.03486306267840475
145626c411263ea0,0.07622446270888664
b2bb6e4261a0a280,0.22769533997377245
ce6c9830339e8d23,0.11607304951053155
e5a315b7bb844af6,0.12631650498281624
d85cacbda54cea30,0.07632396866804701
ec609eb2e4100b33,0.16027999644567878
0d785515807808bd,0.15863561518606806
6bcfa2aeebd0236f,0.0639201147893733
9ed83fa2f828fbc3,0.05329958097503594
f596ac3c62688ee6,0.17202849944159207
654c4ca75e7a6d56,0.13013198975675538
162146e83243572d,0.1466418659695039
9878dbf0860838fa,0.11538530308982378
332ca627787dd758,0.16454001051456235
679ad425e74f2477,0.06884318289047325
df5a276859dd4308,0.14064362178364936
e1f7d0ae0443184d,0.13587235430208294
a6434286f4234aba,0.14969044838046747
3351a9314dfcaa5e,0.03970413607428707
e19b22778dcddf3d,0.07909298024457315
a98a59904fcba403,0.09291774672867505
efe47bc01bf23b67,0.09445536430590765
a1a862c811a320f0,0.09309115987429468
bdef7203033a959e,0.14080363312579935
0fa3fd428635e63e,0.06651748715887064
8ed23ba67702fe54,0.20346907046813745
ece14f4f1731d91c,0.16994445413334908
ca20fb73d0c544ac,0.06890780493879184
927bbcf7fa67bfb8,0.15929645506375367
deffe32d78bf8a82,0.12108395240867487
319944ea096b3a65,0.05107316574329614
19bd6f94f36d44a1,0.08148246823050431
6e7447b72d462201,0.07004233360398346
be6959210f99dd41,0.26002673894510897
bc1a4abb3dbcab55,0.07731345150691699
41032395ff67eef0,0.18233545022271624
2b4004b2678cf0a1,0.08392927107030015
469658e2c6728fd1,0.09530006206720357
e67a54cb89e72744,0.04598420807342088
0a1aa269dba98abf,0.07144854851178092
746e977975fa2166,0.03459801337492263
ca51e1b6ef04fd43,0.07313605576378251
dd96408688197b1f,0.12083647841601808
23b5530f05f1d9e5,0.14054495839560058
da29e21770225527,0.07031482938012629
adb83a06bb93e782,0.05473570576524477
0e4d2b4f26be08db,0.18439942294385547
6ece7a74dc7701ed,0.038040416234106034
e5306d42c50fcc55,0.04616810344735947
4381dd659292aa24,0.07280816289231047
e31ebedf532c25cb,0.12075536005353074
853b98dd483b98b9,0.07030034645087535
2e54b76182ee44e1,0.1284865384324903
338f6834e70af5fa,0.03417022249478341
b5abaa739dbebcbc,0.17668852927792617
5a8bb8464a290761,0.1352339775256689
f0e90b285061c449,0.0443265052318461
e66581f055ee3b78,0.1337392937357736
0a21004c4d12a011,0.0758757110755746
04cee8b938d82d19,0.052366069296446105
c2eb2ef42ef59006,0.1008938062155747
4db76ad147f6dde7,0.11209711996377075
388d2efe55423a29,0.19659524663528027
b9875250f7ce8623,0.13142573528490817
e354d93aaeda004f,0.2814705117332996
39e7b31ad6490a4b,0.12769240773882332
a31878efea02ed42,0.06934483349298881
4db06f2609831909,0.10993103391838988
e23ceacf623bf244,0.11402902835128911
5b30a3dce1e3fc54,0.18409787353427057
9b09b933e5488d29,0.10162035100151512
64f0282d10422cde,0.07964216182757358
d171c9bf0e731793,0.11219983382854623
699a9d5c734b80f3,0.09068303826019118
79281527b5fd74b9,0.06471872186977458
63b9f2af8362641a,0.12406627119299193
8e20990222b8b1d1,0.09607957035371557
cbfad4f1f811ddcf,0.13640970959287096
a6dde1511fe8d47d,0.06997638773980214
54e8815e9966bb51,0.21378831161826042
cda24d31d8c08104,0.11801308838578106
2e41b0e18fd08067,0.04643957049218204
6e8f4f5c6e28c26a,0.14060737530073864
1f4157812e2bb339,0.13012381259748285
c2d3133094dc0fad,0.03944153823443347
e7e2da8351240636,0.07854813821008762
ef2946985749757f,0.06628441595203052
ae735efdf3a84f05,0.13932979581228286
8a459d7c2b588a93,0.17156851470907714
df0d35696f4b164e,0.0991165144913547
8f745cf8cd93face,0.04143657557768799
7aef10c8e6aae208,0.05754942064975929
706e881832fde05c,0.19050951507321268
03a6674f904defe8,0.06891185745366055
f00500b8110dde92,0.14690173134039675
1475216e327695c5,0.1476585657822562
3fc20688817559fa,0.03754941976893718
70df3ece5d814a70,0.05082594846895258
bcf591e552b3ba82,0.034179509750568327
a04e514a6ca8156d,0.19631545742379095
f83e082f10dc4f9a,0.047838444038911805
21a0898a3f0c502a,0.05567437493289641
c9afe9c2efa6168d,0.05902280248622188
9423152627c5de85,0.15813290263013094
fc5761df1ee97d2a,0.06593211214640476
b51c1517f2b27082,0.06456776636667588
966bd6f4b801db6c,0.1475170330552529
c39f09a3a7ee5d1a,0.12275479594503955
cd4ab667a784a10d,0.17579980398312664
053911f801591901,0.11801530234873092
4c12cd87dc745584,0.14652224676170128
f0c4df4801e5dd7b,0.04216808708688656
1cdb9e6374b25c46,0.05527052569095026
55a04d93184e2087,0.12301724724505908
b0259adc08c321ab,0.0883644316264519
3ebefad692cdc413,0.07879231452684228
83d05a33f78392ef,0.07042201549243413
57e746a1c420f866,0.14855337895689358
7086b53e09fe17c0,0.1287958919763253
2cefa5982f1e5321,0.10564390138423556
c4a61e6a8fa1704b,0.1190995589935577
cf3db8bd220d5bdf,0.13020675903059886
75c651d11c0a0337,0.05470272069542612
10dca6cd4d946194,0.09496528356782619
316d771ed9f0b6a1,0.07777244167569461
ef64650ddba7c539,0.04577892205667625
721f58982ee85da8,0.1661140130505108
e8f08bd5b06f41ef,0.03333482346842955
8c2e815ac865660d,0.15485974164333832
8191fefedc6afd32,0.04842526753480916
15c9fc425aed1fd5,0.1392635685072761
52f896a602e74ef9,0.15758439444398425
c8a94bf1f874596b,0.11886093582434797
64024839f91aaea9,0.12738768781788748
23a06e4e391dfcaf,0.11386219338746544
76fc88367fd4b329,0.0483844852847308
e7ffd70d1007bf31,0.061300536500555024
4df67b2b4764df2b,0.24367821977120996
5e23b5ebcc3c7201,0.17008507882252127
97c325c9980b0ab2,0.04841182075785824
3c8bace911db4b05,0.1611444812361017
d3af2a4f1b0513ef,0.1316747042479161
8a66145d22484a10,0.1533057152173099
f501884aa3b0a2bf,0.03950165965286291
21f8710a682b6ca8,0.1099601095466919
67addba46911ef5a,0.1589465135400099
cd5a8d124051f2a9,0.13785664418332813
a1acde423d140030,0.03831288276463158
6284cf5236839f36,0.10194705320403147
37f720257a8a7a33,0.14272087467093197
acc257668dc46b34,0.171289856809753
23424057c8458694,0.0786859481202449
418a7b8fddf172d2,0.23635550150524987
dc356b2589e04c87,0.15343940939069048
f64eef65821a8f3e,0.07199677920927261
9fce647d5b47563a,0.23406300489834864
52f9976ea5b478fc,0.052896009064819005
d240c91989c04146,0.2107411813097784
47ef036d29375b9b,0.21639577618487493
8808a12bef546809,0.07658173733212074
d3a20f2bcf2db8fe,0.10706862551333918
a451d8e451fac918,0.06558398185619918
9826735b01a08344,0.08495560498692775
c4a29152e2eacc8a,0.03339398481866375
631690ed30cc1631,0.20615789214256314
d84d8a6e6ca5eec8,0.05175813825653299
efbafec85fb00cc9,0.19013583218784458
24556c1044963c8b,0.18248552285834269
5dfe6e2137dc82e7,0.04234102798197718
b2400c3aa22283d6,0.0616404932447995
71602580e012f168,0.1735131233884598
cf01eb3e54442236,0.03798510389131987
1a07d25426f87edf,0.09400162133414897
13b3d3fe65bea413,0.06753651197510535
059edd840763fd81,0.15718692935473713
48288e044d74e7cd,0.11757907866445252
add068ffe0671cf6,0.04734780204776485
c99de47efecac792,0.12872907281829055
11cef543afe62f88,0.07190816338678757
e512156389905eec,0.05327210100083282
138703e658867a2c,0.1797218069777154
454c3092e6edd433,0.034466409702671244
dd957118652b5ed5,0.14024372341876623
af01fa5eafb4602a,0.06700875976815754
7bffcfd2a9da1725,0.13971173187616426
24f3f1ab071df78b,0.05321149844475051
3ec7c9ebab0a4a2f,0.16052797698234367
3c1d10f4646f69fa,0.06272786961287931
9c5f959e1195fc54,0.04248652869121081
cda81aae0a16f97a,0.14983485363175536
2bf6c949fa0b6053,0.10809011858528542
546683ea9e5995f2,0.1271426203359331
c4563254d849a8c2,0.08754489019120955
e9e85a92d9ed5065,0.07150941414102094
fc9fd5a085f168e9,0.10553221126578154
54049d409156afd1,0.15427341914609222
e4c0d5c0b9045e4b,0.1284529755836773
058f290d4016fd11,0.06177774999791949
e14cd74f951c3910,0.0679740090695678
05018e18dc83e13e,0.2968388413793399
763ff25fb3a65368,0.053346268534683404
eb5cf6bf7c8b4e5a,0.1302415619737617
013351fb7667dab2,0.09823884315037655
e08181f896cfb680,0.0616958552814833
e65d39ec9e3de422,0.15581024544418345
9cf499aa7626f14a,0.11361675434951113
f203a5ba78b7389f,0.12226431327692124
8ea386546c0f8c96,0.2060695203310143
0391f48a6955106e,0.04707281368071334
d2f70a0377eebc5c,0.05131411950769085
b96e54496b6a6713,0.11752710092357901
1ecd7d7fc32cc874,0.11433725179604395
a91fae320445e22f,0.05102230100422684
7f7f8d9e95bc3227,0.1442693273076086
8ed9c9b27ed7229d,0.0744021095144958
19862b4c0d2f34b9,0.07630805925333972
e5b1c6b3822addb0,0.1467024401731916
191edcd8d76cb951,0.3207862732880348
6b08a1554cdf28c8,0.05851562575585757
706610ca333da138,0.10455822721049257
5cb5f8466022eb46,0.12325985989889048
acb3a526d9921b55,0.07388424389411288
947db252e781ab55,0.09395471169700581
e94881433d15d819,0.06012240720303987
34439005f71e07fd,0.11356321696445792
989a2593307d72e3,0.10149043327255959
ec8f1d04cffddc96,0.10706893528461373
11dd5f5d722fb0e0,0.1346743994770039
d6738bf320835a10,0.0714988433460772
025b09a306181a55,0.09835650057939557
e5e3f5fbf93a1918,0.14104578728098188
2d60731de40ca5ec,0.07287150016756537
96789dc76cce8bb4,0.12476545749393456
e04c2f21eb86c30b,0.05297304429211234
eb4f7827e27f3e50,0.8790633867354178
c72cafb3b0ed2058,0.04291155363907289
38e789ce64afac4f,0.10720562736621803
961a36d1522e6ffe,0.07271961873894003
d915888ab3fe3241,0.09326700984908079
6d047ff0d07fd1a2,0.07146554708122783
96212cff04501fdf,0.17240822353835214
6cb30ccf0384596a,0.14863275757665528
1878cf5a842e6727,0.1067618812054643
47adc8c9afbd6fad,0.05226812692325164
bcecb579dcba782a,0.0630412078807813
24fe0dc9ab19be83,0.03775781972389923
d56cbf99a17acafd,0.07208697146435833
5caed519a777c666,0.04611290330799978
de3dd7a6a4564414,0.13852496699891642
3ddc28164f664050,0.07765257431291606
45693136342888df,0.04271142503203578
143c3caf6eb25742,0.09140988911625667
9295c919e27237a6,0.07691600173377058
0dc756a818dc5d9e,0.12642839058327454
67a0ca3f82ae78c6,0.04881072896931057
cbd51c3558265f5b,0.07704951117974485
b6df5050c31c7287,0.06161063338676409
73f20d006cfc47e6,0.07201433702264641
2de69b9443d4fc52,0.062327494612162075
1ea20c09b6c79a3d,0.08326436424431194
ea1427791f675329,0.10621426100533474
cd6c9a86e5c13535,0.13701295502357397
fe03f010fd99f729,0.21460390615915392
3cac934a5e569272,0.12353510182351105
1f9c8c5a31c38592,0.09413674476711903
325d3152d318ac6a,0.07804285468843089
c796149ae059bd36,0.14407151835749554
139b95acad0d8500,0.04991140397140919
ef8ca6e1ad6cbc40,0.1479182896690136
738b1f5edad8bc5e,0.03312599155022658
00b5753c64f3aa5e,0.14991303458858796
7509e02d19e2f87e,0.05407461577688128
a85aa8068fa925c9,0.1653669824835386
f8ff744430f73aa6,0.12999436558411337
4106129a02383134,0.04361288225189755
3be6495b6e47bbe8,0.10937307073688274
d58d8cb98c5344c3,0.07401716580290431
72c32db073874592,0.06668228758243726
b33541a9535d3cb6,0.10697268480762737
f117d4aad78b524a,0.08712812747358652
5e48da846d46eabc,0.16284048957712566
b0b266000f2d6b03,0.1556429372487181
2aa63d23f11f3aa0,0.04357483803732118
7ca15ff99bdc719f,0.07129740788311895
286e550605b2d970,0.0516546435159526
140d123f8919309f,0.1716943633657985
5406d7c0119b8b77,0.1367918195997076
feb8f158efc528af,0.1275042249636737
20e9295f7f1b6809,0.07939919786357802
8c67df2b06a8af30,0.09406777399670356
0b5100f2d589252d,0.15276538425039365
a7dff4879e1f2c8f,0.17021287599846996
6b9c17dec469153c,0.15414861319947995
b064e718f3825ae0,0.03993611446305137
633aa423117b483a,0.0774886411031193
2bd2dc8cda610b2b,0.1317822467417871
16b4f1b4b30d7a5f,0.1905568079892619
7ce520db2bb5b181,0.16409959658978274
359fc18aad246386,0.10310863079702329
4040467f440a4681,0.08644580077436727
ba27a17c66a28567,0.10784505937460045
5e4bef63f0b3974c,0.12955016626019314
849863283a0793dc,0.1293192200101325
aa9c499ad44baf78,0.1228006694709256
a3fd494842016ae7,0.11617612216896323
5f079c78614b8a83,0.18254260592445704
7420f14669961a6a,0.14690092116267295
0a083c164a874ea9,0.05186734799564685
396f04d4bed14a3c,0.11495028816706132
bda29126d66debaf,0.0707903593565549
8d5ece395c6a6b60,0.1093798605415037
9ea22d08386ce3ae,0.046535075891264446
1a277b47ca192cc3,0.04575609601335262
5534d1ac3ad47ca1,0.09866114133997407
164e32a2b96ed3eb,0.1383898870885521
cdea1d25f481df1c,0.07032871490807711
37e1f37cd163cc12,0.17300519669653014
4f896e74ddfe48f5,0.12623823072038243
ec881c0b42489ba6,0.0951661371066007
6cbbc142e3b6532d,0.063636609190333
af58eeb2cce1b1d8,0.062135924208511606
3792b407d3147240,0.08234477183483957
44abea18902dcc6f,0.06610687835284192
f174b76e8c589bc7,0.09874718213531582
d5cb1d76e26e865f,0.219774124522495
c953fc1a52b6d2ae,0.169153685859004
dd9860c103eaa486,0.04537564962782317
1a338e9358b4b71c,0.031757446394653305
28a055a15e2bee63,0.10613345540974065
d810129e88130889,0.08929102927833332
20b2f55f0ebfeb9c,0.1019518416603044
2dbfb79bb9d5d576,0.21802537301005828
a4f168601004a705,0.09214801042636023
7419f46f112678b9,0.15179716847760355
7d0ff708b6d6752f,0.17896615968903135
cbb85fa489a893cf,0.046220560939244135
c46a723fbfa594f7,0.07903305123958045
2104390897549457,0.09115530067346737
75c276f7d0f29aa9,0.2139277794610853
01a679a23b212287,0.17474340456586362
6cc58651b88eadb4,0.07315864486816487
14cf1ac65f8ca02b,0.04525064892069003
2a5d42d92966192f,0.0576819474710767
2010478948b9aef8,0.08365839210564885
31542ae607bdb59f,0.16150872211265055
783c99f058bdb723,0.08275841968109854
8e49ec786a6d5abd,0.11116133450054062
d2b9a740ddba79a2,0.05470633620239659
47c1231311a7aaaf,0.09517464803229383
c7937d0c63ca6a92,0.10562813118293331
64628bdb8224fe18,0.050785701259002516
49cbb2ff9274a4cd,0.057636101405712875
a4dbc0e728a780d5,0.16490006903262963
54a5b82f046318b5,0.15335586184475752
daa0b6896a1749ca,0.06802669148139617
4a251ebb1de72153,0.16934314056616057
edc7eab7534ce904,0.08842124029699977
0d31a18c31d12329,0.17459302268276583
ef643ea0ac629b95,0.08647426640529943
39049e24be5a4306,0.22154146383812576
f41fb0591a5b1902,0.050142613836912577
ef3add49907eb895,0.06486681620513884
3c80e6a34fb3e4ce,0.1534397062218824
681bbfb8c5372f79,0.15198749107754037
007f4be9a3f6e89f,0.049274184667076525
25144a9b2bed9be3,0.1631660593487254
61233f40c0cdaa2b,0.06684669190351293
73a058838f6b7f2a,0.20457144109145997
cbc20660739af678,0.21735677385061197
8fc723bf625337ee,0.1495006318687634
3ba49bd9e60f519a,0.051343973040084506
6a3b3033fdfe94b2,0.09949416407533004
c8ed653c9f871795,0.14099863582449032
2f6d48d7acb127aa,0.13320702161425568
92ff64a44efeaa6d,0.06780813028209343
d7169f20999bc93f,0.4489413676286903
53604f2aaf701357,0.11451007308342073
a7001845bc2108a4,0.16438762620216354
e1c8d84bbb8add74,0.04429577414798086
0b6ec467b5610434,0.055650509457268585
8ac52d2ec127a096,0.07383658147048294
b10baee15fb9d01e,0.15388458325286275
221ebe5d40d467ff,0.12636537873218387
4fe55b114acc6ade,0.09334552509537467
d8482a667d8a69cf,0.039365756135667826
53ade36e2a1b1e97,0.1583629655740635
23415b9cfe9e209c,0.12618016316065067
280c7808d94b9763,0.14867647230701486
de5885c6a7c6423d,0.18983269746686512
38de0e8716fdf6cc,0.08485345049606463
55bc25143589b254,0.13620869607944697
957e73c37d447545,0.05052604103742342
af84b2641d1c74b3,0.07002358111938739
e7be7f3fe2a831bb,0.037594957790154926
841f7e8235380174,0.24722756011149682
63d88f28c2a5df22,0.14419505780770075
8dad4fd4df5c221c,0.14151296816246284
3572ebf75eb17942,0.0996928963928588
25a1a550572c1f93,0.042198152426127934
6ae06440fe74b44d,0.17869121493132378
b4bf088ea90582b9,0.08485953845285829
6b9449d16e81079b,0.054784758595571414
4ff7c9e8a089b94d,0.1163282040087698
aa5c5648b80a1a3a,0.1021370371058336
5dc1f3d49bbbe4c7,0.13135785626554525
99546cb325e5dc06,0.1428284998085842
220c843637482425,0.10682140405243046
6608fca5b64d440e,0.15150756428313955
f29988dc0a3c0243,0.12386606975923875
51058b99b395787f,0.05375397277528787
ed1bbe11677f7bca,0.08133372126869398
9f9b85620fbc0cf4,0.06759434910244956
8aaeef3315304e45,0.0811264753975818
5d92173cdb00c0c4,0.08387293053573171
acbcfbef3b1946c1,0.05481603406371455
73cb612fe6d23320,0.15907867184852473
4216594871a36761,0.04957553629732703
1c2bf4927779574e,0.16362762277520024
1498d0dff1fb5394,0.05706195381416494
53f47e8f08b91aad,0.08376820289557685
c4229a0ce07e83b9,0.04287628433308835
bf61a06ee47b2027,0.039295554558298654
8aef635fd1b3a740,0.04258329027943479
0f6a8a20e3587b09,0.04318420898294249
75d7914477c996b1,0.062355321804896516
7b1790935e6cb838,0.03705134567907551
d680549ede3f6dc9,0.06087707686150855
f3bf39cd2ab5bd9b,0.08055348630929784
0b0930b54070750a,0.050458527184958385
3d97f118d250279a,0.16637656294471825
e9de0ad29a82a54b,0.0907127299625121
9485f200c4e02805,0.095094340110399
12d95850d018d3a3,0.07364670756727693
ddc866b96dfc3aa3,0.15955079321031765
45a33a8161cb4b46,0.05539449133072945
990eb9e1c61c80b9,0.0520276112050749
378b6aac03179007,0.054363528128542955
b6ce4df0bfb4d3c4,0.04605149320608637
a50653ff586cd76a,0.10968005564145018
65cd9ee07cfab83a,0.10257753365687108
d2bbc0c9f79df720,0.19769864590542585
82ce816296a1512d,0.032591746327256615
e502c517a223aa14,0.06275308078173737
71d19ea693604e1d,0.07283679285277972
0d037e649d83d735,0.10367716757918008
6ba6991213384d83,0.12976486109758695
4cac0de9485495fc,0.16019561245171307
9a0be358e968c623,0.038368407476265735
f1ca34616439cd54,0.048243026864589277
e301cf1f2e4c3681,0.13076432117340325
d614ef3ad50cc2bd,0.14846714441161352
c0b33846eed21da4,0.09044173027036537
d4e499c8cbcbf2c7,0.10008747037161046
112d556866bfa77d,0.17006484560780175
3f5b776bac1c2a71,0.09980873890230899
97fe9a981d0717bf,0.0964083734689957
ce3280649c6eb5c9,0.13102168871665942
7ae7079159ced82d,0.08173355076162667
f1eb50e28869a50f,0.0619273229920206
52c8dc366cde6d2f,0.05615781484118028
ef14064579612c4d,0.144600539155386
7897eec02201ca6e,0.07732517121971808
321d33ef853c8fb7,0.16309264038817295
96766da6bd7c3998,0.04126787700087599
fdccd120c1ead149,0.15171189335186303
288252f0e770ce50,0.16336050203456381
d4d977f5a3d8f01e,0.11427376384677053
62ea4677a492334c,0.1667161837997004
d1f182b83a420b6b,0.059777837222442065
0a8ea601fcc75d1c,0.12549067328358715
27930c385742439f,0.14046164870947062
13d12d929ca71339,0.19585635577524124
159b4f9fc1efcb55,0.04303160252175868
94ffb2f9a90b358c,0.09815825684870792
68615d70615e3b37,0.05210913472742247
d4a40bf8afd7e4b4,0.07427723785595193
e3dcfffec2d51e7e,0.055067375629104055
10366fd321e0ad43,0.060183458345518415
80e3f13b4e86e5f9,0.1742462746524802
6272a9e176561590,0.12538733950084374
14ead2f08e775ba6,0.11930964204788914
08ecd3e0061305ed,0.14048123154973852
b91abfe0273da79d,0.2200712812983885
0c3efbd8c39177b8,0.41056999283602097
e9e21b290009d63a,0.07113100477950107
c188505410fa547d,0.12155258047752458
768d9e0553a1399e,0.03525044008464023
a9370f34870acac0,0.13781022738312676
9f6dbe29c2020549,0.059890309197937974
6da7088fbbdbdec4,0.09100391951144829
944a046635530efe,0.1716499741816199
55a97e1488c333a9,0.05856853986081562
bba6644aefeb263d,0.1549232585047774
750f5d2c63709654,0.19305908935551547
b7f5c550aeab6fa4,0.11662528519267916
bf2efa05075a9f6e,0.07496087577209165
2987973344ab04ce,0.09085334294809677
a97d19edf8f608bd,0.06403199876386242
6138ff6754f14dc4,0.06629548882340751
87522437573af7c1,0.1496197058934432
57cc4278d6b67c5a,0.048293116144716534
8f29d789ebf40f9f,0.04676710026543405
15e17422c43ac280,0.07397954823551112
57faf77cf5f72f53,0.11845463035514855
febc8ada0a8d768d,0.05534444472233751
86ab68be69241db5,0.11561867431685181
5fcfe942606240bd,0.04203628892087548
31bf257f6a4a70d1,0.146522566782135
a09897cadb789dba,0.033069336698750396
328299ca9da15ccb,0.08011982538818671
c95184d7971b2960,0.17769774930141685
6ba9df085d34410d,0.342514063243019
396ed8ae6d33d2bd,0.153680590664519
b058bc3c8a9fe33f,0.1384167966786716
77b29cbb7ea1ac6b,0.16293674702075248
c8d191e05666d6f5,0.18523249312768195
c4d716a53ad99b70,0.12917921535292048
31d17f992245249a,0.07500716700354232
aa459cbd8c781f76,0.10142787608445145
7ba0185e8220f22c,0.05189154277325328
eb077a940d0bbcbe,0.10414148544750926
9298c80a21191034,0.10404246925433869
037747626ac5db4a,0.05496279562983895
8ee7aa8b54022319,0.16345534521122965
a2b57b918f2661db,0.07078844527441422
e703b056b17c6038,0.06465673320317121
5d760ec696eac629,0.1008346229093974
68589cc32366dc9a,0.09900716960701011
83d1d02b456e13c0,0.11706569671980062
f5ea6585ff5edb0b,0.17067661617153412
32290819a9b6b754,0.0861379184615729
f0cddec42ddbe07d,0.034112145746401465
41d5134ef4aa43c6,0.08685430656841121
9a422d8246e3f97d,0.10780191045868089
341cbe1cbd51048e,0.05985048509438917
3d2c0583f01cd72c,0.12826065868939374
870996e4835ca83f,0.05820922959281935
28b09161f3b17dab,0.12974894068184983
051b367d8fe91233,0.037775479780413956
9b8aba50b3ab95c1,0.14342061850170398
ff5577bdd79bcd6b,0.062430263265327864
92e4eb0a0d4c41e0,0.22158537000826903
575ace0896b22257,0.17717811326528687
a16f31da04bf60c4,0.09839733588673001
cbc13a2671d3578b,0.045663174548230184
876ba2c5e443fd41,0.1797487422130119
5d5689e87dee129a,0.16008417219443338
71a60a6dfa7e1760,0.11705940966344687
f2a38a0b81dc90e3,0.16265820573810943
ec97de286c2686f9,0.0681892587161391
b77b633a5106f906,0.07516452203320287
972df202456969d5,0.06822807368753415
5d7f4e9617d1e7a2,0.04727458109622027
196dc3655d9d1d79,0.035076155032365566
7b9da0adcf1bf365,0.04168923388707203
b9d78de840ab100c,0.05296519576496908
803868566ffdbdc1,0.04096899159818146
cc5f60c8c3c2b5e2,0.0620871493994499
88919e17cce1dcd0,0.04313324216811905
88bff82c05879a44,0.05122210100802075
aa64759c290cdf84,0.09124399374897596
b224a7d8b6f39ab3,0.08168826361370031
ef11b15a28910cae,0.06250299512436254
7e08eb8d4482e7e0,0.1547030820768905
609b606891c6ff2c,0.041516108807768654
07ecd08d07bac830,0.09075464098136687
aea578dbbc154142,0.15623320212287595
9c702ee77f731a28,0.09385216365867075
74a102877446027d,0.12713505968786695
dd13d150ff97f653,0.18861309916309055
36157f72f10981f7,0.09509539184194046
808639f0db0c51a9,0.09283904237543027
d809389ba1350646,0.11414879921645675
353512ba78ee6085,0.041148806006509664
207ae6c9e8f4fabf,0.07696821300774231
333ed3894f0f2865,0.148251064409215
c8e41f868f963ff6,0.12762979771273905
c0436a45e3cdfea0,0.04442195193879339
497bc4409ccbba90,0.1551060667303173
b29f7d1224fd0321,0.09389046286055373
7795ac2497824361,0.12454332896155004
28bd2f25cefc0467,0.04218761173000397
7a5268c2c0ad3fb2,0.08546144566208516
9335e306e6ef6c17,0.06416590152491647
380dbd85787bd38f,0.16470041796216733
4df3a358e7ec87b0,0.04178003130462825
b423d03461c67e1f,0.1617738082652399
8d6c8b00790579fe,0.08692882901618203
75302981ca660bf5,0.134185576927742
34fae39e3b6350ef,0.09586752255937153
47ee9553918d83bb,0.15000756452282227
525eb09cf01d4422,0.0864163359157207
f285090a9d6de2ea,0.1698818245584265
9a015d0a0e9dca3f,0.07150657185823496
5b9ec24c9cacd921,0.09992614062896013
80f6887bba571ef8,0.08740355532199182
a0121be4cb97ee81,0.052629896009613555
98bbb1d875be50a8,0.173412841378023
d13d14d73f638740,0.08306035173068323
b2c1f66103087339,0.07444741595640836
ed544070c1558a6e,0.09012981263070008
6dd8a5af5647059e,0.10545234531249459
ec707e8be77e5bf3,0.08950787895276639
435ba973814b0e29,0.09506305663938588
a003759cbad0ca72,0.07840778350782132
4c1f413aeaaeca8d,0.06674340793622295
febaa69039e2d424,0.11035842310875996
1a7702c55d1c3c6c,0.12475969328901157
747b48174e7e8cc5,0.04200041856625839
e73a38787bc7abf6,0.09643789410905154
591163e5c881643c,0.16293430588178262
95f08a028b009350,0.052771483242094394
74cf8eff69e3ee73,0.042915930469546754
44639b509c809540,0.12091664972098319
abcf4a1f567f5b1e,0.09766931743112015
987d6ffc23a79a57,0.0971998678068226
e7aea6a6f0d83afb,0.10412107106458052
d9d2d9b2890a7999,0.058195003092388786
deeaee8dc56ee2e3,0.09741998284736031
ed44fe0714d05825,0.13990035238014945
68d0096d6964bebf,0.06037623523229403
8d52d8ee49e4e8ec,0.16509968350962806
b877123e88a6a266,0.0854349490463983
8aae92b438c0c262,0.03869278525756103
40864f11272e903b,0.06626713965756474
7583bd973a7787bf,0.24613180511512744
209764663e3680ab,0.08780739383108643
1802828e130f444f,0.12528281246065393
c7226e4c37f1c216,0.18263393539709155
cd0110875b4d057e,0.09434504211365632
b66e634d66bc8033,0.04360783382682401
644bd7580a1fab58,0.08231694936470141
ceed54b1129eb356,0.07924185180337598
4a02d907bb4803fd,0.0481844792134133
d09af6dce02bcd02,0.05154474521060242
c81869bf2ef1408e,0.15382786375302504
455bd62f0c9a8b18,0.16107587014543623
8c648fe7475ba2a1,0.1268613085983208
e7c1606cda3f50ca,0.06567012969687337
386a0c809777aa8b,0.0842586795020521
882d6e6250d5d648,0.13603834452581448
e73fd396a2d7e661,0.06567789319792094
e1293605384c5923,0.03420540938153015
d8e5a75d55957e5b,0.14274406801422
75e6395a1cc7d878,0.1168541028959367
ecc995a8d29cc898,0.1180244306839267
ba27e43ae6b021c3,0.08111270828390127
075b11725eefed48,0.16688036025765973
16e06a6abad58f9f,0.07716823327084588
039a18d8a9005443,0.20025030406236904
166eabcb1845baea,0.06302492676935392
150f221c402f471f,0.14137847598722117
2af5183224226208,0.10988070492739477
30a31bbf87301908,0.04445670331462573
95c87aa909d557a9,0.038251164563170625
d70eb57711fa415b,0.18369350565433368
9464555817eb4951,0.17518734226612587
8d4e5d5935a1a663,0.04350953535014544
289e3f76cc551091,0.07698171783643892
8646ded190e78433,0.10442048944443941
f2e3c326fd923449,0.06683064971141978
83f8985c38ecf25c,0.08386809749155372
8b698836d194ab64,0.0649351707405062
74a48ddff930321f,0.047490844416276476
79a5efbbc2b4f8ec,0.08029033163332894
6e88ede348b8871c,0.11708196594865045
d98b06d0f7e1b8d0,0.06515265293073368
dc56b06363e3abc1,0.10496748746633462
b5355653b987b958,0.07234656448597503
e5bc532f235bc0d5,0.045089631217468285
153cb69740320d37,0.0636887302176237
30ad5d4441533a6c,0.10595531517089002
05ba774a4ce6ab73,0.1926276896979522
ba467da19b1f2810,0.03608797626382058
9ad04a6b621bfaf3,0.14217442963553156
f605e43b08e76847,0.14123893716526065
fe2d494aa36b099a,0.07605258505383333
1e5a8f5e21430d42,0.09891593621547443
9b28fcb2ee487967,0.21640600571608043
2f1c0ef6d36a75c4,0.08290870298389351
37fc5525bb7de5e9,0.042693518503984895
d6538f0dbb2a123b,0.12974735843313154
7dde59a4542325aa,0.04998488107785796
20c617dcbd71f357,0.06130329231545195
77f00b5e8f833d41,0.15038160310094098
869a14428379a740,0.08581307999140075
5fe5544f8e236559,0.12063782761277769
2d3681cba05bb562,0.1762069796409254
499be0abf97d1597,0.06912616437384943
5b423761773c3a6b,0.20013796151436067
57cfb14bc788cf66,0.14006931819036364
bf8ee8443882eb4a,0.14333094371715926
400e3c9ccfed951c,0.08190069567710906
95c34bd334691146,0.15819303684170521
441b99f616030e70,0.08077124059642281
d6449401e78d3385,0.08026302308498659
ee04b5380c7d4f07,0.15822471399781557
47350f4648bd6090,0.04007837030609251
3d184c420016986f,0.07002592884968921
2525af5583075cac,0.11250528145541602
37055ef29f0a3dd1,0.0941410311000479
741ca2e53f728930,0.1666999855522667
c2060532831835cd,0.1333238359833195
bdf51afd82ed739b,0.10170599063139887
87516eb4863191a1,0.13832009832873143
034a25e098498861,0.03983002172672646
2beaa963f217969a,0.24303971950032766
6b03ea3eb3783933,0.06677220877221812
99cd56ca4ca12f1f,0.04725935184091799
42288d86bd56d80a,0.08387155460376217
a5497f531ca73858,0.06003432193559277
6b8797ea062ce398,0.09583139631773788
1514a9ebdc630056,0.09389596255826674
6a47264adc77dad4,0.08199510403193512
4cbd1cfe1be11280,0.177185118698525
555f489d111c7db7,0.07438054816675034
d3d1d52e817c754c,0.04539254296529262
80c2b83979b319eb,0.0559517441607416
b601ede8f1d5ecc9,0.03870513735494323
ac4e394f11848f01,0.1399871928660416
a5d564228af285dc,0.07357008122939779
872eaff0cae2acee,0.06933779441706896
ca524fe71b6054b7,0.09366116379102794
092fdb93d96ab75e,0.04568162993906669
b1224feb365fa8bf,0.07390302229869118
b5883c6e74b0ff0b,0.042245139740969426
7aade43a31d09f8a,0.08486166952248923
585ac3a63ccab1a8,0.06284211109622861
e4933222bb492af7,0.11679554610694243
d4fff28089f09f7a,0.13788976268084513
1faffaa35ce84d77,0.11617075812232577
27afb6fd6aac442b,0.038472026974692916
847a053fb85c500b,0.05883278764713655
9ad6971bd0ebf223,0.08190916071141696
a14e1a04f336c6c8,0.05520866725347545
50698da7b2db2350,0.0850652241432385
15655e2cf84c9cb7,0.16721833276047443
ef796da1e5967ff4,0.1824469542564845
9331c7e2dd294fef,0.1157987045059834
b7796a59af546a3e,0.07490168136635154
d9279cd811aae7c0,0.0765048551850604
df81c08c47af6c59,0.16958767657574117
1b9dcbf8b65b1a52,0.13414394962291487
dd377f760a65ba2e,0.14917262729201394
995b4a4b97e53e5d,0.10298784025748234
13b533f79e5a5caf,0.10830138195296006
d4c903b8efe43c13,0.15712817690025593
4fb9e1bf5a2f571f,0.14450252892693
ed595c03e7747694,0.052023911342553686
73e9645c3d48fbb5,0.03472517645441127
a4b5405b00736981,0.15668318792274055
2a653776755ba7b8,0.040164528939216154
158fa97bf999e010,0.11966448356812961
a95d0a261a3bb142,0.08350609190134797
ea46e88a59d4fe5f,0.040061220239760886
6496d7761a0c6190,0.06654128180146512
6f4ba984b6dc3289,0.08452290762684407
5afad3e6c2fda712,0.06385094433708882
02effb9a084a466f,0.08608063888952538
f43a5e53fd455d87,0.20920901364174377
49bcb75b2ef9551f,0.038213730994064894
b21c8167caedde33,0.02657811972968181
15d2bbcb8c316442,0.0474925052402604
523bc8b194fc69ce,0.05728117192495848
d7b8e5c99743aab4,0.10317065227945119
3ad43bd42075bb8b,0.16555133018756554
812b9840da2dccbb,0.1814152789591017
e70b5a521c308e83,0.14801374772492915
3c45ba8ca9f6f412,0.04348089741937332
7f616f8d83b3eb18,0.07190751268174954
26c592e1845bb489,0.06808326603830181
68d37c0a802b47e7,0.13213454646769376
d8934f60893849d4,0.04723900585653261
2a3dc482e2f9765b,0.09465422517497367
016da23592d81da0,0.04041262978049896
4fdfd4d0c0f506a0,0.1594971389658561
729fc49d981fa3bd,0.07741608850857407
15deccf643c21df1,0.09863341660710051
7daf2f242a027468,0.05341526811498495
d51a0a86350f7add,0.04251917267177384
52fa3a33f632aec0,0.12239952950037031
bb4d95ad5da1ac87,0.100281599347709
cd23dbd0e165834e,0.05688094011973733
ba39191a07cf9e7f,0.11582042594750162
9ba5cac296310d3a,0.17810888018961846
d322c51efb437d17,0.037198461511276516
3af739b2f776287d,0.14526423374258046
85804c2e9c6d680a,0.04922432448419173
cb0cd20b25649838,0.0629548129806934
12c942ad8a277403,0.10780118327973257
289e502cd91b1547,0.15155345178316249
31c382a7004fe972,0.08487617676213216
d169a1c279a46015,0.2939381117292142
f9b4abfb6291393e,0.08558222218666933
6717d92d92048fbb,0.07872465491554555
469f41c8da1eeb41,0.10496400444158878
769314bb014d1235,0.12294240788416194
ff2e280d521989fe,0.06822000630795237
1d52653d4f3c35fc,0.03485423368810273
4c0ebdf6c9dd9fb9,0.058822378449574414
8e182e2e4650cebd,0.13825205649686068
f55714d17852a183,0.06405787003447465
f2e291daed34f717,0.144705282825199
2fedf01adbad6180,0.03650252229411344
7079029a20553569,0.13216117541322583
7214daf28cec2f25,0.08704817464147474
3037ee52ce757f35,0.03856355098305017
301594a1fbd58308,0.11317334636813622
971dbbb99046d9fb,0.15651673769917573
c7647059905f4dd4,0.04817416021568418
796f7cb75fc0eb55,0.16766221066760534
bcf00da3386bb946,0.14048821529627376
9fde66ee9b59f95d,0.03448299992917063
752d3e65ebd63369,0.046897834372338354
1a6bbae0cb804476,0.07885800128980064
03cac4272e7b8e63,0.14553689772816542
055fecf2717f29a3,0.13472916563210088
a2aa85d0e1bc4e6b,0.07411839821761487
ef9db57cac44e529,0.09499334149037708
8c91442db55d9d64,0.1129788383051307
7cfa3fef2d1a1dfe,0.05613683579495425
56ede8d9842e0590,0.048497552832335374
fc74e63ad196960c,0.19634153434826931
342867ccf7337815,0.0439191497403459
866f7ea3c4be20e6,0.08674357727040928
f45494a74c712731,0.09462297061937812
414228464c8b74af,0.12148220517860812
e4a3f7a35452e28c,0.13409871848031252
c1eccbf012d9a361,0.053421956823005635
a715e394b41f3a16,0.04811919932135335
26a24b8218ee00b6,0.1975285235816416
db4b58e70acde06b,0.05115694078266901
deaf015c1e137149,0.036284317210238115
9d4fbfbf523a0472,0.19270753395205653
ff7e2911a22e8008,0.15596678105098244
30449ce55b14d344,0.03928168446836024
b930073e02948360,0.12595103576473443
9326674b4c828c15,0.11097959022524907
a9b474db35164846,0.10448273932893239
9183d88dcf308c8d,0.06542237691707493
47c8c6f64cdc0a43,0.07535708722960724
2ee4722095033329,0.10618526500686709
cb8a02ecca44027a,0.03652449607043416
1925e9dc63237314,0.10536649266688156
dd36f08b99fcfa16,0.21524086834765158
9bbd43f6f760c243,0.13548757167448316
a766359aef66a25f,0.09930378349947483
4d10a4698fff400a,0.10101461404296087
44a6285639d7fcc7,0.13096843449869508
a64ce0de598f4714,0.13543178261241395
8c887a6a554fcff6,0.02639161380397683
ef3f3402f7530e37,0.025800533999280298
e9cf43bab751f410,0.030595164069119413
1245634a78a3136a,0.04337654839888848
7c5ed75e73c20133,0.06577696923121441
ff7628423503cb61,0.05440608110275516
55df3baf4cb22442,0.045050929771674283
20497b1ff5df51bd,0.15417977043547088
fe1c1e2e166d6943,0.10256167728704774
0a6a2ebc3b004ba8,0.08656131448955945
ba16bc573e1d9a6e,0.13997412224264347
41ae92fc5f37cdc1,0.06146253819103558
ae05071f58d92774,0.06192931664180511
a8d4083bb2383da5,0.15487870708618529
92cf17c3d59c9b61,0.03375553838779835
f591caedceef4268,0.05422476546530777
e3d006785a8a409d,0.08249207563256153
dcbc913499301796,0.044590296335363766
b630e1af9fc1f3b9,0.13686989501217212
7d6a1e459131bf25,0.16734343201198454
5f891649affd8c18,0.09092243011232416
7dc102adb7ad6667,0.10398608457218353
1b8c16064d0dc4d7,0.07789812818599248
8e5286a9c7d73ad0,0.04103471024011651
147e554cda420ba2,0.04758040845179699
18517e2df9cc10ea,0.09123229345913572
54ca2e9aaea55320,0.4277239193033447
a923278148853286,0.11407250589600496
cfb35f11977c3be6,0.085118431357422
aef8a4667274a47a,0.03519830629548246
2c51172cc4d5eba0,0.049257869692407766
494446d84318c9ee,0.0969437421521519
aa652d97612fe50e,0.03637274963282519
baecb9e5cd4b2907,0.1488836247660223
c29488c64d211da8,0.0683434366207598
28746b4c4b26d721,0.0372439172228899
8a45d03fa3989bff,0.07271021823703328
462b3e544fe612a2,0.1258495151470015
359614f152fbbc2d,0.09434132640895615
5e953db789137f0e,0.14227156256677892
2a99aaa9555b3dab,0.1206503403709456
aa37a77bc447fc0a,0.18275161137409263
8c0d7f3ade155e48,0.0430480816371165
45b05dd1071039ab,0.25005949009906814
7e037c271c23576a,0.06596472797096826
9adb38d0576dec06,0.11699778166750256
532c84dea557da7a,0.1295758715616623
6c302b9662d3b5c1,0.08771132946916574
666231af023e8fd6,0.057153584462686646
9c06ef2fdb037a79,0.11244573011797002
65230a28464587f9,0.06127433114108542
b3ea4baf43182919,0.11735208049304208
c1f297271ef8cab3,0.0459205444269159
7c58e1fb77913d4c,0.181305424950446
00ece1c11b40f8ce,0.03583504817185255
a820b5633583bac7,0.16176676455954983
b4e9165d8e2aebad,0.06015981889002742
85f20d358a8d6ce8,0.09284627541790791
148fdf734e431091,0.06684326505438135
67708062cc529759,0.10609729104525584
d764e50c36756862,0.22592338810104634
dc093657cc4bfbc2,0.10721561603701027
08c0597e111a2388,0.10524261185373324
58fc68c0720d8cbe,0.07664324245271263
387b7309eb20b505,0.12849958143036228
cca31a05a820ea88,0.17316076538357245
be7e5b7b5839a348,0.12878451899763343
ef7aa159ba83917c,0.11306426215278668
3dbaccedf2355696,0.054399659590443225
3774263bf5c9a393,0.06966380343907397
e830f76f4667709e,0.11191559241288035
c96965b10fe9e8ba,0.044689454788841565
aea0b2d75bb410f5,0.11046703487826287
892d778bace3f693,0.10873254293197047
f46440975132762e,0.19734606425822654
6084fc419fc10f1d,0.15685368583419912
c6fb1852daad742d,0.06464512360030773
2bd09ffffa247f82,0.06555307927109658
5ded576ceda86075,0.10264054805288494
c066afacb3fe3a52,0.13150788579857955
21e99c194e94917b,0.04239400111522139
7f4eef61767e4c67,0.041253313481064396
dd19efa057bdb4b9,0.04907256254812102
2b309ca794e9b11f,0.21957330118581045
8428fd508cf86cb1,0.10904259274155631
bd059d7efcd14494,0.12919135227545453
7fcd9aa10e5ab5aa,0.08295050457657308
9398c438c5fe8b90,0.06202819444403329
7401e49aee3edc69,0.1085503822068622
0520f17da71602b5,0.0676810674147663
efeb31befebbeedb,0.05849936052426626
df3fd48fd3b3331d,0.1141010321867917
14e14e2218536077,0.12117323836630303
1f92d25274d4f038,0.08877632058595687
7170ea34f6161e69,0.10828281949502648
04b0152464b775d6,0.09333603232957459
7653ee403f88ff26,0.10585506006383834
ee84092d5d680f67,0.1965800000978118
c41b6329fa5e7012,0.04380044371154605
1514f652f00c3b36,0.06579930291584217
0c6d11c69bcc6f46,0.07458970349559507
382f75d2edb9f457,0.17023233399893464
ab482dbf08ad90d2,0.10936338918119079
5ecd94cb7901e72e,0.05841339663080124
176da975d008461e,0.10795044368510448
882d984b9b9d8fb6,0.07403726700286722
efecedca199bc74e,0.15859520553387832
5f185fd802f0c00c,0.10390341761659536
b7be75c69ddcfdc9,0.03503547754914424
4da0a9696b2e9612,0.07165146233685071
755bd669f9bccb8e,0.07973528470445938
dc744a1038657389,0.08090019399982296
f5565f23a877bd69,0.1215912271905276
45485cf629983a40,0.161420177563558
9d8248668d721756,0.10463017132622604
7e637102a104b616,0.043663890843179926
b9095cbbb40751d4,0.18170140522890485
b6f5bc351054c7df,0.08398449331575195
d08fe94fcb0dabad,0.04874558193172489
edb4aa5de0832a92,0.07312342589905443
b142c9c1185e5f66,0.06612536384089035
1473309b954d71f3,0.15311916466334669
b604a5e504b627c0,0.25218497272254947
d5d6a72d9d2c827c,0.04481946675428866
aac5a801e8926a83,0.09041423105537688
45b600cd20830ac1,0.11516844146389266
8b6f8e193f28c495,0.0624622271511836
9cbdc55a60ad3994,0.04024993388323467
59cc8f62d55aab98,0.034204212022119436
42f81ab5abcba09f,0.09858303089689757
758524a5d6a74122,0.12121970282651726
0acada29c4de07eb,0.10162273883347478
6bf56d0ceb2c1ab7,0.05128786175964388
03b29070bb68828a,0.038445550759251663
2f553bd8ba413efa,0.03918377983243844
c3ea0fbb29a15317,0.08230254564494537
797edeb1c8a9c95a,0.09509200907879223
beb71749be71fd3b,0.11969460749096755
c660714dc6059849,0.09251354693704016
549961b37bef9764,0.0355281484435222
dfac78eae9821675,0.03524990546772905
588c204b822eb2c2,0.12936139794213491
e96e43deab9b69f6,0.16671651656007397
9c9a726ae65647b0,0.04712107964637177
58f635ddafc61c78,0.20653319136525206
d40624f11c720afd,0.15709861099959646
73575ac328053efd,0.08131394625992702
809a4127b076294c,0.20349671791462076
d476e643d990be24,0.037862627541639035
4d04534027759be4,0.0926822303057886
72c2c7664c8294e1,0.1512769957766064
d3bea4fa475618cf,0.11709402492203824
7af7100957117fae,0.07829375077734552
bfeae03c16252052,0.06387779379174752
dab19b0b61104952,0.12834899261664973
8b72f86a4e6a970d,0.14040873552421998
c775b6de816c5092,0.134339303620603
0de6dca19e114646,0.08461896193782166
0ee2b0fc31b7cbb6,0.048128771171076945
3363b132efc51b9f,0.20895586110647885
ee924a0428a40a76,0.0508473741080436
ac3726dc72e71ad0,0.08772523119550507
374584473bf4cec4,0.0646487112152993
e6b8e496d903523d,0.1017298181986845
8fe009970d6cbeca,0.05150741388199537
b03e574c8770e9d1,0.05357779589911478
27905f95e6931f22,0.07758503914088331
8099a0f72ee1a1b1,0.06416921701731342
5fbbd8a6f4ba3669,0.05548667499541693
24033a02989369f5,0.13515481358953008
223faad452bc6598,0.17106979747069495
c5c13adedfefc67d,0.07942985223414525
ec24ebbbc53f73ce,0.05012630781757691
3a3e4d31cbad45e5,0.048085756421142364
79763f9ebecaea1d,0.12827405203777337
46806e41926c192e,0.10765485829431937
a5cfdf6746ec5cbf,0.15544288518855032
0ddbe3ef0aed551c,0.0608520977975713
b641fe7061b46442,0.03500882583031035
be98835c447eea49,0.18568232465830098
98aa4160c7876f0e,0.19100328425135135
0753638b45dfacf0,0.1321666409993905
e938301ba66e78e1,0.1457159467916957
64b695db5b68b91c,0.09957498517770488
2797a5b06b8c68ee,0.05616767159321608
aee53ec38b7eb6f0,0.1302791821643175
d59b57f46a383c1f,0.09686566443430139
8c3a505dd927009e,0.06677896692609173
436e01defb530baa,0.03234851145492515
2f54c0acfcbfd646,0.1584078579484206
20f15dad96dc92a0,0.0561574504606524
8a16a230e343a296,0.08789931595170886
fc511072e8631203,0.12367065837980681
5d976c71ca9049f3,0.1360249792104452
b207e579713d5841,0.3907304653747132
ac03eddc2e2fd2ca,0.13728545516485718
6b1e6ff0118fe59b,0.13152354459467097
2cc92c1f6bdd93d0,0.09190909440489534
f651266acfce6c0d,0.0743355756514344
c3b49d19c43acd64,0.0548000137147399
05a27ebb8a82cea7,0.28238737950429926
f32c511446a68874,0.057780322231340595
108d6b400d52aa73,0.12896748567824048
7e3cd0895bbfcd9e,0.1518190850639457
2245ed07ee31662f,0.12871532629465254
c81aede118be0e5a,0.07975627035211805
d664a113973613cf,0.1057773399319796
2899dbe3769e8b1c,0.09933668100153811
164d8c33239c5511,0.10752411253796774
e753bb93c30cfba0,0.14910623894931843
4493eab669361ba7,0.0643236114531038
4e55ed26dc79c3e0,0.08640966567284558
1d2f7db4504f10b9,0.04035644144238863
9749ddc8b2a3a385,0.04310954567977336
9aab93db4ffdba7e,0.1623030305810754
88558205521546f1,0.07623351007605679
02a8e05f667b2fa4,0.0741304122855682
f95b0bb67413dff1,0.12716555711692154
b821f8fa7a26d286,0.05423904346924062
bed1456aa64d60fb,0.14857020861661804
685b1294dc5f8cbe,0.1309600892411721
79a0510c936f5eb5,0.15985635263180242
07f28f119366b484,0.061614689917045246
949af0edccb8d159,0.1496014191860533
9965f63ba2d41ed4,0.04940040408794559
f635cdb577ae5471,0.1263489704219748
6419d144df4c87de,0.15427658397295657
bc7f2dd2340df372,0.04188482191112397
cd35e912794bda2e,0.062283509956282165
abf3b6dbce73db98,0.0657025072625798
4eeba8a4c17e4351,0.09682730693705963
f612b9af4ce98bda,0.17970142274371423
d8120911733689b5,0.07038956290749612
723bd2532e39f731,0.10600990610029049
3889ee7a1f5fd62a,0.10036379919081898
66ffb196fbbb4006,0.06708134418334172
53a1c51ae93d0e81,0.12491841828430561
0a4f5ec5f9339110,0.0521809304700539
34416b6b8b600a61,0.05922085575993148
1e0b561b5df0447d,0.12506725479030728
43e848bf56ec0bb2,0.09979343976969371
1ace2be427eaf92b,0.0536607490268452
e24ea459233ec078,0.21870145520356898
e019c487befa7761,0.033848571149794435
7734ddeb14b3d277,0.04483340212476518
1961aba76570acf7,0.07650736923794621
276265c86a0e2a26,0.057385937984997776
4fc5594c301766d5,0.1219848278839449
bfd20f3d76573073,0.10149142121188504
8526753e065f5b50,0.2013210129065654
5c03ad68783d0d61,0.05022195672329422
9c83e80d019e0f5c,0.11379166636075659
4e6019e87ab5ac6c,0.1203085521297812
dbf6023ccc73b0e7,0.054270337737711574
fb35b29ad551c9c9,0.06271330382296289
3ab9a4e335cdfda6,0.08660637882044109
86fa9d51e632ae1d,0.09203081833976048
ab30ffa9ef0220dd,0.20019872576874242
ebfe496544b5a6af,0.14444092715000742
4cb026b93d1e4edd,0.06269581729321169
426a41478cfcfc22,0.06527526049676935
3e16e5f885a5764e,0.06607892674800517
dab52f137b1ba008,0.17395044170552224
a7e545c29eee2bf1,0.07777588289470938
6a50159c50f7f9d0,0.0401558327698113
ded3c69308607da3,0.1984270024140414
921388faeaacbc80,0.24754129841551895
8c90e1ab4a546bcd,0.08432574237886135
31b1827fce88917c,0.0513396020676002
d97cfaa40be224a1,0.046846496610977444
b4dae0ea6d15a25f,0.07699976040717829
ffb033e54895ee3d,0.1683229947136058
2b625e5d9c22b0cc,0.06710591428703966
87605745817d0ffd,0.0338349821842373
9717417666a66daa,0.06473705216376612
3267d4ecd26e96f1,0.055530425992012515
3399800c4f113d8d,0.12808361373502142
f457366f48f27702,0.07676578024153136
5a6c4f9b661a0ab2,0.14077180481374418
76628bf9d8b6b0e6,0.3585056788905149
997a5333179da7c1,0.05437835019357313
044dbb2023ecc53f,0.21556814470140764
737497734f709843,0.1813935095434172
fc7d05c3ca74b0fe,0.07282880492896282
f5b74bbaa8085255,0.07655141983247586
c1d1e5c41f539d03,0.12029515570170013
86f9c72ffb536f2d,0.2906185073900816
95b9d46eff640109,0.07221780605853918
3aff516939a3de92,0.07261110273482413
23c1d6b14d960725,0.02873483988377299
0b0950c974175a86,0.07285304755920927
e94d8ce0ed816caf,0.0655977460491371
037bc4751346a482,0.13754362073983772
d43c5617c5e69df5,0.2685233644395355
82c6f27cdcf850e2,0.17210545324343018
7652727437cf5e6b,0.06519100398013059
86f089e7c7ae0d75,0.06245249366024458
b9d7751ccd00d9c9,0.17192178461769547
0a079836e9e1ac2f,0.07938832822685664
90461cd0e33baa56,0.13541757906790822
825b16c4984f4382,0.12296853764693555
9054cbcd60dd433c,0.08208919225527667
770e4ea8a1273a1c,0.11440977386930741
518ad8ed2ff052f7,0.0952049221438345
f12c4df4f05fb6c3,0.06109128729605839
95a9d1c987aae5f2,0.10854914604642864
1d60b64e1441c91d,0.11095817653473683
84ed70c1cda568a6,0.08276576679295464
3d6e8f3a5d06c7a4,0.05722430504684431
eb1779538632b044,0.055371519408695495
bcf84068bc4b5615,0.08505522098747569
3dceaab87e5bd6cb,0.08829490748484638
c86b418e43874d34,0.09527989413343518
95397751cf365c4c,0.11738013456541165
e80b64dbd916f780,0.059437905324777156
d2a231ba481924eb,0.09229721585617745
e86aab1a495bc94e,0.03885260520384287
4c088c5147f6cc2a,0.10170805209329764
746c9771aa5c751d,0.0902122889708657
90005adf46be6af1,0.03469833011938925
78338f5a63e742f5,0.12800419335020075
9c3f2d29681d0d34,0.13239260720337273
f93fd851b68279a6,0.1899115605122596
afed2c838b247303,0.18070755958830753
995d752a3bf1fbb2,0.08321208510570904
33609320e5c7578f,0.05707450788079358
1ecda15121ffa27d,0.05853478782368647
47b2accb2f516cd3,0.14357999587905504
5571f2482997d163,0.13605366661996665
32897e94a9feeb0f,0.1921317632360357
3d5fedc7f245d35f,0.07871793932828061
1b4707947519036f,0.09426541383045098
3cee4d33cd4686de,0.09602079354871447
155f6d74191258a2,0.1021162740993844
3ae6a0b3d379dce4,0.08036465687638025
dab9de12664f7b0b,0.07725478514656928
cc73e04980d2167e,0.06623753151554237
be7f0f5d2c65bf06,0.10553820262148533
dea114b428048ebf,0.03959373977805555
deece306851a2a78,0.06600455510305504
d1ce358b8f732eb4,0.06493797680625459
e025d916d395fc1e,0.1298294483249023
f50d9be3d733fdc9,0.06994375618228914
a6c0d8fd193f76fe,0.08531062354201055
569e045332c790a0,0.12946746310615487
977114ec6d208ff4,0.04008707736738186
17faede0e698eb93,0.0781425205240567
0610c3287750d822,0.10150253437704168
58e6e26dd56a60a1,0.04392257357957116
bc263b5b32d9ae07,0.054724151091031306
8894323cc5f185da,0.03390739630300844
e8229221a1595393,0.05874071649916474
63c589b1e27997d2,0.14919089833225568
fe21e0f0344dfca8,0.13418698254055503
7e0194535136acfe,0.07731637050438883
cc859709caaa52f9,0.04020816479162605
56e7153dc35c0573,0.0534453321182146
c76e1ab42940cee5,0.08654973914110345
2ed46ca4b8d10516,0.0985090256766867
ae2f86a0a6c3b696,0.09784199227081067
a05d11d463a21a32,0.05839681691487434
89e7dc0647f4db8e,0.1429236849054668
80934ce845013628,0.09834141159751053
f66422247e89d830,0.11469655310805818
b0a301739cfa2228,0.04497017614136456
42b93c5a8b628ba5,0.07712055654817483
f74f1673a45ce9b3,0.11107031202180725
2b76aa4b82e23768,0.082829917822583
0d6190a27ee0d6ad,0.17214738034149749
7492fbffda1eb950,0.07475374413028624
35355c2d5692cdbb,0.12558355942422056
de976dafed9c0fc3,0.13752716286115058
e2601be919261723,0.03796611214788616
f56a91dde5defb60,0.0616029854742611
1a9c207021895aad,0.15089022989100137
86ec8e715d2efa2f,0.10862207079564756
7762b73652848f92,0.09631256328645874
ccd34b74bb18d71e,0.13350717791523503
eb6c259855aee52d,0.12058917074872505
7bfe956eabaf5f10,0.07918210547515289
38c6063d22fa4f9e,0.16370276502827655
46b7352aa3c8a1ba,0.0918632264099898
049fa3f6cc3a62a7,0.18424410192863122
5f77b44deef47d28,0.049293876963326544
27462f3d6cf43575,0.07836244281602928
ca854373b937b419,0.14394524121212837
1f6eb5f2da254111,0.1414663187101745
9262bb44aa7937b7,0.09189803239120259
d81678051b65ebc4,0.11618429528274252
0edc1ad07f4aa86e,0.1814462458617101
a8e836b90034f123,0.054520962495857195
c729d0e49b2411cc,0.33992857445588665
db925a43365c86f3,0.09976655172594648
1cda28c15e8e4170,0.12525434821225814
ef5a97a20c5118bb,0.18639349823062729
4b990b98ec734989,0.14875239532723541
a96f328dda3bc98f,0.09894374827653105
b467b21cee5c9a57,0.05298489350287637
8c1694e84b06dad7,0.0647398933649721
7b038881fb7ec965,0.10993416560665129
60e46ceca8ca6531,0.06423888280739751
be2e51dc6bf61727,0.14990560437667827
f1063bee63d2cbd4,0.07885758551302173
1a3d53e660017625,0.08539949995831198
6db1dc15ad1e28e3,0.16888996095610403
34f0bfc533c2a23c,0.09390725688018606
76e738496305310c,0.07194391019857782
a76e95f0a09b03d4,0.035262516187003545
6a0d13d3e413c0e5,0.04918591789391955
e002702b095c4d9b,0.08736402792761877
435eb85f778a69f5,0.0531494990527663
5584a339491f1a03,0.11678395538210275
9a06cac14b623965,0.09902865750295761
b199a982f9480beb,0.19783224864541446
e32add368c6de44a,0.06953958802408752
34824decbc66688c,0.0806898843373257
070711d7fd9b7ea3,0.12168673508827696
a1656b509ebf749c,0.2463351893992059
ee96df140d42129a,0.25056435247807496
09fb51e0fded24ab,0.08507211433061836
77e04872ab10bf20,0.12702633476154152
6b34ce0940c8c237,0.16009587971960426
8b94f16483f351e9,0.11963016972357987
a7d4f13860590306,0.03974028115349251
66537bdf81c41f46,0.18859081427534952
3014fd36c07b8950,0.1377414784634811
789380ce86c031af,0.1824478011232799
dbaee9defc780591,0.11012671112764054
bad0375f198257db,0.052200918517541786
a7b766569c6f66fe,0.07312108500675929
efd3fc92b86b90cb,0.09665995190556288
3ca6e7825d948c12,0.12527935398127862
5c73fed8f1d584c0,0.07730631959070232
cb7f45c4ee30e84d,0.11159358175868914
aac70ac68209f1cb,0.14682871448968876
fb253a15132c7c36,0.12825291014420773
4f1ad3d1864799f9,0.1823478461808205
06cc890b7c3abdd8,0.049167389489288664
48f5b50b05af6685,0.047101228561804785
8abc163b25fe8f16,0.043910643582520795
5220ee550d303425,0.13971015867588218
8f7e85307eb35706,0.10240288358877778
dec525eaa4588cc8,0.1426287895700867
8a7aa7c3acead22b,0.1103327670288442
0618f0627df67711,0.1263649191899633
5d9929a965640bc0,0.09932528943666495
b45f8124eea44b5f,0.03975156407464237
32e371f83b148fb6,0.16570154314892876
83b9c322c9febec6,0.09893216662434827
8bb4d82df107f45e,0.10330202145576664
cc28d0d6ace393b0,0.08537780823892491
29c17f03906ad1f0,0.08123048294700638
b10cf30c243ed8c4,0.15217672680114172
85c180d755530692,0.052983146915891906
e9478d4c11f48523,0.032301000823930046
329d63bfe65d67f5,0.06958676777461079
4e7c7fbcb6fde9af,0.038016177864368124
1f2d4ca7586d9ef4,0.054018070408960464
04ff2418e503eb55,0.15830158987356846
5807d02f74d22963,0.13024882561230144
23aa15ff2408a5ed,0.05260561882574806
5c3fe62807fba6c3,0.054368804770180634
c97a3c1357c537a3,0.12530348063818453
bde91246f16123d6,0.04053993116213618
dfcf3493677dd9ae,0.03632396391672412
4a0cb390212d6320,0.13747291604309325
dd48f98a0e7c2640,0.07021274692635278
21669e26853a5beb,0.1338659999019522
c4c279dadffc28bf,0.1515434852098853
27f99b00db0702b4,0.04263193876376446
823a471435809e0c,0.17297161978809564
36d9872df73f0208,0.12960249105249688
69b691bd3b11f565,0.1033306683031323
051aab7c376493bc,0.0344037196130187
897a042cdd939f4a,0.17015707030131172
16e574aceb37758f,0.15326616397082082
7acdad670c7e177e,0.1192666165015119
af7211a4b66028fa,0.052736486731014595
3b768875237c8195,0.13241091294610458
a9e4e55b286f1971,0.1302211798535357
1e42f2e9ad67815d,0.06360179025480377
0d527f8f008f8efe,0.034579959355348015
4c2ccade1925c5d7,0.1175312758742921
b3a98dacc0702405,0.06573443553401247
9b8e0f7bf05d953d,0.04015415758078174
7968527b42656286,0.06093145960236458
caf14438584b43fa,0.04567339636364883
31e140000e0bf36b,0.09662257237270627
336acc52a893cf2f,0.08424481942148906
bce6e39fc4407c93,0.047409398320063315
d5e58bdbf23f01f5,0.05122059440284733
1ff7a8ec347ef2c7,0.06201507578257777
ce432d29b214887d,0.05363713403106976
44e820df9233e162,0.10595131511703226
fd036d6641276c78,0.08402524882659829
45c36909115a7b3d,0.14200767912459766
0c18ad3d4c7f25b8,0.14002221149856614
4502d8fecdca43ef,0.1157679350847171
9bf5cf3ace55851d,0.0830464324084536
0e04a1cc15af0b5c,0.03867257070049831
86bc772734133e12,0.10711521362858377
76fda8694024d3e9,0.13808223211444104
d244839566b6672e,0.08650808312866518
e165495e76c8691b,0.08280295581452961
18e8d9f4f0ed1ffc,0.06235839722635882
c198ddc9a1a0f0a3,0.03803698927012421
4f15b2cd5370863e,0.08424566465788429
5b71a33a75b4b41a,0.20210161147527023
85211a41d91dfa68,0.11301293950769617
31c3ad8e554acb99,0.09931654385189212
f05e3b467a207ea7,0.0249550495669712
20eea1cacbacd917,0.16144851346313913
338ac2331272bb7c,0.09899423631658359
e6740f272d44da83,0.1638001305121129
9368ba44560c50d9,0.09527196422180688
18e4039723086124,0.11252224586630769
c935d65cb1c5cfc1,0.06228642778850138
dd819f141dcc8319,0.04406546363256006
90488975d041fada,0.09682938130321966
a5aa463adede1f1b,0.12315563013004831
872ac9ef6cc6a618,0.058352132645730276
ae4040a11f651b1b,0.08996943918472641
468c82067304eb0a,0.14914018520938885
cb460a2bc70974da,0.05029129244033423
366ae30bce6f5b98,0.06387522366262147
7638518d282a3163,0.1760040806093677
633878cd7103f469,0.08914246878283405
73b8cda0da8e3c6c,0.08286040271746092
b24a01610939d7fc,0.04122860329036055
99024e3163df7833,0.16610144703464508
f67fd1bdae4a88b9,0.10281081004776524
bed6a87757540498,0.08335033701113646
97afe9a3ddc497f7,0.046238251620858165
dd9f348a3e019188,0.1013938881735943
34946df4f3dcb0b6,0.13739952854476573
9444819c9eb0c9d9,0.14790593274751254
fb4483e1ad010ba7,0.028048040656180342
00c68b30c299654d,0.11009353960958108
72515cd3d8b3aa9a,0.14008779321601034
908510f96be347b0,0.15323108967644275
99a21c81b1b48573,0.099305271216627
22f68a423b09a5d9,0.03970847358683809
e7f04cb37080c9fa,0.031992541698302845
dc02fa202a12aa6d,0.06504379998757438
10d0b7f586529eff,0.0394505767453842
ffd7b011eb85f998,0.09686193912694468
e621dd32e1b264df,0.05936409797871654
4af1a1f24964fe8a,0.05903249187249744
811ce0830dbadcca,0.042687123483261
19f0e848aacfeb93,0.12017949358384566
8d3f02ada61029a5,0.14731795946641243
1e2a07a17f935db5,0.040891832435985084
32328db851b10b18,0.06661941734548389
9ee145457cc792ea,0.17055041207138355
ad8df560233793e0,0.05291985034789593
d22762aa0ca69d56,0.10726122553750703
f8355291593dca46,0.19171395000324037
0c612654e51e01fc,0.04103614945366099
ae7e23426e25bea2,0.045003413588603235
e009b5beb1619a81,0.15641042100149635
520faa13a8c7065c,0.16393351427185832
b5f1a39aded71e0d,0.03747029665865905
de6cb6bc5b8d1640,0.09930409304186406
d51fb6ba7bb6913b,0.16801615820198562
a1375923af03ec27,0.11423967656129386
8c4b7d8e2bf037d3,0.07421148745979814
681405cfbc0dd97d,0.09136571024534451
992164c7365bc333,0.1514236580939456
4814a10f30ed6822,0.11061972632149447
f125562b955f34ac,0.07508636844426245
8665c174c23e0232,0.07756673577755839
c03010cc5ef028ec,0.20821073689395997
d2cbd396091301dd,0.06616988700594922
c5b700f429ada2a9,0.06314960099587508
07d97ad7c5757563,0.050203853230312866
abe88bd25b74cec2,0.2727431438082993
b5242ec51fa10803,0.06137681382092645
504c204a4b07adc1,0.04981530140609107
eb3e885ca8381431,0.08554242063331866
88019e77a7570235,0.18630333935185017
4f5b5ab494b7fa3c,0.12422468234355571
ff857c8685376696,0.1324668627553807
c97ffff5899cdd5b,0.19191684468816786
06d8545946fb794f,0.1511636471652762
86a18a847664c8db,0.11261680538292819
236b7caf60e83702,0.05519129228502729
b7362d1c5e6ea485,0.08524550718539808
75a194abbc3951a6,0.1396618620005809
0739352b03f43601,0.10068018219534508
d5fb0ad6dfbebd36,0.04286852729708293
ab3267950cbf32e4,0.09987442551493912
061b96409f1ecea5,0.06354030043807771
77507cbfe35570ee,0.039190145941418716
a36af5b550eaa873,0.09684775926190757
9ea7c406af2ba7ab,0.11730976266644655
f67f1e53508bf00a,0.19827852227577353
c1e4dc287c41d581,0.056468434932156954
a53a53e86b02f37d,0.0646975552094137
608291782c527827,0.09391391328638679
d0ad07399c84455b,0.10485718565269128
fc8986567718f61a,0.18344086306986307
5dc1fc6a5d643435,0.13487928663315948
5c05741c61417dc3,0.08019739119238226
d702bbe78e1fa189,0.04052422946057854
e781540ac8518204,0.05637937721590905
7dfe0b8686f2f32d,0.12256586627710384
150a93d31aae72a3,0.06737795380109426
6eef12e9a09066d4,0.1800758778654789
636152d21bd16667,0.1361253444068935
c7f6af439da950c2,0.04704486481219534
27acdee466fcf485,0.3525339575222645
a8804fe9eee0fa90,0.044938020693899
6192ee4938021f38,0.15929816590975399
fc02f9550afeac41,0.036786485380582684
7c9ba87d30178a3e,0.17381271383740599
a17444b2e1cdd78a,0.11704777972288952
83df6fde56cebe4a,0.06132538591795238
b35110acb0de3b77,0.16235590291929972
9fc1dd40acc8bff1,0.1546564258769616
0c521eb5fabcd49d,0.07449639511262923
e081802079fcf55a,0.15950055251524642
12aedbe868f79776,0.034789872729614015
be8a2586f0738799,0.13655858883437874
077d63174223dbbb,0.05476100096594061
bf95a5f9268fccfc,0.0493380447193323
51ac7bebc69eaad3,0.1522985079795013
823b8b0cbed56665,0.11754348561811287
7b06037a7dc44eab,0.2276436528221007
c3468f13ce305a3e,0.21200897491383877
82906bbb278815e9,0.0435288360568073
26d93d94ea19b1b9,0.08832070447225118
d59469ecf7c3bb29,0.09628210853523136
7db5fdf7d9e7b81b,0.07592477848386373
251dd43cde3297db,0.09385147263313728
cb1945985d64f4de,0.06755839340601613
4eeb92e907af170f,0.07946642163843873
feb8fa429dd67ef4,0.13651304155833388
4de67c2419537ea6,0.051083945470498104
538e4f56402af36b,0.15817812679953347
a4cf878441380a52,0.11702730065121804
96be7b3de04ff62a,0.11673952600612636
39c3d3887c8c1a94,0.05423901483444166
1921999c1eb2c5c0,0.10228694283234219
d57e9b30000ad4ad,0.11473135836611713
7c4dea060b3cac3b,0.1492180567921113
b72576d562bd56cf,0.16828152345583045
e1b21c89aa287e10,0.06577197376989838
ea91d426f07b035a,0.07351974754868565
e3fe0ea3b0e68165,0.0689117361868134
733a4e55740edd52,0.15666600829826988
e3ec47884acfc533,0.22289610793345088
8b4fc284f4d71fb3,0.1451622490382061
ecc8c2db5ddf594a,0.037178427221225926
6a2e9bd8a0f89c66,0.08040732334146342
330cb959caca2412,0.17721701924032543
d9ec4fb651c85ebe,0.07337034867126652
059f9fe46af8bf1c,0.07990096024557969
3a4738e51c5cab59,0.10433759154152841
2defc05f8aab4fc1,0.18520578938811144
5eff676251527676,0.03607763041444484
fbe244ca19447d90,0.09415900330265639
6a795f7ddcc9922b,0.046159281697798815
31e47d59215b37f6,0.07859978829558548
dc507cec24e10ba0,0.14095579818861015
a6bb01f0933df044,0.044217726858539266
8d856f853ce1deca,0.08713869354393516
6da96325a4517519,0.09037081888822637
1154f92cf57d2532,0.037646187804101484
f6f5511b39bec2b4,0.03580568498927386
52b72c128d8d91b3,0.12702934118159676
75e7fc7c7ea0f472,0.12422250798589897
197817ba33606b5a,0.09444468805058605
c1951ebb86cb1446,0.16895583848122864
c4c41b18d788438d,0.14940651444220854
aa26bb9dcc890fe2,0.12492931275650274
c2c4703ee4c876c6,0.15134839352191282
4c5d7e0beffa310b,0.05156394527207875
83c908bdb66cb2b3,0.11293074597283939
f5402da16c14957e,0.07171621251103785
2ab80ba80d56a41d,0.12049402832424826
1c6b71fcf804ee07,0.12399240099853417
2f3e4501cfcf6dfb,0.10463353635737818
e6dae542e381015e,0.05574560291071941
eec4124d10360067,0.04919514682504456
9105a2588a4a2770,0.12763903041138683
130f75788d8a46aa,0.0676475519916385
8835b5e539659c18,0.08555199871635456
d219e6e0ab855f68,0.11926862965695739
0723230fe86de14f,0.11492454990446105
e81853b0b0f8c271,0.05591687361611153
979af46a1f611253,0.1362139146455984
945f78f066a99193,0.08295703901125662
9fd22540f39891b0,0.04456430691806586
2631c1e94bf99eb0,0.1613652401647988
41d6c34577272404,0.062388382110415405
13285c2b73770aa9,0.07668705121302248
1d2b2b68357f4992,0.053501696748577854
5e3172665089f4f1,0.1625970362020957
9f7be9231e3552f7,0.14356848919251894
6e458ab88b4204e1,0.042447897222502036
10739a7eee3e87cc,0.057931850800641234
a326839f328dce7e,0.1655242469801484
2e706184335e4bfb,0.1816390597947883
e10da35ed5233e23,0.041378157036543635
85df2a159bcafca0,0.1294189775708476
7e459f89aae58555,0.07004613460292236
c5733fd52fad180c,0.11675810257376695
d78be06de4424dc7,0.034088998939653364
af782e55eeec3b26,0.17190328097274193
a5428b7d3e5eb0a2,0.07572601610547658
8d920a6bdb004f92,0.22150509451216843
f4be0e405024df8e,0.16468244107590763
d5059f8f88290d5d,0.09559534881608664
e368d0170d51ce4b,0.06795666670828776
d8ddb30bad626df3,0.06384203650220942
d1e892e5a070ad3b,0.0584333741002173
8a30b24e45c8dd56,0.09527165389196919
7616820e7f2f060c,0.041833776158760994
35bf1de33ef37b4e,0.16227973183792854
7fc73341974a9c57,0.17922567227200764
9f5bd41b72cee0ab,0.06233809801757001
44e5daba8a615664,0.14441311229566903
6a29aa78116608ee,0.12820139408983877
74c36fa527d5e914,0.06186793455477187
65e5065a97a00477,0.09656394621627892
2bb9d6b7e64b8108,0.04152337323622323
297129de9133a71a,0.05247531777090417
e6233ca37ff20ae1,0.12375874848055465
e6c230b1db202085,0.15792626664065357
042447db024700a4,0.05110226894229544
5347f880cf1bb93b,0.07932273833962399
f7f2f5d41652f6cc,0.036986917952121515
71ccebe269774017,0.03927891803724085
5d89474915222841,0.05746292775927389
583b0f485ee37a28,0.0518188222531489
cc5a91f4a1b878cf,0.24325886787364315
636604af09feb6f9,0.03902830467621804
9149bfd2414e1f06,0.1338065230447498
69c71a71af3a6a93,0.0609690529335505
5cab1ef744ae1f07,0.10054030478909838
2c01a13c5bd11b48,0.10011646691354574
3dd5148c39f554e1,0.05015826614557779
e55b6c8712632bca,0.0896898908134755
1e70f997f11d309b,0.07738610800744272
0b5140a69c454fd2,0.052684168530163125
bf3433f1790ded45,0.12693203631533506
848bb9f5e15ea664,0.07651176132661947
ddec6d5fb5e1d8e6,0.17860262211131397
483be22ba816efd7,0.06973882387027633
c5e5341d9853e204,0.07527603077505944
21afeb4d02745cb0,0.06613832384260945
214573582fdadc69,0.07829628513496623
1584cb670481cd0c,0.151247635790206
a5b74fec60dff97f,0.1844764870602909
500761048fa68af7,0.10814573716035089
17911ade8f9db4a9,0.10819223898482919
0d5e4ec73265e718,0.13646405916854598
9a23b511d19c5b74,0.09874844509133851
b0a68b6e9b5aa0fc,0.12393674825290112
f2408ea825dab651,0.081106590023656
c46a0253ce15db70,0.13344255063640675
280ee758ffb1d1f5,0.09316797411653102
f120c6f37766ad60,0.052768241948185024
f0bd6e897436f50f,0.06813596027152706
d9838a74cd5c15d2,0.03770864714060497
ef4f4beebb23098c,0.13446437460532473
81e1191f9eeac89d,0.10261023721429406
38a4b85540a1d008,0.0581728880842904
583c98e432bf450e,0.09493849036836527
9319566dff410e11,0.08471217148388775
967a61a65ca3958f,0.040493492277108065
78d063e4b7ce7f7e,0.06840591727295092
d2f8e62df2e4ba25,0.11259580314148555
810d2f780629077a,0.16161027157845664
3515d882b6639805,0.10998234945058047
11e50493155c9e73,0.2448617535075217
4ed708372af004b4,0.1704205780577906
c4e45da34ddf3b44,0.12542309445882271
c8a93dd49c2a92bb,0.18221853873912913
0db19fe44a9a780e,0.038324194128928867
2b3538d47f1c15b4,0.053928431157102705
c3310c72d9734462,0.08221730676147339
14085746773f19af,0.045518762513491545
556db80d967a1693,0.08248312183748299
43fc5ae409f4f500,0.12172936346925363
081a87f22c3b38c2,0.1439874644769923
d375cbc133ed4f4e,0.1212848304563711
5ad546feb694ad21,0.08224971920341362
4f93720827de0ed1,0.07959151537100273
3aa17624d6ff3bda,0.042598045493563205
9242e8dc12c52248,0.12382774378486644
6842dfe6284804e1,0.19233260811187985
0d73a6a834744d44,0.08773115808590143
0830204cd861c6bf,0.043667027067237796
66161f0924e78225,0.119528862722008
496464a4d50db8c5,0.11563365412006761
06324bbe66728955,0.1623531655032419
14f78d4e391911eb,0.038840808258387795
2b82c80f72759096,0.06601166100109719
098ac1d81b9e8c1e,0.1502609332035439
1b76ea6cbf734ce4,0.03996646925437823
0500bc92e5b55537,0.05407280408173468
ac5aed573f280b25,0.07708977245962172
ea03975f1d5baea3,0.0712224917886988
88b17a552fbab232,0.1171464304965937
b8de7af9fcdbf382,0.15569359644230502
1200abef5b424cb7,0.03731602644530836
31b60e9d8cfa862c,0.04705197573401829
893db3bdf6bcd36a,0.12922942306502724
ceb6b035da1d3d7a,0.11417534565671314
4ec436f2d7284b90,0.06106973796483098
8aed9038981199a5,0.07578298931974774
0004c2d09b2a5399,0.10897175024086737
5205db0c297b51cf,0.09707739527693034
fa00a8d5645e29e8,0.048635896954115555
e059a125b2f75271,0.16335975970183983
0a245e9039a475ae,0.09582174796728549
f6dd2588e26ea334,0.1417919831937758
973b401c5b3a29bc,0.08671951850585158
3c3d0acff02d8d77,0.14110717297323336
29614e0f15db6e61,0.1184033324149805
59556138531e1193,0.05886869341396657
6864e194fe467f06,0.09587904034714975
92d1a78a0805f085,0.11474101432351516
673c83d5875338f6,0.15892454930276356
97b9da49283296e1,0.05570106622025947
8e266443d27cb222,0.0882742065157199
01740ec6cd7d3fe6,0.14390202572463107
bf22ef3c96b1cf8c,0.05168272906960662
eceff6a46e6bb846,0.06026517353327578
595cd3775c548381,0.05364286358906402
dc88015ad74c395c,0.060477380130841356
1d829ac1fba966c2,0.06202350805286536
7af5a547c0ff87df,0.055886543729749785
42082090188c20fe,0.14783134471056125
f7c6df36a4354bbd,0.08248892266559901
fa583dbce17dca3f,0.10252099173153892
31b430017b021b90,0.17143286018655865
7efc9cb13b2def86,0.19571019502438514
d06fda4e5bcfc129,0.24155075117000727
72cb2bb85767bcac,0.17483733078857408
50f1226e03b9f878,0.06596663937034608
24eed0e6d7789047,0.10865609007868562
d026da38fc55bfdd,0.06403019189999441
47c591c2bae2052d,0.0979687656526796
92966f857e0e8aaf,0.0640571451257228
56b22e07fb9e4c9f,0.20340848638302347
95e7a0024d29a8e8,0.11162503954934822
77413f2ce0fc0b0d,0.08059366302941201
169ad5f354082bda,0.08494336905926164
cb6a3ddb00bb4caf,0.18372982004214447
c1351ef23bdee19f,0.06937690090676771
23e0eeea647bf809,0.10643941654541021
52cb9f8084c2979d,0.1250903939921577
7f071403034451bd,0.1950371167052247
64c6b8a675d8d210,0.09358164157640841
25bcfd9c6c4bc119,0.09182104701368753
68234d071437f6c1,0.04456184916184855
cdba54b09ad0a5e0,0.05010132851559977
8b2a453d25a9793d,0.21752221144225
379b3cf15b5cd618,0.04513535569742288
04f8b3d8fbcd3c09,0.05708429212818458
8db2aa7a87a0b0b0,0.12569934315576342
09904cf5297e4c52,0.14418114108190064
e5d6021439d46003,0.15111404193148248
87a2e4212129d19c,0.16502566097137844
e218c57596992271,0.09519894650972921
18b98da5b42722da,0.09738421048290186
449920a89db3ac7d,0.1496836079025789
9ce041cdc0639315,0.1443582357425718
722f357fdbd5c880,0.10733068525973422
d468cd43dc6a08bd,0.20663729534387115
9700c7a3ef819ef3,0.16663604872492782
b7f1d881f8c72980,0.05244668406892584
b23236c476c94144,0.18587867683226356
18dd1046074e1b37,0.07974893212177506
55f227029ee88bf8,0.07114369768089168
5e3b8e365345db58,0.05631721700144805
d97a5d6269148ed6,0.06314174329410029
ec6dfb974b3c0b88,0.17895343370090921
7ff4153e9bc66bd5,0.16455346801937426
70ade30377aa52d0,0.11032274298118515
e81c74c9a5e64310,0.18224092488861884
27609b892f19ce38,0.04996800856806568
665fe4d9e267c32d,0.1701169167029725
e4efa861a25c36f2,0.145186954074303
707cf306deb0ca20,0.07300723328157521
53a0fc682407a107,0.11683076142538865
4bd91ec011ba7743,0.04430529383371333
3b7c880189ffdf65,0.11280465590660671
c5f1834657b1d9a8,0.12278062480308935
60a043d7036ea402,0.06265854672828497
d69dc65f9a8e3647,0.11587234147592673
c3978282c1335961,0.1324758108089347
248bcc5d97740cb9,0.08821096136805656
ba074101d0551828,0.09917215142148744
f22fd6cc76b9eb99,0.03532264907879908
cad3b5acbccd1a75,0.04112470743094689
4e3d749c5d0d8b99,0.12679662302661757
1024028ec93908ac,0.3034122474825264
db5f96700f81e32e,0.15339514563213405
d00456f5c537affe,0.05576752025861095
ae6c9a4ac1923d77,0.05583620480222322
5c4ef0457f9b795e,0.09312495117540918
a36087b510ed1bbe,0.17802268426892887
9700dc3668cb0d40,0.03272244264547618
e404394c28efb780,0.09819400120915432
0720a1b755cf55ed,0.11570520359261804
035439e10d353f33,0.08572289823216399
53421be12c0c7d0a,0.14204948228928652
c76422f9c7f1c224,0.035308970222552194
ca75e192477ae30e,0.07200130974192681
480e9e2f5f6eac7f,0.12190979066456077
b1b0c9414a07e81e,0.03763600900814621
e09f31da0edae6b7,0.06273228692373523
9386dbd09f1eea31,0.07754540206815799
4027ad13f744ab47,0.1787218800939222
dd57f9a9617410f2,0.15356058185870275
53816ae08db4500d,0.08759978476916505
d39479f04b318c0d,0.1329073922239758
5223cd189c2850d3,0.07772261964541277
8c0a9ec776187a0a,0.039422813327981254
387c460bf9c82eed,0.1152451669410367
1fd31e1faa118ee6,0.04470120268272539
49fba05cb591b00c,0.048229673572771956
bd80ada68eebd0b9,0.08468682451167234
0e3f686f072a8a0c,0.06873990306177603
84925d826d461c4d,0.14368263218536947
a7badd0bb8ead7cc,0.0962063265009131
e2c838fd32fbb729,0.0815150248664371
3a6cf220f53b4cb4,0.1104195595953279
9dacb79ad9fcf34d,0.07892713718496071
92aa4c1f7f258a86,0.15232279125498915
c85e22a117db207d,0.043779916914131106
c5acfefdb9e64f54,0.06557007691477992
26015640e05a3378,0.07084233912615498
834b3501453f5c5c,0.12542494820695504
42af151534cbcca4,0.05117630946590926
6342222ab4bd07c5,0.1663705327410917
cec95d0eb86b553d,0.1282938119848147
b4129a57f4c5c1ca,0.09455342026632779
8b51d76d9c838743,0.09470209906216921
36d6124fdfb6b5fe,0.0854702515798633
2212f9196bf749b0,0.1939681821321613
fe9345df75362fb9,0.128173709841588
75774ccf0b19e8bd,0.04317229283078146
026c096720d1702d,0.13987334788100542
6aca91fcef83cdf6,0.09937665938111179
8fc4c42ef85eb9e6,0.20177509053688586
1b64496c26985a3d,0.0449772650966302
591d0017ec185df0,0.10547460301025174
028968c773b11f62,0.12509174613292529
3a09eb47d1ba4acc,0.03474086123846031
000019235d24a363,0.09011675977425848
ac5122e50d1ce8c3,0.09217526133272229
7d4feba02220abf7,0.03656986130291548
e59a3b16b4a6d416,0.16287696766808163
84a820be4f12f7cf,0.042738942891184614
2f535756a73607c7,0.19918020213967244
fe5a15197d453416,0.030411494428817284
dfe7a446a8aeb1c9,0.03750131080229152
0ba28eeeb91393c6,0.10004900270101873
6cbf1767b759c6cd,0.1068402656586587
a6e42b03d097a184,0.12947168000960113
da6efa9d56a293d8,0.13341261409347466
20eb958ac40ae3ec,0.04234650911021662
861472b884b8b80b,0.17898409543578342
83313fb5d3e30121,0.06134338503553691
75c00015b88462e9,0.2524801652806621
abad9a6070f32056,0.09489032785826829
dbb0ac574180786c,0.13784972545515484
1ff23956ddb48080,0.2188149323054453
1030748990c873e0,0.11705016452028777
3b392b51ebbe98a8,0.17215886270138553
9bd3ce96b5220545,0.04752326645129564
e80afbedc991fe85,0.19062549407908855
b892e30bd65f1cf7,0.04314660166521919
45be6aeb64cd6e75,0.07484791757686156
10b2dab220d2112a,0.15246220699185797
397e2c46ae990a0c,0.072786824770446
19d3b02c14e869e0,0.05424867541170215
cd4dc389be000277,0.1725721722406397
fddeaaa21cf9f333,0.07614936832215277
c73cf810b1eec5b7,0.04605507714613456
2d89c6930c494b36,0.11624240425785723
731c1ccc4e036603,0.05125376679889722
a9448f44773fe67d,0.11762850046154262
89d7d09573e87744,0.16381233953784335
09a1c2b53c31bc10,0.12229943668972548
6c6319f9764e8514,0.2537726792532609
f56bb1ad09aacd4d,0.15622107320992734
a49d99323a265849,0.04316256292210709
3ee9be6434e0e715,0.10946095394079339
875debef7413e1cb,0.09738498798531568
a2d775ceeadd24c4,0.17222158462413645
18c8aaea7c834671,0.21622497724210074
df0c46251bada9cd,0.11244811466496565
aab9add2fbc56aa9,0.04710521078467308
a6fc3e9da5c8e555,0.05717856476737549
f637661db81b90bf,0.19544275701913227
33f67c649066e956,0.07453090403627724
86c73cb2d30683cb,0.11167037041579925
b5c00f8557fcf692,0.08883378879562778
a2c9a8f18d345227,0.18544225742143583
5ec5cdcb7ea71186,0.08327332606349164
0f3e463f9177f7f5,0.12525569123368477
4e7f08dff5d4d708,0.10248294179976687
3bf84009bb5fc3d5,0.18020059959940027
51395fde52e82c96,0.14062453932837582
11111626d4279259,0.0788293305077244
ae179d72addf4dc6,0.04991227203758509
e88ef89c0abd640c,0.04308343187753533
c514af589b1c5c49,0.05602318798399247
ff07eef5fb056c81,0.16460366977500293
96fcc4e5d6f59237,0.2702750929383122
28c21a0768568fe3,0.1549142179167634
73627db8491905c4,0.07415797533976873
99467bd1e0347c4f,0.034323088497557344
f68ba1afefa7c356,0.16068883109726848
f2dc825ecdbac412,0.06353550123425311
4aba146c1a03941e,0.04630747379284113
80d5d6de30bce75a,0.10589702037081405
07139bc3c4fbcf8e,0.14628201859380488
e20fe10aec859d4a,0.2262109419931341
7ede37b476b9198b,0.11162019700810577
13f259dd7b600fe1,0.0561035813969349
351f432cde665f41,0.04953127098906597
a0721905432fac03,0.19413597165931704
c64298a4451fa34e,0.11220003646441601
4498869b991b879d,0.1325531960639561
17636075cadd05b7,0.0787943138165285
f1a1bbb6f878a877,0.08573968775075633
0eb6903ad4fa3f90,0.08717210682807797
3188bea8d6f5b35b,0.1413591743029929
c4c409536eb6c51a,0.04488839285670131
d280dab3667294dd,0.111218406144124
52c6f5f136513403,0.08778309082016406
5090d67fa1877997,0.061802737609167664
16b61b14def64393,0.13010921105810833
baafe2fb18314839,0.03759853741259232
4dd870bba94a4e61,0.07964455004873747
09dc62cfe943169d,0.04275113062060523
c479d440fcf7aa16,0.14271468113539315
8afc03aa50ceaa11,0.1374188642385734
edde45a77638faf8,0.034750675158592786
6d7692d9c32c3019,0.0891698181488717
5732b6767099399b,0.07135358710649647
17d91b5e97f3116f,0.05453757738112264
0d8f39533be9f182,0.13970218756026362
fde5949373183adb,0.18814732888902724
958e0e17661293ac,0.16129385094425555
c5216e7c4a482059,0.05540402183774405
903c649790deba31,0.047373785391630736
4a0069fc3386e06c,0.11386091961166145
a8ed067c70e68299,0.1676101606916214
2739c45027efcd82,0.10096633469653757
9cebb6633780881d,0.23203306453945036
61795ee62a8075d9,0.045631735868968654
58f2b934b0d49345,0.13805148497120237
dae79d85843b121b,0.029886221650435793
2a1568df2de08c44,0.11424288708143635
ee4fd2a6e3a78dff,0.09498782979687448
b757cce25b9c26a4,0.05217960019897587
66ff45cad74a6679,0.07357844924121112
b0017bdcd541c6d4,0.055334993523653446
a3f277c9b5c91e67,0.0737763957981224
a5cf1cd034f1cbe7,0.20101944404202163
68c1e518bbf4e77b,0.06798328122695013
39bc60ddd2106538,0.0942252921241626
6efa72d0df99c34d,0.14764951882830374
ba7209f117ae9238,0.15216056344520668
7c5bee138819f339,0.13209187344662465
0a18482d62e5cb36,0.10304659406583226
8e35efabb244500d,0.05990234499551762
43a9275d59ca040c,0.13210883528300077
481df5704a84657c,0.035045193352373695
4d8d82c65a5b6227,0.04677532395603021
f93eec03effd7d38,0.2906582400294656
3ffdcb2a25a0754d,0.11054569421262961
95109279ae9a6a9e,0.13139868872674218
d6ee9c0efd68efce,0.09391652253872637
74c4894e7bd0708d,0.11046703280074324
d33fec8f45769c79,0.1255924204876428
8fa4532d6a6caae1,0.041871093832293454
3dff5467e3be88a2,0.14372723611084168
fc6d9a8363c4609c,0.03897481360587583
c9cec12908a9bfc4,0.06821555307084058
a971fe519809a939,0.057053762738522945
5ef5d379d20d65e1,0.1013514762944483
e3fb799669853199,0.12607596666269383
6f8c415e8466353c,0.08738394485689188
6a84824f0fe20d4b,0.07159312092187912
8cfc43e4b7c26f14,0.05863604701757291
de7c6a12dea21dcb,0.13544247394408512
d478e64abc5e2623,0.10977651434063763
437101bfe8957347,0.10134908725218499
6e285e3b9740ddd7,0.12596727431993204
c3ad227a535c2fe2,0.16956204728970092
8f43b3a85065f086,0.17014409550129314
90aa3a900822f96a,0.12598258836663329
c9000a6868faa0ce,0.1584848647319509
32a000ae2024ab05,0.04686813704022909
c4605d1a5e5e5f5a,0.11450711948068389
892acb659d8cf3f0,0.07240371559319839
c69855f3bb4ca032,0.03265317839261174
edf73aedf6b35217,0.08334426617417409
8877ec8e52d1ecc5,0.05513666151492504
fa3630178cfa8ffa,0.03916795228770714
9f5f7129d1af2116,0.08202873799026889
5e7e17e9ef20547d,0.13403660769870696
a0bb691eee0adcbc,0.04282387151727042
47aa950ec1d03709,0.07020394248908221
89b3fd466c092666,0.0408589612190999
f58ae0404d156690,0.04284920671993571
766c4ba6be3c0785,0.10977932602466757
eb2e4b71d64f3173,0.18749004135374076
4912ee4332177555,0.13482456727295516
2bef19c70fa1eb95,0.05689536237592017
c6686c6fb6297feb,0.18417991386009552
67508ac580fa166b,0.11220210864317252
ff311f69cd822985,0.0722009366578434
bfff1dc879c76509,0.09758889584923967
3d1fb3f5ce631cd6,0.1695659962011713
cc268338bd6cf9ca,0.15500591892566967
d5798960a3e8183a,0.09381116011536628
11d573b74ae9ba82,0.11470274549208027
8c8705f908dede75,0.20587058820081014
ed2bfbed36ac2b84,0.1452522962659771
89361517fc2f10d5,0.17606092931002643
1626bf6a9e33402d,0.1409030292463665
549de17e617d4cb1,0.03821870793437665
241acccc8c4c5c98,0.14941892395890446
ea3cd2074cfdd18b,0.031117085218203666
3482477cef332442,0.1356147915131597
4f0e6d903964496b,0.05521720713305563
55f5ac50a1704cc5,0.09402398919454669
2754a911af5ae6ac,0.05699441428179178
f2e293367584282c,0.20490732599040107
2efb3cb92bcc9b98,0.040009223493214834
5896699316dc3ab8,0.07345801398750072
2d0483ceb9c643bb,0.11028668387297474
efc8974e6723a58f,0.06716777312525793
a6a0006f726c94b1,0.11520625180043444
6f5c59612f3c92fc,0.3674599704203073
c78209036cd357a4,0.20191609073459854
db9a3030e417457d,0.04571238245641665
99988b482a1d195f,0.1483705964694053
52e13ab6586efd97,0.1832252358626198
3e8fbcc54eca7fca,0.07519501278076177
5bd1113a10668c30,0.07038663331922393
4bef48512ade85b6,0.051566504172282424
2882464c483cd0f8,0.06380267980134315
079b1ed9350bf75b,0.12882377844299928
7063caa968c586c4,0.06831721434295443
ec19c34addb8624f,0.07766593171052319
8cbafbdb15a9de28,0.06746695271479386
a38115fdbf75c1c5,0.10431951265007314
6d8390c7927568de,0.047573970017508474
00981f14236ef71d,0.15395025840030396
12f84fa2b4c572e1,0.03690073427863127
ca5bb700586628a5,0.04427157410329415
4a7058a9b89ae975,0.05689812445494332
878bc0b3326ea889,0.04402916638813589
57f748e3454293d9,0.10459527868297713
07949795ad3e2e93,0.12549296003001323
8cfaf8d91ea4f1c0,0.0674302823701349
0973b331fb200feb,0.3659434439294897
fe33cc8c6e5126c9,0.05118532788219887
95338421b02d6100,0.14933528690496434
6d14e413603d239b,0.13638439254809515
8dd0a5354bcc36ad,0.15095158690739807
73e26e96853b1101,0.03995179643257963
1d9173dbd30bfa8b,0.33178356379580853
b8164626d047cbb3,0.11792314485095846
0fb7907993c4b37f,0.2479987876564282
59ee8f98bf511a26,0.13483922895882208
0c3008cd7e493e83,0.15868981768180523
ca16172c325cea2f,0.04367406353825407
2bca85f81b167432,0.15235736292504073
22fee0166c140a09,0.20307894485735098
e2724c0840a5145f,0.0827664236421038
f36672a2c0e1cfac,0.03278770485649718
1fb583d94ee99482,0.15304171066167677
02f264a344c830ab,0.10232293570591802
4da6645d6969cd52,0.05291813557309555
44dc081e8f45104c,0.11323395697042737
2c2b2f0c44e4f0d6,0.06007373171378605
36b10927a5ef8124,0.18063850994528788
c1aaa1a11b02c7a6,0.06985210764402289
052a4c4d54a4bc92,0.15849204199388767
d52322d3a4091590,0.044777413793202075
836f3b0ea82976dd,0.083437395300812
76fb069dc8449b55,0.12299878541017206
9c73e1140fc59c02,0.06036562883508264
ae6c780a01769bbd,0.09513491706793098
ef3be0cbdd14848e,0.05368394343866131
3599f0b9c0feb095,0.03624975877586251
88664205bb714f9a,0.046712935201465855
b978ad9fbc2debb9,0.11313699394636736
c82c9b618c165d10,0.07307543155228644
0b15c07bf352553a,0.1481987361145825
7891a28610913711,0.12983374138865406
ad4639fd4e49662d,0.05031540217707429
08bf7df7a564e646,0.07649701637740358
7ed362e9d16716d9,0.04595064018003657
0ad5b72ef7c0ed2b,0.09484394706627661
511e654ff2a5008d,0.08299730488528916
c2cd9bde4b5e7a21,0.14267192879164448
5b3e02e26bec5e7b,0.13155916676097787
89c64c8f9efcecb3,0.10239610962581147
a8f6c6e3e62d6b71,0.055631000354819306
019cc0b8962f5cc0,0.14292838874578384
bc4e4242db6ccd37,0.044833845367949224
3fff2ee4dbde3d85,0.09002464511218353
dc37fcbe553235d5,0.07273829382853769
3bd0b86bbb97a337,0.06879372920304713
4992d9bc07447302,0.06147955861073194
bfdf1c0f0ba7cdac,0.18282100089170567
a6ab2d1d53fe912a,0.04992740063272986
1891df3302c7b348,0.04247800703601014
b9959e103e10b920,0.08638700722635759
0ef3c10f8c9072d3,0.08180935846021253
a10619d97fb76c2d,0.05279273240317654
0863a38392b70b67,0.07678588645175509
60b64acaf466a536,0.12568261465999214
12e3e5d6d9c41e98,0.1447673142748414
9523154e7d045c29,0.1566750884077029
c75a93ff5b4249af,0.046157730649067086
254953a015ac6eeb,0.19454583776570936
800fca2f6db1274a,0.042494034944073125
495cb7b810650027,0.04910491444036854
32f2ab9bccd62523,0.0681625842830962
710c1a24eaeead5b,0.062429491697182274
bc05e8a0b1a36967,0.08802143925910907
7f9c858cee39c32f,0.0796442602805438
d943890ab2a0dabc,0.11943784848767652
e8365a58644b452e,0.12602055152043745
8b6555b1e2375ec2,0.0980391550641407
2d05b7a2752c3cd7,0.06676967341779041
cae674aba0ce36bd,0.14207363398896117
ded2185f98f5d222,0.15685157369816682
5aa4335a084d6172,0.1056726596892275
ea84e8283949a22b,0.14734580471035666
e05b38abdcb5ba20,0.03781771351813007
1a8232cb16668217,0.04151263141938405
964453e5682c98dc,0.08126952790166041
6220fee3bc1e75ff,0.197079471643451
44c74ce2f7dfda22,0.19577800023215047
0e420abbb67f6653,0.24303227843273006
381d753868abf15f,0.05519411821752698
c90e0c45f7fc22d0,0.04085553338668634
28cc75a35f51a8f5,0.13776915713265764
3ec9f6c06061e5fe,0.16909425155499402
b014ddae55b634f3,0.04449740792991288
90879b42c1e54236,0.12438816063707507
7e62b4fce61bbae5,0.10794059154285215
6e384e2ddbb3399a,0.08097138230081846
6f07849a73f44a97,0.20901418559378493
f48a2f5d095509de,0.11943382260788017
ba999a22ce5b3fa3,0.29463943544389465
ba9181802cbd9401,0.16541855379272868
bd73bd26225890fa,0.05079425146383629
64c38fe6742e3036,0.051984916440506033
df243043992dea1a,0.11004157649553031
0119114d3ccf9eba,0.1848689319444555
f21453041c1dbfb2,0.11432123972112707
65850a53164c135e,0.04955544655385524
48527244bf10d792,0.08162395530124975
cd4848b0c5d09b82,0.10601987035603747
d29250c293d24f3b,0.12171014494069471
8e49853ead7a7782,0.05683771504254764
c4468c09563855e0,0.0875056563675867
06fbbe29034b7d22,0.044876294736332506
85f4de85a28f72e5,0.17407229723011777
61a2fd323396df30,0.06336980173882367
57131a5c1fd27b0a,0.08297883617942292
97148caf47baee80,0.11934865777950529
bc00a7f9820c18b9,0.05509589176130103
0774fb3a81023543,0.10591167766915152
26fce92bc23cb74d,0.12827102884304697
c97cd71a9a738f03,0.08951354826397231
e241738a2d4f1fbd,0.1471392462986071
da7df03e550c90ab,0.082643552469709
35c07da89ceda890,0.15340137802312453
5cf499e1908cd296,0.08978370998257663
d8e67e20d907c472,0.08118575209517717
f3135343f9e7c1fc,0.18204266040464334
35e24477ff3e4121,0.0987085745641428
ad3c1d21283a66e7,0.11164281051952668
fa88a2d04837aa67,0.14408091972186682
3d8cc5538995bbb1,0.03247056458579878
2cd57b0959ffa8b8,0.0684369010645391
abf05406b1a91bf6,0.3826217211858778
0f7b3fdc5d781296,0.18719518128062573
03365bdfcc4be998,0.07395703505346192
b46302fe840c3d5c,0.09384414406976249
b1f966468fc49840,0.07920864736243774
6adafe7e6a6e6865,0.18651136392010523
e92c7a5333472aa1,0.11493665600820535
7eabeacacbf8b37c,0.09530845807336905
655d9a938cd682a0,0.3175460444603504
a26607cfecac0d77,0.07205101940371508
8d29e784c2fbc4ca,0.1759433503228453
0552a72825b82f4f,0.0691129209957222
8db26f10038d6705,0.06892611629667278
0eb4f40d8b4a0e29,0.07284006271946128
a1caff7700882d18,0.15782967450752067
ee70a37197156928,0.05040548496982725
6de1b2f62b6369e2,0.18616835429829054
9c2d074867b45c86,0.06420669744539782
36c975ccff63cd9a,0.1157611341655867
eac85b26c054de88,0.13102418429104618
318d374ee2d57a71,0.104376896138134
ea743176167975bc,0.08825651824543818
3ab9fd28956b4c1d,0.04909942952059923
478582ec139d868b,0.12542724750607684
fb9d44e71840eb0a,0.055055739369833726
bd4fd0a37b2b9312,0.11625985924373355
5dffe03302a0fce9,0.1934010947511263
d94e1f4138ee9631,0.08457346984359888
298ced22f474a1c7,0.10275350769988864
0268d1d90c8858ff,0.08448677752918303
84cf6eb7514ea305,0.047080831959069536
95d0de11255bad7e,0.04775662859859811
9df308f6f0758e94,0.1191875054841883
b0fb6fef1f3a5762,0.10407616589866159
3fe46d292459737f,0.04002333734547697
6bf62b52eaee324d,0.05173790226249554
8b6a50f8f0d1474f,0.14322892447369517
89833118f346eb37,0.06100870038372416
48fd781830adf147,0.1976548900680609
209845b666a00820,0.06438528806805938
f23faebe09506cb7,0.12368729888800922
5f9584bc58bae0e2,0.05130282102688832
a08d713f9ab75910,0.11220628715010497
5c4f577995e30921,0.17179548942434014
db21d37dde61a7e5,0.08951623695079235
d22dc3977ccf9208,0.07404417992702775
d0fab5e12cd60c77,0.046993636585844954
5293676c6774f75b,0.05117905857985923
d3ae1f0b7031a78a,0.05486723279743486
bf57f1265cfe2fc2,0.07194392459597987
468b54d83b570a50,0.05851850252282813
134c07b69f25f030,0.10145250651311188
2cfa14158d7d3661,0.10982239766484395
a87b1a98b2c48b05,0.07404342973729242
c0bed62168e9892d,0.1268167769183252
fc44e0d5137363f1,0.07136182521942813
1247308f81ebf41c,0.03283914169377692
083caac4b6cb4eba,0.12035026858739498
a9d470ae3ce0af34,0.03451775554606651
935c423d001e7dda,0.06531200598560241
d096b8795c71a6e2,0.1775401004185628
2acc0dd1e03e59b3,0.08465134504601571
bdba30d6e4c5095a,0.07287058579010436
57b0ac86659a9329,0.11791627570371672
23d831dd1ba487be,0.04298844436996875
628b14a47b392334,0.13638953122523295
76a400c7177ea365,0.07295986975045503
86ab9bf8f20612b3,0.0906893203756651
fb26e948e7444ee8,0.13863984588435607
367ec7e6bfbfc6a1,0.21350791942958947
efb297fa666f7cca,0.16125827505844953
0a0f715a63ed4738,0.08577467450192436
00b759c30fbbcbd4,0.1652119649768323
4c133deea22458f5,0.18198085860122598
b354cc89789a3136,0.11860759706712518
f3595bdad2050118,0.06465495408190161
2171a4f574746f33,0.10502207437742156
ce89301fff62a739,0.058297957897577475
f4786178a6026169,0.08842666641848415
e1db1fa3be2d2bde,0.10911695345485334
05b896a0d6b00e98,0.027093269198829324
89658e4ea0b49c47,0.16267437416352096
db78c841ae5796ca,0.06450689614702956
6af4698b636d1c84,0.07678190954937067
be3f82b0567a0962,0.05666642550190309
1dbeb642447425a9,0.04002022128322778
eec325cdb9dc0154,0.11932593701498766
cab58c1297ee8294,0.09508841628154505
97e9bafef493dc0c,0.07138362658631656
c738edb5352110f8,0.07423863317850168
fe298587b58a6ac7,0.18604888180265222
b01b2bff457f7030,0.07045147259038331
599065c0cda14c65,0.13751613868381524
feb91e47c3d327b0,0.08049183078507893
1b0d5c427077f7e9,0.09728676307442097
6c1338d0338c0bca,0.16357058084867343
aec29f6d68d9e001,0.04091372529802271
c6567adae6722bc2,0.113502739467575
c6e04efe9811e16f,0.058380517445629575
eb86688c957ec913,0.10734096540193891
a450a6576dc20dbd,0.09002775885535855
b700f2322066f731,0.17534142254522012
a4302475b7326abd,0.17056986442399705
af5f8038b513a4c1,0.07697134002334044
0d73ab8c4cb1fa9d,0.18126053032840272
8ca59ee3a85773df,0.05136462048085422
e3f7ceafab0856f5,0.05665014402025907
2445f30cdcdf58f8,0.11515013617086509
23b0f57c015407cb,0.0547500169310048
2750f1a3f3525b16,0.04701742287940785
4d1502e6806c5f5f,0.07683330529774696
9cd2cc7d553443cf,0.08513794135263741
5e314b952cc18869,0.07178486395610566
e8851ddb49233587,0.1690551654781899
6339c240bbb14c01,0.07781447135527159
196ca6bac51b24e0,0.16166775597195882
ff664b7817ef187d,0.035417102056038194
1f50f2cb8e01a9d2,0.09344642782333311
f655a99b43cc6c6f,0.04761413271290039
2dc6d88fd87d67db,0.08171152374847931
b61c9fd4a46a6bff,0.03282241984636394
478a862e9bd10007,0.1036300218443075
0b9c9bb9e3bd1c5c,0.0570988093973764
8ba72175f80e2cb8,0.08974565967509421
80bd1c42bca86409,0.09646971445258429
ee7025a20728385f,0.08219915755898446
a94a734822cd1066,0.08080387092554023
9e445d829547acdf,0.08658176731788997
d08fa8b4d19b0300,0.1613485364538216
8ef8adecee83165a,0.14664671258861425
476933f8311d441a,0.12098572411595476
fd9f323abdfccd58,0.07577818505268584
fde943f5062e49d2,0.1600564365979306
32e1723a53483290,0.07419112001981676
3189ae9ce5829fb1,0.18253023837820276
a691ae869c7c7c20,0.17371248687368795
aec6a61870dceefa,0.10056538943047458
301339e42c2fd935,0.11169513526885609
33bdb599f03ad3cc,0.044055555863112224
ef958079692354ec,0.29251501691032666
6b9de167c2e2a382,0.13041178995821476
81a3aaebe87a402c,0.06606802367353966
78734bb73a549d35,0.11443080482743478
801a31247ebc0426,0.10117668998208673
703c72ed057e80ad,0.1501840056697123
d512ce41ff14126d,0.04499962933480019
b14adfc6f2de5274,0.09040129349193911
3ffc252e11d8a5c7,0.06050257129195978
dd94c4e414636803,0.0735971645439191
089a1dca65e44b84,0.09482935953930799
95e32e732db3ccdb,0.08493943348880983
aca38e8f736ef297,0.034639329137819766
78b2b40abd748fc2,0.12881300849802452
2595c73b081498d2,0.04809048632332283
4821901eb98463cf,0.1241554354954045
81f36fdaf2813666,0.04736332744571013
1e80444ce87788eb,0.11275097046322743
47c976d0b2db324a,0.039754002562653004
76e7956f7212a4d7,0.057420661866892146
2f42d37419bdab8f,0.21031761437182062
460717034c7c127a,0.22669625791441778
f46b154a36f88b49,0.1065671688986709
af4a2f1334861acc,0.17344502903557882
cf562fd6a1ec6763,0.10626066332913
a58fda4597ded16e,0.08594533116379102
7c5b545797c724f6,0.19345766383152363
cd2d2cade053f8e7,0.16417202289795646
0d42478d5f847ddc,0.04109295233765332
fcdbc1ca107a390e,0.15182092088177251
4a6cd78198d5a5ce,0.16813746267297386
13c39c2f8d3cd810,0.03725793409219899
c79d8a5d80e7f04c,0.04106704320990847
51a701717aef4136,0.20388154311318796
4e8d630667c21f23,0.10322854919147802
9b8e9dc382061f91,0.07608333095505175
fddd94710360c28b,0.09574949705664262
2c33fa5f3f2d5e24,0.048153902328372473
3ca87064dc34dde6,0.12335708636969561
c9d8edd3fb7bf971,0.08986453590358062
d582a1a34b5b977c,0.1909498198617623
2fd593bbcde3caa3,0.16688801141632878
d2f2308d5fd09adb,0.06562146371596819
dc6fdbb3f28f8f2f,0.12685040391302616
ba8e32a15085aa3a,0.12481944453124347
3ecab659633b8be1,0.15886918412798973
80f14a6b7deb5266,0.07797566601043598
6809016a071b3b5e,0.15106602991944107
d26156516af475ee,0.08885965743023136
7946e76f5438edcc,0.12854289258295531
b11ee2ead8527494,0.12804247055861992
03e49d963acfe851,0.06863837751332338
4a3e2db752cc071f,0.22150294002891385
6e5157888073a37b,0.1539758623972875
1f7bd653103f1863,0.0966324516223168
5cc0f066c9d8a28c,0.12791226981862436
61240fe8a4dc9a2d,0.08257939588947116
ab6cae9885409088,0.2888558086374393
c4e40432b0ffcfda,0.14223013253530145
1f7fbe6992fe8f33,0.15736792005677244
94953e6bc4d48c7a,0.09571892812232387
e1f4fd779b279dca,0.1752444132616921
38ccb655faf1cbcc,0.058488052073076335
dcc976ac3a08e676,0.033950415974994194
8a586d58683ab8fd,0.14309003766850012
9d1f98568599273a,0.03910919351480686
f5a4bf16401623fa,0.19211558512887875
42c6f25951f7db7b,0.06844631736399198
673b99f498fb7880,0.09176588500227151
e4f2c6820273bf2b,0.19014051869788418
8e7d37f34a1f3efa,0.19382696935866894
ec4bdd78abd81c4d,0.10733854091826968
a15343296b9f6f42,0.15064098424043348
dd76563555eb67b5,0.13944176205300468
3ce8de8291ffa6a6,0.19934781698113802
1d036919bb298ab6,0.06629861403202592
9579b233e83fe284,0.0512443612892773
be5c561435858f1c,0.20043655471034347
5cf1d9bf22b73559,0.15578480855114485
d5e3e7616edfb5bc,0.04352402603958489
ad00da3aa56f4d7b,0.05544512167313482
0ccceb1154debc59,0.12918083007619682
8e2c8545bf82cc60,0.17645147918164383
d62e1e8938e1c97a,0.20845294286582128
a8dc86e602a746d3,0.29422385025533326
c4329a7f54415286,0.10184389591055873
04ec4184a6a2f40e,0.1319341437539865
a8874aa6ff7ddd20,0.07795449625774564
c9a607048a5bc5dc,0.16870664567957555
002c27108f6666f6,0.09064637359053858
e4f6a20915cb1601,0.06512207039386379
bb014c28cd6924bc,0.12241166069595907
196e2f507f594bbd,0.0675393869385909
9f1be9fcf021fb5b,0.04329645456089033
9391d5f366da4c40,0.13689803983033322
3453a5ca3d904777,0.09552801309417987
686ba22e52de9068,0.054915288046019875
3553eafc050e9c0b,0.12616987390937856
edab086e1fc56c68,0.18248025619135377
d79a009be9287b82,0.10353033927011175
b86e1b1f8503684e,0.1364107804619028
9ad70763cc07c36c,0.19382128606189136
419885390abac7a1,0.0373578278887257
70bb28465e350bba,0.17256317115495526
d2fe3be15c7a040c,0.10677345426517523
df051580b1fd88ae,0.06149338929675752
799dbb3bc5de0bff,0.14296245909975183
c18575ea64f02a42,0.17487860437998634
bc265e458d29169e,0.17161934931565845
d59c94219a63b100,0.1621962409403112
0b79c6776df906c4,0.13111923252929847
1bbd089c39955fe1,0.08062245030811338
e07ee63645347087,0.09908969596735737
6795923abfe3b196,0.2681596467238915
f23bdf1e94c91124,0.06993789377256895
a1fbaeecebb55865,0.04569766853665794
bc95d3915a49249a,0.09439496081810343
c565efbb2d18144b,0.1730302987310699
321866d63b3b1b00,0.1539378420594788
50ef5d8288aabf7e,0.06984794570800934
3948549457628975,0.16175712087808555
b958074c10bc601c,0.0947219284797641
f075bd7b8efbf058,0.11235084231465987
f05a42508ffff350,0.1515623800867265
3c1c900935bc3285,0.04165012802594839
cba59c1afecb3734,0.10524602868250651
013e1691ae9f7898,0.045940627144956774
ff4fafab1f01bf0d,0.19850206676781382
16a52132c026c176,0.07492580810712761
7e6dc3264a60f3c6,0.049075821832158355
fde7be20171bb23d,0.04123516448360548
4709ae8a61f423da,0.14366703432118522
f2f7edc4fdecd842,0.03248854738031256
81421fdc47bf7d1e,0.10046989467123191
e130b6363bcbe974,0.06146175574735821
8b5dc994eb4224ef,0.09660972230179914
ced09e40d6cdb2ec,0.07039805731182008
b65873d2d6509482,0.0714717192221366
d663eee7b55b1c09,0.06487311918664754
e8ac634318c1c070,0.13353556184895052
9861a481912689da,0.046754030032883774
c170f4b630a3b239,0.3471740799756795
31f66aa5ebaf2ad8,0.13099727276629358
31bc47bb1448c433,0.04398668479151584
79eacc58c9cd0f29,0.20117039196844047
32cb3b1b23ea545b,0.07423051646432786
89357b6904f7d6ab,0.0913411705342736
0d9d1cf89bcda082,0.15362228153681814
7c15e3fb5080a6af,0.07759195927001036
a8580d9f4b1f100b,0.3009028649523091
ba1c0d81b8bfcda3,0.07840415913930238
d5c76d632f469288,0.17038176499407331
4faeee72bb8b4acc,0.06556230298425017
10875f7f7d53acdc,0.06514826464878318
3fb5a4da63283ba6,0.18123696177177223
6551e600570cb09a,0.2086061206398684
6b4949612595764e,0.06710218674160853
d45b6491898d0fdc,0.07440757916915679
0c40fcc6d696a66c,0.08273091159174698
74607a92b5ef932a,0.05885939443125128
e7bf586ef35ff70a,0.0629972076355258
65e0da070f27aa66,0.055612435960471045
38a09fd79a425aac,0.09418020332289782
aed136202b0b58d4,0.07653912117687507
5f5b7b68b01d1299,0.36881574012255375
cc5db835afffd307,0.086834577268822
d8842b37f5416b48,0.09942032792601384
d8aee4335af252d3,0.07098748667425823
00494862dd9b9e04,0.10314574395348379
95d5441c82b1c46c,0.2547363255948208
c6e492bd428631d5,0.08033306052871042
598200ada2678880,0.2248387036656725
8094f4dc74add0aa,0.059428503379505615
6831a0024a1dd23a,0.04544149491649882
d56926e610462f66,0.05875321911418098
bbe39148bfc2e434,0.15541241412598225
1a07a83f589de802,0.10516556060663318
8210d5a233d3d65f,0.03278453901391125
ef4e598f566c9558,0.08021694590009135
c02b919584ea5cd9,0.05408781499604294
68bc1f08eb5258a7,0.18021570963000783
d57a9ae04f68912b,0.1316807135453507
fa41a48959374ae3,0.05784143441105748
5e725dcb74b4e75e,0.0587896039709835
121dbf76a9cf73a8,0.18138520274821174
a2383e552a5f2313,0.04790087292607483
378738808b201e0f,0.08066812626590213
9642ee1e267eee82,0.09673577709486114
e55cdf82fcc57177,0.08030733308489726
2103c3d1e5063e3d,0.05058644226634315
02004dc8e2729e0a,0.08341533469712928
95ae4af4bade5009,0.07769929079793134
8a4e103c92d62a5e,0.1563469314459626
c4414b2ee31b7e94,0.08407757011149042
0866387e16259486,0.11482091601726066
f0b7e616767a0197,0.08314477308526125
a86d2f80a3468f5f,0.0752927463926556
691f9a97e9645bce,0.04033607689945704
2f2e7662f26d0933,0.07411465579261618
72cbdcef4a6b4f07,0.12621925042344245
3ca15eac9b7ce8d7,0.13452845761452836
d9f713c872a26c76,0.11150999669126156
38c5cae3c23f24a9,0.06452135164463732
80e12c9a6e625e7a,0.1600501440710892
78211c4fb5585628,0.1641856500588923
59e71eb2f5c7c432,0.13851409585327826
b7abc4b3e6ff0e3c,0.05083402651797636
42eaa77ee15f2ca3,0.03655783281026873
bb8ed5a0931148f7,0.05592995220216419
2ca7468532706e2e,0.06396005151214926
98791c70677eb76c,0.10943485161203556
e7ec6ff3f296ed38,0.06715707503776248
7845f67130f900d3,0.11572470664697693
fcec4d0ce44eda40,0.10770713461564804
0ac91fd23085433d,0.136100126042545
ff61891d90f930cb,0.06946477615465983
41fb4a2210a6066c,0.13235309117254468
4c7ebaf834966e32,0.03785670193266214
81aef88d712fdd5b,0.09315384593464185
36b0ae34db90ecd7,0.18205931859849125
72fff2ad28f42426,0.1380170504769529
717207649c078f67,0.05767163806316549
925d6e357d7ec158,0.15229150519568527
effe2d48627efbe4,0.08584299040274623
0577c43390d4bf43,0.43029544917187146
546cd9bb6f2ba820,0.08103427155913748
8a47c92c6443e7e9,0.139411283401787
bc9467bdc8642922,0.07961356251143015
af91160b63f1bc90,0.17216579757820755
464ea9bea5384944,0.13561813308394874
b838b4792a3c540a,0.09840190300476137
11fd6e717c95ce29,0.14175735628367195
b1e2e5a1c0f42f8f,0.09431878493168096
222e74272be1ccd2,0.08693559621733042
21a85a0b474e45d8,0.09861419524338258
5c5c76ce21ac9a03,0.044560267996003516
98c3f3c5243d4fc6,0.05129679112710944
745be7354fe05a2c,0.04157615166522302
ebf17df229daa6aa,0.10815260946061012
14929f1035ed296c,0.21919891033166866
af1bc354186d653b,0.0353490614067381
88e44f6549d78a5c,0.05191655003689346
1a5119861af7675c,0.05118715825132612
4675a1f396e095ac,0.13648739831375195
306fd63061172f24,0.03538728776918603
68fb9067ffff02de,0.14445112859258494
93665736b22ae558,0.07859668649552196
2f3252e131fb28c1,0.12189314497159284
a90bb7ef537f3ccc,0.1067527784029695
f8c47e6a1ab0bf1f,0.10536442040240035
7f335ac0ff549013,0.058067051301909825
e9c7c37b6584e68a,0.057176420414266835
e2f8c99b54c930c0,0.040759767662705663
4f0ffae34b450b85,0.13657092445242194
94e27d2dbdf9010f,0.17813196117221333
db05b31fda1c2b1b,0.10431043644753735
af64ad7d713d5a93,0.10205501032904765
4d1462da71b0efa9,0.05715048194949236
04fbab7984c52c30,0.147743619577503
c01a62e78e6d8a2c,0.12270604346864943
74f8579fc40b2d7b,0.056845164226132235
0eb2d3b71cf2b61a,0.14427054351590735
57788504ce4c82b2,0.1316707096909197
9e7dfd444a9f30e7,0.09829570549065562
0cd8b38e5a4b74cf,0.06811718257107163
e8c1c982ff8a6704,0.08212947016123881
36bfe943ee63fe65,0.08458614259679867
998d9f62a717ccd1,0.04332631298843254
8069d4397377adbc,0.04785725999194794
ba8f312910226da5,0.1567385387676422
37faa0207a18eb20,0.14328832439787276
c16962d752780184,0.1960896076619465
f1d62e28f903e96c,0.10719849054580952
8cab416d1f2bc624,0.1406075778568644
b791af74c95ffa06,0.2335167586299267
05b113e465a98080,0.09181756623349022
b17d9630e851487a,0.09184859644089546
92981268f9d56f38,0.14122363378202352
76775e095989aebc,0.035817375198173816
a07f4266c4b1cb5a,0.056068562713431046
7b5b1f94772d1b60,0.06232267737643504
4f8ef604a40bca4d,0.06741136483601012
673f3a4c0bd90267,0.0704786355123396
58139d3ae9373ae0,0.16250780033520779
c24d1452d22e8db4,0.1048945543467924
441d9763fdc1b0df,0.1853865496501192
d2987a3199c1109d,0.12923785092933865
cab99a91ac2562ca,0.16230583051199574
df1222f0cc1e08bf,0.10688815075808747
bdb610f14d1f9c0a,0.04570254634248301
d63652d83092f4cc,0.051282521463454855
dc121e137a206780,0.08399744254405125
e5fde6a720ffea60,0.05319752390169024
52f7118d77a951d2,0.059762977145314346
1b60cd7738483c77,0.13344512925956678
c7ef81c5ec66b855,0.22169908594665688
42a4005911b6abb2,0.17655646874517833
926e4ef2979d43ba,0.05123469774921845
936393261928dd44,0.12188033170589908
90b3943086a67cf1,0.07915727915363571
80b6c2497708cc79,0.09830212746976974
dc880492a16f61a0,0.10307879522401213
363fa6d193ea1791,0.060187120961106885
11443cec444ffbdd,0.20208268892804548
174e280d8c42163e,0.15880045006011578
d7fddec00bcd1345,0.0964886533970194
2f2a0292483de945,0.2430156510069491
2638757dc8ccf105,0.041739780569532904
af967b1ba12837c7,0.08323022907405739
6cf0ebd8925305ad,0.18571430301673908
0307e7dd94f223c0,0.04352175504241275
d86f818a421d896a,0.1575984652683871
95c76aa135d94e8b,0.05490597523530739
dfb2dc72331615e7,0.16077374098128058
b488c877787792d6,0.09910942942759061
5864514fce7556aa,0.10736198604791403
7db51b9dfaa6c3be,0.03835260472004916
475afd5ca8082909,0.10639502769077393
aef3fd34396adfe2,0.04509750554524594
e93ef7b1eb85a270,0.07670721233290899
e643f5e629c7ab40,0.03451780173337152
e9234451a7ebfa5b,0.11741675553192922
e8b95693607a1af6,0.19227395488646767
362e59ee5f24ba56,0.10280251278198452
760d3c489cbc2365,0.05959027740652166
cdc43a10fec587b7,0.1763983681842804
436bfce1b2e96ebc,0.14376280875289815
8364b88b9aee50f6,0.12215461197497465
49b33a422ea5bc22,0.21480036125574486
7c87edf2fa4449ce,0.028425819895272982
ae4d87302f77418e,0.06726796342812809
80504f5553a663cd,0.07037928440144608
285102ab56c81c9a,0.10361248382623957
ce75929520b6600d,0.18293793851084966
90e157fa590bed49,0.1838837272096162
72308a9b8ed351ac,0.16193738552791442
67da97f4bf5a43aa,0.04852234551767169
7a2c3503f50e758b,0.12294197023236689
7c277b093ca6e70a,0.047031563656452266
e17cdb698e7793a0,0.10614862769046719
304f33ed70c9905c,0.13359636331332586
f671940234873df5,0.14624341760119053
4c60ff51f1a98ddb,0.0725243928781098
357333ab581b26a4,0.09521520447227678
c12b50c410a56d62,0.05181380390366111
280ee73ea3f9a150,0.11125164120576381
9794f61f2b35c374,0.05055583393228068
99bef954535737b8,0.17220658817397438
164deb1fbf6d3d15,0.10464730409862216
17f64dfc919c257d,0.06881035789533833
177f1a78be284fe4,0.07705545429036115
6575a6e55c3aa52b,0.14469663895087037
e1ceb3cf89c78b04,0.08677345739293538
2787d14ba4491e60,0.10218058245582964
47283a11f402ab9e,0.12553157250220615
3e13ab75e759c66d,0.14502813218869187
565632830f202280,0.1210074947157305
c60dd36532e24523,0.12925738573249626
1bbb760f70ac35fd,0.0596070039468085
5952ee73f64f8e8d,0.09579527278955513
0d2e12deb5dc05bb,0.08978801360581937
93cf50cff9e70197,0.12304151119082431
71a0f1d3a79f9279,0.08915427354927649
ff1b97bfbc1de495,0.14778978216614205
152d66dccd700ae2,0.13183716720134028
af9475d72cb09bff,0.07566655451990419
50c6ae4f3f0c520f,0.14987717718892712
53277c274f93827c,0.13052468676981777
65c28bc2a138b604,0.16933416930259915
ab3f36de97ff5288,0.04170290553171115
6e673b3e05a86556,0.049328457515305686
29ade739f5ac47ef,0.11377356699502358
d6c96030b8564b06,0.13342857515691173
5ffe88ee98e246bd,0.041056182104725766
b75847a46dbc7758,0.05874844254812108
fd4f072e7db648e2,0.17394265095469852
3b600a791eee47c3,0.09964821552736829
3205c60644f3310a,0.059846928388741824
37edd7d198365da8,0.2359623902258175
4aed77bb42b6c35b,0.03744571611834731
70b9c5d2c47a6231,0.14628639998224466
5aee71b30cf4e773,0.036373879777966
3b6034955fe901a7,0.03970471459038803
53f7e37ad065a1ff,0.14049882839512146
8249af221f0dfc62,0.0764895492017621
4a798f098b3ac80e,0.14518571897345395
7859a3365dc11f7e,0.14256664310977435
0d6ab61f58e22d8b,0.0723979636191745
d90f47b845ad8044,0.11321653496704032
908f76b67c5d77d6,0.07361133675455435
2e13d0c9efbac24d,0.0912769804123095
fbd3509fdc1e2fe3,0.047125589207552956
d0c07aa05dbee8c0,0.059746923031860646
e2066400c0c997d5,0.12884559895534003
9d002016fad484c4,0.38253710220051773
18105a09ff042e04,0.0813260955789124
97dbf62f03867f4e,0.10929302583088742
008e7b56ab9053c6,0.1889036875516721
e382e61b69858e84,0.03789313237247943
a02b2c12a9b232a6,0.07574976833552757
5d4eefc602f1a815,0.11814532140983108
8c8faef5bff7b3c9,0.04814317020880116
8ea4fb1f9e66fa76,0.04027578626297749
22a32bb8f8bde6fe,0.15534710361661364
6a655866f90d61e3,0.10945688867694747
b15548596622ebdc,0.05865612371749471
e6426b5a54e4a972,0.13779859892805874
2bb1ea15970a2de4,0.04761766891612815
5b2c1fc3ca8dca34,0.05037797150218743
b26bc3d1078e5a5f,0.058932167085142456
9db2f38d40ccfed4,0.06585966956348706
8481c054b0537a7b,0.1482414046597987
c4016925a614e39a,0.12402868606783582
a6145b00b87ffbfc,0.22383814683464032
856c1f1b7a16dccc,0.03912527216396733
5db9aa657576b123,0.03545564485160668
e6c91e69fe022b81,0.3858844937012373
18323213899682a7,0.043210573746673926
84aeda77a9eaf7a8,0.11105398718363915
60aa7eb39a1066d5,0.1643693689442005
011908fe41b2ead8,0.2059334764597529
95a236faf4cbd0c8,0.12550136201400203
c58d93928c4b43a9,0.04279325542883042
e3d5116d0ddea646,0.18608548730431224
3d33771711b587e9,0.13291139264870105
ca902179e21ff302,0.14587213113326938
4b2142ee3d149d15,0.07975729156334183
d78803f699e1394d,0.13223670497973472
ef2d9881a6438977,0.0421561674924001
3b5fc032ae2a290c,0.0721055825889175
9d5473cf79999f4a,0.10866816877369449
9aefa72a94558b66,0.11513688551851771
78cc36a16e5afd3f,0.0801311952320981
0628d45dc33a5639,0.13973521922149892
bc63ee6da23c5dc0,0.1791129354178786
5a69761001b7342a,0.0968361732450856
f5384c1b33a306d5,0.05550132891968718
9f4fb39fb6e8b6a8,0.14960259379420204
f7787ed37e4b9d05,0.13026417449701455
eecdd457b6c7edb2,0.1546814794908437
f36c01f2f7fefef6,0.15608043761481066
abe3d414c510a7dd,0.09483417765804425
d1f7dc9b905e0fb1,0.051499255738907554
a97c23cf1c8d474e,0.09707469415079543
fa77ebf418dd2361,0.04903982157912075
4fa91df3f09b649a,0.15419838558764043
4c40bd5075d26ea1,0.18273102472571082
559cb0c10ea413cf,0.11498958535160526
b07714f5d0a305a3,0.12805593373062413
ac26d06332fffb35,0.0556472259170983
f3a18a7976f15c5b,0.06073929706825534
bd610a8daf3173f8,0.03261911656885265
b4db2ea448a373cd,0.044298937221682044
a9e601aca0377220,0.15021074132178888
7580e5af192dbd01,0.252475364133577
3b50e09f1d1584b8,0.11162403688233996
e752099897ef3c84,0.044388114899550836
9e556374eb31bdcc,0.08740327162516978
09bf3001382d4d51,0.054100231868438826
ac4f9d21db6d0551,0.08903173787480255
bab162c780dd5d3c,0.08430287500510722
1ac05275c95e2b9b,0.05283975591391425
ba53d76ac3815303,0.1599118825007476
731194026ddc8a00,0.15904147929940432
565ccf55ce0f19b3,0.05687810905778395
c610846e274513ff,0.0913186236553276
4f2f55e6f8f022f8,0.08477206503640974
171594c12d4f22c7,0.037556344054620994
fd9a29be83f07915,0.06380237500173598
0e69e13d2585552f,0.22932763012344848
8458a25c7d299656,0.07012034330144784
36510a7e2e8cf5e6,0.1572714978102667
4c689c2ab0b1e458,0.26241862067364025
bbbb01b896a60659,0.08356242950708356
95a6091ed902a1c0,0.10549371504706613
226f1fdbdf45c3f3,0.057917571244265775
b3776535f92034c1,0.04907470390085132
e136a41bbd9d2ebb,0.153266399715713
2acab7498f95984e,0.05019170491174793
5a97d6bb500166e9,0.09002938538072794
53ad75887ce27a2f,0.04959407976463387
4bbccacfaab6a76f,0.10606462346573114
8d5dbeff654a20b3,0.03950600057883118
885918cc4b58a92d,0.10467247834194984
c33b954ec9e9d53a,0.0493121066209848
c73aa72e6960366b,0.10763919206143871
28c265c8e738031b,0.17739892989426698
16f59244fa16b9c5,0.137917385084931
ab1bbd20f2288ef0,0.06247032601077987
21ce9f486720b00d,0.125569239068621
ea98936cd5a062ef,0.10421642014403083
092b99905affadc7,0.13434335651736695
f8a1935cbff0e3e2,0.11073995747572021
557ff2105e2227eb,0.04201475361341699
e28b4c1e7eede953,0.050576805464574784
afcd2875196e3514,0.11016999410488955
622d0c5c885e5d67,0.09584100461577823
5ab123deb8c8e0b9,0.14216274877995172
d70f7077ffdc3675,0.1007263246175151
ec0e23575480409a,0.12105376452559703
c42b1312f2466d13,0.0687406529763219
58f7c9cedf508963,0.2677351056685583
483a6a2fc6820e34,0.06424156534049168
9a410bdaf99ab250,0.16103298092520946
27d8448c7743312d,0.11562863561727832
d22510648b60b80f,0.8833755550204939
cf71cc1d5beaf427,0.16534340919937895
b16d96c422e7686d,0.13991679741930052
f3bb00d62eddf347,0.048213843023666283
e7ad214e8e1b87e3,0.11119836201179345
a149a81fa46121c8,0.06336330934476703
954ac0304d013ceb,0.15361602517802153
5fb61c8caa291bb7,0.053615524474647784
b3e6b65c022e07a8,0.14227618128132957
014590f5ad393d98,0.08742645539719655
fd3098a48d0565da,0.027127522599425042
597dfb91140f7a43,0.04634379104078045
29c72ad86d92588c,0.043876726724174316
46403e8726688e63,0.03921711694583399
586f9bad93615a9e,0.20767345999475295
518268ad7eaad020,0.07816563167195449
eb68006674ff7853,0.1071937637777776
829bf94f3c7511b9,0.09080814848371707
472338feab38fd63,0.040662434476904305
e2eb7c00452da3bf,0.08462309749433145
264d5eac0a3db4c1,0.1311452317705582
5dd40ed8f6931f40,0.10350648672571347
ea07294f7b9321f6,0.08750064726658952
800d5b199211d908,0.05747820582485632
c26171ff73291cde,0.1633105712475595
9b039401395029d1,0.05995121126743885
149773fc93e82e0b,0.16820111905313523
377962b226c4354c,0.07011702605473277
b33ace47f8c9cce3,0.046587388444222194
5898aee0357167ae,0.06112497252910443
5011475bc46160b0,0.061446591564022476
49403fb05b28bdc1,0.1466882306154402
d64f9b8328cadfcf,0.148655523196826
8347b5a18bb84a35,0.07515569533671022
a72c9158377598af,0.07712754873409598
346932f67e7d808f,0.1200392096194231
e4962aaff0cf97fc,0.1357932908278524
d63549a6e599cc24,0.03757887630704615
d013eaf626e99575,0.09754750036732457
a7c0072db3d224b7,0.11803427575803391
b87493b15c6b1e21,0.08116910129133743
cd6d6ab0bf1601eb,0.09750847077052913
fc7b0d78438f45bc,0.11000708002639562
b53e88867e63ec5f,0.09859688961981347
1e1e7de7f17a14fe,0.0873689918979096
fff1df28cf047de8,0.0788951086833399
9a4279b8c94a438c,0.04268783141194428
d1a19d29c2aa4b9a,0.1406899662947461
ea65ca7ec57132e3,0.14295542308394815
35cc6e8b29ac28d6,0.2184088450571424
35cebb20cef64701,0.14383212708045262
03c27c6fa94b88b1,0.04582570508202907
654a7847a4c3d0a9,0.210186039080815
d82da976d107c4ef,0.19591188454599462
0f7cdda5aab7cb9b,0.09341923777271535
511e61b096246922,0.07010824641364087
9bd56be8ba9524b8,0.15520341666028775
08980e1d210b6aa6,0.15619642261717526
c84430f350b3a159,0.0845755769657192
152edc8f6b8762bb,0.1523674227659358
a4a8682aa22552a5,0.13265754684260553
5448387d25232e4f,0.03862956133257439
86b5af3c99c2229f,0.05150074219183944
a243c84e17ad5313,0.10745170138165258
1cd4111d9e2c14af,0.038059289444347534
d6596bfbfd4cc049,0.16122925664447527
5f6669357f9d2602,0.14644625957590646
8ce4d3415fe4440d,0.10122128656181624
b7804e0aef5425ac,0.046376566036291166
a68ac8503924dfd3,0.14695316769959277
0ee54a169cddc5a0,0.07656210240250332
91e67962d58a2196,0.08805217840659263
337f92313341198c,0.08351697172990327
62fdb17735fc24f2,0.0721800781530208
32070e417cceeade,0.1043462799050221
d10e86cc3232dbc9,0.23108556458406299
9e379ff80b817265,0.16728117772927195
cfff3503c56dab5b,0.0382842799292669
9f21d3f021ded79b,0.06076654002965801
5fe69ac7610324ba,0.09992001000208853
fda80e0f061a2a2b,0.0972254035921068
e5f50a39b4e83fe7,0.1289338211009481
b7ac8ea60b369ad0,0.04725526862443702
f4aefa9fc2e0d241,0.21787851317367907
0f32bcb05a22709a,0.12392698935411567
13334ae771ee01a2,0.11171352315207779
d2596a53564c0b21,0.08243208140400463
1a90578444c1c9a4,0.06512108378751835
38767f6c13ad1bfc,0.08834792234196825
8d312d36ba150056,0.0621239670214691
c4e9fb7cce4bc726,0.0983523345370383
9ff220beebc71a5e,0.04447463122815206
24bb5e20d933da44,0.10303327643164313
42f6ebdc63da37de,0.10514431186396175
39f065a3b51d8011,0.04681891063192899
adfccf4de2f8f9e4,0.07293407774203173
bb73756443a5eee4,0.08318431123022488
0d9c7ad016175e4c,0.09896061357688238
01d6dee3fee929b0,0.05069642155957463
4c94ce26b7eb0794,0.12555234950227243
184edb2637a41d50,0.0774322199808617
b14c8ed6d2ad7039,0.03699981471793766
efdd1d7495765245,0.06438038347245503
affe3b0f590fae77,0.17881177304206086
3edd7de677b91b05,0.10764876325763903
ba9e4528463c5dbd,0.08364430288759736
8be8330f2029f548,0.07026881454157277
df6e6d77a02918af,0.07352941397550539
33d9746c24d2c070,0.11010504714678265
e51c785618029ad1,0.1578212382070961
d53ca1e375f1420d,0.13250885755820713
d4133e84363708fa,0.1960994297386228
094a4df459f84f9c,0.05172462538167784
c95b97cbc9622e38,0.050076664174691754
8a243d50081a0a41,0.13859406662980467
f6f2fd05daf66b4d,0.051054813641838746
3b5e52e54ed29ece,0.12878958303719715
144d292add5f41e9,0.1223752570047938
49aedb77fa2fb4fc,0.12526114105415276
81e5d80b657413b9,0.14969404332840502
fb21fa126522b6e2,0.10683204377204056
3451b921fd37a93f,0.14412061296462858
e25080fc68263c8a,0.18713497676374788
64f0448c8bc4b1eb,0.036998031254216295
ed89496194aa19dc,0.0880402428620908
fb22f7c013b24779,0.13029359348379937
1590a07714e8a656,0.04453721724231594
54ae2ffdf139cc38,0.04756276545301602
96bf13f3fa835169,0.09435586973125007
559cc1345795571a,0.06375901144536503
325ad194b9f588f7,0.11948755612204034
13ff609306472199,0.13488319608093086
3c87f31b6953fbbb,0.0375860667014999
2dd14f20786549ef,0.09382211388140402
be72fb5da729ec70,0.05059428164543252
dea2b01ff6868477,0.11493374576872212
c7ffc036c6fcf66f,0.12030553169896353
67b0cdefddff90ef,0.1261595278005813
eb949d7c7beb6354,0.10672694360684522
72dbbe8ab710128c,0.1215676569663331
fe50a3aa77d27195,0.036626590739209125
b7dea5f446a371e0,0.06854396449477698
3b6627fce4fa7c6e,0.03671546444190066
5766e8d8c783a487,0.12210088013716512
818813e68f11c85d,0.09905085744396976
4efd1ededeb6af5b,0.08316946123764078
7339d8d336c0728a,0.09600344704717476
5932b86b513569c7,0.11835713051751509
667e3c34655efebc,0.15637589485170156
211cf2ea67620b3e,0.17382336725191355
73ddd41ae18acb03,0.06925979345044204
b7d7b9bb940bf7b0,0.16107593515333374
672de9994012beff,0.06415622679810534
1fcb989eab73caf4,0.034902272560077774
1a8eef4f4936cf0b,0.07166953708457702
181bfbae0ed5b503,0.026913102864675825
0144b06a9d5772ce,0.1725629758803835
a6d79b35c359d2ca,0.17902856081261728
adb1f5a83ffc8956,0.17950202491980977
7fe7578307634c36,0.22378726852217892
ef916f6bd9bbf8f3,0.12898026932617063
261b4b9303f16955,0.15038882992821218
bdd3d57f2dcbf24e,0.047840211527688276
87478ecab9990b69,0.09428322825198662
00903281b49f7885,0.3694225587649438
faa54ef489380476,0.16882171679784896
afd67495e65ca43e,0.05940871140757285
3cfeab5f2a521bd7,0.2914861167863785
f889243e554a57b9,0.15111621578189638
1633226e5baee1a0,0.24869700845176956
09429539f12260dd,0.0642846894132069
4642f19a02b65fbc,0.04866523448130165
454379600a0d58ae,0.12206967383673757
806b67c9407deaf5,0.04449460046875313
64147a091385f1dd,0.05384485729101518
410684a9ca496c4c,0.0500824441804987
198aca03e558bad7,0.04905767343235001
19112c76b72e70ac,0.04513465107699739
33cdd595d6f64465,0.05460060685388239
b678efa350251d1a,0.1911064671218647
2773ef74c8379c3e,0.1722404250425787
21a85668c56f4a28,0.1093272720915772
ad44c67c941b730b,0.04850462081008042
afafaec6ed7cb894,0.1449157090529268
7b2afaaec11da7c6,0.09861260449080658
14f8df83cb5fb959,0.13124325156507663
2fa6287a9d075ec1,0.08809250098544348
a20301029a5e8b78,0.13463135426410922
64c226150b42ee5c,0.11815071575155586
7012b66ec38b6038,0.02939226842599382
334a43b3d7746442,0.12319629385330609
3e39b50358f01b64,0.11609852300657263
dd424dd258080c0f,0.09870816144773628
b6815449a050c02f,0.072374565363448
786b0bb1d7a4dfb8,0.048133167570791044
bfadd1b4779947e6,0.1836172245099547
23bda92c60bb92e1,0.1809290311580386
20f374eb224e1a7c,0.04800982343322001
04bc6e2ce35edb4c,0.16481409115707274
f5fe2d58beb86d40,0.088170569419666
203f3df885ff03b3,0.04163116105073359
ac5388e6680db6ba,0.04825898428124496
20a190db150bd0a2,0.09573515660561985
03b8f432ac8e3226,0.09857508134496112
800d13aa581dc05a,0.14149892005754366
32ad97494e39788e,0.15897225487765793
762f69f875d0a0a7,0.12114135430145706
7102288564065a58,0.1501393616161144
a244d35bd0a46b86,0.1227647754756081
9fd85d10d8d80cd1,0.07809686936935677
cd37f417a290a412,0.14026444558447776
087a61efb373df95,0.0566253562417421
5cc1bb67fc9fa495,0.04040260451980565
38260167161be0f4,0.11110367233211188
377d6156aea5f7b3,0.1560242199413689
de73631ba462d9d8,0.03588335617996886
c6ad617675fc82bf,0.19656272589711093
53c0301b075c4edb,0.06517137371234648
d5d5bb7bc7475a6d,0.07993042954652052
2785f7c003032f79,0.08287824192769769
bacabfcb41e851d5,0.1818151113366658
930620d9c45cfc16,0.12944005966293637
a2253bc60bd26111,0.09991643857724408
48be98b0da47a60d,0.048473964657720886
4192611de72c647f,0.17167438129780793
0a3e55a0415cf1db,0.032535527301142717
94a41eaf6c166f8a,0.04554780823260844
65c588ff0e6a0940,0.1214156695496161
7316f0f5207cff7d,0.15286398547217822
fb48d6120d40241e,0.03451958722223157
83e835be4b7da5bf,0.06616160518846367
be007ff41dfe8e33,0.18017099523222377
ae762981ec3e2222,0.20081403532273054
9cde4da63a470364,0.07526304364274611
1e641e6a0e15cb0a,0.21904242534875254
f1e1bfceceaf5b3d,0.05062291579271404
b33a9dd2d6116451,0.1200878919976637
6a00f8682a96e6c2,0.0690822412056726
4889bb3fafff04a6,0.03892432388087385
d83965adda3948e8,0.1614696258957225
35ebd3eb17d43331,0.1420846208112605
4fddbddae3f8c321,0.06013372472635619
279f5d02ec1d4618,0.14170031195855293
18dc05e08437b19d,0.10270765187531161
fd5e41a3afe867c6,0.09086671076198725
4dfc9b4693d64425,0.12522355355815004
38efe84b2371909b,0.03556561090081479
d5ab3634461fbdba,0.12130241457623697
88ee52d04ccee47b,0.15231489746425192
311d0a7d1bc40182,0.09697756813034121
ca3eabbb86d9d394,0.11782466929249255
0839345320590491,0.07306788215657053
3166da0225b35bf6,0.10522967164001477
4fdcce92f68b7529,0.17771141492309675
4c0a03f188fa9938,0.08648557529757668
efd671b84d562241,0.04482159217009808
a1be96b06611a4a7,0.08554191693399724
7c15209ba7808ba2,0.13771456993525485
b4fb7e75679d28cb,0.17459380920578443
095adfc07a65ed27,0.09458629432926169
a19e6a028348c708,0.032404512222164165
bb5e510a6639b43f,0.12497527294130364
fcf27b9cd834eeab,0.04635192890883704
dd9e809656743e04,0.09392043862477588
9cf20fc9b8513a03,0.15797510790415997
d929256e10f5e94b,0.11428092377884196
c7372107d1356264,0.15785720914107523
fb002ae965e2435b,0.07814230227599558
891d7ae2edccb735,0.1472496747965438
33b3795f9d4a8ef6,0.03796051858365207
bd1c976bfd04983e,0.12144970104066527
22d26961eaf80875,0.2194491020204351
3267d0aa9600286c,0.11859883279825059
f85b98ab9c2071aa,0.047229130269717985
4b4c86d64f258caa,0.11975738019980259
af271d6d690a0b0b,0.04165865729059919
8b1bdd0f68e6ab19,0.05426313779259995
aca740ec2df56ecd,0.1267774087323535
66cae06936335046,0.14168935287618953
8aa96ed1f09b6e82,0.18928604518910297
fb089d648c0fd719,0.08792138565655894
b3b39f3310bed9f2,0.096121612542265
4c9ddb6a1c08a7ae,0.036459381554685366
8dafb6cdb58233f8,0.2412557240135171
8512f25e0995f115,0.15717628675003312
3e89b24f6780dfad,0.11202732000770424
811b5cd3d60f8f01,0.10245234027926765
8cecb78a9a20021d,0.07470321783226985
c726d19506a1a864,0.06835288804444739
bb71d5690f654fab,0.1382729865806347
01fddb547603eef0,0.09331911770484184
c6592de36f791128,0.0767441315662574
ccde7fc6a8ec59a5,0.06965308221219824
ba6d1493e3a1c1ad,0.13166011900858382
7dfaf88276d52a5e,0.14890008723994164
c09d65931e21624b,0.16462191289479214
f9544a6dbd4caa2f,0.04220125736474815
b374ef23d5ca3b3c,0.09528038190739442
c51f8b67a66b5aa4,0.27584548964801314
4793cb7dc1d36c4d,0.134952556533048
c4a77a4226cf0e3f,0.09457768968094313
11b46e06959d7824,0.1657152802711665
75083fbf03436018,0.12750989438446503
44cc96b7436e60fb,0.17433121110994904
9c78ab8c7f52b1ad,0.08030332512570251
27c3ba5b3d6374ec,0.05420464167679895
09bad77cec8a0ea7,0.10981140708156942
7e5eaee69f7e8e60,0.06888867956493046
9701beed4cb2fd40,0.043594248057310096
a886ee5f5e57d356,0.030649643173687166
43322ba6466f83ae,0.09121667416867128
39ac7a6c910dc826,0.09139485039429346
a7624810eab99b39,0.09886638079850127
27ce336c13dd7f0e,0.05648538385181022
35ec56371ec7bab3,0.1431486987245162
1033972a8d27b8f3,0.15823111305054244
246fdf152b78ea45,0.04791918882328798
67db089b7a0697c3,0.045514295597654256
51541de4865fee3b,0.08233362351599968
2e0ffa5c733d2a47,0.18776475879275262
c307a7a1d2e93ae9,0.1650904397697551
60775afc974d2192,0.07788477226062886
1af8370aec8adce1,0.12817718261190253
7adaed59e375f94a,0.07367508496081843
d3f971f17d9ab0d0,0.04771716466895914
f1eff57932ef0f4a,0.12517055494634416
b41ea8380984305d,0.11085458390010391
dac2137cd3aface7,0.14670854459676863
48da40bf199dedce,0.06481681528728309
2c36f80cd8d50da4,0.0370454244781772
e45c5c285ae25a13,0.11902475733406102
d57fa89c692abe6a,0.14512902504820008
0d5b889f910953e2,0.04596318639872517
a2bb73ef62a1fa41,0.15445731625614478
161e450caac64b0b,0.07193898549440977
870239c07fe84d59,0.19775034696009405
1a510d36c73a9190,0.09693176456171856
6365e056680facbe,0.11215026559270398
7e5efd56e82bc148,0.055197402970610515
8ddf8d226ddfa267,0.04040335439897545
aa2927ee663efd7e,0.08409882666644464
1969a71e6c309cce,0.08997421309093967
33e3103e2045fa64,0.04891580046776131
79d3953d4c100b9d,0.23060811853634944
8a0bec565c237aae,0.08795293382522842
e7b2425696ad04e1,0.0484920120921272
1585c48da5187cc9,0.13550427984358807
b508d898d174eb05,0.14062317726557527
ae96ed3d88eb7aed,0.06827945413185076
3780b01a20d9aafc,0.15748014867381874
5d2ea0bc3f49f99f,0.12522097686830916
609566c49b16621d,0.042329117389968016
52a50658bfe832ee,0.0995090220521492
76655f684bc2518a,0.06449900273974568
507aa51e38d00459,0.07193278914929865
e7edc5fb783b818a,0.050812298344642466
3488c9b765c1219f,0.04835650846319139
60726ee6707bab89,0.1716883029529901
724b704c54783fd3,0.032437194721002996
23405c43202f489c,0.0734957993755914
0a275c8c3adc1e3b,0.061110449675670704
ad727a83295f79c1,0.20002633456195115
9fcd517a3727524e,0.10174998706878399
c1a15f34e5189a8f,0.08460629895898242
ee586308edeeb5fd,0.1287165360442465
61323c4c907b9667,0.16738217661293914
dc6ad9b2ea237556,0.233091662592854
fc261535991f079a,0.05693844902929126
199f8696fe22e8f6,0.06977145432270401
80c803fed1e7b815,0.04137016295572168
b3645ff1881e6181,0.05834986296719421
f077bcf8ba579026,0.1099925705286307
c98984325495234b,0.08668264572298962
2b1acfb2885f0207,0.05444789107362154
58aea5fe94bdc9f0,0.07971509777589926
13ce2e76f9ac9797,0.13100863840570104
585b1ae5f2fdf9d8,0.2157305142858719
c02d00f3c935fac9,0.07200037946107421
961c1ecf22020dd7,0.09449609134021084
34a2c0730076cd51,0.14604242682620042
f08c72208c842a80,0.17126191822615175
3d0365b300b08d12,0.16447376801336017
7698d1646b1160a7,0.06226818433212086
46fe0812a4d6a0e5,0.07035148528266313
1992a8cfd9dcd0a4,0.16461522794616174
234824681fe92370,0.0561024045740022
66dae8fb83f01cda,0.0544916731681059
565a8741e734fb66,0.0760951016771527
85796d3a4623f1b4,0.0579589783000879
980c038df259aca4,0.05622859963651103
847d49fff22ffac8,0.1707158231497384
3ab579aad87803f2,0.03844023862615651
7c287939d256c04a,0.06689717380727095
9b56b63c1ce61e36,0.05264678918863676
2b2beb4ade849fe5,0.13688455626610357
ca97e3a639d0f212,0.07477171067692437
cdf0a515724936f7,0.08104226058563865
f0d9600d63271cb1,0.1776521219714375
61f6d6cd6e8ebecb,0.09018639586178137
66bb128d75c1a31d,0.11123659057100307
ff6ace3df2f93fd8,0.03639081578957183
174f6de5e6fd0ce6,0.16694008410749556
f629016e686c93c7,0.13823476252147676
8a5cd96071aee653,0.03178961757796153
47a56fcce1a48c57,0.16209265086208302
bc218a229f6dd8a3,0.07220120262898572
6700a0d8cc03fd40,0.12556946306410346
bf07422782deaa4e,0.22024487412038637
67e5b268a06fc16c,0.057039098542362644
775246a31de87040,0.08344722354841
a8c96679585190f7,0.04463958892740502
85e8b073ae9d6cb6,0.13986906348955305
8d783fa9a84a2016,0.2284031906840019
afa9ef8b36efca27,0.03594315528783739
292ad72f433b2ec4,0.06477949078794495
543a382acb950efa,0.06174631732759457
97eee667e12fac11,0.06824703796694734
f1594e042dbd4135,0.05318524463688692
c4acac79bfd54ae4,0.07797466000702383
f1bc5cee7cfbe74f,0.08656743678911948
25e346e1b0340347,0.09662311683543418
53b71602a81f5c52,0.09624220803486977
6d2d4b17736e595e,0.09310206224424268
f652427f39b6f10d,0.22936532065343246
1437d0c59eca00af,0.04867433956615896
d8980b5b1d68a4ee,0.15306143194226288
442b8a915014e871,0.1125083745734402
6a1e5bce20cbbd53,0.17914013017565694
ec75dfc7e578543f,0.04325736751325911
94cd35193b228a90,0.26792818993573375
15617a2281e76896,0.12572908510474962
ae22b29ad0d98702,0.05841003822171707
3e5ee530dd802ab2,0.07600390353582236
9304c1771978ab05,0.0418503020980628
635d5bab100147aa,0.07953970481154456
cf12cab6ff5fa6dc,0.11801417816888402
cc7ce49efd47f0a0,0.04315522492817147
20c507d578183dfc,0.14017480489626094
e29e2bc7c3e6ef41,0.17753624382859756
61e270d51cee0fe8,0.10940950546089898
a1cf27e43a150760,0.19091876414601539
9bdddc292578558b,0.06033970624559992
fa0f0cb920abdb0c,0.13160984278971155
95dc87b7553104b2,0.19553932496775783
c268681605733a6e,0.08340843486849475
57f8444d376ead3c,0.150488535158732
1eb08c4e2e2d0a0a,0.1091070101543713
65f04a475e60bc71,0.11306827345975586
54b86d86b2c582db,0.06205979165020714
ac660728eb9adcbe,0.11056899270275494
9dc70760c7a65427,0.17488811421000994
707fa7577b28c00b,0.05223028623934195
dfc0ad3ac006f7dc,0.11702267991675602
d02c60d97c52824d,0.05360952686432086
68735cd4123d2c31,0.23746069373034256
e7fa76e1a52159ec,0.04954502401632894
8e2a48702b61cf4b,0.04227285462301689
7b4d442d12660d2e,0.06585586074225357
1879fdf1618adb5c,0.10772958168045221
28331b7b0b1598fa,0.048098114484738774
c27a3cd35a718f85,0.09461484867635964
003398b630719a7d,0.04232296081709186
70b9137733db97b6,0.10652524602760091
f0ea5635eb777479,0.1356271988940054
e80ca1e08210095b,0.14006521828033808
033b8feb5aaae03b,0.0447734800682858
ac6a54139c7c9d37,0.15091360688947753
ebc95757b2947172,0.061927113285842786
2fcf426035785728,0.09892768185789773
78996a14f02ebbe3,0.05262176868464979
a87e26d221511c94,0.03101459028985367
c5eddf448403ab6e,0.04293016725272281
e8da0e67e35aa293,0.07515351156945042
88b632eaf9356d3a,0.07285425144397525
85571b011c6fcfaa,0.22897006927757416
9013d63ab473f952,0.1315007089322174
960cad37cffe68eb,0.07335255557861718
e247eb8f78f75a9f,0.05963774278094483
80eaa51c4c8a00ee,0.04789115201247984
35849a3326fb87fa,0.05974490798983477
d95e6b933db44247,0.049170895249841175
c8d99c2ec6082321,0.04710823109378627
c9aea5e1048b2e51,0.13362296508160507
e01947dd147cbbce,0.05220356094739708
ae79b75a13c928bf,0.05101706287989165
ce571fad3257b3f6,0.04059204162107374
a95633f51ef3a7b0,0.04500516798390284
297c6928439e696a,0.19656604057114505
a4d78fd9f9ffb303,0.08649142839816498
2dbf5dac4bc14af2,0.16107241210290632
484f57153280140c,0.11044988483351967
db3d92a2887ed53d,0.14070240502497922
0fcc2eaacbd92a61,0.033012213851834234
3b06de421485ddad,0.12768809034338816
3ab1395e200e5b42,0.1604383332033741
8b607b6592065a8e,0.06610667937387302
a58b1c259179dc09,0.17473919385484699
a84f2ec64cddb96d,0.20991731030881672
794ec7ff88727529,0.0637401396532606
7bec4fd7e9a158f2,0.08211365923116973
bb364b5bbcd978f4,0.19731556090606442
89b648a5f0f0ab12,0.07925020801049605
63de8d6c54817aa3,0.029106451768037812
f379e9f71ba0c23e,0.09831528066751233
a4d79f83a661fa2e,0.12377337897918858
211b21d15b3b91a0,0.06192961740343154
1186f6b426beed22,0.07151372543830387
8dbf55afa93fb576,0.11844854438224062
4c37d40f77654769,0.04431222516971438
282449c18b62e5e6,0.1598178698019736
12472f1c83854116,0.1546280886245934
eb624c530d058714,0.08540587651116144
916aa0618dc412d3,0.12451059096520847
b9f7f01f0c234a62,0.18173059719050064
d6a72e0c5f8c9277,0.04446772528746469
888195334e946eb0,0.03902160787933226
f1aaca6b558ffaf2,0.07435114930704934
cfd7c6655e63d480,0.2131098104477523
d54c579db2ee74b5,0.038027397056624515
3d05c28ee2849928,0.22535334742196939
88653ba09b9797ff,0.04417790943008878
270649bc52035cbd,0.04603710694324974
164c0240a44d6755,0.07861208094577829
71d79d68a2b92f27,0.12761863448309202
9bb25aadd2b3bdb4,0.18153365668933685
b3c62935a53d8997,0.07865845715757142
e850d24192f9e415,0.044340867770080644
0834b059b33fe386,0.17194950700707942
57cca7c7ea10b6ab,0.06842580586855398
39483c2d8174f1ed,0.1616525962849677
4df07eb70c71ec51,0.17518773297688556
771b30a38c390789,0.0834787399454445
65037a69f9336b3b,0.11432727385215904
97bf39056279f7fa,0.07986981011078009
1a2d12af54623039,0.07922724315721151
e649d739e4cbe4eb,0.21084641898244716
7c35e8ece8dd52b2,0.16413033309318698
4f679f800c6abb6d,0.1557875437966701
42a8a8ccd4f9f9e2,0.03344202308081003
662eb31e5ca29cb7,0.11847593750294044
39a75d0fc9a932b4,0.0999584830411753
f80b6c96f9ca16ca,0.037147473969921366
d1112438bc117eb4,0.11078956964289732
2a23256f8a1b1dad,0.13360869259022268
e3da84e292717dd8,0.07374962327418048
b3da0bcad91df631,0.1744932404637843
b7317d34b8035aa3,0.07729457389417055
263b44530f890156,0.11288586778042292
4908216a464f51c6,0.15432459128578246
d0b576af5fedd973,0.1137497021434129
d53abab056eabccb,0.11216151840224096
9947a71c07c08013,0.15678057237432066
e3f83e6765042b60,0.11482480511335078
b5e1fe2cd612caf7,0.07265494276005041
2c979dd3ae786b0b,0.03453952828643932
37ebd133842ac652,0.13342777571976333
8d7452fc00bad24b,0.12763562802054484
be4d73360ad37873,0.08284420585036303
40b14de62d50cd96,0.381154014408044
e8b95e5aac14d285,0.04329329328563218
545aeb4e5c2808c7,0.06104737587338155
3ea943e815e609c3,0.059339527476217506
9c3663c00fb99ff6,0.07986252862693566
6806a16705d54743,0.14259296096826726
9658ef3f8e3ed080,0.12625472802112614
72aca7fa36feebdf,0.12274919651249686
dfe86e43c4930991,0.12352961889093698
4f82ff5b5651d2f0,0.060706796067170964
d13da56afbdee207,0.11557985353886738
0dcdbb940af66121,0.05479227457544222
0e09773245767eac,0.05815327267588916
b186bc9610e2b533,0.16618241706182624
d54841a2e0a4cca8,0.2922040272418044
166c017caddab251,0.17517718738746751
a23f0288384f2f2d,0.0932239117271878
4886d310e5914363,0.07877785570901498
41edfc6111e88f1f,0.05303402184398209
0f33a4c86170e40b,0.09440896002579871
19bac5bcc4414e66,0.042806315688459225
88ddba34446d1ade,0.08072928206613045
a8dfc97deea7f5fa,0.14113319551989645
fbe5da4001a21c4a,0.04486543785952292
8ea535444187b6ac,0.05394623626517518
1be66765efbe9174,0.10173739258228998
05f16b595e33f77b,0.07107278382620238
3fb3259efef9eda0,0.05331926169088619
43836f5657b092dc,0.14426930148245873
26ac42441170201f,0.1811950716870964
12a4ec2031ef6174,0.048134245731442364
d8e7f33605a80ae3,0.11760519284551342
d6bde3bc380d8735,0.10386662559781983
9e0c178f3e852551,0.17297309743263328
88a6149ecfb1f651,0.0893866249272312
54a33fc8125490a9,0.07671873642768735
2930f4f063583542,0.06497547236672725
5092541f5024187c,0.05541665691030457
e78a593c9b385330,0.09574406423078004
a09be3a8eeceee6f,0.1583410941219901
7010ac1b44772de3,0.08039151474686843
49a17880c454c7c3,0.06298923099105451
4e36cc0f1383ebd3,0.14192713908767218
ebdb25864f6ce1b9,0.05531394347681101
bdb72360a5581c6d,0.12465464112030068
8c698e0fbcb6a090,0.06278556870556555
9c350ea7550d8378,0.054558757184863846
a8b88f7bb8ca6361,0.06331496746932626
3d326c98287fba6f,0.07811708784955854
f42c01d8b045f708,0.1418151012575012
8e5d62b3ab696aaa,0.038566423113531506
6224caf3c72e7ee3,0.09392828178556409
926fddd6b2ee63aa,0.031007847150806594
922cf50522b3b88b,0.1388198099937231
7d0fb10204af6166,0.15509446107670388
1a76fbd031e39a6b,0.21091911693002097
fd68ea29d356dd75,0.05371327588530566
03cc36191251ada1,0.1326775629602897
99b5bb0b92d8a55a,0.0519599088555389
aac02a9d632924f3,0.037767338536939414
5d220b8e18201d3a,0.06576704063261085
14fc1d6fe2d4e69a,0.18452218944396856
35e119f52196b1ba,0.04195893550167434
40f1234b5a30403c,0.12247189714831827
d59ccb5d557c022e,0.13557715220334413
0c385e728de38f99,0.07409863772119737
f8683477a2ab2ade,0.16615494684525953
511fe8f39056b9f0,0.10489910111215792
c99c5d897170f156,0.1117597166215406
9d753071d21e6c36,0.07169416300513295
9e9289f66961c664,0.1367161961096026
5f8b0d75fdfecea0,0.05072980116463455
9dc13c482e059e6f,0.08731652087115264
3f87fc97c66a3191,0.16977044220911758
1b3f3ffb589858e3,0.0464491594350408
5358785efbcfdaaa,0.06680515568468108
57193bdf5b9a6b42,0.1420999622515898
4ba6c061c5bcb057,0.35445993568648804
218a85cad268eab4,0.16771402152474346
f93dbe2cfff78101,0.10545255842030526
a8481146cd533ccd,0.15002823775696078
84b0e8fa750b7a33,0.07563394079008252
fdcc76060f099b01,0.041475806367051754
300a47eca14f8974,0.13319268593952793
14218faebac40dda,0.0706265516993774
6df2c2d2e3c3a7a8,0.1313172526448011
73b49cfc1f3e9dfe,0.047410313350033734
7f686a76e0a43e5a,0.0786851585582991
bf81324a27520bde,0.1199639605858563
f5d463ec64cf0b0d,0.08925915262773317
7b0554b8ca04f697,0.06676717286290489
e1b2fbbaa6be8596,0.10000333657808519
1b881aaa4217102a,0.08654554952395933
c212840fd1764342,0.07066821682957558
ef314439dbb365d6,0.05371319983973716
1772dc13f02d39b7,0.08608209364124234
b9ed04801fc7a354,0.0631020964719836
105a3d1544b0f94b,0.13152103115848435
78654baca9d1378e,0.2102309409674323
9bc2056512b6d4b6,0.07162750146533783
09c4cf78e2e7adc5,0.07852947582593159
b2555ae21207d05b,0.1401375684554535
ae348fe15c764802,0.05978947609506736
f0124c71b8a4ad33,0.11426098237478596
b56dc4e690b38942,0.05794790995948479
f780521ce14740f3,0.060007564100989015
dc6f043604dd54fe,0.07636361022788067
e07db4ab9d64f3ee,0.13902904180974004
8afd23b140e4bcb6,0.1240581471738981
11bdf36dc7a35404,0.057231320920536344
4996a5c048b055d5,0.1505453101003039
623d8021b7d32292,0.12289353576267283
9eaa2f70288d4b3f,0.06408315426801992
9b0054be7988059a,0.07151819713297589
3952d82f6df456f1,0.05189361249545761
8533f9a63a9367b1,0.08410194682390623
391d9fb2c3bd6fbe,0.03541061955928516
101b529dd70a1e11,0.05677710919351268
85b19b6a46b45156,0.05105776153956572
a4b17c05d90ca2b2,0.09379582854626425
194ecba02d51bfb5,0.053540115757885615
20a12da2d8890e93,0.05240619729857192
2df9214ba1de660d,0.09139125272053672
bd7e307eb75933e1,0.0989077300364051
5e0b0dbe5ffe6e83,0.6801317252651358
bf3a6cfc9a1f3c80,0.07541687336987785
82ae8090ca11b2e6,0.09405876459543823
4901ed9747386ca7,0.13893756509691518
53084b49be13c52f,0.1540898296835719
0263cc51aa1acd4c,0.11722508625659
41e313f2355b137c,0.12340247398146756
51a37cfce403f12f,0.06570289058788531
df4f484e6719459f,0.06305197354742977
de7f255e061d07f9,0.10195424159544647
741683772f1576c7,0.1521708288317535
54c7fb2af01e96d6,0.17641618677679433
24c542dab399c685,0.04385092132826736
a1230bf06c58290d,0.061808482974800225
900e15461a12870f,0.1504581797075881
c089536a25834f70,0.06342150957672144
afc3286b544f0040,0.08119329129540442
c61465243a2221a5,0.120929034842158
cb1f20d4bb93c243,0.07310065430693866
30725d20e5558b56,0.07871978969648812
94ce3e10e75f90a6,0.040102376192871464
48d0b89d569495d8,0.10648866564568912
ff1ad6d36283f697,0.06991477712291203
72be68b75d2c814b,0.04968117174283178
e4b90062b12b7030,0.16284582196234404
d6323a665e446722,0.06544694371935625
2d37f4baed1667c1,0.11994768411360952
05781aee37a18dac,0.05712212293519447
de24d558a18a9f32,0.06626675169336917
cb44379989560ff1,0.05421917578636066
eb333ca8ccdad2c8,0.0773207765630264
1d5cf29e044bf468,0.1430076707499834
172401cbfcd665a3,0.12239918005366911
8247761544773a90,0.0328975434935202
5f2c0797f7cb831e,0.04474975656899273
a7edbfd2acdf8ad0,0.07089155504653533
fdcb685349aaef9b,0.1298909547742262
1568e5a308c50e7b,0.16641482462883414
53f5f1c7014efbaf,0.10459889623614751
e992034fc58854a7,0.06511215175500618
b1fc334e48e20c8a,0.042007629224766266
ca9f6168acd90b8b,0.04296370700944986
929bd47a71c6b958,0.24633585772975747
f7ee05e2b2ea34e4,0.07521005123484992
2f3fdc90e73536d0,0.047821440025465733
b43f6d156041778c,0.049940789440836526
6b0740f130757056,0.05957849662101369
9f1200bd8ef18393,0.0755733541384496
bf0849396acf9180,0.04794685696591624
58f62b02898dcd7c,0.27578177640321344
825b360a284d4a2e,0.04255837238974466
0274228343b0c7cc,0.201008167288302
746ca6b736caea7b,0.054946481497825765
69cadc81ce7e015c,0.06403814177949016
295dc3bdd969b7cf,0.11883189968302624
e0c7aeb2471c9ba6,0.1760384986574237
a7c128e7baf08587,0.08275062143914479
74ac5ce19092de45,0.11314933885390084
5642496d768456f0,0.1860286383193756
9568d09b37d48147,0.1271505481813815
687eb07ac1ec9aba,0.08159809036719717
1131d59f818ebfc7,0.06374479713458314
70d46c4ad271dfcf,0.09747791604987285
333d8235e3bd1acc,0.06492660466336884
f9dc0ee30937f393,0.10533926700586299
e2e48b863ea7d61c,0.13504665658613843
96ad67d29a15ec47,0.12388507721330902
998b0ea49069c858,0.04181609799391272
cbf500fe483dca27,0.06599120969811922
32889f39f5c7e4e1,0.0690560000803595
f87241418df6147d,0.10463797909327432
afed174cf13b9d7f,0.08801498961324503
d52f3c40480519e8,0.15809433668238462
67306d595867bdca,0.039701116050893034
dc439b5c79486948,0.08485052332127375
35089dcee9e9ba1c,0.05539874156711537
61b5d6ef5f241490,0.05591812949481223
45f5713dcef10264,0.1030450753240926
2a3053d58302242a,0.04084820489837648
0998f38d4d069491,0.1277688439379127
accc2c8ae67e6063,0.039487705361145896
9f5292cbd3806d79,0.06298753387588173
1fb85b95e91ae45e,0.0835521617312787
faa0394464cef2e8,0.03765922409889468
af95309c63fadc79,0.10132028641330319
b8b45d6732b08fb5,0.06387991313973748
66966f55862259dc,0.09761802653299576
608333309da6527a,0.1450862186345962
36dc5921a7d84ed1,0.10611661875938204
27813742ebfe2b33,0.11338362186317957
211d5db960ca61c8,0.04165017569530028
5b186ac0d11513b9,0.24367009399144493
832d1c008bc3ef2b,0.1532880866812642
7d4e4f8d7d40dcfc,0.061983773566507666
f0dfb22c3a27665d,0.17375545856658403
407451c452cc5d17,0.1967455573691414
56928312feff0ba3,0.09345799427780695
9454541a6582c13a,0.07333819160334634
e6e2f33f21d593de,0.04094713470705637
eaa2910769614f8e,0.03749515348190606
127bd9796d970cc9,0.07728088021665078
169858f0ea055525,0.06526798275158954
47a3a9c393a619bb,0.053614594667680565
d25e98683c74aa8c,0.101460064723275
4f2ec1f813538809,0.12084179221560712
8e5753d72777a9ac,0.0766470987753107
d9cef172341ac628,0.3553429070941141
d2c6b2e087495365,0.16788551197934504
5aab483da67d16b3,0.09552574712663817
ad319fa45d964c5e,0.1684988142932653
730d677b8c968e37,0.05969328756028021
b1e38b684248bd0f,0.12153079984600601
ccd097c32d7ca7c0,0.07416680406076219
4cb0f5de29f8b8a8,0.09529641245803397
902aa8ae7819a527,0.03669456962002803
36cc1fd78eea46be,0.15869680046612705
5b8a6b0aae157e06,0.152231950661113
d371f4cddd5ab580,0.06118196355304943
a07311ae113f1cc7,0.17339002474823106
8ff382f017152a6b,0.13130618670573316
bfe18fe096f61209,0.07401735336442351
97f3a3f55f767d91,0.06509648108987413
a4058a2e4bbcaddc,0.16056508168598985
6dbcfd20040642cf,0.04324112294538637
42a6b3c10ef18f02,0.10504326631778696
9d7f6f4e136504fc,0.06004699083076398
0165f411bc818cb0,0.10963038401051924
bffe1b12bbe69fb2,0.10965173618535372
e01b40b1d6f30df0,0.1624755734574723
3201c568d1d26470,0.16234049240518222
0affa4eadbf1db83,0.16672791709593016
ddd3b7b0ab9f40d9,0.16261498964993576
ec738c2ec1bfcd80,0.037021214548617176
906a954f8e1fea07,0.21369386309419922
cdbfc59fb04fc180,0.16632066798737866
2d4770eef88200b3,0.03960104450791625
3d18600bcebb32aa,0.09547073406702304
3e050322f92541d9,0.08268296996053424
1221e13593768788,0.07183786191570546
e7ea980a9b3cc8c4,0.09367778478915584
398953f786ac4845,0.17171971670453523
e8efc32edeaa174c,0.1567593103340948
49f061e869ee997d,0.10098605045609371
17668415b4ad9f20,0.06410541412793774
81e71cda520c7c11,0.1275492335820366
7c48e5537ec69161,0.0820872901890186
7b6ba45bf7c43e21,0.10481938171572149
9cdc08694020bc45,0.12817887196438416
60a026b4a766753d,0.07473632878355904
719db72fef47ca30,0.06140671697988831
c0b5b808eb068fc6,0.1236650230655859
b20616efa1e51758,0.048209982764676834
d1c2190b7e54ae51,0.04654546539724944
88d71cf388b60bf4,0.14007676891994308
c2394a42025bd869,0.21127273069688113
19b165b652dbcda4,0.1603733893032629
c17841139e5914a5,0.15290877216566987
5549a53bbf9d24be,0.13523877506360726
2da830aa5b2812cb,0.06614132177976335
fb36e8ea3112744a,0.08742716454458493
3dcfee7f0efc084a,0.15778251153897824
16a97d3860c22e1c,0.1785460672085719
6322b2e3f7dca7db,0.09105136838621465
a48ff3331f89fc6d,0.12081135123249057
e07a96472008d97e,0.202264509299505
42af4fb223127bc3,0.05806768384591085
4aa484762f1d25ae,0.10396895492629667
c414fb964c9cbb8f,0.1505897645624198
397cb89e6ab8a959,0.14279833938443925
2e9d9d9e0a6af0ff,0.12224553441217254
fc32ff9c59a22f95,0.03239121588173556
5783d334ad7f831b,0.15387607007962478
dbaa31f9fbbb6219,0.05729713217782452
93eb228beb06de30,0.04569884123014274
482d6bc5204e5ae1,0.07356959603760534
7128efa4863f0362,0.11101458002067661
ba5809f410734a94,0.10010754108019396
a571eb5010a2e299,0.061870400047248406
ad6cdd09fea09683,0.144271746891743
fa9d2cf12e72efce,0.13356216876160515
a8ae0f9ef30ce81a,0.24260623687821178
3b234a17219db0b1,0.05592713069448866
25b24a0734045bd8,0.17828492378031802
771f41a483c9f8a5,0.09224362901669195
22a6c4ec274869d7,0.1283656020163546
e48895820558223a,0.050144208626680016
02c11767f29d0426,0.03648703298183152
d686fd200c65923c,0.2142594638539258
adfe117f01ca698a,0.03192346207048329
69f3b49837e76dc6,0.08816416020308784
2e72632e2ea73631,0.05788808770970516
3207b91e24e27568,0.06903801034877557
95f22517cd16a7c2,0.08335058416773083
543936caa0e83a72,0.06733164831326884
58c5c659df736b0b,0.0463484077959645
997b65e2ca34d529,0.07261769476984975
75bd9c566434eae8,0.057402368199838814
14088d0f66d091e7,0.19755374615978996
4014d97b63499622,0.0951958399377065
f9d10471eb47111f,0.13349796081199478
545fffb7628e26bd,0.045810734294140475
9c45d75bebd4d820,0.03902740546975833
f710caef77284ef1,0.16266785545120677
e4bc3c14c4f4b1a8,0.12732017772669707
392b17be6354d3a9,0.10810303298203672
9cc8d07ee090f377,0.16563489938663423
b2fbccdb690a2b84,0.12102542446343054
291257ccaccf9d11,0.1349411921706569
c9022a6ee3a5d7d8,0.0524011106393671
19a688707e160732,0.045436509571378035
84bef4f5323ebd93,0.15732523414644967
a3e5e1903e0e9682,0.08954927495527602
3b0297530613b732,0.0443973728325758
ca0fa3062d6f947a,0.11621618275966472
aba2a7eb167c6548,0.13056056141776742
7dace0a49f811059,0.1361867380758236
522ed32d9fdf2d72,0.08313750851910746
8771c418cc219aa1,0.11215199436895906
1b8f8b528f041137,0.028790608350932244
a9112add272578cc,0.08549168622035688
e722b584b816d2f4,0.134737771975954
324dcb8fa3962b96,0.11017182896844702
ee84f939a7ab4e14,0.17281215722167437
f7a5683abeeb512e,0.06853386990775502
788dec8bb41081b9,0.04594746112800989
20880910f50c0159,0.12301942647614145
a55d2babd6ac6e05,0.04779928004909586
7c5af2b41b2f1889,0.1113267044097418
af9599e0e687edff,0.0671752663188112
96de608fb997caee,0.04374653172004386
ef99f60d68f58a7e,0.21755097529620238
59d2159096523cdb,0.2071866056735348
606abd74dcfa442e,0.13446041442331383
20fdb4917e7e9401,0.057038434229095436
a3a5ff27339bb075,0.11718964948006685
b5ecb5c63b48ec75,0.1976841654370135
0a039166594e063a,0.04202822431728273
62bfe04683f51a3c,0.11644865651440296
b430c4d5161b59db,0.17494779463937435
a385f4145be5f5d0,0.038571929886384804
904e0bfdad64bd43,0.24955077403594275
0f4074528657c491,0.157126922074948
39e4468b2f4b7935,0.09404993490101823
9125b00413b353d6,0.03759381140985597
fafd8063bc5f5cec,0.137143296893816
6b06401ff364064a,0.03449519896746629
e5c9addac3faca6d,0.0601038606656467
d12807d748517f6e,0.07344351322094214
828de307532bb29a,0.18473382190707757
2799da617b3128ab,0.04322795324926822
7b6d6ea6d9feff86,0.03641904462888611
0627c402fd75fb9d,0.15681727781589522
a1bb99f3b749279f,0.08055459524938384
ceac2c53c27234d5,0.03853569442357316
9b3de1b793447910,0.05702783504685609
76a426cfc81a4d2d,0.13469777256461313
abac3cc21ba1b309,0.0516954284656965
4e8b9323fa254334,0.11598361401095408
1a4205578a28486e,0.16099570630598412
fa7dfc3f7d4a1344,0.16305077641585697
340b1651b36c8645,0.08231966764563706
73cf2e26157ed703,0.13765557429665604
87add43c2ce1b06e,0.1134522515748658
01717bfb5b3542c8,0.11366737587253364
70ca05c9213444aa,0.10255070961182902
0684a9a80bfd34b3,0.06412517000192093
8c2ae373e2809c29,0.07278254059826177
331341a7f1c33272,0.12488020559478388
97078c12c161c701,0.08654189357610269
4ddffb1d8861cc54,0.046471228144704765
2dbc5e3027b4817b,0.10840361478456807
8fcb717c71bb3cfc,0.06032265976017964
58ed220fa88a029b,0.040046339490971895
fcad4ebd837b0031,0.05161223295300577
0792e52fe2c9b711,0.1326252454097233
576de6970c4ba90c,0.13068149156253656
930888a00b16e315,0.12708070174971026
bb00b59f720aadc8,0.12192848048539279
05aad23e028bea27,0.10473959965774726
0ccaef7346d2eebe,0.08268732321650726
bc31c0a97c89dac1,0.13989615523439142
239478b0c695aad2,0.0945227939954269
6d59238e91d3c6d6,0.10828251543436901
02b6f6002980042e,0.1464194615031931
0164fc5fb575ee2b,0.09328205885311416
d8ba5ce01fe8a09d,0.13370657773061856
173b378df818b167,0.03694377747683149
7f5edae9b09a208c,0.12784923820578473
0b5662c2a594c20c,0.1285441689662543
55ba1dbed1a641ea,0.14313330614981612
c944ecb134192652,0.19833671496835273
3984b7d478aec2b1,0.15253913283186937
f6ff304e4f459ab4,0.14830856962745687
a49951ac9b42ceab,0.0768521761231431
4b48ddb6a65e584b,0.2212206596752501
624009526008e265,0.08656303056776962
9ca1f3fd0ed031b3,0.13663250108019548
dd7e10345355a17c,0.08670304603891547
a324ae18d57bb12f,0.13625883257280846
f3aede6892999fdd,0.0742285939093687
798f779dbd13fb6c,0.1754642571050923
21481b4c28f91b47,0.05262058374792104
8529066c088169cd,0.03504470680169192
7e93ed2093de4112,0.06790094445728234
51687c7ba8a553be,0.11173360217019335
4ad8b585409698e6,0.04420728521785786
eca2dbbd4829118c,0.15624528293380774
7a9bea3f50549e57,0.0956850757409124
e53cb4d81fe012e8,0.10892790232976762
25e3af07b73ccb43,0.08285684203330043
939b59f220b94ec8,0.07636651674037101
9618c75bab14bdc4,0.17089420593644458
2ac483615d4696d4,0.1755653203930792
b357b45b22852d5f,0.047759461063731634
eed158b983054ab2,0.05016439561001777
25b699ec3d33020b,0.25135449222155304
fabe692869cbf6a8,0.05188112624961707
e30cdc55701f891d,0.13119294277281768
4e247c59738e0754,0.1214276799427342
eb6c93bf83ef9f01,0.14257410926881467
4b2a51b89182eb2f,0.11058694773050987
920800c7a752c35e,0.03760146883970357
00e3f3638706ad20,0.0975458617717476
3b68344f608e8cf6,0.05211457589551978
bd0092d0e87dd02b,0.09752166995268532
d3020752ddea13e5,0.1262053849160753
679a41beeaebf503,0.14996535848012096
7fcec9e71dcf18cc,0.06590171862086083
735724a234bf2816,0.12710098252634627
31cdf3e24ce53af5,0.11091800233555385
58b83792be0f6321,0.15912730862926708
2a84a58cf96025f5,0.0412004909177799
9fcedeea63586bf0,0.13244973892785417
d9de7aba8c682fda,0.04650678392664553
08572215a3892815,0.07785298985433603
b488884763d551a2,0.15688030479521875
c30e80405d6e58b2,0.04326313429875232
0c86a250e70f6eb2,0.10505289864168024
a11c15fcf4597f82,0.13032280218364362
2caedcb4ee1a4103,0.2385612484294401
f91d05eaa3df539e,0.10745611337937581
8bba0a98ae140af5,0.13113549715349762
a987e81632676043,0.10685643575391057
f50807d17b5c038f,0.15031606642925768
ee12454070596716,0.1246417194821233
b6e0190c3e5766ef,0.14813313252319088
a57b30735e272a29,0.042837034865861726
ca66fe2ee058013e,0.14017216319123033
1969a8349757d32d,0.10050904911974556
a5bad4f4702eb96b,0.06333835166618998
2f4ee5ef7a9e32ab,0.19544153708234127
abb1f9350d96ed70,0.07099221167783518
8a663152856f606b,0.0479946332549647
5965e2be33eecfc3,0.04265696296057386
75414a1e69d6f205,0.10092143521231388
0d6362f82430762d,0.12386477429372006
cded8976cdbec569,0.1201520971837192
2f21d9cb88d7004a,0.14191495061892256
bd0809d01c93396d,0.18141329270388934
d368fd4152e904a0,0.15857280364927145
7a088b0bef4cb74c,0.06094806212990693
dad9460a25f9913b,0.17298437997204286
50f138449e3fe2e8,0.0839210681096389
53eecae41b9614fd,0.1644854970117373
c88755b5796bc0c9,0.173289794361035
1b2bf22690f55b23,0.07161264927149047
4c0b6078692f7c89,0.1144605637990713
d310596293c8f04c,0.09849565007000152
3a724ceda4c76f9c,0.03932050157546879
57c2219b4f1a0a5a,0.13300437742913696
6069a9ccdba45516,0.10427575891741399
504a8185dad726d7,0.10032994961332009
c950477e87d58094,0.05655020332701417
9f1e86207b2be555,0.17346947057524736
69051b19215e3e0a,0.08841042741059063
7f70b72d97083c7b,0.12856005057538686
61279ec74a6d3645,0.06019329116211083
4a35368f7daabf53,0.10525632802690249
8730f5f1237b818b,0.02920703477116151
f9492b545b552f5b,0.13387198277092166
a5e99c4117b486a0,0.07880708198899308
c10ccbadcdafc1cc,0.03725527251055351
e0d15a865fdfb988,0.0581147197664911
eb916f460ee1b545,0.10625274602681825
1b7bb61fe350c5ec,0.05325383227619376
03e5516590f20096,0.08635694701723517
18e0a9eb3145a82b,0.05937015470961485
39cab30b8f09a081,0.2300756379014421
dd47b13d3aa2de79,0.04837748810470671
6a431bf1b07deab0,0.16074738122352222
2b0db9b43f8d905b,0.09268392468568692
363b638b117d0e37,0.03200214632423772
87518c28a26f4d41,0.032239525053667964
3e73b6c86098ef20,0.1339124864970058
f7580d024f627389,0.07314874803588842
626946bf85055423,0.05126643780619503
1d4ec81574db910c,0.1033231953318631
eb3384eb6ec0ee10,0.05253786712946625
ba1a0a18164d2ed4,0.05725259906825013
8736a356e18687f9,0.07387331989191542
f66ad6f9a0d13057,0.07050079242137433
6781beeb2a94c80b,0.08614740680622025
45ec50d9e9b762dc,0.047883910062917465
f993d49be31858db,0.10114984746702954
68630d40b3d8c8a7,0.09938786631884203
790d0e863cbc896c,0.05718788823509828
6b9f40e1b5440454,0.049423062727068104
5bd12aaf1d87cfb6,0.0958452765417716
9593f8af8e49622c,0.04958180200474467
7787873ef39eb65f,0.143985137722389
3b43be2428bd133c,0.08616398252303406
51614174133f7405,0.11476328812048894
90ef1be7933c7d32,0.06263222203006574
b9b0bc5968838ca2,0.07364738008745929
34854ac0b59be9cb,0.1433512576103633
552972fc397a3d7b,0.10717461936619732
538cce811be930f6,0.18885846116479021
3684947575a87995,0.2180193487239736
3458934dca749c27,0.12425349596514641
777593519303d6bc,0.12826961356770158
c998d0d7e544f18a,0.08437052162275457
a23ad55fcdc44126,0.12703513685342321
628f59b52e0f1abb,0.18511448168752842
f55fd4a896009b37,0.061782460773921084
891966bf8125b263,0.054789162107190585
31a036f4acb27daa,0.11096260290118806
b329a2756c4e7e5c,0.03628173797375276
4abec7b3aa11b00d,0.07064082412035165
506d7e6eca5fce8a,0.06016561318899314
93767eb66242b1fc,0.17371476633220673
f07f619af08f71e3,0.245770007186549
067779ad870efb29,0.07525775701338193
5772509431f3d5d1,0.12068570333144382
562161d24bca87e5,0.03548369069770384
f3e2eded68a25564,0.08868134019220031
4e9f50f16ba04465,0.05760178139073385
a4208a55db792b95,0.0724661868656649
9540d1c34ce10213,0.07904474229005393
3b047ea1a379c251,0.07043251284657132
90c24520deb11d2d,0.0669260612478575
174bf54853f8e212,0.07836308225712366
e32af9607e1574ac,0.047440105126903165
177d7eaf2ebe4bb3,0.03442994844763282
1d3872dea5918cf8,0.17867441183786903
b6641f418df5107a,0.1070760141725988
7b0a91f0c2754446,0.1641052394062333
3074d01b6d512da1,0.10115100503075714
a1ded8ab2ac8cbc3,0.06751908181808208
99d24231acc81bda,0.17100271908923342
ff0efc6b635f0dfe,0.0851986449508505
4b26bc2a5271e828,0.07428722666650922
323cc294321346a4,0.1244392383085455
1c5da1e20342a0bf,0.09369314770858822
4f414677966cf8e5,0.09164107073826289
a08962f7cf8ef6ea,0.21564545733190893
e6778d3ce59810c5,0.06217163732928316
944d32b8f9e9db1a,0.2003772778003628
e5c8bee2002b6ca3,0.1757782780443679
fcc9190b336ccdc9,0.055478185519334304
d8c0de2ec20dd583,0.10993211139584942
fb55a45c51379250,0.04241477130759389
d6e81f789123be62,0.07898086028048888
2653ffee6d9f5abd,0.15693473352042564
daf885e44112d6f2,0.12044402492372219
a75fbb195a5c31b4,0.27791665039585545
d6946d6a1e5de8e0,0.06612557079471323
262eea09fa9fdd15,0.04268290913171157
0661f0f9daa76a96,0.11466757040011248
3796742963319893,0.2074867061719033
b7d31b3502739b04,0.11251844136703326
ca3ab2b2441679fe,0.0976493517047533
6ff3c95261a2e60c,0.044443996127203816
296198ef516bccfc,0.03620616742860651
fd7387d23f2c2e12,0.0920654550596065
705f7c9f6f9a1ddb,0.042698581546121855
664080d9a44e09d5,0.04914734003406929
d7bfb116b3f0171e,0.08980768737243558
df7650f2e15b685c,0.11453840093411816
13d553333a49e1fc,0.038927062559415
d60997f0da2b3161,0.04531744239918266
e3dc5b0748d9d1be,0.2828829438932352
126cc7a3354c3a59,0.049776948382205956
68c831e307f80c40,0.03401216135206583
4c10437c6f1f749e,0.2619237324605085
4de56fff18170df4,0.06055103050605507
93ee64e43ea9b0ac,0.12270879857729111
622e27b7a834d371,0.22809772871712636
8283fa9a80b68052,0.06893089916933653
3cbb48910802e9b0,0.15304786553367666
898c4451fed60e39,0.10655209030570997
560b7b7af9fe8dd1,0.11618653770222076
bcc595e893e2a797,0.06953444473341425
cb2fa098224a9f0b,0.11336727072399456
9e2a88f835bbb5df,0.1123561013095129
07e1bd9a166bc257,0.16453959468934398
10fdd890be2462d8,0.04593055159723507
34a7adccbdf4dbe6,0.15860963921187204
5dca94f6e13922ed,0.07498993447946453
be032af3265ed2f8,0.2152433079476565
afebc493854ff065,0.03280247037322625
755bf2132b96ea88,0.03936589090545202
11b6872eb913fe4d,0.043192913721318615
5a73131a74b5e6f1,0.0597813231130086
a1445f34ce4c970c,0.1556617879171588
c84303c64f096b4d,0.1021768350144823
ee5a57da13fbcab4,0.14762172366649612
9e237fe51b937f8b,0.08526668438685395
04c0ce452fa54511,0.10103769076168231
e4cc4cfb493c102c,0.1222693317312014
13ec6848e5d8c7ec,0.07184041113903955
8b117511fb3c0bb5,0.17372374122252637
45109a7dafad71a4,0.21974309429751843
be5d51769b283a70,0.1494210872822902
4b049c030fc355f2,0.10930564007428145
e1b125afa19663b9,0.09262407278643212
7f5ee99bec52fb31,0.21781548147123886
0ea477a7bb524c43,0.09204637369829252
b2ef814029a4593b,0.12312527616417682
54642bb90de7c651,0.058160078745871965
5562db51544efda6,0.09967537875250113
8c3fc61ec6b0570c,0.13978628481150135
19990ada3d732a59,0.12532412532051257
d4a097538c2270df,0.10204879014414199
a8e6780d12272bb2,0.135358388800813
0de7c0afdf2ac64d,0.09393205654025583
ec3a682eb391eb7a,0.0898098880119933
de499b3d3aa77620,0.07393927677461354
bb95d7738f26c137,0.08716598040804893
76de6c48fb303a99,0.1551979170968519
f54db052a2c1bf61,0.1690088028383312
d2b45f024d0f9012,0.15658318779402802
26693e446f60e43c,0.0840097522864286
00fedb2a014dd220,0.08482523987270289
8b353042d65300c8,0.08040860879748626
90c55b1f3ca98c5b,0.04776055466162736
b874c35d79d74f6c,0.10322618091541454
d482eb847a0a40c6,0.07273998366543177
fc4d3a97478802f1,0.08160878282330652
0a7a2b85838db506,0.04169074738416897
c697f27fe38b040c,0.06333883722951267
a4d2009627d556d9,0.12720403604512384
1c403f2124470ed4,0.05638920436387519
33627e42df750fa3,0.04099928057650805
ba9bd925e360f225,0.08779336936014312
ea28b791d0295ad0,0.10379177982079937
d149d439304c8705,0.042328644925910486
536b709bf5515eeb,0.04715229298500278
88c0a8061e7a3795,0.13965406825922405
8764acb490f19b62,0.06053011170532608
417f76acebadcb48,0.17118089651301724
475869c5be3c507b,0.09752099458290268
3ef8009767c7fa25,0.183135343398498
b554efed5fb706fa,0.173624391355718
84da50183b024285,0.057203667881052765
a4b1d18f46aa981c,0.04581872085656212
9b47e555a004cdae,0.07129179342491265
ef262814960ff13f,0.12397054823686911
5c0868ac8eafc7f9,0.08152796383682608
db15a0f6f796aefc,0.0367786397885585
9e813d48e7fed678,0.12557337999375395
7e45e93f027eadd9,0.16067680645567617
bba24189518e4411,0.15539993116448209
80cba429bade3fd1,0.03973674966893305
ea2c64045d0a1c12,0.15491084346697723
6eea65bf31a2bde4,0.04539077707740627
986a532aee033e7a,0.06349416794208251
d254bc6437766f3e,0.05608123356244442
3c2c4044a5a205b7,0.08511569855531746
d1698b7f7ce2ac63,0.16485804732688322
5615043a1f36b137,0.03745768734467275
fcb9321c88377fa5,0.05900432222419807
885250c55edfcb6f,0.09113111023814544
f48232723a1bd05d,0.23199886146891147
27b4eb77530a112c,0.04576248360412878
98a1669bde0eac7b,0.21666399379701093
c85cfc3341c8708c,0.04583848966784665
8043ae38af9b3ce5,0.130070623078602
babccd7388fd8c21,0.07371950425972276
28aeae730b623cab,0.05292213720889037
4bf1da87dd838f3f,0.039386547208217756
8da93da167404e45,0.1135246207269893
4a0a3077b5581645,0.10398020325763337
bfa2d19017923568,0.09363319205911798
5f6e00c966c5f59f,0.16208189073514523
52c9dbfce9f1b95b,0.0481111838754954
cdfc3b9f626b0845,0.12921894306426487
5e6ad4f66342dce9,0.1253473043346477
42b0a534c0da50ab,0.05419530033816146
e454a16a94a43530,0.0939493827638277
1b6c9c3629bff42e,0.18527881634386434
3d4ea2f562e04d67,0.04925718180218847
e5e88946dd245e5b,0.10188148723368212
7c08fe11ea59472e,0.10657028990150827
48716b8ef3837856,0.05132646439985143
22cb220fb3d03ef0,0.17906023988957487
ad38c3a4c4f92dd2,0.04792197480769932
439506f46710d418,0.10865090304893635
e6d46d90ae71b635,0.0921146851123841
cc306ba2474886f5,0.046176105622272194
c3dbfacba8b29888,0.05445751645065261
3349746bf536b40c,0.06365671954377349
254dff7f2f5e27da,0.04959806364318567
5f715d9d99d8aef8,0.13730891446912352
28877bba74273a2c,0.04464778697935989
0837f11e1dc53f72,0.17433267587731102
700d9c6e6406ca13,0.1477459226496154
6e0d475eeeff64fb,0.10525342601797372
36ba7c400d24c8ad,0.041492818081502625
8c371f8737f1a2dc,0.4356329770092552
163b4afe1f475ea0,0.182262849587166
2e2c632a9af9b807,0.19976584420849205
a891091666dc0643,0.12225490819131837
a990b188a8200e9e,0.03976697239173529
e0da7835cc3694da,0.11840745478877407
6965bd28dc460b44,0.04117537445172281
84b4fd2717d4bf2c,0.05730555318106471
0544118474e570be,0.10046159745508784
2437b2d4a2e8ae82,0.280430931701293
647299fb2ba00e43,0.04388899092881398
7372537f1eba1dab,0.16749678800749843
8854c27e996efd14,0.0876427411457789
380235b034a986da,0.17342605577358097
a2d407f16ff373fe,0.16436739546384668
0ed19a3a868aaa3c,0.0770101463684678
c173b6242dff9b1c,0.08465245317062703
2043889f64f744b8,0.11083530500592705
19989bc6ef928517,0.13229865279829073
d0665c65b0cf8d5d,0.16025475279183402
2b072792e895a81c,0.04677166492204033
c531857150c9674b,0.1021374361185934
bb56bbe97134a4d1,0.05180128267130006
3e062b6117c4918a,0.07774943497420025
a58a4c24d35bd7fa,0.13504770660188728
4ea7721e8c059b2e,0.07095833019246565
32a75809119cf7bc,0.1229881496357905
e4794a0287930fdc,0.07235725438089158
028903129d296567,0.12271551360103122
910a3bc19a45f893,0.13741857968315574
afb4e9017f94d52b,0.04082745017475201
8c75ef81ac907000,0.11252394982995113
de995213b69871cd,0.05835014216614334
593b54413b1695ee,0.1066925184981267
d68b798f72ec2a7b,0.046739380911206885
2abd97afe8848116,0.04666858112660897
b80ebde982296428,0.10309692934325469
dbe8ab13dd1f44f4,0.05539194764571788
db6b5f2104046f55,0.11793331971832118
1f67c146861efa15,0.03681121315774437
38f490199f1306b5,0.0669211454134323
dce69a47bd1feb56,0.07722589447734475
12cd790efb4486a6,0.1513739024763552
d5806dd0784560a5,0.0411969683937731
207f45be2fb83671,0.14906477062507476
848e2c11fd115b35,0.1260931468324823
0f9d093c9db25458,0.11423699060987941
13e9da15ed290868,0.08010225115583913
8c584f6c1538beaa,0.027055858096096102
5fcd3e5896568513,0.18853964953213015
aa1f013ff05a59f3,0.0945169853978588
eb2bbf6f740d132f,0.04446557812148302
51fcfaba58d7f511,0.19457717376767908
abfff37a1f178105,0.1737481322160853
918258103a71c3ab,0.05620631737154677
99beaa8c134356ed,0.13638816748541166
f3d97c979517c08d,0.1280076614821206
577a00d787373595,0.17131594781692236
d71bd663eab2681d,0.13846518060644397
3b59c956b239b3db,0.060180682707858695
9115eeed93f30a1c,0.05017717426115832
3d992bc625e7dad1,0.04133636165163396
4db07f6033192f9b,0.056758120817179555
a58a45e9afd5b405,0.13515749927316628
519774a276bdada6,0.1647939986375927
50bc50ed77a01d75,0.12591849002928968
d608451c67dc5cfb,0.0865950617753225
2856ffa4f0a1ce80,0.12473632025748768
2bdff8f74778c4ea,0.04120210910081277
068acd67c99550cd,0.13437122710340071
6123220972766a4a,0.10361708974227737
c4d534fff3fc5628,0.11038647540800525
9fc3fdf14ea045ac,0.09432098198085834
3f86edfd0be75ecf,0.08371779535266469
c36573a6175092a9,0.12494813629188535
7c4df8c2f29666ee,0.044086471737510256
3c791b72118b74a6,0.10476410290666258
747b04b604c95fc1,0.05305602905026403
e780dca0db5520a5,0.04794437906558302
af83daec6d450e57,0.09831288708062215
5d4ff9f52e2e4f34,0.13006837015655803
b2b8e551d87be54f,0.6533379691387708
203b6e0e0fcaa971,0.08952868648862056
eb36b4336605a7d6,0.08908153081386197
14713adcc060333a,0.09771707967065446
251c0c9a3789eff9,0.151309833721473
0d0e059449af50d6,0.06661443804896139
63b1850f6f5df5d3,0.07554119314934789
90ace0c383247390,0.04607784715907062
1ba1d1cb2d6d1bb9,0.07983662811697792
dcb2cbe56ba92129,0.04397833336749496
88b8fdeb6d82597c,0.050864534926313
0ccfe20a4b77ea6e,0.04622407462633801
3482a5b15357f00e,0.0464718572541805
6d71348fed8b9c4f,0.06967222497043975
f8723e3306bf7c43,0.24748416855760694
7ef77b74f9baecb6,0.06216491528083984
bc80f01834269376,0.0670695471385685
18da383af4fa3cb8,0.20679755547914427
b474ff492fb9a94d,0.05048438742858557
d157b8492ffba0dc,0.055115861231376635
cbd2d4eb5123804b,0.1339742841393354
0f9515404031e965,0.06554632688582143
4f1dcb8a1669a31c,0.12673403629624172
28c27ce346a7a7b7,0.17366537632211743
58928eff8cb29089,0.10342890859977345
8069cea0e02052d2,0.04688789149888007
3b583c05db5ea4a6,0.04935229967749882
36384df41240d0c1,0.07993714036104048
15e9a245d6d06a3e,0.15841607323856094
d2dba561c29b817d,0.10517822788971941
2a507f7014709986,0.16681278041198813
a27e43abacf3b1f2,0.1839112550225514
686019b683e849d6,0.1841989466439192
9a3663eadae7822e,0.1320736805796764
f4857bb0e0b52a47,0.07341800279715074
29f988f929e638a6,0.05873532603007318
cc08f5318b40d7b5,0.062253423859579674
3aa8c59d9c5dc7ac,0.09430984914261575
eeeb124ea0b0d51f,0.08523353358226024
c422bdf822a0dc56,0.14671268663271148
98269904767a2636,0.05843613455999486
e6cbd02151c72662,0.16604115651549728
5e7bd880681d9f61,0.12317978252328154
fbe456da262eaa3b,0.09180596967456961
dfe3e7968ec080ba,0.07551607591807843
0e9ef351ddbc9ab1,0.06717742151964204
2902b3339eeca5e3,0.10016753256511421
a7137a063b883e92,0.12537455678810863
b733ad3dd8899d06,0.0737135362008325
44fe9234ab115e2f,0.2251413778684174
000b03fc8664c7d1,0.043898375845372026
9020a01496eaf633,0.1349149971397853
53b7a21b0f4cc200,0.04606590476633307
20cc306cbb1c6bcc,0.16915016746349532
debcfcb981ae0125,0.048669509903207286
802bd1039c3e6a1b,0.04105644745588484
5f5c21e0b6a4d4a7,0.06715710398579651
4e1d92bfbc009b58,0.134638519356352
644c03f056f3bf9e,0.16167148679581816
3b4855d86d450661,0.05024330396644365
dbe1c9a9d3e563ac,0.057374669078777134
2fb49e6e63bbe8f6,0.1406140513772528
2347ddad2e1b095f,0.08452387692183388
e315a627d1ca8573,0.16038294893456745
0558a476ace81c15,0.10066570324084383
4426fc96456aa43d,0.1732385960076101
ee5092888f963b26,0.07044224712844885
57886ec9ac1bcba7,0.16742033111660196
69e1947ef1a19192,0.14283936708475073
af29d6fac97c87a3,0.07287088233870392
6952926383750b48,0.09110909803875948
b6e14b919c7ad1f2,0.06130719488500444
8d09ba7da0267580,0.16554980569916578
40e7e13ba421c25f,0.05389475089652898
c3d8677083122b80,0.1739361333551655
e41366313db49145,0.052310277968333735
ed95e31015c5959c,0.12110092830227943
64f0bef89a702494,0.04301240913186328
81918dc774b899ca,0.04197999883584946
dc9dc895fc8368b6,0.09387856520281733
ea0dcc9add9ba8c9,0.1202839207760318
c45a009981cf2faf,0.14853423681733785
ee4eee5c2cad18b3,0.05574836689290401
4b8886ccb99d4b95,0.0903960314358474
a11b7637d21059b0,0.05723413610905009
ae6bfde3685ef5dd,0.04677476919095677
095f96ba3b90f727,0.10612652526617977
c800465fabd83658,0.04645174264947366
c75993f60039bc22,0.11557133826656776
15b2e13c51d54758,0.09705052402642578
cef343af7e936391,0.11006430767822079
bb9e37137f42fad4,0.08757803863685523
b6f54b152f0f2c28,0.09762382482730292
54548a1370ae962d,0.11336704480207584
774675091e96f38e,0.04004702114102382
64db0198c907fdc5,0.04955446531983059
ee3a2eba79a61cd2,0.05957194990753697
d87ea92ca2504e8e,0.19187755491525643
493f68967d2931dd,0.08328457973169012
33c5bd3953cad989,0.0890818334893082
31719675e9834500,0.06252024382629807
283d0d3d8afdcd48,0.1412658032090915
0954b46131527b56,0.044400225168341564
c7f99cdcd74ddfb2,0.16858816682777433
89e81b0750c67025,0.12985940667543766
ef2e114a293d6051,0.056165768974556676
3eaa82eb74b0d2b9,0.22080849430603133
f115b5827c53fdae,0.19099197112709232
5b981d50572234ec,0.09684626444924863
bc2a7ac2fb6ad312,0.14126110686705684
cabb5fa14742de79,0.1738476741687246
9dcd899d3120d04e,0.047158719818704606
5bf75dc153469005,0.13124830774522733
a99c57a3cfd238a9,0.1881461936865056
7d3c73f6e6251236,0.1352106329934067
79c824cab095ef0e,0.09178217937567591
50457f03b19ce000,0.14277143242187224
72ea29c850f97747,0.09514630718460919
949aabf35ccb0c4c,0.1209272153203386
bd3b7b9b5cc3a346,0.09784624310021298
581ae7bcf533000a,0.04937005159357519
f944b728b8eb9aac,0.10835079898883465
6add937f4476df2c,0.1063535000717981
478be273b158fbf1,0.043259024441347854
43c1856ef31d1073,0.17442286617287353
8f97466fd3810c1f,0.0649689861305692
3ae22b8a964781ec,0.1077050264380384
82ba55bfceb0ffbd,0.07407204742344109
5966bfc14b304d05,0.08999470976520786
eedd90867e3cd9d4,0.034215748100895296
99db9ab5fdf84102,0.04092793935860768
6c6761878fa11c78,0.1169640684238703
731bd2e8496a9b0e,0.04725089147972479
9f1fd83e49b82f88,0.2002963127219534
51a2cc12286941ac,0.24633014505601894
7b60067efe8e7c4a,0.1925123475249884
7ba8d7a5a2f30106,0.18667818277371367
677aebcf5c57a29d,0.08369496623189382
c2e6810f10057ffc,0.09953303569356343
f770bf49e8b32f7d,0.13543184325237442
d999d97cecc80f08,0.14149684179680153
225695249568ef3d,0.2058025263004496
64c347ce204607a2,0.14731112520846956
8b972fc1665f8aff,0.0631823468231042
fd3a180f558ad235,0.0986339313943154
f24ea2f162b99780,0.15957313003459492
71edcfb193fa3be3,0.15306280159010544
4507c7c846e862ed,0.07351028634227592
ac51d145f495fdf8,0.10162426301050025
3ab5c54552e9add3,0.11657577085880386
0e545a1fa4aecf83,0.05015609088180152
19eb7f93e53f33d0,0.07943123428844195
f4653f53352a740c,0.11193026096069339
c716d718820e66c0,0.05776297701761263
a8a2778b42759e84,0.14167877149731084
d632ca08f997e38d,0.04572463474388144
47c56ea6034205ca,0.04970413021512128
f436395245784b88,0.19657126437348094
ddb7078278325022,0.06345361814246678
1c24525f31c1953f,0.1485335200648792
7c7e6ee56d6ea5c1,0.18446857992434493
0e67b9cedd55f492,0.06217856361514741
a585afa6cc802221,0.06298600534172308
132bdb2d81abf434,0.0980995555423014
cdafcf3dcd774b36,0.11289860657935799
5694f780d2c8e463,0.03934063638911468
317ba4057a04aa16,0.16799081263663718
a92ae25f2defd1f4,0.12041421374177845
ff0073be9d8669a3,0.16988616345999386
2c4d6fd16e7da4d0,0.11420879053462052
e8b93ecfcfcf69bf,0.10169995576655783
aecdf632644c9922,0.14936805011855228
0f4ac8759cecccb4,0.040612744877223064
ae0ed79b3f56091e,0.11425769029854214
492dcb545fd160e3,0.0847149624111725
b6feaae9a6963540,0.0778184114330752
10bc80bca38b6418,0.07119814700915095
d8bf52f15b58b474,0.05070770288889068
d590d13d8a0daf0a,0.10585859652616958
bafce96906ba0c73,0.06888407989822523
15a89b9d9a174795,0.09245121996816377
3c895a00e202bc6e,0.15754390384337053
62100baf87d531c1,0.13811706367561885
8ea52f2642c87cd9,0.08305489365454503
78bf3db367f46ea8,0.20570508469519425
7303626be6419b04,0.1403458784337067
86f2e3f9f88bf00e,0.1795984482919768
39921131b7d48cf3,0.12214916854135527
7c06255c489ce455,0.21437336903055898
2a0f68fcd60099b6,0.1499197397606789
968f899504b28211,0.12363334362909487
98dd9df8fdcb29f4,0.09200138472423472
ed55728c47c8b666,0.04935545314994753
0e54abd540000681,0.17633109823312756
2687ae2ad26c6497,0.14179328075642114
afe3e3f4edc8f7b7,0.09021327239548411
3d8ff2a3976b69b9,0.08430065117595076
13e6deb5f77cd1f5,0.11140567717024535
8c8711be796262dc,0.07622007742360312
8eb1ab06839664b5,0.07630910604767956
dbd58b32bf776c26,0.053064622071881645
4be0c2fba004271c,0.11805402800936499
a0f6b49ec1b86bc1,0.15396558056464735
3b33e5fb16341fe1,0.12432236808036912
d39f326ae61cb937,0.03657581733267873
00e28c2a11d38c61,0.13972438491889627
a55c74a9759fd56a,0.04344025755662421
8bfd04b0788122e2,0.428659796758321
895776a9cf9c8d43,0.09321316904417115
7ff187535e206416,0.2557904024895311
b2d991e4147a68e0,0.04680727302984246
b62ae246269c58c4,0.17764656869174744
b8af731f19b5c84d,0.02967784928988077
19f5143484b38101,0.12762534700707429
982f6a3f1bccc6d4,0.057660968206310906
2cdfb20347feec4e,0.17841272008236536
5b2d62e736467c16,0.08503711590122368
f85bf07959deae92,0.05776112043751861
8e923fa1dedcd01b,0.09742105968268154
93b3dea6a99fe31a,0.08893586541124945
8bc3af23b3d5ba85,0.07030500670898693
91db39152bd6ad50,0.2522798990571712
d911a9c74b505826,0.1418249846165726
0e53e628826772d6,0.050405513811112586
14d7b607e5e3f0cc,0.07458389971126979
f3e8e3469f0aab7b,0.04999808656397184
b9c36eb092bb275d,0.11809862219079044
9cff3e265921dfed,0.124299151208802
585bc81acbe5b1ec,0.04523400059017948
15f8e68c7ac23dec,0.07783807422740607
a37b05bbb09f8496,0.1862297890864639
4f31f80a263d61dd,0.053822795958009075
6a3987a9bab31c44,0.04271311756633131
9f59a5ca5ae6d119,0.08826945416064214
afc6cb824b3596c7,0.03953753162995477
64dcbe6f4ac8de61,0.2170358262418013
1fcaa5c3533f63ca,0.06405967311594164
a266793e0c2619d2,0.12476517009509033
598af3378495839d,0.07573009356458199
b40ecfcda1506387,0.05208662553416775
22537a4c1f1cb22f,0.061186548174951956
8c5b78cda30c225e,0.11100604939911646
3239189122d043fe,0.08452462144220349
4b34859a41dd8627,0.07650369997264206
7577c8941b2e888b,0.040331579910459284
8ef15229dd291883,0.039731820814137564
3332780ef14cd99b,0.12767655533152295
f93d1a6ecd62d897,0.11133166860081974
9505f55ac00dbadb,0.17468408474042874
7c1831bf48bd728b,0.03499642661513555
17cf81ec2dede54e,0.1456103813379622
e84c6f3155ec9762,0.3612830467975761
e894ec9e0ac2e7a5,0.18244305824976456
c307472500eaf782,0.16524133892735668
96de47679c4cb6b6,0.05779847385963091
e0dd44e7040c3168,0.11296642398017398
bd9e6bd2fcf5a54e,0.132123981218703
0382e0d155285962,0.10038842044833149
509eccae9abde09a,0.15895088966456686
f2147e0be04acf5c,0.1344498903816252
f3a6b01cc0938196,0.15098214106215296
c1956069b7309004,0.06371459506290378
2292dd5e617286e5,0.12090892215116693
3644d81639ce9f29,0.1570204244252269
4a5bf3e5c85dbfe9,0.05261361285588023
095a4f241c64795f,0.18705116159205798
aa45545b6df75be3,0.12151657525102491
ffda21a7e2973492,0.12552281055048264
662adc1ed3e8fd43,0.09978042546303847
218ae6cc5968ab6e,0.20880191626751987
316379f30810e1c6,0.0946429208971547
eef8a37b8fe20ec4,0.2698253093344534
d9a0aead3407db9e,0.12427103424476943
f0c65e7320950a84,0.13546146571076584
4625132a59dcda74,0.21810752113487114
ab1c8b0c3967b656,0.2169117360147791
f00224def382933b,0.11390320500911374
090051f10ebcb768,0.08278072437754723
2a0c37f157e82f1b,0.09122518568360626
61914ca3afe42c15,0.058960679403688585
a9fc0e9ff5b0e706,0.04910150998486208
f548f7ed3074067e,0.07799745077713958
9aec70578372daed,0.04841423959415668
fbb0734a4e985290,0.048779448395641106
a8cd11786e7fe2b1,0.09252558686623993
6a4338f210f336ad,0.07272011344467193
cdb63c81014bd072,0.08128225526301944
2c5a98b60450efca,0.07931224936819402
2337a75838293036,0.04804747598496594
a0ed386ea018cce6,0.11007565116540072
db76609f02b3bb31,0.1267474757655762
597bd387a63987b9,0.1887800293705777
bc7571c47a54ce9b,0.08032043473184532
547510d3ce221301,0.12462326145082411
8e84181f60b3ec91,0.0827480112459136
13880ba898b8f597,0.2442444317930894
9ee1fb0201512e8b,0.18798302298346956
48aefa3d80da5764,0.08267082146364008
498d517a667856a7,0.10543424305088617
f07b0e35881505f2,0.06406393465357782
1df225f3addcce26,0.037520078933012506
84a772cbe6d216a1,0.07721946448564238
f0e4a70f82f01004,0.11723585293913566
3b639af3777f4c39,0.03707550376321661
b9f77a4295400abe,0.040625078578397596
7d646e2fd78953af,0.03844564053984287
4127b246e0beff6c,0.05143701164002562
2321d1fdb21c809d,0.06331951266495753
9936f8d7184f5e10,0.03989126016688986
e2e9ef0520d08656,0.053594789978148386
0aa9b948dc8766c5,0.05223388344101712
d96df85b5160b1a8,0.06299569548347002
3bef9584524abbef,0.13494913683021062
806989faeae50571,0.03840747447999828
6fedd263e1290110,0.14066616058753634
5762314e60a560e2,0.21518560170812234
748cd550549c514c,0.09308975485368753
58a8e997e2757de6,0.03643455030439623
c13887db4b2ded8d,0.13455599917093825
eba0106899e8fdf1,0.16276207420960412
a947c7f89cb176bf,0.21315071778903127
4ac4a17692a2a70b,0.03956086905567396
2fa4409e1b6a3d85,0.1774753264644312
a783eca691369f3a,0.1010085273026595
e6e45dc137aa0511,0.03899969314908258
c589fb4e517e579b,0.08243327232475134
0535f48557a68402,0.13273401635491827
48e423add1624f2d,0.13112833754487035
d20110b1a6f20e55,0.04648224858432502
739f7cc76c78d0bb,0.16608674223067313
2d439083c11f62ae,0.13526162949211773
0c74bc780e465296,0.05512033702910632
52294576789c8ec1,0.11919528709800155
99b2421c51d37084,0.04766439666048362
de49e465a4c970c4,0.23837767127333337
4c88fb93b8d12270,0.04621880655891709
dcce15e3b59d9796,0.04968263443843812
b8e0e09067432f1c,0.1926723715583729
962f882f18c11d46,0.07399873520382005
34753ee28116af4d,0.127728995365474
7c71a6fe87ccd6e2,0.0467603459267947
7ff97e6a175132ea,0.09905833690921348
d84022bd67943384,0.13077673195823558
c270a677c7614aa6,0.06810096659375293
1266e1b58e87a761,0.13543982876426652
9fc631524aa3372e,0.05967428176821707
88da969d80daabce,0.14573327308328762
9c5cf1807334358b,0.07299834779206799
0e5706f9560fdbf7,0.07422184052553323
d9db7cf658a35e31,0.164517235384898
38bb0629e63b6590,0.1149410132775394
726236f75c9de724,0.12234542052949662
47ff559912cb3714,0.062448706179712946
bd567ce69cb8cb62,0.05875510760313363
6b7338c16e1db627,0.04121357439317467
2e47f13eecf939c0,0.08097311673336252
7e001225afcdc58c,0.14458557130216976
b0ba287dc9f94b2c,0.11892304846301956
07be300260466f0d,0.04599769837947174
49e2abe2ca234745,0.17036124607706798
bf163922b4b12745,0.16580571972751104
aef9d385e9ff8518,0.17128651709293974
3e364e82bc780650,0.20491621564496154
393a9aece2867c5d,0.08455854477046477
b0519105b55d4bc5,0.13995555374133278
c5a4b1418dc4e412,0.11675893759288897
ae000e40b4cdbc49,0.0667591819859048
bdb4932474ae13dc,0.1846738777760001
54ab20f1339d0955,0.060997969921438897
bb6cce3b0b6744fe,0.05575416064277264
0d04ac4d48d1e700,0.20848579499544995
6e3f51731aaa2c77,0.09281182524728954
783b7b163b234e5e,0.14008232910234886
bb6501e8f6ab95a2,0.0468552317939529
e5f20b7a540b7472,0.08011578782628911
726e2ec81830f724,0.16744226060691178
e8dc50204900e975,0.04515311187976869
1334006b9c4f4ffd,0.18856640147577836
3553330b5c7e6092,0.1288205438675133
e1a3e161c8b2e221,0.08463770946250121
44e747740cb4260b,0.03738411239563654
00202304b4481207,0.15473235325809723
931eab5e85d6e3fc,0.047485248346803205
e4b8ca3da3eff8e6,0.07075644878156197
103e5a44f9c30ed7,0.09438646855018076
448d40536e9c5670,0.08636672709386065
1b4d4b42760e781e,0.22050404070358692
e0b110d4f6844bbb,0.12913444930473292
0d928dd7f13b92dc,0.1287604525722231
1bf6e2dae324cf0e,0.1158512801486472
b2a17e2a9337f111,0.2267786401495715
564d7ef8fb681d94,0.07316047147525565
a2088d882fb6d77d,0.16554956075179272
3fe22caa380445a9,0.11704626495029125
2b3c171024a98155,0.22769350328155763
2014d23cd7792183,0.13123974558669763
fc996643d63f02d7,0.06014858053160918
c8d5c605e447f4fd,0.08842262067358012
634298df42266b22,0.05828608799735614
5c8cbaf8b4d39f57,0.18489941817384928
a688ddfeb76eb78c,0.1873844725706294
85a12cd29f47007e,0.05158997107405314
a5e1a3f8e312e1a0,0.03705269643339985
29e076c93c2b7fab,0.1630777121091585
71b7b90e9a0b70ae,0.13408738207989462
11583aaab15330e4,0.035181173463313196
5b34705855c1c880,0.0925444095564351
26361ce2a06897d2,0.058935807479140255
2be888bcb74be336,0.07772910935345995
fd96abe884c43d6c,0.16610497681705239
165fc0b6a160dbd9,0.20558084812921384
b8c8c114a79ff453,0.048227826762674834
e22746fcf084642c,0.04089147260555568
3fc60942cef4b9f8,0.1642254121498027
c78a85aab85debf8,0.10554157801985524
9c2166227724c80c,0.04548397247177812
e0291b12205c2c68,0.17089346092562574
307b5de4b89748c8,0.03859286896596847
b83469a7d7ed138a,0.15669856124121173
4726c5e084cb6f1c,0.12087008002351299
33795c308f648269,0.25055365532401774
d44b56532551df1f,0.15044847936189676
7db689f550f62666,0.07899547773035107
c64b1df6de24f982,0.050664274087442895
d9685a6aeee511e7,0.059810695530180535
2c867c13048a2311,0.17871919784726142
b3f36f5f67857959,0.07620892761863376
c8dbafacc0fb77d3,0.11247729631635107
3a1b2137777bcba5,0.043702823020002675
c9627e77fcbdd360,0.12103114681913316
cf4f6641c91382ed,0.07140530914798418
fb519c3fdb753245,0.19953424414197968
035449e62c90677f,0.10399263493185881
5201d1bc5a7cf0ef,0.11037408786683753
01ef09b451cbddb0,0.09032338424032778
b98e367af7c0158c,0.04013977318782283
bec6844244ad0aa4,0.10626142341892691
ed82262b135c6e4f,0.15807950846991875
67637bf7061cb7b0,0.04548995850738276
96ef8b85b60392d5,0.17827659469364504
fc1b0a61b9dd082c,0.11414368316402285
c408b4beae948cc1,0.07266559583279447
f26323206d284ed1,0.11790580072994739
9214caa6c1a0dc02,0.05898520537579884
591a28a3c195b6f1,0.15935096579467084
9cd8a8ffb7a9e96e,0.04326768033307101
7ce580a49450111c,0.060099157161883826
abccd8c43775abd4,0.05192836723534697
5c6acd44464d3db3,0.21518982602563796
b0e58b3d4a2a773c,0.2045945477079295
eff75fe4ffdcb49f,0.17295349995484427
06ac1908fb89960e,0.14189461396614017
6e61df7259588c80,0.2514416802035239
87752778bf4206ba,0.12089903212395609
2fecec0b55303222,0.07248748908052154
d57c0fad9eabe24a,0.15036347236791509
93cc7546b8c345e6,0.21609819795635585
eb76de6938c4c38e,0.11620365962172385
0e733a579e63472e,0.06655773476842758
e7dff8305acefcd5,0.06321393979201853
23423479e34fc441,0.164349090248006
3f66f582c2bdc24a,0.08449017788543113
d312e4d7fce5fa01,0.11638698162227731
c04cd9fa54077b8e,0.06919076070075217
04b68ab2f6458e33,0.09016990169013606
35665b0fc6847811,0.13346119258230088
9028f284365c7863,0.089453395747047
fa23926a88284b39,0.16313542519478724
ff5e27f506ba1ffc,0.12813068022979252
e6a04e92205e9e33,0.14773797801326444
934c2e26775faaec,0.04615682723560165
35403697fd72709d,0.09253492293905909
fdc814fd85f237e4,0.1395395533612054
bf4ee2f20859884d,0.05971885210627219
d2d10af48a354c4a,0.08409927710675878
a38e463e1b086d42,0.14274357519815212
ba49ce0117002110,0.08938502817801809
d5393f1776772d2b,0.09694574663174117
80a6b6e9f65aa3ae,0.08390467243105423
d84698a77b768899,0.03995258278809226
8d09ae0709d01465,0.1748101270015172
0ac53b64e16a0efa,0.2774856133066065
a632a91a07ac8406,0.13264837771360152
1f2437c787ad39e6,0.1732360140975408
beb116a0a3ad4f5d,0.1532218044978833
c38f343ecf8e9527,0.06647779723044395
d04bd8d61ac99c5e,0.06867299390123804
6a279faa81d0684e,0.08708128346044627
1b49b1154407ea05,0.09747567406768509
b71746f211be0a24,0.033819543412362284
bbe0b7fa6d60f17d,0.16229018093356065
c9117e785fa1cd68,0.04647115385420685
a700a6b3a689a18f,0.08626670628241447
d998a004d828aadf,0.16304049943831092
54cfb8bb56897eb5,0.14933739006719696
bafd504785d302a8,0.16752584139945154
3f45db97b95a3352,0.06616022590637982
2364a75ca729f899,0.173731787922591
9387acf4770f549f,0.1506155100680622
a434422326289b00,0.03625946155313671
8bbcd05afad8573e,0.21379507669821085
82fc48f10b8d7cc9,0.056194131955314294
65dd24b31c0c4067,0.11870826713020985
b25ccb8b682acbeb,0.1042855458423936
291117008b4408ee,0.11342039488181543
aae3422dfbb55bf7,0.09240126440817187
d436224afb38b7e2,0.09852202746114988
1287c0ffa2f14635,0.07745136822271552
4feb7edca163def2,0.1605076104553397
00df2416e72cdbc8,0.06245020175951463
e51c757048ea36b0,0.050412520231864266
59e45992c3fccfa8,0.1230095266130345
7b44475e4e2e3b92,0.1518558963223927
be457ea8112e2391,0.11536173301265709
1e4fd1293a611d2f,0.1371466791126989
343371989bd61c74,0.13615060095663833
6bb985812e990044,0.08468014519092243
c0be9996bfb5270b,0.07809593316638096
bb367ec1a239b8c8,0.11155885199095276
91fc9ee0920431a2,0.047691630850441966
82f2985fe6157914,0.06144301273877001
eaad7a9709bacd50,0.10972522105015722
1bb729bdda8eab4b,0.04491376670597589
35320f198f2157d7,0.04928716159582922
74cd9018fd2aa194,0.0911763565862341
fd091b5e49f8138b,0.1041973460220933
917e088d530b042e,0.17115213423437306
b0e606a7344aea7b,0.12585996665971483
c220230ca6b46d2e,0.09510450175638695
2174f0850e20c2b1,0.043565442669639465
3bfea4a031f46e50,0.05008503244785464
22199945c8b6f01d,0.15723036671391966
efd4e993a8d94f5e,0.08998287979175534
acad3b0b2e72b212,0.11307592752574011
1a33438ea9b6ba09,0.09896003904607503
c9a22295bdb2b49c,0.21576275251774657
0a24b5a0c164f36d,0.08309178107127534
12b662eae7ad89fd,0.07670119205057113
788a4a1a340ccebd,0.17548032040807804
0b6ebec97e53c571,0.08244457233469113
be4269de80d8b34b,0.2277156976622792
ae99dff2a596c7fd,0.15482256694469265
1cc563af87248566,0.13998578755829125
95b03e2a8add3a08,0.08811227218247035
bde7f9ddcf827170,0.04979670165274657
e24c4af855561b6d,0.08263784604081671
a1ef8a44aeab6af5,0.2773585156749629
2bf2e0d5f713e9ea,0.037759114743784586
6585c55605f3d692,0.14025312542630658
4a44bfcf3c8bea26,0.04234012246629391
78a21d5aa40bf4bd,0.071818793575568
d208a68d90d83d1b,0.08548640146787467
fabf07be02cadf0d,0.1484514655814272
3fc8a4ec51114a77,0.13673470461494577
d8da2f9a640f4e03,0.12017889483061324
f7a8212a941af65b,0.0271372354582727
836c933a5cb4ecbc,0.1470581009779352
e292f252eebf817f,0.09345744321036639
ae7e8b931e0ade53,0.17071455101510422
c937062a293ea0e5,0.0906552759475763
673793020f42eaf0,0.05143603875174429
531a753aa5a10879,0.058878244345857006
65613b893147c771,0.13505239943022002
a3609d34533ca6b4,0.0983590663526328
c9eecf5329211123,0.2869655451310043
4e6d4f733588a212,0.13594790392698247
95e0d5ddca2118d4,0.20202031703970502
4b071534952c920b,0.07354538462908351
f333221664eda263,0.06501276239982176
8627e41026f74eaa,0.12755631086331076
789f4695cdd6a417,0.09651099424313547
908034eabc372b99,0.06472411895610182
984bfa387795ef76,0.135506788712775
91c8e8e6f637fb1f,0.1208174445251285
363aeba9c072e960,0.16143641585443141
5cd6915b98d723ff,0.11017164694920516
20f027368dbc60fa,0.04411770317830131
a58841827e8017bb,0.0698173127203543
ad9e6a299aee4827,0.11333115200110315
fad46bf569ac7443,0.09651731314413231
0bdec115af64e996,0.10830314303662415
e78e15a02aa6163b,0.20025408654797755
94c1b40d53f1c78b,0.10302118332949414
c1dee5b6d55fd7c1,0.2017580188592884
502f0c8494138feb,0.036796770938913426
316c5e9c86bbb645,0.060094976625232874
c5624991cdcf670d,0.06867494788152623
e000077bf8c8b49b,0.10531183863802757
9a36d5ad49081233,0.04727359964355728
e4ac16a92daba7e8,0.13188416689291543
caf1ce5141ffb34e,0.03842696657300638
d07bf091bf998e0c,0.10759013573109966
f230be64e9f003ae,0.160371142030169
fcfe55e0768ab257,0.06103011096651118
ad04ef9c94f25ea7,0.05904592207057199
b6c3dc163008115f,0.07291717130712763
2a0af6ff3489e003,0.09388062904869866
5c098958dc2a26c1,0.04600530053041991
a802f6f7cd6d7b2d,0.07962572607658361
f0897866ed523f60,0.1634449544198717
3c1071f1773cc7f2,0.03288929442213377
5fb77ed43c58e517,0.059005086270523116
3fbcf72648af3500,0.0737346703183322
64964fe3e34849fb,0.06715941133994437
3d3b19b2da76dc78,0.14812114044498537
69eb4e47c0f3104f,0.1221425903046221
1b55daf09e9f129f,0.08074421676012035
853fa0b67eda4e6c,0.05379635527690732
636b3bfe96c8c67a,0.06853372435107982
51b24fbdde490535,0.06377808614574573
b80f84359d81c98d,0.10959245150073546
a865666aeb2b82d1,0.04229347524023728
08fd3d5f06273089,0.03750041435129562
cdac52f8c24b9616,0.1673824644446991
bdc841da585c4a1d,0.17930520294337876
8858154c3efe65ff,0.11222059898229034
29f989d45429b9ee,0.12958043819311324
b97dff4909968aa8,0.040620935449115395
69c86328a89e4898,0.04625158596833028
2d50759601edb9c3,0.15163328521509933
134be78ce02d48e1,0.11517543698641733
53b540f7c8d16cfe,0.0374317939120095
76d2e83b30cca3f9,0.0851496440885347
062167d4ccf76346,0.1756583507896744
84cc2a48661e807d,0.05378567516506891
60f1e251520005f8,0.11926904110167524
781115a32396b4cb,0.06721234391686579
4c1e17c82f4cc326,0.1802623452978333
b602ad5debd51028,0.13030105490187988
4d9da053a872a970,0.13131474840314727
95f7ebe4304bd2e4,0.18904693726113297
67a8207cfef9f011,0.3294321911746995
b1c3468185b9514e,0.13515555058108053
f80ccd7ace26ae4d,0.3797256674262026
3ac147039aaf4499,0.05969437760210984
fe5cd175ea7fc09b,0.051808621379536055
9026d2936cf2bda8,0.14512523853414871
a4b0e01784fc7cf8,0.1449582827688564
43c462b48d97dd20,0.12480019424162486
e36d0189d20a7617,0.0652444330317412
43c3586991f4b403,0.06499538431037663
009e48f2b32be557,0.04121197713917501
a1689ef168f2f333,0.1824100494579148
dc310fc66470ab07,0.10007166958326538
bc654d187751fe04,0.10249399576283297
247e62af046a99a5,0.09022031234641217
48f2f9556bb2ad1c,0.10893976904539265
e604b921624a200f,0.16447780419237834
e46765e152f7daef,0.12705315234481807
3d183f0c812b6d09,0.1261566804686407
3a7275f9aeda8305,0.04041761725295999
1d994aeb47ff952e,0.057344958287451356
75dd9cd1bcd35d05,0.04082823939446811
a976b4932381b300,0.03602723370108267
da2e39ced8c0afd6,0.050016441294885736
c77fd47bb1683f58,0.14930782597127748
ceeddee046f39ae0,0.04401819655739557
cc50dd12d1f23bac,0.10293554763506019
8b73f447d60fc992,0.10680339276963083
dba1029662f0c412,0.09980598965493306
ab65e0876504bba1,0.139007836534339
00754e6b5a7298f1,0.05596950528544459
082f192c053e5283,0.048381221368503965
4cee8c7c13d1afe2,0.10075095516885024
9ea9e3c8cb3df9aa,0.06247174150528884
2caa75dd78c01d17,0.20134706195832927
42ca39ab5466bd19,0.20058217303316328
939ed128e268f834,0.05359823745977632
e452cd65ed19c900,0.1172709953578282
e5ee2d79d0c49d1d,0.17378836421756952
ce0d423deb82f2f5,0.053081389736850546
3c30319ed1684972,0.11119828761184325
18968bda98628242,0.11829660208641332
9566631a173d48de,0.16604055803410323
01d78d3ab164da20,0.061539427470649485
7245800926a4112f,0.11462656780848457
3fffc62471c1f18a,0.18208900034826844
3b530b29e9f5617f,0.12791118308791344
65305594301ba50f,0.14154940716717426
593ee003a4981c15,0.09650889092694745
f79985b30220adb1,0.11504558019366748
60dd8dcd3a1d1839,0.16882254422246945
288aaae44688b015,0.14217374889557913
8a16369cb4554d3e,0.07116719627720353
4e49cf49f79e1181,0.18042880339549014
1a6026c94f49058a,0.08249228116246485
8c29813aa363f889,0.11107009024337129
5fcc5826d5f8db34,0.13412012795771766
b002c58138c724fb,0.05153577881323141
62a918db11ef3076,0.24073784000445672
8fb91f382ae2782d,0.18170832365216655
af730eb0035cf0d3,0.16818996825273436
546fef357d2bcd57,0.15704993484801186
c6129c4b99d7f4c6,0.1264638411531237
7596069ac38eadb8,0.08212649644679818
9560c8310cf23dab,0.037490402638034784
ca1acdabe94e042f,0.1296599246251509
521f9d2193473fd0,0.06967568109126979
617eda3b96abb577,0.08248837756915797
8d735b59dd0a4270,0.17891160322433403
1b405139fc287a40,0.06900350236336299
e621733719a2d775,0.16044887550873682
95f4b0d76e779b43,0.13782378697724657
bd6a23cab176ffec,0.04441039265485916
3c5fadc2c957c7ce,0.17670275301051602
37cae1b2dd3c1330,0.1025671475635124
0fc2ffbd9370b121,0.09979700301519812
b31de0d8e304eeab,0.1515513393390866
5738bf5ea59fcb0a,0.1264858565074139
402c7edae37bcf39,0.13187843304029606
1d79e32040c6b05f,0.22124092588031657
bf493f6f4a48b2ff,0.04844642005086609
8530681352913ce0,0.04425855061743038
c79cb0e184ac42c1,0.06719159567174149
32ecd92eb352979d,0.1417340376498336
c9a54261284070bb,0.04808230669726605
e6c2ba81e397e33d,0.06759602806985543
955bdf4fc9420404,0.0755460732181569
b180a78e50608ab9,0.09496411825378076
69484ff0bdf4b104,0.09038843087852091
8d62a01ddfa11fe9,0.15022967137945126
12c3df9b72ef96e5,0.058739951871996515
12ccc513557a0656,0.09242511730463682
2aaa9bc35f4acee2,0.3098161564052302
e31d14248a98a72e,0.13996499856186032
1058c1f47fca2b81,0.07036139538966864
02ab14036929f70f,0.09977563876546634
6880fd1518aecd04,0.09841605628230626
580068eee74ae5d6,0.03922916746903837
fedf1e1bd320672b,0.0804327855831291
d47c1d43f9dbdf92,0.07143135951692575
8a7fa6c84cb2b0fe,0.08994458751482898
089bead0dc0d7c16,0.12099950325803413
3f12eac5d776ac9b,0.06325628818369658
2b55254bb421a326,0.10582195315214565
16721efb42f49e40,0.17681128263309448
87ada6cbd040d527,0.10985952173538385
c5c4d8e14015f4e3,0.11773054216208434
5d499b0e085f025c,0.15373302203579672
183039182079fa48,0.16748259852320885
05d6c8a5d3db19c4,0.19056762220265105
4477fb4e0a476ae4,0.1351979635547274
3965182266dda565,0.1003261560066772
72bafef29554438a,0.1084399323617676
1b31f23c3e55dcb7,0.10563010888849367
66c42c9008125f10,0.12730343952491874
5bf14b82c919f706,0.10248781801889376
2c7401c2798c92bd,0.08009087337419654
4adf517216b1dd47,0.04403065426555505
26348c70727fc713,0.18547239215944963
82c1c6b9b0ad498d,0.12062106167245823
1365ca92c2e04031,0.06388121280237055
9edbc98e397ab4c2,0.08918502871334479
1059c066d6e0626d,0.03935050240749953
af993cc3ac374b83,0.06364511676071374
f32194afe634dbba,0.14771714757399246
29de97ac80feb956,0.12673150806738925
e5fb185d8c6181d7,0.08981319826326246
632347c0452d889a,0.1794655806223086
35ad7b818afa2cc9,0.19058651270201218
0e9b47d072e9f5d9,0.08452021463193683
4b2ee7a5a4d7d797,0.12288892313891109
793b579534d59c3e,0.08993736273336905
3b23c46e8aebaa25,0.13580877133052077
f68b741461469ae2,0.03645531141761206
79e144db8265864c,0.0403774382397112
09c4fd90bed2d748,0.15171632649617584
2215efb176105acd,0.1386564816899784
b4a9877c6c234878,0.0992104256030866
529f75ff399c033b,0.1584855443540812
ad20741d26dac628,0.19037256785363257
abee4fe9fcb49deb,0.04930797025986056
80bf7ea1dfa6b569,0.1335640115014634
7d637676608f51cb,0.05988261489585401
79855154621f663c,0.04654191668773136
db630a696b94324c,0.09818851567755889
2c87f55f1bd853bf,0.048354189944448955
05466a89f589fe04,0.3305514108923279
073f9b06f7bf95f5,0.04972916345776472
d8c52af1d9a0ab94,0.05124111601309132
170df691b9758d76,0.11960472071851122
098c223fa7ac1f73,0.11567141871598603
947d4f80370f0b58,0.07708136231934616
66196fa0af9abe3f,0.14678907238804068
356513b3059ae50f,0.11797314181696886
a951ca23d4bdcc33,0.1337203603081472
defaffd4e20a4c47,0.05539822034253358
9aeb8ce75c56fcce,0.048841369367995456
0e52e6d570d8f008,0.04293262198341449
d177a330dadb2707,0.04368252485939984
4acf903d98d08aa8,0.24633804376803176
673bd4205f6635b8,0.14469792283727
17b635201a20862b,0.11209027449901182
e31cdafcb4337eef,0.05428511760216827
2f57ad23a2ad21f5,0.1504717844755778
8c76f3fa81c149a4,0.08561270207555433
7448092b980edcbb,0.14349703620530552
cc3891e28dd031fb,0.05128385099248838
05d416ef906cddf6,0.050830944988775606
d5cdb3c4f4965afa,0.059469612935577024
bc40575e98475699,0.04479840789953904
7227a9d91f309e1e,0.08080010988063488
f83295ed727a429c,0.05394897361249931
44f16ce1d7899c02,0.04811235035742727
219b4d22a5bcceb7,0.04774102628427551
5684d434bf545e82,0.049840930034160166
03d5ff6b9db6a1ce,0.08242225854228295
c402ad00c62dd803,0.06359653199444906
d384f2bb50d7321e,0.1325398151901179
865ca8dbe8ae9927,0.09763825190460695
0cfaded78f4c55c4,0.15226540355611196
c1f9c03f1f673cb2,0.16485697036873265
80784aef1b00a337,0.14929401450808172
2cc7c6c16592cbf5,0.0736554938710916
f816697d9e23576b,0.08048077433609803
e0a3063ee410875f,0.0740445030240108
187c083474d62911,0.09158243075212136
32fe8606c8a5cb67,0.17087713226404033
e3b603a450f69271,0.058604157412817645
13ea25fe500d74e1,0.10249980410651321
3465f2b92e5411a4,0.04896122927223923
f84c04deab8f0a53,0.16436219180693507
ce64b825ce5f48e0,0.04629670941277402
a03d161faa6231d7,0.04793804018401869
7b73399454d06d9d,0.04612466374893401
726ce1fc6c05064c,0.12126727044152588
0e660e2441745329,0.12073514978373763
d4373d25e109dcb5,0.201955163288765
6c8ad2f1018079fb,0.038942173670521336
485cc002fda9b938,0.042439686451708175
840b1b00c51f87cb,0.03790543505149408
e7c9e19e247f843b,0.10423776929187284
4f97589fa05c40f1,0.15674149102437535
41919c492d55190b,0.13957061755647276
8fc6cb3936ed4ac6,0.10416229170978436
75e3076bf4b29ba8,0.06890899727124783
8357351f6977683d,0.12141895590313759
1a6590aa6c3d2a06,0.14854410423158568
6b0dae5047e0ba12,0.1270246881027165
6f8bc4fa3d91a3dc,0.06814882701647255
e4aecbadc139b9ec,0.08839624895601197
7616bb2872e18231,0.13734282480306123
f97102e411194f18,0.054655438613086624
4f25e4f4959ce4e1,0.0818094188661068
46d34ae6f3e900ba,0.09597137349525382
73e3288eeb552e3f,0.05063546309227942
e7010fbb2150676d,0.07598578551546907
cc2c1c680ac82832,0.039869185097235846
d025b02417a63fbb,0.11588445661090586
08070948781ecfb5,0.050852573041996814
2bdbf073750d4864,0.1124547048985517
2783928eaba81305,0.15399602429949233
51bcbc84c0f437ad,0.0577726727871984
dbecf7b9325b78d3,0.20087508632426077
39b3096dbfceade4,0.08682959632890112
4299599a54525066,0.17217412499306214
ccd92654fb1f721f,0.20544377284211218
ee1170819ca7d594,0.04889409454884247
c30ab4f74d33afa9,0.041562830129204247
40f10fad12afb51f,0.10774019177955071
f4e63fba51ec3896,0.18230844800252213
60ad4f8eda2cf6d5,0.1969415941774391
4dfcb17aa4236952,0.11883180097081358
2e54d9b1b4e00337,0.07181997775079295
47a9e135733c2ab4,0.08807639420060673
4b3c22d3da587d59,0.11410635751143883
ef89abef9807c003,0.06523871215821517
e7530eb737c85931,0.07454777403638257
dea26fe32dbe26a7,0.11055449971780651
08133a148f3d4ed6,0.13969015105689245
d39b177320bf091f,0.1198458107458371
c2eeafe05948ccae,0.12121405647768585
73c8d1e2bc9f517f,0.055085390535194734
0dd4da33e5e18c44,0.10411076363799877
25e076876a1fb6c3,0.1565533458641541
873d0ca47a7ce61e,0.11475246173125678
930d090798b9ad8e,0.1133653176022243
98e38baebfb97bcd,0.14410967838899916
9c779fba6fe0839e,0.040153611227647885
5bb1f9fc76a02c1b,0.0785655087310171
f83de39c4e518f6b,0.1711559779317735
10bbab1f08d2e6c2,0.039796403563713625
ffe63eebf605244b,0.35907234591886883
1e55e67dbb9fa1ef,0.09374294320125721
e53426cca968ebd9,0.1505028836372964
51bba86dd8aaec50,0.15840225917467
582102afed3c818c,0.055285897655519764
b280a8fb8ffb9bf1,0.10467546365941068
e8e7ee8589574a45,0.07625436541493491
228ac1a17bade85a,0.08962908833879127
2bb37b0ac11a0c2b,0.15223139649921574
5588a1f5d8da9c77,0.05890445117068536
a46d657f4c9bc8ca,0.08231826602779213
7373ad47c61f558c,0.1909071298901544
0f1fcadf13eee28b,0.15290163751547214
1f8603bf90774382,0.24888004526868734
b0dc746e7f7ac87b,0.07622782081257547
82107223b7ff9788,0.1324358497474285
a38cbc0aecaa644c,0.08593047411109396
61dbaab39e7dbc01,0.03798286194881457
85064aac24d665cd,0.03711721777855911
48be998c9a3000d0,0.08206627834482264
26b2daccb2b045e0,0.1878732169979143
95198d21e3fae237,0.06529730653641498
b2a2d7a18404d7a4,0.1448109216275232
6b178de020b8598f,0.06958669612820294
38c1b19633279892,0.12012647069443173
186d5468edde7455,0.19212449414483104
4f33d36d7b629852,0.10173652923755527
b955eeaecbe25ef7,0.14557943481169722
39ad39dbe012b34a,0.21944732501182143
929e8e2af2403da0,0.073909747002678
fa22cc093dcf1822,0.048301399378321105
f56ff6b1c2817475,0.060872572307451446
56b30f44349ddb92,0.10193893292351588
617dd77adea9e711,0.09715603808901574
4cd7a91de7bacdd1,0.12103607749319897
c07844f4e94ce116,0.24811611265738126
692bbfe3fde429f2,0.2102498170653096
6e8117bf11d2b904,0.07106515973324806
27efca94126fb8ff,0.055306328069689756
4d2a406b540c41f9,0.2035916525873887
5ca9c8756c163b0e,0.06322393630196826
c10aad8b54af6017,0.1136477064288771
60798b007f7b4637,0.06941861683452791
805031b5ab834e54,0.08820767483392947
fea6be92744b0c40,0.2044412397355243
284e4bea4a96494c,0.08070292709855766
4db0c35a634d4fb9,0.05986444165665587
351dca6bfd544a21,0.18198577433198543
c36cc7323d4f4de5,0.15313994268838318
78c350098097af6d,0.03448756066401089
1404eca61a3105b6,0.04475014938262889
2472a09a3e602f48,0.1400344164824997
5f9d50958df392e6,0.3020327373496566
ab8fde4ac70ac766,0.1901195113192649
6649908e57ee98c0,0.04211840610549569
6f6b426a42753b8f,0.08110030598761969
9f89dd1b9ea145e9,0.14148196366462967
d56cce1c1c4c9780,0.0704251626487315
fd794932c3ad58d3,0.030308846805419946
901c8562d025f79d,0.06397724330541744
2460966f3ca7d3bd,0.1392809720699486
41c6149d1848cad1,0.08252560863749994
2c948ba95eb3128a,0.16445897399531742
0263f07afc6e71f9,0.045627821285816765
59520bb39396ae13,0.14407742389993788
096e1b740c779095,0.10663444959578984
13bcd446b5b75780,0.042505006727159414
82652e7aaa1e423f,0.041099045349368236
b4c2a047510b1d1d,0.042961511537910516
8e95fe1172cfd49b,0.10293515654605283
8b3b319f1bf34127,0.16762313397588985
8e876b9274c5930f,0.04242134773216588
74c8dbccca14e4c9,0.19893354099712945
a13d2861af1b8b95,0.13626992458280315
3d0443784b9008d8,0.12638945700781207
30a6c22faea5d219,0.13875915193354096
8ccaf0cd13ec8d69,0.19123301733046888
ea79b75b6fa4e024,0.11225495546528473
df41150fbde2201f,0.10662059890012601
6bfaf27148ca783a,0.16341129885819047
016b24ffbde9f2e6,0.15574462274336673
c7f17aea0b57c810,0.043706401283379076
1974cb4a4a5105f9,0.09989311124468961
ed6fb2d892b20325,0.0717192841607696
029aa7e7739f68f3,0.06483348013460966
1499ced0a7fec031,0.0735448141099452
1da835ae2069715d,0.050752573654826647
3b48789ebdae6cf1,0.10692048466564631
b2501a34b4204e11,0.061383501205083735
4e1bde0d2fdb1719,0.0962149838470456
bd42c11dc1ea52c1,0.041330564380255085
dcdd441194892326,0.08562534152252524
890cf601bcb4d1fc,0.15166259981985963
efcfd07026d6f75c,0.1344279460309134
6e5921c9eaa0bbae,0.08432202615738438
076e6b937f9e0f1e,0.19839132770532786
fe7aa6148631a52b,0.0772946746489388
0204709b122147fa,0.050799862500997606
3bf87c4ce9af3343,0.040520204517898326
e5d3cf73e07cb881,0.1218075254346675
d79da024e674f570,0.12510194124148372
f137410611053710,0.08943231654959335
4b48a5ea7d8db38d,0.05719952791787987
6e5b5708c1bbde63,0.1499935129409759
2e21f1e2f4f0d11b,0.0690570958458912
2fcb7b875a97fd67,0.12529275595849085
c9c50dcabb2aaebd,0.0434488899850904
ade709965be588c6,0.07459135462411368
e99ce68035fd1383,0.11765568692922428
9abdf47140639086,0.25629351475482387
c0370f3f688a69d3,0.17625613043916477
023ecf078fbcbe04,0.10264718733656443
9366b2145d9ffbaa,0.17444480580249475
907dcd98979cefc5,0.05230163510855563
1430d1f8417967a9,0.11173391095793697
12cf954bc6f7953f,0.20845720809972612
9f439978c3ff1caf,0.14262791431294095
3d566b52640665bf,0.1989720128169436
1da24b04359879c2,0.0625068358873667
5fb8e8cdc5a458af,0.10053858329406762
69f63de79af9dd49,0.13487131319886364
078cef5b5f6aff6f,0.14235353929061245
ee64ad3ef7cbc727,0.04456562172871539
30f789de29e44c84,0.20902879350880998
ed6dc35d0f6c3f4b,0.23386269035495516
24171dc6016596e0,0.16606934401893123
d9753be4a4ac4d5f,0.20188907330975542
08b18f56dc4a9978,0.1143595355300652
2fe99f58d73a842b,0.05298421930428153
231cb4b19f8ddc4a,0.042895287577179635
a0f57bb92842d2c6,0.06558247325651562
b451e5af95310e52,0.13602003032480625
4d5e3c273bff2df6,0.12145261437915812
69445874395ad7f7,0.048668430981780336
72d5eb4d04446c06,0.07348919323117478
676277c834acaafa,0.05953823406909825
345fac6fcbfce3ac,0.12154363368017385
77268d80339453f4,0.08631147704798847
0a3d332e3608b10c,0.1814249204296568
3d3e247d278aad6c,0.17901250542963992
c6d0f1503380066c,0.1776419197340206
a7ccb8ff054ea663,0.15182767425387256
d3b3fd3963b35751,0.1522042018321051
e361e82e1559efea,0.12878226752518207
94f03a339108fe12,0.039960819444112713
0d6b47fe3047807f,0.10814373311864366
f0d2a9398458201f,0.056506014609665214
8189ef648444f31a,0.17666291289156716
b341aa9047a23001,0.07191165233862114
0b603f589ffe5334,0.1666305225567002
dfcd5836b6d7807c,0.16610220988420193
c69510f82760fc8e,0.07208447212786705
bc2b0e3b0279f394,0.04488763822608324
9e59359a937dc386,0.0638734589280464
9bd6fbbffc3029b7,0.08592828926925794
78533ed0a4d75031,0.11678210968659736
24d3b857d9ec7516,0.1553020221340906
d9f1874f6346d786,0.13954415954705007
6588a72e611a860f,0.05081971638486889
52fef00321899df1,0.160102667005253
b3c2a81210323102,0.06608579925815189
c1501d30afd688d2,0.08728026509835268
2bd1f2fa8a7cdbba,0.06227840057030788
7472a7ac18cd8ab0,0.19883768248953199
b1dcab1c1027e375,0.16390129893945404
2add558fb5890d0f,0.05228064175015418
51a6b2ebff82bb8d,0.13409699387600318
3486d76917d26380,0.14569104416645812
7d9915dadeee6dc0,0.11120112467642264
1a5e5859e62a5ff4,0.037916147562220795
ba7cc06ca707247c,0.10413102492806885
3c42318ad81df936,0.04628430381625094
e7f32c62736ba8ec,0.08370121698399156
01970049a1d79ee3,0.15241047710032685
c34d08417ccc14e1,0.13443103251093902
dd08d7511ab95a7c,0.09895650805461846
147c9ed162930636,0.13978993396867664
4d55d8c7e32d9a9c,0.0849652931429007
1df22e6d0f4be856,0.09486737437389355
29e5cfdbc9735f7b,0.13219085846480555
529dfd620d6ee22a,0.07956217735108717
22b829fba260c24a,0.06745777718982271
712c502ecc45cac8,0.05094584824013822
2806f2b7f968844a,0.13859735329340875
1ff716c957da8f4c,0.038501543629074264
33a651d1e2266900,0.20535328223937666
01aa41460821647d,0.11444991212672154
2728591ac3aaa7f9,0.16194997630984453
62153e0ba99bfdc4,0.15876556479736517
a336835871390b27,0.0766485532108304
66040815dd14bdc6,0.07336948169292995
e0d8f324ffe3e925,0.11817192003746316
e7d245b8d234167a,0.060952506755975494
b30acd5fe8990b03,0.30782631066936855
8b87df65e3f61018,0.10596358230482636
92d913128fc856dd,0.10192076954819143
c1aa97bf3aa49c01,0.0561249177419677
37b85ed57524087b,0.18161296081059453
fbbd2368a21a9e6b,0.09505066771627826
39795c53fb16d719,0.07517775252385255
6d637bbe837caf77,0.12894972890451442
ac09426ca8b44dc8,0.21969199230880376
0007a5bb7310d604,0.13741482098458274
f8c5400d321751bb,0.19622544443826076
5c5d74b2ed3fe0b2,0.042851863386207764
a0d70afd5aebab39,0.09840091081972287
dab67f5669ab1b4a,0.1257676289396572
b094a6aee2983e4b,0.09776677413675652
76eceb39e4bbf598,0.11131434069627516
08792ceaef2278a0,0.0722016137746728
421639eb32096298,0.1361422291305956
3732446a2dc0ff2c,0.0795051244522963
f42e7bbaae983e33,0.14564722511802558
1d7a33be5e41401e,0.10124965223025706
c94efe294bf687bc,0.17421224382464753
54153bda194f6353,0.04840517653106795
275f14633d4a7de0,0.05149841381719215
7a750521e7810b4b,0.16986388744160086
b94bc2b4bd62e236,0.1402890447643486
3c2076842f11afcb,0.061675493455057434
53c3d245534bdda0,0.043745245227744506
bee1ce38b4653a33,0.054447913160092135
7fcd7a8a7c44d7f7,0.04940106593649604
60fc2edd396bed1b,0.11763064480143137
df7a1a739d1e3d31,0.15105420335933373
293173b622ae6047,0.09841834517951249
c18a9f29b23ca49b,0.053454701972279965
4497cca94390df91,0.07853609348308832
40d9096835771f2f,0.1818940757509936
ba30e997b8338d76,0.1652767071963137
56d89283c0f5c7c8,0.08645367362234788
f460984ca4f4f1a0,0.06578759581755662
63585cd6e35862a2,0.06772208675142552
26e41712e705d5ad,0.13046895282701176
0a056eacd56539b4,0.0438534520639386
9060dd63376b8616,0.09176194740450583
f11e51ec27009738,0.1392520522418076
d0496dc870887d72,0.14068669788496335
65fef6d3fb26ca70,0.040887879562198165
a586684b41fa9769,0.13855200703770976
3bb2f0950e70a234,0.10737396663791943
6c6a97e3ad10abbf,0.1470575504325847
ede33053b334b03e,0.11764663744221426
0dfab1673fe84ab2,0.07238539580912697
f65b0230673c2e76,0.10172624486366469
5618ac6872992ff3,0.24361091089735423
77febd71dc7777e6,0.16453754963975656
7f54b45c8c0b9310,0.18712396815446874
9273e3e5412cfeae,0.12765599668715144
52087475796918f7,0.07129736322310552
643455f14aa1df04,0.03702365086536165
d1b24b005a16d2e7,0.1306309486953822
88788f98d41f9611,0.15717954030930906
bbbe50af555f1d68,0.10836679547461925
1bfe964817713a25,0.33370876928205484
40d6df07da814020,0.14047501822897449
8a96d0eccabff7b3,0.039119013110810105
439300a43f735490,0.041900926515924204
bfaf88448d1869a5,0.125981248211843
1eb331ca2d61f16e,0.14409774514014467
5ad8f23386d2ce42,0.17453310668971733
69ddf95fb1e28199,0.15317756458425133
6c224fe2f90a4ac6,0.07805251610948474
7d2d81f3b2e16bb2,0.17083345880857687
306bcc14dd7bcd69,0.1797398877523291
db0b579d4d6c3202,0.034732036559359164
5e7670a553fae63c,0.11791569886722103
999f8c054ed84981,0.07136738898776752
645969c8fdeb22a1,0.03307117488852418
6158cad9f5117a45,0.0762283139319071
3717d43b0bfbe61e,0.1313944259694213
8ffc981637d61bb9,0.0764892911006584
8b934f4c25070ad8,0.07900577522436428
15701cad20890a02,0.08566959006325275
4a22e527eecd22b2,0.14349422289355945
6b7e69ddbeb27f14,0.16597645156429747
c44f66a5254d5ede,0.18227331584743808
1dd06cc994df91c5,0.15514422251824694
43da23e0c905b332,0.10573495792730965
cef6bb5fbd6d7d4c,0.039691626400945666
74e65522686e974b,0.07588205473065279
b2ec41e4d4e17991,0.0691943856098092
7adfda5837586ee5,0.08980403042947713
7be7cd83da184778,0.15234615612171878
331453c919db4a8a,0.047693041303084535
1ad90b2ad8ec5751,0.03932090119495315
06f305aa47e1f3e5,0.15031395779538775
5d77b6a032a98222,0.10386681333549033
2fadc388cbe136d8,0.040594779156908734
3a64f59d79eebaa0,0.08515229107913563
e9d4d3a03ce54237,0.1408066272039015
5bc032bc2d4db536,0.05918810315536861
42afab27f6d63b09,0.11305295355016695
0ce59aff9d61ddc0,0.13136648532367567
c4b23b3e64f8fa59,0.04521740046734585
df5826f4adc2407c,0.1327079142070905
1006c7d207337c5d,0.06002732927003454
74f20f15f7388f9c,0.04239632352269376
e8c69436b1cb3320,0.07005611982151073
609680f04da9fb46,0.04865983410830835
060d99e1fde9dc79,0.038516803667403794
6555f0c293c5a1f9,0.14463435183052004
cc835ba475e9656e,0.1253103804620286
960c65dd29d3417b,0.08793786592472559
c7596c71a0f505bf,0.04244547771018721
3f3297df319604e8,0.12846019199254433
21c886bdfaeba657,0.17848213718608996
4c47eb742008376f,0.11493942164453372
0360ab7e3c03e1d6,0.07944738406602735
106e8c5cc993ce96,0.10332699189274985
3f189ef767336273,0.11559889128292793
d87c2b5ea60e2e70,0.05541515427081524
924a02ba0ace2e0f,0.05973002607775517
e0a93aee5351fc40,0.16135330812177096
60036012aab0d68e,0.11261839952126701
92196298fd1f0a2c,0.09384162270715073
2c9507cd32c0dc32,0.04672575818813399
f138d3401d1ef8d3,0.03761588860245535
0550e84ce3342ea2,0.1771370848311584
433b7b91aefd0d89,0.04204046475086569
2f084abde9824f95,0.05315104747019573
aec34c208a4086e3,0.1826513075704808
77832263f798d3db,0.11480047379724671
423646a4264a51ea,0.1033142497710379
99a11463587499b5,0.1514042751465105
5666dcd2f61e1fdc,0.08982874696177992
414bb3e31a06b128,0.17823630309291594
9825bfe27f61ead1,0.09504161476109413
3e8b0ac764ba974f,0.03435500690863713
f494e58fc4f527c1,0.0832932262208052
4b3ed9d300487cc2,0.14889796224931862
064d5daca103bb1b,0.08643637801692858
1a4b5aa55f664cd7,0.08928666324320982
65fae5433da58938,0.0783225867704449
77df36f32951641e,0.04859946551245638
2734faa9175621e1,0.2436072792028685
6952ae6c0325e147,0.041754878072318674
bc49ff32a733b5b3,0.12398069851524963
ddb437f22bdce5ad,0.18426719920455792
ad2ca89540526e80,0.18986291728823915
8eb86976f1f7faeb,0.1907895287380425
351b2cac3bb60649,0.15178387267711596
f3685748a7717d4b,0.04574766608751341
af64f4a787a28c01,0.05400596013585349
e41d8e72f6a6da64,0.06275405034227183
43199fd3cad0d080,0.11818739982769674
08639490dad5a32a,0.18567403558902762
251545c20caf2d9a,0.1010140439970327
657fbf140a397f3b,0.08815690912609367
d28dd01372e08f90,0.11518192258053023
fb9bccbf5affc835,0.04056183964381156
0c3e0f0e422bc214,0.15371111308028476
b6fe616b3ee4f983,0.11237819221810118
1a05d9b0ab2c483b,0.08438681493168429
be053c37d8d326fd,0.09315687311439749
b0cc45542dd09eba,0.08742781977147143
0d1c9ebdc72b57f6,0.0906576654929429
926a38d305ede2ee,0.16452831740782892
381047d838351f95,0.11489583367628034
5afb977a1eeba5b5,0.07383413141581822
1ef7c785c8633cc8,0.07989920938442163
2f0bd78e22c8874e,0.1528601403401584
2765e2bdf659e633,0.04166194655124421
31756eaf193dde51,0.06222884495864874
ba5f5a3df72c6be8,0.18509847079117647
90e87591d24ae44e,0.07745362287766909
f9f063e55d3db8b4,0.10958647924415828
3ef90711b7e5d86b,0.1598518237396212
ec0a6ecd2422c215,0.14020203117006427
2a75009bf5006a5b,0.069739007059932
9edf622febac0e4b,0.11775315173394442
9cee551773541f4f,0.09956445316811446
2a07f1c2d7378d29,0.1286818057443529
aacdb09c08c9a960,0.04418349117079913
df9753fd02aeca78,0.08266326952564138
ecc853e05f1891ac,0.11755185884667746
859bd8582d3d2811,0.09330030257561826
a124273d56f60796,0.08866441282279738
9cd33034524d6b66,0.08819185192312888
9e58973154c42431,0.05304049077752335
fe78518186335668,0.04632005969458429
0c195b45f68a8952,0.06506578704153629
bb6b109cc9317218,0.03898693181085879
a58342d3aee051b5,0.07011763173330213
48f975291ebf9397,0.17998395017194982
672604676c29d735,0.13533459277460955
144b0a7e9cb057ed,0.1751937430683235
02ea6c1ef4cf0b61,0.03686350036509195
fe3c47193f742bd1,0.06300666131179061
782fd306b790e8b4,0.10161214891341239
53f0ab0c206a7f5b,0.14896403531982993
2d15bf73a2700357,0.07515409165483482
569b34b568032161,0.15393270432682848
d98474765b2d7880,0.10749269353348234
f3088caf81ec54f5,0.19564108931393764
884de3bae564118d,0.18768826611429484
5b62a55571d795f7,0.15652845658921644
e860976e6aaf78f3,0.11973526402664081
bc5f8d0b2f9683ba,0.03830786627150032
92555d85c6369cfd,0.18269723108721578
189861fc294e0daf,0.10628942785367808
b8212e2222eb4313,0.040340124516279316
53afc56ddcd63d8d,0.11950729184653225
0592b0cab7becf5c,0.0950546954495662
ac4cbdd76a84da91,0.12341469475236873
f2eeb139d518ca60,0.14087912512027778
e02fcc8b8b63c0cb,0.062156273629095905
a7f194a18e15e185,0.08277923704341304
b9b57b5beadd1490,0.1489726483128754
357c4988d289017f,0.09431806357196407
f0d98c09bd71837f,0.1259611621477524
b1c0df4bb0c82383,0.1212269273737814
5bb361813a233522,0.06987595640481069
c3eeda7b200e2c92,0.07394965236477619
db0460b8a23a94e3,0.09950937877158433
3c80f795a35190af,0.04851579317204703
ecf5824d8b392491,0.07372403794452569
5fc7a11376239e12,0.04080866744528677
2008fba1ef946ecb,0.13469293721546496
e2aa59fe541e0ac8,0.07064302405925862
09b5c7802e6b561b,0.04316622699174943
988df0719acbb76e,0.11777471638772888
48d79ec301d31948,0.07705554101176006
d288ed9b89b3675c,0.07695744689046119
75abd1caba2694a1,0.057329889593046995
3660f3c735d8a187,0.0898395025003588
0440ac4598276f6f,0.16970870478749933
836bbb09e4831df8,0.08860541479190745
51432ea27e463eb4,0.06513414744384102
3fd99194e4efb12e,0.05527814368788341
ef1b4ca1f2c1e357,0.05052129721641421
70c464af7e1cea4a,0.05371143526065876
54c64f47d761f86d,0.139269706891933
333dcb05411a601b,0.06392942917544633
11861d1571dcc3a1,0.06463106604118288
20e00d08f625d409,0.1318159211238185
8574c4f5b2db8c92,0.12963377784182661
95feb433faa8520b,0.16773903777731966
1dd496796a5dadff,0.06573502520155693
c1c248e8483e9ef8,0.06800237625048056
5e0dc0f0f0ea48f3,0.06343542563331594
7ecca4d6c9eac123,0.07943573985604924
58dbf7650b2286e5,0.051672426900490474
4c62224901fd183c,0.1154786804617223
affa636fe0cafb15,0.16084385656932904
c9f2c416d003a925,0.03403733670522472
c19024a709757f11,0.07410103536975936
d3444b15af3a9536,0.11381504300914923
2f54cc2167b0cfdb,0.06937862352786936
d974c7d47092679a,0.07647957056205765
1f04a25da2b17ee9,0.12904361333270412
f133299dc49c2bf2,0.044141658891719546
9542ec8d29575b20,0.1719069354975371
6e476b773a15e2f7,0.05535281557378483
c468f0fe05876276,0.06623417047442157
1bdf15bc47508221,0.11973034258624726
687b1d6eaf1bb287,0.1360918954521586
fc8590ee9d55c5db,0.045936214622776236
a4379a3efec7361a,0.03955205410674671
30a2e56d4d608b28,0.1146483638960057
4b400d52635e28ff,0.2962312280515914
992d4d4846551047,0.158939100022948
b91c089133d42f62,0.07739204931752944
c98879c523da912b,0.0545370938623164
7c8f510d8af822b4,0.1374510653147153
9d674a6212b3431c,0.057238961954374695
d3da05b2f284cb87,0.09867606635530143
853ab873686c227e,0.16160300208760608
ee0d55e13012503e,0.04192581978541395
fed761caa06202e1,0.05814223802288636
7750406f980f78c8,0.13234146567385863
e8770d9a28fdaeaf,0.2266424118990149
4025856444b9ab51,0.05745069512126058
1d0cc87631f52974,0.3153541241424134
f87d2af1aa151b69,0.10815637524920445
e2746f6359714da0,0.07641406318658273
6b20c519964ca8fe,0.07358020818265608
ac0ef70a6dbe1ce0,0.04397431528085741
29219b6baa3ffa60,0.11073829017462522
ef5245dc0733939e,0.08708124453507299
26d625d3997169dc,0.05126150001879988
ff9580c0b2b1a370,0.13293860453503184
bdad383d41eac454,0.03197833296261533
a6bebd6247dce4a2,0.19561061194991444
846ab5063b60d099,0.20457764014393925
1e342d4cd0cd2bac,0.10392945016215907
b111d554bd56dcf7,0.09822127694330554
9ddbb649643fc0ee,0.16934905959078594
0dc9c8998b42da67,0.16952646730452967
80444594c0d4b5b8,0.07706781694500975
9bf8b2752ad4d752,0.16842229430015754
794812675f553fb1,0.1264655710510037
c60c7cf09844c202,0.08133041564667233
06559b4012a85953,0.04516525173550153
dde7362e34a81ac2,0.08176909457577335
fa1ccff8a7481b47,0.15665774687581585
89c1eb286bad23b4,0.03515724667148075
b389067306356b78,0.10814256246991541
a4328554fc4a45e3,0.1295786689135336
fe2ff0422ecd1440,0.08308474241076272
e1f0e9e0dd1f6a8e,0.11238340917542552
e431bdc8db1622e3,0.11915299899261447
54d5ddd4fde3db7e,0.04190763078718358
d6a2262fc314d2a8,0.07907447193167302
e7039d9ed0ec0c39,0.04126842771754677
357fb25344e0d8ef,0.08101434896831976
8479ceedf945cd0b,0.08410649310128193
30e12f447d932d19,0.1366509813443121
a33acfadc007c5d3,0.16049590533403066
32b72fee7f2bc37f,0.08682901996921155
e2ef0cf7c0138e95,0.15578251604328255
c53a5098d3feab43,0.13457355565879314
2d1a504956a9bc59,0.03838835452029228
5b9d63bb61f11842,0.05490474131064568
f8fbcd4440a074e6,0.12797326104815776
c18b0ab8490d1c66,0.07593640284309036
18cc6b0ca558d790,0.23006156307619663
c78d6d8adb708879,0.05737202806950348
928fe114a90feded,0.13493072593053235
806b11fae1f6bd45,0.06764143130767244
ac8d5b4456a25f98,0.0545054451905895
0de3b4e998fb61e4,0.038741759439641345
0344ee3e70daaee8,0.15378225628360517
9459a694f708e7cc,0.041211628494062
f8f24bc3cf3562cb,0.07427279734597249
fca0d01a476eb58c,0.06536850898029076
ef25fb3354e1c732,0.14715527460511646
83ce56a22c714f81,0.1480034696067722
781864846ec190fd,0.049375483609243105
99c27791616e6a14,0.1134734862958966
f00a56545441ae1e,0.05185256551964462
160c77c56d0bc3b3,0.04838066823702073
6bc7f7e6a8dbe398,0.08294743247008203
565c31dc34339cb6,0.15667219209936462
d47a57dc58d8cfca,0.10344156105775225
7d91fd093f331634,0.17807425376384747
a33fd6143896a064,0.048070725378876494
af6776fae916125c,0.22226175175800997
eb63791dfd566fd7,0.13483840584250892
fd94632e98a57fd7,0.14892612433892424
7afa48755b2905cd,0.24350756214565084
cbfe89a23b516339,0.1451632023499636
bc9eb4d602b27458,0.08038297091944313
fb8b7e3482eaa33f,0.08223486080517042
0d172dce11eeef53,0.050599536213542184
6cb7efe2f15a8b1f,0.07621582690689148
0b234c8955fa5560,0.08027804803364205
1564bc14da2389b8,0.14841361383950208
11d440c4ffeb2e60,0.07634656948706707
fa46240b99291663,0.12772223065919627
52eb5978e0a48397,0.19527954317884405
bb2cb3fc47f785b4,0.15093004406379681
bd402ae2e81bc456,0.04948757749755621
5b2c73c3c2fab67b,0.03332193944229274
558785e2cd64bd4e,0.1490448737334522
d8d0cdd0e630be6e,0.23291560762334365
54a5cf67504e37cf,0.1345959824439714
b7225c4787addde6,0.04828916397509812
2e444cb3f4217098,0.056202069504214275
ae6ea7b6c44fe6f5,0.11445559590880112
8917e3ac1e161b77,0.09037344354322623
ca8e1b8f4b045be2,0.19955147567438258
b16a002c43cda488,0.1587575630027811
38988311c0c8e2b7,0.16459798017862765
40ac9a289f991b8c,0.106636534202142
83dbe87c0f3ff118,0.08386268303238749
d8412746401ef6ff,0.05134945801034959
95a1b17435300c3e,0.09818452562856081
9576e0a63d76b324,0.07774904181460501
8e43c1faf8514a42,0.03088747299027829
64462847893bb0c3,0.11635141362088303
2e8d60596fe0288d,0.03601938648032507
e3064eb18f25f417,0.16422628991207613
5c24da1b9f2ac392,0.0352327722195089
ad26aaf8f4bdaf41,0.12250597187830967
a21097bbd8645f25,0.04872297121580149
cffe1ff942479449,0.055194135307901834
39170ff154aa8058,0.1332117966266825
0e2b77f6fe4d94af,0.14428141031751773
4fb4ed274c87cfd9,0.05616498650231716
dbe218b606bf3cff,0.098894548590044
b1ff3f405ab15e62,0.09327920495040411
b77bd0eb977bfde6,0.03596141462841865
c65c01d13c9051fb,0.17324058350995442
9f7d2bd32579e9b3,0.06794893699003988
1d42bbb95380256d,0.15067708048181339
799c5bdb519f3962,0.10060186143064592
af54b26cbb15ae3e,0.09466989617690452
9ce958c47b1e7d3c,0.1185843932667241
d39bba0520b226fe,0.09991866004689677
c4923735c16e8881,0.03149766922443932
43506b20fd8ac430,0.07949462693325594
685b0ab35ff084e8,0.1861681639292518
03212fcbf4fcc22d,0.18050953143059434
7aff26a87411e8ee,0.13346957189916228
9af789cec1453f89,0.04181021253372267
41f2ebd04afb728d,0.14914528757843715
a3a3009c55baa210,0.2302195381457399
688382bd40810598,0.08046229599260969
42cce10beb6c55b1,0.053549857210288106
59fe211f9aa2b83d,0.13460492193754453
86466c925086fe3c,0.15767186364424893
cd36f54626e83a21,0.06098540946781662
ded728c05e20539a,0.16861601194790052
0c7fd3a164040b3f,0.18052302625087457
614f526f552a972f,0.07032395563563618
cf076cf42abbd2a6,0.060794430226817534
e20135d1136fb289,0.06193813016457088
2b40340f15b07950,0.15379031051352796
92ea7f3ec80af25f,0.13683514081304352
1de6db095fe81c3a,0.14668831297080023
e13432ce761076fd,0.09909146214234052
ae126eb3da41487a,0.04317298623394167
05436df37c119ff6,0.10428105571258518
b9203ce854a26300,0.11513619535691787
e39f8336b7fa1f6e,0.1601519653456004
2d031b0318ea5a02,0.07695634775809239
54304b5c419290ad,0.06015913669969653
e9b3e8a0a4077e28,0.040805457825338565
1dced917867d765e,0.1631033729873696
c004a070a93054de,0.14099979592153994
3fa194a91f4562c5,0.08036510856704479
76d5a2300ca56933,0.043618646567037817
993bd3c445b80c92,0.10772152955666416
16eff5adf0cf07a9,0.18880663768546663
19f4c91cd1038cc8,0.047098675391261426
4ace42dbd199d1b2,0.07930950821426863
8232534ba45ef07e,0.10718231502484292
a2eb06ecbdb56bd2,0.046498081102255256
e33ca091fb503e03,0.10993521609780213
8b65603997a5d0ae,0.05090705596899085
c4702fc1a3b838e1,0.07209957567257422
0a2ca915437c9a04,0.06258573658100242
6e4d60a1e5913350,0.049550931591577405
0eb4def034c0e542,0.1777103703808008
0dc7bc6ce45f37c8,0.04148925013472578
69c1bc9b1691880f,0.11107199375965174
249619e3bba248c5,0.10983888162778048
8a0925f386616243,0.08695704367533214
c609c9019d1d7b32,0.1609500285969657
dea132cdd56b9c8f,0.16597983597499485
24c6ff18b883edd2,0.1802823848488685
06ea151cc4ea5974,0.041482194013405735
dde1072c2340c07c,0.037801152556528134
bf6234d11406ea49,0.07173320281297775
610c0fee53d0cf9e,0.15007411637344617
fc0691273040fddb,0.1497004725125186
46bbaf2bcdf5a362,0.09354577036849679
6f4198d004803569,0.08421596772574326
3f726ca9a49e022b,0.049738976162043855
2263ab08ec01d546,0.055767049981660634
dc2a61d22023b42b,0.33710784337377997
9cb03c429bd54976,0.03999706644724861
d3d5427c6c9640bd,0.16168268087258458
a356aac05b7d44bf,0.0659520842741522
2c28820cf1ae8254,0.1522004201225283
cf49994228b74e3d,0.06999980810993589
ea984ee0501b30dd,0.10593637869229826
3639d96562366ada,0.0414119411626078
007d989968211b0c,0.08848060209435901
47b004a1df7ac9c9,0.10645687250016381
f09cbcb79049a436,0.17158656848341725
d3e17fc998bf6787,0.1114550481229836
0c6c8663f624c58e,0.04480786829515089
52720efef03dc54f,0.2108351666758404
c6a5cca33f57da61,0.0640768986372991
b1208369a0074122,0.0609460103388223
b0563e971ad0dbda,0.03996329652575466
a0bb9373f1dff1b6,0.16236379340277776
607b5d747f350fa9,0.14724389419730413
8945214e2c9cda71,0.17707077874651833
7fdea294906af44c,0.192997068434142
1f3c2f31d844d10a,0.04861638524121377
248eb5a4a5179bb0,0.2046787323292827
f7522ca250fc8477,0.06446133943917204
3ac3d9675fc09e64,0.12364207537452179
b65116a131be84cf,0.16270048634241172
7cba939dfaa4fb1c,0.1774412987520722
4e484a321de70373,0.133220541825471
48c00464ee810da7,0.1236673640500247
11c760a8108e0ab5,0.14332997680987528
4ece5849758d2bbf,0.09850510143659189
2d34cfaba66dade6,0.18373673016794245
597b3aa023ec1731,0.04515313353024804
65e095698c6b2018,0.1371586608353103
d4685373bfa64d8c,0.06352417108204925
b2a24aac339b046a,0.09292104500431117
d018e1502c830522,0.12682603708952733
b4a5d705266bfd48,0.07407929429255741
1bc1ad21db736edf,0.06162141402127232
3584862144963b16,0.07322631877297606
64acc3b4a0341a38,0.045935201119089636
ae1b7c2913418b6f,0.03475204139378235
5ff184c18b029b7c,0.04370312127476017
d407cc2c1f68ef5b,0.21718445568937586
10610f40d2c4beb2,0.04542510604998167
a8e72b280bf38b81,0.058813312792450154
4802ee9701571a2d,0.3673820062243309
c0ba503ad79cb130,0.3133491868731924
a428e18a2571696e,0.10094640129129034
d973ea3bf88a0f3e,0.15139073150260818
cca48a6fecdefbfd,0.1065672951327726
387eb4b1c9690ed5,0.057231256323374634
f9b045f246df515e,0.12654350449615454
b8aa274fe0062de8,0.16353853985528727
9d67fee3adf9e1fb,0.17218936135621257
3196cf2ddaa8893c,0.14948298704489416
c6cb67394ff79930,0.09880455274232201
b713b9f13a1a825f,0.07493738403505082
0c55301e8a9a0e8b,0.14458939564238646
06cf6a66edc51d64,0.29447128666334293
73877568d5adcb7f,0.04311315861741412
6e713b6c6d9ff701,0.18692789688854733
35b98290788b0e15,0.18280686895702877
c1699d21d21f249c,0.0699495537862418
4d4b1f0d9defbbe6,0.17665768753358643
c1eb4bc9fb4e0c7f,0.13014831328009507
ac64ea4bb93cb2ae,0.17089787578007284
a6c0198d0ade9eda,0.19356395381877667
4ee5d36590d4f29e,0.10558400075321002
39d7718a5529cc62,0.037099963345849155
4f6e36e222d122b1,0.0885556867224552
f7b65c4533428cbf,0.2290325125368603
32839e57f8e1ec72,0.09808000737732125
0a631a26c3a1a8ef,0.16753862564664324
42ae365efff05b84,0.07789777951949087
aaf16c83ac07884a,0.13157523000922033
e3fe57ec38bc0cae,0.07402217028637792
a269d748b94103bf,0.09079712500473865
29320c0461eae48c,0.03861170097519028
98b75056b390e87d,0.14129695177269896
a18aa53890bd84ac,0.16487686702523985
fc5a2a2354cb11ed,0.043747692662326976
912408725cfa628f,0.10131699779662738
6453b1a068b68ddb,0.16614907309869803
d95e854d614ff5a3,0.13261177723367956
85a79337144b2a84,0.07657963141934357
b5e18d3eb66f6250,0.0374565282247259
3b90fc3f1087e3d5,0.04419819356006539
36f89bae0e5df26e,0.10134108243941067
7de9a21c9a6df7bc,0.1913872164553712
4ad662d48155a76d,0.11615825956718802
1016d05cc8d07dfe,0.10730338500594384
b0a028857d9a81dd,0.09735447519955487
c7da65ddda5ab002,0.13954259207731884
8faf1048140782ab,0.12362101784707343
d0f1cbe5f5c2cc97,0.14489029441525564
766a85256e2db000,0.04614965784182498
83f8495a5ff0fc2d,0.047992215995295934
a57ac84facc6651c,0.17976058584319438
3e18333d2d1812a0,0.04459750011018575
2e2c93c0b28242d7,0.17667703027356998
290025e556e7a964,0.0850976358056677
34abf7197c7817bf,0.12029648340944857
4c990af23095a8ad,0.15161810274771054
b30f0e7ab6ef02e6,0.11040796046661433
955f054ef8ac2a98,0.29429595094522487
efdde8377abe8fe4,0.1425922080519225
cbfaa9b940f4c2cf,0.1763907138738538
51e64153531937a9,0.24711262156552538
3b7b80317148399b,0.12355267352424545
b1de8383db45dfc8,0.11174046317300673
0d3f9429ecf4d4c2,0.049221934567915356
c4499c39e29ecf53,0.08055668673803532
7800f7a3f936332b,0.05737840012694287
b837532e3fdf4a50,0.09685506010597797
c681da0099cefd6a,0.05301344679269263
c7acb3b5705e68f2,0.05038737383678919
7072f5cd32c791ed,0.1909701262040513
00b5216b2f2dfa33,0.8011893471777894
b2ae02f82d15b4ad,0.11192503150503066
5ddd4c1db54b9114,0.11785332347583144
3e6fa59b53549aa5,0.08132702044544449
6b853eda68180bf6,0.1742269076309264
0ee247af650122c3,0.19700053337778153
9e2c6c5193f21067,0.05168420118303913
6cb5b3e20565dfc2,0.14925565070579866
dedaeeed301662dc,0.055111101841428194
7244a91f3ecd611f,0.03247845493097324
d5447b494619e05f,0.09337998002975406
d114e64d8dfca5ca,0.047204662985666265
762e061721ae89c2,0.044258007763316176
0359613691f7c01f,0.08908774223373496
ca90a47bd789f6fd,0.10141628308982455
b43584123f43b018,0.06117439430592929
0770e000ee552df7,0.15268928425221945
b396a1df0d592f4f,0.052095219494077284
51ffd9a173cdec87,0.20950329456400493
38e628d583de2dcc,0.05001294582843605
5e444909efb4f076,0.10035577149124827
147047e5cda600ea,0.1223923492409109
02f5e786b6ca732f,0.06696450605469612
b29abac474eba51d,0.25489224664745036
14f09256775b5595,0.11611723931069362
4132a178395f2d42,0.14015600182894475
3ecf5a5ba7668082,0.05480826961222966
f7b8ef9f4baa3954,0.17956848281623777
344ae6cefc6e5e28,0.05407660028566837
9f8993a4d3fd8c66,0.09242881131038888
02fb2d64b2963430,0.125713798758341
cc3e88fc10db73fd,0.1524336970564553
e1b25ee0d1bded29,0.1812789972741331
6811aeda7c48195f,0.11917714806652885
2caefea2089d3348,0.1534747512425705
06624c42e6f173c4,0.21394407475404015
18d0862452891d30,0.12700793346363326
aeff78b9acbf4d71,0.07122291317262723
3c4fb720d11f542d,0.05532482863501431
ccf649ea4bfee844,0.07396758686249685
72bca5a449e85cd9,0.0592590736236467
fd6a74697a1a9ec1,0.049032773703598855
a629bcd8e7727428,0.04754715051890523
4234c32600399d7b,0.14660635740740044
dbf0f354d6059039,0.05423776989654147
3807b180f301e7e0,0.12327486853658136
5cff8cd0dc4c326d,0.0782206545073402
a28550e03a14c9e2,0.16243381402777735
244915cbbfabaa93,0.043210871553058534
f5d28c37e1483258,0.0761061354074034
625d0351dedf957b,0.1159113664004578
daa98d98f6971d07,0.10846283305982893
aac141e3478df5f8,0.10635913105677926
6e2d6b44bfbd409b,0.14834678513190913
34a46acb36dc8ef8,0.03819218603148118
f709bf78e6f0fe9a,0.07609678621509214
573ce0864f1f1a1e,0.05745770580808779
d6421a369f95b35a,0.08592466559183518
6c74b5b293b1b97b,0.0498774556099981
51cf0713d5fbc070,0.12626277897918525
062ba7304652bc27,0.055133257879469835
930853397c388814,0.03395627297920725
2e48c840c19e48bf,0.14526819153003126
2a51f116e23cffb3,0.10204385065048148
070669d7057f8aa5,0.21560984476647374
967936eb15802a83,0.1051427688743531
83ec0a0ff919a926,0.05146525555418624
a35f4a25719a4b95,0.047467005107224326
e646bad2986e850e,0.12933727828329017
8b488afbcc578dfc,0.06542476473101408
13ea6594c14a4026,0.06786307064529126
d0e536523f93f64c,0.08196697913795256
0e5ca22bcfd8c5db,0.15917934909742448
9fb1e891c08b715f,0.0426412098687251
7199fd0ada65fcc2,0.06773901649111526
2275f9dac244010e,0.04629675396862905
24e5ed05f908296f,0.06961283795838845
6cb602b86bec19a4,0.1288676847200389
9325343b0fd3d676,0.07505467877713207
644e5f81463951ba,0.09353013910138856
37046a2dda9e5889,0.07585904581357249
c7df199599dc296d,0.09488254103126087
54e463d760c0c6af,0.04699019976930961
9bde8f101bdb4095,0.09842693403723887
bc5c320666ed7ca3,0.043705982449853895
4e44d72109230bfd,0.1295482134628716
235aebae2ca0d45e,0.1572755454156012
55a1d48711c4359f,0.06901269409539937
c1ec685fcc48d91e,0.10215524677831776
a51c93906bd78ab7,0.12352142490627199
207c0a6423cf7a33,0.1116707624368892
c7693bad80c482e1,0.15371481093993727
36b92309f6e5618a,0.10076179676424216
26ee6d56130da0fc,0.16239300214965857
587c7d36156381d1,0.04593714367745122
50d432d2b52052b2,0.11848616034001198
b738afb14f60d587,0.19457988552644007
1157c08c11e901e9,0.11488645026373834
cfaea6958357ef1d,0.07069076589630471
d8b3ec80ec080d08,0.1428001048223744
809c8f80468b1337,0.12334349046602586
1bdded460bb636a5,0.26076510704727207
96cc52a1a3f13e6b,0.06736436034122836
c97a25af08369f73,0.05307498131945108
0de5d7bc5b46bdc6,0.07060444628740256
c6eca151f8576037,0.09853917671234276
7ef7f606745e05ec,0.0377637003832398
c5ea9ba7fa065f8d,0.3829592406469296
63142c0d75cf9aa4,0.0372493310098945
c396e609d01a9bcc,0.051520189514309825
7c9db70c27860a32,0.12352635979207022
8dd4bb6eda603b43,0.06904374567901278
d5eb724b5ea43bba,0.17813550874445877
e7e9bc7d5e2e5674,0.1426903749369023
24b3176d5020b612,0.16925736376705314
6fed295aff782896,0.29953023488980535
12d17a3ef6b47faa,0.16433246125695034
2c550aa9cd671368,0.04029399262387106
df00e28247baf9ff,0.13655722093608644
9449a45c9d7b914f,0.05379055397749109
9a8393310d9b352a,0.10327739081204915
e1b1b6a194b4b1d6,0.07814203938196422
7097d3e397e94525,0.057127777818209116
e3d1f895e94e8bbf,0.12796851800682435
6c46ce4b2303ecb9,0.10319986470486825
999760aff655cfad,0.04168638599393597
6d526f4593563124,0.08284072129880275
467801b5de42246d,0.12329812018856004
81c9cccf75c1503c,0.04541951351501061
bd1aa64c7a5dcc06,0.04055490879954832
df1a75c489d95957,0.043764752136367595
7e6ebb5b237b817e,0.050642006806742496
1aeecba2c7866fb9,0.11503449822792622
14269028868b89d2,0.05810300344322333
5ec456826b243dcb,0.06757883395949482
e574a546f8e193c1,0.19178902022920857
b0ce65cf243f3ae1,0.1303353784741928
8b8e8a00e6e1fdc9,0.05279667028388069
4a87b2b000e87686,0.14228383848351983
1175204fe5f8cb6b,0.06632705617417707
50a79bbfcd719a29,0.1227023422112564
0d8c215cc600c1f5,0.06950216169443102
3ceb989ec05cb0ef,0.16816022652460694
c7ea3f3ae516dbc5,0.04494047206962302
060631dc9f8845f2,0.1254652266316603
4ccc3fe421151149,0.046179406905640326
fd51240f58f2ec0a,0.038400020463329375
9bb25b00d30f4ce0,0.03265441352804412
1e633867010ad35c,0.040335326044482256
90da0c9b099080e2,0.08908642853696433
f3ba8015df41ef05,0.14356865132486393
7006c751c11cdc01,0.11790793263771586
db5b922ab7ac849c,0.07024385976619141
8ed9c5e3ceb94d30,0.08888656322356424
32bc573af0d063e6,0.05040455743202365
b6f5ace9b32140b2,0.1586720075937279
2acea7857a236b62,0.09549725599009898
2dd5886a7dff0caf,0.1291433511879021
cec7e9631578eacf,0.22694928281925544
aa1276a52bb96bae,0.15674345917017746
f90658bc8d521271,0.12150163931659888
8b65638e31a74f80,0.12660826726296218
233d4e0eb18d8449,0.17439042625186466
95e779988eaf54f9,0.108762858078558
ce033e0586a41f4e,0.06113892834965358
29007abfebc6bd71,0.12408011906740707
37555eedf932eb41,0.08397244297520637
43f0b7fdd64e4d62,0.09071172421473438
48d11190742f10b8,0.19085699775758613
54167e2d347acd9f,0.046296501182641295
adf2b2540dad8766,0.13807268040978532
aa4854b6b5329860,0.8708300941117573
371dbcc2d3dab4d7,0.08722801298544788
29fd5cd58cb38dfb,0.15463646491143312
276d786a03dacf69,0.09185025302310267
90290aaf619cb77b,0.06481653500358377
80904c6eddcf06db,0.040252158899196665
5232eeb9a1fa8f60,0.1300920292790513
6205daeed9459b81,0.058315868592281425
6b4abc5da4e3aad2,0.13417896337035526
ecce281c5f6153c3,0.15878368680905885
926feb1c20abd0b8,0.04472119973973904
64874c60d39dc86d,0.16174048777213296
1868aaf30c77d6e0,0.10898832167244846
52e964be6dd475ed,0.2527701213013937
4404ade20ca8acab,0.17338046727161469
f6bbde7cdf6430cf,0.8118147734971282
6f9ac9a8227bf174,0.23429964783923712
e4afa0c3ef07f2b8,0.06309432730178471
a85d4f04f63f1f8b,0.0568453449295205
7f3411e87c2708d7,0.10024198278182797
5be924d7d731a308,0.08372221388941273
41ea202bf96f7295,0.06673187483934276
e7d3e68c097838d3,0.21643629068942688
c21ded045b04b1d7,0.07817874207880571
a87de56d4f2dc966,0.041173027325587294
b073cc5a7d5d1fc4,0.08872242723624632
cdbbb57088163b02,0.06247808234190009
97a093dfe9e1eb64,0.24136168620233373
68aafe54d00b3081,0.11096165947649286
dca611f4099c1df7,0.0650345022706489
068c9856fb6bfd0f,0.04851371483093078
ccec2927e56ab3d2,0.03345542358081048
f4239e382087c8d0,0.1840837575956603
a37f1921e2ae64c3,0.11478997742518843
abc7d40ccad7d04c,0.044345865348042
7be1ba405f826136,0.17103360528850553
82f1ae3eff7b57d1,0.07032080938684013
64bcb6835fcb93ff,0.16845690689932646
8a7d498479d37ffe,0.09371967400787243
ddd893f6f7c67340,0.05415763756921746
63438b2313c7cb87,0.04158316865235874
