id,label
6403a3f8d07557bc,0.08242968740266558
1b1d097ff5b144e1,0.07083710287490927
08c7c3c71a02ca8a,0.15698574804716253
7f09e9039629a38a,0.09154940843391308
1fecfdee265e685f,0.15366423323103479
2b1b1ab99f54e1a7,0.09646503308773606
f893cdb025b56c89,0.13392575637213808
84466d5fc69b1dd1,0.13296609895349393
e0f419be2a81cbff,0.0652620639401111
d9e55e1259c7c29e,0.15280238548083075
602d7f4b0882ec4b,0.12160054551749931
67f2f87cc129d7da,0.13318965998329818
eec96ea0e1c9f7cf,0.034467267451685504
d85127e773ec4820,0.1274335680446106
9e96822b06b0f7f3,0.061695369495515975
c6489148a3f9498b,0.10084796088153815
ad5ca801b22a4eb2,0.039167323469938654
22e01b671e9f12bc,0.07222630464400688
4953dbf3e113fbdc,0.04560801965437994
95397470f084bc6e,0.382719481608642
ff39045f375a9792,0.05761019286751899
893575902a76b6bf,0.06045560887775287
4d9211d2b44f7d9f,0.07231712695068442
8205441451789e41,0.03328645975705692
5ade617aad761daa,0.3678325549634273
7d8bd74eaaf831a8,0.12824349651867656
3a4abb16616fb838,0.04819800613689104
6e14ae545a54ec6b,0.15582097382292714
a6d127f7b7a19a79,0.13067400176802418
e29e33c4a6eaf6fb,0.09900116983298723
42b296aec3a400d2,0.08900830518767308
238a42187f0c12de,0.06808838238374854
4c99d80ab952e272,0.13692164892416311
ef909ea8db65784b,0.1212396813657449
53283f9869842cd5,0.18395707303252565
fa99ef0b96b51157,0.12019553498349497
3cdaa31c37582a6d,0.17752552138193067
e007009eea08f15e,0.08909041518919067
e46769b586a6b83b,0.14630441107534864
c77497b63a864028,0.06212548390655585
bceeb0086c625fac,0.044583314242155066
5abf8e5791e5fa94,0.20051877603996476
0b7d89ea3694651f,0.1359947270840528
ce60477eea0a9007,0.19901649302890073
847baeeadbaba41a,0.08021951934788527
aefefeee7da6b616,0.144025530988526
321cc4b04985f915,0.09231105840181167
590cfafdd102ec19,0.1048813097026789
0a3027ad8dd82438,0.052411101744244765
01e58c9ae88cd390,0.051403643724669525
8f5eb2d903aad722,0.06560255205026905
3f1b90f008fcd5d0,0.15549585069111715
9e55098b34909114,0.14498612585194137
ed3723d6f0b305ec,0.11383688127815252
e1d77367315c8c64,0.0744088760308782
b97a34687794c3cc,0.04096467021402728
2d9a8bda25c031b1,0.04813287178530494
367427e76fbb967a,0.1143448974088115
2d1de7cf3363aa2c,0.050914167801944396
d69cf5bc1f0112f9,0.04351376364599016
2a75c552e6a0103c,0.15805133668285204
943114c642b7e30a,0.06015995090056142
5f4258edf6c1b382,0.05132548626623692
ff0a817eba03cc6b,0.13475600199334625
c77fe2a4fb942f02,0.15413945649921892
df587d726667a5fb,0.12382002034623721
8c09d6fdeb48dfe5,0.045103872735221706
564e16bfb829c7a8,0.03689855830813721
e592482dff2b62bb,0.04034393404166982
33319a7020313788,0.13026050363369537
4700a73d634e28f5,0.19544844301880476
e5d9aee597bb4052,0.06917235848364713
b93533776029ab4e,0.20602896196650955
e9274894e7ca5d48,0.030331205591434728
37e126228f093cb2,0.05487043732670639
ee5e8daf19a62436,0.19370745412089313
5c2af7cb33fcb9b8,0.0909133794448129
dd6cf914fd458758,0.04570609486903935
7943edf1ba3d08c4,0.058419272393930105
50dccf68b6d84c9a,0.061518162602743204
71b1d024ea8e0791,0.08613613346145595
a8ccfbc903739855,0.05175000156229118
bbf9130a10bb2e61,0.040641554131878116
41a2cd1fb3af1f62,0.0923066946986967
e5b00c5e94bb1efc,0.1001139522219766
8a2951b875e32f95,0.04583340340908325
4b4241c32f2ae2c3,0.0588691918780409
8beed49416c057b7,0.0700944245715262
1cc185c7cde5f29e,0.1513537049375362
635d0e269bd151c8,0.03609443233757645
9eb98f9a7202dfe8,0.03922500407778391
c224615f7e3ecda9,0.04319717944254592
f93a14286735bede,0.06751097574995882
c118092c44e808f2,0.13189956652974277
0972b7359cd12fb8,0.03436210151511434
22318b12ec6eb14f,0.1399998826774143
9c92d4068021c258,0.17415157871005071
053aaf6bcba9464c,0.07588163770640359
966f0341c7d1f5bb,0.06133135246875466
624826d8d4f7d476,0.0722889023085152
250e83ae550b1992,0.2208744554612292
9ff420d30b835836,0.12798297308338014
f74cb9754e9ea82c,0.08874655760075584
8ab5a2752e698725,0.04577903596768726
56957aca1f34dcea,0.12465531220545834
a6c0cf21bf0a1be2,0.03009629087832985
427e6266110ac72a,0.17860940573124134
7b84fe626f3ebccc,0.1336751015160635
6abd9ee5808aa267,0.060245918212107896
15aaf86082111e4c,0.14339423683951064
afb1bcdc94b9bce3,0.03417241720771233
93a337e7b4fedfd4,0.08632551057611763
cddee4f1517d9dd4,0.08701359625866269
755140c7bd8e7223,0.09919153170909495
0ae88cec371ee0f0,0.03784897706024999
08a9f02754051fc8,0.1828927295180277
4bab179b9218d454,0.07623156579451397
2af9aad0b831d3ec,0.03527078175147164
7d330fd87e35ee09,0.10060118209325092
d79f0de699294b3b,0.12912307315970162
652a8c0826eb2609,0.11112005580984413
2ae2ef63a2565c3d,0.14568790949693677
1bcffad3764f7c4a,0.0685340752068195
707e78f41fd82174,0.04975119927333133
e4824a55ce76b702,0.04261932577476173
993182bb80730c31,0.1078882382308764
dd67c105d030f636,0.1387265315078185
3dc4dceeeecb58eb,0.12871464856218073
90a67d119116b976,0.1319745185398563
a483f8d40e026f5d,0.03644852752208802
3d24648e710fafb4,0.06045089237537087
9104c44e8910b122,0.04383522923942493
47b77ad7aec9f1dd,0.05682396239767315
a66cc4155a0edaca,0.10918525643218807
1f4dcc29503e1a4d,0.102910782590315
0a295834d6044914,0.06095827866805623
bdce8615df21ee2f,0.035137076878147266
694b4d3b1ed04c61,0.042983495439291766
ffd75ff5c92f624d,0.11693501542331805
717e992041e77d9a,0.12789270115491144
eb5157274916100f,0.1257145431164436
b77c5c610fc74da8,0.04624083576160341
41d2ba14e653bbad,0.1251308171546131
f2b612c9be07aabe,0.09876836528596328
3451e892c310a998,0.07806020015113
2ab24c04722d8bf6,0.05169307084493702
38ded7c17115e7e6,0.17596623935095415
afed8219aa70efeb,0.08551737046394657
1e9c4d7d2de01fba,0.10453772113271825
c1bda90e9a3b9ec3,0.07706714595027098
d406fda410e7c177,0.1897802550037529
f49753bbcfabdaff,0.08923365635957127
4daee2e232e58a56,0.19148964120973033
858a9c1611f558cb,0.0916103051900222
05b0a9e8b1444d99,0.0794121327151539
8b2ac5da79a42e4a,0.16355634703239927
222fc0675ea28b67,0.0456202560608133
77cb5f88dff15921,0.10024507577139649
947d5752d88dc00c,0.20205758021866504
309a531dddebb471,0.1506217932694586
7e5f9d7d0cdf5a81,0.0438101510736823
6dfe2ff41e67b01d,0.07664985366065521
9a51f7696f388499,0.08436134739379082
9c5cb5a9b9b2b4cb,0.14497298501641523
bc7e89abddb2aa54,0.6814270118616363
5d3eff0bafcd186f,0.13531664739479338
d592e9d5579075d5,0.05970043223105165
475f765f9fa22959,0.15432221363605078
71d36204d6040aaa,0.13818977874164595
78119b8ffb9aa8ab,0.04679469881152194
09d1e9b9b858fe18,0.12682699205141695
ba5f5f59e3b0b755,0.15303619463006862
3b7344f40bf64734,0.09754839479043945
1f72c876a5e3738a,0.1240380547267701
86262f7438a90d1d,0.08753355559837969
3f6e10ed3e6a6303,0.22349795305456202
ada42e94aae1a58f,0.1575917141985189
b5320e4cd134414b,0.09758743252317187
ef83ac91e80ddd9d,0.07094898481643161
b8a457f0c9f14bef,0.07637124783234998
74947cda3decdbb1,0.09417340933959092
a39392c735bde1ac,0.07867870407228196
afb321701a74d5b0,0.04328244585851364
df401b9701e04299,0.05376401958188075
c9b67772b4c4f44b,0.14981733843291223
b5665177cd7b6c5d,0.02978882548395026
1d621e5fa6b0c45f,0.06914111288817039
2d595ec6f4c2524c,0.07745890963277227
6a96a53512d24696,0.05568537607977503
b3a68808640b25da,0.04375196883973387
cd9f2b2346e70af7,0.05400257472526763
d78d162e0d903e67,0.1668365587497967
512b0444982361f4,0.15606284439082357
36f4f9a58e05409e,0.058223047859861
e4b4fc878504822b,0.09684528940028331
d2c6c32ea3387653,0.03658260330413875
62d5596d1fe892ad,0.1799528190430124
8756eb85074bbf32,0.0488748268746339
9120f37fb674d8d5,0.08927888679826348
ad529a51765d4ec3,0.05826547462647783
f5e98c69a45e4a76,0.15511484294787398
4e8ecc5a6ef67336,0.08467791750425918
e26f37d892f837e3,0.13777075068385553
377bd33e8a9d5e7b,0.07021319856660918
7277e822016a05a5,0.14039784599119257
94fed9a4092a19bd,0.09333872464394077
28d304cf97ca614c,0.11748853910838405
5a5195df47e373d6,0.04028480754919743
ebc9acfa1d364336,0.04204428465172633
5d76c6de5ee62843,0.10416374726361252
511d1dd15e99184d,0.11058487657376086
b6d744f202fb4a14,0.12161778638825754
43c3e8abee7ceeda,0.11910207306899748
41afcd725afd0bb9,0.0944942413755755
bd4f0c1a61da90cc,0.2570200217388579
ac5e8e6812e3a526,0.12656719041000825
61843635f4d407cc,0.14891146283926635
d643d4e6d84db59f,0.13305914753185033
5c0b8bce49a0a773,0.14755069945381066
7c6020b2e5dae41a,0.1128727905295849
4a6f26c4ccfa8a2a,0.05392075613093579
f5ff436197b8129d,0.09732665093954677
27b8587241bf56d8,0.0679252930689975
a198a7b963854e6e,0.04167472915531896
8661667952751501,0.1495697594270183
282a1321ef8c1306,0.08658346792717296
db3dd0b21b03ce9e,0.1189533421577436
3bdc9a83d65a78f8,0.10966927342345043
2983651d59dfaedd,0.14053361834026193
ba2be23d69668658,0.052291567365016015
89d58eb00d13e4fd,0.06439874002268908
d2caeec36f4769a6,0.0819953602831881
dc23c7fae5f57288,0.06431382821236128
c6e284593c89d176,0.12517374851231558
523464c4f48eb02d,0.20388469672490184
cc7624fbfc77736e,0.15811248231470826
6b0c371df7cfc676,0.1035209231023762
986e8a5497d243a9,0.17306913033959304
0880ed3a1a77013a,0.12609790599273452
791d60ceeffd7ccc,0.207135636325396
1fb2b452cb819b3a,0.15298364827279473
6e683e5731d8aac7,0.10130519740001856
d752f92de2b858c1,0.06240798461945049
91654f6c88bcc480,0.06611227918649173
308caeebcc6bc059,0.07096786113635725
0a092e2b8c9c06c5,0.11138777195729363
e29749c7cbb0ef48,0.04501053096879318
02521319f8872bf9,0.04248233368711612
f699494da66c4efe,0.10367940300358913
060f874ec99eadc4,0.08527180675776859
1a2ea8a74fd54c2b,0.09593391669594772
a98b83e132c75465,0.041737852250007444
0fe8ca7c247fab07,0.11151395224778762
c8d9bcea59632f23,0.10932294563409992
0ab0d9c2a040f32e,0.04641741259320945
a03fc647d8141fd3,0.185743731701191
1036e1cd53a850ec,0.04906919956276369
519d3f96c9895253,0.04143950407688306
28df6bdb66f8e09b,0.21225907401665012
89713786047cfd0e,0.10301474537034984
6389830954a0227d,0.08918424010829579
8a5f2d2c5004dead,0.04593180748608584
19d4cd44aecb29c7,0.10376317585938548
2ed9718fa269e456,0.10030562152095765
31d0832c9b203b46,0.07538254247366138
e21b68ce26bfc500,0.12185141454480315
cf8783ddc0b9bf95,0.03149516821068319
fcd44919c1b3f412,0.15001667147580017
c6e50665e7bf8738,0.09347255171648776
ce0179fa676d128e,0.2289649419567979
423e064e247fe04c,0.1436910513224008
0ebb4ab2c338fde0,0.10172401260227154
37337cc831e40a2d,0.11542801434830843
04eb53517170d936,0.07427622486829248
dac684a7b8635061,0.07860953073191293
a2f354d17d1431d3,0.10528774087346604
8a42e6579214e167,0.09175565098907416
c35d24cd26008161,0.10261510126825699
077789ab8d103e29,0.10289613451157445
5deb9f3705c67be7,0.11762841193806528
dc531f502bccc4fd,0.09706726863549286
ab4b4d6c12291a2a,0.07618832852376684
47b284804faf97e4,0.10264442803594465
d46bd1fa92be695e,0.0448776356250872
11c536ec56a47156,0.048928009677673044
d5bd7d0c4a297748,0.036148339635503624
d30e6ef239a13f14,0.14032817542566817
8be010237b513256,0.15590843107828245
e3ed18d3d53d8aed,0.06792880629234338
a9f5c2f8c5922e10,0.1702760595216946
05a75c012be2ab6b,0.23864762793129302
a068617fc089ad48,0.0974973453352389
687932e8fcf71376,0.04627710834288068
fedeffd4ef29f976,0.05258112389010956
5d3e23d9b2256c27,0.0724867531352609
c6544d7502deea99,0.059346970140154665
096cba9bc78d7637,0.1600877731685686
76b587348b5c4d59,0.13124899797173328
62185555ed060f0b,0.09127011990821207
b538966eb4ce164f,0.032260105272811056
8dfc12a6712b0903,0.14302919026643388
3ab52adc4b1c1768,0.05726912112166628
463847f9a1f414b6,0.12558374985124043
e93e14d11fc793e7,0.04570836556026885
2cd7ea4ff0b97ed6,0.0961729691261365
3cf1ec0a8c671d61,0.044888046232911205
e39df281ee7e153e,0.04066487553923377
272a6816ce2c7c9d,0.07721162623621358
f56230f889018c95,0.1522113331033484
4119f28f6d4d40eb,0.11482373535346202
3e744e15c1c6600a,0.09754681093278898
7975b8ce43d7163f,0.11619958873039825
76519a1ae0dba3b0,0.08840472086930601
6f6aca7dc35afbbe,0.0660323652287822
658aa810bdae773d,0.2817532633368388
41c3618b9180e8e2,0.08048475934566329
7cd53693b2b3a4b3,0.05727770255957926
a450a4bce9f2cac2,0.12906181206520087
05bd9ec45ff54b8b,0.04055033878878565
0d67ef8a9dd3249f,0.12176655950400125
514cfc846a144390,0.11596549258646888
2856a2a0114ba55e,0.1504643562493835
ebe02c0b1c116ac9,0.05382994355772754
cc31cb4421bd54a5,0.12101555616793157
d63593c7bd5f72a9,0.13900682141546802
962b8c33b5be069b,0.0505920426393897
40e508ceed1116f3,0.06114540911500742
668eca9c4cdf1507,0.1411158174342627
c15735bac7d4e6bd,0.04980661357465839
09d2cd5ccb05a325,0.07821078681900873
71ed58a8f5d479e3,0.14387554659715845
56fd1ce474cc243a,0.1717892299347325
4c4fc4fe6dea340b,0.1604614320428664
68fcea284ddff8ff,0.13372061866479243
8913329e85f873f7,0.11054031534288425
7a210b4ff6c29678,0.11796799136776348
91bd2a01c0384263,0.16295653813512212
14e4e31c9bd8d90b,0.04371469426761685
410f92d0f317cc8e,0.10526597699543377
780cd523f303a8ba,0.06927181181218581
77ae2af1842fa5b4,0.07857319393446599
eebeb3dc997eab87,0.12581087126343013
fa6c4d5205fdd5db,0.21396572090340288
f1798e22aeb3b385,0.2886496342617616
8af0df5286089649,0.09453310171307261
6e224e4033db63b7,0.03757125193151857
b8624ae03bb7e7d7,0.04673313670092061
52ca2f9cf118011b,0.34451328780860774
52c5dee14f8320fc,0.11425555830266441
43a4ed5577b3346d,0.12934359132097686
332563e196c7a1ee,0.21197291716489958
cc4b32b77225218c,0.11355829770273806
0b34a503e14e5271,0.18680158439479871
33100c4fe51f7435,0.1086325664760846
6de5ffe2b6664d73,0.04583157491532308
ba39076152cb0ee3,0.09415861722565884
aed179ff9c81f4f1,0.03979395406469209
ea1a9bf792fb6a7e,0.05040675222463567
2f06ce2d10fe3866,0.1201825714151751
11855575a4718674,0.07653345383236196
06d39de4f0e13f3b,0.1014095285756984
5fd7c68abce444af,0.1384685352435811
d464bbc0a2f6ec7f,0.174365050871572
86a7d5c47fa116f8,0.03902733632656093
a260e587d0fd3fdc,0.2139765900750236
6c07a18d9f02a585,0.1862538429488534
8fd3d88e27ef7240,0.0651484173643702
80dd9757384d7ae3,0.0725303057925675
00a0f9038422aeb4,0.10967077208259063
dd38ea8c63c0a90b,0.09783279147597797
e23a165731b18098,0.18741740818911337
9bef89bb8b6e707d,0.038754873754634496
db5779805bc9128a,0.20784404491627265
13c6185147e496ca,0.2185728996792355
c23ad10e1020a370,0.07976093448055291
cdc252e1304b3741,0.06014467636898847
c9866843a2ca38c5,0.09431830574100955
1193dd7feb2e1c1f,0.03662952674475377
145626c411263ea0,0.07071229565830238
b2bb6e4261a0a280,0.22691920503353277
ce6c9830339e8d23,0.11895727319979477
e5a315b7bb844af6,0.12914639095340488
d85cacbda54cea30,0.07511574158123131
ec609eb2e4100b33,0.1438343541732171
0d785515807808bd,0.1428323470026473
6bcfa2aeebd0236f,0.06329899605301029
9ed83fa2f828fbc3,0.043427381370677046
f596ac3c62688ee6,0.17254309778505844
654c4ca75e7a6d56,0.1189818326348483
162146e83243572d,0.13876141143824178
9878dbf0860838fa,0.11325398419956079
332ca627787dd758,0.1609087716997559
679ad425e74f2477,0.06079540650539075
df5a276859dd4308,0.1351475183845306
e1f7d0ae0443184d,0.1338731765131343
a6434286f4234aba,0.1441837555189717
3351a9314dfcaa5e,0.03701803759749224
e19b22778dcddf3d,0.07675577095112324
a98a59904fcba403,0.09053072510441018
efe47bc01bf23b67,0.09435319604050865
a1a862c811a320f0,0.08256692682354136
bdef7203033a959e,0.12753974588862252
0fa3fd428635e63e,0.05885454701164839
8ed23ba67702fe54,0.19501808579487664
ece14f4f1731d91c,0.15927308714135466
ca20fb73d0c544ac,0.0621133768408946
927bbcf7fa67bfb8,0.14633203098024328
deffe32d78bf8a82,0.11041455330282116
319944ea096b3a65,0.05080248187599114
19bd6f94f36d44a1,0.07757359314952161
6e7447b72d462201,0.0681188220855938
be6959210f99dd41,0.23380724415080867
bc1a4abb3dbcab55,0.0739744830128878
41032395ff67eef0,0.1827586630667706
2b4004b2678cf0a1,0.07891911238594561
469658e2c6728fd1,0.07878098383317789
e67a54cb89e72744,0.04726115692387588
0a1aa269dba98abf,0.07353482218047959
746e977975fa2166,0.03432420028384936
ca51e1b6ef04fd43,0.07501853952480039
dd96408688197b1f,0.1227180319242205
23b5530f05f1d9e5,0.14081243234747126
da29e21770225527,0.06919727505941325
adb83a06bb93e782,0.05071493804372149
0e4d2b4f26be08db,0.16101136091102186
6ece7a74dc7701ed,0.03790059912037148
e5306d42c50fcc55,0.04736035178078249
4381dd659292aa24,0.06548989294530566
e31ebedf532c25cb,0.07624311312305475
853b98dd483b98b9,0.06918057841206902
2e54b76182ee44e1,0.12843308250957158
338f6834e70af5fa,0.032928649857143444
b5abaa739dbebcbc,0.1400762019482611
5a8bb8464a290761,0.1335881651988538
f0e90b285061c449,0.044711617519015354
e66581f055ee3b78,0.13278908696104574
0a21004c4d12a011,0.07000795752212066
04cee8b938d82d19,0.04954759972311945
c2eb2ef42ef59006,0.09854935760692274
4db76ad147f6dde7,0.10515692653641658
388d2efe55423a29,0.19880918071648088
b9875250f7ce8623,0.13085775710913128
e354d93aaeda004f,0.2864568885263482
39e7b31ad6490a4b,0.1104391955018765
a31878efea02ed42,0.0681907251554684
4db06f2609831909,0.11399689003288101
e23ceacf623bf244,0.1066697499561296
5b30a3dce1e3fc54,0.17949048780189392
9b09b933e5488d29,0.10301872813203886
64f0282d10422cde,0.058224100471339905
d171c9bf0e731793,0.09039898209451658
699a9d5c734b80f3,0.08838076326535374
79281527b5fd74b9,0.0631188936320857
63b9f2af8362641a,0.116752152251445
8e20990222b8b1d1,0.09773644142556966
cbfad4f1f811ddcf,0.13878115159603002
a6dde1511fe8d47d,0.055367489574274564
54e8815e9966bb51,0.21768434650183033
cda24d31d8c08104,0.116653123675275
2e41b0e18fd08067,0.044853281725544425
6e8f4f5c6e28c26a,0.13777692237394756
1f4157812e2bb339,0.12428227554410576
c2d3133094dc0fad,0.0327529344189398
e7e2da8351240636,0.07339140840395302
ef2946985749757f,0.054218103108280874
ae735efdf3a84f05,0.13756698471104717
8a459d7c2b588a93,0.17314225967968963
df0d35696f4b164e,0.09713743028672871
8f745cf8cd93face,0.041234248775981475
7aef10c8e6aae208,0.04768820884551331
706e881832fde05c,0.19285860247114792
03a6674f904defe8,0.06895832068173788
f00500b8110dde92,0.14821942603220908
1475216e327695c5,0.14385702976641943
3fc20688817559fa,0.035432456948662136
70df3ece5d814a70,0.04827228666355776
bcf591e552b3ba82,0.03049232491138651
a04e514a6ca8156d,0.17399383552029196
f83e082f10dc4f9a,0.04133222423914322
21a0898a3f0c502a,0.05410254891088243
c9afe9c2efa6168d,0.050072776157699755
9423152627c5de85,0.13140148913519395
fc5761df1ee97d2a,0.061211423553115304
b51c1517f2b27082,0.06617226295310333
966bd6f4b801db6c,0.1468822762504487
c39f09a3a7ee5d1a,0.12233102924638081
cd4ab667a784a10d,0.17799747865659787
053911f801591901,0.11648301042833806
4c12cd87dc745584,0.13553593405647846
f0c4df4801e5dd7b,0.04318930731646744
1cdb9e6374b25c46,0.042100408229543904
55a04d93184e2087,0.12510785468566782
b0259adc08c321ab,0.0752601838282824
3ebefad692cdc413,0.06360717771187524
83d05a33f78392ef,0.061402014603559
57e746a1c420f866,0.14695754511446527
7086b53e09fe17c0,0.1305574234141164
2cefa5982f1e5321,0.1042822483896464
c4a61e6a8fa1704b,0.11480663757772641
cf3db8bd220d5bdf,0.13025827937428797
75c651d11c0a0337,0.03753582896901202
10dca6cd4d946194,0.09073158406540503
316d771ed9f0b6a1,0.08317758686979725
ef64650ddba7c539,0.04297367820016793
721f58982ee85da8,0.13909644895940151
e8f08bd5b06f41ef,0.03322805972380473
8c2e815ac865660d,0.1443720147640583
8191fefedc6afd32,0.048441120097462285
15c9fc425aed1fd5,0.11352441536735047
52f896a602e74ef9,0.15881751642535236
c8a94bf1f874596b,0.092895738665153
64024839f91aaea9,0.1306198505636045
23a06e4e391dfcaf,0.1093987797332438
76fc88367fd4b329,0.038158336259525215
e7ffd70d1007bf31,0.06355899657723584
4df67b2b4764df2b,0.2531577448369916
5e23b5ebcc3c7201,0.16526616756173745
97c325c9980b0ab2,0.04593301134444722
3c8bace911db4b05,0.16098581237192439
d3af2a4f1b0513ef,0.11412586084005183
8a66145d22484a10,0.14815772166883737
f501884aa3b0a2bf,0.03879073803653363
21f8710a682b6ca8,0.09058494973316641
67addba46911ef5a,0.1596825928049582
cd5a8d124051f2a9,0.13905017384741664
a1acde423d140030,0.03624570816809412
6284cf5236839f36,0.10085652735888448
37f720257a8a7a33,0.14785130086096626
acc257668dc46b34,0.1411183498168565
23424057c8458694,0.06752472539219675
418a7b8fddf172d2,0.23837226226253436
dc356b2589e04c87,0.15358984932652697
f64eef65821a8f3e,0.06701540904034732
9fce647d5b47563a,0.2283228786380928
52f9976ea5b478fc,0.037549840116864505
d240c91989c04146,0.16911792540159176
47ef036d29375b9b,0.19050292075328712
8808a12bef546809,0.07461282087094263
d3a20f2bcf2db8fe,0.10499628763854735
a451d8e451fac918,0.060452231264075736
9826735b01a08344,0.07597864947415632
c4a29152e2eacc8a,0.03432978525343934
631690ed30cc1631,0.20514189684679146
d84d8a6e6ca5eec8,0.04342055802572066
efbafec85fb00cc9,0.1997500303606724
24556c1044963c8b,0.18256875636102401
5dfe6e2137dc82e7,0.04304097899468631
b2400c3aa22283d6,0.06360857170539055
71602580e012f168,0.12916566730816262
cf01eb3e54442236,0.03653814889819988
1a07d25426f87edf,0.0955032836134144
13b3d3fe65bea413,0.06646376346194927
059edd840763fd81,0.1579931378541048
48288e044d74e7cd,0.11912700899071353
add068ffe0671cf6,0.04693487533837551
c99de47efecac792,0.12985127355379278
11cef543afe62f88,0.06933199800322731
e512156389905eec,0.05438792983415296
138703e658867a2c,0.13441227995213012
454c3092e6edd433,0.03552443807197134
dd957118652b5ed5,0.14238030086065245
af01fa5eafb4602a,0.06415892344782519
7bffcfd2a9da1725,0.15316103187338292
24f3f1ab071df78b,0.050892509997777904
3ec7c9ebab0a4a2f,0.15936778499358467
3c1d10f4646f69fa,0.06425027261693976
9c5f959e1195fc54,0.040788115625202126
cda81aae0a16f97a,0.10520949512664024
2bf6c949fa0b6053,0.10833733638499429
546683ea9e5995f2,0.1203630701268148
c4563254d849a8c2,0.08865791587973189
e9e85a92d9ed5065,0.07407669743776656
fc9fd5a085f168e9,0.10879713863499971
54049d409156afd1,0.16223780514026628
e4c0d5c0b9045e4b,0.1293512001628138
058f290d4016fd11,0.059004522617657554
e14cd74f951c3910,0.056981613892528205
05018e18dc83e13e,0.2953974394354671
763ff25fb3a65368,0.04858298147138354
eb5cf6bf7c8b4e5a,0.13500217092026
013351fb7667dab2,0.0971986737576971
e08181f896cfb680,0.061314742529279695
e65d39ec9e3de422,0.14253239425132086
9cf499aa7626f14a,0.0829698240419819
f203a5ba78b7389f,0.11205845404582507
8ea386546c0f8c96,0.2041811092917217
0391f48a6955106e,0.038070298068057576
d2f70a0377eebc5c,0.04786946768845118
b96e54496b6a6713,0.11595112438313293
1ecd7d7fc32cc874,0.11438502669875829
a91fae320445e22f,0.045873518078461795
7f7f8d9e95bc3227,0.14152986268701967
8ed9c9b27ed7229d,0.07576454309736155
19862b4c0d2f34b9,0.07487358621021362
e5b1c6b3822addb0,0.1176500677624139
191edcd8d76cb951,0.31402073134608227
6b08a1554cdf28c8,0.049551120217394315
706610ca333da138,0.09936399763357062
5cb5f8466022eb46,0.1221538145415868
acb3a526d9921b55,0.06995320533781846
947db252e781ab55,0.08905893687722276
e94881433d15d819,0.04673979737374699
34439005f71e07fd,0.11242595666667121
989a2593307d72e3,0.10190591348279644
ec8f1d04cffddc96,0.10632413687594855
11dd5f5d722fb0e0,0.12184954049111875
d6738bf320835a10,0.07018341655363305
025b09a306181a55,0.09902650625841633
e5e3f5fbf93a1918,0.12714993352854692
2d60731de40ca5ec,0.06325022014014202
96789dc76cce8bb4,0.1264182100296192
e04c2f21eb86c30b,0.048397686996648315
eb4f7827e27f3e50,0.8685380649414307
c72cafb3b0ed2058,0.04172082489604272
38e789ce64afac4f,0.10752475502535674
961a36d1522e6ffe,0.07273116701359267
d915888ab3fe3241,0.0942934159471773
6d047ff0d07fd1a2,0.07131222655542968
96212cff04501fdf,0.12787046363635482
6cb30ccf0384596a,0.15167558181867455
1878cf5a842e6727,0.10855974278443911
47adc8c9afbd6fad,0.052098305210352455
bcecb579dcba782a,0.06537405992740293
24fe0dc9ab19be83,0.035934307074999366
d56cbf99a17acafd,0.07385570887197729
5caed519a777c666,0.046111371871435144
de3dd7a6a4564414,0.13574496129505825
3ddc28164f664050,0.07482280540441785
45693136342888df,0.03879145267663958
143c3caf6eb25742,0.0941280742816531
9295c919e27237a6,0.07803126064351656
0dc756a818dc5d9e,0.11956025958962545
67a0ca3f82ae78c6,0.048080142777408484
cbd51c3558265f5b,0.07561400661603025
b6df5050c31c7287,0.059184310438772716
73f20d006cfc47e6,0.06929442919413054
2de69b9443d4fc52,0.06200810916879117
1ea20c09b6c79a3d,0.08289898176432023
ea1427791f675329,0.10694733246679342
cd6c9a86e5c13535,0.13832358642776332
fe03f010fd99f729,0.18761492206675073
3cac934a5e569272,0.1276707542125321
1f9c8c5a31c38592,0.08122928212175907
325d3152d318ac6a,0.0723304846855378
c796149ae059bd36,0.14423569636387842
139b95acad0d8500,0.0373176327785873
ef8ca6e1ad6cbc40,0.13803269333341017
738b1f5edad8bc5e,0.03301104713316452
00b5753c64f3aa5e,0.14559353124649546
7509e02d19e2f87e,0.03626122529470855
a85aa8068fa925c9,0.14798429217046083
f8ff744430f73aa6,0.1272827786904576
4106129a02383134,0.042678245848749075
3be6495b6e47bbe8,0.10244255936661098
d58d8cb98c5344c3,0.07225884680917097
72c32db073874592,0.06631812200943049
b33541a9535d3cb6,0.1070813686582974
f117d4aad78b524a,0.08516908156317447
5e48da846d46eabc,0.15068396642610216
b0b266000f2d6b03,0.14283227147762645
2aa63d23f11f3aa0,0.04212204216871497
7ca15ff99bdc719f,0.07014036507923241
286e550605b2d970,0.03788067811407664
140d123f8919309f,0.14139345601999448
5406d7c0119b8b77,0.11615060695073817
feb8f158efc528af,0.125927922946151
20e9295f7f1b6809,0.0783837694909317
8c67df2b06a8af30,0.09409101454967907
0b5100f2d589252d,0.13900695121699602
a7dff4879e1f2c8f,0.17728049023416287
6b9c17dec469153c,0.1483366390666338
b064e718f3825ae0,0.037794712587925536
633aa423117b483a,0.06317424622166168
2bd2dc8cda610b2b,0.13021562905998618
16b4f1b4b30d7a5f,0.18797339138455682
7ce520db2bb5b181,0.13585890828745031
359fc18aad246386,0.10197364305415334
4040467f440a4681,0.08523724346160787
ba27a17c66a28567,0.10561490698045764
5e4bef63f0b3974c,0.13199256503197904
849863283a0793dc,0.12345532171044882
aa9c499ad44baf78,0.12080563497843727
a3fd494842016ae7,0.10820588396329098
5f079c78614b8a83,0.18474409288949856
7420f14669961a6a,0.15286676394580256
0a083c164a874ea9,0.050132332326003
396f04d4bed14a3c,0.11401121444194881
bda29126d66debaf,0.06719993324869905
8d5ece395c6a6b60,0.10685273554307503
9ea22d08386ce3ae,0.04496212623029641
1a277b47ca192cc3,0.04616601260776688
5534d1ac3ad47ca1,0.09948877605955916
164e32a2b96ed3eb,0.13801437924987797
cdea1d25f481df1c,0.05156935604867703
37e1f37cd163cc12,0.1747969293913968
4f896e74ddfe48f5,0.09114503165689242
ec881c0b42489ba6,0.09127782733576778
6cbbc142e3b6532d,0.060567946902284196
af58eeb2cce1b1d8,0.04604454453861546
3792b407d3147240,0.08289005883977522
44abea18902dcc6f,0.06092328836405164
f174b76e8c589bc7,0.09198136696249687
d5cb1d76e26e865f,0.17745552467157694
c953fc1a52b6d2ae,0.1300128388969227
dd9860c103eaa486,0.04362859714750164
1a338e9358b4b71c,0.030540083241873163
28a055a15e2bee63,0.0982415243252232
d810129e88130889,0.09233859209360201
20b2f55f0ebfeb9c,0.08930028631408603
2dbfb79bb9d5d576,0.18418703288576033
a4f168601004a705,0.08802239453380686
7419f46f112678b9,0.14022129942974
7d0ff708b6d6752f,0.16770847058959626
cbb85fa489a893cf,0.038628301766414
c46a723fbfa594f7,0.0756080378854816
2104390897549457,0.08825339692385968
75c276f7d0f29aa9,0.20932521813241678
01a679a23b212287,0.16424196658751594
6cc58651b88eadb4,0.06991058974841494
14cf1ac65f8ca02b,0.03938360089684835
2a5d42d92966192f,0.05521128625870639
2010478948b9aef8,0.08391446826505755
31542ae607bdb59f,0.13041362800575312
783c99f058bdb723,0.07332178792186246
8e49ec786a6d5abd,0.11019181068080808
d2b9a740ddba79a2,0.044627701791551455
47c1231311a7aaaf,0.0919377316183242
c7937d0c63ca6a92,0.10683386872398065
64628bdb8224fe18,0.050242897434652406
49cbb2ff9274a4cd,0.04050388199802348
a4dbc0e728a780d5,0.16097547854722455
54a5b82f046318b5,0.15166428001118956
daa0b6896a1749ca,0.05424391941753233
4a251ebb1de72153,0.17007806642976925
edc7eab7534ce904,0.08688624954404889
0d31a18c31d12329,0.16386916107285351
ef643ea0ac629b95,0.08817363375845347
39049e24be5a4306,0.22038016273362943
f41fb0591a5b1902,0.04997831972327556
ef3add49907eb895,0.056928213349536405
3c80e6a34fb3e4ce,0.1463890504510289
681bbfb8c5372f79,0.14076790599654493
007f4be9a3f6e89f,0.04918004280478702
25144a9b2bed9be3,0.1228096208031147
61233f40c0cdaa2b,0.06423107348604473
73a058838f6b7f2a,0.2046508260911937
cbc20660739af678,0.22090855098428192
8fc723bf625337ee,0.14247347926610188
3ba49bd9e60f519a,0.051988268507443064
6a3b3033fdfe94b2,0.09946135966937061
c8ed653c9f871795,0.13585089895624833
2f6d48d7acb127aa,0.11507839069518155
92ff64a44efeaa6d,0.06214652432923991
d7169f20999bc93f,0.44781030856900017
53604f2aaf701357,0.11309486463383506
a7001845bc2108a4,0.14095771008162558
e1c8d84bbb8add74,0.04318602904630772
0b6ec467b5610434,0.055408142996569765
8ac52d2ec127a096,0.0740135079071713
b10baee15fb9d01e,0.15122194080586748
221ebe5d40d467ff,0.1281825481732937
4fe55b114acc6ade,0.08330527322336315
d8482a667d8a69cf,0.038487550560868306
53ade36e2a1b1e97,0.1623076827537034
23415b9cfe9e209c,0.11220386616834874
280c7808d94b9763,0.14043806981232787
de5885c6a7c6423d,0.19292736982645972
38de0e8716fdf6cc,0.08439451692689864
55bc25143589b254,0.13414943974411753
957e73c37d447545,0.0511407097458929
af84b2641d1c74b3,0.06186679417149089
e7be7f3fe2a831bb,0.037424232187880616
841f7e8235380174,0.24714890306266502
63d88f28c2a5df22,0.1468367802113349
8dad4fd4df5c221c,0.14174224874752817
3572ebf75eb17942,0.10151938589245033
25a1a550572c1f93,0.04362454564533449
6ae06440fe74b44d,0.1909077873096044
b4bf088ea90582b9,0.08528489955794052
6b9449d16e81079b,0.052929885612534394
4ff7c9e8a089b94d,0.11860894065802963
aa5c5648b80a1a3a,0.0996998983843071
5dc1f3d49bbbe4c7,0.12353157742991
99546cb325e5dc06,0.1441580096248105
220c843637482425,0.10734816532798046
6608fca5b64d440e,0.15201897238850373
f29988dc0a3c0243,0.12029750343062381
51058b99b395787f,0.052731985863221954
ed1bbe11677f7bca,0.08328664507779146
9f9b85620fbc0cf4,0.06528733553900457
8aaeef3315304e45,0.07923895411898645
5d92173cdb00c0c4,0.08198707019120005
acbcfbef3b1946c1,0.03609611924121964
73cb612fe6d23320,0.156650227510055
4216594871a36761,0.04175471526613259
1c2bf4927779574e,0.1751142704654987
1498d0dff1fb5394,0.05709857845232107
53f47e8f08b91aad,0.08353505024057234
c4229a0ce07e83b9,0.040607392647981445
bf61a06ee47b2027,0.039749230703214566
8aef635fd1b3a740,0.04286939457880544
0f6a8a20e3587b09,0.0447614851558774
75d7914477c996b1,0.06278896034271404
7b1790935e6cb838,0.03577708008535428
d680549ede3f6dc9,0.05962804970322555
f3bf39cd2ab5bd9b,0.062332029120307594
0b0930b54070750a,0.0499598642291943
3d97f118d250279a,0.16700820829266855
e9de0ad29a82a54b,0.0916163076790833
9485f200c4e02805,0.0942780262525748
12d95850d018d3a3,0.06228432862955821
ddc866b96dfc3aa3,0.13806556207973628
45a33a8161cb4b46,0.05721481303993875
990eb9e1c61c80b9,0.05334309979852421
378b6aac03179007,0.05164753417581748
b6ce4df0bfb4d3c4,0.046511010972704936
a50653ff586cd76a,0.09350391756862826
65cd9ee07cfab83a,0.09248566109264136
d2bbc0c9f79df720,0.1911616698884971
82ce816296a1512d,0.03258342352145616
e502c517a223aa14,0.057911043992153466
71d19ea693604e1d,0.07174086599319585
0d037e649d83d735,0.0926283126414205
6ba6991213384d83,0.12752013728774464
4cac0de9485495fc,0.1605002086772092
9a0be358e968c623,0.03847612136604191
f1ca34616439cd54,0.04899340410835111
e301cf1f2e4c3681,0.11169124244670468
d614ef3ad50cc2bd,0.14808072335414352
c0b33846eed21da4,0.07490272498015844
d4e499c8cbcbf2c7,0.09799225630685829
112d556866bfa77d,0.14610333975007644
3f5b776bac1c2a71,0.09880264390214882
97fe9a981d0717bf,0.09552755720167833
ce3280649c6eb5c9,0.13238625191463232
7ae7079159ced82d,0.06349071317814763
f1eb50e28869a50f,0.04618486352699208
52c8dc366cde6d2f,0.04557613242512294
ef14064579612c4d,0.14407750936344738
7897eec02201ca6e,0.07881627253162643
321d33ef853c8fb7,0.16634366079609747
96766da6bd7c3998,0.04149888027830317
fdccd120c1ead149,0.148842219670915
288252f0e770ce50,0.15909121728146608
d4d977f5a3d8f01e,0.10663548527149973
62ea4677a492334c,0.14761900016779889
d1f182b83a420b6b,0.062164150236626345
0a8ea601fcc75d1c,0.12587648008674274
27930c385742439f,0.12395659522579613
13d12d929ca71339,0.19542435167673342
159b4f9fc1efcb55,0.03685845547003658
94ffb2f9a90b358c,0.09296401604877595
68615d70615e3b37,0.04979981103264252
d4a40bf8afd7e4b4,0.05016261768100466
e3dcfffec2d51e7e,0.04766115647639717
10366fd321e0ad43,0.05834511041109529
80e3f13b4e86e5f9,0.17227938592640504
6272a9e176561590,0.1259152438214724
14ead2f08e775ba6,0.09032376177056356
08ecd3e0061305ed,0.13034350179782195
b91abfe0273da79d,0.2182466726429585
0c3efbd8c39177b8,0.43931368936011955
e9e21b290009d63a,0.06507537653993525
c188505410fa547d,0.09481586619123744
768d9e0553a1399e,0.03455210689513127
a9370f34870acac0,0.14087841661069989
9f6dbe29c2020549,0.055251263121194286
6da7088fbbdbdec4,0.08330420119540055
944a046635530efe,0.1746270162883071
55a97e1488c333a9,0.05487951603409198
bba6644aefeb263d,0.1442366157069203
750f5d2c63709654,0.1881218944486725
b7f5c550aeab6fa4,0.11411284652815878
bf2efa05075a9f6e,0.06366954405311259
2987973344ab04ce,0.0859753850428463
a97d19edf8f608bd,0.06144842162577685
6138ff6754f14dc4,0.06102043722726165
87522437573af7c1,0.14768677889219864
57cc4278d6b67c5a,0.03870586344580817
8f29d789ebf40f9f,0.04377918504808846
15e17422c43ac280,0.06524917387213389
57faf77cf5f72f53,0.09486209559151307
febc8ada0a8d768d,0.05526508525248962
86ab68be69241db5,0.11500105893049117
5fcfe942606240bd,0.04348832949960085
31bf257f6a4a70d1,0.14410119740459287
a09897cadb789dba,0.032919359527498665
328299ca9da15ccb,0.07950718156937661
c95184d7971b2960,0.1542696161781063
6ba9df085d34410d,0.3435426163142067
396ed8ae6d33d2bd,0.13783233274609413
b058bc3c8a9fe33f,0.14198187283680777
77b29cbb7ea1ac6b,0.1471049697239828
c8d191e05666d6f5,0.17264315186759316
c4d716a53ad99b70,0.12205161804915185
31d17f992245249a,0.055234573915171475
aa459cbd8c781f76,0.1014961946893583
7ba0185e8220f22c,0.049483731426889645
eb077a940d0bbcbe,0.10398032772478602
9298c80a21191034,0.10411298140489397
037747626ac5db4a,0.05470882105535817
8ee7aa8b54022319,0.168059576193824
a2b57b918f2661db,0.07251584182366036
e703b056b17c6038,0.06520593332677432
5d760ec696eac629,0.10419774705160947
68589cc32366dc9a,0.09384221719356653
83d1d02b456e13c0,0.11665161746630451
f5ea6585ff5edb0b,0.1747335353804042
32290819a9b6b754,0.08328042728265653
f0cddec42ddbe07d,0.03148123118211258
41d5134ef4aa43c6,0.08539876424849552
9a422d8246e3f97d,0.09388798675763019
341cbe1cbd51048e,0.05776836563586373
3d2c0583f01cd72c,0.12769348480352716
870996e4835ca83f,0.05733501026039198
28b09161f3b17dab,0.10570337557935447
051b367d8fe91233,0.03649042009709702
9b8aba50b3ab95c1,0.12708298114435207
ff5577bdd79bcd6b,0.061858374152250616
92e4eb0a0d4c41e0,0.23033015089760994
575ace0896b22257,0.18105679454111004
a16f31da04bf60c4,0.09656949699079136
cbc13a2671d3578b,0.0430360048763567
876ba2c5e443fd41,0.13226686768680082
5d5689e87dee129a,0.15766622324185497
71a60a6dfa7e1760,0.11583710453537073
f2a38a0b81dc90e3,0.14776969126041462
ec97de286c2686f9,0.06729101164904609
b77b633a5106f906,0.07199572644590074
972df202456969d5,0.05742036024186391
5d7f4e9617d1e7a2,0.04648158740486541
196dc3655d9d1d79,0.03616947441180207
7b9da0adcf1bf365,0.04345382436964204
b9d78de840ab100c,0.053561486160885574
803868566ffdbdc1,0.0364692565271323
cc5f60c8c3c2b5e2,0.05803842655603753
88919e17cce1dcd0,0.03892023498814408
88bff82c05879a44,0.051592668436561386
aa64759c290cdf84,0.0878480239320456
b224a7d8b6f39ab3,0.08319464710458477
ef11b15a28910cae,0.062264995316375985
7e08eb8d4482e7e0,0.1562097805145402
609b606891c6ff2c,0.04085761835732263
07ecd08d07bac830,0.09269858420425417
aea578dbbc154142,0.13923514069756368
9c702ee77f731a28,0.0868070210298024
74a102877446027d,0.124620129231717
dd13d150ff97f653,0.17684971908993796
36157f72f10981f7,0.0821664862924011
808639f0db0c51a9,0.08910855588264903
d809389ba1350646,0.10423944812089356
353512ba78ee6085,0.03243095812399213
207ae6c9e8f4fabf,0.07300284033033236
333ed3894f0f2865,0.15103255955157363
c8e41f868f963ff6,0.12827074520398385
c0436a45e3cdfea0,0.0426156495245006
497bc4409ccbba90,0.15666536818550647
b29f7d1224fd0321,0.09543187297246483
7795ac2497824361,0.12555218115632616
28bd2f25cefc0467,0.04293441947925865
7a5268c2c0ad3fb2,0.08390268501461612
9335e306e6ef6c17,0.04990217124853569
380dbd85787bd38f,0.14757372151541726
4df3a358e7ec87b0,0.04045232550877444
b423d03461c67e1f,0.16132563929591476
8d6c8b00790579fe,0.08245639539374504
75302981ca660bf5,0.11228931836617374
34fae39e3b6350ef,0.0855316652112635
47ee9553918d83bb,0.14927457985838838
525eb09cf01d4422,0.0698504724046857
f285090a9d6de2ea,0.15466586403514912
9a015d0a0e9dca3f,0.06613009898288656
5b9ec24c9cacd921,0.07178136674083403
80f6887bba571ef8,0.09032746258847085
a0121be4cb97ee81,0.053865894802775816
98bbb1d875be50a8,0.1562232406980046
d13d14d73f638740,0.08087826303518146
b2c1f66103087339,0.06567397631567848
ed544070c1558a6e,0.0927198284119819
6dd8a5af5647059e,0.07782558167942127
ec707e8be77e5bf3,0.08526607570436076
435ba973814b0e29,0.09564010201428323
a003759cbad0ca72,0.0779531087701763
4c1f413aeaaeca8d,0.06643251436604442
febaa69039e2d424,0.11171541774644614
1a7702c55d1c3c6c,0.1288582174469401
747b48174e7e8cc5,0.04063777747809833
e73a38787bc7abf6,0.09516105211835538
591163e5c881643c,0.15312397219550497
95f08a028b009350,0.05253709320580126
74cf8eff69e3ee73,0.03592248232695021
44639b509c809540,0.11929110525429629
abcf4a1f567f5b1e,0.10050570597332739
987d6ffc23a79a57,0.09479168445363348
e7aea6a6f0d83afb,0.09850819564873664
d9d2d9b2890a7999,0.04835185190066997
deeaee8dc56ee2e3,0.09914030910390059
ed44fe0714d05825,0.13948323512178196
68d0096d6964bebf,0.058491912469692445
8d52d8ee49e4e8ec,0.16552715109823302
b877123e88a6a266,0.07464017544583698
8aae92b438c0c262,0.03740096508689637
40864f11272e903b,0.05462985262487251
7583bd973a7787bf,0.2495122164817879
209764663e3680ab,0.08358864719549361
1802828e130f444f,0.11321702135800871
c7226e4c37f1c216,0.15419003619266736
cd0110875b4d057e,0.09205621918095401
b66e634d66bc8033,0.04012918846753539
644bd7580a1fab58,0.08325951943355217
ceed54b1129eb356,0.0802529560950798
4a02d907bb4803fd,0.04817221919716938
d09af6dce02bcd02,0.04361443376457878
c81869bf2ef1408e,0.15591457366244066
455bd62f0c9a8b18,0.16744537673629423
8c648fe7475ba2a1,0.12142850225744722
e7c1606cda3f50ca,0.06572134508125865
386a0c809777aa8b,0.07790033280957531
882d6e6250d5d648,0.1084991907759458
e73fd396a2d7e661,0.0639280352776796
e1293605384c5923,0.034019571850457744
d8e5a75d55957e5b,0.12549831240929427
75e6395a1cc7d878,0.10909539371578755
ecc995a8d29cc898,0.11870580255789592
ba27e43ae6b021c3,0.08077070140019554
075b11725eefed48,0.15772878545667013
16e06a6abad58f9f,0.07225222205295653
039a18d8a9005443,0.2002610811905243
166eabcb1845baea,0.062474058071279565
150f221c402f471f,0.13947786424415706
2af5183224226208,0.08473010972611639
30a31bbf87301908,0.04172691503023291
95c87aa909d557a9,0.03443333450795765
d70eb57711fa415b,0.18307047240169586
9464555817eb4951,0.17712901046936153
8d4e5d5935a1a663,0.04146217925602827
289e3f76cc551091,0.07896028382271841
8646ded190e78433,0.10294864387281588
f2e3c326fd923449,0.06229312270221954
83f8985c38ecf25c,0.0814801799908374
8b698836d194ab64,0.06326313904517003
74a48ddff930321f,0.046243420680252674
79a5efbbc2b4f8ec,0.06515907924137512
6e88ede348b8871c,0.11301597378805492
d98b06d0f7e1b8d0,0.06467446090535024
dc56b06363e3abc1,0.08929080047169821
b5355653b987b958,0.07106378946632223
e5bc532f235bc0d5,0.04411496754081806
153cb69740320d37,0.05836193185798284
30ad5d4441533a6c,0.10636544894270719
05ba774a4ce6ab73,0.1934150120457278
ba467da19b1f2810,0.03506505159841543
9ad04a6b621bfaf3,0.13952775569908382
f605e43b08e76847,0.13797469175278787
fe2d494aa36b099a,0.0743518376273036
1e5a8f5e21430d42,0.08209142831280224
9b28fcb2ee487967,0.2246428165325704
2f1c0ef6d36a75c4,0.08200552002678521
37fc5525bb7de5e9,0.04248946507326988
d6538f0dbb2a123b,0.1294679249104841
7dde59a4542325aa,0.0413003643538571
20c617dcbd71f357,0.06371227718492463
77f00b5e8f833d41,0.15081641860183184
869a14428379a740,0.08805801671135743
5fe5544f8e236559,0.11842256872447254
2d3681cba05bb562,0.1746778387853902
499be0abf97d1597,0.06723780416244438
5b423761773c3a6b,0.2040182519479744
57cfb14bc788cf66,0.1345247931908149
bf8ee8443882eb4a,0.14333142930155252
400e3c9ccfed951c,0.05644391743787891
95c34bd334691146,0.15255108883492274
441b99f616030e70,0.07956759386715981
d6449401e78d3385,0.07863626408294735
ee04b5380c7d4f07,0.14880562121219976
47350f4648bd6090,0.03691986701774727
3d184c420016986f,0.05712393529855641
2525af5583075cac,0.11441136627364287
37055ef29f0a3dd1,0.09357800783930054
741ca2e53f728930,0.16913800944472113
c2060532831835cd,0.11839951704585812
bdf51afd82ed739b,0.1042764268962805
87516eb4863191a1,0.12271433854971289
034a25e098498861,0.038825798881355435
2beaa963f217969a,0.2386399963918827
6b03ea3eb3783933,0.06596918042412814
99cd56ca4ca12f1f,0.04019843181048666
42288d86bd56d80a,0.07902321214030522
a5497f531ca73858,0.060655436337747407
6b8797ea062ce398,0.06611627235306713
1514a9ebdc630056,0.09270150528816921
6a47264adc77dad4,0.05911832526225923
4cbd1cfe1be11280,0.17996920148351786
555f489d111c7db7,0.07006890680031207
d3d1d52e817c754c,0.038694930680438076
80c2b83979b319eb,0.05516453943715347
b601ede8f1d5ecc9,0.0367950165187212
ac4e394f11848f01,0.1420449278986893
a5d564228af285dc,0.07420599191508426
872eaff0cae2acee,0.07045952132076612
ca524fe71b6054b7,0.08792951196031774
092fdb93d96ab75e,0.044339047097671655
b1224feb365fa8bf,0.061638753027896814
b5883c6e74b0ff0b,0.04010725057780365
7aade43a31d09f8a,0.08597892615907268
585ac3a63ccab1a8,0.06263839977360959
e4933222bb492af7,0.12037612058403103
d4fff28089f09f7a,0.13941399440788438
1faffaa35ce84d77,0.1129436067596227
27afb6fd6aac442b,0.03755618648913031
847a053fb85c500b,0.056101838755986795
9ad6971bd0ebf223,0.08190939157202974
a14e1a04f336c6c8,0.045059988102076856
50698da7b2db2350,0.08495364558380135
15655e2cf84c9cb7,0.1450781880627085
ef796da1e5967ff4,0.18426946021388196
9331c7e2dd294fef,0.10274598291384146
b7796a59af546a3e,0.07794330383466647
d9279cd811aae7c0,0.07793446250291017
df81c08c47af6c59,0.1521528062698309
1b9dcbf8b65b1a52,0.135670199078459
dd377f760a65ba2e,0.14836126881420525
995b4a4b97e53e5d,0.10526803355370476
13b533f79e5a5caf,0.1072134770427531
d4c903b8efe43c13,0.1644620733905918
4fb9e1bf5a2f571f,0.12756325545675806
ed595c03e7747694,0.05083761324559551
73e9645c3d48fbb5,0.0340592658513543
a4b5405b00736981,0.15990717805630195
2a653776755ba7b8,0.038150501107715826
158fa97bf999e010,0.1002565851016666
a95d0a261a3bb142,0.07908346394170454
ea46e88a59d4fe5f,0.03904261295425424
6496d7761a0c6190,0.06699562268822817
6f4ba984b6dc3289,0.08562709709429286
5afad3e6c2fda712,0.059634490196309134
02effb9a084a466f,0.0809660812123408
f43a5e53fd455d87,0.20093607599592123
49bcb75b2ef9551f,0.0385886703821585
b21c8167caedde33,0.02614406517399844
15d2bbcb8c316442,0.04884793529390315
523bc8b194fc69ce,0.05565660032328135
d7b8e5c99743aab4,0.09701160721177787
3ad43bd42075bb8b,0.16456430992337698
812b9840da2dccbb,0.17297397618312754
e70b5a521c308e83,0.14282914316466933
3c45ba8ca9f6f412,0.039457021887485566
7f616f8d83b3eb18,0.07401967116828695
26c592e1845bb489,0.06572355005722207
68d37c0a802b47e7,0.13385170641070854
d8934f60893849d4,0.0465449907134471
2a3dc482e2f9765b,0.08013979902457577
016da23592d81da0,0.04174274881777469
4fdfd4d0c0f506a0,0.15252379180719433
729fc49d981fa3bd,0.07749389750544566
15deccf643c21df1,0.09473665326039916
7daf2f242a027468,0.04317724903121916
d51a0a86350f7add,0.03579559306752129
52fa3a33f632aec0,0.12440779367253053
bb4d95ad5da1ac87,0.08367911097579284
cd23dbd0e165834e,0.04101387332971332
ba39191a07cf9e7f,0.10381288440206211
9ba5cac296310d3a,0.17397944795606263
d322c51efb437d17,0.03532663934553893
3af739b2f776287d,0.12757727624303378
85804c2e9c6d680a,0.05044676436543609
cb0cd20b25649838,0.051622386175797
12c942ad8a277403,0.09108783044595578
289e502cd91b1547,0.13666033323329854
31c382a7004fe972,0.08140372468410033
d169a1c279a46015,0.3051461706352143
f9b4abfb6291393e,0.08029800651944832
6717d92d92048fbb,0.07654286268248865
469f41c8da1eeb41,0.09833031604018126
769314bb014d1235,0.12505431459884703
ff2e280d521989fe,0.06655567231156934
1d52653d4f3c35fc,0.0345951686024913
4c0ebdf6c9dd9fb9,0.05101493156332661
8e182e2e4650cebd,0.1366743323677674
f55714d17852a183,0.054616309306578
f2e291daed34f717,0.1468938137052191
2fedf01adbad6180,0.035549679989335836
7079029a20553569,0.1195814818998221
7214daf28cec2f25,0.08717815529892203
3037ee52ce757f35,0.03807620097301903
301594a1fbd58308,0.09462420821560416
971dbbb99046d9fb,0.14802955204522042
c7647059905f4dd4,0.04830385257867849
796f7cb75fc0eb55,0.1665951078888685
bcf00da3386bb946,0.13667844935535955
9fde66ee9b59f95d,0.03360892337335941
752d3e65ebd63369,0.04568485575646977
1a6bbae0cb804476,0.07602431414576663
03cac4272e7b8e63,0.14617395158199586
055fecf2717f29a3,0.11456550402487653
a2aa85d0e1bc4e6b,0.0754660115095315
ef9db57cac44e529,0.09347457633324133
8c91442db55d9d64,0.10233449352642873
7cfa3fef2d1a1dfe,0.037056849402189
56ede8d9842e0590,0.03579962481773634
fc74e63ad196960c,0.20183216482259078
342867ccf7337815,0.04095424489099448
866f7ea3c4be20e6,0.09086845062747985
f45494a74c712731,0.09338804736800546
414228464c8b74af,0.12210179155102463
e4a3f7a35452e28c,0.10456703102560261
c1eccbf012d9a361,0.05284333027842181
a715e394b41f3a16,0.04646603361704335
26a24b8218ee00b6,0.1730895958537068
db4b58e70acde06b,0.051347840016828517
deaf015c1e137149,0.03604695645044341
9d4fbfbf523a0472,0.20411365041621787
ff7e2911a22e8008,0.15576919636488085
30449ce55b14d344,0.03896060019911855
b930073e02948360,0.12226192681465742
9326674b4c828c15,0.1098697162848313
a9b474db35164846,0.10099885952250662
9183d88dcf308c8d,0.06546628792773121
47c8c6f64cdc0a43,0.07737581740602889
2ee4722095033329,0.10160006420547463
cb8a02ecca44027a,0.0355059208240904
1925e9dc63237314,0.10903658192134816
dd36f08b99fcfa16,0.13759062482384066
9bbd43f6f760c243,0.12276858287119186
a766359aef66a25f,0.09691287292260735
4d10a4698fff400a,0.09067197780544756
44a6285639d7fcc7,0.1254085374551244
a64ce0de598f4714,0.13615375215137704
8c887a6a554fcff6,0.02577400880764883
ef3f3402f7530e37,0.025403817809471547
e9cf43bab751f410,0.02930004095427117
1245634a78a3136a,0.04374327014651315
7c5ed75e73c20133,0.06475138833302191
ff7628423503cb61,0.04889626503797988
55df3baf4cb22442,0.04423699382582793
20497b1ff5df51bd,0.1308232519626305
fe1c1e2e166d6943,0.10401254334177094
0a6a2ebc3b004ba8,0.08628609976192148
ba16bc573e1d9a6e,0.11315857843500385
41ae92fc5f37cdc1,0.06118251919414824
ae05071f58d92774,0.06137523355889406
a8d4083bb2383da5,0.15578359834443628
92cf17c3d59c9b61,0.033061181069435966
f591caedceef4268,0.0519884938039022
e3d006785a8a409d,0.08487163103431052
dcbc913499301796,0.04292039622800142
b630e1af9fc1f3b9,0.1234519183925496
7d6a1e459131bf25,0.13620249400652568
5f891649affd8c18,0.07905044792406127
7dc102adb7ad6667,0.0910738165382767
1b8c16064d0dc4d7,0.07193003097696103
8e5286a9c7d73ad0,0.03800919186635357
147e554cda420ba2,0.0433092312281816
18517e2df9cc10ea,0.0899447099903825
54ca2e9aaea55320,0.4303108467629977
a923278148853286,0.1143670809452201
cfb35f11977c3be6,0.0862261882902212
aef8a4667274a47a,0.036703439817982283
2c51172cc4d5eba0,0.04775481791868033
494446d84318c9ee,0.08452901415390363
aa652d97612fe50e,0.03559046213102789
baecb9e5cd4b2907,0.14545302388416798
c29488c64d211da8,0.06540062568267865
28746b4c4b26d721,0.03524599855873419
8a45d03fa3989bff,0.07191981666512749
462b3e544fe612a2,0.10842618495383419
359614f152fbbc2d,0.07086115249112268
5e953db789137f0e,0.1317149704454098
2a99aaa9555b3dab,0.11956526396077358
aa37a77bc447fc0a,0.18614968802432863
8c0d7f3ade155e48,0.03955874303397386
45b05dd1071039ab,0.25331196472117845
7e037c271c23576a,0.06744902579925774
9adb38d0576dec06,0.11664091204007909
532c84dea557da7a,0.12233796745855403
6c302b9662d3b5c1,0.0854219213664511
666231af023e8fd6,0.05902102623283156
9c06ef2fdb037a79,0.10410448394968642
65230a28464587f9,0.06105376993203007
b3ea4baf43182919,0.10995851551776789
c1f297271ef8cab3,0.04530191258536827
7c58e1fb77913d4c,0.17698403741809082
00ece1c11b40f8ce,0.033685241298092444
a820b5633583bac7,0.16195842763593238
b4e9165d8e2aebad,0.05854646132741224
85f20d358a8d6ce8,0.09387113320659497
148fdf734e431091,0.0677105515133768
67708062cc529759,0.09524322703586918
d764e50c36756862,0.2259238420352272
dc093657cc4bfbc2,0.1063512796138717
08c0597e111a2388,0.10778688690489135
58fc68c0720d8cbe,0.07762453560829446
387b7309eb20b505,0.11585504659727935
cca31a05a820ea88,0.16334013927695046
be7e5b7b5839a348,0.12478290844259343
ef7aa159ba83917c,0.09528460142280451
3dbaccedf2355696,0.05514201445603325
3774263bf5c9a393,0.06994585451157574
e830f76f4667709e,0.1100549025663349
c96965b10fe9e8ba,0.04118820630578064
aea0b2d75bb410f5,0.10956986385976235
892d778bace3f693,0.10791824004972694
f46440975132762e,0.1966658668416626
6084fc419fc10f1d,0.15927262618709348
c6fb1852daad742d,0.054054103503884204
2bd09ffffa247f82,0.0662187234978816
5ded576ceda86075,0.09496322357235916
c066afacb3fe3a52,0.10967104557708399
21e99c194e94917b,0.04103792893451109
7f4eef61767e4c67,0.038237638118514904
dd19efa057bdb4b9,0.04154496901922727
2b309ca794e9b11f,0.1907914805162947
8428fd508cf86cb1,0.10947659460311096
bd059d7efcd14494,0.12717420137476743
7fcd9aa10e5ab5aa,0.08527166075852885
9398c438c5fe8b90,0.06307790766890564
7401e49aee3edc69,0.11085490019282376
0520f17da71602b5,0.06688217343795178
efeb31befebbeedb,0.04906399649736082
df3fd48fd3b3331d,0.09954740834721743
14e14e2218536077,0.12117719369398929
1f92d25274d4f038,0.08269569752841088
7170ea34f6161e69,0.1078237310244815
04b0152464b775d6,0.09215165682043355
7653ee403f88ff26,0.10183053780059792
ee84092d5d680f67,0.18810499978023013
c41b6329fa5e7012,0.04020232869291618
1514f652f00c3b36,0.06245465872211704
0c6d11c69bcc6f46,0.07511142011333917
382f75d2edb9f457,0.1743584452457177
ab482dbf08ad90d2,0.09517078684138375
5ecd94cb7901e72e,0.04055895825331011
176da975d008461e,0.0957872622485321
882d984b9b9d8fb6,0.0717681506610505
efecedca199bc74e,0.10190883448023347
5f185fd802f0c00c,0.09867644040603535
b7be75c69ddcfdc9,0.03415253124356782
4da0a9696b2e9612,0.068019831168282
755bd669f9bccb8e,0.07700633849536892
dc744a1038657389,0.07935179154474961
f5565f23a877bd69,0.1199286819696335
45485cf629983a40,0.1601697765280395
9d8248668d721756,0.09608939312694736
7e637102a104b616,0.039757655013893944
b9095cbbb40751d4,0.17511825062168257
b6f5bc351054c7df,0.085424043896103
d08fe94fcb0dabad,0.041243797953860004
edb4aa5de0832a92,0.06408353570014369
b142c9c1185e5f66,0.05819422076402535
1473309b954d71f3,0.14357132974177758
b604a5e504b627c0,0.23017909458486147
d5d6a72d9d2c827c,0.044362415782684406
aac5a801e8926a83,0.08998526544358154
45b600cd20830ac1,0.11726565861284341
8b6f8e193f28c495,0.06240189602041896
9cbdc55a60ad3994,0.03988941384069977
59cc8f62d55aab98,0.0337555913060566
42f81ab5abcba09f,0.10033434613666858
758524a5d6a74122,0.12038172108318557
0acada29c4de07eb,0.08563030910444634
6bf56d0ceb2c1ab7,0.04805552741095691
03b29070bb68828a,0.03933976161983244
2f553bd8ba413efa,0.03815621450181563
c3ea0fbb29a15317,0.07794774607684016
797edeb1c8a9c95a,0.09484703130263608
beb71749be71fd3b,0.12017651701197501
c660714dc6059849,0.08296916460756251
549961b37bef9764,0.03501671948480445
dfac78eae9821675,0.035652061079865634
588c204b822eb2c2,0.1267411707478594
e96e43deab9b69f6,0.16974395830588015
9c9a726ae65647b0,0.03795092959988585
58f635ddafc61c78,0.2114702283956864
d40624f11c720afd,0.1560006013447751
73575ac328053efd,0.08108112667461209
809a4127b076294c,0.20029047714292347
d476e643d990be24,0.03648214665112886
4d04534027759be4,0.07339913941780124
72c2c7664c8294e1,0.15077049372749815
d3bea4fa475618cf,0.117350271494422
7af7100957117fae,0.06961708822778234
bfeae03c16252052,0.05278746602631813
dab19b0b61104952,0.13265710297953315
8b72f86a4e6a970d,0.14202280530455172
c775b6de816c5092,0.13319418215334133
0de6dca19e114646,0.0812505880289397
0ee2b0fc31b7cbb6,0.03982532090797092
3363b132efc51b9f,0.20811525608818046
ee924a0428a40a76,0.050120244263769625
ac3726dc72e71ad0,0.08909073761613845
374584473bf4cec4,0.06605662389349234
e6b8e496d903523d,0.09687823342114227
8fe009970d6cbeca,0.04946551477665506
b03e574c8770e9d1,0.05303492123550648
27905f95e6931f22,0.07222701683494598
8099a0f72ee1a1b1,0.0664115887869533
5fbbd8a6f4ba3669,0.051718651862007387
24033a02989369f5,0.1394089029724116
223faad452bc6598,0.1513472186753999
c5c13adedfefc67d,0.07483199542527942
ec24ebbbc53f73ce,0.0501297026168825
3a3e4d31cbad45e5,0.04272007334202589
79763f9ebecaea1d,0.12319401475580719
46806e41926c192e,0.10916772441250519
a5cfdf6746ec5cbf,0.15636334375059702
0ddbe3ef0aed551c,0.053330816323623256
b641fe7061b46442,0.03416064922787182
be98835c447eea49,0.1839557092970804
98aa4160c7876f0e,0.18744657531127518
0753638b45dfacf0,0.12992879966087578
e938301ba66e78e1,0.11440071918555064
64b695db5b68b91c,0.09027763932967872
2797a5b06b8c68ee,0.05421314794305338
aee53ec38b7eb6f0,0.1330764355894855
d59b57f46a383c1f,0.08762859221019861
8c3a505dd927009e,0.06683621376266966
436e01defb530baa,0.03156656981610141
2f54c0acfcbfd646,0.14863993982743512
20f15dad96dc92a0,0.05657264345063183
8a16a230e343a296,0.07978329337772597
fc511072e8631203,0.11617956855732707
5d976c71ca9049f3,0.1344181342680804
b207e579713d5841,0.3912989692167316
ac03eddc2e2fd2ca,0.1380975925850824
6b1e6ff0118fe59b,0.13110509351632693
2cc92c1f6bdd93d0,0.0928619555306838
f651266acfce6c0d,0.07322182300185329
c3b49d19c43acd64,0.051750706324666704
05a27ebb8a82cea7,0.2832574281761605
f32c511446a68874,0.05103796580909653
108d6b400d52aa73,0.130795085711765
7e3cd0895bbfcd9e,0.14709032367525504
2245ed07ee31662f,0.1210468510397194
c81aede118be0e5a,0.07910858746290432
d664a113973613cf,0.09641806249690321
2899dbe3769e8b1c,0.1001540717097251
164d8c33239c5511,0.10871068178329493
e753bb93c30cfba0,0.13895633082042763
4493eab669361ba7,0.0640170836447442
4e55ed26dc79c3e0,0.08599482168234385
1d2f7db4504f10b9,0.036390456236091426
9749ddc8b2a3a385,0.03644836537169009
9aab93db4ffdba7e,0.15221721593527018
88558205521546f1,0.07154547638866629
02a8e05f667b2fa4,0.0751229915186053
f95b0bb67413dff1,0.09909671703263295
b821f8fa7a26d286,0.05440339019098356
bed1456aa64d60fb,0.1486703042929911
685b1294dc5f8cbe,0.13262412431311052
79a0510c936f5eb5,0.15674513362652742
07f28f119366b484,0.052711094885053905
949af0edccb8d159,0.13530335178058478
9965f63ba2d41ed4,0.04504559011624765
f635cdb577ae5471,0.12552670421468304
6419d144df4c87de,0.11872118955040095
bc7f2dd2340df372,0.03928057426308227
cd35e912794bda2e,0.061281612527987146
abf3b6dbce73db98,0.06367718003651657
4eeba8a4c17e4351,0.09340295129545248
f612b9af4ce98bda,0.17815243848021328
d8120911733689b5,0.06786360351092396
723bd2532e39f731,0.10663508893181037
3889ee7a1f5fd62a,0.10165891300711397
66ffb196fbbb4006,0.06510658752781492
53a1c51ae93d0e81,0.12029274473418528
0a4f5ec5f9339110,0.05182835602024494
34416b6b8b600a61,0.055777133009645416
1e0b561b5df0447d,0.12573773400401675
43e848bf56ec0bb2,0.0997426542450318
1ace2be427eaf92b,0.053331807882650004
e24ea459233ec078,0.2154896859328979
e019c487befa7761,0.029587851337171983
7734ddeb14b3d277,0.03665094632180849
1961aba76570acf7,0.07735519493920155
276265c86a0e2a26,0.04932840469031357
4fc5594c301766d5,0.12381434990447573
bfd20f3d76573073,0.08933710289103226
8526753e065f5b50,0.19802968795925632
5c03ad68783d0d61,0.0500497708341127
9c83e80d019e0f5c,0.10709303498734017
4e6019e87ab5ac6c,0.12104738215820432
dbf6023ccc73b0e7,0.05176910047995088
fb35b29ad551c9c9,0.06226890464785184
3ab9a4e335cdfda6,0.0848315557649269
86fa9d51e632ae1d,0.09427135943743296
ab30ffa9ef0220dd,0.2090863401023981
ebfe496544b5a6af,0.1413345036638139
4cb026b93d1e4edd,0.05531942396915701
426a41478cfcfc22,0.06865290302407656
3e16e5f885a5764e,0.061959341908688015
dab52f137b1ba008,0.1408311608564442
a7e545c29eee2bf1,0.07613086981072596
6a50159c50f7f9d0,0.03935900973453635
ded3c69308607da3,0.14857435393209245
921388faeaacbc80,0.24393359506580564
8c90e1ab4a546bcd,0.06954089638796715
31b1827fce88917c,0.0408377858422496
d97cfaa40be224a1,0.041666482127474785
b4dae0ea6d15a25f,0.07847806632843504
ffb033e54895ee3d,0.1601047525787226
2b625e5d9c22b0cc,0.06717495921800583
87605745817d0ffd,0.032734680123843764
9717417666a66daa,0.0647643028744628
3267d4ecd26e96f1,0.05242477716546906
3399800c4f113d8d,0.1248387570955305
f457366f48f27702,0.07543653477556683
5a6c4f9b661a0ab2,0.1336592612244713
76628bf9d8b6b0e6,0.3517375918470659
997a5333179da7c1,0.05369577431300733
044dbb2023ecc53f,0.21368600607424856
737497734f709843,0.1582816398055851
fc7d05c3ca74b0fe,0.058238605421006326
f5b74bbaa8085255,0.07045670651323432
c1d1e5c41f539d03,0.1039056170824557
86f9c72ffb536f2d,0.2947664934869963
95b9d46eff640109,0.07144089166698132
3aff516939a3de92,0.064365824862649
23c1d6b14d960725,0.02911428330132143
0b0950c974175a86,0.07178113361959405
e94d8ce0ed816caf,0.06654969080575529
037bc4751346a482,0.1072907269270309
d43c5617c5e69df5,0.26251184043063647
82c6f27cdcf850e2,0.15692552967640455
7652727437cf5e6b,0.053931142547929356
86f089e7c7ae0d75,0.06539888820268365
b9d7751ccd00d9c9,0.15894713184937836
0a079836e9e1ac2f,0.07426217970668096
90461cd0e33baa56,0.10945849179595707
825b16c4984f4382,0.1242293542023388
9054cbcd60dd433c,0.07733216531038214
770e4ea8a1273a1c,0.11198043743229008
518ad8ed2ff052f7,0.09773552833074418
f12c4df4f05fb6c3,0.05887445055291483
95a9d1c987aae5f2,0.10794128431054964
1d60b64e1441c91d,0.0877759253690176
84ed70c1cda568a6,0.07947619019566712
3d6e8f3a5d06c7a4,0.054177435978106925
eb1779538632b044,0.05336192188408488
bcf84068bc4b5615,0.08511001582601918
3dceaab87e5bd6cb,0.09263374480342979
c86b418e43874d34,0.08974413443397035
95397751cf365c4c,0.11484311666115224
e80b64dbd916f780,0.0528115082795418
d2a231ba481924eb,0.0835882186591827
e86aab1a495bc94e,0.03624192307038575
4c088c5147f6cc2a,0.08828595679761461
746c9771aa5c751d,0.09057544248335432
90005adf46be6af1,0.033788657123750926
78338f5a63e742f5,0.12629493765478408
9c3f2d29681d0d34,0.13129892410478045
f93fd851b68279a6,0.16867218302258374
afed2c838b247303,0.16735981276095338
995d752a3bf1fbb2,0.0840540561497516
33609320e5c7578f,0.05465628621297437
1ecda15121ffa27d,0.03687900535275439
47b2accb2f516cd3,0.14297240675411582
5571f2482997d163,0.13915341430695738
32897e94a9feeb0f,0.1921079652885065
3d5fedc7f245d35f,0.07824132971810727
1b4707947519036f,0.09595134306318143
3cee4d33cd4686de,0.09589401898742013
155f6d74191258a2,0.10257829190029041
3ae6a0b3d379dce4,0.07993341437102403
dab9de12664f7b0b,0.07117392958340497
cc73e04980d2167e,0.06918385664665452
be7f0f5d2c65bf06,0.10176642725698304
dea114b428048ebf,0.035650225138339896
deece306851a2a78,0.06089977785730487
d1ce358b8f732eb4,0.06144142353869224
e025d916d395fc1e,0.12608781300741423
f50d9be3d733fdc9,0.06762758264216828
a6c0d8fd193f76fe,0.08321724074908365
569e045332c790a0,0.1177778383137343
977114ec6d208ff4,0.03903337415876368
17faede0e698eb93,0.07320030036556358
0610c3287750d822,0.10391544704387548
58e6e26dd56a60a1,0.03899195993066675
bc263b5b32d9ae07,0.0528835555444159
8894323cc5f185da,0.03517679294353164
e8229221a1595393,0.05211616880242221
63c589b1e27997d2,0.11899902561339427
fe21e0f0344dfca8,0.1325920316665013
7e0194535136acfe,0.07533696319777498
cc859709caaa52f9,0.04146161366754256
56e7153dc35c0573,0.05278236432846657
c76e1ab42940cee5,0.08924509352459231
2ed46ca4b8d10516,0.10026950006990687
ae2f86a0a6c3b696,0.09476397796209952
a05d11d463a21a32,0.0574475690629533
89e7dc0647f4db8e,0.13971303562388554
80934ce845013628,0.09487186251682364
f66422247e89d830,0.11192943835605164
b0a301739cfa2228,0.04460087435806774
42b93c5a8b628ba5,0.07191206617094723
f74f1673a45ce9b3,0.10761506281435598
2b76aa4b82e23768,0.08177766783134056
0d6190a27ee0d6ad,0.13647188600582794
7492fbffda1eb950,0.07656161367873578
35355c2d5692cdbb,0.12606020529651546
de976dafed9c0fc3,0.11522171068314915
e2601be919261723,0.032124012792973625
f56a91dde5defb60,0.060401011689309426
1a9c207021895aad,0.14902943608941954
86ec8e715d2efa2f,0.09824554227940996
7762b73652848f92,0.0868006010920421
ccd34b74bb18d71e,0.12944519852585237
eb6c259855aee52d,0.10987786698898663
7bfe956eabaf5f10,0.07774711296714296
38c6063d22fa4f9e,0.13574749652381318
46b7352aa3c8a1ba,0.09105646814002402
049fa3f6cc3a62a7,0.18545949897717928
5f77b44deef47d28,0.0476099536444736
27462f3d6cf43575,0.07830792653804121
ca854373b937b419,0.145702115540406
1f6eb5f2da254111,0.14127374177956392
9262bb44aa7937b7,0.09024363066233318
d81678051b65ebc4,0.09795705750257533
0edc1ad07f4aa86e,0.15441861021824194
a8e836b90034f123,0.05414108779816344
c729d0e49b2411cc,0.35106045019636367
db925a43365c86f3,0.09701652311951621
1cda28c15e8e4170,0.12353693400969173
ef5a97a20c5118bb,0.1817267814038101
4b990b98ec734989,0.1523932162822616
a96f328dda3bc98f,0.08962325722161969
b467b21cee5c9a57,0.05165685654319173
8c1694e84b06dad7,0.06600462023285125
7b038881fb7ec965,0.112470359482775
60e46ceca8ca6531,0.06296962759077764
be2e51dc6bf61727,0.1387852946900018
f1063bee63d2cbd4,0.07755708211229494
1a3d53e660017625,0.07430401716813395
6db1dc15ad1e28e3,0.16227691148882592
34f0bfc533c2a23c,0.09631218176261606
76e738496305310c,0.06839363791659803
a76e95f0a09b03d4,0.03420599344971541
6a0d13d3e413c0e5,0.04289349708433071
e002702b095c4d9b,0.08294226088132964
435eb85f778a69f5,0.04022153379039482
5584a339491f1a03,0.1177363054386801
9a06cac14b623965,0.09799767562165951
b199a982f9480beb,0.1953736181550212
e32add368c6de44a,0.06558336069961747
34824decbc66688c,0.06160099250191427
070711d7fd9b7ea3,0.1223375767951676
a1656b509ebf749c,0.24184032260460248
ee96df140d42129a,0.2554490469694487
09fb51e0fded24ab,0.08523193834612114
77e04872ab10bf20,0.1082115565785082
6b34ce0940c8c237,0.1553196272103214
8b94f16483f351e9,0.1136722846419769
a7d4f13860590306,0.03965076584984176
66537bdf81c41f46,0.17803323260724707
3014fd36c07b8950,0.11508484367831551
789380ce86c031af,0.16259967823505184
dbaee9defc780591,0.11175815704621964
bad0375f198257db,0.052742042833659755
a7b766569c6f66fe,0.061718034741639755
efd3fc92b86b90cb,0.0964308108878972
3ca6e7825d948c12,0.12442539651034751
5c73fed8f1d584c0,0.07312463283460988
cb7f45c4ee30e84d,0.11127237371369518
aac70ac68209f1cb,0.11219120395251243
fb253a15132c7c36,0.1171322366017467
4f1ad3d1864799f9,0.18370337526329578
06cc890b7c3abdd8,0.0449531777806196
48f5b50b05af6685,0.04437760197515074
8abc163b25fe8f16,0.04310541920502245
5220ee550d303425,0.12592372510295124
8f7e85307eb35706,0.101836258764495
dec525eaa4588cc8,0.1416049420125611
8a7aa7c3acead22b,0.11336116388605699
0618f0627df67711,0.12582003922948232
5d9929a965640bc0,0.09961488182035397
b45f8124eea44b5f,0.03503048008820353
32e371f83b148fb6,0.1626150465559199
83b9c322c9febec6,0.0798620296148624
8bb4d82df107f45e,0.09269665122799332
cc28d0d6ace393b0,0.08477467041152556
29c17f03906ad1f0,0.07616166063118052
b10cf30c243ed8c4,0.15508250798324585
85c180d755530692,0.051455416575399274
e9478d4c11f48523,0.03260224974866106
329d63bfe65d67f5,0.07034317353410541
4e7c7fbcb6fde9af,0.03832490677677427
1f2d4ca7586d9ef4,0.04899686770145592
04ff2418e503eb55,0.15500486011460726
5807d02f74d22963,0.10855857816843498
23aa15ff2408a5ed,0.05365667730338311
5c3fe62807fba6c3,0.053568566764711625
c97a3c1357c537a3,0.12573864924537848
bde91246f16123d6,0.040907337061734175
dfcf3493677dd9ae,0.03261992887567482
4a0cb390212d6320,0.13154016705960522
dd48f98a0e7c2640,0.07364811080643377
21669e26853a5beb,0.12098302241840533
c4c279dadffc28bf,0.1479670730209977
27f99b00db0702b4,0.041468493966139205
823a471435809e0c,0.16356293180491832
36d9872df73f0208,0.11659294134022627
69b691bd3b11f565,0.09898920661595598
051aab7c376493bc,0.03290989279965412
897a042cdd939f4a,0.16673577560558517
16e574aceb37758f,0.15920229069912104
7acdad670c7e177e,0.11471456254217463
af7211a4b66028fa,0.05261791340217649
3b768875237c8195,0.11873359305441013
a9e4e55b286f1971,0.12744734455986736
1e42f2e9ad67815d,0.056626045749416945
0d527f8f008f8efe,0.03387922189375947
4c2ccade1925c5d7,0.10156013912572809
b3a98dacc0702405,0.045600681173063866
9b8e0f7bf05d953d,0.036407586733522915
7968527b42656286,0.050418172554893434
caf14438584b43fa,0.045246955024358035
31e140000e0bf36b,0.07727287197528
336acc52a893cf2f,0.08504403623223172
bce6e39fc4407c93,0.03973875534803683
d5e58bdbf23f01f5,0.04179426474658642
1ff7a8ec347ef2c7,0.06198048030206724
ce432d29b214887d,0.05281837464668683
44e820df9233e162,0.10840583182952343
fd036d6641276c78,0.08448825296273133
45c36909115a7b3d,0.13388955636988148
0c18ad3d4c7f25b8,0.14007758890280592
4502d8fecdca43ef,0.1145388173995269
9bf5cf3ace55851d,0.08468796686646551
0e04a1cc15af0b5c,0.030373868504323116
86bc772734133e12,0.10773796168258833
76fda8694024d3e9,0.11692666242643249
d244839566b6672e,0.09055839329861826
e165495e76c8691b,0.07756651929110472
18e8d9f4f0ed1ffc,0.05954318003811898
c198ddc9a1a0f0a3,0.03766524560876676
4f15b2cd5370863e,0.08370589682035937
5b71a33a75b4b41a,0.19610039047827194
85211a41d91dfa68,0.11560176053561619
31c3ad8e554acb99,0.09663995828444905
f05e3b467a207ea7,0.024426490034734086
20eea1cacbacd917,0.15951185212603627
338ac2331272bb7c,0.09762962425150293
e6740f272d44da83,0.16485861137848468
9368ba44560c50d9,0.08306861360238801
18e4039723086124,0.10270644742975074
c935d65cb1c5cfc1,0.05957665887871721
dd819f141dcc8319,0.04205785082636342
90488975d041fada,0.08002691729454156
a5aa463adede1f1b,0.1086411745127017
872ac9ef6cc6a618,0.050400627192350264
ae4040a11f651b1b,0.07340338285954709
468c82067304eb0a,0.13890673319186175
cb460a2bc70974da,0.04528526597045924
366ae30bce6f5b98,0.06390597697108193
7638518d282a3163,0.14908374990787215
633878cd7103f469,0.08477095032749049
73b8cda0da8e3c6c,0.08020954537035846
b24a01610939d7fc,0.035982472837091134
99024e3163df7833,0.16970809693648176
f67fd1bdae4a88b9,0.098274129117884
bed6a87757540498,0.05700597741471983
97afe9a3ddc497f7,0.048642751796544745
dd9f348a3e019188,0.10345798870724629
34946df4f3dcb0b6,0.13666343549029591
9444819c9eb0c9d9,0.13372150000045802
fb4483e1ad010ba7,0.02932553716401563
00c68b30c299654d,0.10950098295720817
72515cd3d8b3aa9a,0.13964252465560895
908510f96be347b0,0.14025770828297504
99a21c81b1b48573,0.09045185188874304
22f68a423b09a5d9,0.03921735031256734
e7f04cb37080c9fa,0.030929845793027048
dc02fa202a12aa6d,0.06183069356239922
10d0b7f586529eff,0.03610906955331304
ffd7b011eb85f998,0.09681123478773873
e621dd32e1b264df,0.05807962815593118
4af1a1f24964fe8a,0.05747213658089079
811ce0830dbadcca,0.03372940786291019
19f0e848aacfeb93,0.11960466545353683
8d3f02ada61029a5,0.15097549072809813
1e2a07a17f935db5,0.039797702715798286
32328db851b10b18,0.06720376484955884
9ee145457cc792ea,0.17129522047062606
ad8df560233793e0,0.05483425058533144
d22762aa0ca69d56,0.09592275878941567
f8355291593dca46,0.18072674244398193
0c612654e51e01fc,0.04099118757403304
ae7e23426e25bea2,0.043166592214643404
e009b5beb1619a81,0.15863562210600662
520faa13a8c7065c,0.16784537516437625
b5f1a39aded71e0d,0.036599993285363085
de6cb6bc5b8d1640,0.10076446048007208
d51fb6ba7bb6913b,0.16655625816563766
a1375923af03ec27,0.11379524690699022
8c4b7d8e2bf037d3,0.07447986282676888
681405cfbc0dd97d,0.09065729920083818
992164c7365bc333,0.14935116414297311
4814a10f30ed6822,0.1071737620952209
f125562b955f34ac,0.07759192979877955
8665c174c23e0232,0.07950633933986945
c03010cc5ef028ec,0.18719139059483855
d2cbd396091301dd,0.0617506359206598
c5b700f429ada2a9,0.06333731051362997
07d97ad7c5757563,0.04864305514567899
abe88bd25b74cec2,0.2067795381019378
b5242ec51fa10803,0.061656879330892506
504c204a4b07adc1,0.04939108925678248
eb3e885ca8381431,0.08632471900083781
88019e77a7570235,0.1315704666466669
4f5b5ab494b7fa3c,0.11981581759115288
ff857c8685376696,0.11898791307240601
c97ffff5899cdd5b,0.1895071221096581
06d8545946fb794f,0.14608254256757836
86a18a847664c8db,0.08677564616729319
236b7caf60e83702,0.05569173629207855
b7362d1c5e6ea485,0.0817470639021897
75a194abbc3951a6,0.14096054616124432
0739352b03f43601,0.10114688715368117
d5fb0ad6dfbebd36,0.04381738675090614
ab3267950cbf32e4,0.10142181065833285
061b96409f1ecea5,0.06042155106401122
77507cbfe35570ee,0.03723999808227932
a36af5b550eaa873,0.09904123399961696
9ea7c406af2ba7ab,0.10095361517294621
f67f1e53508bf00a,0.1916784125905916
c1e4dc287c41d581,0.05226939801648493
a53a53e86b02f37d,0.060746845429592924
608291782c527827,0.07620133514654603
d0ad07399c84455b,0.10383108230663604
fc8986567718f61a,0.18605611840771163
5dc1fc6a5d643435,0.1337557436031564
5c05741c61417dc3,0.07887608770522694
d702bbe78e1fa189,0.0401905416332673
e781540ac8518204,0.054232013365056106
7dfe0b8686f2f32d,0.12271440079418688
150a93d31aae72a3,0.069566784918439
6eef12e9a09066d4,0.18522175741134034
636152d21bd16667,0.1377414560786088
c7f6af439da950c2,0.04606902765063674
27acdee466fcf485,0.36820426002227613
a8804fe9eee0fa90,0.04365195387702332
6192ee4938021f38,0.15846304844083686
fc02f9550afeac41,0.03515147374610137
7c9ba87d30178a3e,0.17395958383398225
a17444b2e1cdd78a,0.11801369026797182
83df6fde56cebe4a,0.06170494246182674
b35110acb0de3b77,0.13390248101087593
9fc1dd40acc8bff1,0.15038940539884021
0c521eb5fabcd49d,0.07346826034546906
e081802079fcf55a,0.13082346752622692
12aedbe868f79776,0.03508034896882194
be8a2586f0738799,0.1379952750862235
077d63174223dbbb,0.0514518298648463
bf95a5f9268fccfc,0.04707794002565441
51ac7bebc69eaad3,0.1512593779018651
823b8b0cbed56665,0.11677458137127958
7b06037a7dc44eab,0.22774847546235613
c3468f13ce305a3e,0.20128863509112613
82906bbb278815e9,0.04191087622240419
26d93d94ea19b1b9,0.06289038467606083
d59469ecf7c3bb29,0.07520240729567959
7db5fdf7d9e7b81b,0.0810927295595738
251dd43cde3297db,0.08281100028425296
cb1945985d64f4de,0.06786692403065431
4eeb92e907af170f,0.07947128553045046
feb8fa429dd67ef4,0.1326170431294671
4de67c2419537ea6,0.03888347940442939
538e4f56402af36b,0.1592998459356255
a4cf878441380a52,0.11366033899051448
96be7b3de04ff62a,0.10645455865051284
39c3d3887c8c1a94,0.05247162825325545
1921999c1eb2c5c0,0.10183287840048677
d57e9b30000ad4ad,0.11803431578352588
7c4dea060b3cac3b,0.1470523836790861
b72576d562bd56cf,0.14957007158977756
e1b21c89aa287e10,0.05513882805572412
ea91d426f07b035a,0.06354379036475195
e3fe0ea3b0e68165,0.06889559182684302
733a4e55740edd52,0.1262138751105479
e3ec47884acfc533,0.22496951165693557
8b4fc284f4d71fb3,0.14516306004340862
ecc8c2db5ddf594a,0.036303145005516554
6a2e9bd8a0f89c66,0.0780944740860392
330cb959caca2412,0.17635702239482687
d9ec4fb651c85ebe,0.06373099029797911
059f9fe46af8bf1c,0.07560868956930328
3a4738e51c5cab59,0.10279123001406354
2defc05f8aab4fc1,0.16509035230073385
5eff676251527676,0.03595945527812715
fbe244ca19447d90,0.09502889061940792
6a795f7ddcc9922b,0.04506582841535414
31e47d59215b37f6,0.07845693633755743
dc507cec24e10ba0,0.14372032578375302
a6bb01f0933df044,0.043777565194223794
8d856f853ce1deca,0.08741252086672426
6da96325a4517519,0.0839750528934073
1154f92cf57d2532,0.03330676803387277
f6f5511b39bec2b4,0.03582503773474949
52b72c128d8d91b3,0.12964060401582997
75e7fc7c7ea0f472,0.11848825436489056
197817ba33606b5a,0.08689797441736333
c1951ebb86cb1446,0.14604750650381798
c4c41b18d788438d,0.12567575714763343
aa26bb9dcc890fe2,0.11644290107419328
c2c4703ee4c876c6,0.15296474924319095
4c5d7e0beffa310b,0.031271659407599045
83c908bdb66cb2b3,0.11763598346813275
f5402da16c14957e,0.07149062919196914
2ab80ba80d56a41d,0.1141289196759313
1c6b71fcf804ee07,0.12535658464543598
2f3e4501cfcf6dfb,0.10547316385893876
e6dae542e381015e,0.04826201717365067
eec4124d10360067,0.04809857771045777
9105a2588a4a2770,0.1257261057009603
130f75788d8a46aa,0.06717915090082033
8835b5e539659c18,0.08225427722445025
d219e6e0ab855f68,0.11006061450178012
0723230fe86de14f,0.11130800173435906
e81853b0b0f8c271,0.05593892049448998
979af46a1f611253,0.12206748503263594
945f78f066a99193,0.07864492162857226
9fd22540f39891b0,0.04442727838518628
2631c1e94bf99eb0,0.16006906240650917
41d6c34577272404,0.05797380584439099
13285c2b73770aa9,0.07772881416407015
1d2b2b68357f4992,0.0524939035993168
5e3172665089f4f1,0.1663321871264577
9f7be9231e3552f7,0.14187245420015424
6e458ab88b4204e1,0.04482169888389105
10739a7eee3e87cc,0.045192308580908246
a326839f328dce7e,0.1708794141606443
2e706184335e4bfb,0.18143811402085724
e10da35ed5233e23,0.04078640912492489
85df2a159bcafca0,0.10748067255334141
7e459f89aae58555,0.060081506243324964
c5733fd52fad180c,0.1074719865961632
d78be06de4424dc7,0.03337062618737552
af782e55eeec3b26,0.17779696840178827
a5428b7d3e5eb0a2,0.07287786486940429
8d920a6bdb004f92,0.1827313240629816
f4be0e405024df8e,0.15175144685882522
d5059f8f88290d5d,0.09009206722024052
e368d0170d51ce4b,0.06552002638110463
d8ddb30bad626df3,0.062241449039492275
d1e892e5a070ad3b,0.05847621145007227
8a30b24e45c8dd56,0.09315069878423567
7616820e7f2f060c,0.040132471022101844
35bf1de33ef37b4e,0.16251827502505367
7fc73341974a9c57,0.17063022259101787
9f5bd41b72cee0ab,0.06324540675934912
44e5daba8a615664,0.13748524188737138
6a29aa78116608ee,0.11721732213638425
74c36fa527d5e914,0.06128676763198822
65e5065a97a00477,0.09770166005111158
2bb9d6b7e64b8108,0.035295727625124576
297129de9133a71a,0.0502564056939811
e6233ca37ff20ae1,0.11702664653047358
e6c230b1db202085,0.16662817680079184
042447db024700a4,0.05130719936820903
5347f880cf1bb93b,0.07864975738709358
f7f2f5d41652f6cc,0.033848646417855774
71ccebe269774017,0.03815739260913804
5d89474915222841,0.057091055903152735
583b0f485ee37a28,0.05287699513633315
cc5a91f4a1b878cf,0.23605403037121903
636604af09feb6f9,0.03932238267247115
9149bfd2414e1f06,0.10738685943905044
69c71a71af3a6a93,0.06058836798120185
5cab1ef744ae1f07,0.09767808592669466
2c01a13c5bd11b48,0.10311446830317988
3dd5148c39f554e1,0.0499349470271597
e55b6c8712632bca,0.08910966464033833
1e70f997f11d309b,0.06477812220752974
0b5140a69c454fd2,0.04458186767004989
bf3433f1790ded45,0.1145553151599148
848bb9f5e15ea664,0.07445975276668748
ddec6d5fb5e1d8e6,0.16547809133763342
483be22ba816efd7,0.06670684154696901
c5e5341d9853e204,0.07368902558522
21afeb4d02745cb0,0.06495187359049549
214573582fdadc69,0.07819517361720883
1584cb670481cd0c,0.15052496163061796
a5b74fec60dff97f,0.19077801624703078
500761048fa68af7,0.10908328760782715
17911ade8f9db4a9,0.08838612250270575
0d5e4ec73265e718,0.12626409231122765
9a23b511d19c5b74,0.0916849076888489
b0a68b6e9b5aa0fc,0.11374152626719122
f2408ea825dab651,0.0830675175296028
c46a0253ce15db70,0.12878768127603163
280ee758ffb1d1f5,0.08241194236414381
f120c6f37766ad60,0.05246206301005325
f0bd6e897436f50f,0.06552311240376868
d9838a74cd5c15d2,0.03151720327140947
ef4f4beebb23098c,0.1306536508632914
81e1191f9eeac89d,0.09424257154962407
38a4b85540a1d008,0.055558711969346794
583c98e432bf450e,0.0943287913452169
9319566dff410e11,0.08213211731465317
967a61a65ca3958f,0.03905836696306158
78d063e4b7ce7f7e,0.06630024694547751
d2f8e62df2e4ba25,0.1100903489575625
810d2f780629077a,0.1370774274685632
3515d882b6639805,0.10886471530403452
11e50493155c9e73,0.24598108699707338
4ed708372af004b4,0.16242746526788504
c4e45da34ddf3b44,0.11133673401031441
c8a93dd49c2a92bb,0.16431867359717356
0db19fe44a9a780e,0.03688758571907473
2b3538d47f1c15b4,0.04859465815302799
c3310c72d9734462,0.07878718801167811
14085746773f19af,0.03670004135068311
556db80d967a1693,0.0814021453602504
43fc5ae409f4f500,0.11889881174613073
081a87f22c3b38c2,0.14261824764733683
d375cbc133ed4f4e,0.11019287856454495
5ad546feb694ad21,0.0874913760211059
4f93720827de0ed1,0.08161382787328143
3aa17624d6ff3bda,0.038413539911348514
9242e8dc12c52248,0.11690089756211755
6842dfe6284804e1,0.193190546187323
0d73a6a834744d44,0.08728938164936983
0830204cd861c6bf,0.043346371529064495
66161f0924e78225,0.12146568949733497
496464a4d50db8c5,0.10699870323275473
06324bbe66728955,0.16204879839067976
14f78d4e391911eb,0.03848215610739125
2b82c80f72759096,0.05853765730880875
098ac1d81b9e8c1e,0.14617245805630236
1b76ea6cbf734ce4,0.039965167092152615
0500bc92e5b55537,0.05429062216076353
ac5aed573f280b25,0.07693828329682655
ea03975f1d5baea3,0.07153019732117125
88b17a552fbab232,0.11432841448558306
b8de7af9fcdbf382,0.15756442567720944
1200abef5b424cb7,0.03266485134905385
31b60e9d8cfa862c,0.045558134305697405
893db3bdf6bcd36a,0.1321088968665821
ceb6b035da1d3d7a,0.11318060846732664
4ec436f2d7284b90,0.046273789429325085
8aed9038981199a5,0.07546014964882414
0004c2d09b2a5399,0.10520835029854189
5205db0c297b51cf,0.09811202040015497
fa00a8d5645e29e8,0.05020846652234513
e059a125b2f75271,0.14488921536540492
0a245e9039a475ae,0.09650522174139062
f6dd2588e26ea334,0.13249492293894014
973b401c5b3a29bc,0.08584392205891046
3c3d0acff02d8d77,0.131705168880618
29614e0f15db6e61,0.1036158664991233
59556138531e1193,0.05678954018418733
6864e194fe467f06,0.09652471879751046
92d1a78a0805f085,0.09449191511976801
673c83d5875338f6,0.16001065135698353
97b9da49283296e1,0.05545145495165793
8e266443d27cb222,0.06501201127346935
01740ec6cd7d3fe6,0.13288770083670137
bf22ef3c96b1cf8c,0.04288306090375095
eceff6a46e6bb846,0.05687498355908291
595cd3775c548381,0.05174290414175863
dc88015ad74c395c,0.06061930018991434
1d829ac1fba966c2,0.053501228043358995
7af5a547c0ff87df,0.05228428567305758
42082090188c20fe,0.14997993019593422
f7c6df36a4354bbd,0.07925993634344
fa583dbce17dca3f,0.09104421279560673
31b430017b021b90,0.1727455722236405
7efc9cb13b2def86,0.19173153603409493
d06fda4e5bcfc129,0.24258115480976555
72cb2bb85767bcac,0.17579951272447034
50f1226e03b9f878,0.0615255295680948
24eed0e6d7789047,0.09857564315307549
d026da38fc55bfdd,0.0640911491806502
47c591c2bae2052d,0.09501502014030325
92966f857e0e8aaf,0.06348951838949107
56b22e07fb9e4c9f,0.21230373104519729
95e7a0024d29a8e8,0.11101391349006669
77413f2ce0fc0b0d,0.078259230695956
169ad5f354082bda,0.07631698226862914
cb6a3ddb00bb4caf,0.16783599340083422
c1351ef23bdee19f,0.06346719315241434
23e0eeea647bf809,0.07648776789738435
52cb9f8084c2979d,0.12085381266966926
7f071403034451bd,0.1946769974899402
64c6b8a675d8d210,0.09476933114626501
25bcfd9c6c4bc119,0.09027556524958794
68234d071437f6c1,0.044452187460659764
cdba54b09ad0a5e0,0.04797760037968657
8b2a453d25a9793d,0.221274101493262
379b3cf15b5cd618,0.04433166020738634
04f8b3d8fbcd3c09,0.0556844514819316
8db2aa7a87a0b0b0,0.1257931869558862
09904cf5297e4c52,0.12013904013499849
e5d6021439d46003,0.11919504827396676
87a2e4212129d19c,0.16434914273802445
e218c57596992271,0.08746347663312451
18b98da5b42722da,0.09103882666151936
449920a89db3ac7d,0.1285376259773477
9ce041cdc0639315,0.09918463987238918
722f357fdbd5c880,0.10735363943002871
d468cd43dc6a08bd,0.2090355425977134
9700c7a3ef819ef3,0.16569547733504902
b7f1d881f8c72980,0.049624073233232605
b23236c476c94144,0.19139169197211942
18dd1046074e1b37,0.07576059201594654
55f227029ee88bf8,0.06073528699894834
5e3b8e365345db58,0.05805231042376374
d97a5d6269148ed6,0.06667479065042653
ec6dfb974b3c0b88,0.17040675964945662
7ff4153e9bc66bd5,0.16524877119737613
70ade30377aa52d0,0.11208423108194646
e81c74c9a5e64310,0.15032330343384054
27609b892f19ce38,0.04582805281590764
665fe4d9e267c32d,0.16648131445238573
e4efa861a25c36f2,0.14646516355044314
707cf306deb0ca20,0.06451936503308847
53a0fc682407a107,0.11946155112541511
4bd91ec011ba7743,0.04232882854130042
3b7c880189ffdf65,0.11480425514315096
c5f1834657b1d9a8,0.12141058524611721
60a043d7036ea402,0.05655585966762537
d69dc65f9a8e3647,0.11507206704529299
c3978282c1335961,0.12317444080636408
248bcc5d97740cb9,0.08442050506103502
ba074101d0551828,0.09072458701105202
f22fd6cc76b9eb99,0.03591146715710884
cad3b5acbccd1a75,0.035248768632357395
4e3d749c5d0d8b99,0.11939426867991415
1024028ec93908ac,0.3072030073351154
db5f96700f81e32e,0.15536736202363977
d00456f5c537affe,0.050534415281612774
ae6c9a4ac1923d77,0.04862835090379756
5c4ef0457f9b795e,0.09219819248493363
a36087b510ed1bbe,0.1622813577224102
9700dc3668cb0d40,0.033082472276400224
e404394c28efb780,0.0973844341012984
0720a1b755cf55ed,0.11645790776838078
035439e10d353f33,0.06247118731838962
53421be12c0c7d0a,0.14331752155177524
c76422f9c7f1c224,0.03503168380638129
ca75e192477ae30e,0.06879038988882061
480e9e2f5f6eac7f,0.1139465153559493
b1b0c9414a07e81e,0.036569629523809974
e09f31da0edae6b7,0.05503316227927156
9386dbd09f1eea31,0.07900401597657264
4027ad13f744ab47,0.1592055504818919
dd57f9a9617410f2,0.1521894453605758
53816ae08db4500d,0.0890337398257613
d39479f04b318c0d,0.13158458117366412
5223cd189c2850d3,0.0764016305439167
8c0a9ec776187a0a,0.03886619373725121
387c460bf9c82eed,0.1117869361768842
1fd31e1faa118ee6,0.03674204057437694
49fba05cb591b00c,0.04827402222495067
bd80ada68eebd0b9,0.06697833081960852
0e3f686f072a8a0c,0.05612393475292593
84925d826d461c4d,0.12712049250314744
a7badd0bb8ead7cc,0.0959533774838989
e2c838fd32fbb729,0.07165074816699346
3a6cf220f53b4cb4,0.1047106208110847
9dacb79ad9fcf34d,0.06565833222647346
92aa4c1f7f258a86,0.1377151913904853
c85e22a117db207d,0.04358967596838735
c5acfefdb9e64f54,0.06368776281812268
26015640e05a3378,0.07503779496050855
834b3501453f5c5c,0.09872884356018416
42af151534cbcca4,0.04447564608380768
6342222ab4bd07c5,0.1703125995489094
cec95d0eb86b553d,0.12637589818994743
b4129a57f4c5c1ca,0.09307458536482685
8b51d76d9c838743,0.09129422402738895
36d6124fdfb6b5fe,0.08001431319128555
2212f9196bf749b0,0.1780743153840874
fe9345df75362fb9,0.1239601662501727
75774ccf0b19e8bd,0.04113812205082028
026c096720d1702d,0.13540886389938658
6aca91fcef83cdf6,0.09850556195195985
8fc4c42ef85eb9e6,0.2001016434546612
1b64496c26985a3d,0.03963795907261901
591d0017ec185df0,0.1051296812089694
028968c773b11f62,0.1177017382594165
3a09eb47d1ba4acc,0.03298316131980572
000019235d24a363,0.09132283692124732
ac5122e50d1ce8c3,0.0917245069707252
7d4feba02220abf7,0.03775591496621029
e59a3b16b4a6d416,0.16278095086551841
84a820be4f12f7cf,0.042505316518939885
2f535756a73607c7,0.19780845725058793
fe5a15197d453416,0.029437792624358167
dfe7a446a8aeb1c9,0.036845087290051495
0ba28eeeb91393c6,0.09768978738278575
6cbf1767b759c6cd,0.10952947157911469
a6e42b03d097a184,0.12850949915170357
da6efa9d56a293d8,0.1176094409821681
20eb958ac40ae3ec,0.04135158439957361
861472b884b8b80b,0.17722042688221468
83313fb5d3e30121,0.058682421768666164
75c00015b88462e9,0.24568908414866703
abad9a6070f32056,0.09563438023625259
dbb0ac574180786c,0.13554105316069864
1ff23956ddb48080,0.20275142396844445
1030748990c873e0,0.11591912477390748
3b392b51ebbe98a8,0.17468958675163526
9bd3ce96b5220545,0.049060593251923565
e80afbedc991fe85,0.19218537947903186
b892e30bd65f1cf7,0.04251690636950259
45be6aeb64cd6e75,0.07596075562489085
10b2dab220d2112a,0.1384497448127218
397e2c46ae990a0c,0.0706671876816937
19d3b02c14e869e0,0.05215582941591368
cd4dc389be000277,0.16780991140674945
fddeaaa21cf9f333,0.07746361955529404
c73cf810b1eec5b7,0.04128492176105676
2d89c6930c494b36,0.11399803531584185
731c1ccc4e036603,0.05185983275401901
a9448f44773fe67d,0.1104458336726967
89d7d09573e87744,0.16582440603082912
09a1c2b53c31bc10,0.11874011078971632
6c6319f9764e8514,0.25821791444284603
f56bb1ad09aacd4d,0.1510284359516773
a49d99323a265849,0.04227854954991516
3ee9be6434e0e715,0.1085650861357399
875debef7413e1cb,0.09467329322070275
a2d775ceeadd24c4,0.1573197041231882
18c8aaea7c834671,0.22306077597659799
df0c46251bada9cd,0.11267928784355136
aab9add2fbc56aa9,0.04286057394162825
a6fc3e9da5c8e555,0.057208441906960415
f637661db81b90bf,0.16917284545985822
33f67c649066e956,0.07387255416883783
86c73cb2d30683cb,0.10613889737235274
b5c00f8557fcf692,0.08055220809236491
a2c9a8f18d345227,0.12932430636582348
5ec5cdcb7ea71186,0.07393644949144057
0f3e463f9177f7f5,0.10879047624493934
4e7f08dff5d4d708,0.0993677949173156
3bf84009bb5fc3d5,0.17769501504370858
51395fde52e82c96,0.14386711835050037
11111626d4279259,0.0734193962973802
ae179d72addf4dc6,0.05015703559265926
e88ef89c0abd640c,0.04438574836814846
c514af589b1c5c49,0.0439270870858046
ff07eef5fb056c81,0.1460425215676492
96fcc4e5d6f59237,0.2635653106560556
28c21a0768568fe3,0.15309842159551945
73627db8491905c4,0.07099753960839328
99467bd1e0347c4f,0.03270270225534927
f68ba1afefa7c356,0.16352979734955897
f2dc825ecdbac412,0.046851308353042485
4aba146c1a03941e,0.045755628968684625
80d5d6de30bce75a,0.10524852551006525
07139bc3c4fbcf8e,0.14714260482058697
e20fe10aec859d4a,0.22004659346063715
7ede37b476b9198b,0.10086619053108611
13f259dd7b600fe1,0.04893466744298877
351f432cde665f41,0.047564066854988964
a0721905432fac03,0.19670694449582743
c64298a4451fa34e,0.10661221155940385
4498869b991b879d,0.13326000960483292
17636075cadd05b7,0.07907458243173436
f1a1bbb6f878a877,0.07775620482419635
0eb6903ad4fa3f90,0.08976232248889843
3188bea8d6f5b35b,0.142862161212582
c4c409536eb6c51a,0.04241540793668991
d280dab3667294dd,0.11060288677452496
52c6f5f136513403,0.08683019627643371
5090d67fa1877997,0.05613613660127785
16b61b14def64393,0.1139231974893444
baafe2fb18314839,0.03613021600196664
4dd870bba94a4e61,0.0740254570716786
09dc62cfe943169d,0.03640968063927694
c479d440fcf7aa16,0.14248497935221105
8afc03aa50ceaa11,0.13672530456206522
edde45a77638faf8,0.03378491824298735
6d7692d9c32c3019,0.08381572198978113
5732b6767099399b,0.06778694025871765
17d91b5e97f3116f,0.041595621675972735
0d8f39533be9f182,0.13339374715977179
fde5949373183adb,0.18230703081396799
958e0e17661293ac,0.16472935868268918
c5216e7c4a482059,0.05434498186143938
903c649790deba31,0.045809502156228775
4a0069fc3386e06c,0.11137030730940461
a8ed067c70e68299,0.16926331623143054
2739c45027efcd82,0.09961422330624942
9cebb6633780881d,0.19990724266593307
61795ee62a8075d9,0.0452874360371349
58f2b934b0d49345,0.1269413323807433
dae79d85843b121b,0.028638218405780624
2a1568df2de08c44,0.11577445147040623
ee4fd2a6e3a78dff,0.09314532744703274
b757cce25b9c26a4,0.05283367858644099
66ff45cad74a6679,0.07404349425294021
b0017bdcd541c6d4,0.05217166582965063
a3f277c9b5c91e67,0.07135668997453043
a5cf1cd034f1cbe7,0.1652510040337859
68c1e518bbf4e77b,0.06789466575345589
39bc60ddd2106538,0.09227260629607233
6efa72d0df99c34d,0.1486198471227223
ba7209f117ae9238,0.15202510362794183
7c5bee138819f339,0.11441440241563494
0a18482d62e5cb36,0.10521690975339044
8e35efabb244500d,0.044961584632826485
43a9275d59ca040c,0.12457200998919923
481df5704a84657c,0.03577255405550131
4d8d82c65a5b6227,0.04575393950038553
f93eec03effd7d38,0.2897431235419563
3ffdcb2a25a0754d,0.10959536060893611
95109279ae9a6a9e,0.13061514501500715
d6ee9c0efd68efce,0.08417732693100904
74c4894e7bd0708d,0.11038604204334201
d33fec8f45769c79,0.10275394788857624
8fa4532d6a6caae1,0.040415968257143144
3dff5467e3be88a2,0.13442166723230986
fc6d9a8363c4609c,0.037529490829569224
c9cec12908a9bfc4,0.0672757493880688
a971fe519809a939,0.05172683184866786
5ef5d379d20d65e1,0.08079759624280017
e3fb799669853199,0.12959550245440127
6f8c415e8466353c,0.08813658899286336
6a84824f0fe20d4b,0.07040648248884146
8cfc43e4b7c26f14,0.057835927610239556
de7c6a12dea21dcb,0.13404018009825058
d478e64abc5e2623,0.11138650022413499
437101bfe8957347,0.09800750012462606
6e285e3b9740ddd7,0.12775770326264152
c3ad227a535c2fe2,0.17479089039094378
8f43b3a85065f086,0.14405660217021515
90aa3a900822f96a,0.12380542530274495
c9000a6868faa0ce,0.15754176142808643
32a000ae2024ab05,0.04119860859256247
c4605d1a5e5e5f5a,0.11446781865816896
892acb659d8cf3f0,0.05861936104014004
c69855f3bb4ca032,0.0329462878771863
edf73aedf6b35217,0.0788619396991416
8877ec8e52d1ecc5,0.045144354932780115
fa3630178cfa8ffa,0.03523761050855374
9f5f7129d1af2116,0.08064979898862645
5e7e17e9ef20547d,0.13809653829442553
a0bb691eee0adcbc,0.03583897033867777
47aa950ec1d03709,0.07070993908387035
89b3fd466c092666,0.03668268460677469
f58ae0404d156690,0.041599158653872384
766c4ba6be3c0785,0.11601224005014549
eb2e4b71d64f3173,0.16210841998444425
4912ee4332177555,0.1352778400386513
2bef19c70fa1eb95,0.05680982494203568
c6686c6fb6297feb,0.18723832299188575
67508ac580fa166b,0.11467038092640777
ff311f69cd822985,0.06204244266731017
bfff1dc879c76509,0.09424953462238699
3d1fb3f5ce631cd6,0.16639882785043775
cc268338bd6cf9ca,0.10822055140569516
d5798960a3e8183a,0.08809443430747894
11d573b74ae9ba82,0.11103996552726096
8c8705f908dede75,0.16291099082382227
ed2bfbed36ac2b84,0.10455058817224316
89361517fc2f10d5,0.1761606474073844
1626bf6a9e33402d,0.14242098706319384
549de17e617d4cb1,0.0365159252377092
241acccc8c4c5c98,0.1513268736853219
ea3cd2074cfdd18b,0.026489004494491195
3482477cef332442,0.11368191505081479
4f0e6d903964496b,0.05496416053853927
55f5ac50a1704cc5,0.09444889740649991
2754a911af5ae6ac,0.04485246598463792
f2e293367584282c,0.2078935497168827
2efb3cb92bcc9b98,0.038791732741344134
5896699316dc3ab8,0.07307740697220103
2d0483ceb9c643bb,0.10531741651931797
efc8974e6723a58f,0.06794879729472238
a6a0006f726c94b1,0.1206619027753017
6f5c59612f3c92fc,0.367116305736589
c78209036cd357a4,0.20096981214083798
db9a3030e417457d,0.03846113161410888
99988b482a1d195f,0.1497569071204206
52e13ab6586efd97,0.16162210072524597
3e8fbcc54eca7fca,0.07636772122076857
5bd1113a10668c30,0.06808171289943643
4bef48512ade85b6,0.04829951609582625
2882464c483cd0f8,0.05993645414605715
079b1ed9350bf75b,0.09920343669417653
7063caa968c586c4,0.06743169937226916
ec19c34addb8624f,0.07978034747144647
8cbafbdb15a9de28,0.06710139982665679
a38115fdbf75c1c5,0.10349588892209954
6d8390c7927568de,0.0489837221914986
00981f14236ef71d,0.1543496227825538
12f84fa2b4c572e1,0.034883674231724254
ca5bb700586628a5,0.03719828108648954
4a7058a9b89ae975,0.057126008203670475
878bc0b3326ea889,0.042538449180178295
57f748e3454293d9,0.10586112788482938
07949795ad3e2e93,0.1272352215741816
8cfaf8d91ea4f1c0,0.05861558524631097
0973b331fb200feb,0.38309327419007627
fe33cc8c6e5126c9,0.048688188276629255
95338421b02d6100,0.14796934196574252
6d14e413603d239b,0.14617927247305149
8dd0a5354bcc36ad,0.15074389239679198
73e26e96853b1101,0.03933817857847882
1d9173dbd30bfa8b,0.3198091086491509
b8164626d047cbb3,0.10716467356229295
0fb7907993c4b37f,0.246422563863674
59ee8f98bf511a26,0.11215972953395213
0c3008cd7e493e83,0.15221664029686627
ca16172c325cea2f,0.04009502402622278
2bca85f81b167432,0.1514216539846825
22fee0166c140a09,0.17665375253785479
e2724c0840a5145f,0.08173686627815024
f36672a2c0e1cfac,0.03202252238587783
1fb583d94ee99482,0.15188792164518208
02f264a344c830ab,0.10327613408427994
4da6645d6969cd52,0.053484066121807256
44dc081e8f45104c,0.11419439697107513
2c2b2f0c44e4f0d6,0.06032943708382578
36b10927a5ef8124,0.17615820578978153
c1aaa1a11b02c7a6,0.06863993141839461
052a4c4d54a4bc92,0.15496054017869068
d52322d3a4091590,0.04477482466356908
836f3b0ea82976dd,0.08531102618013711
76fb069dc8449b55,0.11068217967184248
9c73e1140fc59c02,0.058583744834770704
ae6c780a01769bbd,0.09529827178006517
ef3be0cbdd14848e,0.051763242628490275
3599f0b9c0feb095,0.035503282513108095
88664205bb714f9a,0.04626631549963191
b978ad9fbc2debb9,0.10517215221154935
c82c9b618c165d10,0.0743688272506463
0b15c07bf352553a,0.1493452659672025
7891a28610913711,0.12456007218263651
ad4639fd4e49662d,0.04214189580285531
08bf7df7a564e646,0.06612507728024894
7ed362e9d16716d9,0.039861954301356944
0ad5b72ef7c0ed2b,0.08509542268562799
511e654ff2a5008d,0.08246412988249739
c2cd9bde4b5e7a21,0.12714789083967676
5b3e02e26bec5e7b,0.1324516388666792
89c64c8f9efcecb3,0.10565093110489335
a8f6c6e3e62d6b71,0.05758435525212398
019cc0b8962f5cc0,0.14418944792963712
bc4e4242db6ccd37,0.0328299629496287
3fff2ee4dbde3d85,0.07803676145882424
dc37fcbe553235d5,0.07200187395968785
3bd0b86bbb97a337,0.060713917568651396
4992d9bc07447302,0.05734021172024048
bfdf1c0f0ba7cdac,0.17405953437864308
a6ab2d1d53fe912a,0.043510986591073414
1891df3302c7b348,0.039335242976014394
b9959e103e10b920,0.0851630290920096
0ef3c10f8c9072d3,0.08149712539991083
a10619d97fb76c2d,0.039102888525028356
0863a38392b70b67,0.0698598972365713
60b64acaf466a536,0.12506457813296845
12e3e5d6d9c41e98,0.1411593640150391
9523154e7d045c29,0.1451215540772129
c75a93ff5b4249af,0.04530046951489726
254953a015ac6eeb,0.1725400752342504
800fca2f6db1274a,0.038885579374791895
495cb7b810650027,0.049003330366579
32f2ab9bccd62523,0.06919935308932693
710c1a24eaeead5b,0.05162152372425348
bc05e8a0b1a36967,0.08702230266589611
7f9c858cee39c32f,0.07850895206917569
d943890ab2a0dabc,0.11913836276080514
e8365a58644b452e,0.12479249154482393
8b6555b1e2375ec2,0.08949964284394951
2d05b7a2752c3cd7,0.06167094254383639
cae674aba0ce36bd,0.14085111773279624
ded2185f98f5d222,0.1505390712166068
5aa4335a084d6172,0.11089357800304443
ea84e8283949a22b,0.11292452459226468
e05b38abdcb5ba20,0.033567884436309606
1a8232cb16668217,0.039124470948002546
964453e5682c98dc,0.07289332880101121
6220fee3bc1e75ff,0.18975371964360888
44c74ce2f7dfda22,0.1914536664900151
0e420abbb67f6653,0.24837171238881534
381d753868abf15f,0.053735048326905135
c90e0c45f7fc22d0,0.03616643919946946
28cc75a35f51a8f5,0.1363747438796848
3ec9f6c06061e5fe,0.16131675798543327
b014ddae55b634f3,0.043609510335884547
90879b42c1e54236,0.12597418309276
7e62b4fce61bbae5,0.10844133488709373
6e384e2ddbb3399a,0.07886019544393372
6f07849a73f44a97,0.21090267595066192
f48a2f5d095509de,0.1153771778609615
ba999a22ce5b3fa3,0.287952795943209
ba9181802cbd9401,0.16370119468040062
bd73bd26225890fa,0.04960430028803118
64c38fe6742e3036,0.051476601829425
df243043992dea1a,0.10641230149039643
0119114d3ccf9eba,0.16511637581207317
f21453041c1dbfb2,0.11770144006990924
65850a53164c135e,0.04574877888183304
48527244bf10d792,0.07846552218599498
cd4848b0c5d09b82,0.08626287791170154
d29250c293d24f3b,0.1186995517195964
8e49853ead7a7782,0.056405928223053466
c4468c09563855e0,0.06133602305205085
06fbbe29034b7d22,0.0462903807177876
85f4de85a28f72e5,0.1688395910801455
61a2fd323396df30,0.06152194669370149
57131a5c1fd27b0a,0.08458165413325225
97148caf47baee80,0.10937199594184935
bc00a7f9820c18b9,0.04319671773569715
0774fb3a81023543,0.10380314138478741
26fce92bc23cb74d,0.1304714489979506
c97cd71a9a738f03,0.09019024563314616
e241738a2d4f1fbd,0.14927691930846199
da7df03e550c90ab,0.08121203709692876
35c07da89ceda890,0.15060884303067665
5cf499e1908cd296,0.08246451799636315
d8e67e20d907c472,0.08181120800886979
f3135343f9e7c1fc,0.17789393216842198
35e24477ff3e4121,0.09696239419068114
ad3c1d21283a66e7,0.10754201392363597
fa88a2d04837aa67,0.11050249341487636
3d8cc5538995bbb1,0.030836654428452626
2cd57b0959ffa8b8,0.05822223096308586
abf05406b1a91bf6,0.37863239160154705
0f7b3fdc5d781296,0.15238916727043494
03365bdfcc4be998,0.07101685592291775
b46302fe840c3d5c,0.10055676793963063
b1f966468fc49840,0.07844408481464707
6adafe7e6a6e6865,0.18104019893551596
e92c7a5333472aa1,0.11109578593018726
7eabeacacbf8b37c,0.09717736727469016
655d9a938cd682a0,0.3212873894908104
a26607cfecac0d77,0.06917255629443943
8d29e784c2fbc4ca,0.17971624186659574
0552a72825b82f4f,0.06844721734176973
8db26f10038d6705,0.0604246109142275
0eb4f40d8b4a0e29,0.06955400881241272
a1caff7700882d18,0.16111940760072735
ee70a37197156928,0.05191454388415233
6de1b2f62b6369e2,0.14332611088489683
9c2d074867b45c86,0.06351661974940817
36c975ccff63cd9a,0.11471385642520573
eac85b26c054de88,0.11863802079627295
318d374ee2d57a71,0.10485802248954329
ea743176167975bc,0.09238414136585338
3ab9fd28956b4c1d,0.048440124706064
478582ec139d868b,0.12465273026137999
fb9d44e71840eb0a,0.04665129161228701
bd4fd0a37b2b9312,0.11528065474648962
5dffe03302a0fce9,0.19975001817333887
d94e1f4138ee9631,0.0858507560414421
298ced22f474a1c7,0.10100556881513889
0268d1d90c8858ff,0.0771184969408853
84cf6eb7514ea305,0.046631849027332015
95d0de11255bad7e,0.04899986191206021
9df308f6f0758e94,0.12114248623730672
b0fb6fef1f3a5762,0.09701544689125922
3fe46d292459737f,0.031834597571203875
6bf62b52eaee324d,0.04267401640015675
8b6a50f8f0d1474f,0.14466351646118214
89833118f346eb37,0.05186739852269942
48fd781830adf147,0.16748502018366984
209845b666a00820,0.06453767102244849
f23faebe09506cb7,0.12416250687060787
5f9584bc58bae0e2,0.05153381816611964
a08d713f9ab75910,0.11004371259339615
5c4f577995e30921,0.16220419636337735
db21d37dde61a7e5,0.08617069003109407
d22dc3977ccf9208,0.07460577042231945
d0fab5e12cd60c77,0.038303965449604904
5293676c6774f75b,0.046165086843487205
d3ae1f0b7031a78a,0.05304928592910726
bf57f1265cfe2fc2,0.07170436231700296
468b54d83b570a50,0.05809393994665163
134c07b69f25f030,0.09799259505545876
2cfa14158d7d3661,0.10337011709904662
a87b1a98b2c48b05,0.0778310494374902
c0bed62168e9892d,0.1038852959598723
fc44e0d5137363f1,0.0734603524621883
1247308f81ebf41c,0.032312612345333586
083caac4b6cb4eba,0.12241003499155237
a9d470ae3ce0af34,0.031863420966626255
935c423d001e7dda,0.06485257316014847
d096b8795c71a6e2,0.1639408174750025
2acc0dd1e03e59b3,0.08460855796581593
bdba30d6e4c5095a,0.07609219723916887
57b0ac86659a9329,0.11869559076425251
23d831dd1ba487be,0.041363884191651656
628b14a47b392334,0.13554084857900975
76a400c7177ea365,0.06788485428772197
86ab9bf8f20612b3,0.08485479650966968
fb26e948e7444ee8,0.13859561996901767
367ec7e6bfbfc6a1,0.2215263341650899
efb297fa666f7cca,0.15491531837568706
0a0f715a63ed4738,0.08594558767569135
00b759c30fbbcbd4,0.16776353433115157
4c133deea22458f5,0.18115934751876733
b354cc89789a3136,0.10910966973209493
f3595bdad2050118,0.053117477217692624
2171a4f574746f33,0.1050948379498049
ce89301fff62a739,0.04546041188415814
f4786178a6026169,0.08665582885143988
e1db1fa3be2d2bde,0.10014261226380969
05b896a0d6b00e98,0.026750677074733886
89658e4ea0b49c47,0.1586712531011255
db78c841ae5796ca,0.0665544352036267
6af4698b636d1c84,0.07619790623204148
be3f82b0567a0962,0.05577367062284906
1dbeb642447425a9,0.039833964693987756
eec325cdb9dc0154,0.1104942965408278
cab58c1297ee8294,0.09135013856998506
97e9bafef493dc0c,0.0649671671166322
c738edb5352110f8,0.06166627895751018
fe298587b58a6ac7,0.18622128151484224
b01b2bff457f7030,0.0705489609904239
599065c0cda14c65,0.1402971517143507
feb91e47c3d327b0,0.07457196215615258
1b0d5c427077f7e9,0.09801333411145623
6c1338d0338c0bca,0.14372622359569942
aec29f6d68d9e001,0.03863129426746657
c6567adae6722bc2,0.11177761911481189
c6e04efe9811e16f,0.05744602419501383
eb86688c957ec913,0.0947295622134561
a450a6576dc20dbd,0.08797679093701541
b700f2322066f731,0.17499823372809392
a4302475b7326abd,0.15757884058175445
af5f8038b513a4c1,0.07966600945011473
0d73ab8c4cb1fa9d,0.17894502732067286
8ca59ee3a85773df,0.052079714204998726
e3f7ceafab0856f5,0.056568029198345984
2445f30cdcdf58f8,0.11798020631780604
23b0f57c015407cb,0.05378006098615902
2750f1a3f3525b16,0.04751583190580494
4d1502e6806c5f5f,0.07569218948184672
9cd2cc7d553443cf,0.07327474364196848
5e314b952cc18869,0.07129170513655193
e8851ddb49233587,0.16414636253776022
6339c240bbb14c01,0.07899693119435394
196ca6bac51b24e0,0.15985900273819595
ff664b7817ef187d,0.03490565591360226
1f50f2cb8e01a9d2,0.09249739362424467
f655a99b43cc6c6f,0.041528002466056
2dc6d88fd87d67db,0.083121805847997
b61c9fd4a46a6bff,0.03155944300022588
478a862e9bd10007,0.08696120188541745
0b9c9bb9e3bd1c5c,0.05541360549124724
8ba72175f80e2cb8,0.07810089944654264
80bd1c42bca86409,0.0898116089132874
ee7025a20728385f,0.08193259200075732
a94a734822cd1066,0.07554524580938521
9e445d829547acdf,0.09186358347252466
d08fa8b4d19b0300,0.1569479549838819
8ef8adecee83165a,0.14274714768117483
476933f8311d441a,0.12068281431965686
fd9f323abdfccd58,0.07652467237602077
fde943f5062e49d2,0.13121875257566717
32e1723a53483290,0.07596206625634958
3189ae9ce5829fb1,0.15139765451063109
a691ae869c7c7c20,0.1787446842786801
aec6a61870dceefa,0.08320196068204617
301339e42c2fd935,0.10148543506497154
33bdb599f03ad3cc,0.04178514764644812
ef958079692354ec,0.2994856288728178
6b9de167c2e2a382,0.11554539985696706
81a3aaebe87a402c,0.05966331783681872
78734bb73a549d35,0.11329256158651141
801a31247ebc0426,0.10166048521022228
703c72ed057e80ad,0.150957326140912
d512ce41ff14126d,0.04123179223087582
b14adfc6f2de5274,0.09296176996895497
3ffc252e11d8a5c7,0.05338417887657162
dd94c4e414636803,0.07290730331685746
089a1dca65e44b84,0.08556126658809715
95e32e732db3ccdb,0.0642882796600804
aca38e8f736ef297,0.030800418307071906
78b2b40abd748fc2,0.11796242740807042
2595c73b081498d2,0.0435035626958225
4821901eb98463cf,0.12446751326814712
81f36fdaf2813666,0.04553155171666981
1e80444ce87788eb,0.11632803718207757
47c976d0b2db324a,0.033413424740400016
76e7956f7212a4d7,0.05905927802064302
2f42d37419bdab8f,0.2119888069342397
460717034c7c127a,0.12742811193624365
f46b154a36f88b49,0.10870850692541326
af4a2f1334861acc,0.17681867123664263
cf562fd6a1ec6763,0.10547133306185846
a58fda4597ded16e,0.08584801179725879
7c5b545797c724f6,0.13778488533994665
cd2d2cade053f8e7,0.1304750892258979
0d42478d5f847ddc,0.03914353378709019
fcdbc1ca107a390e,0.15160209248246154
4a6cd78198d5a5ce,0.14154424611348443
13c39c2f8d3cd810,0.035978198911917905
c79d8a5d80e7f04c,0.04080455936602804
51a701717aef4136,0.18312265216560214
4e8d630667c21f23,0.1052598854597818
9b8e9dc382061f91,0.0644513962145303
fddd94710360c28b,0.08476308484853082
2c33fa5f3f2d5e24,0.04811286090732431
3ca87064dc34dde6,0.12444063621915868
c9d8edd3fb7bf971,0.09288133967114123
d582a1a34b5b977c,0.18717354451510324
2fd593bbcde3caa3,0.16647626861197662
d2f2308d5fd09adb,0.0494870880755447
dc6fdbb3f28f8f2f,0.12813337246947384
ba8e32a15085aa3a,0.12004055099821428
3ecab659633b8be1,0.1575651200538182
80f14a6b7deb5266,0.07822613744330717
6809016a071b3b5e,0.1419972668245659
d26156516af475ee,0.07833393974515887
7946e76f5438edcc,0.12439300568346132
b11ee2ead8527494,0.12702369547029857
03e49d963acfe851,0.06363752243668722
4a3e2db752cc071f,0.18495824850949813
6e5157888073a37b,0.14442974380910772
1f7bd653103f1863,0.08151713596488061
5cc0f066c9d8a28c,0.1221200398784229
61240fe8a4dc9a2d,0.08393724235566916
ab6cae9885409088,0.2773430980376139
c4e40432b0ffcfda,0.11139593190595853
1f7fbe6992fe8f33,0.0862838834976359
94953e6bc4d48c7a,0.09362314499290494
e1f4fd779b279dca,0.16472926611474004
38ccb655faf1cbcc,0.057006632213152816
dcc976ac3a08e676,0.0351501447072228
8a586d58683ab8fd,0.14309295686199996
9d1f98568599273a,0.03912881896456788
f5a4bf16401623fa,0.16210156092462163
42c6f25951f7db7b,0.06424915987376473
673b99f498fb7880,0.091597069138109
e4f2c6820273bf2b,0.19087164469929213
8e7d37f34a1f3efa,0.16808354755165697
ec4bdd78abd81c4d,0.11151890923577851
a15343296b9f6f42,0.12032274380127447
dd76563555eb67b5,0.1382067607278645
3ce8de8291ffa6a6,0.170190153398401
1d036919bb298ab6,0.05803352845586247
9579b233e83fe284,0.04978988446517631
be5c561435858f1c,0.2071690666227634
5cf1d9bf22b73559,0.15240627881751584
d5e3e7616edfb5bc,0.0438735770757189
ad00da3aa56f4d7b,0.04960102886777186
0ccceb1154debc59,0.12719085743327846
8e2c8545bf82cc60,0.18691999439742596
d62e1e8938e1c97a,0.2082713465373371
a8dc86e602a746d3,0.2972242527589235
c4329a7f54415286,0.08035088689574303
04ec4184a6a2f40e,0.11462579542696415
a8874aa6ff7ddd20,0.07594936353880749
c9a607048a5bc5dc,0.1662922456606709
002c27108f6666f6,0.09141533116464098
e4f6a20915cb1601,0.0654795089463529
bb014c28cd6924bc,0.12241245607446123
196e2f507f594bbd,0.06310419141442832
9f1be9fcf021fb5b,0.04115447882727695
9391d5f366da4c40,0.13771413536221794
3453a5ca3d904777,0.08355875929211096
686ba22e52de9068,0.056999848467903486
3553eafc050e9c0b,0.12471260364340692
edab086e1fc56c68,0.1643634212055807
d79a009be9287b82,0.09754959621112724
b86e1b1f8503684e,0.13470328316993607
9ad70763cc07c36c,0.16098944064098647
419885390abac7a1,0.035289156125020524
70bb28465e350bba,0.16974442284961283
d2fe3be15c7a040c,0.10908361022317234
df051580b1fd88ae,0.05562752967534032
799dbb3bc5de0bff,0.12257234160742266
c18575ea64f02a42,0.17697849081376893
bc265e458d29169e,0.15702345550086172
d59c94219a63b100,0.16672101917473436
0b79c6776df906c4,0.11608310183706785
1bbd089c39955fe1,0.08055002995541884
e07ee63645347087,0.10239268845705563
6795923abfe3b196,0.2626734970797209
f23bdf1e94c91124,0.07313419818186911
a1fbaeecebb55865,0.04463115186299929
bc95d3915a49249a,0.08315045671454074
c565efbb2d18144b,0.1747333560756472
321866d63b3b1b00,0.1487957915661734
50ef5d8288aabf7e,0.0593790394313396
3948549457628975,0.1475073747611144
b958074c10bc601c,0.06815107172169772
f075bd7b8efbf058,0.10242385122545694
f05a42508ffff350,0.15178857712021182
3c1c900935bc3285,0.04136093758630198
cba59c1afecb3734,0.09916273482526301
013e1691ae9f7898,0.043941241746591496
ff4fafab1f01bf0d,0.13692885434321192
16a52132c026c176,0.07361533331462722
7e6dc3264a60f3c6,0.04593724207367761
fde7be20171bb23d,0.039932029182220774
4709ae8a61f423da,0.1348757983339739
f2f7edc4fdecd842,0.03216848934110572
81421fdc47bf7d1e,0.09610259996461099
e130b6363bcbe974,0.05007815127805948
8b5dc994eb4224ef,0.061377899661612584
ced09e40d6cdb2ec,0.06337162766579071
b65873d2d6509482,0.07332648379402437
d663eee7b55b1c09,0.06177882081864071
e8ac634318c1c070,0.13378161185685808
9861a481912689da,0.03967338825886127
c170f4b630a3b239,0.3434970851396565
31f66aa5ebaf2ad8,0.12863130990830865
31bc47bb1448c433,0.04404832049521733
79eacc58c9cd0f29,0.1900286654510408
32cb3b1b23ea545b,0.07234169789417258
89357b6904f7d6ab,0.09063300858851603
0d9d1cf89bcda082,0.14624829051645172
7c15e3fb5080a6af,0.07098973544064843
a8580d9f4b1f100b,0.2948095510890697
ba1c0d81b8bfcda3,0.07921688888366285
d5c76d632f469288,0.1760614879596678
4faeee72bb8b4acc,0.06079099500462812
10875f7f7d53acdc,0.06606261688482484
3fb5a4da63283ba6,0.18014172527899877
6551e600570cb09a,0.15991712126666985
6b4949612595764e,0.060730298932286556
d45b6491898d0fdc,0.060859366679715796
0c40fcc6d696a66c,0.0840041846215765
74607a92b5ef932a,0.055877084785327345
e7bf586ef35ff70a,0.05731621043650178
65e0da070f27aa66,0.0588793930386929
38a09fd79a425aac,0.0855764042706891
aed136202b0b58d4,0.07693487104802764
5f5b7b68b01d1299,0.3705304913243127
cc5db835afffd307,0.07217341227750183
d8842b37f5416b48,0.10148088885577711
d8aee4335af252d3,0.0677239095559278
00494862dd9b9e04,0.09891626374394755
95d5441c82b1c46c,0.2580903429753141
c6e492bd428631d5,0.07180821552770197
598200ada2678880,0.2248100676114054
8094f4dc74add0aa,0.054993718051830544
6831a0024a1dd23a,0.0376538647395381
d56926e610462f66,0.055153334324781006
bbe39148bfc2e434,0.1598409910481461
1a07a83f589de802,0.10618086266210316
8210d5a233d3d65f,0.031733519056543966
ef4e598f566c9558,0.07916948313190192
c02b919584ea5cd9,0.05358628993875183
68bc1f08eb5258a7,0.18526681809751241
d57a9ae04f68912b,0.11397318210918986
fa41a48959374ae3,0.057947959477205095
5e725dcb74b4e75e,0.057853111237143096
121dbf76a9cf73a8,0.15851013019630875
a2383e552a5f2313,0.04902220415467503
378738808b201e0f,0.07300792783412119
9642ee1e267eee82,0.08803839871068403
e55cdf82fcc57177,0.07724301067210237
2103c3d1e5063e3d,0.05219577612339201
02004dc8e2729e0a,0.07294773689403505
95ae4af4bade5009,0.07939786094358621
8a4e103c92d62a5e,0.15577858925343205
c4414b2ee31b7e94,0.08425781804472798
0866387e16259486,0.11561092994172815
f0b7e616767a0197,0.08272430701019345
a86d2f80a3468f5f,0.0702473175955555
691f9a97e9645bce,0.039863488025777244
2f2e7662f26d0933,0.06402103240219617
72cbdcef4a6b4f07,0.12682864858810208
3ca15eac9b7ce8d7,0.13798218231402326
d9f713c872a26c76,0.1058510359887788
38c5cae3c23f24a9,0.06264511533739395
80e12c9a6e625e7a,0.15938630207231683
78211c4fb5585628,0.1474413215366936
59e71eb2f5c7c432,0.13958153087238037
b7abc4b3e6ff0e3c,0.03460117022489099
42eaa77ee15f2ca3,0.03524512950471215
bb8ed5a0931148f7,0.053958175212040924
2ca7468532706e2e,0.06455637850662803
98791c70677eb76c,0.10948897249361766
e7ec6ff3f296ed38,0.06678046450966238
7845f67130f900d3,0.11668590112503846
fcec4d0ce44eda40,0.106978450908742
0ac91fd23085433d,0.13211389725066616
ff61891d90f930cb,0.06944169425732097
41fb4a2210a6066c,0.135090082890014
4c7ebaf834966e32,0.03786961190078572
81aef88d712fdd5b,0.09413949620539516
36b0ae34db90ecd7,0.18234928714027804
72fff2ad28f42426,0.10517198586636008
717207649c078f67,0.05393522161781576
925d6e357d7ec158,0.14875252029514446
effe2d48627efbe4,0.08499549897617648
0577c43390d4bf43,0.4374398688518012
546cd9bb6f2ba820,0.07841103225632817
8a47c92c6443e7e9,0.1359242852289379
bc9467bdc8642922,0.07410755603715552
af91160b63f1bc90,0.16774207506308808
464ea9bea5384944,0.10698075927390294
b838b4792a3c540a,0.09965984632142652
11fd6e717c95ce29,0.12602897856980005
b1e2e5a1c0f42f8f,0.0934693982757647
222e74272be1ccd2,0.06960408416822182
21a85a0b474e45d8,0.09504285320796074
5c5c76ce21ac9a03,0.04084224536165887
98c3f3c5243d4fc6,0.05113926863485095
745be7354fe05a2c,0.039268863560046406
ebf17df229daa6aa,0.107916435547672
14929f1035ed296c,0.22036508776350808
af1bc354186d653b,0.03545291384970703
88e44f6549d78a5c,0.03995574986251585
1a5119861af7675c,0.050557819722282
4675a1f396e095ac,0.13501869593865787
306fd63061172f24,0.03359414848105048
68fb9067ffff02de,0.14910349652563443
93665736b22ae558,0.07482836101682083
2f3252e131fb28c1,0.12091087029971515
a90bb7ef537f3ccc,0.1009178674727434
f8c47e6a1ab0bf1f,0.10572743595623701
7f335ac0ff549013,0.05247166693280464
e9c7c37b6584e68a,0.055924897611158514
e2f8c99b54c930c0,0.035918027426241096
4f0ffae34b450b85,0.11815322979733364
94e27d2dbdf9010f,0.1691355811143168
db05b31fda1c2b1b,0.10013307897386134
af64ad7d713d5a93,0.10159925258058622
4d1462da71b0efa9,0.05609212910831367
04fbab7984c52c30,0.14911571452443534
c01a62e78e6d8a2c,0.09850243130152131
74f8579fc40b2d7b,0.05306711690625775
0eb2d3b71cf2b61a,0.1382633019647453
57788504ce4c82b2,0.13288221741765738
9e7dfd444a9f30e7,0.09381508296247804
0cd8b38e5a4b74cf,0.06964307801655961
e8c1c982ff8a6704,0.08008575671540948
36bfe943ee63fe65,0.08493870621730357
998d9f62a717ccd1,0.04115889555637452
8069d4397377adbc,0.04853810124496938
ba8f312910226da5,0.15695545466731953
37faa0207a18eb20,0.1429540324120597
c16962d752780184,0.1963528271928759
f1d62e28f903e96c,0.10580908288570416
8cab416d1f2bc624,0.14063808728286814
b791af74c95ffa06,0.2331768321517988
05b113e465a98080,0.07379848792913415
b17d9630e851487a,0.0935895229754817
92981268f9d56f38,0.1376268156457655
76775e095989aebc,0.03480646200164257
a07f4266c4b1cb5a,0.05666002633648862
7b5b1f94772d1b60,0.050945562415600776
4f8ef604a40bca4d,0.06494996481422727
673f3a4c0bd90267,0.054437925232511515
58139d3ae9373ae0,0.14275996081888276
c24d1452d22e8db4,0.10491953098843812
441d9763fdc1b0df,0.1816031061301443
d2987a3199c1109d,0.11756073282352134
cab99a91ac2562ca,0.12746997743182367
df1222f0cc1e08bf,0.10316011567416425
bdb610f14d1f9c0a,0.04468302711346805
d63652d83092f4cc,0.04986303426627086
dc121e137a206780,0.08539958940111539
e5fde6a720ffea60,0.0535271746393073
52f7118d77a951d2,0.04454420682220668
1b60cd7738483c77,0.13110881319115306
c7ef81c5ec66b855,0.2289446130498243
42a4005911b6abb2,0.16761474258450404
926e4ef2979d43ba,0.04215161944567841
936393261928dd44,0.10059168939672665
90b3943086a67cf1,0.07869690622254474
80b6c2497708cc79,0.09899229354031477
dc880492a16f61a0,0.08641109540996758
363fa6d193ea1791,0.05935287501937486
11443cec444ffbdd,0.20505610598445756
174e280d8c42163e,0.15986246343091007
d7fddec00bcd1345,0.09873623635458749
2f2a0292483de945,0.23996895250171504
2638757dc8ccf105,0.04080912951614811
af967b1ba12837c7,0.08200828724921427
6cf0ebd8925305ad,0.16833534659272348
0307e7dd94f223c0,0.0413695316063956
d86f818a421d896a,0.15531526792768507
95c76aa135d94e8b,0.04545143815508615
dfb2dc72331615e7,0.1494923425311669
b488c877787792d6,0.08486212696170695
5864514fce7556aa,0.10776755205836165
7db51b9dfaa6c3be,0.037404119684959256
475afd5ca8082909,0.11076274096283341
aef3fd34396adfe2,0.041990407895368
e93ef7b1eb85a270,0.07751649812436134
e643f5e629c7ab40,0.03365412762345337
e9234451a7ebfa5b,0.12224814365486547
e8b95693607a1af6,0.19399290643474026
362e59ee5f24ba56,0.10096723406115543
760d3c489cbc2365,0.05757152368724466
cdc43a10fec587b7,0.1692032614561422
436bfce1b2e96ebc,0.1425735952221889
8364b88b9aee50f6,0.11003545685030378
49b33a422ea5bc22,0.2201228482153539
7c87edf2fa4449ce,0.028457811045587776
ae4d87302f77418e,0.06774257464854783
80504f5553a663cd,0.05487366223068624
285102ab56c81c9a,0.09498948873011928
ce75929520b6600d,0.16871110194276878
90e157fa590bed49,0.1831263834300414
72308a9b8ed351ac,0.16585234463856202
67da97f4bf5a43aa,0.045238835296730485
7a2c3503f50e758b,0.12028284285027438
7c277b093ca6e70a,0.0402511744440365
e17cdb698e7793a0,0.10489332480189621
304f33ed70c9905c,0.10341735355065239
f671940234873df5,0.1445886682364964
4c60ff51f1a98ddb,0.07009277498992028
357333ab581b26a4,0.09292321687125518
c12b50c410a56d62,0.035646220396115896
280ee73ea3f9a150,0.09517238059585643
9794f61f2b35c374,0.0505396524543914
99bef954535737b8,0.15051197018646392
164deb1fbf6d3d15,0.08794085557482494
17f64dfc919c257d,0.061259627010809364
177f1a78be284fe4,0.07657739548363454
6575a6e55c3aa52b,0.11681040748619462
e1ceb3cf89c78b04,0.07908753183457815
2787d14ba4491e60,0.09360368239794317
47283a11f402ab9e,0.10323570652422678
3e13ab75e759c66d,0.14495120947197354
565632830f202280,0.10893905782981284
c60dd36532e24523,0.12881825732875332
1bbb760f70ac35fd,0.054656686557131795
5952ee73f64f8e8d,0.09779924343445834
0d2e12deb5dc05bb,0.08955708299638815
93cf50cff9e70197,0.12450513119171652
71a0f1d3a79f9279,0.08882509597750876
ff1b97bfbc1de495,0.14060113278370936
152d66dccd700ae2,0.1301753655082114
af9475d72cb09bff,0.07649443624573224
50c6ae4f3f0c520f,0.1491834839593577
53277c274f93827c,0.1303287556967856
65c28bc2a138b604,0.13618244049937217
ab3f36de97ff5288,0.03730605324145938
6e673b3e05a86556,0.04628122075076195
29ade739f5ac47ef,0.11279114311709602
d6c96030b8564b06,0.09758385274343358
5ffe88ee98e246bd,0.034311184616565904
b75847a46dbc7758,0.05904411929533005
fd4f072e7db648e2,0.16370360258232897
3b600a791eee47c3,0.10169562249511663
3205c60644f3310a,0.057006015259392945
37edd7d198365da8,0.24942052370751155
4aed77bb42b6c35b,0.03699278962991885
70b9c5d2c47a6231,0.14595476542631197
5aee71b30cf4e773,0.035077597192840745
3b6034955fe901a7,0.03911261724703778
53f7e37ad065a1ff,0.13864644301844217
8249af221f0dfc62,0.07642879346489466
4a798f098b3ac80e,0.1420850914325673
7859a3365dc11f7e,0.13819459963307076
0d6ab61f58e22d8b,0.06992051625019041
d90f47b845ad8044,0.11318285348896817
908f76b67c5d77d6,0.07667698250698132
2e13d0c9efbac24d,0.09068296861608974
fbd3509fdc1e2fe3,0.04587446682288869
d0c07aa05dbee8c0,0.05983395128903899
e2066400c0c997d5,0.130942338087705
9d002016fad484c4,0.37127063243794844
18105a09ff042e04,0.08154768743023588
97dbf62f03867f4e,0.10228201114659126
008e7b56ab9053c6,0.18190699251770706
e382e61b69858e84,0.03622008130491869
a02b2c12a9b232a6,0.0720711433500835
5d4eefc602f1a815,0.11812143887791596
8c8faef5bff7b3c9,0.04791324379517878
8ea4fb1f9e66fa76,0.038427153046935635
22a32bb8f8bde6fe,0.13311470047528173
6a655866f90d61e3,0.11063656599403848
b15548596622ebdc,0.03794619449498668
e6426b5a54e4a972,0.13811430530449736
2bb1ea15970a2de4,0.0475260778824384
5b2c1fc3ca8dca34,0.042242150503183924
b26bc3d1078e5a5f,0.060380181301722846
9db2f38d40ccfed4,0.06583795587709958
8481c054b0537a7b,0.13561852972586202
c4016925a614e39a,0.10018194402297725
a6145b00b87ffbfc,0.2243640400297893
856c1f1b7a16dccc,0.03775807487745024
5db9aa657576b123,0.035009871214325014
e6c91e69fe022b81,0.38239258778134494
18323213899682a7,0.04060610221775242
84aeda77a9eaf7a8,0.10966134764358001
60aa7eb39a1066d5,0.15592773255299935
011908fe41b2ead8,0.21343535643535355
95a236faf4cbd0c8,0.11355096143031694
c58d93928c4b43a9,0.04256010808432936
e3d5116d0ddea646,0.13343346912290066
3d33771711b587e9,0.13352907586303603
ca902179e21ff302,0.12603654150655522
4b2142ee3d149d15,0.0801945802204386
d78803f699e1394d,0.1102372720774378
ef2d9881a6438977,0.031915599813515834
3b5fc032ae2a290c,0.069761021446982
9d5473cf79999f4a,0.10290118213349644
9aefa72a94558b66,0.11448868871804127
78cc36a16e5afd3f,0.08090506271939304
0628d45dc33a5639,0.12982357704150999
bc63ee6da23c5dc0,0.1715534360807034
5a69761001b7342a,0.08511646463612128
f5384c1b33a306d5,0.05449957861319953
9f4fb39fb6e8b6a8,0.1252872787840389
f7787ed37e4b9d05,0.13095608699913858
eecdd457b6c7edb2,0.15825131712573706
f36c01f2f7fefef6,0.13618657305951082
abe3d414c510a7dd,0.09292571271197503
d1f7dc9b905e0fb1,0.050160596984259856
a97c23cf1c8d474e,0.09458337872268362
fa77ebf418dd2361,0.04671868971005887
4fa91df3f09b649a,0.1412787854146616
4c40bd5075d26ea1,0.16544876318352686
559cb0c10ea413cf,0.10834702646471919
b07714f5d0a305a3,0.12973939004302767
ac26d06332fffb35,0.05602600742851527
f3a18a7976f15c5b,0.061912396824387386
bd610a8daf3173f8,0.03177336715814034
b4db2ea448a373cd,0.04455822852541702
a9e601aca0377220,0.1386862217688008
7580e5af192dbd01,0.25374146962957755
3b50e09f1d1584b8,0.11217512588535675
e752099897ef3c84,0.03597006348808243
9e556374eb31bdcc,0.08810991088869924
09bf3001382d4d51,0.05399294039126271
ac4f9d21db6d0551,0.09007013380227119
bab162c780dd5d3c,0.08491257656200066
1ac05275c95e2b9b,0.05265033444784553
ba53d76ac3815303,0.11237834274984373
731194026ddc8a00,0.15768983889184784
565ccf55ce0f19b3,0.05355578618779931
c610846e274513ff,0.09303370206943133
4f2f55e6f8f022f8,0.07898581498270663
171594c12d4f22c7,0.02993003901260276
fd9a29be83f07915,0.06333004718263471
0e69e13d2585552f,0.2421263277672136
8458a25c7d299656,0.07024550964929016
36510a7e2e8cf5e6,0.13158838949793455
4c689c2ab0b1e458,0.2606998298932479
bbbb01b896a60659,0.07793111222805658
95a6091ed902a1c0,0.08134556233455595
226f1fdbdf45c3f3,0.058946517007400875
b3776535f92034c1,0.04807100144128494
e136a41bbd9d2ebb,0.14006017650268038
2acab7498f95984e,0.05251483575559176
5a97d6bb500166e9,0.0906509180675106
53ad75887ce27a2f,0.044262819688175165
4bbccacfaab6a76f,0.10772224275784492
8d5dbeff654a20b3,0.03907074778284235
885918cc4b58a92d,0.09052242114492393
c33b954ec9e9d53a,0.046797096548731376
c73aa72e6960366b,0.10464584806498234
28c265c8e738031b,0.17668934058560104
16f59244fa16b9c5,0.13874382725957018
ab1bbd20f2288ef0,0.06100331770409286
21ce9f486720b00d,0.10432529711046062
ea98936cd5a062ef,0.10372864543864278
092b99905affadc7,0.13527260428393478
f8a1935cbff0e3e2,0.11127655333086953
557ff2105e2227eb,0.035888499122713344
e28b4c1e7eede953,0.04150975669534672
afcd2875196e3514,0.11093097509143386
622d0c5c885e5d67,0.09818694397566174
5ab123deb8c8e0b9,0.14399620060834012
d70f7077ffdc3675,0.10226985883134712
ec0e23575480409a,0.10882821696125165
c42b1312f2466d13,0.06872584019670518
58f7c9cedf508963,0.26291604111208683
483a6a2fc6820e34,0.0572755098881388
9a410bdaf99ab250,0.16569341343543684
27d8448c7743312d,0.11510227504072404
d22510648b60b80f,0.8687271432855664
cf71cc1d5beaf427,0.16185330540596693
b16d96c422e7686d,0.14074215230267792
f3bb00d62eddf347,0.047069303383324164
e7ad214e8e1b87e3,0.11190536156224816
a149a81fa46121c8,0.052310588883571985
954ac0304d013ceb,0.15356219142007205
5fb61c8caa291bb7,0.054428551249392464
b3e6b65c022e07a8,0.14374811593910808
014590f5ad393d98,0.07708249966954954
fd3098a48d0565da,0.026672310454798065
597dfb91140f7a43,0.04017573854718275
29c72ad86d92588c,0.044114789739659044
46403e8726688e63,0.03578457909912411
586f9bad93615a9e,0.2135890636049529
518268ad7eaad020,0.07819348016724262
eb68006674ff7853,0.10788447562279735
829bf94f3c7511b9,0.0953551441521826
472338feab38fd63,0.03866427137124393
e2eb7c00452da3bf,0.08900003784848412
264d5eac0a3db4c1,0.11622569943503551
5dd40ed8f6931f40,0.09476283318451015
ea07294f7b9321f6,0.07707736818957549
800d5b199211d908,0.04112740845579144
c26171ff73291cde,0.14760436957255485
9b039401395029d1,0.05728439943816549
149773fc93e82e0b,0.1696695329403762
377962b226c4354c,0.07108472714570321
b33ace47f8c9cce3,0.044041600961371385
5898aee0357167ae,0.06116900571897395
5011475bc46160b0,0.05977185648443045
49403fb05b28bdc1,0.14835315863411608
d64f9b8328cadfcf,0.1404056859138638
8347b5a18bb84a35,0.07057493470651774
a72c9158377598af,0.07463617669976713
346932f67e7d808f,0.12263002037669563
e4962aaff0cf97fc,0.14108464001820897
d63549a6e599cc24,0.03562707077805222
d013eaf626e99575,0.10176621393552654
a7c0072db3d224b7,0.11535641055475664
b87493b15c6b1e21,0.08185646521276074
cd6d6ab0bf1601eb,0.08663020697693782
fc7b0d78438f45bc,0.11336854748239375
b53e88867e63ec5f,0.09146685400553317
1e1e7de7f17a14fe,0.07977539857701395
fff1df28cf047de8,0.07259233989092985
9a4279b8c94a438c,0.04092660234964189
d1a19d29c2aa4b9a,0.1250040905482982
ea65ca7ec57132e3,0.10796234724253032
35cc6e8b29ac28d6,0.21847225101220186
35cebb20cef64701,0.14321034000470945
03c27c6fa94b88b1,0.04289074712340733
654a7847a4c3d0a9,0.2150550141677885
d82da976d107c4ef,0.16852847709793015
0f7cdda5aab7cb9b,0.09056455442856334
511e61b096246922,0.0709577012909694
9bd56be8ba9524b8,0.1516713293546974
08980e1d210b6aa6,0.10252277507208166
c84430f350b3a159,0.08444160958036803
152edc8f6b8762bb,0.13884149331148524
a4a8682aa22552a5,0.1076886178909621
5448387d25232e4f,0.03356471678024
86b5af3c99c2229f,0.035084652987644696
a243c84e17ad5313,0.11112175719698039
1cd4111d9e2c14af,0.03608405428311916
d6596bfbfd4cc049,0.14398713955709078
5f6669357f9d2602,0.1331560645724836
8ce4d3415fe4440d,0.1022093582342398
b7804e0aef5425ac,0.04137763757941019
a68ac8503924dfd3,0.1397439037915331
0ee54a169cddc5a0,0.0717952780549407
91e67962d58a2196,0.08734476646028072
337f92313341198c,0.08458623635761345
62fdb17735fc24f2,0.0711690681344197
32070e417cceeade,0.09208709001960491
d10e86cc3232dbc9,0.2279363682697925
9e379ff80b817265,0.14694639409637483
cfff3503c56dab5b,0.03902184015854958
9f21d3f021ded79b,0.05523138139297157
5fe69ac7610324ba,0.09868354025541062
fda80e0f061a2a2b,0.09935379188681369
e5f50a39b4e83fe7,0.1284719472658589
b7ac8ea60b369ad0,0.04674537765873059
f4aefa9fc2e0d241,0.2209457124227433
0f32bcb05a22709a,0.12405213643980328
13334ae771ee01a2,0.11306029032937179
d2596a53564c0b21,0.07944980337186078
1a90578444c1c9a4,0.06642500197563485
38767f6c13ad1bfc,0.08753346507784364
8d312d36ba150056,0.0574079806538762
c4e9fb7cce4bc726,0.09714434430995009
9ff220beebc71a5e,0.043607410973904574
24bb5e20d933da44,0.09872430882512563
42f6ebdc63da37de,0.10551504212541171
39f065a3b51d8011,0.0462286448269518
adfccf4de2f8f9e4,0.07258096267638398
bb73756443a5eee4,0.079656984199476
0d9c7ad016175e4c,0.10013418940944854
01d6dee3fee929b0,0.042054171482386604
4c94ce26b7eb0794,0.12369885607740981
184edb2637a41d50,0.07901334909603289
b14c8ed6d2ad7039,0.0367509869064517
efdd1d7495765245,0.046529204057568316
affe3b0f590fae77,0.1560754590795325
3edd7de677b91b05,0.1074649883074984
ba9e4528463c5dbd,0.0808729312458886
8be8330f2029f548,0.0705242123671283
df6e6d77a02918af,0.06237899019197825
33d9746c24d2c070,0.11238819835062978
e51c785618029ad1,0.14700987725422499
d53ca1e375f1420d,0.12530273848025125
d4133e84363708fa,0.12799476639775142
094a4df459f84f9c,0.0507888311030629
c95b97cbc9622e38,0.04962748754996368
8a243d50081a0a41,0.13521520836806009
f6f2fd05daf66b4d,0.050101938587701386
3b5e52e54ed29ece,0.11763496440295612
144d292add5f41e9,0.12233686946114627
49aedb77fa2fb4fc,0.12118709604866869
81e5d80b657413b9,0.12649064428419798
fb21fa126522b6e2,0.09654813839465831
3451b921fd37a93f,0.12498282741717881
e25080fc68263c8a,0.179500566036087
64f0448c8bc4b1eb,0.030369050432515463
ed89496194aa19dc,0.08607333566211833
fb22f7c013b24779,0.1255777433565704
1590a07714e8a656,0.039376947580228694
54ae2ffdf139cc38,0.04919492342498827
96bf13f3fa835169,0.09400556710096228
559cc1345795571a,0.061406119025437966
325ad194b9f588f7,0.1209239410491404
13ff609306472199,0.137313339434614
3c87f31b6953fbbb,0.034938958218094084
2dd14f20786549ef,0.08119457183860743
be72fb5da729ec70,0.05063081783276511
dea2b01ff6868477,0.11569797276820432
c7ffc036c6fcf66f,0.1218582867596917
67b0cdefddff90ef,0.12372319146791641
eb949d7c7beb6354,0.09550180337634609
72dbbe8ab710128c,0.12374146728900665
fe50a3aa77d27195,0.03426264883207543
b7dea5f446a371e0,0.0634419119764573
3b6627fce4fa7c6e,0.03655758127728337
5766e8d8c783a487,0.11560865936133521
818813e68f11c85d,0.0920113510952138
4efd1ededeb6af5b,0.08483881718943737
7339d8d336c0728a,0.08176388372297085
5932b86b513569c7,0.10947686686516866
667e3c34655efebc,0.14552466796903407
211cf2ea67620b3e,0.15469920802134568
73ddd41ae18acb03,0.056913705558733915
b7d7b9bb940bf7b0,0.14889149758877726
672de9994012beff,0.061144079345896746
1fcb989eab73caf4,0.03402225790285021
1a8eef4f4936cf0b,0.07127594963238128
181bfbae0ed5b503,0.02692247996778512
0144b06a9d5772ce,0.17602649024779088
a6d79b35c359d2ca,0.16218548323441537
adb1f5a83ffc8956,0.15795366630678653
7fe7578307634c36,0.22650763692788806
ef916f6bd9bbf8f3,0.12753927752149014
261b4b9303f16955,0.15080112593140055
bdd3d57f2dcbf24e,0.04683308620880958
87478ecab9990b69,0.09430407581948669
00903281b49f7885,0.38011770366010045
faa54ef489380476,0.14974350888687404
afd67495e65ca43e,0.060349453348344295
3cfeab5f2a521bd7,0.29076029704854
f889243e554a57b9,0.13366419160920545
1633226e5baee1a0,0.24962226222564426
09429539f12260dd,0.06539463249692787
4642f19a02b65fbc,0.04878337121939247
454379600a0d58ae,0.10454702115543127
806b67c9407deaf5,0.038471418830067314
64147a091385f1dd,0.05177641092633606
410684a9ca496c4c,0.050144254704144665
198aca03e558bad7,0.046946758997199946
19112c76b72e70ac,0.04568353797162618
33cdd595d6f64465,0.04926051661403967
b678efa350251d1a,0.18789607104051936
2773ef74c8379c3e,0.13915813566397456
21a85668c56f4a28,0.10091466651929432
ad44c67c941b730b,0.047649507152053405
afafaec6ed7cb894,0.12066226624936838
7b2afaaec11da7c6,0.09989312724974972
14f8df83cb5fb959,0.13173899358151325
2fa6287a9d075ec1,0.07854077801275212
a20301029a5e8b78,0.1337240305776154
64c226150b42ee5c,0.11003297422601596
7012b66ec38b6038,0.029285670728507456
334a43b3d7746442,0.1290216534226236
3e39b50358f01b64,0.11113924277446091
dd424dd258080c0f,0.09049003915906445
b6815449a050c02f,0.06433293897998624
786b0bb1d7a4dfb8,0.04638857956861356
bfadd1b4779947e6,0.18215509280927644
23bda92c60bb92e1,0.17776597784525155
20f374eb224e1a7c,0.045421349328945794
04bc6e2ce35edb4c,0.1623394448931127
f5fe2d58beb86d40,0.08737322832751587
203f3df885ff03b3,0.04156512718015979
ac5388e6680db6ba,0.04325266752892533
20a190db150bd0a2,0.06723056963641688
03b8f432ac8e3226,0.09543473222183095
800d13aa581dc05a,0.1428379677856071
32ad97494e39788e,0.15997078794739433
762f69f875d0a0a7,0.11996111853928526
7102288564065a58,0.13584282741944392
a244d35bd0a46b86,0.11466351483584478
9fd85d10d8d80cd1,0.06755524816891698
cd37f417a290a412,0.137052383031749
087a61efb373df95,0.05642109987825808
5cc1bb67fc9fa495,0.039643222956787634
38260167161be0f4,0.11101920393818152
377d6156aea5f7b3,0.11992382919370018
de73631ba462d9d8,0.03482601050127555
c6ad617675fc82bf,0.16003709664930155
53c0301b075c4edb,0.05750522032475433
d5d5bb7bc7475a6d,0.07069287477916258
2785f7c003032f79,0.07775678133886352
bacabfcb41e851d5,0.17897281817925176
930620d9c45cfc16,0.11939532601767189
a2253bc60bd26111,0.09936462115287943
48be98b0da47a60d,0.03729528605146684
4192611de72c647f,0.17275524160848682
0a3e55a0415cf1db,0.031122794208281047
94a41eaf6c166f8a,0.044050186800440136
65c588ff0e6a0940,0.11804866021553781
7316f0f5207cff7d,0.15539187232536966
fb48d6120d40241e,0.0345785790990693
83e835be4b7da5bf,0.06616432413598534
be007ff41dfe8e33,0.1725406308371204
ae762981ec3e2222,0.20376120634674427
9cde4da63a470364,0.07452386315915123
1e641e6a0e15cb0a,0.21354231275791946
f1e1bfceceaf5b3d,0.05146226423529516
b33a9dd2d6116451,0.10608156838743349
6a00f8682a96e6c2,0.06938368593701535
4889bb3fafff04a6,0.039985458140009804
d83965adda3948e8,0.1383314456735233
35ebd3eb17d43331,0.12372955885366302
4fddbddae3f8c321,0.056252520062953136
279f5d02ec1d4618,0.14386583330916622
18dc05e08437b19d,0.09960192479407427
fd5e41a3afe867c6,0.07404292484168529
4dfc9b4693d64425,0.12276862667751087
38efe84b2371909b,0.035109054920552274
d5ab3634461fbdba,0.1116526584324998
88ee52d04ccee47b,0.1497050255500291
311d0a7d1bc40182,0.08220898784445929
ca3eabbb86d9d394,0.10929947383875066
0839345320590491,0.067950820949794
3166da0225b35bf6,0.10270151437557255
4fdcce92f68b7529,0.1660775959409464
4c0a03f188fa9938,0.08630365923485164
efd671b84d562241,0.04305266253512
a1be96b06611a4a7,0.08872325054197708
7c15209ba7808ba2,0.142948885158164
b4fb7e75679d28cb,0.16901846795845474
095adfc07a65ed27,0.09210762605325487
a19e6a028348c708,0.031244136398489983
bb5e510a6639b43f,0.12483667328876336
fcf27b9cd834eeab,0.04416314231021995
dd9e809656743e04,0.09480712653812336
9cf20fc9b8513a03,0.161422554521194
d929256e10f5e94b,0.11242502949466052
c7372107d1356264,0.1559130199297582
fb002ae965e2435b,0.07275978983847918
891d7ae2edccb735,0.13780383454938278
33b3795f9d4a8ef6,0.03562090712665849
bd1c976bfd04983e,0.10066697357356928
22d26961eaf80875,0.20920385077100595
3267d0aa9600286c,0.10891394635353197
f85b98ab9c2071aa,0.045424133813785655
4b4c86d64f258caa,0.10695583869093583
af271d6d690a0b0b,0.041145069311148766
8b1bdd0f68e6ab19,0.05319197554526339
aca740ec2df56ecd,0.1268487315238595
66cae06936335046,0.10623582745870608
8aa96ed1f09b6e82,0.18752211567262395
fb089d648c0fd719,0.07623294742912075
b3b39f3310bed9f2,0.0991932434396719
4c9ddb6a1c08a7ae,0.03576483624904112
8dafb6cdb58233f8,0.21923530787823775
8512f25e0995f115,0.12711069861442256
3e89b24f6780dfad,0.11349767950548136
811b5cd3d60f8f01,0.10236204299443627
8cecb78a9a20021d,0.0648046959606197
c726d19506a1a864,0.06645723275659543
bb71d5690f654fab,0.12558701522195992
01fddb547603eef0,0.08932396157119926
c6592de36f791128,0.07190315816618048
ccde7fc6a8ec59a5,0.0684933145284454
ba6d1493e3a1c1ad,0.13063010283398266
7dfaf88276d52a5e,0.13211571931727065
c09d65931e21624b,0.16435968351074065
f9544a6dbd4caa2f,0.03980300871987531
b374ef23d5ca3b3c,0.08842963359011416
c51f8b67a66b5aa4,0.2806285532320395
4793cb7dc1d36c4d,0.12966924210738634
c4a77a4226cf0e3f,0.09236049672688451
11b46e06959d7824,0.1630812216833001
75083fbf03436018,0.12915557474107114
44cc96b7436e60fb,0.15220938467965195
9c78ab8c7f52b1ad,0.08067326813483702
27c3ba5b3d6374ec,0.054057784563415937
09bad77cec8a0ea7,0.10992400950431233
7e5eaee69f7e8e60,0.06696221675264548
9701beed4cb2fd40,0.04315571933547247
a886ee5f5e57d356,0.02955399752094124
43322ba6466f83ae,0.0770829739773544
39ac7a6c910dc826,0.09221227801158485
a7624810eab99b39,0.10014379067552234
27ce336c13dd7f0e,0.05721859975737152
35ec56371ec7bab3,0.12050471639678342
1033972a8d27b8f3,0.16442043284820748
246fdf152b78ea45,0.0485472442825732
67db089b7a0697c3,0.04605776712338958
51541de4865fee3b,0.08060987352884882
2e0ffa5c733d2a47,0.1830473916439334
c307a7a1d2e93ae9,0.15214818257333798
60775afc974d2192,0.07775355073590068
1af8370aec8adce1,0.11815579225640307
7adaed59e375f94a,0.07665091973930432
d3f971f17d9ab0d0,0.046965982558127804
f1eff57932ef0f4a,0.1204940170495361
b41ea8380984305d,0.11082374139125034
dac2137cd3aface7,0.1284112245666014
48da40bf199dedce,0.06485545914220286
2c36f80cd8d50da4,0.03631761839635401
e45c5c285ae25a13,0.11767221830464963
d57fa89c692abe6a,0.14432047709452284
0d5b889f910953e2,0.04511566038749667
a2bb73ef62a1fa41,0.14116778131041313
161e450caac64b0b,0.0734001940799295
870239c07fe84d59,0.12347702607451148
1a510d36c73a9190,0.08904901058113798
6365e056680facbe,0.08333076518042706
7e5efd56e82bc148,0.05211977602034758
8ddf8d226ddfa267,0.03932138185383721
aa2927ee663efd7e,0.08125015862691909
1969a71e6c309cce,0.07192723562527709
33e3103e2045fa64,0.04212759405782529
79d3953d4c100b9d,0.23005624445403455
8a0bec565c237aae,0.0872639572830159
e7b2425696ad04e1,0.04634888631927642
1585c48da5187cc9,0.10642752642010926
b508d898d174eb05,0.1246261030230384
ae96ed3d88eb7aed,0.053660252936179986
3780b01a20d9aafc,0.10929208951497392
5d2ea0bc3f49f99f,0.11149230797309638
609566c49b16621d,0.04161960405811546
52a50658bfe832ee,0.10048487882706231
76655f684bc2518a,0.06422753054310472
507aa51e38d00459,0.07123012017461824
e7edc5fb783b818a,0.04988067593129058
3488c9b765c1219f,0.04066665345781628
60726ee6707bab89,0.172153413204848
724b704c54783fd3,0.03274133069541145
23405c43202f489c,0.060902778808956864
0a275c8c3adc1e3b,0.05726445874533251
ad727a83295f79c1,0.19811902616666574
9fcd517a3727524e,0.09326073878968283
c1a15f34e5189a8f,0.07592820873388698
ee586308edeeb5fd,0.1322253587908463
61323c4c907b9667,0.16919815925417087
dc6ad9b2ea237556,0.2366942173298255
fc261535991f079a,0.05834860270742235
199f8696fe22e8f6,0.06967117746668088
80c803fed1e7b815,0.03966210585512084
b3645ff1881e6181,0.05414620585201238
f077bcf8ba579026,0.10349744945717534
c98984325495234b,0.08793089561311487
2b1acfb2885f0207,0.05298103421911163
58aea5fe94bdc9f0,0.08032697215683543
13ce2e76f9ac9797,0.12251336808711266
585b1ae5f2fdf9d8,0.21456484814683363
c02d00f3c935fac9,0.07167289451284106
961c1ecf22020dd7,0.09150270148083467
34a2c0730076cd51,0.15298369955374194
f08c72208c842a80,0.16458425256762013
3d0365b300b08d12,0.1115354889223613
7698d1646b1160a7,0.061553035843344026
46fe0812a4d6a0e5,0.0705189293432151
1992a8cfd9dcd0a4,0.14951313891277607
234824681fe92370,0.05020533540894048
66dae8fb83f01cda,0.05316681418262942
565a8741e734fb66,0.07653479021035596
85796d3a4623f1b4,0.055353849401164286
980c038df259aca4,0.03747340528939117
847d49fff22ffac8,0.17438135739397087
3ab579aad87803f2,0.03638167610930937
7c287939d256c04a,0.05209803466758896
9b56b63c1ce61e36,0.051762380639728614
2b2beb4ade849fe5,0.1304363006246121
ca97e3a639d0f212,0.06933329075566533
cdf0a515724936f7,0.08033513098263143
f0d9600d63271cb1,0.17663860428362682
61f6d6cd6e8ebecb,0.08576727342475121
66bb128d75c1a31d,0.10531673877324885
ff6ace3df2f93fd8,0.035769438846025244
174f6de5e6fd0ce6,0.1688484256880327
f629016e686c93c7,0.13623452785505027
8a5cd96071aee653,0.03144732283440678
47a56fcce1a48c57,0.16752389496998832
bc218a229f6dd8a3,0.0720891436129405
6700a0d8cc03fd40,0.11631317997124899
bf07422782deaa4e,0.2288104548923926
67e5b268a06fc16c,0.05206962625028544
775246a31de87040,0.08486061403387499
a8c96679585190f7,0.04506983055008931
85e8b073ae9d6cb6,0.13820074529654006
8d783fa9a84a2016,0.22946930270656457
afa9ef8b36efca27,0.0360104042083477
292ad72f433b2ec4,0.0622432225445191
543a382acb950efa,0.060952502547929735
97eee667e12fac11,0.07001290920627087
f1594e042dbd4135,0.049620280320274615
c4acac79bfd54ae4,0.0624404747489771
f1bc5cee7cfbe74f,0.08285150065607404
25e346e1b0340347,0.09609167663300454
53b71602a81f5c52,0.09354577952612858
6d2d4b17736e595e,0.05430978657092763
f652427f39b6f10d,0.19719656832073396
1437d0c59eca00af,0.036758436513561046
d8980b5b1d68a4ee,0.12837991259326295
442b8a915014e871,0.11090986770246174
6a1e5bce20cbbd53,0.1651829849699491
ec75dfc7e578543f,0.04140293173161472
94cd35193b228a90,0.2602091303159879
15617a2281e76896,0.11276803031749978
ae22b29ad0d98702,0.05705145442269813
3e5ee530dd802ab2,0.07303681464411502
9304c1771978ab05,0.04116339071953817
635d5bab100147aa,0.08075150504698544
cf12cab6ff5fa6dc,0.10400135337056224
cc7ce49efd47f0a0,0.03838062570396454
20c507d578183dfc,0.14229778465377324
e29e2bc7c3e6ef41,0.18314770692301993
61e270d51cee0fe8,0.11024967695901311
a1cf27e43a150760,0.1929443231251272
9bdddc292578558b,0.05684360055147192
fa0f0cb920abdb0c,0.1374025517048803
95dc87b7553104b2,0.19679513952950012
c268681605733a6e,0.07476324912442031
57f8444d376ead3c,0.13542920218967358
1eb08c4e2e2d0a0a,0.10861855297942807
65f04a475e60bc71,0.11261864697036672
54b86d86b2c582db,0.059913203955189266
ac660728eb9adcbe,0.10258213609889155
9dc70760c7a65427,0.18004905772953567
707fa7577b28c00b,0.04495660021418765
dfc0ad3ac006f7dc,0.10321907801959959
d02c60d97c52824d,0.05352086060350625
68735cd4123d2c31,0.22378526281918348
e7fa76e1a52159ec,0.044786795098347126
8e2a48702b61cf4b,0.040949373638745866
7b4d442d12660d2e,0.062254940821722005
1879fdf1618adb5c,0.10632089874506703
28331b7b0b1598fa,0.039409632429012464
c27a3cd35a718f85,0.07824653390660667
003398b630719a7d,0.03691817036985855
70b9137733db97b6,0.10463485201100078
f0ea5635eb777479,0.1374007329268572
e80ca1e08210095b,0.14238850546861928
033b8feb5aaae03b,0.04288172986681471
ac6a54139c7c9d37,0.1278115331247769
ebc95757b2947172,0.06583346206610363
2fcf426035785728,0.09654301175950311
78996a14f02ebbe3,0.053019988422761455
a87e26d221511c94,0.029661439670915293
c5eddf448403ab6e,0.04109581085007119
e8da0e67e35aa293,0.07154213832181108
88b632eaf9356d3a,0.059885207289953835
85571b011c6fcfaa,0.20129081066655097
9013d63ab473f952,0.1330388776903748
960cad37cffe68eb,0.06366526473635875
e247eb8f78f75a9f,0.057809063177265106
80eaa51c4c8a00ee,0.0456683630774371
35849a3326fb87fa,0.055740248291675495
d95e6b933db44247,0.050193449713005954
c8d99c2ec6082321,0.045551446611997726
c9aea5e1048b2e51,0.13184606799877352
e01947dd147cbbce,0.04637991950205106
ae79b75a13c928bf,0.0524980743899814
ce571fad3257b3f6,0.03328610290062445
a95633f51ef3a7b0,0.035740125901986525
297c6928439e696a,0.196904771907009
a4d78fd9f9ffb303,0.08378842798953795
2dbf5dac4bc14af2,0.16038945996158382
484f57153280140c,0.1144812316182926
db3d92a2887ed53d,0.1406396824650929
0fcc2eaacbd92a61,0.02997155815574349
3b06de421485ddad,0.11645325790665137
3ab1395e200e5b42,0.1346990920006907
8b607b6592065a8e,0.06734162339701223
a58b1c259179dc09,0.17689983762500644
a84f2ec64cddb96d,0.19138958259166508
794ec7ff88727529,0.06427950157374279
7bec4fd7e9a158f2,0.08086092709892914
bb364b5bbcd978f4,0.16356786902916576
89b648a5f0f0ab12,0.08336611327414725
63de8d6c54817aa3,0.027991748688465455
f379e9f71ba0c23e,0.09644571414844691
a4d79f83a661fa2e,0.12065855221725623
211b21d15b3b91a0,0.060376654788639274
1186f6b426beed22,0.06676211647349531
8dbf55afa93fb576,0.11480505777111055
4c37d40f77654769,0.046237752879439216
282449c18b62e5e6,0.14765186326003965
12472f1c83854116,0.15664819711800598
eb624c530d058714,0.08227820720300363
916aa0618dc412d3,0.11773057781239174
b9f7f01f0c234a62,0.167953884257446
d6a72e0c5f8c9277,0.04409677371012363
888195334e946eb0,0.038156971760763006
f1aaca6b558ffaf2,0.07471235829519363
cfd7c6655e63d480,0.18860781653793668
d54c579db2ee74b5,0.03622913540998743
3d05c28ee2849928,0.2325680490606634
88653ba09b9797ff,0.04204707948750453
270649bc52035cbd,0.04584148302230873
164c0240a44d6755,0.08064225635577754
71d79d68a2b92f27,0.12656123130757074
9bb25aadd2b3bdb4,0.18184184377676527
b3c62935a53d8997,0.07786822342239799
e850d24192f9e415,0.04558372597060692
0834b059b33fe386,0.17085661494622317
57cca7c7ea10b6ab,0.06328985121304648
39483c2d8174f1ed,0.15784487712392203
4df07eb70c71ec51,0.17624800453103778
771b30a38c390789,0.08480535196133787
65037a69f9336b3b,0.11350033581496598
97bf39056279f7fa,0.07914783529660711
1a2d12af54623039,0.08210598914776213
e649d739e4cbe4eb,0.2163499133378881
7c35e8ece8dd52b2,0.16036126378905619
4f679f800c6abb6d,0.12730714096906623
42a8a8ccd4f9f9e2,0.03315856253822522
662eb31e5ca29cb7,0.09527835950156809
39a75d0fc9a932b4,0.10103075411779952
f80b6c96f9ca16ca,0.03559565423866985
d1112438bc117eb4,0.11212632689151784
2a23256f8a1b1dad,0.13341041368975126
e3da84e292717dd8,0.07410285928371668
b3da0bcad91df631,0.16911117618525975
b7317d34b8035aa3,0.07674609323981935
263b44530f890156,0.10960908270649056
4908216a464f51c6,0.1541677684026139
d0b576af5fedd973,0.08125538243681277
d53abab056eabccb,0.10363124713115447
9947a71c07c08013,0.13409433264014775
e3f83e6765042b60,0.11586420426327719
b5e1fe2cd612caf7,0.06022052370270965
2c979dd3ae786b0b,0.03282903100017413
37ebd133842ac652,0.11999333483478122
8d7452fc00bad24b,0.12787348706280427
be4d73360ad37873,0.0829958346081688
40b14de62d50cd96,0.2738116903980843
e8b95e5aac14d285,0.04340883286259484
545aeb4e5c2808c7,0.06066831721313501
3ea943e815e609c3,0.056257524716069665
9c3663c00fb99ff6,0.07964946765422787
6806a16705d54743,0.13974984569958088
9658ef3f8e3ed080,0.1270744600345744
72aca7fa36feebdf,0.12242676979130437
dfe86e43c4930991,0.11750432485314419
4f82ff5b5651d2f0,0.05644889283545304
d13da56afbdee207,0.1090426939863153
0dcdbb940af66121,0.0544180889333649
0e09773245767eac,0.05869750105669413
b186bc9610e2b533,0.14132346094928205
d54841a2e0a4cca8,0.30041399860137386
166c017caddab251,0.17415163232500702
a23f0288384f2f2d,0.08194027199671826
4886d310e5914363,0.06917854078019928
41edfc6111e88f1f,0.05454455381752051
0f33a4c86170e40b,0.09413068553946882
19bac5bcc4414e66,0.04334674885633867
88ddba34446d1ade,0.07132522698203368
a8dfc97deea7f5fa,0.13939663901753926
fbe5da4001a21c4a,0.04418721880003183
8ea535444187b6ac,0.04233411064366305
1be66765efbe9174,0.10296599584409274
05f16b595e33f77b,0.07057501452327075
3fb3259efef9eda0,0.050075287083322456
43836f5657b092dc,0.14627111830240008
26ac42441170201f,0.16563079707179665
12a4ec2031ef6174,0.04588308473553736
d8e7f33605a80ae3,0.10808440212669382
d6bde3bc380d8735,0.10108605973734858
9e0c178f3e852551,0.15808461785858033
88a6149ecfb1f651,0.09090509682754037
54a33fc8125490a9,0.07594916125932102
2930f4f063583542,0.06408271026260223
5092541f5024187c,0.04524196450327479
e78a593c9b385330,0.0981335176221755
a09be3a8eeceee6f,0.1584718470300266
7010ac1b44772de3,0.07797356519625531
49a17880c454c7c3,0.043812211631900605
4e36cc0f1383ebd3,0.1276700142670896
ebdb25864f6ce1b9,0.05410265131092962
bdb72360a5581c6d,0.12359691550119001
8c698e0fbcb6a090,0.06440416954110123
9c350ea7550d8378,0.0471910736778601
a8b88f7bb8ca6361,0.0656923046345115
3d326c98287fba6f,0.07915451969142057
f42c01d8b045f708,0.13637592580831454
8e5d62b3ab696aaa,0.03734156760458452
6224caf3c72e7ee3,0.0916736386199602
926fddd6b2ee63aa,0.030283097783495642
922cf50522b3b88b,0.13045002067600156
7d0fb10204af6166,0.15582930075929013
1a76fbd031e39a6b,0.18642916229877202
fd68ea29d356dd75,0.05018583101026197
03cc36191251ada1,0.13426642522701654
99b5bb0b92d8a55a,0.04487113667559613
aac02a9d632924f3,0.03790227256445321
5d220b8e18201d3a,0.0658106130366223
14fc1d6fe2d4e69a,0.18696534248024466
35e119f52196b1ba,0.036766303129984274
40f1234b5a30403c,0.1001784484061757
d59ccb5d557c022e,0.1348700852404831
0c385e728de38f99,0.07432159025261546
f8683477a2ab2ade,0.1269690631834736
511fe8f39056b9f0,0.10564268162116996
c99c5d897170f156,0.1103926893542514
9d753071d21e6c36,0.07301112438326532
9e9289f66961c664,0.10061737963474919
5f8b0d75fdfecea0,0.04573808080812709
9dc13c482e059e6f,0.07129094065169037
3f87fc97c66a3191,0.15758798188261613
1b3f3ffb589858e3,0.04737272123685566
5358785efbcfdaaa,0.07263966236716443
57193bdf5b9a6b42,0.12858749650613965
4ba6c061c5bcb057,0.35018604811000353
218a85cad268eab4,0.1641215033934374
f93dbe2cfff78101,0.10269604113803782
a8481146cd533ccd,0.11333042086297847
84b0e8fa750b7a33,0.07658389877328368
fdcc76060f099b01,0.03775574480336523
300a47eca14f8974,0.12924802470421828
14218faebac40dda,0.07215687741118104
6df2c2d2e3c3a7a8,0.11832980530594245
73b49cfc1f3e9dfe,0.044116554019951154
7f686a76e0a43e5a,0.08077690526273938
bf81324a27520bde,0.12171038583883645
f5d463ec64cf0b0d,0.07387652041736151
7b0554b8ca04f697,0.06235991725445578
e1b2fbbaa6be8596,0.09063499271495562
1b881aaa4217102a,0.08972492215275646
c212840fd1764342,0.06754182452165616
ef314439dbb365d6,0.040573926458530585
1772dc13f02d39b7,0.057117623318995045
b9ed04801fc7a354,0.061568328460796115
105a3d1544b0f94b,0.13239007754752116
78654baca9d1378e,0.20973074052242174
9bc2056512b6d4b6,0.07097228207125264
09c4cf78e2e7adc5,0.07847160353169985
b2555ae21207d05b,0.14568598747281591
ae348fe15c764802,0.05872597956221601
f0124c71b8a4ad33,0.1169776682111279
b56dc4e690b38942,0.052589241630660116
f780521ce14740f3,0.05757585665228268
dc6f043604dd54fe,0.07624568978307943
e07db4ab9d64f3ee,0.11711063441472885
8afd23b140e4bcb6,0.11692663276849062
11bdf36dc7a35404,0.05796224145272113
4996a5c048b055d5,0.15577411099435273
623d8021b7d32292,0.11311140257616567
9eaa2f70288d4b3f,0.06071595536073961
9b0054be7988059a,0.07403774783756983
3952d82f6df456f1,0.05101510263638201
8533f9a63a9367b1,0.083305362784943
391d9fb2c3bd6fbe,0.027020288516757238
101b529dd70a1e11,0.034420273584131515
85b19b6a46b45156,0.05153282686922397
a4b17c05d90ca2b2,0.09253383273660046
194ecba02d51bfb5,0.05384720030763349
20a12da2d8890e93,0.04820480693368298
2df9214ba1de660d,0.09112610554729923
bd7e307eb75933e1,0.10509165954036073
5e0b0dbe5ffe6e83,0.6606990831593113
bf3a6cfc9a1f3c80,0.07406112708959212
82ae8090ca11b2e6,0.09446316901695112
4901ed9747386ca7,0.13562194423748775
53084b49be13c52f,0.1497178168441233
0263cc51aa1acd4c,0.11427629142095846
41e313f2355b137c,0.11980003228694784
51a37cfce403f12f,0.06307579482820827
df4f484e6719459f,0.04965390672953128
de7f255e061d07f9,0.09729772382900788
741683772f1576c7,0.15315923364933964
54c7fb2af01e96d6,0.16730514733051513
24c542dab399c685,0.042770982350519696
a1230bf06c58290d,0.05720390457613522
900e15461a12870f,0.13832376163445947
c089536a25834f70,0.06442952937469805
afc3286b544f0040,0.07984913707647556
c61465243a2221a5,0.10942832002083094
cb1f20d4bb93c243,0.0722439390548977
30725d20e5558b56,0.06683384187189453
94ce3e10e75f90a6,0.041126862488165515
48d0b89d569495d8,0.105371736629121
ff1ad6d36283f697,0.059892302043339285
72be68b75d2c814b,0.051109772485713606
e4b90062b12b7030,0.15842877582045187
d6323a665e446722,0.06669773205600285
2d37f4baed1667c1,0.11046941876844804
05781aee37a18dac,0.05600335944915497
de24d558a18a9f32,0.06490371894375238
cb44379989560ff1,0.054999056512811194
eb333ca8ccdad2c8,0.07300844649306874
1d5cf29e044bf468,0.14082327421537186
172401cbfcd665a3,0.1220750909241763
8247761544773a90,0.029919527660008077
5f2c0797f7cb831e,0.04597506436424648
a7edbfd2acdf8ad0,0.07315621287818393
fdcb685349aaef9b,0.1193216686504808
1568e5a308c50e7b,0.15962211441613686
53f5f1c7014efbaf,0.09860257094249665
e992034fc58854a7,0.06124064154777292
b1fc334e48e20c8a,0.0414832772894913
ca9f6168acd90b8b,0.04276544072407614
929bd47a71c6b958,0.24525130972197529
f7ee05e2b2ea34e4,0.07516417702414577
2f3fdc90e73536d0,0.0370361152246671
b43f6d156041778c,0.04095345363167499
6b0740f130757056,0.041811954246246626
9f1200bd8ef18393,0.075042337499691
bf0849396acf9180,0.04175036701830828
58f62b02898dcd7c,0.2691406802871096
825b360a284d4a2e,0.04125698812590192
0274228343b0c7cc,0.20267757646482204
746ca6b736caea7b,0.03513914289066672
69cadc81ce7e015c,0.05495641528394675
295dc3bdd969b7cf,0.11981878082595757
e0c7aeb2471c9ba6,0.15042860306847594
a7c128e7baf08587,0.08169977018391947
74ac5ce19092de45,0.11146349969174427
5642496d768456f0,0.18547675289268648
9568d09b37d48147,0.10842275263060192
687eb07ac1ec9aba,0.0823474595227352
1131d59f818ebfc7,0.06249555483540052
70d46c4ad271dfcf,0.08263726785437091
333d8235e3bd1acc,0.061653489237557535
f9dc0ee30937f393,0.10770127663506343
e2e48b863ea7d61c,0.1344221429711901
96ad67d29a15ec47,0.12332366896737251
998b0ea49069c858,0.04127812442768097
cbf500fe483dca27,0.06612775444147445
32889f39f5c7e4e1,0.05624321193328054
f87241418df6147d,0.10007718998288082
afed174cf13b9d7f,0.08894241380096736
d52f3c40480519e8,0.1521306045164078
67306d595867bdca,0.03636571200278359
dc439b5c79486948,0.08592997044596468
35089dcee9e9ba1c,0.05710522848639921
61b5d6ef5f241490,0.055419303371417955
45f5713dcef10264,0.10112359240771204
2a3053d58302242a,0.035885503066195465
0998f38d4d069491,0.11711485161009427
accc2c8ae67e6063,0.03783032161325206
9f5292cbd3806d79,0.06130247522929995
1fb85b95e91ae45e,0.07937746501619515
faa0394464cef2e8,0.03778297862461299
af95309c63fadc79,0.10059357284667464
b8b45d6732b08fb5,0.06254996029268312
66966f55862259dc,0.09704258313321154
608333309da6527a,0.11894149071917359
36dc5921a7d84ed1,0.10526348053310836
27813742ebfe2b33,0.10123409080579701
211d5db960ca61c8,0.0408997469055911
5b186ac0d11513b9,0.24423980640298942
832d1c008bc3ef2b,0.15215924253293434
7d4e4f8d7d40dcfc,0.05835645320760717
f0dfb22c3a27665d,0.17382469914768842
407451c452cc5d17,0.14239035836658698
56928312feff0ba3,0.09515227482398946
9454541a6582c13a,0.07121062030078566
e6e2f33f21d593de,0.03416627252053678
eaa2910769614f8e,0.03794773895566467
127bd9796d970cc9,0.07740354863103996
169858f0ea055525,0.06651078856593245
47a3a9c393a619bb,0.053459092677504
d25e98683c74aa8c,0.10112668041623331
4f2ec1f813538809,0.1187704644285265
8e5753d72777a9ac,0.07623349675746521
d9cef172341ac628,0.34404727354307185
d2c6b2e087495365,0.11542565446885418
5aab483da67d16b3,0.09568544747881302
ad319fa45d964c5e,0.15551196114029747
730d677b8c968e37,0.05273545956177617
b1e38b684248bd0f,0.12510080948313887
ccd097c32d7ca7c0,0.06671626945084264
4cb0f5de29f8b8a8,0.0881142583954873
902aa8ae7819a527,0.032115063761200394
36cc1fd78eea46be,0.15614816904806528
5b8a6b0aae157e06,0.1431849549013883
d371f4cddd5ab580,0.06170806391548472
a07311ae113f1cc7,0.16815607450075654
8ff382f017152a6b,0.12342698875886587
bfe18fe096f61209,0.07627988935481683
97f3a3f55f767d91,0.06327817315332455
a4058a2e4bbcaddc,0.15907070647140897
6dbcfd20040642cf,0.03736245422578114
42a6b3c10ef18f02,0.09679376543144409
9d7f6f4e136504fc,0.05620090114755871
0165f411bc818cb0,0.10927746906733386
bffe1b12bbe69fb2,0.11346336594853904
e01b40b1d6f30df0,0.16512007832813455
3201c568d1d26470,0.14177977091067434
0affa4eadbf1db83,0.14924418238429735
ddd3b7b0ab9f40d9,0.16185827457987417
ec738c2ec1bfcd80,0.034773267222902755
906a954f8e1fea07,0.16428977850998686
cdbfc59fb04fc180,0.16753570171200977
2d4770eef88200b3,0.03489766637397786
3d18600bcebb32aa,0.09256802063493254
3e050322f92541d9,0.07145596919900096
1221e13593768788,0.0632111502292409
e7ea980a9b3cc8c4,0.09493156828156105
398953f786ac4845,0.16588889269886975
e8efc32edeaa174c,0.15328575804058803
49f061e869ee997d,0.09632088032113129
17668415b4ad9f20,0.06627481800228768
81e71cda520c7c11,0.12346695487086784
7c48e5537ec69161,0.07860117883378476
7b6ba45bf7c43e21,0.09005545524548039
9cdc08694020bc45,0.1264579056500852
60a026b4a766753d,0.0718699926570619
719db72fef47ca30,0.061086243739445906
c0b5b808eb068fc6,0.1210153601597399
b20616efa1e51758,0.0486396314353281
d1c2190b7e54ae51,0.045447514832182886
88d71cf388b60bf4,0.1301008053310346
c2394a42025bd869,0.21093699083288908
19b165b652dbcda4,0.16027219011536561
c17841139e5914a5,0.1524790754370599
5549a53bbf9d24be,0.1292086809446597
2da830aa5b2812cb,0.056524174170357044
fb36e8ea3112744a,0.08754468649670255
3dcfee7f0efc084a,0.15614542656506863
16a97d3860c22e1c,0.1479365285359875
6322b2e3f7dca7db,0.08998806167077383
a48ff3331f89fc6d,0.11843656282572337
e07a96472008d97e,0.20323139435755608
42af4fb223127bc3,0.0589563697457154
4aa484762f1d25ae,0.10187334873580672
c414fb964c9cbb8f,0.13687942378457935
397cb89e6ab8a959,0.1452598120926627
2e9d9d9e0a6af0ff,0.12431519685485876
fc32ff9c59a22f95,0.032751305219998084
5783d334ad7f831b,0.13750813370906984
dbaa31f9fbbb6219,0.0459776395217521
93eb228beb06de30,0.0447711337392693
482d6bc5204e5ae1,0.07251114629160382
7128efa4863f0362,0.09733626346873167
ba5809f410734a94,0.08340779720477931
a571eb5010a2e299,0.052125633891247455
ad6cdd09fea09683,0.13054933888413972
fa9d2cf12e72efce,0.13410866427818746
a8ae0f9ef30ce81a,0.2333077338669845
3b234a17219db0b1,0.04512962360005704
25b24a0734045bd8,0.1755369509399413
771f41a483c9f8a5,0.09361969717941561
22a6c4ec274869d7,0.1117728345150427
e48895820558223a,0.050345871029246994
02c11767f29d0426,0.03488068719521224
d686fd200c65923c,0.210722998542756
adfe117f01ca698a,0.03131040430346798
69f3b49837e76dc6,0.09000792032234536
2e72632e2ea73631,0.05782972285610415
3207b91e24e27568,0.06615479465768317
95f22517cd16a7c2,0.07505547989231309
543936caa0e83a72,0.056053909295252634
58c5c659df736b0b,0.037533219947155
997b65e2ca34d529,0.058906197176353606
75bd9c566434eae8,0.048743932468845674
14088d0f66d091e7,0.19073020505799465
4014d97b63499622,0.08223055855715017
f9d10471eb47111f,0.13427125039483517
545fffb7628e26bd,0.045142653689973916
9c45d75bebd4d820,0.03666990807482605
f710caef77284ef1,0.13999971328496563
e4bc3c14c4f4b1a8,0.11711843697796448
392b17be6354d3a9,0.10469864617474894
9cc8d07ee090f377,0.1643697106644146
b2fbccdb690a2b84,0.12128438675303738
291257ccaccf9d11,0.11399947808765915
c9022a6ee3a5d7d8,0.0497832560273139
19a688707e160732,0.04097751271655842
84bef4f5323ebd93,0.15639948510462975
a3e5e1903e0e9682,0.08262850491443764
3b0297530613b732,0.04324450556785268
ca0fa3062d6f947a,0.10706489255554885
aba2a7eb167c6548,0.13273452886414844
7dace0a49f811059,0.12157527328652884
522ed32d9fdf2d72,0.08404364431371686
8771c418cc219aa1,0.11042920030948306
1b8f8b528f041137,0.028995701892952475
a9112add272578cc,0.057646718009376444
e722b584b816d2f4,0.12613764896203286
324dcb8fa3962b96,0.10935026535023668
ee84f939a7ab4e14,0.15265754000272713
f7a5683abeeb512e,0.05398078291143421
788dec8bb41081b9,0.03934809293420562
20880910f50c0159,0.11430198088336418
a55d2babd6ac6e05,0.04021304838930564
7c5af2b41b2f1889,0.11255617200594764
af9599e0e687edff,0.06756968352746456
96de608fb997caee,0.04505818482042474
ef99f60d68f58a7e,0.21290495687149225
59d2159096523cdb,0.2145468451294602
606abd74dcfa442e,0.13921912769381514
20fdb4917e7e9401,0.05243197902848623
a3a5ff27339bb075,0.11484220321691933
b5ecb5c63b48ec75,0.16898893285413977
0a039166594e063a,0.035915260747978406
62bfe04683f51a3c,0.09832595396208413
b430c4d5161b59db,0.17775002500047893
a385f4145be5f5d0,0.03712030603958679
904e0bfdad64bd43,0.24834855136919792
0f4074528657c491,0.1590002763737465
39e4468b2f4b7935,0.09314338590134569
9125b00413b353d6,0.03737018981691101
fafd8063bc5f5cec,0.10177328416307435
6b06401ff364064a,0.032964603168720075
e5c9addac3faca6d,0.056691948510251736
d12807d748517f6e,0.07327028822619865
828de307532bb29a,0.18510327277607191
2799da617b3128ab,0.04143743478821475
7b6d6ea6d9feff86,0.031853759293166174
0627c402fd75fb9d,0.14996881950385565
a1bb99f3b749279f,0.08083747862244106
ceac2c53c27234d5,0.03692455218637856
9b3de1b793447910,0.05384776391224107
76a426cfc81a4d2d,0.1357787774240639
abac3cc21ba1b309,0.04498906098526848
4e8b9323fa254334,0.11767871395008356
1a4205578a28486e,0.15540070183827398
fa7dfc3f7d4a1344,0.12400077376321192
340b1651b36c8645,0.08316823008124156
73cf2e26157ed703,0.12671709398491826
87add43c2ce1b06e,0.09826013228055683
01717bfb5b3542c8,0.11664182791218167
70ca05c9213444aa,0.10334147024352022
0684a9a80bfd34b3,0.05848043665185738
8c2ae373e2809c29,0.06646343785817806
331341a7f1c33272,0.12481314852687941
97078c12c161c701,0.08372133760400849
4ddffb1d8861cc54,0.046675137132818206
2dbc5e3027b4817b,0.10589304436463064
8fcb717c71bb3cfc,0.0567842586933605
58ed220fa88a029b,0.03280835329577275
fcad4ebd837b0031,0.05071786497933441
0792e52fe2c9b711,0.12493027008149382
576de6970c4ba90c,0.13230890706546256
930888a00b16e315,0.1278463582908952
bb00b59f720aadc8,0.1174204886719189
05aad23e028bea27,0.10237249968797373
0ccaef7346d2eebe,0.07904217949833561
bc31c0a97c89dac1,0.135894720466285
239478b0c695aad2,0.07412918098001062
6d59238e91d3c6d6,0.10953272934201758
02b6f6002980042e,0.134626273275982
0164fc5fb575ee2b,0.08851469830964892
d8ba5ce01fe8a09d,0.1254764131648854
173b378df818b167,0.03718381707449463
7f5edae9b09a208c,0.11379739236166903
0b5662c2a594c20c,0.11961549544384217
55ba1dbed1a641ea,0.13451980490112592
c944ecb134192652,0.19331283299647595
3984b7d478aec2b1,0.14956406955578336
f6ff304e4f459ab4,0.15167554837072164
a49951ac9b42ceab,0.07883848801732547
4b48ddb6a65e584b,0.21907406057718437
624009526008e265,0.08487942000095461
9ca1f3fd0ed031b3,0.13316698832940235
dd7e10345355a17c,0.08547354311420405
a324ae18d57bb12f,0.13524114588403557
f3aede6892999fdd,0.07448230753429214
798f779dbd13fb6c,0.15877673329669184
21481b4c28f91b47,0.04917515114050361
8529066c088169cd,0.03561755939798287
7e93ed2093de4112,0.06818030287314297
51687c7ba8a553be,0.10982017720378298
4ad8b585409698e6,0.040580566561979996
eca2dbbd4829118c,0.12641660115784129
7a9bea3f50549e57,0.09490124384272478
e53cb4d81fe012e8,0.11107548738307185
25e3af07b73ccb43,0.07392325640781112
939b59f220b94ec8,0.07541220654237618
9618c75bab14bdc4,0.16177164238406572
2ac483615d4696d4,0.1753635850010025
b357b45b22852d5f,0.04642121578241717
eed158b983054ab2,0.04751907696538898
25b699ec3d33020b,0.15994937680076662
fabe692869cbf6a8,0.03960864952659925
e30cdc55701f891d,0.11753533004935626
4e247c59738e0754,0.1172925495588775
eb6c93bf83ef9f01,0.14283343310740643
4b2a51b89182eb2f,0.11002995980943864
920800c7a752c35e,0.032325909489741345
00e3f3638706ad20,0.10156495416145163
3b68344f608e8cf6,0.052611227879633765
bd0092d0e87dd02b,0.09885885665443256
d3020752ddea13e5,0.1264652482702454
679a41beeaebf503,0.13464520109007316
7fcec9e71dcf18cc,0.06669285064224059
735724a234bf2816,0.12785892615856653
31cdf3e24ce53af5,0.09485379699229282
58b83792be0f6321,0.15831809005380942
2a84a58cf96025f5,0.03996203777698467
9fcedeea63586bf0,0.12590835609781895
d9de7aba8c682fda,0.04400827558218182
08572215a3892815,0.06857602270535466
b488884763d551a2,0.14309543653295842
c30e80405d6e58b2,0.04279647106707272
0c86a250e70f6eb2,0.10260394897382924
a11c15fcf4597f82,0.1284093751114093
2caedcb4ee1a4103,0.16379895824697127
f91d05eaa3df539e,0.0846236875899215
8bba0a98ae140af5,0.14265884011944913
a987e81632676043,0.10841320999879572
f50807d17b5c038f,0.14588990051684703
ee12454070596716,0.11790795970446949
b6e0190c3e5766ef,0.1533735108566143
a57b30735e272a29,0.041434910310256694
ca66fe2ee058013e,0.12267738500423458
1969a8349757d32d,0.10342811488615983
a5bad4f4702eb96b,0.062128932005898946
2f4ee5ef7a9e32ab,0.1947388241384601
abb1f9350d96ed70,0.07060400108466831
8a663152856f606b,0.042315880260223954
5965e2be33eecfc3,0.036959078746870454
75414a1e69d6f205,0.09957022442664129
0d6362f82430762d,0.10763545286379925
cded8976cdbec569,0.11327854653134815
2f21d9cb88d7004a,0.13408541098261495
bd0809d01c93396d,0.18396813516517319
d368fd4152e904a0,0.16337544036179902
7a088b0bef4cb74c,0.060465319039368234
dad9460a25f9913b,0.15092093348300697
50f138449e3fe2e8,0.08433423489784167
53eecae41b9614fd,0.1469285702678057
c88755b5796bc0c9,0.1662621116291833
1b2bf22690f55b23,0.0708869242361865
4c0b6078692f7c89,0.11349807436784144
d310596293c8f04c,0.09682484401431776
3a724ceda4c76f9c,0.03430785683432357
57c2219b4f1a0a5a,0.1302685608399775
6069a9ccdba45516,0.1059338252573359
504a8185dad726d7,0.09913431628437008
c950477e87d58094,0.04295260786779479
9f1e86207b2be555,0.1765320006789547
69051b19215e3e0a,0.09031288920347141
7f70b72d97083c7b,0.1298371845729041
61279ec74a6d3645,0.04341528176202229
4a35368f7daabf53,0.0949415060493054
8730f5f1237b818b,0.029809925754905507
f9492b545b552f5b,0.13094468898312933
a5e99c4117b486a0,0.0784348321055103
c10ccbadcdafc1cc,0.035659190214888815
e0d15a865fdfb988,0.057311052152154825
eb916f460ee1b545,0.07495865381596138
1b7bb61fe350c5ec,0.048839243071437916
03e5516590f20096,0.0857570990868618
18e0a9eb3145a82b,0.04301406781253447
39cab30b8f09a081,0.21864288835032328
dd47b13d3aa2de79,0.048897081986876395
6a431bf1b07deab0,0.15251338645167595
2b0db9b43f8d905b,0.08794205419993889
363b638b117d0e37,0.03039035209808889
87518c28a26f4d41,0.028946876457347517
3e73b6c86098ef20,0.12807959342333963
f7580d024f627389,0.058141347699443874
626946bf85055423,0.05096465576121553
1d4ec81574db910c,0.09354592421901517
eb3384eb6ec0ee10,0.0513340876908393
ba1a0a18164d2ed4,0.05776349544977689
8736a356e18687f9,0.043125349533321145
f66ad6f9a0d13057,0.07379081435036478
6781beeb2a94c80b,0.08532791400910505
45ec50d9e9b762dc,0.03827050277611633
f993d49be31858db,0.10304039003533061
68630d40b3d8c8a7,0.08165676707026465
790d0e863cbc896c,0.044088388240694984
6b9f40e1b5440454,0.04785625749600447
5bd12aaf1d87cfb6,0.09667126355570277
9593f8af8e49622c,0.04648235225467169
7787873ef39eb65f,0.14759573371318355
3b43be2428bd133c,0.07501296906851382
51614174133f7405,0.11852806749845163
90ef1be7933c7d32,0.06094384310475555
b9b0bc5968838ca2,0.06970800759627133
34854ac0b59be9cb,0.1303296536287763
552972fc397a3d7b,0.10578855352271238
538cce811be930f6,0.1877305895215212
3684947575a87995,0.21775728691524682
3458934dca749c27,0.12252355218121544
777593519303d6bc,0.12360289947537392
c998d0d7e544f18a,0.08247069507700734
a23ad55fcdc44126,0.13094913755584153
628f59b52e0f1abb,0.1849253700608919
f55fd4a896009b37,0.06409670711164848
891966bf8125b263,0.056162132129997155
31a036f4acb27daa,0.10969992557201638
b329a2756c4e7e5c,0.03643307447511707
4abec7b3aa11b00d,0.0682587119994138
506d7e6eca5fce8a,0.057120695964022916
93767eb66242b1fc,0.17098971351015338
f07f619af08f71e3,0.24663693235680706
067779ad870efb29,0.07329464830901668
5772509431f3d5d1,0.12260701163880708
562161d24bca87e5,0.03511153381319905
f3e2eded68a25564,0.08667188892469443
4e9f50f16ba04465,0.05673988391260632
a4208a55db792b95,0.06901774077563197
9540d1c34ce10213,0.06356114758156166
3b047ea1a379c251,0.06892555905688283
90c24520deb11d2d,0.06354902385007463
174bf54853f8e212,0.07971170919868982
e32af9607e1574ac,0.04541581195572973
177d7eaf2ebe4bb3,0.03255307386764449
1d3872dea5918cf8,0.1845261915874783
b6641f418df5107a,0.10877609201388355
7b0a91f0c2754446,0.1635037273120187
3074d01b6d512da1,0.09869509934340703
a1ded8ab2ac8cbc3,0.05743279430933367
99d24231acc81bda,0.15159230348974312
ff0efc6b635f0dfe,0.08463917985352903
4b26bc2a5271e828,0.0701488622645575
323cc294321346a4,0.12404415851262574
1c5da1e20342a0bf,0.0905499939042053
4f414677966cf8e5,0.09092847596165878
a08962f7cf8ef6ea,0.21509403365533103
e6778d3ce59810c5,0.056148495617615285
944d32b8f9e9db1a,0.20060969602236822
e5c8bee2002b6ca3,0.17052393884898448
fcc9190b336ccdc9,0.04890528345083355
d8c0de2ec20dd583,0.10132811442451573
fb55a45c51379250,0.040919087349159236
d6e81f789123be62,0.07741980502305093
2653ffee6d9f5abd,0.1494563522195205
daf885e44112d6f2,0.11491072100955232
a75fbb195a5c31b4,0.28747273715832217
d6946d6a1e5de8e0,0.06949188290193
262eea09fa9fdd15,0.044069213515152264
0661f0f9daa76a96,0.11375209333223828
3796742963319893,0.19842066532355007
b7d31b3502739b04,0.1147076536713212
ca3ab2b2441679fe,0.09330934382535705
6ff3c95261a2e60c,0.038737013229367574
296198ef516bccfc,0.035813131259411976
fd7387d23f2c2e12,0.09604820344041246
705f7c9f6f9a1ddb,0.04367589114831755
664080d9a44e09d5,0.04864121267414413
d7bfb116b3f0171e,0.09469429662582392
df7650f2e15b685c,0.10176179481969393
13d553333a49e1fc,0.03926939569526081
d60997f0da2b3161,0.043864110910757426
e3dc5b0748d9d1be,0.2773252262789898
126cc7a3354c3a59,0.04508870507019805
68c831e307f80c40,0.03357442412130708
4c10437c6f1f749e,0.26643608768332616
4de56fff18170df4,0.06246616364102445
93ee64e43ea9b0ac,0.09430354251598042
622e27b7a834d371,0.16273078030325072
8283fa9a80b68052,0.05419897732493929
3cbb48910802e9b0,0.13476983497626735
898c4451fed60e39,0.10357239418285377
560b7b7af9fe8dd1,0.10680190169839104
bcc595e893e2a797,0.06313901612503316
cb2fa098224a9f0b,0.0952496654293438
9e2a88f835bbb5df,0.10239033859486325
07e1bd9a166bc257,0.1327326889742231
10fdd890be2462d8,0.035076169126857466
34a7adccbdf4dbe6,0.15780942700846684
5dca94f6e13922ed,0.06673365286187993
be032af3265ed2f8,0.21702166834136016
afebc493854ff065,0.034956519282862315
755bf2132b96ea88,0.03782062306332256
11b6872eb913fe4d,0.041173899726464354
5a73131a74b5e6f1,0.061078511421171475
a1445f34ce4c970c,0.12086344789909226
c84303c64f096b4d,0.10147910831570794
ee5a57da13fbcab4,0.14200978434848446
9e237fe51b937f8b,0.08163826127028731
04c0ce452fa54511,0.09569448695888674
e4cc4cfb493c102c,0.12573349463360314
13ec6848e5d8c7ec,0.054596156392404525
8b117511fb3c0bb5,0.14384771121522283
45109a7dafad71a4,0.20999357571063826
be5d51769b283a70,0.12376934338609873
4b049c030fc355f2,0.0894684547434027
e1b125afa19663b9,0.09188362914420391
7f5ee99bec52fb31,0.21517475631335137
0ea477a7bb524c43,0.09228423713010776
b2ef814029a4593b,0.12530149067215107
54642bb90de7c651,0.050695684017255715
5562db51544efda6,0.09239771114908044
8c3fc61ec6b0570c,0.12787891668180523
19990ada3d732a59,0.12819521664289468
d4a097538c2270df,0.09729387108006823
a8e6780d12272bb2,0.13485305647081136
0de7c0afdf2ac64d,0.09424859629845969
ec3a682eb391eb7a,0.09317216799795419
de499b3d3aa77620,0.07553736864731936
bb95d7738f26c137,0.07763574471005913
76de6c48fb303a99,0.1518782789572906
f54db052a2c1bf61,0.1653534972174851
d2b45f024d0f9012,0.15610434703306672
26693e446f60e43c,0.08303752186191797
00fedb2a014dd220,0.07514492666003067
8b353042d65300c8,0.08222293837469662
90c55b1f3ca98c5b,0.046778406343205146
b874c35d79d74f6c,0.10173206355519232
d482eb847a0a40c6,0.07103655982221062
fc4d3a97478802f1,0.07437762580429719
0a7a2b85838db506,0.04194633204145672
c697f27fe38b040c,0.058602884344184154
a4d2009627d556d9,0.12025534092438406
1c403f2124470ed4,0.04112788513438987
33627e42df750fa3,0.038303234819269824
ba9bd925e360f225,0.08711354447319092
ea28b791d0295ad0,0.10303088268927041
d149d439304c8705,0.04225445771126859
536b709bf5515eeb,0.048747644678337795
88c0a8061e7a3795,0.13375235527789767
8764acb490f19b62,0.05348673384371945
417f76acebadcb48,0.16343280959515388
475869c5be3c507b,0.08646688468650814
3ef8009767c7fa25,0.18824742393164257
b554efed5fb706fa,0.15150132420104861
84da50183b024285,0.0548060138005087
a4b1d18f46aa981c,0.03745571571053247
9b47e555a004cdae,0.06268656479320658
ef262814960ff13f,0.11981646083082911
5c0868ac8eafc7f9,0.06472784869533346
db15a0f6f796aefc,0.036122886564101855
9e813d48e7fed678,0.12560622960846551
7e45e93f027eadd9,0.16707009947603246
bba24189518e4411,0.1589172851289913
80cba429bade3fd1,0.03967373771118578
ea2c64045d0a1c12,0.13147404285986916
6eea65bf31a2bde4,0.04310978472426881
986a532aee033e7a,0.060964412874102716
d254bc6437766f3e,0.05734883774408477
3c2c4044a5a205b7,0.06689765850617299
d1698b7f7ce2ac63,0.1417882199946343
5615043a1f36b137,0.037224338089811446
fcb9321c88377fa5,0.04381114951858306
885250c55edfcb6f,0.09264199768711492
f48232723a1bd05d,0.23544995166661825
27b4eb77530a112c,0.046221013146219875
98a1669bde0eac7b,0.2131377713593467
c85cfc3341c8708c,0.042685168551081565
8043ae38af9b3ce5,0.13223012632498687
babccd7388fd8c21,0.07375278173506185
28aeae730b623cab,0.05277455069004002
4bf1da87dd838f3f,0.033712915958847
8da93da167404e45,0.11733876403393159
4a0a3077b5581645,0.09458152052834823
bfa2d19017923568,0.0681328494358797
5f6e00c966c5f59f,0.1595559908394327
52c9dbfce9f1b95b,0.04739780021842471
cdfc3b9f626b0845,0.12177124804370454
5e6ad4f66342dce9,0.11670307044676682
42b0a534c0da50ab,0.05556212861713436
e454a16a94a43530,0.09194426859676508
1b6c9c3629bff42e,0.172186769439652
3d4ea2f562e04d67,0.03945777870575663
e5e88946dd245e5b,0.08847017623372856
7c08fe11ea59472e,0.10538099648134737
48716b8ef3837856,0.050501503396848224
22cb220fb3d03ef0,0.1749854179908794
ad38c3a4c4f92dd2,0.046381999137113536
439506f46710d418,0.1080411295855947
e6d46d90ae71b635,0.08148912804801414
cc306ba2474886f5,0.04561274093064598
c3dbfacba8b29888,0.05409281937287584
3349746bf536b40c,0.06191497477848611
254dff7f2f5e27da,0.04971827298782234
5f715d9d99d8aef8,0.0988985210159076
28877bba74273a2c,0.03771736117066175
0837f11e1dc53f72,0.17229562777988994
700d9c6e6406ca13,0.14605222968607676
6e0d475eeeff64fb,0.09654145216213826
36ba7c400d24c8ad,0.03242968634722426
8c371f8737f1a2dc,0.43936975323155014
163b4afe1f475ea0,0.18478126652833773
2e2c632a9af9b807,0.19819890314086824
a891091666dc0643,0.12583264430163496
a990b188a8200e9e,0.03877426840809202
e0da7835cc3694da,0.08927495606625024
6965bd28dc460b44,0.040359443608600096
84b4fd2717d4bf2c,0.05712569158138105
0544118474e570be,0.10052215825627021
2437b2d4a2e8ae82,0.27752980309779773
647299fb2ba00e43,0.037939564710461025
7372537f1eba1dab,0.15904032594512285
8854c27e996efd14,0.08103683259099588
380235b034a986da,0.17446591615225787
a2d407f16ff373fe,0.145327017597636
0ed19a3a868aaa3c,0.07517142100758527
c173b6242dff9b1c,0.06947623039104654
2043889f64f744b8,0.10583521336498525
19989bc6ef928517,0.10598217511094565
d0665c65b0cf8d5d,0.1658764426375658
2b072792e895a81c,0.04261997172301537
c531857150c9674b,0.08959053658567422
bb56bbe97134a4d1,0.048328155783091006
3e062b6117c4918a,0.08070760443305237
a58a4c24d35bd7fa,0.12372304619173669
4ea7721e8c059b2e,0.06743715197396595
32a75809119cf7bc,0.12181975990542154
e4794a0287930fdc,0.07400649368709034
028903129d296567,0.11554786045172635
910a3bc19a45f893,0.13794200922724034
afb4e9017f94d52b,0.04040686827318096
8c75ef81ac907000,0.09930121865530378
de995213b69871cd,0.056084979598663376
593b54413b1695ee,0.10855876897946176
d68b798f72ec2a7b,0.045108137096190055
2abd97afe8848116,0.035841669791159186
b80ebde982296428,0.1066006660617628
dbe8ab13dd1f44f4,0.05286045605633999
db6b5f2104046f55,0.1169519469995686
1f67c146861efa15,0.03520743919563725
38f490199f1306b5,0.06831132713058763
dce69a47bd1feb56,0.07719501816185884
12cd790efb4486a6,0.14908792151325795
d5806dd0784560a5,0.037830195130984415
207f45be2fb83671,0.14846181167420494
848e2c11fd115b35,0.11308315705848032
0f9d093c9db25458,0.11258971105479472
13e9da15ed290868,0.07353781396467154
8c584f6c1538beaa,0.02659010366340568
5fcd3e5896568513,0.1893474410051231
aa1f013ff05a59f3,0.06308122572361831
eb2bbf6f740d132f,0.042997192814886356
51fcfaba58d7f511,0.16897663325024534
abfff37a1f178105,0.1748764362320111
918258103a71c3ab,0.049718437612949515
99beaa8c134356ed,0.12573067294443863
f3d97c979517c08d,0.1302317489603726
577a00d787373595,0.168790234132873
d71bd663eab2681d,0.13720291792732142
3b59c956b239b3db,0.058544689702090404
9115eeed93f30a1c,0.04836625862923448
3d992bc625e7dad1,0.03980822247311512
4db07f6033192f9b,0.044765704642834026
a58a45e9afd5b405,0.11659230624127598
519774a276bdada6,0.1408874177707124
50bc50ed77a01d75,0.10591894057078503
d608451c67dc5cfb,0.08843600698276038
2856ffa4f0a1ce80,0.11036095092112568
2bdff8f74778c4ea,0.04018257366818141
068acd67c99550cd,0.13312162469420002
6123220972766a4a,0.10507308901204039
c4d534fff3fc5628,0.11101029516159674
9fc3fdf14ea045ac,0.08621016735115503
3f86edfd0be75ecf,0.08452693896341432
c36573a6175092a9,0.12785798797081258
7c4df8c2f29666ee,0.04018772054758269
3c791b72118b74a6,0.09913643626815813
747b04b604c95fc1,0.053472095039515326
e780dca0db5520a5,0.041454338410178926
af83daec6d450e57,0.07532803151800072
5d4ff9f52e2e4f34,0.1234713206087596
b2b8e551d87be54f,0.6451920250802594
203b6e0e0fcaa971,0.08363043790944105
eb36b4336605a7d6,0.08702447417669029
14713adcc060333a,0.09958380644889804
251c0c9a3789eff9,0.14975008461600914
0d0e059449af50d6,0.0673639239920068
63b1850f6f5df5d3,0.07524828004698825
90ace0c383247390,0.04092126778141163
1ba1d1cb2d6d1bb9,0.06800269126471306
dcb2cbe56ba92129,0.040800815489570624
88b8fdeb6d82597c,0.05196230467398602
0ccfe20a4b77ea6e,0.045124837483451086
3482a5b15357f00e,0.0408476662279212
6d71348fed8b9c4f,0.05889495368293524
f8723e3306bf7c43,0.21655481364952808
7ef77b74f9baecb6,0.0534373741567888
bc80f01834269376,0.06711372423795409
18da383af4fa3cb8,0.2178642979148402
b474ff492fb9a94d,0.042007379617384995
d157b8492ffba0dc,0.05043664161726807
cbd2d4eb5123804b,0.13170008193288663
0f9515404031e965,0.06644030626158337
4f1dcb8a1669a31c,0.11264621668131372
28c27ce346a7a7b7,0.15759205747474175
58928eff8cb29089,0.10260651376286323
8069cea0e02052d2,0.04066925727100179
3b583c05db5ea4a6,0.04589115000876576
36384df41240d0c1,0.07715952958572136
15e9a245d6d06a3e,0.16035764937589203
d2dba561c29b817d,0.09751135065038061
2a507f7014709986,0.14753175877516062
a27e43abacf3b1f2,0.1703494418165486
686019b683e849d6,0.1865661955396451
9a3663eadae7822e,0.1347396178799016
f4857bb0e0b52a47,0.07304620693972236
29f988f929e638a6,0.058113240820379525
cc08f5318b40d7b5,0.059949340258070444
3aa8c59d9c5dc7ac,0.09569072548638066
eeeb124ea0b0d51f,0.0824340630327906
c422bdf822a0dc56,0.12391089343954681
98269904767a2636,0.05536651401728789
e6cbd02151c72662,0.17073674124062616
5e7bd880681d9f61,0.1229745674040969
fbe456da262eaa3b,0.09111601769876151
dfe3e7968ec080ba,0.07451426397694919
0e9ef351ddbc9ab1,0.05409195421940424
2902b3339eeca5e3,0.0962566509000355
a7137a063b883e92,0.12302281082229356
b733ad3dd8899d06,0.07478459707273526
44fe9234ab115e2f,0.22259214612470896
000b03fc8664c7d1,0.04431342824690822
9020a01496eaf633,0.13064019966415646
53b7a21b0f4cc200,0.045625615587046336
20cc306cbb1c6bcc,0.16948714526732114
debcfcb981ae0125,0.04366467283275374
802bd1039c3e6a1b,0.04194471298179525
5f5c21e0b6a4d4a7,0.0644809254349143
4e1d92bfbc009b58,0.13366347895809283
644c03f056f3bf9e,0.16029828732771112
3b4855d86d450661,0.047262770236913824
dbe1c9a9d3e563ac,0.05783924548947868
2fb49e6e63bbe8f6,0.14163632409176913
2347ddad2e1b095f,0.0698232459031657
e315a627d1ca8573,0.14514574696834015
0558a476ace81c15,0.08590307228121233
4426fc96456aa43d,0.15271062123533377
ee5092888f963b26,0.05826920015138701
57886ec9ac1bcba7,0.1734682821350833
69e1947ef1a19192,0.12976146209402056
af29d6fac97c87a3,0.05996592644045541
6952926383750b48,0.08084909359063197
b6e14b919c7ad1f2,0.06152686445155496
8d09ba7da0267580,0.14012979499181027
40e7e13ba421c25f,0.042075793360733985
c3d8677083122b80,0.17062039193665646
e41366313db49145,0.04789755038763163
ed95e31015c5959c,0.10542461323542128
64f0bef89a702494,0.04225275884717671
81918dc774b899ca,0.041096031633481314
dc9dc895fc8368b6,0.07727021765925403
ea0dcc9add9ba8c9,0.11938774172644699
c45a009981cf2faf,0.14676893117992773
ee4eee5c2cad18b3,0.05303762422512928
4b8886ccb99d4b95,0.09030243729105328
a11b7637d21059b0,0.055484772380260915
ae6bfde3685ef5dd,0.04644519358823644
095f96ba3b90f727,0.09769605805372317
c800465fabd83658,0.045360809710611016
c75993f60039bc22,0.11284078812915678
15b2e13c51d54758,0.07514010363857754
cef343af7e936391,0.11032498658603623
bb9e37137f42fad4,0.08781805510725049
b6f54b152f0f2c28,0.09174022639704824
54548a1370ae962d,0.10061588170435956
774675091e96f38e,0.03783898289015274
64db0198c907fdc5,0.0435629927979663
ee3a2eba79a61cd2,0.04884480035967723
d87ea92ca2504e8e,0.1960130331128142
493f68967d2931dd,0.08375836256818789
33c5bd3953cad989,0.0864805701365883
31719675e9834500,0.062295024195158574
283d0d3d8afdcd48,0.1401561051172
0954b46131527b56,0.0340094611964329
c7f99cdcd74ddfb2,0.1616388127798422
89e81b0750c67025,0.13006157443359656
ef2e114a293d6051,0.045697458549081124
3eaa82eb74b0d2b9,0.223454114900278
f115b5827c53fdae,0.18602058145924733
5b981d50572234ec,0.09664798121883428
bc2a7ac2fb6ad312,0.14095704040895746
cabb5fa14742de79,0.1486536046941394
9dcd899d3120d04e,0.04137086085960688
5bf75dc153469005,0.1258285429289695
a99c57a3cfd238a9,0.1745084464968073
7d3c73f6e6251236,0.12350923997954816
79c824cab095ef0e,0.09328220643323315
50457f03b19ce000,0.14172129583179996
72ea29c850f97747,0.09342646864141349
949aabf35ccb0c4c,0.12114088655882282
bd3b7b9b5cc3a346,0.0993926188012557
581ae7bcf533000a,0.05007988787951455
f944b728b8eb9aac,0.09413262980178305
6add937f4476df2c,0.11007409767896525
478be273b158fbf1,0.04192667322570695
43c1856ef31d1073,0.1643955769668058
8f97466fd3810c1f,0.058276336125196684
3ae22b8a964781ec,0.10723666136104126
82ba55bfceb0ffbd,0.07477202102426161
5966bfc14b304d05,0.09126951113161741
eedd90867e3cd9d4,0.033515639709192094
99db9ab5fdf84102,0.03471021280925503
6c6761878fa11c78,0.11725735374095078
731bd2e8496a9b0e,0.03796655019194029
9f1fd83e49b82f88,0.20893971082019558
51a2cc12286941ac,0.250549110389772
7b60067efe8e7c4a,0.1716303486563522
7ba8d7a5a2f30106,0.18558723745546668
677aebcf5c57a29d,0.08280258369887798
c2e6810f10057ffc,0.09269120392888006
f770bf49e8b32f7d,0.1234827616075098
d999d97cecc80f08,0.12779425134241146
225695249568ef3d,0.1969793294248412
64c347ce204607a2,0.1397618420305365
8b972fc1665f8aff,0.06032132681843262
fd3a180f558ad235,0.09377580192550289
f24ea2f162b99780,0.15292110363669337
71edcfb193fa3be3,0.15255082059602348
4507c7c846e862ed,0.07320067527035452
ac51d145f495fdf8,0.09576414953048591
3ab5c54552e9add3,0.11789734334914936
0e545a1fa4aecf83,0.04943284415627308
19eb7f93e53f33d0,0.07900981256396432
f4653f53352a740c,0.11352725995449861
c716d718820e66c0,0.05860560885957744
a8a2778b42759e84,0.11875852175359813
d632ca08f997e38d,0.041344499515296285
47c56ea6034205ca,0.049013889634150196
f436395245784b88,0.19610148250682446
ddb7078278325022,0.06340668833455522
1c24525f31c1953f,0.1485671548134151
7c7e6ee56d6ea5c1,0.14011491714484256
0e67b9cedd55f492,0.057176532110788644
a585afa6cc802221,0.05590244645289252
132bdb2d81abf434,0.10083432576266024
cdafcf3dcd774b36,0.11162513757631704
5694f780d2c8e463,0.036152502492748
317ba4057a04aa16,0.1659999517172568
a92ae25f2defd1f4,0.10468780909787032
ff0073be9d8669a3,0.16728359629201406
2c4d6fd16e7da4d0,0.1091465492017906
e8b93ecfcfcf69bf,0.10258867662722285
aecdf632644c9922,0.14731915543668544
0f4ac8759cecccb4,0.03936460053112541
ae0ed79b3f56091e,0.11173445710013372
492dcb545fd160e3,0.07737548159215116
b6feaae9a6963540,0.0754329313236621
10bc80bca38b6418,0.0750784112688915
d8bf52f15b58b474,0.047364043468022685
d590d13d8a0daf0a,0.1079811765613631
bafce96906ba0c73,0.0673516456660921
15a89b9d9a174795,0.07826261966886655
3c895a00e202bc6e,0.14107456263846213
62100baf87d531c1,0.112122513145092
8ea52f2642c87cd9,0.08178458752127225
78bf3db367f46ea8,0.20289505534420638
7303626be6419b04,0.13571413446978126
86f2e3f9f88bf00e,0.15654386098987658
39921131b7d48cf3,0.12501407063060252
7c06255c489ce455,0.1615314858146539
2a0f68fcd60099b6,0.13427367352716849
968f899504b28211,0.12244800920784205
98dd9df8fdcb29f4,0.09089888057542733
ed55728c47c8b666,0.049430361049638605
0e54abd540000681,0.15981113392598578
2687ae2ad26c6497,0.14246318200988856
afe3e3f4edc8f7b7,0.08047462359113094
3d8ff2a3976b69b9,0.0854588479084196
13e6deb5f77cd1f5,0.09989719894056708
8c8711be796262dc,0.0742878174391745
8eb1ab06839664b5,0.07707972483840786
dbd58b32bf776c26,0.04567437810065246
4be0c2fba004271c,0.12020263017144145
a0f6b49ec1b86bc1,0.13262889682853507
3b33e5fb16341fe1,0.12373993716293377
d39f326ae61cb937,0.03321394270472966
00e28c2a11d38c61,0.14468535946106031
a55c74a9759fd56a,0.03636873471508025
8bfd04b0788122e2,0.43291764787159
895776a9cf9c8d43,0.09303731772489124
7ff187535e206416,0.2587798800380038
b2d991e4147a68e0,0.04654058751584919
b62ae246269c58c4,0.17468584309077828
b8af731f19b5c84d,0.030563143216908124
19f5143484b38101,0.1259689712940067
982f6a3f1bccc6d4,0.051602969112884145
2cdfb20347feec4e,0.16849242642470297
5b2d62e736467c16,0.08189923670621108
f85bf07959deae92,0.052789917079684445
8e923fa1dedcd01b,0.0916578503448117
93b3dea6a99fe31a,0.07386470762549152
8bc3af23b3d5ba85,0.06671948944808441
91db39152bd6ad50,0.24160619817908574
d911a9c74b505826,0.1413422585134054
0e53e628826772d6,0.050193090902614534
14d7b607e5e3f0cc,0.07409346611236642
f3e8e3469f0aab7b,0.04667665757625582
b9c36eb092bb275d,0.10832465833926277
9cff3e265921dfed,0.12408498976261978
585bc81acbe5b1ec,0.04376874284469266
15f8e68c7ac23dec,0.06649320942653028
a37b05bbb09f8496,0.18061090255979945
4f31f80a263d61dd,0.050668824506657384
6a3987a9bab31c44,0.040427637761824814
9f59a5ca5ae6d119,0.07383391797201366
afc6cb824b3596c7,0.037950438315416335
64dcbe6f4ac8de61,0.15660949431760168
1fcaa5c3533f63ca,0.05773204102961231
a266793e0c2619d2,0.13100401562840683
598af3378495839d,0.0763762836253623
b40ecfcda1506387,0.05266322202789883
22537a4c1f1cb22f,0.0576597698592327
8c5b78cda30c225e,0.11128508453657285
3239189122d043fe,0.07010407322448835
4b34859a41dd8627,0.06426723581017058
7577c8941b2e888b,0.03631084783048264
8ef15229dd291883,0.03837202467945082
3332780ef14cd99b,0.12694096062881027
f93d1a6ecd62d897,0.10757583900993326
9505f55ac00dbadb,0.14845358055806218
7c1831bf48bd728b,0.03371216617530744
17cf81ec2dede54e,0.14825499872535391
e84c6f3155ec9762,0.34888818760683254
e894ec9e0ac2e7a5,0.15616773780674215
c307472500eaf782,0.14832227691544086
96de47679c4cb6b6,0.05838410224711521
e0dd44e7040c3168,0.10827949884590549
bd9e6bd2fcf5a54e,0.13195478110530895
0382e0d155285962,0.10058466933290791
509eccae9abde09a,0.15916987323320775
f2147e0be04acf5c,0.10100906757319111
f3a6b01cc0938196,0.1455876046441866
c1956069b7309004,0.06546536747098215
2292dd5e617286e5,0.09885759203913527
3644d81639ce9f29,0.16856894675805567
4a5bf3e5c85dbfe9,0.04928193668139408
095a4f241c64795f,0.15493992872808005
aa45545b6df75be3,0.12364076077462466
ffda21a7e2973492,0.11177938618952936
662adc1ed3e8fd43,0.09428480333059636
218ae6cc5968ab6e,0.16193835266375167
316379f30810e1c6,0.09677295319145446
eef8a37b8fe20ec4,0.2662303083977243
d9a0aead3407db9e,0.12674906424010113
f0c65e7320950a84,0.13738950467078304
4625132a59dcda74,0.2179391341283201
ab1c8b0c3967b656,0.2203353276334275
f00224def382933b,0.10708620711310035
090051f10ebcb768,0.07977805438688887
2a0c37f157e82f1b,0.09293439294640803
61914ca3afe42c15,0.06006006565524487
a9fc0e9ff5b0e706,0.04320849478062666
f548f7ed3074067e,0.07416475830186153
9aec70578372daed,0.04832117471494393
fbb0734a4e985290,0.049629392585082394
a8cd11786e7fe2b1,0.08350018895566413
6a4338f210f336ad,0.07122755747747747
cdb63c81014bd072,0.06230926593697719
2c5a98b60450efca,0.07961441989371018
2337a75838293036,0.04527448809500735
a0ed386ea018cce6,0.09195280863711608
db76609f02b3bb31,0.1268664546378454
597bd387a63987b9,0.17201526117817845
bc7571c47a54ce9b,0.07555328340275069
547510d3ce221301,0.12184011815000992
8e84181f60b3ec91,0.07606594632085864
13880ba898b8f597,0.2450334679078109
9ee1fb0201512e8b,0.15577668957960752
48aefa3d80da5764,0.07915509321239794
498d517a667856a7,0.09801908675339346
f07b0e35881505f2,0.05689737501313256
1df225f3addcce26,0.03815177143866634
84a772cbe6d216a1,0.06405360527598322
f0e4a70f82f01004,0.11594612511568309
3b639af3777f4c39,0.03662883375989027
b9f77a4295400abe,0.04017199772912845
7d646e2fd78953af,0.03864222075740882
4127b246e0beff6c,0.04820491629435586
2321d1fdb21c809d,0.062217077231580875
9936f8d7184f5e10,0.03599604099731489
e2e9ef0520d08656,0.051360251736837906
0aa9b948dc8766c5,0.03732410836263829
d96df85b5160b1a8,0.060161965914744805
3bef9584524abbef,0.11366641180511777
806989faeae50571,0.03462579160656805
6fedd263e1290110,0.11187342608842346
5762314e60a560e2,0.18183145817445262
748cd550549c514c,0.09521993361931702
58a8e997e2757de6,0.037048496774254994
c13887db4b2ded8d,0.12731808291963967
eba0106899e8fdf1,0.16302716707274173
a947c7f89cb176bf,0.16940223713208308
4ac4a17692a2a70b,0.03958282733445671
2fa4409e1b6a3d85,0.13149484663918504
a783eca691369f3a,0.09181268973571632
e6e45dc137aa0511,0.038594941988673706
c589fb4e517e579b,0.07705904112330803
0535f48557a68402,0.13278395063128742
48e423add1624f2d,0.1340318987177701
d20110b1a6f20e55,0.0462239926487517
739f7cc76c78d0bb,0.16768553157532645
2d439083c11f62ae,0.13692244876155196
0c74bc780e465296,0.05495507314291796
52294576789c8ec1,0.12120054544389078
99b2421c51d37084,0.04700539110350706
de49e465a4c970c4,0.23896972878763728
4c88fb93b8d12270,0.0436138427152615
dcce15e3b59d9796,0.047759477776426765
b8e0e09067432f1c,0.16496136020158236
962f882f18c11d46,0.06796342741319114
34753ee28116af4d,0.12234350852342568
7c71a6fe87ccd6e2,0.040159538408874484
7ff97e6a175132ea,0.10223878464202414
d84022bd67943384,0.12969524829986592
c270a677c7614aa6,0.06901574280286737
1266e1b58e87a761,0.11398748135095109
9fc631524aa3372e,0.0551091307149649
88da969d80daabce,0.14418600576450147
9c5cf1807334358b,0.06882789642028544
0e5706f9560fdbf7,0.07113395059501995
d9db7cf658a35e31,0.16814994369619912
38bb0629e63b6590,0.1057849632942103
726236f75c9de724,0.10766076171846947
47ff559912cb3714,0.062016982089891655
bd567ce69cb8cb62,0.058893351642439806
6b7338c16e1db627,0.033794791275003865
2e47f13eecf939c0,0.07926977261786386
7e001225afcdc58c,0.1391317599243352
b0ba287dc9f94b2c,0.12166757177165682
07be300260466f0d,0.044866528102836395
49e2abe2ca234745,0.16608758382219754
bf163922b4b12745,0.15039554035330338
aef9d385e9ff8518,0.17066289194851472
3e364e82bc780650,0.20792307042881958
393a9aece2867c5d,0.08509149771766317
b0519105b55d4bc5,0.13426183082129572
c5a4b1418dc4e412,0.11894330937207943
ae000e40b4cdbc49,0.062171641494151164
bdb4932474ae13dc,0.14728020001729286
54ab20f1339d0955,0.06109244005848426
bb6cce3b0b6744fe,0.05459449325763026
0d04ac4d48d1e700,0.2080069635065131
6e3f51731aaa2c77,0.08468443295288386
783b7b163b234e5e,0.14048316348765633
bb6501e8f6ab95a2,0.04804652797083271
e5f20b7a540b7472,0.07626784243892268
726e2ec81830f724,0.14066750692864988
e8dc50204900e975,0.046229336678141636
1334006b9c4f4ffd,0.18666669349044201
3553330b5c7e6092,0.12248252791037714
e1a3e161c8b2e221,0.08584728122143227
44e747740cb4260b,0.03750132529928746
00202304b4481207,0.1533745147854548
931eab5e85d6e3fc,0.04622304190316261
e4b8ca3da3eff8e6,0.058864683161504755
103e5a44f9c30ed7,0.08356659851970996
448d40536e9c5670,0.0822887609698228
1b4d4b42760e781e,0.22080422686832973
e0b110d4f6844bbb,0.13340840316578512
0d928dd7f13b92dc,0.10442379148692438
1bf6e2dae324cf0e,0.10072043983241125
b2a17e2a9337f111,0.22528117724527114
564d7ef8fb681d94,0.07268595935972347
a2088d882fb6d77d,0.1626503927576219
3fe22caa380445a9,0.11603229008961156
2b3c171024a98155,0.23528876597026943
2014d23cd7792183,0.13404075511506436
fc996643d63f02d7,0.051335681044784504
c8d5c605e447f4fd,0.08889662573131714
634298df42266b22,0.059511877342351
5c8cbaf8b4d39f57,0.161760050137126
a688ddfeb76eb78c,0.17141504757838447
85a12cd29f47007e,0.051649826395773535
a5e1a3f8e312e1a0,0.038180051417456146
29e076c93c2b7fab,0.1603858785133001
71b7b90e9a0b70ae,0.1321560578123675
11583aaab15330e4,0.03419838386895693
5b34705855c1c880,0.08798347548122792
26361ce2a06897d2,0.05486098140826644
2be888bcb74be336,0.07579942120812372
fd96abe884c43d6c,0.1581641658778018
165fc0b6a160dbd9,0.17415378352515165
b8c8c114a79ff453,0.042096395121084096
e22746fcf084642c,0.03799069608093987
3fc60942cef4b9f8,0.12964542886457223
c78a85aab85debf8,0.10532002081423958
9c2166227724c80c,0.043832888416441784
e0291b12205c2c68,0.13164146566319845
307b5de4b89748c8,0.03732338398788469
b83469a7d7ed138a,0.14207138214145684
4726c5e084cb6f1c,0.11171084089295877
33795c308f648269,0.248851690739137
d44b56532551df1f,0.15051606286269606
7db689f550f62666,0.08199863780147781
c64b1df6de24f982,0.04214262327225155
d9685a6aeee511e7,0.0559671712035453
2c867c13048a2311,0.17872450441144072
b3f36f5f67857959,0.07474986720175669
c8dbafacc0fb77d3,0.10747540223296531
3a1b2137777bcba5,0.04210603100604018
c9627e77fcbdd360,0.11092600238491351
cf4f6641c91382ed,0.06522951468795525
fb519c3fdb753245,0.19820512361245543
035449e62c90677f,0.1048441192214215
5201d1bc5a7cf0ef,0.10920079559731365
01ef09b451cbddb0,0.08469580766581405
b98e367af7c0158c,0.041125180981245485
bec6844244ad0aa4,0.08268753860065878
ed82262b135c6e4f,0.14802286333132902
67637bf7061cb7b0,0.045532759089663116
96ef8b85b60392d5,0.17789653760876895
fc1b0a61b9dd082c,0.11365456847479641
c408b4beae948cc1,0.06866853271128223
f26323206d284ed1,0.11421227028779228
9214caa6c1a0dc02,0.05949684734364634
591a28a3c195b6f1,0.1295855747697807
9cd8a8ffb7a9e96e,0.04183897406097474
7ce580a49450111c,0.055202812067506046
abccd8c43775abd4,0.03813380448437546
5c6acd44464d3db3,0.20778413948740448
b0e58b3d4a2a773c,0.17048841366506073
eff75fe4ffdcb49f,0.16811420962984203
06ac1908fb89960e,0.12562890367281204
6e61df7259588c80,0.2443953124788273
87752778bf4206ba,0.1042504945215589
2fecec0b55303222,0.059732320783279044
d57c0fad9eabe24a,0.15630351862869427
93cc7546b8c345e6,0.19658796617006036
eb76de6938c4c38e,0.10924219061690618
0e733a579e63472e,0.0661231801951457
e7dff8305acefcd5,0.05662279228649361
23423479e34fc441,0.16928080417772454
3f66f582c2bdc24a,0.08481756948263616
d312e4d7fce5fa01,0.11604540916346168
c04cd9fa54077b8e,0.0536545577114602
04b68ab2f6458e33,0.08951252588115191
35665b0fc6847811,0.11609707769470964
9028f284365c7863,0.08782519992377152
fa23926a88284b39,0.16666861961429907
ff5e27f506ba1ffc,0.11052149679247633
e6a04e92205e9e33,0.1361233966661048
934c2e26775faaec,0.04621659657189525
35403697fd72709d,0.09322524129772919
fdc814fd85f237e4,0.13020662424544716
bf4ee2f20859884d,0.057890091298965524
d2d10af48a354c4a,0.08615924520276652
a38e463e1b086d42,0.14192805451937102
ba49ce0117002110,0.09009278102178597
d5393f1776772d2b,0.07902638431430332
80a6b6e9f65aa3ae,0.0787130372155167
d84698a77b768899,0.040955291552435845
8d09ae0709d01465,0.15131913222500282
0ac53b64e16a0efa,0.27742501041129397
a632a91a07ac8406,0.10985346342904857
1f2437c787ad39e6,0.16568410594542046
beb116a0a3ad4f5d,0.1342496626780414
c38f343ecf8e9527,0.06084178996408655
d04bd8d61ac99c5e,0.0599339758344344
6a279faa81d0684e,0.07971247164010108
1b49b1154407ea05,0.09965349169738938
b71746f211be0a24,0.034542109576103625
bbe0b7fa6d60f17d,0.16404863784489893
c9117e785fa1cd68,0.044678706475218335
a700a6b3a689a18f,0.08098882287322035
d998a004d828aadf,0.16441439974108735
54cfb8bb56897eb5,0.15109881504934952
bafd504785d302a8,0.16779873618733832
3f45db97b95a3352,0.05785179935811928
2364a75ca729f899,0.17866491598596337
9387acf4770f549f,0.10594004399298167
a434422326289b00,0.03532139467458527
8bbcd05afad8573e,0.1997637730115427
82fc48f10b8d7cc9,0.04701326718658405
65dd24b31c0c4067,0.11686670368497144
b25ccb8b682acbeb,0.10507784462795947
291117008b4408ee,0.11314604321923455
aae3422dfbb55bf7,0.09521622509135189
d436224afb38b7e2,0.09729755454423952
1287c0ffa2f14635,0.07676884274463651
4feb7edca163def2,0.1657422813779205
00df2416e72cdbc8,0.0637889413686926
e51c757048ea36b0,0.05125439054365602
59e45992c3fccfa8,0.11947762089932282
7b44475e4e2e3b92,0.12939880316781424
be457ea8112e2391,0.10297845321767138
1e4fd1293a611d2f,0.13555918207068687
343371989bd61c74,0.11382977920981041
6bb985812e990044,0.07737129481559954
c0be9996bfb5270b,0.07620353219651596
bb367ec1a239b8c8,0.11456172212794555
91fc9ee0920431a2,0.04326119588455596
82f2985fe6157914,0.059911482157306184
eaad7a9709bacd50,0.10903295833613691
1bb729bdda8eab4b,0.044570089190260335
35320f198f2157d7,0.05012665180420897
74cd9018fd2aa194,0.08165195799195814
fd091b5e49f8138b,0.10592562320872898
917e088d530b042e,0.16896406717707124
b0e606a7344aea7b,0.1157360581039073
c220230ca6b46d2e,0.07904979152496505
2174f0850e20c2b1,0.041999009099788626
3bfea4a031f46e50,0.04297353441465904
22199945c8b6f01d,0.12525579319270877
efd4e993a8d94f5e,0.08959647395843774
acad3b0b2e72b212,0.10558502166720901
1a33438ea9b6ba09,0.09837141705088878
c9a22295bdb2b49c,0.21722812211759437
0a24b5a0c164f36d,0.08619051423880525
12b662eae7ad89fd,0.07804537911278395
788a4a1a340ccebd,0.16860413354095977
0b6ebec97e53c571,0.08236321013281411
be4269de80d8b34b,0.22881536345625036
ae99dff2a596c7fd,0.14726295069758033
1cc563af87248566,0.130891104852432
95b03e2a8add3a08,0.08549457479494803
bde7f9ddcf827170,0.03424459171426148
e24c4af855561b6d,0.08336435086842356
a1ef8a44aeab6af5,0.26620958381827975
2bf2e0d5f713e9ea,0.03585179020217951
6585c55605f3d692,0.1313695342278106
4a44bfcf3c8bea26,0.04157994846635732
78a21d5aa40bf4bd,0.06647285535911317
d208a68d90d83d1b,0.09068581878166916
fabf07be02cadf0d,0.1491770548654407
3fc8a4ec51114a77,0.13434134510268914
d8da2f9a640f4e03,0.10230429226970116
f7a8212a941af65b,0.02689749750024522
836c933a5cb4ecbc,0.14359666312782626
e292f252eebf817f,0.09471553367129765
ae7e8b931e0ade53,0.17572349535584914
c937062a293ea0e5,0.09587312699338159
673793020f42eaf0,0.04369284954300402
531a753aa5a10879,0.05905856540294391
65613b893147c771,0.13573089514437775
a3609d34533ca6b4,0.09633750791180432
c9eecf5329211123,0.2845938617142557
4e6d4f733588a212,0.13766816606744953
95e0d5ddca2118d4,0.20869003720395235
4b071534952c920b,0.07406720449606222
f333221664eda263,0.05698089051618126
8627e41026f74eaa,0.12282937311329761
789f4695cdd6a417,0.09485554787777817
908034eabc372b99,0.051706046804872154
984bfa387795ef76,0.14072345064842565
91c8e8e6f637fb1f,0.11568128836981927
363aeba9c072e960,0.15787185652018343
5cd6915b98d723ff,0.10808645991225117
20f027368dbc60fa,0.04123070655658588
a58841827e8017bb,0.07012793493558317
ad9e6a299aee4827,0.1121629495709962
fad46bf569ac7443,0.08300091079604985
0bdec115af64e996,0.10043227672814906
e78e15a02aa6163b,0.17790329759539908
94c1b40d53f1c78b,0.09914630899533722
c1dee5b6d55fd7c1,0.20494551888288834
502f0c8494138feb,0.031490024222947804
316c5e9c86bbb645,0.041880632444858054
c5624991cdcf670d,0.06547884782944174
e000077bf8c8b49b,0.10670964598789695
9a36d5ad49081233,0.045699042552842344
e4ac16a92daba7e8,0.12289130275864345
caf1ce5141ffb34e,0.0331849127458654
d07bf091bf998e0c,0.10806564998587218
f230be64e9f003ae,0.1595564051827859
fcfe55e0768ab257,0.059762197323605326
ad04ef9c94f25ea7,0.049368583942386364
b6c3dc163008115f,0.07048546260418573
2a0af6ff3489e003,0.09342088642564647
5c098958dc2a26c1,0.045613022370267126
a802f6f7cd6d7b2d,0.07711455961445077
f0897866ed523f60,0.16622811995530604
3c1071f1773cc7f2,0.03271077315559237
5fb77ed43c58e517,0.05370392164412197
3fbcf72648af3500,0.06564298773204787
64964fe3e34849fb,0.06173575533590221
3d3b19b2da76dc78,0.1468892924584683
69eb4e47c0f3104f,0.10534383520648669
1b55daf09e9f129f,0.07787178343226986
853fa0b67eda4e6c,0.04540044878924562
636b3bfe96c8c67a,0.05812564084666327
51b24fbdde490535,0.06252805274420781
b80f84359d81c98d,0.10145933750825065
a865666aeb2b82d1,0.04118219664695638
08fd3d5f06273089,0.035179098292068764
cdac52f8c24b9616,0.17155324160173382
bdc841da585c4a1d,0.17615913410964185
8858154c3efe65ff,0.1040809426211832
29f989d45429b9ee,0.11710945269572282
b97dff4909968aa8,0.03641494515677325
69c86328a89e4898,0.04751688678436748
2d50759601edb9c3,0.14550589325322
134be78ce02d48e1,0.10887529876940924
53b540f7c8d16cfe,0.03353165608382941
76d2e83b30cca3f9,0.07940597588737841
062167d4ccf76346,0.16554919261449355
84cc2a48661e807d,0.054066972207752126
60f1e251520005f8,0.10904135744384821
781115a32396b4cb,0.06602029623401304
4c1e17c82f4cc326,0.17489355695163178
b602ad5debd51028,0.13051710408838577
4d9da053a872a970,0.13131855470646492
95f7ebe4304bd2e4,0.1807222269788572
67a8207cfef9f011,0.32544140599649896
b1c3468185b9514e,0.12621680467385094
f80ccd7ace26ae4d,0.389713232452849
3ac147039aaf4499,0.05944827307845735
fe5cd175ea7fc09b,0.050363089933327956
9026d2936cf2bda8,0.1490433750164652
a4b0e01784fc7cf8,0.14311718494053743
43c462b48d97dd20,0.1272717536491908
e36d0189d20a7617,0.0644877731439543
43c3586991f4b403,0.06587497233462418
009e48f2b32be557,0.03765101307281019
a1689ef168f2f333,0.1760163965635108
dc310fc66470ab07,0.09351024077152453
bc654d187751fe04,0.1026700536708067
247e62af046a99a5,0.08900388596101197
48f2f9556bb2ad1c,0.104944386933641
e604b921624a200f,0.16357837179938195
e46765e152f7daef,0.12496900153537002
3d183f0c812b6d09,0.12429104226687065
3a7275f9aeda8305,0.03866442545410943
1d994aeb47ff952e,0.0572313408652395
75dd9cd1bcd35d05,0.04109623307329255
a976b4932381b300,0.034355038132236566
da2e39ced8c0afd6,0.048332754900446445
c77fd47bb1683f58,0.13178259141321028
ceeddee046f39ae0,0.04364424682313901
cc50dd12d1f23bac,0.09015730593346732
8b73f447d60fc992,0.10846287734669585
dba1029662f0c412,0.09844965411644196
ab65e0876504bba1,0.13813820547018854
00754e6b5a7298f1,0.03143201003431402
082f192c053e5283,0.040982531014558135
4cee8c7c13d1afe2,0.10027291498630586
9ea9e3c8cb3df9aa,0.06189641274816321
2caa75dd78c01d17,0.16428857271772515
42ca39ab5466bd19,0.2023274512974716
939ed128e268f834,0.054532230806069906
e452cd65ed19c900,0.10999947113641984
e5ee2d79d0c49d1d,0.1716360518529922
ce0d423deb82f2f5,0.049908548318672016
3c30319ed1684972,0.11127263723630099
18968bda98628242,0.12644145334838017
9566631a173d48de,0.16059164615874466
01d78d3ab164da20,0.06153505099018385
7245800926a4112f,0.11499413137272477
3fffc62471c1f18a,0.1918865297327323
3b530b29e9f5617f,0.12769845995353965
65305594301ba50f,0.14576364168746656
593ee003a4981c15,0.09234369807398321
f79985b30220adb1,0.11424998542093684
60dd8dcd3a1d1839,0.15942386273126574
288aaae44688b015,0.14133264580682064
8a16369cb4554d3e,0.06950137946061838
4e49cf49f79e1181,0.18416841850912946
1a6026c94f49058a,0.07781457029713329
8c29813aa363f889,0.11030560466036589
5fcc5826d5f8db34,0.13493585862613627
b002c58138c724fb,0.048657862954774256
62a918db11ef3076,0.24081306399412203
8fb91f382ae2782d,0.15238781740160803
af730eb0035cf0d3,0.17369431248194134
546fef357d2bcd57,0.14583802300263465
c6129c4b99d7f4c6,0.10181582205833875
7596069ac38eadb8,0.07582602590397544
9560c8310cf23dab,0.03303120855113342
ca1acdabe94e042f,0.12733885087095642
521f9d2193473fd0,0.069859210351262
617eda3b96abb577,0.07889988312553871
8d735b59dd0a4270,0.17143268968768222
1b405139fc287a40,0.07025645456205352
e621733719a2d775,0.14630178511565678
95f4b0d76e779b43,0.11630574871316848
bd6a23cab176ffec,0.03914832325680623
3c5fadc2c957c7ce,0.17724112548997922
37cae1b2dd3c1330,0.10981412841046675
0fc2ffbd9370b121,0.10207720515711394
b31de0d8e304eeab,0.15098679949172103
5738bf5ea59fcb0a,0.1387620271091397
402c7edae37bcf39,0.12659845931266037
1d79e32040c6b05f,0.2235979727828926
bf493f6f4a48b2ff,0.0485321266625546
8530681352913ce0,0.04353599229390226
c79cb0e184ac42c1,0.06018394494638372
32ecd92eb352979d,0.14300511048396022
c9a54261284070bb,0.04653468713539888
e6c2ba81e397e33d,0.0655770333107962
955bdf4fc9420404,0.0633426528526041
b180a78e50608ab9,0.09624838995811999
69484ff0bdf4b104,0.09200101317176293
8d62a01ddfa11fe9,0.15248101808874337
12c3df9b72ef96e5,0.05659043695085771
12ccc513557a0656,0.08912708391261662
2aaa9bc35f4acee2,0.30160352522971057
e31d14248a98a72e,0.13084866517551852
1058c1f47fca2b81,0.06960492458971465
02ab14036929f70f,0.09022369776985079
6880fd1518aecd04,0.0979080368443124
580068eee74ae5d6,0.03668871600417519
fedf1e1bd320672b,0.04706527493174145
d47c1d43f9dbdf92,0.07271705480614472
8a7fa6c84cb2b0fe,0.09036959190753414
089bead0dc0d7c16,0.10520954226686609
3f12eac5d776ac9b,0.06310393029710563
2b55254bb421a326,0.10598794032755146
16721efb42f49e40,0.17815609562029588
87ada6cbd040d527,0.10703078353923795
c5c4d8e14015f4e3,0.11827779489326176
5d499b0e085f025c,0.15531443485331847
183039182079fa48,0.16568947743225754
05d6c8a5d3db19c4,0.1555988311218639
4477fb4e0a476ae4,0.12651133318209
3965182266dda565,0.10061341459629519
72bafef29554438a,0.10594041314403127
1b31f23c3e55dcb7,0.10701230934135367
66c42c9008125f10,0.08766617008527486
5bf14b82c919f706,0.08928757377552934
2c7401c2798c92bd,0.08017138061275517
4adf517216b1dd47,0.04385755046558272
26348c70727fc713,0.1882851375218078
82c1c6b9b0ad498d,0.09710727514718417
1365ca92c2e04031,0.05223204334203056
9edbc98e397ab4c2,0.08661570777389409
1059c066d6e0626d,0.033283269908135495
af993cc3ac374b83,0.06334932675445976
f32194afe634dbba,0.10016725631029622
29de97ac80feb956,0.12321443657575869
e5fb185d8c6181d7,0.08978038935246586
632347c0452d889a,0.14431983887436145
35ad7b818afa2cc9,0.17392332886448159
0e9b47d072e9f5d9,0.08238007820277707
4b2ee7a5a4d7d797,0.12253163610904255
793b579534d59c3e,0.0773847242668255
3b23c46e8aebaa25,0.13595846956343668
f68b741461469ae2,0.03688139934108289
79e144db8265864c,0.0383854213455916
09c4fd90bed2d748,0.153283918507222
2215efb176105acd,0.13111326842700488
b4a9877c6c234878,0.10151698559355302
529f75ff399c033b,0.15923711723602077
ad20741d26dac628,0.18593208399399686
abee4fe9fcb49deb,0.04871784986094112
80bf7ea1dfa6b569,0.1337222238887473
7d637676608f51cb,0.05107476018458103
79855154621f663c,0.04655855065091319
db630a696b94324c,0.07680614439055969
2c87f55f1bd853bf,0.041031437465576595
05466a89f589fe04,0.33511669308039915
073f9b06f7bf95f5,0.03965969921334847
d8c52af1d9a0ab94,0.048124466339791776
170df691b9758d76,0.12457714422377472
098c223fa7ac1f73,0.09571414534613656
947d4f80370f0b58,0.07532898060688267
66196fa0af9abe3f,0.1380206272420146
356513b3059ae50f,0.1157787640759339
a951ca23d4bdcc33,0.11873515091918865
defaffd4e20a4c47,0.055615283786209876
9aeb8ce75c56fcce,0.04211459935567771
0e52e6d570d8f008,0.04545067620654558
d177a330dadb2707,0.04347330890367034
4acf903d98d08aa8,0.22706601906162233
673bd4205f6635b8,0.11338794607467115
17b635201a20862b,0.09890026713491246
e31cdafcb4337eef,0.05245675709563878
2f57ad23a2ad21f5,0.1399997920283097
8c76f3fa81c149a4,0.08373201350086887
7448092b980edcbb,0.13013063071043235
cc3891e28dd031fb,0.035522194152582606
05d416ef906cddf6,0.04060943771861113
d5cdb3c4f4965afa,0.055111576027959186
bc40575e98475699,0.04445594660177675
7227a9d91f309e1e,0.08204521904998432
f83295ed727a429c,0.05175382318528394
44f16ce1d7899c02,0.03614190304720896
219b4d22a5bcceb7,0.04530983287172341
5684d434bf545e82,0.049429601516146254
03d5ff6b9db6a1ce,0.07839874104690925
c402ad00c62dd803,0.04606903871537758
d384f2bb50d7321e,0.11196091112141177
865ca8dbe8ae9927,0.08192032597495454
0cfaded78f4c55c4,0.14987980093852704
c1f9c03f1f673cb2,0.1410774670853009
80784aef1b00a337,0.13349121372569395
2cc7c6c16592cbf5,0.07345368243423396
f816697d9e23576b,0.08143399698486077
e0a3063ee410875f,0.07378393741714231
187c083474d62911,0.09027153274318739
32fe8606c8a5cb67,0.1568543332603694
e3b603a450f69271,0.06147279161333398
13ea25fe500d74e1,0.10164739141311727
3465f2b92e5411a4,0.04751394987917395
f84c04deab8f0a53,0.1709600069176878
ce64b825ce5f48e0,0.046117501986498846
a03d161faa6231d7,0.046288263421134915
7b73399454d06d9d,0.04295540740946574
726ce1fc6c05064c,0.11433181919158805
0e660e2441745329,0.12217481006309056
d4373d25e109dcb5,0.14744000243612418
6c8ad2f1018079fb,0.038977342374645445
485cc002fda9b938,0.04247730669704007
840b1b00c51f87cb,0.036134765672584855
e7c9e19e247f843b,0.10153025723315787
4f97589fa05c40f1,0.15934166919539028
41919c492d55190b,0.13532207390185186
8fc6cb3936ed4ac6,0.10547670629472303
75e3076bf4b29ba8,0.06826123528459284
8357351f6977683d,0.11688311206069807
1a6590aa6c3d2a06,0.13981583803478045
6b0dae5047e0ba12,0.11813619422155716
6f8bc4fa3d91a3dc,0.05757102049068781
e4aecbadc139b9ec,0.08807091989303631
7616bb2872e18231,0.12900834887675097
f97102e411194f18,0.05578429322377064
4f25e4f4959ce4e1,0.06384134475273297
46d34ae6f3e900ba,0.09563444817147693
73e3288eeb552e3f,0.04063626145671072
e7010fbb2150676d,0.0820973723368843
cc2c1c680ac82832,0.03445205240525094
d025b02417a63fbb,0.11266304991840673
08070948781ecfb5,0.05123177668159292
2bdbf073750d4864,0.1112845216871886
2783928eaba81305,0.13621268291081318
51bcbc84c0f437ad,0.057013622856067314
dbecf7b9325b78d3,0.16130790160333955
39b3096dbfceade4,0.08661607208878988
4299599a54525066,0.16799901744162937
ccd92654fb1f721f,0.21342245950192976
ee1170819ca7d594,0.04887017937968383
c30ab4f74d33afa9,0.03478281716885456
40f10fad12afb51f,0.10474153112750395
f4e63fba51ec3896,0.15650181388505086
60ad4f8eda2cf6d5,0.17289434719697522
4dfcb17aa4236952,0.11700510487170279
2e54d9b1b4e00337,0.06940142442841182
47a9e135733c2ab4,0.08944775541300129
4b3c22d3da587d59,0.11215256213675559
ef89abef9807c003,0.06008206671850425
e7530eb737c85931,0.07796320315685834
dea26fe32dbe26a7,0.0983153730703997
08133a148f3d4ed6,0.11497154076528679
d39b177320bf091f,0.11982481296884856
c2eeafe05948ccae,0.12014446810231649
73c8d1e2bc9f517f,0.05469864108487944
0dd4da33e5e18c44,0.1009742453021458
25e076876a1fb6c3,0.15645796950030913
873d0ca47a7ce61e,0.11885138673534171
930d090798b9ad8e,0.10390053396675707
98e38baebfb97bcd,0.14648039440023264
9c779fba6fe0839e,0.04196242224564204
5bb1f9fc76a02c1b,0.07481863125944913
f83de39c4e518f6b,0.17582369136324366
10bbab1f08d2e6c2,0.03140528354288502
ffe63eebf605244b,0.36832956212651524
1e55e67dbb9fa1ef,0.0973425988047912
e53426cca968ebd9,0.12262273596378459
51bba86dd8aaec50,0.15919156411898155
582102afed3c818c,0.05081714524577324
b280a8fb8ffb9bf1,0.08696984961019608
e8e7ee8589574a45,0.07846915562253026
228ac1a17bade85a,0.07637265872993602
2bb37b0ac11a0c2b,0.12389918045792762
5588a1f5d8da9c77,0.05910084053184346
a46d657f4c9bc8ca,0.08043991279258675
7373ad47c61f558c,0.17042395666497223
0f1fcadf13eee28b,0.1488391301288747
1f8603bf90774382,0.2574001344059213
b0dc746e7f7ac87b,0.07566326450925145
82107223b7ff9788,0.12984506327130602
a38cbc0aecaa644c,0.07456518875223395
61dbaab39e7dbc01,0.03845061324569368
85064aac24d665cd,0.03271105598534664
48be998c9a3000d0,0.08124070538325667
26b2daccb2b045e0,0.19238925423327669
95198d21e3fae237,0.0656277977370546
b2a2d7a18404d7a4,0.11983734176390227
6b178de020b8598f,0.04827289873822922
38c1b19633279892,0.1191934663147396
186d5468edde7455,0.15615214638948288
4f33d36d7b629852,0.09783534968584584
b955eeaecbe25ef7,0.1462983667172273
39ad39dbe012b34a,0.22171447635301517
929e8e2af2403da0,0.07511216184138529
fa22cc093dcf1822,0.04811891062614443
f56ff6b1c2817475,0.05118218281847438
56b30f44349ddb92,0.10275576406562602
617dd77adea9e711,0.09341946342942424
4cd7a91de7bacdd1,0.12413080428594586
c07844f4e94ce116,0.2115190701379344
692bbfe3fde429f2,0.2095431592678366
6e8117bf11d2b904,0.06552757444117711
27efca94126fb8ff,0.055620527792055334
4d2a406b540c41f9,0.16748423236440935
5ca9c8756c163b0e,0.06231864878019189
c10aad8b54af6017,0.11020540740197532
60798b007f7b4637,0.05958659777966689
805031b5ab834e54,0.08801662174993283
fea6be92744b0c40,0.18748457818121309
284e4bea4a96494c,0.08207380226637702
4db0c35a634d4fb9,0.059149905791435156
351dca6bfd544a21,0.18116565120528116
c36cc7323d4f4de5,0.14447432608331215
78c350098097af6d,0.03439857353292235
1404eca61a3105b6,0.04684174110265039
2472a09a3e602f48,0.139824233959836
5f9d50958df392e6,0.29388549890874643
ab8fde4ac70ac766,0.16983843453396236
6649908e57ee98c0,0.03988387126830391
6f6b426a42753b8f,0.0807891410699855
9f89dd1b9ea145e9,0.11517998356417991
d56cce1c1c4c9780,0.07147574872092675
fd794932c3ad58d3,0.030381057324527228
901c8562d025f79d,0.06488966813549935
2460966f3ca7d3bd,0.13921264201072128
41c6149d1848cad1,0.06915220304698325
2c948ba95eb3128a,0.15128274331445662
0263f07afc6e71f9,0.0448952084137942
59520bb39396ae13,0.13349515483303687
096e1b740c779095,0.10610019604795398
13bcd446b5b75780,0.043840703364928034
82652e7aaa1e423f,0.04144203587795943
b4c2a047510b1d1d,0.043945738441160044
8e95fe1172cfd49b,0.10157919104716069
8b3b319f1bf34127,0.1651135359920886
8e876b9274c5930f,0.030502040106245187
74c8dbccca14e4c9,0.20103402906175072
a13d2861af1b8b95,0.13801566597616788
3d0443784b9008d8,0.10640535061061257
30a6c22faea5d219,0.13161176214261908
8ccaf0cd13ec8d69,0.20196318894847393
ea79b75b6fa4e024,0.09209222371041942
df41150fbde2201f,0.10519185024404026
6bfaf27148ca783a,0.11814651631500178
016b24ffbde9f2e6,0.1623213216792615
c7f17aea0b57c810,0.04477556613071072
1974cb4a4a5105f9,0.08797327920025033
ed6fb2d892b20325,0.07129838849709012
029aa7e7739f68f3,0.06277375054630893
1499ced0a7fec031,0.07554686421788295
1da835ae2069715d,0.050326298678671395
3b48789ebdae6cf1,0.10616147341278061
b2501a34b4204e11,0.06098355436250771
4e1bde0d2fdb1719,0.090305064773362
bd42c11dc1ea52c1,0.03984526108292637
dcdd441194892326,0.08500966030758904
890cf601bcb4d1fc,0.14256177171666762
efcfd07026d6f75c,0.11670319522859063
6e5921c9eaa0bbae,0.08780447634155764
076e6b937f9e0f1e,0.20034272429155442
fe7aa6148631a52b,0.07443371065424954
0204709b122147fa,0.039012104294903115
3bf87c4ce9af3343,0.03957988647017729
e5d3cf73e07cb881,0.12395938843450437
d79da024e674f570,0.1317417883574437
f137410611053710,0.05499966830121435
4b48a5ea7d8db38d,0.05672971111889909
6e5b5708c1bbde63,0.1260337946513615
2e21f1e2f4f0d11b,0.0693546153538181
2fcb7b875a97fd67,0.12970260979766618
c9c50dcabb2aaebd,0.04308128354976111
ade709965be588c6,0.06957862257732492
e99ce68035fd1383,0.10870607010047073
9abdf47140639086,0.25014628840579783
c0370f3f688a69d3,0.1773416790240901
023ecf078fbcbe04,0.09156750826776798
9366b2145d9ffbaa,0.17646441071735058
907dcd98979cefc5,0.052346409082264136
1430d1f8417967a9,0.08838962797946856
12cf954bc6f7953f,0.20948212895401702
9f439978c3ff1caf,0.14547766916414315
3d566b52640665bf,0.17480718569211368
1da24b04359879c2,0.0643901741586657
5fb8e8cdc5a458af,0.09227955790533861
69f63de79af9dd49,0.13193799575652357
078cef5b5f6aff6f,0.14392069302192834
ee64ad3ef7cbc727,0.0436241860677517
30f789de29e44c84,0.2048820044288296
ed6dc35d0f6c3f4b,0.23926654836541966
24171dc6016596e0,0.17049527986758573
d9753be4a4ac4d5f,0.19624359067411484
08b18f56dc4a9978,0.11237797220121216
2fe99f58d73a842b,0.05146390880152173
231cb4b19f8ddc4a,0.04232184385560231
a0f57bb92842d2c6,0.06298552857777798
b451e5af95310e52,0.12958550860526677
4d5e3c273bff2df6,0.11267954814408365
69445874395ad7f7,0.043028164298334934
72d5eb4d04446c06,0.07531954219282072
676277c834acaafa,0.05751252600874013
345fac6fcbfce3ac,0.12226971077832821
77268d80339453f4,0.08886950840786673
0a3d332e3608b10c,0.15730734435345725
3d3e247d278aad6c,0.15877689793940203
c6d0f1503380066c,0.18883570346047474
a7ccb8ff054ea663,0.15627964039087885
d3b3fd3963b35751,0.15639824564832688
e361e82e1559efea,0.10429245322880148
94f03a339108fe12,0.03880339198994735
0d6b47fe3047807f,0.10147237931164409
f0d2a9398458201f,0.04864870934941279
8189ef648444f31a,0.13789904083498755
b341aa9047a23001,0.07241844394095365
0b603f589ffe5334,0.17162035666818218
dfcd5836b6d7807c,0.16994761933444893
c69510f82760fc8e,0.07236611909793168
bc2b0e3b0279f394,0.04036398800159072
9e59359a937dc386,0.06256067376787008
9bd6fbbffc3029b7,0.08870364939983522
78533ed0a4d75031,0.10068190833041857
24d3b857d9ec7516,0.13651994320550492
d9f1874f6346d786,0.14019589904447727
6588a72e611a860f,0.05180377068287109
52fef00321899df1,0.1485531963083862
b3c2a81210323102,0.05769926012908777
c1501d30afd688d2,0.08007145840349128
2bd1f2fa8a7cdbba,0.0589540334321164
7472a7ac18cd8ab0,0.18660395062511453
b1dcab1c1027e375,0.16384099615305314
2add558fb5890d0f,0.04176407336563851
51a6b2ebff82bb8d,0.13098790375470173
3486d76917d26380,0.14427525358175408
7d9915dadeee6dc0,0.10345867890940436
1a5e5859e62a5ff4,0.036235218433708874
ba7cc06ca707247c,0.10085817105839984
3c42318ad81df936,0.04216084416739761
e7f32c62736ba8ec,0.08595361579801464
01970049a1d79ee3,0.15314185624029203
c34d08417ccc14e1,0.131784144114675
dd08d7511ab95a7c,0.08702177115920179
147c9ed162930636,0.1385427063165357
4d55d8c7e32d9a9c,0.07583395096335263
1df22e6d0f4be856,0.09454447596889767
29e5cfdbc9735f7b,0.12957139334775272
529dfd620d6ee22a,0.06777799393584609
22b829fba260c24a,0.0671553890704935
712c502ecc45cac8,0.04898970183297413
2806f2b7f968844a,0.0934244935797569
1ff716c957da8f4c,0.03627546771911937
33a651d1e2266900,0.20757075005471315
01aa41460821647d,0.11772222499825669
2728591ac3aaa7f9,0.14801003469916177
62153e0ba99bfdc4,0.14741606985381842
a336835871390b27,0.07536670846485435
66040815dd14bdc6,0.07198750270321722
e0d8f324ffe3e925,0.11627114772637573
e7d245b8d234167a,0.0602995261872625
b30acd5fe8990b03,0.2968589739877775
8b87df65e3f61018,0.1063641299159315
92d913128fc856dd,0.10412168372009367
c1aa97bf3aa49c01,0.05669846587311295
37b85ed57524087b,0.1700803231149924
fbbd2368a21a9e6b,0.07933124454055329
39795c53fb16d719,0.0728577234786
6d637bbe837caf77,0.10230987615870615
ac09426ca8b44dc8,0.21279529566140554
0007a5bb7310d604,0.13794526169548604
f8c5400d321751bb,0.1957110264377627
5c5d74b2ed3fe0b2,0.04250328931415398
a0d70afd5aebab39,0.07761827445909941
dab67f5669ab1b4a,0.12544496652949028
b094a6aee2983e4b,0.09247972173956032
76eceb39e4bbf598,0.11159566896641906
08792ceaef2278a0,0.0647307784687946
421639eb32096298,0.11923417379739101
3732446a2dc0ff2c,0.08171827478907079
f42e7bbaae983e33,0.14319154961257136
1d7a33be5e41401e,0.10140378815888547
c94efe294bf687bc,0.1552467656168475
54153bda194f6353,0.044276612034153576
275f14633d4a7de0,0.05268303736730402
7a750521e7810b4b,0.17398254173515967
b94bc2b4bd62e236,0.13865273574786507
3c2076842f11afcb,0.060066076854420364
53c3d245534bdda0,0.043408106213665795
bee1ce38b4653a33,0.0403376674260564
7fcd7a8a7c44d7f7,0.044041704009167085
60fc2edd396bed1b,0.11288806933582696
df7a1a739d1e3d31,0.13863495080953003
293173b622ae6047,0.09065705670282528
c18a9f29b23ca49b,0.05367070661543073
4497cca94390df91,0.07582860152127396
40d9096835771f2f,0.15890356244817813
ba30e997b8338d76,0.14864478951404209
56d89283c0f5c7c8,0.053876016330227997
f460984ca4f4f1a0,0.06633174452664511
63585cd6e35862a2,0.06530032105132821
26e41712e705d5ad,0.12031845338935324
0a056eacd56539b4,0.04036244981961945
9060dd63376b8616,0.08845649971600512
f11e51ec27009738,0.1383369129589359
d0496dc870887d72,0.10398226251856033
65fef6d3fb26ca70,0.035321635582998154
a586684b41fa9769,0.13912144897224776
3bb2f0950e70a234,0.08619610486140379
6c6a97e3ad10abbf,0.1525729790584284
ede33053b334b03e,0.12273362733502041
0dfab1673fe84ab2,0.07036425902758336
f65b0230673c2e76,0.10392436026006302
5618ac6872992ff3,0.2437836668322095
77febd71dc7777e6,0.16388281218096873
7f54b45c8c0b9310,0.1844455959208082
9273e3e5412cfeae,0.12048889645900701
52087475796918f7,0.07273249954502514
643455f14aa1df04,0.0320279692108701
d1b24b005a16d2e7,0.1258678574920487
88788f98d41f9611,0.12349459592021383
bbbe50af555f1d68,0.09213253496650758
1bfe964817713a25,0.3379424636037009
40d6df07da814020,0.14130893073553974
8a96d0eccabff7b3,0.038359034528736465
439300a43f735490,0.04071462903720138
bfaf88448d1869a5,0.11859183367646589
1eb331ca2d61f16e,0.14398643880233286
5ad8f23386d2ce42,0.15828972595200325
69ddf95fb1e28199,0.14729612347290388
6c224fe2f90a4ac6,0.06721109834473962
7d2d81f3b2e16bb2,0.17117513248725374
306bcc14dd7bcd69,0.15618913910705334
db0b579d4d6c3202,0.03474044008724716
5e7670a553fae63c,0.1060960377601233
999f8c054ed84981,0.07197514799865803
645969c8fdeb22a1,0.031013398462546655
6158cad9f5117a45,0.05835163935979652
3717d43b0bfbe61e,0.12945363209328437
8ffc981637d61bb9,0.07543281890370043
8b934f4c25070ad8,0.05827150958598269
15701cad20890a02,0.08549199541620463
4a22e527eecd22b2,0.11012526398044262
6b7e69ddbeb27f14,0.16775307324872968
c44f66a5254d5ede,0.1801698735753674
1dd06cc994df91c5,0.15567102812160682
43da23e0c905b332,0.07794159483506351
cef6bb5fbd6d7d4c,0.03875150918996412
74e65522686e974b,0.0755515440773252
b2ec41e4d4e17991,0.06810418723712514
7adfda5837586ee5,0.08324658027921529
7be7cd83da184778,0.1511326537084131
331453c919db4a8a,0.048675800928712265
1ad90b2ad8ec5751,0.03580994222472509
06f305aa47e1f3e5,0.14027542430581993
5d77b6a032a98222,0.10408443985573387
2fadc388cbe136d8,0.038720615262133926
3a64f59d79eebaa0,0.08631274544848799
e9d4d3a03ce54237,0.14104581297819999
5bc032bc2d4db536,0.05318202186359335
42afab27f6d63b09,0.10952127772435169
0ce59aff9d61ddc0,0.11323183960284158
c4b23b3e64f8fa59,0.04279216938458487
df5826f4adc2407c,0.13424161021879205
1006c7d207337c5d,0.051695686161968894
74f20f15f7388f9c,0.03826080087961209
e8c69436b1cb3320,0.0738839535434982
609680f04da9fb46,0.04949960150460065
060d99e1fde9dc79,0.03355794009459662
6555f0c293c5a1f9,0.1476027888093543
cc835ba475e9656e,0.13181433099953133
960c65dd29d3417b,0.08719431485728722
c7596c71a0f505bf,0.036431314798358316
3f3297df319604e8,0.12886917580125246
21c886bdfaeba657,0.16929991746031148
4c47eb742008376f,0.1165254664980736
0360ab7e3c03e1d6,0.06940462261152852
106e8c5cc993ce96,0.1058764403278631
3f189ef767336273,0.11184822703925824
d87c2b5ea60e2e70,0.05446328210077732
924a02ba0ace2e0f,0.0592979249397641
e0a93aee5351fc40,0.16499081646341593
60036012aab0d68e,0.1137935563995146
92196298fd1f0a2c,0.08656582865221103
2c9507cd32c0dc32,0.04549772290718371
f138d3401d1ef8d3,0.03803369560038264
0550e84ce3342ea2,0.17345086221528583
433b7b91aefd0d89,0.042177314298691836
2f084abde9824f95,0.05141854706325412
aec34c208a4086e3,0.14882484765394424
77832263f798d3db,0.10134259276762447
423646a4264a51ea,0.10412074328002194
99a11463587499b5,0.14578804569073608
5666dcd2f61e1fdc,0.07992426215495531
414bb3e31a06b128,0.16866654525392907
9825bfe27f61ead1,0.09392620270876641
3e8b0ac764ba974f,0.03348210356715842
f494e58fc4f527c1,0.08396805174695426
4b3ed9d300487cc2,0.1489285027734638
064d5daca103bb1b,0.08331389972373188
1a4b5aa55f664cd7,0.0866927307580132
65fae5433da58938,0.07974116393173251
77df36f32951641e,0.04629811464326897
2734faa9175621e1,0.24651817851763613
6952ae6c0325e147,0.0380154206690156
bc49ff32a733b5b3,0.1234904456768127
ddb437f22bdce5ad,0.166749999186735
ad2ca89540526e80,0.18064601597958474
8eb86976f1f7faeb,0.19332260440724564
351b2cac3bb60649,0.13052621139529777
f3685748a7717d4b,0.044873249953238825
af64f4a787a28c01,0.03876925174290162
e41d8e72f6a6da64,0.06271350655809799
43199fd3cad0d080,0.11607312518653634
08639490dad5a32a,0.17953714617020783
251545c20caf2d9a,0.10484642560586457
657fbf140a397f3b,0.08846783089817378
d28dd01372e08f90,0.09584556528532613
fb9bccbf5affc835,0.04012629850413742
0c3e0f0e422bc214,0.12145668004417948
b6fe616b3ee4f983,0.09370863880193374
1a05d9b0ab2c483b,0.08407755438054279
be053c37d8d326fd,0.08335885085982646
b0cc45542dd09eba,0.08804076268245209
0d1c9ebdc72b57f6,0.07321129647609195
926a38d305ede2ee,0.16350948310959512
381047d838351f95,0.11607733276186402
5afb977a1eeba5b5,0.07621898816016706
1ef7c785c8633cc8,0.08052018078186995
2f0bd78e22c8874e,0.14749748937444712
2765e2bdf659e633,0.041886066933472986
31756eaf193dde51,0.06192120144487405
ba5f5a3df72c6be8,0.15720198356741888
90e87591d24ae44e,0.07085652885938618
f9f063e55d3db8b4,0.11377972790915303
3ef90711b7e5d86b,0.11816141972581368
ec0a6ecd2422c215,0.1104640726294429
2a75009bf5006a5b,0.06864154220282698
9edf622febac0e4b,0.10065926125745625
9cee551773541f4f,0.09884529074918066
2a07f1c2d7378d29,0.09249767718978974
aacdb09c08c9a960,0.04161665287387503
df9753fd02aeca78,0.08481853726322156
ecc853e05f1891ac,0.09108081231670398
859bd8582d3d2811,0.09734862381665021
a124273d56f60796,0.07691789334406368
9cd33034524d6b66,0.08239709494885734
9e58973154c42431,0.04200054195651601
fe78518186335668,0.03697548410722037
0c195b45f68a8952,0.05577463085888
bb6b109cc9317218,0.039627477289238794
a58342d3aee051b5,0.05729504126993008
48f975291ebf9397,0.17491651437559375
672604676c29d735,0.11966848680095682
144b0a7e9cb057ed,0.1790134355118122
02ea6c1ef4cf0b61,0.03544738242930537
fe3c47193f742bd1,0.06270355145310882
782fd306b790e8b4,0.10249410738549958
53f0ab0c206a7f5b,0.14884428910091127
2d15bf73a2700357,0.06648639291309513
569b34b568032161,0.14983366910959267
d98474765b2d7880,0.10866450763237531
f3088caf81ec54f5,0.18906468252816655
884de3bae564118d,0.18513743662854024
5b62a55571d795f7,0.11200206804125329
e860976e6aaf78f3,0.12006294173107845
bc5f8d0b2f9683ba,0.03386157891225226
92555d85c6369cfd,0.17540465784886344
189861fc294e0daf,0.09256188510449873
b8212e2222eb4313,0.04019431685293352
53afc56ddcd63d8d,0.11998235162464707
0592b0cab7becf5c,0.09213238006594252
ac4cbdd76a84da91,0.12077890838783895
f2eeb139d518ca60,0.14281582471378756
e02fcc8b8b63c0cb,0.06021669690541459
a7f194a18e15e185,0.07684305798538621
b9b57b5beadd1490,0.14291989084848236
357c4988d289017f,0.09384730700545613
f0d98c09bd71837f,0.1116283179499658
b1c0df4bb0c82383,0.12035129935286679
5bb361813a233522,0.069737864603459
c3eeda7b200e2c92,0.07293991709376396
db0460b8a23a94e3,0.09229863476237532
3c80f795a35190af,0.047586400569316886
ecf5824d8b392491,0.0597520371502101
5fc7a11376239e12,0.04020467067404763
2008fba1ef946ecb,0.12370062458451887
e2aa59fe541e0ac8,0.07117432416529818
09b5c7802e6b561b,0.03317299458908961
988df0719acbb76e,0.11761967530005243
48d79ec301d31948,0.07476380803399013
d288ed9b89b3675c,0.07331237204149746
75abd1caba2694a1,0.04893250685643398
3660f3c735d8a187,0.08632439758131383
0440ac4598276f6f,0.16645044699496853
836bbb09e4831df8,0.08847458863438082
51432ea27e463eb4,0.05614275853323357
3fd99194e4efb12e,0.05508259672437335
ef1b4ca1f2c1e357,0.0461032365831501
70c464af7e1cea4a,0.05430305633379208
54c64f47d761f86d,0.1252410117364508
333dcb05411a601b,0.05871714723205075
11861d1571dcc3a1,0.053951325926044416
20e00d08f625d409,0.12662366335884884
8574c4f5b2db8c92,0.1262246372028754
95feb433faa8520b,0.16347106298494118
1dd496796a5dadff,0.06227617636854016
c1c248e8483e9ef8,0.06394571075036058
5e0dc0f0f0ea48f3,0.04305269292066338
7ecca4d6c9eac123,0.0751001779208739
58dbf7650b2286e5,0.05143742749318592
4c62224901fd183c,0.10373662071978808
affa636fe0cafb15,0.16421671466336962
c9f2c416d003a925,0.034858264762588936
c19024a709757f11,0.06778224405422126
d3444b15af3a9536,0.11303143164632401
2f54cc2167b0cfdb,0.06506160961704818
d974c7d47092679a,0.0603637653602227
1f04a25da2b17ee9,0.13136631689189618
f133299dc49c2bf2,0.04371960961142307
9542ec8d29575b20,0.17147331666082902
6e476b773a15e2f7,0.04770130324470069
c468f0fe05876276,0.05472385225770935
1bdf15bc47508221,0.11971650483267174
687b1d6eaf1bb287,0.1369939335036583
fc8590ee9d55c5db,0.037000539632795565
a4379a3efec7361a,0.03619520561190313
30a2e56d4d608b28,0.11281845960393963
4b400d52635e28ff,0.2955836819194527
992d4d4846551047,0.14803286229277687
b91c089133d42f62,0.08070367005194679
c98879c523da912b,0.05136276647223792
7c8f510d8af822b4,0.1280148025558002
9d674a6212b3431c,0.05610112190528746
d3da05b2f284cb87,0.09855177302105228
853ab873686c227e,0.13675631444431413
ee0d55e13012503e,0.042253405922547144
fed761caa06202e1,0.044182900564773746
7750406f980f78c8,0.1197053455989501
e8770d9a28fdaeaf,0.22735208508393612
4025856444b9ab51,0.049820345092580126
1d0cc87631f52974,0.31057322126022446
f87d2af1aa151b69,0.0868943638703856
e2746f6359714da0,0.07625224457253636
6b20c519964ca8fe,0.062296110718713694
ac0ef70a6dbe1ce0,0.037647619877744565
29219b6baa3ffa60,0.11188927710166362
ef5245dc0733939e,0.08724748988141233
26d625d3997169dc,0.04374373665435871
ff9580c0b2b1a370,0.1317530945889622
bdad383d41eac454,0.030903829725113366
a6bebd6247dce4a2,0.21775473740098816
846ab5063b60d099,0.2017215424806835
1e342d4cd0cd2bac,0.10377050910664498
b111d554bd56dcf7,0.09386783781375077
9ddbb649643fc0ee,0.14199639981102177
0dc9c8998b42da67,0.17094317898602396
80444594c0d4b5b8,0.07788208031207508
9bf8b2752ad4d752,0.1667605875384403
794812675f553fb1,0.11623450449046835
c60c7cf09844c202,0.0775042879925272
06559b4012a85953,0.043640994401387044
dde7362e34a81ac2,0.07858847414204964
fa1ccff8a7481b47,0.13656946798451125
89c1eb286bad23b4,0.03369901683665378
b389067306356b78,0.10195737469066848
a4328554fc4a45e3,0.12506764482139024
fe2ff0422ecd1440,0.0817667111129553
e1f0e9e0dd1f6a8e,0.11120432552620388
e431bdc8db1622e3,0.1034853818540998
54d5ddd4fde3db7e,0.04042438397369495
d6a2262fc314d2a8,0.0800726519466322
e7039d9ed0ec0c39,0.04148305945949289
357fb25344e0d8ef,0.08134443638011013
8479ceedf945cd0b,0.08496082721380764
30e12f447d932d19,0.11903913347367706
a33acfadc007c5d3,0.1580160431791694
32b72fee7f2bc37f,0.0705744422611036
e2ef0cf7c0138e95,0.15307511360614767
c53a5098d3feab43,0.11587423721757399
2d1a504956a9bc59,0.03715004872446269
5b9d63bb61f11842,0.05237301155786968
f8fbcd4440a074e6,0.12861884778655702
c18b0ab8490d1c66,0.07115301911737051
18cc6b0ca558d790,0.15234611544049104
c78d6d8adb708879,0.040242402662852284
928fe114a90feded,0.10988694758916293
806b11fae1f6bd45,0.06523524302721702
ac8d5b4456a25f98,0.05438147689274597
0de3b4e998fb61e4,0.04106026444478677
0344ee3e70daaee8,0.1575317469449493
9459a694f708e7cc,0.04155973059536429
f8f24bc3cf3562cb,0.07343965005207044
fca0d01a476eb58c,0.06242570963077304
ef25fb3354e1c732,0.14229822052557795
83ce56a22c714f81,0.14420488516011393
781864846ec190fd,0.04422980349837825
99c27791616e6a14,0.11507419501455779
f00a56545441ae1e,0.046876016565589776
160c77c56d0bc3b3,0.04756753869902709
6bc7f7e6a8dbe398,0.07707563513244718
565c31dc34339cb6,0.15404902635994433
d47a57dc58d8cfca,0.08765116260950012
7d91fd093f331634,0.17534696927001062
a33fd6143896a064,0.03979778090451169
af6776fae916125c,0.22901240961810804
eb63791dfd566fd7,0.1339756878137081
fd94632e98a57fd7,0.14417674074349662
7afa48755b2905cd,0.2437236369977559
cbfe89a23b516339,0.13372612919639182
bc9eb4d602b27458,0.08061319214671749
fb8b7e3482eaa33f,0.0791743735440924
0d172dce11eeef53,0.04896968794049574
6cb7efe2f15a8b1f,0.074072112767936
0b234c8955fa5560,0.040965048491483254
1564bc14da2389b8,0.1522283573980301
11d440c4ffeb2e60,0.07606027249604491
fa46240b99291663,0.12995214060111526
52eb5978e0a48397,0.1760590550590622
bb2cb3fc47f785b4,0.14954542639516477
bd402ae2e81bc456,0.04742344683054529
5b2c73c3c2fab67b,0.03233911654290087
558785e2cd64bd4e,0.15141781643746033
d8d0cdd0e630be6e,0.24403267010039018
54a5cf67504e37cf,0.11017691297549487
b7225c4787addde6,0.045790414301680585
2e444cb3f4217098,0.03918242650009553
ae6ea7b6c44fe6f5,0.10968168655849891
8917e3ac1e161b77,0.09063435567255623
ca8e1b8f4b045be2,0.20191898597073626
b16a002c43cda488,0.1444869944708666
38988311c0c8e2b7,0.14230293768769192
40ac9a289f991b8c,0.08521965114892105
83dbe87c0f3ff118,0.0894740987851104
d8412746401ef6ff,0.045731324443326504
95a1b17435300c3e,0.09740850830326625
9576e0a63d76b324,0.0795578232686901
8e43c1faf8514a42,0.028581647850131633
64462847893bb0c3,0.11472548863859314
2e8d60596fe0288d,0.036775693753383604
e3064eb18f25f417,0.16358586077594173
5c24da1b9f2ac392,0.035691080279362644
ad26aaf8f4bdaf41,0.11151822842369924
a21097bbd8645f25,0.03957477225643402
cffe1ff942479449,0.053923555681745214
39170ff154aa8058,0.12428762245374518
0e2b77f6fe4d94af,0.14072705810808328
4fb4ed274c87cfd9,0.05259332233197006
dbe218b606bf3cff,0.09525171336527463
b1ff3f405ab15e62,0.07647954338342935
b77bd0eb977bfde6,0.03172779133211514
c65c01d13c9051fb,0.1512418606227633
9f7d2bd32579e9b3,0.0670774158769713
1d42bbb95380256d,0.13607293900947146
799c5bdb519f3962,0.10074722115547996
af54b26cbb15ae3e,0.09664864531272423
9ce958c47b1e7d3c,0.12178142047528473
d39bba0520b226fe,0.10136694881470174
c4923735c16e8881,0.03155688792765906
43506b20fd8ac430,0.07857443703587676
685b0ab35ff084e8,0.17046649669696262
03212fcbf4fcc22d,0.16191202289067136
7aff26a87411e8ee,0.12787742140126426
9af789cec1453f89,0.04035366513852882
41f2ebd04afb728d,0.1485124873177115
a3a3009c55baa210,0.2356927408456238
688382bd40810598,0.0826294608176866
42cce10beb6c55b1,0.05208689277370016
59fe211f9aa2b83d,0.12251716821705164
86466c925086fe3c,0.16081705575155
cd36f54626e83a21,0.05854472277926866
ded728c05e20539a,0.16658469509048787
0c7fd3a164040b3f,0.16757641035132365
614f526f552a972f,0.06978693161752422
cf076cf42abbd2a6,0.056772579471501744
e20135d1136fb289,0.058379203425575066
2b40340f15b07950,0.15032859066708706
92ea7f3ec80af25f,0.1381074562746229
1de6db095fe81c3a,0.13249550473873267
e13432ce761076fd,0.09999888849800928
ae126eb3da41487a,0.0410433840749906
05436df37c119ff6,0.10480547208400359
b9203ce854a26300,0.1105646888661585
e39f8336b7fa1f6e,0.1555042849866742
2d031b0318ea5a02,0.08020673507148089
54304b5c419290ad,0.049020079544652054
e9b3e8a0a4077e28,0.04149299974598862
1dced917867d765e,0.14942246207678422
c004a070a93054de,0.14478028848201413
3fa194a91f4562c5,0.07418169144477682
76d5a2300ca56933,0.04212503706611889
993bd3c445b80c92,0.10847357391918941
16eff5adf0cf07a9,0.19347792613838477
19f4c91cd1038cc8,0.048215371740132906
4ace42dbd199d1b2,0.06678600144952176
8232534ba45ef07e,0.09333183641963427
a2eb06ecbdb56bd2,0.04654021157390413
e33ca091fb503e03,0.10924379332294601
8b65603997a5d0ae,0.04344186164883711
c4702fc1a3b838e1,0.07495925342713515
0a2ca915437c9a04,0.053747487469871444
6e4d60a1e5913350,0.048871287199577285
0eb4def034c0e542,0.1736829237174503
0dc7bc6ce45f37c8,0.03508501744061017
69c1bc9b1691880f,0.10777126482035851
249619e3bba248c5,0.10008583882932467
8a0925f386616243,0.08584974951650545
c609c9019d1d7b32,0.14576727324379363
dea132cdd56b9c8f,0.16400546502569055
24c6ff18b883edd2,0.17975089924492108
06ea151cc4ea5974,0.0416105941442171
dde1072c2340c07c,0.03815617030023685
bf6234d11406ea49,0.07377227122108562
610c0fee53d0cf9e,0.14863095900714834
fc0691273040fddb,0.1364278790701235
46bbaf2bcdf5a362,0.09316553296815336
6f4198d004803569,0.08310439595272476
3f726ca9a49e022b,0.04705907062134869
2263ab08ec01d546,0.0530345622988216
dc2a61d22023b42b,0.330336331273215
9cb03c429bd54976,0.03945176794374354
d3d5427c6c9640bd,0.16134568112168957
a356aac05b7d44bf,0.06599616768850486
2c28820cf1ae8254,0.1250356518078905
cf49994228b74e3d,0.06584903722293498
ea984ee0501b30dd,0.09091131569407068
3639d96562366ada,0.04142661328090183
007d989968211b0c,0.08302430831733101
47b004a1df7ac9c9,0.10096147392648488
f09cbcb79049a436,0.15028331739395007
d3e17fc998bf6787,0.1096501638429649
0c6c8663f624c58e,0.043622533108182385
52720efef03dc54f,0.1896634132911268
c6a5cca33f57da61,0.06066406032564447
b1208369a0074122,0.06141267157384901
b0563e971ad0dbda,0.03887176598510631
a0bb9373f1dff1b6,0.14234216380104617
607b5d747f350fa9,0.1450006082242758
8945214e2c9cda71,0.17837574434315007
7fdea294906af44c,0.15973810695147916
1f3c2f31d844d10a,0.039031687870123
248eb5a4a5179bb0,0.20538567315693002
f7522ca250fc8477,0.06427821705690298
3ac3d9675fc09e64,0.12507043771718812
b65116a131be84cf,0.16344693990459663
7cba939dfaa4fb1c,0.17279777388334652
4e484a321de70373,0.12309485132433949
48c00464ee810da7,0.12277600219640328
11c760a8108e0ab5,0.143630414715235
4ece5849758d2bbf,0.07955597042955614
2d34cfaba66dade6,0.18691178337354297
597b3aa023ec1731,0.039973836266589166
65e095698c6b2018,0.12318585144916153
d4685373bfa64d8c,0.05700759929019472
b2a24aac339b046a,0.09579436111237716
d018e1502c830522,0.12220220157362621
b4a5d705266bfd48,0.07366825727034343
1bc1ad21db736edf,0.06217185352234719
3584862144963b16,0.07259263930274823
64acc3b4a0341a38,0.04494589933764649
ae1b7c2913418b6f,0.029471518400201895
5ff184c18b029b7c,0.04408068122752376
d407cc2c1f68ef5b,0.16033405112004695
10610f40d2c4beb2,0.04237058406783324
a8e72b280bf38b81,0.05959540986588395
4802ee9701571a2d,0.36254464931236013
c0ba503ad79cb130,0.31742097071958425
a428e18a2571696e,0.09742155967863905
d973ea3bf88a0f3e,0.13556293167178543
cca48a6fecdefbfd,0.0960912869632953
387eb4b1c9690ed5,0.04685347952776385
f9b045f246df515e,0.12202622162440134
b8aa274fe0062de8,0.1626241104070904
9d67fee3adf9e1fb,0.15591102460861003
3196cf2ddaa8893c,0.1458699993513622
c6cb67394ff79930,0.09739521944717153
b713b9f13a1a825f,0.06976804922406214
0c55301e8a9a0e8b,0.118198616475724
06cf6a66edc51d64,0.29282950775892025
73877568d5adcb7f,0.03748774311182577
6e713b6c6d9ff701,0.18023792534265376
35b98290788b0e15,0.17791480410854477
c1699d21d21f249c,0.0689317149695515
4d4b1f0d9defbbe6,0.17453875470184466
c1eb4bc9fb4e0c7f,0.13021766080279068
ac64ea4bb93cb2ae,0.1536692936931962
a6c0198d0ade9eda,0.20385852197170498
4ee5d36590d4f29e,0.10435275401738298
39d7718a5529cc62,0.03308938287177544
4f6e36e222d122b1,0.06955710365553536
f7b65c4533428cbf,0.23018573022718586
32839e57f8e1ec72,0.09939403139099126
0a631a26c3a1a8ef,0.15916893002159443
42ae365efff05b84,0.07704623452516407
aaf16c83ac07884a,0.13365110652085896
e3fe57ec38bc0cae,0.07534542683721349
a269d748b94103bf,0.0910031878115097
29320c0461eae48c,0.03814756387742842
98b75056b390e87d,0.14102419396519472
a18aa53890bd84ac,0.13826602862754023
fc5a2a2354cb11ed,0.04250996524706159
912408725cfa628f,0.10072247116954741
6453b1a068b68ddb,0.16040328657765984
d95e854d614ff5a3,0.11010506609389445
85a79337144b2a84,0.06388562181983859
b5e18d3eb66f6250,0.034577430378075355
3b90fc3f1087e3d5,0.044235708698809995
36f89bae0e5df26e,0.10208947932794091
7de9a21c9a6df7bc,0.1868335375773157
4ad662d48155a76d,0.09821525020373514
1016d05cc8d07dfe,0.08634256471749936
b0a028857d9a81dd,0.0953470648561523
c7da65ddda5ab002,0.1239938561508519
8faf1048140782ab,0.10236568813896327
d0f1cbe5f5c2cc97,0.14708865740794647
766a85256e2db000,0.03793127740098766
83f8495a5ff0fc2d,0.04762260019933298
a57ac84facc6651c,0.15181693634082533
3e18333d2d1812a0,0.045793638471512174
2e2c93c0b28242d7,0.1469317626033917
290025e556e7a964,0.08347351607066275
34abf7197c7817bf,0.10141610138258937
4c990af23095a8ad,0.15328475697016172
b30f0e7ab6ef02e6,0.10716702268273043
955f054ef8ac2a98,0.2983081943053456
efdde8377abe8fe4,0.13362412718525374
cbfaa9b940f4c2cf,0.13453023625447974
51e64153531937a9,0.23787716907609213
3b7b80317148399b,0.11032511145916643
b1de8383db45dfc8,0.09133927173894316
0d3f9429ecf4d4c2,0.037905094679518955
c4499c39e29ecf53,0.07655122574036448
7800f7a3f936332b,0.04757284304058017
b837532e3fdf4a50,0.08741115930230207
c681da0099cefd6a,0.046753809226387194
c7acb3b5705e68f2,0.04778602692779992
7072f5cd32c791ed,0.1878197194839264
00b5216b2f2dfa33,0.8054854744379171
b2ae02f82d15b4ad,0.10784746238006465
5ddd4c1db54b9114,0.09245079517253643
3e6fa59b53549aa5,0.07424987064662529
6b853eda68180bf6,0.1577865980287254
0ee247af650122c3,0.1989132384070058
9e2c6c5193f21067,0.0524807875719983
6cb5b3e20565dfc2,0.14116060699578387
dedaeeed301662dc,0.05324002403356594
7244a91f3ecd611f,0.031325143560148164
d5447b494619e05f,0.09487193696621715
d114e64d8dfca5ca,0.04449624500673174
762e061721ae89c2,0.043356284687084884
0359613691f7c01f,0.09058873061507104
ca90a47bd789f6fd,0.10222986974411208
b43584123f43b018,0.06124716492590189
0770e000ee552df7,0.15221852401080865
b396a1df0d592f4f,0.05085576002080289
51ffd9a173cdec87,0.19449561387716768
38e628d583de2dcc,0.04922605999203938
5e444909efb4f076,0.09191703385938989
147047e5cda600ea,0.1209827390445774
02f5e786b6ca732f,0.05349124534082117
b29abac474eba51d,0.24181455899118626
14f09256775b5595,0.11652221618284
4132a178395f2d42,0.1388788498901925
3ecf5a5ba7668082,0.046204298277927755
f7b8ef9f4baa3954,0.18166253243282915
344ae6cefc6e5e28,0.04279267785919472
9f8993a4d3fd8c66,0.09339498106847272
02fb2d64b2963430,0.1045397660575629
cc3e88fc10db73fd,0.12858389354595218
e1b25ee0d1bded29,0.16328801163815188
6811aeda7c48195f,0.10369056158615343
2caefea2089d3348,0.14509778278336027
06624c42e6f173c4,0.22520772266167322
18d0862452891d30,0.13069555068185323
aeff78b9acbf4d71,0.07742927664224136
3c4fb720d11f542d,0.04219425395553668
ccf649ea4bfee844,0.07443392740958873
72bca5a449e85cd9,0.04245749857562448
fd6a74697a1a9ec1,0.04894035972290882
a629bcd8e7727428,0.04574670693730619
4234c32600399d7b,0.1421226154239506
dbf0f354d6059039,0.054322215576510235
3807b180f301e7e0,0.12609685058003345
5cff8cd0dc4c326d,0.08057719372176222
a28550e03a14c9e2,0.15692455282509887
244915cbbfabaa93,0.04047144116185474
f5d28c37e1483258,0.06803447993032728
625d0351dedf957b,0.10582766171247134
daa98d98f6971d07,0.0969022350461657
aac141e3478df5f8,0.10903627566793545
6e2d6b44bfbd409b,0.1338146319995407
34a46acb36dc8ef8,0.03988486003918438
f709bf78e6f0fe9a,0.07477513647998271
573ce0864f1f1a1e,0.05718765132369032
d6421a369f95b35a,0.06547151995683358
6c74b5b293b1b97b,0.04970279952131308
51cf0713d5fbc070,0.11597209078570596
062ba7304652bc27,0.053670394373057595
930853397c388814,0.03230134687412187
2e48c840c19e48bf,0.08874621878453427
2a51f116e23cffb3,0.10429146417419544
070669d7057f8aa5,0.19775902943919765
967936eb15802a83,0.09472133128473245
83ec0a0ff919a926,0.05084617827075465
a35f4a25719a4b95,0.03840793425866683
e646bad2986e850e,0.11035701113211921
8b488afbcc578dfc,0.0656899332124945
13ea6594c14a4026,0.06962153756510746
d0e536523f93f64c,0.07018791373476477
0e5ca22bcfd8c5db,0.15651953136225916
9fb1e891c08b715f,0.036554981283125
7199fd0ada65fcc2,0.06854702575795965
2275f9dac244010e,0.046272515091132185
24e5ed05f908296f,0.06869812789762386
6cb602b86bec19a4,0.12732339557179134
9325343b0fd3d676,0.07234871088189024
644e5f81463951ba,0.09278204579427707
37046a2dda9e5889,0.07573261310970719
c7df199599dc296d,0.09333435050385984
54e463d760c0c6af,0.040587938992071464
9bde8f101bdb4095,0.09653058243410666
bc5c320666ed7ca3,0.04319584140987924
4e44d72109230bfd,0.11258337279184494
235aebae2ca0d45e,0.14307975057936576
55a1d48711c4359f,0.0690228701933721
c1ec685fcc48d91e,0.09749045961358128
a51c93906bd78ab7,0.11439605451233507
207c0a6423cf7a33,0.11451159725121951
c7693bad80c482e1,0.14587488086960873
36b92309f6e5618a,0.08107800389018947
26ee6d56130da0fc,0.12908551069686275
587c7d36156381d1,0.0390198575851373
50d432d2b52052b2,0.10619892633251651
b738afb14f60d587,0.1825894843822039
1157c08c11e901e9,0.1214889906723107
cfaea6958357ef1d,0.06645165733040362
d8b3ec80ec080d08,0.13994662040136477
809c8f80468b1337,0.12310809697205419
1bdded460bb636a5,0.2634001887712021
96cc52a1a3f13e6b,0.06976579952266676
c97a25af08369f73,0.04032493386511369
0de5d7bc5b46bdc6,0.06936376167405056
c6eca151f8576037,0.08391650189474453
7ef7f606745e05ec,0.031547158851939296
c5ea9ba7fa065f8d,0.38030451674578797
63142c0d75cf9aa4,0.0358483601148969
c396e609d01a9bcc,0.05136878822327007
7c9db70c27860a32,0.10509736026280603
8dd4bb6eda603b43,0.06970535535287414
d5eb724b5ea43bba,0.18304756057087004
e7e9bc7d5e2e5674,0.14023801155460708
24b3176d5020b612,0.1752644700263492
6fed295aff782896,0.32229936618921806
12d17a3ef6b47faa,0.16307891031269842
2c550aa9cd671368,0.0368276819790877
df00e28247baf9ff,0.13964118189227792
9449a45c9d7b914f,0.053805715215067995
9a8393310d9b352a,0.10243609262519404
e1b1b6a194b4b1d6,0.07848976789229428
7097d3e397e94525,0.05688763341195178
e3d1f895e94e8bbf,0.12596412181208264
6c46ce4b2303ecb9,0.10237466254543001
999760aff655cfad,0.039634778824624746
6d526f4593563124,0.0815206989564479
467801b5de42246d,0.11360688539583508
81c9cccf75c1503c,0.045240495948309076
bd1aa64c7a5dcc06,0.040934735010164036
df1a75c489d95957,0.0375314137851926
7e6ebb5b237b817e,0.03956324925509154
1aeecba2c7866fb9,0.11263600604098142
14269028868b89d2,0.05496894602296372
5ec456826b243dcb,0.06783409631165312
e574a546f8e193c1,0.18797107379671224
b0ce65cf243f3ae1,0.12474384056757057
8b8e8a00e6e1fdc9,0.043351280500728825
4a87b2b000e87686,0.1434447751224347
1175204fe5f8cb6b,0.06593766401241581
50a79bbfcd719a29,0.12459979816893424
0d8c215cc600c1f5,0.07186564576956407
3ceb989ec05cb0ef,0.16212186248697963
c7ea3f3ae516dbc5,0.03646908554388846
060631dc9f8845f2,0.12407842081392546
4ccc3fe421151149,0.045964000723906995
fd51240f58f2ec0a,0.03418582482303374
9bb25b00d30f4ce0,0.031639493187264695
1e633867010ad35c,0.039841162677265736
90da0c9b099080e2,0.08960219316467374
f3ba8015df41ef05,0.14220384370275058
7006c751c11cdc01,0.10700622117081016
db5b922ab7ac849c,0.06949479343751658
8ed9c5e3ceb94d30,0.08323478043678509
32bc573af0d063e6,0.04775603378794162
b6f5ace9b32140b2,0.159054533486194
2acea7857a236b62,0.0979539530631128
2dd5886a7dff0caf,0.12640782560018082
cec7e9631578eacf,0.228436713744464
aa1276a52bb96bae,0.1583437048094118
f90658bc8d521271,0.11761546247560006
8b65638e31a74f80,0.10850602675163065
233d4e0eb18d8449,0.15714890757819747
95e779988eaf54f9,0.10754292719928243
ce033e0586a41f4e,0.06267456057114403
29007abfebc6bd71,0.09920579938414242
37555eedf932eb41,0.08540665766893173
43f0b7fdd64e4d62,0.07734199450215062
48d11190742f10b8,0.19297169582207296
54167e2d347acd9f,0.04672355894988753
adf2b2540dad8766,0.1383062512673693
aa4854b6b5329860,0.8661447601012244
371dbcc2d3dab4d7,0.07476708968859991
29fd5cd58cb38dfb,0.1570618369063027
276d786a03dacf69,0.08030634748699877
90290aaf619cb77b,0.06522636975686986
80904c6eddcf06db,0.04026838224785478
5232eeb9a1fa8f60,0.10903516468239727
6205daeed9459b81,0.05796284258307158
6b4abc5da4e3aad2,0.13399795762049
ecce281c5f6153c3,0.15713682799456036
926feb1c20abd0b8,0.033739997232392314
64874c60d39dc86d,0.16800221956074882
1868aaf30c77d6e0,0.10277691758846219
52e964be6dd475ed,0.260447479623296
4404ade20ca8acab,0.1794034332523864
f6bbde7cdf6430cf,0.8150277179168657
6f9ac9a8227bf174,0.23081984190105082
e4afa0c3ef07f2b8,0.06276363561065489
a85d4f04f63f1f8b,0.05796065122999658
7f3411e87c2708d7,0.09983953999715064
5be924d7d731a308,0.0784784461678794
41ea202bf96f7295,0.06074109355350171
e7d3e68c097838d3,0.18628377898642645
c21ded045b04b1d7,0.07621522214500147
a87de56d4f2dc966,0.04135163803058308
b073cc5a7d5d1fc4,0.08943182404243713
cdbbb57088163b02,0.06228650996013191
97a093dfe9e1eb64,0.2321377295900348
68aafe54d00b3081,0.11077320988556408
dca611f4099c1df7,0.06438409326778274
068c9856fb6bfd0f,0.0372529637778609
ccec2927e56ab3d2,0.03282936654179026
f4239e382087c8d0,0.1828445625149468
a37f1921e2ae64c3,0.09073916406534724
abc7d40ccad7d04c,0.0431872556814957
7be1ba405f826136,0.1732898609634072
82f1ae3eff7b57d1,0.06896323686577929
64bcb6835fcb93ff,0.16605618256435517
8a7d498479d37ffe,0.09578260110643752
ddd893f6f7c67340,0.05214378830884954
63438b2313c7cb87,0.042109920744968776
