id,label
6403a3f8d07557bc,0.08212300594764912
1b1d097ff5b144e1,0.08249429818012707
08c7c3c71a02ca8a,0.14315059228144292
7f09e9039629a38a,0.1014111986290633
1fecfdee265e685f,0.16080992629438684
2b1b1ab99f54e1a7,0.09379239767465493
f893cdb025b56c89,0.14142273716198106
84466d5fc69b1dd1,0.14718780135820045
e0f419be2a81cbff,0.06719225232950926
d9e55e1259c7c29e,0.16065076261491953
602d7f4b0882ec4b,0.12802821026888633
67f2f87cc129d7da,0.13381682544060552
eec96ea0e1c9f7cf,0.03778046534446455
d85127e773ec4820,0.13791161698270019
9e96822b06b0f7f3,0.06851029189106976
c6489148a3f9498b,0.09132664275326396
ad5ca801b22a4eb2,0.04446899645004073
22e01b671e9f12bc,0.07324240932915294
4953dbf3e113fbdc,0.049269369006007
95397470f084bc6e,0.32606755103254964
ff39045f375a9792,0.05956576738074302
893575902a76b6bf,0.06594189110285399
4d9211d2b44f7d9f,0.09185024603822563
8205441451789e41,0.038372966404846394
5ade617aad761daa,0.30617389872483985
7d8bd74eaaf831a8,0.12375160141439172
3a4abb16616fb838,0.0512469007888823
6e14ae545a54ec6b,0.1522178518966976
a6d127f7b7a19a79,0.13145483130517496
e29e33c4a6eaf6fb,0.09194522414791312
42b296aec3a400d2,0.09107226122780736
238a42187f0c12de,0.06999532841353902
4c99d80ab952e272,0.14216313201136144
ef909ea8db65784b,0.13797566267656902
53283f9869842cd5,0.18070565237973113
fa99ef0b96b51157,0.13249631254830394
3cdaa31c37582a6d,0.17067391289959521
e007009eea08f15e,0.08343638563472038
e46769b586a6b83b,0.13679586577096506
c77497b63a864028,0.06530146374014731
bceeb0086c625fac,0.057941374763044506
5abf8e5791e5fa94,0.1927985246745596
0b7d89ea3694651f,0.1228229422706064
ce60477eea0a9007,0.19148558380011607
847baeeadbaba41a,0.08578026458295802
aefefeee7da6b616,0.16255960796932623
321cc4b04985f915,0.09399956658777146
590cfafdd102ec19,0.10951197216400915
0a3027ad8dd82438,0.058275777976166794
01e58c9ae88cd390,0.056553302370831844
8f5eb2d903aad722,0.06600953864563923
3f1b90f008fcd5d0,0.17172121676877658
9e55098b34909114,0.1529880399327125
ed3723d6f0b305ec,0.13301452612910333
e1d77367315c8c64,0.07962465558899934
b97a34687794c3cc,0.04873772400813348
2d9a8bda25c031b1,0.052489753690754724
367427e76fbb967a,0.11173909304850053
2d1de7cf3363aa2c,0.06833191560607704
d69cf5bc1f0112f9,0.04834792925804663
2a75c552e6a0103c,0.15719253356158105
943114c642b7e30a,0.06494851391088678
5f4258edf6c1b382,0.06017089526918479
ff0a817eba03cc6b,0.1336782030924804
c77fe2a4fb942f02,0.1644328512968816
df587d726667a5fb,0.12273460487006897
8c09d6fdeb48dfe5,0.05195168692700796
564e16bfb829c7a8,0.04908422552592979
e592482dff2b62bb,0.04428399002725931
33319a7020313788,0.1237396438931662
4700a73d634e28f5,0.19286694720479902
e5d9aee597bb4052,0.06961030361084426
b93533776029ab4e,0.19414181688446827
e9274894e7ca5d48,0.039888108382491246
37e126228f093cb2,0.056313463999303814
ee5e8daf19a62436,0.17273002664850604
5c2af7cb33fcb9b8,0.0845265725800665
dd6cf914fd458758,0.053291334236439815
7943edf1ba3d08c4,0.06376726963902603
50dccf68b6d84c9a,0.07552510297347555
71b1d024ea8e0791,0.10888356015561107
a8ccfbc903739855,0.05386226464518192
bbf9130a10bb2e61,0.04426422105221774
41a2cd1fb3af1f62,0.09358194550705652
e5b00c5e94bb1efc,0.09293456179272756
8a2951b875e32f95,0.05201921267303545
4b4241c32f2ae2c3,0.06591705028311512
8beed49416c057b7,0.07208592351833278
1cc185c7cde5f29e,0.15873011248433308
635d0e269bd151c8,0.0465387406457494
9eb98f9a7202dfe8,0.043798094479039616
c224615f7e3ecda9,0.04295119540735521
f93a14286735bede,0.066951838193319
c118092c44e808f2,0.14518260822649623
0972b7359cd12fb8,0.04312840004770243
22318b12ec6eb14f,0.1350931094504472
9c92d4068021c258,0.17316399966245033
053aaf6bcba9464c,0.07516258458345483
966f0341c7d1f5bb,0.06103335171923132
624826d8d4f7d476,0.070477394495932
250e83ae550b1992,0.21106929434120328
9ff420d30b835836,0.12979117681251282
f74cb9754e9ea82c,0.09391009293902348
8ab5a2752e698725,0.06920797729896047
56957aca1f34dcea,0.12380990453892303
a6c0cf21bf0a1be2,0.03691916835456245
427e6266110ac72a,0.17002825494718002
7b84fe626f3ebccc,0.1282253927151882
6abd9ee5808aa267,0.0694117114945337
15aaf86082111e4c,0.15222948029823816
afb1bcdc94b9bce3,0.04472104361612187
93a337e7b4fedfd4,0.09223095396716684
cddee4f1517d9dd4,0.08431152292435024
755140c7bd8e7223,0.09819037436282296
0ae88cec371ee0f0,0.04479665073618166
08a9f02754051fc8,0.17276588402046453
4bab179b9218d454,0.08096460982943654
2af9aad0b831d3ec,0.04889073200856633
7d330fd87e35ee09,0.09540107354689571
d79f0de699294b3b,0.14076050637732276
652a8c0826eb2609,0.12537944980522456
2ae2ef63a2565c3d,0.17222799939288835
1bcffad3764f7c4a,0.07789400725945451
707e78f41fd82174,0.055330887045746256
e4824a55ce76b702,0.04379795208925391
993182bb80730c31,0.10349877187758068
dd67c105d030f636,0.1496642197654554
3dc4dceeeecb58eb,0.1279733724962369
90a67d119116b976,0.14711185003679714
a483f8d40e026f5d,0.0419912585828475
3d24648e710fafb4,0.061118042426006124
9104c44e8910b122,0.04900207467189329
47b77ad7aec9f1dd,0.05973918601938106
a66cc4155a0edaca,0.11292222196887164
1f4dcc29503e1a4d,0.11026055482139563
0a295834d6044914,0.06255164189254998
bdce8615df21ee2f,0.03894663135416101
694b4d3b1ed04c61,0.0517391811126817
ffd75ff5c92f624d,0.12323054805692495
717e992041e77d9a,0.12270155010812182
eb5157274916100f,0.12534319603718969
b77c5c610fc74da8,0.05136343311215596
41d2ba14e653bbad,0.1235393754433831
f2b612c9be07aabe,0.10987511019456882
3451e892c310a998,0.07926899358178296
2ab24c04722d8bf6,0.05669244320301096
38ded7c17115e7e6,0.14876555767250857
afed8219aa70efeb,0.08650908325260931
1e9c4d7d2de01fba,0.11327601033675645
c1bda90e9a3b9ec3,0.07690589639705105
d406fda410e7c177,0.18730234053612174
f49753bbcfabdaff,0.09256875813208058
4daee2e232e58a56,0.20548565273821193
858a9c1611f558cb,0.09945747610026678
05b0a9e8b1444d99,0.07868011027122916
8b2ac5da79a42e4a,0.1490138965454278
222fc0675ea28b67,0.05194313657003918
77cb5f88dff15921,0.09876090121952387
947d5752d88dc00c,0.18437995358144832
309a531dddebb471,0.16119517082365348
7e5f9d7d0cdf5a81,0.05063397766682037
6dfe2ff41e67b01d,0.08710780763827032
9a51f7696f388499,0.10110811336122032
9c5cb5a9b9b2b4cb,0.1524551240261733
bc7e89abddb2aa54,0.4893225219148973
5d3eff0bafcd186f,0.1323469467235412
d592e9d5579075d5,0.06437195715123191
475f765f9fa22959,0.1608652786900319
71d36204d6040aaa,0.12962496501177276
78119b8ffb9aa8ab,0.04754915457064193
09d1e9b9b858fe18,0.1317843090416147
ba5f5f59e3b0b755,0.16651234835151987
3b7344f40bf64734,0.09920777014184147
1f72c876a5e3738a,0.1262640494516939
86262f7438a90d1d,0.08686764117924735
3f6e10ed3e6a6303,0.19018875729813015
ada42e94aae1a58f,0.16736906144314692
b5320e4cd134414b,0.10604266807782996
ef83ac91e80ddd9d,0.0753541104445568
b8a457f0c9f14bef,0.07500074846011077
74947cda3decdbb1,0.09445313178879877
a39392c735bde1ac,0.07872740010641434
afb321701a74d5b0,0.04702819800667898
df401b9701e04299,0.05715567722505477
c9b67772b4c4f44b,0.1565665538287329
b5665177cd7b6c5d,0.03698421825663462
1d621e5fa6b0c45f,0.09208407134501488
2d595ec6f4c2524c,0.07889596670550789
6a96a53512d24696,0.060631564243195914
b3a68808640b25da,0.046851200463946974
cd9f2b2346e70af7,0.05645340011770763
d78d162e0d903e67,0.16211291089030758
512b0444982361f4,0.1707191391161167
36f4f9a58e05409e,0.056772717341067064
e4b4fc878504822b,0.09388248617339501
d2c6c32ea3387653,0.04253327661563059
62d5596d1fe892ad,0.15649426972091082
8756eb85074bbf32,0.05387332030952544
9120f37fb674d8d5,0.1037333481218119
ad529a51765d4ec3,0.06305837339970871
f5e98c69a45e4a76,0.15952506037380368
4e8ecc5a6ef67336,0.08498343376252766
e26f37d892f837e3,0.12426286629131526
377bd33e8a9d5e7b,0.06931403131769476
7277e822016a05a5,0.12998679867660037
94fed9a4092a19bd,0.08698706495116848
28d304cf97ca614c,0.12289433544959034
5a5195df47e373d6,0.04401852507149465
ebc9acfa1d364336,0.05593994203156813
5d76c6de5ee62843,0.09995740434900907
511d1dd15e99184d,0.10826069137827486
b6d744f202fb4a14,0.12912117028341982
43c3e8abee7ceeda,0.11741886225608557
41afcd725afd0bb9,0.09480535125840452
bd4f0c1a61da90cc,0.2511716512115524
ac5e8e6812e3a526,0.12239110719877562
61843635f4d407cc,0.172393965085734
d643d4e6d84db59f,0.12320668494551988
5c0b8bce49a0a773,0.1425120731792384
7c6020b2e5dae41a,0.11131722560450835
4a6f26c4ccfa8a2a,0.05687638661367663
f5ff436197b8129d,0.1006220725120982
27b8587241bf56d8,0.0644514851622978
a198a7b963854e6e,0.046188247138080764
8661667952751501,0.1771083296579419
282a1321ef8c1306,0.08532271737340676
db3dd0b21b03ce9e,0.12856257376220934
3bdc9a83d65a78f8,0.11700798501742615
2983651d59dfaedd,0.14050498678264084
ba2be23d69668658,0.05547008356376471
89d58eb00d13e4fd,0.06707877843844694
d2caeec36f4769a6,0.08106681892888395
dc23c7fae5f57288,0.062464175040045596
c6e284593c89d176,0.12653197584198672
523464c4f48eb02d,0.18200413054301653
cc7624fbfc77736e,0.16076857395606872
6b0c371df7cfc676,0.10830260475608876
986e8a5497d243a9,0.18588253356157217
0880ed3a1a77013a,0.11817178879429867
791d60ceeffd7ccc,0.18545273333387946
1fb2b452cb819b3a,0.14577317970593004
6e683e5731d8aac7,0.11450548360383019
d752f92de2b858c1,0.06157576970993465
91654f6c88bcc480,0.06939008130852053
308caeebcc6bc059,0.07198265591789206
0a092e2b8c9c06c5,0.12735100859538004
e29749c7cbb0ef48,0.04685882679996641
02521319f8872bf9,0.051534238450569876
f699494da66c4efe,0.10087101197563236
060f874ec99eadc4,0.10089173902981319
1a2ea8a74fd54c2b,0.09463879912614888
a98b83e132c75465,0.0451868402610894
0fe8ca7c247fab07,0.11459843029040344
c8d9bcea59632f23,0.1088324780587433
0ab0d9c2a040f32e,0.04906159940520763
a03fc647d8141fd3,0.17466466165777073
1036e1cd53a850ec,0.053593711442577935
519d3f96c9895253,0.054297558277771336
28df6bdb66f8e09b,0.18452873495870947
89713786047cfd0e,0.10643930479361734
6389830954a0227d,0.09178961585470287
8a5f2d2c5004dead,0.04650646248339987
19d4cd44aecb29c7,0.11275544208409997
2ed9718fa269e456,0.10695874879877985
31d0832c9b203b46,0.06595867465680354
e21b68ce26bfc500,0.11964730073775275
cf8783ddc0b9bf95,0.05011388574845487
fcd44919c1b3f412,0.158356538702194
c6e50665e7bf8738,0.0902678759024027
ce0179fa676d128e,0.22272549680615847
423e064e247fe04c,0.144033709822945
0ebb4ab2c338fde0,0.11131991587145373
37337cc831e40a2d,0.11034088944925961
04eb53517170d936,0.08076621995791948
dac684a7b8635061,0.08216060166223417
a2f354d17d1431d3,0.10979703843245321
8a42e6579214e167,0.09243409850496731
c35d24cd26008161,0.09485475981972484
077789ab8d103e29,0.10218578790142797
5deb9f3705c67be7,0.11828440951968111
dc531f502bccc4fd,0.0963740822790909
ab4b4d6c12291a2a,0.08418617624169596
47b284804faf97e4,0.10782693504303008
d46bd1fa92be695e,0.05038705044323497
11c536ec56a47156,0.05569987864524891
d5bd7d0c4a297748,0.041278819816546075
d30e6ef239a13f14,0.14496486666937772
8be010237b513256,0.1729774572154452
e3ed18d3d53d8aed,0.06999888890543572
a9f5c2f8c5922e10,0.1603363503979717
05a75c012be2ab6b,0.2303141229888945
a068617fc089ad48,0.1030813867491342
687932e8fcf71376,0.04736546610089171
fedeffd4ef29f976,0.05718893844555928
5d3e23d9b2256c27,0.07916010155375154
c6544d7502deea99,0.07095755380055647
096cba9bc78d7637,0.15635210024649526
76b587348b5c4d59,0.11943189394563682
62185555ed060f0b,0.09810275628735778
b538966eb4ce164f,0.044793744614075114
8dfc12a6712b0903,0.13300666038984182
3ab52adc4b1c1768,0.0601145954608133
463847f9a1f414b6,0.12395381814655364
e93e14d11fc793e7,0.05527162810008599
2cd7ea4ff0b97ed6,0.09578805144116032
3cf1ec0a8c671d61,0.05255679260597886
e39df281ee7e153e,0.060151419101881355
272a6816ce2c7c9d,0.08288281887206227
f56230f889018c95,0.1566939124824448
4119f28f6d4d40eb,0.1021679614296242
3e744e15c1c6600a,0.09194866182837784
7975b8ce43d7163f,0.1082644791801201
76519a1ae0dba3b0,0.08859360930869283
6f6aca7dc35afbbe,0.07390144950658682
658aa810bdae773d,0.2611389362995868
41c3618b9180e8e2,0.0745117237504088
7cd53693b2b3a4b3,0.05350631175781029
a450a4bce9f2cac2,0.11969070942830813
05bd9ec45ff54b8b,0.04737481175138303
0d67ef8a9dd3249f,0.11104453955974158
514cfc846a144390,0.12707959984467032
2856a2a0114ba55e,0.16941943419422723
ebe02c0b1c116ac9,0.05426138325805013
cc31cb4421bd54a5,0.12316521516580226
d63593c7bd5f72a9,0.14609159729241453
962b8c33b5be069b,0.058227280870495814
40e508ceed1116f3,0.05983701695428514
668eca9c4cdf1507,0.12615535653861776
c15735bac7d4e6bd,0.058544527592480654
09d2cd5ccb05a325,0.08017937271879481
71ed58a8f5d479e3,0.1317794412717352
56fd1ce474cc243a,0.18385650771082052
4c4fc4fe6dea340b,0.1436067359258685
68fcea284ddff8ff,0.14440305554578617
8913329e85f873f7,0.0997722966038077
7a210b4ff6c29678,0.13256487596278244
91bd2a01c0384263,0.17833788833643496
14e4e31c9bd8d90b,0.051031329586277575
410f92d0f317cc8e,0.10336646894844691
780cd523f303a8ba,0.0692413182939276
77ae2af1842fa5b4,0.0752289241927383
eebeb3dc997eab87,0.12314355591696502
fa6c4d5205fdd5db,0.20280725186504076
f1798e22aeb3b385,0.2765047884083836
8af0df5286089649,0.10272371137481288
6e224e4033db63b7,0.05011094918852197
b8624ae03bb7e7d7,0.05285510034998294
52ca2f9cf118011b,0.2758924322941582
52c5dee14f8320fc,0.13931187394608283
43a4ed5577b3346d,0.11719843238826767
332563e196c7a1ee,0.1775332800462076
cc4b32b77225218c,0.11574350827640051
0b34a503e14e5271,0.1738055239636003
33100c4fe51f7435,0.10742907493704947
6de5ffe2b6664d73,0.046049300423284895
ba39076152cb0ee3,0.0867041305814708
aed179ff9c81f4f1,0.048052229808479285
ea1a9bf792fb6a7e,0.06231969045708787
2f06ce2d10fe3866,0.128496826608751
11855575a4718674,0.08376014957285512
06d39de4f0e13f3b,0.10522423309042296
5fd7c68abce444af,0.13857746889912662
d464bbc0a2f6ec7f,0.16370655593392272
86a7d5c47fa116f8,0.04086665931384346
a260e587d0fd3fdc,0.1925633322568239
6c07a18d9f02a585,0.1661658783203405
8fd3d88e27ef7240,0.0658619244752731
80dd9757384d7ae3,0.07703334335739602
00a0f9038422aeb4,0.10823841260741886
dd38ea8c63c0a90b,0.09148988798094997
e23a165731b18098,0.17718694551714267
9bef89bb8b6e707d,0.04450895398232955
db5779805bc9128a,0.17460762387102927
13c6185147e496ca,0.22291988112680305
c23ad10e1020a370,0.08277717328501479
cdc252e1304b3741,0.06814609644259745
c9866843a2ca38c5,0.09149622601454106
1193dd7feb2e1c1f,0.044857672964802676
145626c411263ea0,0.07307319830183993
b2bb6e4261a0a280,0.21316947900511082
ce6c9830339e8d23,0.11433398575266342
e5a315b7bb844af6,0.13844138280211435
d85cacbda54cea30,0.08566771325323563
ec609eb2e4100b33,0.1568050862293651
0d785515807808bd,0.15083472598519765
6bcfa2aeebd0236f,0.06275300844554672
9ed83fa2f828fbc3,0.054547796030054586
f596ac3c62688ee6,0.17065305376978956
654c4ca75e7a6d56,0.12743734383639163
162146e83243572d,0.1491151090983708
9878dbf0860838fa,0.10918930867571269
332ca627787dd758,0.1592287194166727
679ad425e74f2477,0.07092812099390207
df5a276859dd4308,0.13257503069830684
e1f7d0ae0443184d,0.12629381523556923
a6434286f4234aba,0.13978590088124063
3351a9314dfcaa5e,0.042152918800650065
e19b22778dcddf3d,0.07458803550905932
a98a59904fcba403,0.08922741612607969
efe47bc01bf23b67,0.0854172120862798
a1a862c811a320f0,0.0937105900265362
bdef7203033a959e,0.14369516646556116
0fa3fd428635e63e,0.06719526358982768
8ed23ba67702fe54,0.19406420907365504
ece14f4f1731d91c,0.16359661889050733
ca20fb73d0c544ac,0.07170836746064552
927bbcf7fa67bfb8,0.16860548728544167
deffe32d78bf8a82,0.1223596716876892
319944ea096b3a65,0.05058459225156342
19bd6f94f36d44a1,0.0792152601543512
6e7447b72d462201,0.06870803603474268
be6959210f99dd41,0.22167164823026062
bc1a4abb3dbcab55,0.07797029723686114
41032395ff67eef0,0.19107106133507568
2b4004b2678cf0a1,0.08374130533038655
469658e2c6728fd1,0.1032366989932297
e67a54cb89e72744,0.051591517493359974
0a1aa269dba98abf,0.07211008786348266
746e977975fa2166,0.040611440478075335
ca51e1b6ef04fd43,0.07274849367407697
dd96408688197b1f,0.12045802931240528
23b5530f05f1d9e5,0.14657076354477253
da29e21770225527,0.07233987368238283
adb83a06bb93e782,0.055667921809043154
0e4d2b4f26be08db,0.16696864209771442
6ece7a74dc7701ed,0.04042541993598154
e5306d42c50fcc55,0.053848411690035486
4381dd659292aa24,0.07061762716544533
e31ebedf532c25cb,0.10905740655694958
853b98dd483b98b9,0.07511772357093481
2e54b76182ee44e1,0.11753540806989261
338f6834e70af5fa,0.036693757815274446
b5abaa739dbebcbc,0.1576576593534681
5a8bb8464a290761,0.1214303704187684
f0e90b285061c449,0.047425946320052925
e66581f055ee3b78,0.1256066795105145
0a21004c4d12a011,0.07610752697839425
04cee8b938d82d19,0.0546143137532261
c2eb2ef42ef59006,0.0903012677150482
4db76ad147f6dde7,0.11641224967680035
388d2efe55423a29,0.18414601200191694
b9875250f7ce8623,0.13566518718395662
e354d93aaeda004f,0.23336130562126955
39e7b31ad6490a4b,0.1156913895554333
a31878efea02ed42,0.0805810022073667
4db06f2609831909,0.10056185139036751
e23ceacf623bf244,0.10980561954111949
5b30a3dce1e3fc54,0.1819663013355798
9b09b933e5488d29,0.09500544430217168
64f0282d10422cde,0.08892545015795844
d171c9bf0e731793,0.10445096302593254
699a9d5c734b80f3,0.08745437580338854
79281527b5fd74b9,0.0638477887572706
63b9f2af8362641a,0.11288556194131853
8e20990222b8b1d1,0.0882584476654676
cbfad4f1f811ddcf,0.13979029091709327
a6dde1511fe8d47d,0.06899332219850625
54e8815e9966bb51,0.20153317177305777
cda24d31d8c08104,0.10936808081154557
2e41b0e18fd08067,0.04870092012021113
6e8f4f5c6e28c26a,0.13622570576529944
1f4157812e2bb339,0.11738857214336716
c2d3133094dc0fad,0.042246402326184374
e7e2da8351240636,0.09309667327467096
ef2946985749757f,0.0639069620398194
ae735efdf3a84f05,0.1559006456366665
8a459d7c2b588a93,0.16107735575195878
df0d35696f4b164e,0.09256197713513399
8f745cf8cd93face,0.043412772921502585
7aef10c8e6aae208,0.05640460982320176
706e881832fde05c,0.19750184302211313
03a6674f904defe8,0.06770377260790277
f00500b8110dde92,0.14554729715138517
1475216e327695c5,0.13823209991508692
3fc20688817559fa,0.044614177291184505
70df3ece5d814a70,0.0523259043701839
bcf591e552b3ba82,0.037916269884408695
a04e514a6ca8156d,0.19382701738607447
f83e082f10dc4f9a,0.04798273477288611
21a0898a3f0c502a,0.05577647826906174
c9afe9c2efa6168d,0.060153653033318655
9423152627c5de85,0.14883887570340368
fc5761df1ee97d2a,0.06200645175654734
b51c1517f2b27082,0.07001133235224989
966bd6f4b801db6c,0.15907685133064006
c39f09a3a7ee5d1a,0.11571279968516224
cd4ab667a784a10d,0.1738048399090075
053911f801591901,0.13364188047499267
4c12cd87dc745584,0.13503195169390678
f0c4df4801e5dd7b,0.04709961132126982
1cdb9e6374b25c46,0.05646195501321327
55a04d93184e2087,0.12409938739257254
b0259adc08c321ab,0.08388462420407246
3ebefad692cdc413,0.07491350697263871
83d05a33f78392ef,0.06880086707153295
57e746a1c420f866,0.13902217888778992
7086b53e09fe17c0,0.12636662908059262
2cefa5982f1e5321,0.10210766758650247
c4a61e6a8fa1704b,0.11459787000772814
cf3db8bd220d5bdf,0.1355129370568949
75c651d11c0a0337,0.05336514159194039
10dca6cd4d946194,0.09186313096480787
316d771ed9f0b6a1,0.0897836340756914
ef64650ddba7c539,0.04358282822747148
721f58982ee85da8,0.15354865183400926
e8f08bd5b06f41ef,0.03997152937445665
8c2e815ac865660d,0.13601724142364627
8191fefedc6afd32,0.0524129234420673
15c9fc425aed1fd5,0.13200118967096736
52f896a602e74ef9,0.16604535151270872
c8a94bf1f874596b,0.11092583912280164
64024839f91aaea9,0.12818461854634738
23a06e4e391dfcaf,0.10150034309563782
76fc88367fd4b329,0.04871010918692431
e7ffd70d1007bf31,0.06585694931995141
4df67b2b4764df2b,0.22811993304151665
5e23b5ebcc3c7201,0.15059381711289468
97c325c9980b0ab2,0.05220065658263628
3c8bace911db4b05,0.15216107270328655
d3af2a4f1b0513ef,0.12221194798569383
8a66145d22484a10,0.13289590911222485
f501884aa3b0a2bf,0.046927516676483316
21f8710a682b6ca8,0.10361356034908135
67addba46911ef5a,0.15194267597058328
cd5a8d124051f2a9,0.1423016783103417
a1acde423d140030,0.04340778540803706
6284cf5236839f36,0.09512968159477207
37f720257a8a7a33,0.15274027330926374
acc257668dc46b34,0.1479655776821822
23424057c8458694,0.07637794474904407
418a7b8fddf172d2,0.19304481760059766
dc356b2589e04c87,0.14335726297172668
f64eef65821a8f3e,0.06826542685620372
9fce647d5b47563a,0.22044876327970833
52f9976ea5b478fc,0.053568858086357585
d240c91989c04146,0.18306423943767322
47ef036d29375b9b,0.20068454404991823
8808a12bef546809,0.07173284081360547
d3a20f2bcf2db8fe,0.09472562312697702
a451d8e451fac918,0.06802995024184261
9826735b01a08344,0.07940411591319567
c4a29152e2eacc8a,0.047512819195938694
631690ed30cc1631,0.19635454436804803
d84d8a6e6ca5eec8,0.05141652056780727
efbafec85fb00cc9,0.18965253327467727
24556c1044963c8b,0.19367190429323555
5dfe6e2137dc82e7,0.04866517853713068
b2400c3aa22283d6,0.06807996640025599
71602580e012f168,0.15017500892237742
cf01eb3e54442236,0.03951031524276136
1a07d25426f87edf,0.0975475121079347
13b3d3fe65bea413,0.0646278713898938
059edd840763fd81,0.15585255055584277
48288e044d74e7cd,0.11783888405536201
add068ffe0671cf6,0.047731371673302984
c99de47efecac792,0.13261726371459537
11cef543afe62f88,0.06881992436969207
e512156389905eec,0.05841434722746863
138703e658867a2c,0.15747227834509936
454c3092e6edd433,0.046794628861885845
dd957118652b5ed5,0.14116145888209045
af01fa5eafb4602a,0.06887700846448677
7bffcfd2a9da1725,0.14156797920518496
24f3f1ab071df78b,0.055599718707278555
3ec7c9ebab0a4a2f,0.1616757386100261
3c1d10f4646f69fa,0.06361406654925751
9c5f959e1195fc54,0.04274571980056238
cda81aae0a16f97a,0.13497315790334805
2bf6c949fa0b6053,0.1056507040140904
546683ea9e5995f2,0.11971052425777624
c4563254d849a8c2,0.089566847035232
e9e85a92d9ed5065,0.07590111526329746
fc9fd5a085f168e9,0.10821225549443507
54049d409156afd1,0.18077552287159515
e4c0d5c0b9045e4b,0.1260433973540753
058f290d4016fd11,0.05435296622406993
e14cd74f951c3910,0.06540863699594635
05018e18dc83e13e,0.24235571183946214
763ff25fb3a65368,0.059474901531573095
eb5cf6bf7c8b4e5a,0.13354182148004143
013351fb7667dab2,0.08930197765008348
e08181f896cfb680,0.05959812671692157
e65d39ec9e3de422,0.15047009277784124
9cf499aa7626f14a,0.10060580881953148
f203a5ba78b7389f,0.12300053175922161
8ea386546c0f8c96,0.1979520190687748
0391f48a6955106e,0.04950955521438416
d2f70a0377eebc5c,0.05228633269370344
b96e54496b6a6713,0.127958503183596
1ecd7d7fc32cc874,0.11353869296138364
a91fae320445e22f,0.0516045769498858
7f7f8d9e95bc3227,0.13886850835760015
8ed9c9b27ed7229d,0.07487637429508802
19862b4c0d2f34b9,0.08068568801052974
e5b1c6b3822addb0,0.13538296089789428
191edcd8d76cb951,0.2566331950943966
6b08a1554cdf28c8,0.05989977072770117
706610ca333da138,0.10250321480030171
5cb5f8466022eb46,0.12531353482167218
acb3a526d9921b55,0.06780930085726922
947db252e781ab55,0.09881213634207818
e94881433d15d819,0.05858407137508883
34439005f71e07fd,0.08790957025539904
989a2593307d72e3,0.10150695363623989
ec8f1d04cffddc96,0.11544780815891557
11dd5f5d722fb0e0,0.12907927510123118
d6738bf320835a10,0.06998059811438226
025b09a306181a55,0.09807850636516335
e5e3f5fbf93a1918,0.13283216989959595
2d60731de40ca5ec,0.0710957643139117
96789dc76cce8bb4,0.12306216344336636
e04c2f21eb86c30b,0.05251554069910716
eb4f7827e27f3e50,0.6204533370758929
c72cafb3b0ed2058,0.04943506634273787
38e789ce64afac4f,0.11275594266948764
961a36d1522e6ffe,0.07182041145783635
d915888ab3fe3241,0.0902730384134925
6d047ff0d07fd1a2,0.07078725651249397
96212cff04501fdf,0.15113525151648732
6cb30ccf0384596a,0.13922172803533306
1878cf5a842e6727,0.1112761261564796
47adc8c9afbd6fad,0.05529767237358041
bcecb579dcba782a,0.06519183770223583
24fe0dc9ab19be83,0.046994520607734895
d56cbf99a17acafd,0.07112088741290855
5caed519a777c666,0.0499977736812787
de3dd7a6a4564414,0.12569906295844438
3ddc28164f664050,0.07531344703465748
45693136342888df,0.050221127797517806
143c3caf6eb25742,0.09814536682845044
9295c919e27237a6,0.07941963585715724
0dc756a818dc5d9e,0.13086299545280292
67a0ca3f82ae78c6,0.049103983305729904
cbd51c3558265f5b,0.07323690429642994
b6df5050c31c7287,0.06245189338008015
73f20d006cfc47e6,0.06845824418045977
2de69b9443d4fc52,0.060534776266968855
1ea20c09b6c79a3d,0.08146590910430444
ea1427791f675329,0.1196997180467758
cd6c9a86e5c13535,0.1313440728261859
fe03f010fd99f729,0.19477759603872272
3cac934a5e569272,0.12346664843684513
1f9c8c5a31c38592,0.09401551564780085
325d3152d318ac6a,0.07489127112366695
c796149ae059bd36,0.1474290047229104
139b95acad0d8500,0.048984836496737516
ef8ca6e1ad6cbc40,0.1364140243418328
738b1f5edad8bc5e,0.038047440029550766
00b5753c64f3aa5e,0.14317224108841134
7509e02d19e2f87e,0.0521499413429875
a85aa8068fa925c9,0.14782926741819655
f8ff744430f73aa6,0.12552279844991154
4106129a02383134,0.04885120731444087
3be6495b6e47bbe8,0.10820912413237387
d58d8cb98c5344c3,0.07281896918046869
72c32db073874592,0.06974089284610509
b33541a9535d3cb6,0.10377221217752663
f117d4aad78b524a,0.09413646732954943
5e48da846d46eabc,0.14704578057884277
b0b266000f2d6b03,0.1566535260720546
2aa63d23f11f3aa0,0.04256600105789687
7ca15ff99bdc719f,0.07004451382236986
286e550605b2d970,0.05335921144593712
140d123f8919309f,0.1580715318037709
5406d7c0119b8b77,0.12526261479778458
feb8f158efc528af,0.11865979859007181
20e9295f7f1b6809,0.07861005185773633
8c67df2b06a8af30,0.09140683340423722
0b5100f2d589252d,0.14634787509997663
a7dff4879e1f2c8f,0.17103165259077072
6b9c17dec469153c,0.15230271858647063
b064e718f3825ae0,0.05211200776195545
633aa423117b483a,0.0748473288079116
2bd2dc8cda610b2b,0.13784008438774123
16b4f1b4b30d7a5f,0.17069092266433925
7ce520db2bb5b181,0.14838408202800482
359fc18aad246386,0.11065258608340094
4040467f440a4681,0.08631045507972473
ba27a17c66a28567,0.09773945419246453
5e4bef63f0b3974c,0.12541062460091065
849863283a0793dc,0.12901058993218978
aa9c499ad44baf78,0.12695272649731212
a3fd494842016ae7,0.11085967109581822
5f079c78614b8a83,0.1886929042229091
7420f14669961a6a,0.146823013916628
0a083c164a874ea9,0.05136754544393568
396f04d4bed14a3c,0.10650110832044542
bda29126d66debaf,0.07400493108222538
8d5ece395c6a6b60,0.10381568975078698
9ea22d08386ce3ae,0.052437685692907
1a277b47ca192cc3,0.05057225277043779
5534d1ac3ad47ca1,0.10498506467877138
164e32a2b96ed3eb,0.14779930953330508
cdea1d25f481df1c,0.06550836679363205
37e1f37cd163cc12,0.17483080188059863
4f896e74ddfe48f5,0.114819809173531
ec881c0b42489ba6,0.09634726209442483
6cbbc142e3b6532d,0.06739305087800468
af58eeb2cce1b1d8,0.06103023515590683
3792b407d3147240,0.07866996681988715
44abea18902dcc6f,0.06275925721490686
f174b76e8c589bc7,0.10029180233903305
d5cb1d76e26e865f,0.19578567682258363
c953fc1a52b6d2ae,0.14521648427496361
dd9860c103eaa486,0.043926633066212105
1a338e9358b4b71c,0.03464910778381162
28a055a15e2bee63,0.09544096112471558
d810129e88130889,0.09906457382000965
20b2f55f0ebfeb9c,0.09658977339946577
2dbfb79bb9d5d576,0.19205339545257005
a4f168601004a705,0.09533381950417626
7419f46f112678b9,0.13930938484137093
7d0ff708b6d6752f,0.17378610561419708
cbb85fa489a893cf,0.048162339031661346
c46a723fbfa594f7,0.07584801111555475
2104390897549457,0.08181168859661547
75c276f7d0f29aa9,0.19740537543520972
01a679a23b212287,0.1725637296849097
6cc58651b88eadb4,0.07112297761029837
14cf1ac65f8ca02b,0.047574988521340435
2a5d42d92966192f,0.05959410139926303
2010478948b9aef8,0.08124288771103272
31542ae607bdb59f,0.1489906104907576
783c99f058bdb723,0.08138431296080073
8e49ec786a6d5abd,0.10166952977434807
d2b9a740ddba79a2,0.05650586339753972
47c1231311a7aaaf,0.08448371720391638
c7937d0c63ca6a92,0.10863748018093272
64628bdb8224fe18,0.053704708459457164
49cbb2ff9274a4cd,0.057149626922307295
a4dbc0e728a780d5,0.16864983137322417
54a5b82f046318b5,0.14481582143936048
daa0b6896a1749ca,0.06492442790329642
4a251ebb1de72153,0.1576922682674217
edc7eab7534ce904,0.0821696977650467
0d31a18c31d12329,0.15643444555906486
ef643ea0ac629b95,0.08808437473604631
39049e24be5a4306,0.19847877515135304
f41fb0591a5b1902,0.05519446797839461
ef3add49907eb895,0.06635387004014759
3c80e6a34fb3e4ce,0.1441482584273725
681bbfb8c5372f79,0.16066920536859797
007f4be9a3f6e89f,0.053346571286084075
25144a9b2bed9be3,0.14753350066711882
61233f40c0cdaa2b,0.06857332414467293
73a058838f6b7f2a,0.18904849380810682
cbc20660739af678,0.21359755114502219
8fc723bf625337ee,0.14416301697066772
3ba49bd9e60f519a,0.053418898369002064
6a3b3033fdfe94b2,0.09464544867520042
c8ed653c9f871795,0.14505258055253165
2f6d48d7acb127aa,0.13087266117385887
92ff64a44efeaa6d,0.06838843812889008
d7169f20999bc93f,0.3772715430299985
53604f2aaf701357,0.10628338864963964
a7001845bc2108a4,0.15924246215634294
e1c8d84bbb8add74,0.04562606989128648
0b6ec467b5610434,0.057092537348319566
8ac52d2ec127a096,0.07960444563588986
b10baee15fb9d01e,0.1391803301079314
221ebe5d40d467ff,0.12748300374394075
4fe55b114acc6ade,0.09037226241106931
d8482a667d8a69cf,0.04331937250354446
53ade36e2a1b1e97,0.16224483419431085
23415b9cfe9e209c,0.12151255178340052
280c7808d94b9763,0.14074970988144556
de5885c6a7c6423d,0.21080847179917953
38de0e8716fdf6cc,0.07997604343695795
55bc25143589b254,0.13648884898781058
957e73c37d447545,0.056964150788659317
af84b2641d1c74b3,0.06875862169177115
e7be7f3fe2a831bb,0.04244673797016917
841f7e8235380174,0.21189344923613906
63d88f28c2a5df22,0.13478869589605305
8dad4fd4df5c221c,0.15107191142783036
3572ebf75eb17942,0.0981710242323941
25a1a550572c1f93,0.05264713865619163
6ae06440fe74b44d,0.1752753234530103
b4bf088ea90582b9,0.08757651217187919
6b9449d16e81079b,0.057121771356624405
4ff7c9e8a089b94d,0.11061912103803213
aa5c5648b80a1a3a,0.09808972971532957
5dc1f3d49bbbe4c7,0.13544944719147048
99546cb325e5dc06,0.1369675331254854
220c843637482425,0.09982903896116484
6608fca5b64d440e,0.1442052565382457
f29988dc0a3c0243,0.11983640771801728
51058b99b395787f,0.05589580755008402
ed1bbe11677f7bca,0.08719375495338881
9f9b85620fbc0cf4,0.06931261440334636
8aaeef3315304e45,0.07721095467051754
5d92173cdb00c0c4,0.08115949514741162
acbcfbef3b1946c1,0.05359244446789072
73cb612fe6d23320,0.14966135371036746
4216594871a36761,0.052534788829528396
1c2bf4927779574e,0.16952362792054806
1498d0dff1fb5394,0.05802059647850034
53f47e8f08b91aad,0.08345853544970676
c4229a0ce07e83b9,0.04878891318980921
bf61a06ee47b2027,0.04785923068398366
8aef635fd1b3a740,0.045442790182506514
0f6a8a20e3587b09,0.049133838044466936
75d7914477c996b1,0.06533169819764485
7b1790935e6cb838,0.04004798886340933
d680549ede3f6dc9,0.06274054708702025
f3bf39cd2ab5bd9b,0.07518615731486604
0b0930b54070750a,0.05030830648954785
3d97f118d250279a,0.14907356126403556
e9de0ad29a82a54b,0.08668110269665928
9485f200c4e02805,0.09692800614012227
12d95850d018d3a3,0.07216743883968578
ddc866b96dfc3aa3,0.14899940192819164
45a33a8161cb4b46,0.05898344994101404
990eb9e1c61c80b9,0.0527740950005103
378b6aac03179007,0.0561152650294092
b6ce4df0bfb4d3c4,0.050147101650142724
a50653ff586cd76a,0.10773651151099452
65cd9ee07cfab83a,0.09634085247577873
d2bbc0c9f79df720,0.17909576109507097
82ce816296a1512d,0.03975243707579736
e502c517a223aa14,0.06254528412808548
71d19ea693604e1d,0.07588315146487076
0d037e649d83d735,0.10039514633914644
6ba6991213384d83,0.12978464324441394
4cac0de9485495fc,0.15430012859230258
9a0be358e968c623,0.046536754933524486
f1ca34616439cd54,0.050833032443911054
e301cf1f2e4c3681,0.12424989322906121
d614ef3ad50cc2bd,0.1519505011448418
c0b33846eed21da4,0.08453238270121337
d4e499c8cbcbf2c7,0.10650666632095328
112d556866bfa77d,0.15408267815123192
3f5b776bac1c2a71,0.09894740309083379
97fe9a981d0717bf,0.09405706712951166
ce3280649c6eb5c9,0.1403269926731769
7ae7079159ced82d,0.07877994524009352
f1eb50e28869a50f,0.05978164599480773
52c8dc366cde6d2f,0.05733912500238558
ef14064579612c4d,0.14018241285341096
7897eec02201ca6e,0.0812395610628568
321d33ef853c8fb7,0.16225622635063566
96766da6bd7c3998,0.04353262558914942
fdccd120c1ead149,0.14414299998241153
288252f0e770ce50,0.15700796863723696
d4d977f5a3d8f01e,0.10889368089391455
62ea4677a492334c,0.16493709589216868
d1f182b83a420b6b,0.06664969867474159
0a8ea601fcc75d1c,0.11893743411660118
27930c385742439f,0.14302028589265128
13d12d929ca71339,0.1858633181616555
159b4f9fc1efcb55,0.04921820580864531
94ffb2f9a90b358c,0.09590962067094737
68615d70615e3b37,0.0547640260688995
d4a40bf8afd7e4b4,0.08367328125780744
e3dcfffec2d51e7e,0.05785691664749332
10366fd321e0ad43,0.06891342012891037
80e3f13b4e86e5f9,0.1722697850061368
6272a9e176561590,0.1221853187977675
14ead2f08e775ba6,0.10583787941281127
08ecd3e0061305ed,0.1315048582058731
b91abfe0273da79d,0.21767400862572514
0c3efbd8c39177b8,0.3376219888188383
e9e21b290009d63a,0.0684587642515288
c188505410fa547d,0.10549790505940763
768d9e0553a1399e,0.037914124165852006
a9370f34870acac0,0.1312133336890975
9f6dbe29c2020549,0.06043333450226151
6da7088fbbdbdec4,0.09123219674940142
944a046635530efe,0.17616695266988358
55a97e1488c333a9,0.058195861233393674
bba6644aefeb263d,0.1427482258342951
750f5d2c63709654,0.16564882494938968
b7f5c550aeab6fa4,0.11357697755661383
bf2efa05075a9f6e,0.07165328080965512
2987973344ab04ce,0.0825673693384366
a97d19edf8f608bd,0.06458967998430631
6138ff6754f14dc4,0.07073723685523346
87522437573af7c1,0.13428747486748874
57cc4278d6b67c5a,0.04915059604104302
8f29d789ebf40f9f,0.053571706001171504
15e17422c43ac280,0.07293774516421057
57faf77cf5f72f53,0.10571333303075192
febc8ada0a8d768d,0.057804656670564815
86ab68be69241db5,0.11597747900132009
5fcfe942606240bd,0.04935950007115334
31bf257f6a4a70d1,0.15404794924190268
a09897cadb789dba,0.0406199301187701
328299ca9da15ccb,0.08498691710049062
c95184d7971b2960,0.18078298372467275
6ba9df085d34410d,0.2904137962183284
396ed8ae6d33d2bd,0.1455651994410651
b058bc3c8a9fe33f,0.14493271713080044
77b29cbb7ea1ac6b,0.16132337712735612
c8d191e05666d6f5,0.18356531446839763
c4d716a53ad99b70,0.12928100164454617
31d17f992245249a,0.07494651264906614
aa459cbd8c781f76,0.08674423352719163
7ba0185e8220f22c,0.05810321705108368
eb077a940d0bbcbe,0.10421311044366262
9298c80a21191034,0.09466423409867737
037747626ac5db4a,0.05691203282063817
8ee7aa8b54022319,0.17181100421048787
a2b57b918f2661db,0.06954461376479772
e703b056b17c6038,0.06753774470740324
5d760ec696eac629,0.10272032646357031
68589cc32366dc9a,0.09330177179671491
83d1d02b456e13c0,0.11942321653468142
f5ea6585ff5edb0b,0.16895716540145247
32290819a9b6b754,0.08841489919680044
f0cddec42ddbe07d,0.040206497862848724
41d5134ef4aa43c6,0.0821019524642212
9a422d8246e3f97d,0.09757301934339897
341cbe1cbd51048e,0.059730754973747024
3d2c0583f01cd72c,0.12572334155058598
870996e4835ca83f,0.061391395762254865
28b09161f3b17dab,0.11986933623756459
051b367d8fe91233,0.042434937197967294
9b8aba50b3ab95c1,0.12781130473459104
ff5577bdd79bcd6b,0.06575023269900938
92e4eb0a0d4c41e0,0.22001890314182307
575ace0896b22257,0.17368406166501463
a16f31da04bf60c4,0.10359414039769248
cbc13a2671d3578b,0.04252970798681314
876ba2c5e443fd41,0.15376037901672265
5d5689e87dee129a,0.14768917183937388
71a60a6dfa7e1760,0.11568188239859194
f2a38a0b81dc90e3,0.15660202043193228
ec97de286c2686f9,0.06991073997242797
b77b633a5106f906,0.08012987435324535
972df202456969d5,0.06669797197435312
5d7f4e9617d1e7a2,0.04939277402195397
196dc3655d9d1d79,0.0423839990254321
7b9da0adcf1bf365,0.05046293653490926
b9d78de840ab100c,0.05774448503820235
803868566ffdbdc1,0.046921062317732166
cc5f60c8c3c2b5e2,0.06312750051399292
88919e17cce1dcd0,0.04766273776010991
88bff82c05879a44,0.053138339131152366
aa64759c290cdf84,0.09976481312562042
b224a7d8b6f39ab3,0.08230958722585945
ef11b15a28910cae,0.06357027204058392
7e08eb8d4482e7e0,0.13841576510905
609b606891c6ff2c,0.04679617179325559
07ecd08d07bac830,0.09111326882862585
aea578dbbc154142,0.14192292633772235
9c702ee77f731a28,0.0896794100530595
74a102877446027d,0.126554387026212
dd13d150ff97f653,0.1850062947753726
36157f72f10981f7,0.10089280524736521
808639f0db0c51a9,0.08327416621381221
d809389ba1350646,0.10626408305180364
353512ba78ee6085,0.04534730993545998
207ae6c9e8f4fabf,0.07092118669619239
333ed3894f0f2865,0.13785762117487346
c8e41f868f963ff6,0.12422561298959502
c0436a45e3cdfea0,0.043388403942928234
497bc4409ccbba90,0.14582669367934392
b29f7d1224fd0321,0.08905607411235877
7795ac2497824361,0.1285607274074649
28bd2f25cefc0467,0.045811625974120807
7a5268c2c0ad3fb2,0.08560735495864953
9335e306e6ef6c17,0.06139615805199058
380dbd85787bd38f,0.15578561579172176
4df3a358e7ec87b0,0.04466796315842211
b423d03461c67e1f,0.1538658582961203
8d6c8b00790579fe,0.08083250869471223
75302981ca660bf5,0.12574979295245017
34fae39e3b6350ef,0.09373222557564868
47ee9553918d83bb,0.14194816688526168
525eb09cf01d4422,0.08015176407607723
f285090a9d6de2ea,0.1703162288722074
9a015d0a0e9dca3f,0.07168580686142957
5b9ec24c9cacd921,0.09495173385828215
80f6887bba571ef8,0.09244302258214736
a0121be4cb97ee81,0.05579364915982022
98bbb1d875be50a8,0.17595523458514192
d13d14d73f638740,0.08759241650029102
b2c1f66103087339,0.07313506307087146
ed544070c1558a6e,0.09162090047400367
6dd8a5af5647059e,0.09888087770618222
ec707e8be77e5bf3,0.08886958905237924
435ba973814b0e29,0.10263254608649779
a003759cbad0ca72,0.08051177944414549
4c1f413aeaaeca8d,0.06812372420722544
febaa69039e2d424,0.10614718758427034
1a7702c55d1c3c6c,0.11937502755561391
747b48174e7e8cc5,0.04653831334795816
e73a38787bc7abf6,0.09066998152669288
591163e5c881643c,0.1507545832726911
95f08a028b009350,0.05464615303564759
74cf8eff69e3ee73,0.048304621335196064
44639b509c809540,0.11145997358792288
abcf4a1f567f5b1e,0.0984324165385642
987d6ffc23a79a57,0.09810989872585983
e7aea6a6f0d83afb,0.10046258916959638
d9d2d9b2890a7999,0.058049996467896485
deeaee8dc56ee2e3,0.10125381300947815
ed44fe0714d05825,0.1360837556655983
68d0096d6964bebf,0.05867818516575315
8d52d8ee49e4e8ec,0.15586019800034526
b877123e88a6a266,0.08554408639300391
8aae92b438c0c262,0.04432081186368781
40864f11272e903b,0.06529918942242628
7583bd973a7787bf,0.23838526712212862
209764663e3680ab,0.09303054728543346
1802828e130f444f,0.13207136024923063
c7226e4c37f1c216,0.18194162655566135
cd0110875b4d057e,0.08978008985304226
b66e634d66bc8033,0.04611277586990198
644bd7580a1fab58,0.09060703903076528
ceed54b1129eb356,0.07401159965553497
4a02d907bb4803fd,0.05198202553075707
d09af6dce02bcd02,0.051657875937500985
c81869bf2ef1408e,0.1434874556824858
455bd62f0c9a8b18,0.1740508093370421
8c648fe7475ba2a1,0.11631691670983106
e7c1606cda3f50ca,0.07040427516403298
386a0c809777aa8b,0.08182007517198611
882d6e6250d5d648,0.12791891365856387
e73fd396a2d7e661,0.06485105028579799
e1293605384c5923,0.04186136328112191
d8e5a75d55957e5b,0.14758750453421662
75e6395a1cc7d878,0.11221743614403816
ecc995a8d29cc898,0.10917185424408919
ba27e43ae6b021c3,0.08607216298328817
075b11725eefed48,0.15692802186490487
16e06a6abad58f9f,0.07997380717320472
039a18d8a9005443,0.19159411273682095
166eabcb1845baea,0.06517375264221421
150f221c402f471f,0.13644399090140857
2af5183224226208,0.09710919685567732
30a31bbf87301908,0.04758812305434031
95c87aa909d557a9,0.04419195006647858
d70eb57711fa415b,0.175126224455575
9464555817eb4951,0.18222903327363607
8d4e5d5935a1a663,0.04887509483074195
289e3f76cc551091,0.07775449566936131
8646ded190e78433,0.09588106181233746
f2e3c326fd923449,0.06606906004540947
83f8985c38ecf25c,0.08216091445158098
8b698836d194ab64,0.06451120255946917
74a48ddff930321f,0.052014381047662095
79a5efbbc2b4f8ec,0.07850544522157493
6e88ede348b8871c,0.10968512033713292
d98b06d0f7e1b8d0,0.06642918314125726
dc56b06363e3abc1,0.0971822676079731
b5355653b987b958,0.07855981432329
e5bc532f235bc0d5,0.04528140749949783
153cb69740320d37,0.06855113489991482
30ad5d4441533a6c,0.10816553846182879
05ba774a4ce6ab73,0.1905343618747112
ba467da19b1f2810,0.0406362273722411
9ad04a6b621bfaf3,0.12907682694259506
f605e43b08e76847,0.13472115235212656
fe2d494aa36b099a,0.07018191762282967
1e5a8f5e21430d42,0.09024381460082102
9b28fcb2ee487967,0.18628672866488108
2f1c0ef6d36a75c4,0.08719534815593559
37fc5525bb7de5e9,0.04387796068140567
d6538f0dbb2a123b,0.1213221877313246
7dde59a4542325aa,0.05468305676865052
20c617dcbd71f357,0.069061106239178
77f00b5e8f833d41,0.14356221760841884
869a14428379a740,0.09027489793377465
5fe5544f8e236559,0.12146716857013046
2d3681cba05bb562,0.15727728294285567
499be0abf97d1597,0.06631373473780379
5b423761773c3a6b,0.2159852106023763
57cfb14bc788cf66,0.15457180645969026
bf8ee8443882eb4a,0.14300894848698367
400e3c9ccfed951c,0.07550432994051211
95c34bd334691146,0.15480674624307153
441b99f616030e70,0.08274101368038117
d6449401e78d3385,0.0873896022970162
ee04b5380c7d4f07,0.16526242618958883
47350f4648bd6090,0.044853150567792634
3d184c420016986f,0.06861824201160154
2525af5583075cac,0.10632569188099017
37055ef29f0a3dd1,0.09426137571351006
741ca2e53f728930,0.17833403445166718
c2060532831835cd,0.12618369042246977
bdf51afd82ed739b,0.10013498352647308
87516eb4863191a1,0.13126187798347216
034a25e098498861,0.04063711414723425
2beaa963f217969a,0.21473460264783675
6b03ea3eb3783933,0.06571817743950667
99cd56ca4ca12f1f,0.04899254720667485
42288d86bd56d80a,0.07968371858087152
a5497f531ca73858,0.061114564735937384
6b8797ea062ce398,0.0895542021958089
1514a9ebdc630056,0.08714618929701272
6a47264adc77dad4,0.08081765266338332
4cbd1cfe1be11280,0.17786147358779095
555f489d111c7db7,0.07108539845100781
d3d1d52e817c754c,0.046729267401356085
80c2b83979b319eb,0.05615095009931311
b601ede8f1d5ecc9,0.04203492794867202
ac4e394f11848f01,0.1519242173016828
a5d564228af285dc,0.07510003355356568
872eaff0cae2acee,0.07175931100603973
ca524fe71b6054b7,0.09304207197033597
092fdb93d96ab75e,0.04631944643560526
b1224feb365fa8bf,0.07978782810049427
b5883c6e74b0ff0b,0.0447508118608734
7aade43a31d09f8a,0.08308752818556274
585ac3a63ccab1a8,0.062166571101831804
e4933222bb492af7,0.11679265646501001
d4fff28089f09f7a,0.1368427193884908
1faffaa35ce84d77,0.11854209459867593
27afb6fd6aac442b,0.04238564893089674
847a053fb85c500b,0.062014246160238685
9ad6971bd0ebf223,0.08150535744711646
a14e1a04f336c6c8,0.05821873494547627
50698da7b2db2350,0.09096300161429806
15655e2cf84c9cb7,0.15065807732348577
ef796da1e5967ff4,0.17429261047741643
9331c7e2dd294fef,0.10695791492604197
b7796a59af546a3e,0.07892956961880349
d9279cd811aae7c0,0.08072008160859392
df81c08c47af6c59,0.17614352407666214
1b9dcbf8b65b1a52,0.1260508829116945
dd377f760a65ba2e,0.14857015045958175
995b4a4b97e53e5d,0.10345601646299674
13b533f79e5a5caf,0.1133730174685305
d4c903b8efe43c13,0.16880957313572617
4fb9e1bf5a2f571f,0.13748791216055178
ed595c03e7747694,0.05576999799457217
73e9645c3d48fbb5,0.041191523867750685
a4b5405b00736981,0.16484377561656002
2a653776755ba7b8,0.04219155049179347
158fa97bf999e010,0.1169567977255221
a95d0a261a3bb142,0.08741287301948182
ea46e88a59d4fe5f,0.041998753564683626
6496d7761a0c6190,0.067322861045872
6f4ba984b6dc3289,0.08139432710708401
5afad3e6c2fda712,0.0635418898885181
02effb9a084a466f,0.08768341628211979
f43a5e53fd455d87,0.19023946133010383
49bcb75b2ef9551f,0.04522154673588069
b21c8167caedde33,0.034805784110796684
15d2bbcb8c316442,0.0535839836160027
523bc8b194fc69ce,0.058535887230157874
d7b8e5c99743aab4,0.09504129072360391
3ad43bd42075bb8b,0.18308836042724375
812b9840da2dccbb,0.18622523918257808
e70b5a521c308e83,0.13836944468870932
3c45ba8ca9f6f412,0.04643379654706811
7f616f8d83b3eb18,0.07917657628798618
26c592e1845bb489,0.06732262232376322
68d37c0a802b47e7,0.12541726959282698
d8934f60893849d4,0.05038212632149345
2a3dc482e2f9765b,0.08669940774932405
016da23592d81da0,0.04574556430757171
4fdfd4d0c0f506a0,0.1429674285571795
729fc49d981fa3bd,0.074893340067024
15deccf643c21df1,0.09139460414033711
7daf2f242a027468,0.05356961810822355
d51a0a86350f7add,0.04465166962412387
52fa3a33f632aec0,0.12505177398155645
bb4d95ad5da1ac87,0.0926971014267239
cd23dbd0e165834e,0.05463109987496098
ba39191a07cf9e7f,0.11191889402722893
9ba5cac296310d3a,0.17911799745234547
d322c51efb437d17,0.03708284781733153
3af739b2f776287d,0.1412778547416332
85804c2e9c6d680a,0.05660066975668856
cb0cd20b25649838,0.06139184384909544
12c942ad8a277403,0.1014210925117192
289e502cd91b1547,0.13780159236957504
31c382a7004fe972,0.08250170756674109
d169a1c279a46015,0.25379314411178483
f9b4abfb6291393e,0.07877644918204538
6717d92d92048fbb,0.07780164557004439
469f41c8da1eeb41,0.10184833305443208
769314bb014d1235,0.11750581951730739
ff2e280d521989fe,0.06546722813622351
1d52653d4f3c35fc,0.04161985628768861
4c0ebdf6c9dd9fb9,0.05910885836154994
8e182e2e4650cebd,0.1489328274127405
f55714d17852a183,0.06308304348223086
f2e291daed34f717,0.13562226191674318
2fedf01adbad6180,0.040733840016632404
7079029a20553569,0.11915819759246005
7214daf28cec2f25,0.08253668905667776
3037ee52ce757f35,0.04041680610802489
301594a1fbd58308,0.10872155638643399
971dbbb99046d9fb,0.1396135453046258
c7647059905f4dd4,0.05143158370281579
796f7cb75fc0eb55,0.15178933770694378
bcf00da3386bb946,0.1414227311262137
9fde66ee9b59f95d,0.03692898001343844
752d3e65ebd63369,0.047845457378178635
1a6bbae0cb804476,0.07338743214370265
03cac4272e7b8e63,0.13124401911986847
055fecf2717f29a3,0.12192270435575414
a2aa85d0e1bc4e6b,0.07818540341115797
ef9db57cac44e529,0.09670450565839835
8c91442db55d9d64,0.10476052372752799
7cfa3fef2d1a1dfe,0.05394085984543636
56ede8d9842e0590,0.05176918461403981
fc74e63ad196960c,0.1823992705219546
342867ccf7337815,0.05065482843132868
866f7ea3c4be20e6,0.09715692585548534
f45494a74c712731,0.10066689071322384
414228464c8b74af,0.12117040675078972
e4a3f7a35452e28c,0.11972445066751852
c1eccbf012d9a361,0.055270320952241436
a715e394b41f3a16,0.046816190226155296
26a24b8218ee00b6,0.18148749244449336
db4b58e70acde06b,0.05514581291616869
deaf015c1e137149,0.03874374127837819
9d4fbfbf523a0472,0.18537805922364417
ff7e2911a22e8008,0.1514907201488266
30449ce55b14d344,0.04261721804548422
b930073e02948360,0.11274607290892454
9326674b4c828c15,0.11396863631980551
a9b474db35164846,0.09748278062035222
9183d88dcf308c8d,0.07268342878566063
47c8c6f64cdc0a43,0.07811780364576193
2ee4722095033329,0.09562540106652113
cb8a02ecca44027a,0.04684304247552155
1925e9dc63237314,0.11295243059268179
dd36f08b99fcfa16,0.19288079787459803
9bbd43f6f760c243,0.13153521930294818
a766359aef66a25f,0.08891386107444443
4d10a4698fff400a,0.09698731989583065
44a6285639d7fcc7,0.12110266810230501
a64ce0de598f4714,0.13220202497606315
8c887a6a554fcff6,0.031096594389477133
ef3f3402f7530e37,0.0339312371243339
e9cf43bab751f410,0.034778799589610984
1245634a78a3136a,0.04469946029804588
7c5ed75e73c20133,0.068096137074352
ff7628423503cb61,0.0527355947806292
55df3baf4cb22442,0.04700925041463052
20497b1ff5df51bd,0.14228666856871333
fe1c1e2e166d6943,0.09961461375664005
0a6a2ebc3b004ba8,0.09211761392689859
ba16bc573e1d9a6e,0.1303650176331636
41ae92fc5f37cdc1,0.06287034224491814
ae05071f58d92774,0.06113766241456203
a8d4083bb2383da5,0.14728851172745203
92cf17c3d59c9b61,0.037560733241222166
f591caedceef4268,0.05654183680031677
e3d006785a8a409d,0.08346574382891496
dcbc913499301796,0.048434725929894264
b630e1af9fc1f3b9,0.12950191154837107
7d6a1e459131bf25,0.15527374219787737
5f891649affd8c18,0.08750361693702217
7dc102adb7ad6667,0.10215741293869045
1b8c16064d0dc4d7,0.07679425845037922
8e5286a9c7d73ad0,0.04579893951839827
147e554cda420ba2,0.04924523622636825
18517e2df9cc10ea,0.08600373193804424
54ca2e9aaea55320,0.34639230359791434
a923278148853286,0.11510400506753028
cfb35f11977c3be6,0.08387650069528459
aef8a4667274a47a,0.044843121102276264
2c51172cc4d5eba0,0.05174045842684418
494446d84318c9ee,0.08908298503897301
aa652d97612fe50e,0.04217665608326354
baecb9e5cd4b2907,0.14217150465537304
c29488c64d211da8,0.0700944123642067
28746b4c4b26d721,0.04179023285808375
8a45d03fa3989bff,0.06754427936890708
462b3e544fe612a2,0.12128088533878749
359614f152fbbc2d,0.08881964811025043
5e953db789137f0e,0.13049417218410217
2a99aaa9555b3dab,0.10518968104361558
aa37a77bc447fc0a,0.1997377508169603
8c0d7f3ade155e48,0.04950763764104795
45b05dd1071039ab,0.20968729422153243
7e037c271c23576a,0.06913758624497252
9adb38d0576dec06,0.1127678251111216
532c84dea557da7a,0.11670084353716341
6c302b9662d3b5c1,0.08404138960369774
666231af023e8fd6,0.06336925157918026
9c06ef2fdb037a79,0.10740229404970063
65230a28464587f9,0.06783536086246911
b3ea4baf43182919,0.1056466055222761
c1f297271ef8cab3,0.04658641834384972
7c58e1fb77913d4c,0.17257484218785754
00ece1c11b40f8ce,0.03999709531491813
a820b5633583bac7,0.1452444850033299
b4e9165d8e2aebad,0.05946217521764622
85f20d358a8d6ce8,0.09879756848802161
148fdf734e431091,0.06873339185913026
67708062cc529759,0.10292970742327308
d764e50c36756862,0.20623061781291332
dc093657cc4bfbc2,0.10524089535856468
08c0597e111a2388,0.09955123082475205
58fc68c0720d8cbe,0.07741848855481247
387b7309eb20b505,0.1202475068011271
cca31a05a820ea88,0.16250242508232474
be7e5b7b5839a348,0.11272436966324362
ef7aa159ba83917c,0.11404610768595318
3dbaccedf2355696,0.056409506315850476
3774263bf5c9a393,0.06840871083826218
e830f76f4667709e,0.10776253587183131
c96965b10fe9e8ba,0.04658023760072499
aea0b2d75bb410f5,0.09468546620487923
892d778bace3f693,0.10445199718107544
f46440975132762e,0.18092375749378312
6084fc419fc10f1d,0.1624851543132374
c6fb1852daad742d,0.06468465537809466
2bd09ffffa247f82,0.07098866745748705
5ded576ceda86075,0.11559151708420802
c066afacb3fe3a52,0.12160857308951527
21e99c194e94917b,0.04510925763397692
7f4eef61767e4c67,0.039352502831700366
dd19efa057bdb4b9,0.05362782136061609
2b309ca794e9b11f,0.19343513577252966
8428fd508cf86cb1,0.10504732011897577
bd059d7efcd14494,0.1177684465096452
7fcd9aa10e5ab5aa,0.08397723826706371
9398c438c5fe8b90,0.06384077114239049
7401e49aee3edc69,0.1255934378009558
0520f17da71602b5,0.07107939125121739
efeb31befebbeedb,0.05834733586263436
df3fd48fd3b3331d,0.10798979780446832
14e14e2218536077,0.11669630423830557
1f92d25274d4f038,0.08602257171705087
7170ea34f6161e69,0.10735198878416717
04b0152464b775d6,0.09126190020985413
7653ee403f88ff26,0.09494386137067501
ee84092d5d680f67,0.1950675282872422
c41b6329fa5e7012,0.04919447784956959
1514f652f00c3b36,0.06481266490511282
0c6d11c69bcc6f46,0.07851979790332239
382f75d2edb9f457,0.17409726674877998
ab482dbf08ad90d2,0.10467978728401796
5ecd94cb7901e72e,0.05881888838695796
176da975d008461e,0.11063936438763265
882d984b9b9d8fb6,0.06998433523524995
efecedca199bc74e,0.1301320439605208
5f185fd802f0c00c,0.09941327695415392
b7be75c69ddcfdc9,0.04147517489621157
4da0a9696b2e9612,0.06929256710814119
755bd669f9bccb8e,0.07864960141165618
dc744a1038657389,0.079083435949679
f5565f23a877bd69,0.12009853392814816
45485cf629983a40,0.15763136578937828
9d8248668d721756,0.10920089509473724
7e637102a104b616,0.047939101748488776
b9095cbbb40751d4,0.17539271356980088
b6f5bc351054c7df,0.08454971478946705
d08fe94fcb0dabad,0.05252164370050457
edb4aa5de0832a92,0.06939391874721855
b142c9c1185e5f66,0.06450591161734318
1473309b954d71f3,0.15358980425742397
b604a5e504b627c0,0.21864158185117633
d5d6a72d9d2c827c,0.04784024461529712
aac5a801e8926a83,0.0911802173349819
45b600cd20830ac1,0.1087560091276389
8b6f8e193f28c495,0.062144326053470846
9cbdc55a60ad3994,0.04370553712485988
59cc8f62d55aab98,0.04093753379051741
42f81ab5abcba09f,0.09973046929616107
758524a5d6a74122,0.10961537956931199
0acada29c4de07eb,0.09711507015994374
6bf56d0ceb2c1ab7,0.05174259302770575
03b29070bb68828a,0.04185369749483899
2f553bd8ba413efa,0.04069069795914127
c3ea0fbb29a15317,0.08195292969837424
797edeb1c8a9c95a,0.09336518863754756
beb71749be71fd3b,0.10761400222368987
c660714dc6059849,0.09817140166684574
549961b37bef9764,0.040698052414510986
dfac78eae9821675,0.04056832512535108
588c204b822eb2c2,0.1329438817195486
e96e43deab9b69f6,0.15686954772306283
9c9a726ae65647b0,0.046832683996411516
58f635ddafc61c78,0.19399601169605327
d40624f11c720afd,0.1460858858558793
73575ac328053efd,0.08117380051771055
809a4127b076294c,0.19166380366983518
d476e643d990be24,0.04668268197320704
4d04534027759be4,0.09025977681751463
72c2c7664c8294e1,0.14856944335900332
d3bea4fa475618cf,0.1054652856040756
7af7100957117fae,0.07726901397767942
bfeae03c16252052,0.0613699507798647
dab19b0b61104952,0.15530141724353666
8b72f86a4e6a970d,0.13405386884432005
c775b6de816c5092,0.12848831674654665
0de6dca19e114646,0.07884798126470359
0ee2b0fc31b7cbb6,0.04882043436980562
3363b132efc51b9f,0.18651596686873928
ee924a0428a40a76,0.048328865056506964
ac3726dc72e71ad0,0.08991388548146735
374584473bf4cec4,0.06835652445931222
e6b8e496d903523d,0.09841875306470584
8fe009970d6cbeca,0.05057251889435588
b03e574c8770e9d1,0.05525372872844433
27905f95e6931f22,0.07182431516388436
8099a0f72ee1a1b1,0.06998084975855921
5fbbd8a6f4ba3669,0.0622100587622497
24033a02989369f5,0.12131527237784885
223faad452bc6598,0.15565501054834707
c5c13adedfefc67d,0.07942528780413444
ec24ebbbc53f73ce,0.0545185242712207
3a3e4d31cbad45e5,0.05233747128524563
79763f9ebecaea1d,0.1240632388703667
46806e41926c192e,0.11664431942538321
a5cfdf6746ec5cbf,0.1517249885440736
0ddbe3ef0aed551c,0.05904864470665661
b641fe7061b46442,0.041052263016473516
be98835c447eea49,0.19522174997744657
98aa4160c7876f0e,0.1827316680797316
0753638b45dfacf0,0.1229283358044992
e938301ba66e78e1,0.12804760332105466
64b695db5b68b91c,0.10183659737357148
2797a5b06b8c68ee,0.059674432522372124
aee53ec38b7eb6f0,0.10752637447585589
d59b57f46a383c1f,0.08922830887604223
8c3a505dd927009e,0.07068070255656377
436e01defb530baa,0.03597204296601739
2f54c0acfcbfd646,0.14683416507754676
20f15dad96dc92a0,0.05592566680488903
8a16a230e343a296,0.08719644496999084
fc511072e8631203,0.1121133507984343
5d976c71ca9049f3,0.12544805027888015
b207e579713d5841,0.30800747756569985
ac03eddc2e2fd2ca,0.12828527071619797
6b1e6ff0118fe59b,0.1315492796134349
2cc92c1f6bdd93d0,0.1013538804131298
f651266acfce6c0d,0.07401706360237084
c3b49d19c43acd64,0.05541213736664286
05a27ebb8a82cea7,0.2115688601257761
f32c511446a68874,0.06025331620829013
108d6b400d52aa73,0.12354770387767226
7e3cd0895bbfcd9e,0.1444211369634916
2245ed07ee31662f,0.12787230620237305
c81aede118be0e5a,0.08357882027006558
d664a113973613cf,0.09825429039939466
2899dbe3769e8b1c,0.09633174507789234
164d8c33239c5511,0.10960780769970198
e753bb93c30cfba0,0.13671517125854213
4493eab669361ba7,0.0645938915949086
4e55ed26dc79c3e0,0.08290807538923187
1d2f7db4504f10b9,0.044734178221515854
9749ddc8b2a3a385,0.05127964609347896
9aab93db4ffdba7e,0.1619685787070528
88558205521546f1,0.07649145353240862
02a8e05f667b2fa4,0.0736015577127872
f95b0bb67413dff1,0.11717310926842327
b821f8fa7a26d286,0.05342637358569308
bed1456aa64d60fb,0.13890375613373468
685b1294dc5f8cbe,0.1406907326031885
79a0510c936f5eb5,0.15000360511915672
07f28f119366b484,0.05893449662657404
949af0edccb8d159,0.15429778936703034
9965f63ba2d41ed4,0.05251163487366008
f635cdb577ae5471,0.11713825932152855
6419d144df4c87de,0.14373851063073614
bc7f2dd2340df372,0.041211528366735695
cd35e912794bda2e,0.06272215594952742
abf3b6dbce73db98,0.07323018286906502
4eeba8a4c17e4351,0.0940706971203204
f612b9af4ce98bda,0.17140828542953726
d8120911733689b5,0.06276034279335617
723bd2532e39f731,0.10452116170170402
3889ee7a1f5fd62a,0.10225295060660818
66ffb196fbbb4006,0.0654356336813072
53a1c51ae93d0e81,0.1104939120604191
0a4f5ec5f9339110,0.05068486728118115
34416b6b8b600a61,0.055116029040173646
1e0b561b5df0447d,0.12680376775221255
43e848bf56ec0bb2,0.09663024056906015
1ace2be427eaf92b,0.05404499144706613
e24ea459233ec078,0.19840323943438168
e019c487befa7761,0.040095631712789334
7734ddeb14b3d277,0.052499272966002035
1961aba76570acf7,0.07330627563068169
276265c86a0e2a26,0.058210921585650666
4fc5594c301766d5,0.11202054475274575
bfd20f3d76573073,0.09889482926822347
8526753e065f5b50,0.19052783456348918
5c03ad68783d0d61,0.05931029015219932
9c83e80d019e0f5c,0.1163890763228006
4e6019e87ab5ac6c,0.12464534340032468
dbf6023ccc73b0e7,0.05837550335795393
fb35b29ad551c9c9,0.06195222487790705
3ab9a4e335cdfda6,0.07797897634896452
86fa9d51e632ae1d,0.09771793235871962
ab30ffa9ef0220dd,0.18257308002029105
ebfe496544b5a6af,0.1385469819167777
4cb026b93d1e4edd,0.06323293435327179
426a41478cfcfc22,0.0681495363429179
3e16e5f885a5764e,0.06533943337473473
dab52f137b1ba008,0.15911538593739452
a7e545c29eee2bf1,0.0740734655642145
6a50159c50f7f9d0,0.04500868992313284
ded3c69308607da3,0.16963092292340376
921388faeaacbc80,0.20814959155403767
8c90e1ab4a546bcd,0.07521896130619553
31b1827fce88917c,0.051055426302262334
d97cfaa40be224a1,0.05108538849455352
b4dae0ea6d15a25f,0.07929263343531502
ffb033e54895ee3d,0.15969393946282426
2b625e5d9c22b0cc,0.06918482853329162
87605745817d0ffd,0.04017235615187242
9717417666a66daa,0.06588730691516122
3267d4ecd26e96f1,0.05768091478517653
3399800c4f113d8d,0.13103933241547142
f457366f48f27702,0.07672388120620201
5a6c4f9b661a0ab2,0.125233213310261
76628bf9d8b6b0e6,0.29891949990164274
997a5333179da7c1,0.05677530983197626
044dbb2023ecc53f,0.19768725473651005
737497734f709843,0.1843278983812402
fc7d05c3ca74b0fe,0.06831491962768181
f5b74bbaa8085255,0.07440875907987905
c1d1e5c41f539d03,0.1125604852749097
86f9c72ffb536f2d,0.23426696143087442
95b9d46eff640109,0.06994568762838295
3aff516939a3de92,0.07162111908108286
23c1d6b14d960725,0.036135828042271556
0b0950c974175a86,0.07268340747250467
e94d8ce0ed816caf,0.06579084906374465
037bc4751346a482,0.13365890321789972
d43c5617c5e69df5,0.25226778302000524
82c6f27cdcf850e2,0.15912104476055514
7652727437cf5e6b,0.06646799815707899
86f089e7c7ae0d75,0.0795219655935724
b9d7751ccd00d9c9,0.17358251420455187
0a079836e9e1ac2f,0.07494448328214691
90461cd0e33baa56,0.12991401855772114
825b16c4984f4382,0.11398543183591754
9054cbcd60dd433c,0.08011270221954489
770e4ea8a1273a1c,0.12654660636197892
518ad8ed2ff052f7,0.09603246927343961
f12c4df4f05fb6c3,0.06082391215658054
95a9d1c987aae5f2,0.11327026838213154
1d60b64e1441c91d,0.10496901126618068
84ed70c1cda568a6,0.07863158751935517
3d6e8f3a5d06c7a4,0.05835547340782363
eb1779538632b044,0.05351956814436306
bcf84068bc4b5615,0.08074399582948293
3dceaab87e5bd6cb,0.09975166720625205
c86b418e43874d34,0.09139122964320412
95397751cf365c4c,0.11755483684877573
e80b64dbd916f780,0.06262764655645014
d2a231ba481924eb,0.0887008450806402
e86aab1a495bc94e,0.04228187031124747
4c088c5147f6cc2a,0.0986640113489855
746c9771aa5c751d,0.08778016213262375
90005adf46be6af1,0.036105192462398905
78338f5a63e742f5,0.12587173510413685
9c3f2d29681d0d34,0.13458140155316858
f93fd851b68279a6,0.186506726160117
afed2c838b247303,0.17487886577711267
995d752a3bf1fbb2,0.0876206021181064
33609320e5c7578f,0.05911766570397642
1ecda15121ffa27d,0.05665190483060468
47b2accb2f516cd3,0.13533111855131294
5571f2482997d163,0.13644038336613995
32897e94a9feeb0f,0.2043116424375214
3d5fedc7f245d35f,0.07475718577001146
1b4707947519036f,0.09105778277501202
3cee4d33cd4686de,0.09338090310207374
155f6d74191258a2,0.09751762240300392
3ae6a0b3d379dce4,0.0775197993933343
dab9de12664f7b0b,0.07931040102344285
cc73e04980d2167e,0.07528433013900769
be7f0f5d2c65bf06,0.10510655206715973
dea114b428048ebf,0.04209208861294686
deece306851a2a78,0.0653447866251712
d1ce358b8f732eb4,0.06678222781433481
e025d916d395fc1e,0.12852956450381633
f50d9be3d733fdc9,0.06658552620549955
a6c0d8fd193f76fe,0.08442058906069798
569e045332c790a0,0.12685920688056432
977114ec6d208ff4,0.0420190464634036
17faede0e698eb93,0.07553042885954922
0610c3287750d822,0.11051090843454268
58e6e26dd56a60a1,0.047852629349257686
bc263b5b32d9ae07,0.05188737146156225
8894323cc5f185da,0.04655968012044254
e8229221a1595393,0.05782245255299993
63c589b1e27997d2,0.13254849747549458
fe21e0f0344dfca8,0.14149199487106837
7e0194535136acfe,0.07687037634443188
cc859709caaa52f9,0.05037589622786972
56e7153dc35c0573,0.05651669563000383
c76e1ab42940cee5,0.09095999083005013
2ed46ca4b8d10516,0.10070031644832711
ae2f86a0a6c3b696,0.0924432895321972
a05d11d463a21a32,0.057140764256555406
89e7dc0647f4db8e,0.12208093444574412
80934ce845013628,0.09245720270172526
f66422247e89d830,0.11269436432231393
b0a301739cfa2228,0.046248829385611506
42b93c5a8b628ba5,0.07880672032350383
f74f1673a45ce9b3,0.10206209169257258
2b76aa4b82e23768,0.08727080325458654
0d6190a27ee0d6ad,0.14976494529568746
7492fbffda1eb950,0.07430023797034961
35355c2d5692cdbb,0.12386273019528356
de976dafed9c0fc3,0.13763605642694748
e2601be919261723,0.047770379629745376
f56a91dde5defb60,0.061390430379194096
1a9c207021895aad,0.13637898189405062
86ec8e715d2efa2f,0.10185178246507687
7762b73652848f92,0.09264086207394116
ccd34b74bb18d71e,0.12492421539114222
eb6c259855aee52d,0.11244530643396305
7bfe956eabaf5f10,0.0772940235248788
38c6063d22fa4f9e,0.1601715830704902
46b7352aa3c8a1ba,0.09822170512289859
049fa3f6cc3a62a7,0.16562123462998748
5f77b44deef47d28,0.04942757583341009
27462f3d6cf43575,0.08684375719008434
ca854373b937b419,0.14207873658181758
1f6eb5f2da254111,0.1407105181165479
9262bb44aa7937b7,0.08705876984232797
d81678051b65ebc4,0.10163380015920014
0edc1ad07f4aa86e,0.15850474957230198
a8e836b90034f123,0.05700194856838123
c729d0e49b2411cc,0.27771200234872695
db925a43365c86f3,0.08684120823659867
1cda28c15e8e4170,0.12544583619586827
ef5a97a20c5118bb,0.19589889376757053
4b990b98ec734989,0.13493982637222443
a96f328dda3bc98f,0.09199315178112427
b467b21cee5c9a57,0.05087689574499101
8c1694e84b06dad7,0.06958836002351794
7b038881fb7ec965,0.11093043983050675
60e46ceca8ca6531,0.06489026527604072
be2e51dc6bf61727,0.15763601416308334
f1063bee63d2cbd4,0.08174600809920542
1a3d53e660017625,0.07977415143608829
6db1dc15ad1e28e3,0.1644104446028038
34f0bfc533c2a23c,0.09394002809981343
76e738496305310c,0.07358965626083518
a76e95f0a09b03d4,0.0391952101596755
6a0d13d3e413c0e5,0.053710158485909154
e002702b095c4d9b,0.08473818051204424
435eb85f778a69f5,0.05204842653984954
5584a339491f1a03,0.11434395322061323
9a06cac14b623965,0.09738654273319407
b199a982f9480beb,0.1719596725754132
e32add368c6de44a,0.06980028051855981
34824decbc66688c,0.07423542602756392
070711d7fd9b7ea3,0.11238071776523563
a1656b509ebf749c,0.23465059076765438
ee96df140d42129a,0.21979620352663978
09fb51e0fded24ab,0.0852864802541042
77e04872ab10bf20,0.11505712223459015
6b34ce0940c8c237,0.15905796163316754
8b94f16483f351e9,0.12908374663982855
a7d4f13860590306,0.0446833594565442
66537bdf81c41f46,0.19030259250624815
3014fd36c07b8950,0.13163056528028197
789380ce86c031af,0.16829512252939158
dbaee9defc780591,0.10822392429999028
bad0375f198257db,0.05672492027236222
a7b766569c6f66fe,0.07166116802544394
efd3fc92b86b90cb,0.0990269107594987
3ca6e7825d948c12,0.11351087000398802
5c73fed8f1d584c0,0.06677648293788635
cb7f45c4ee30e84d,0.10220095303308326
aac70ac68209f1cb,0.14046255883929956
fb253a15132c7c36,0.12483813657105151
4f1ad3d1864799f9,0.163119375798216
06cc890b7c3abdd8,0.05800461408367561
48f5b50b05af6685,0.043632933551772245
8abc163b25fe8f16,0.048596115609765476
5220ee550d303425,0.1378354836712967
8f7e85307eb35706,0.10188995113108534
dec525eaa4588cc8,0.12921045138503542
8a7aa7c3acead22b,0.1216218884515106
0618f0627df67711,0.12924667855011762
5d9929a965640bc0,0.09730217795922518
b45f8124eea44b5f,0.046504917992330023
32e371f83b148fb6,0.16434488249918996
83b9c322c9febec6,0.09206593779910739
8bb4d82df107f45e,0.09632726726039435
cc28d0d6ace393b0,0.08462066107315562
29c17f03906ad1f0,0.08261972399233983
b10cf30c243ed8c4,0.15552135971698636
85c180d755530692,0.05681560360299354
e9478d4c11f48523,0.03609154737581908
329d63bfe65d67f5,0.07521668812210548
4e7c7fbcb6fde9af,0.04387040963429458
1f2d4ca7586d9ef4,0.05900267960876973
04ff2418e503eb55,0.14562444092967355
5807d02f74d22963,0.11375186864579478
23aa15ff2408a5ed,0.05586177033716938
5c3fe62807fba6c3,0.05544737418768345
c97a3c1357c537a3,0.11268120766834717
bde91246f16123d6,0.044015395425023335
dfcf3493677dd9ae,0.04450891411552168
4a0cb390212d6320,0.12445552034431161
dd48f98a0e7c2640,0.07212152902194327
21669e26853a5beb,0.13271383462400044
c4c279dadffc28bf,0.1499049860872891
27f99b00db0702b4,0.046069713681087386
823a471435809e0c,0.16743414374241553
36d9872df73f0208,0.11642439590814029
69b691bd3b11f565,0.09958188619506046
051aab7c376493bc,0.036149368633079056
897a042cdd939f4a,0.17566854137942708
16e574aceb37758f,0.17031656737775136
7acdad670c7e177e,0.10239763643840905
af7211a4b66028fa,0.05764118854947833
3b768875237c8195,0.13192607974639511
a9e4e55b286f1971,0.1189443010744694
1e42f2e9ad67815d,0.06511394301262434
0d527f8f008f8efe,0.03727805585209435
4c2ccade1925c5d7,0.10978714690339035
b3a98dacc0702405,0.06613536177290535
9b8e0f7bf05d953d,0.04411127001312486
7968527b42656286,0.06088335352154046
caf14438584b43fa,0.04734107033392095
31e140000e0bf36b,0.09379063485216761
336acc52a893cf2f,0.09307079449494077
bce6e39fc4407c93,0.05033964466766302
d5e58bdbf23f01f5,0.051425796646982436
1ff7a8ec347ef2c7,0.061168475352742835
ce432d29b214887d,0.056677222283541696
44e820df9233e162,0.10177644274102143
fd036d6641276c78,0.08124558309842977
45c36909115a7b3d,0.1449373771837852
0c18ad3d4c7f25b8,0.1432267762271293
4502d8fecdca43ef,0.10867976332190454
9bf5cf3ace55851d,0.09353231890662893
0e04a1cc15af0b5c,0.04141698479199691
86bc772734133e12,0.10242101809035077
76fda8694024d3e9,0.13338660715346526
d244839566b6672e,0.09588933344533361
e165495e76c8691b,0.08739442612032518
18e8d9f4f0ed1ffc,0.059758163484016635
c198ddc9a1a0f0a3,0.04239901290334432
4f15b2cd5370863e,0.08539178342785335
5b71a33a75b4b41a,0.15301079347084942
85211a41d91dfa68,0.11335773904356501
31c3ad8e554acb99,0.09927227817780926
f05e3b467a207ea7,0.031113762618405972
20eea1cacbacd917,0.16955228432258618
338ac2331272bb7c,0.09988790517095984
e6740f272d44da83,0.16952130003115387
9368ba44560c50d9,0.09252900236581663
18e4039723086124,0.1105662397400473
c935d65cb1c5cfc1,0.06755498876788354
dd819f141dcc8319,0.04642672107444503
90488975d041fada,0.08887351979860181
a5aa463adede1f1b,0.12336274528044011
872ac9ef6cc6a618,0.05855929679307955
ae4040a11f651b1b,0.08894511252358024
468c82067304eb0a,0.14188176915904022
cb460a2bc70974da,0.049688875519319685
366ae30bce6f5b98,0.06392306721677547
7638518d282a3163,0.16518628888720913
633878cd7103f469,0.08787964426338829
73b8cda0da8e3c6c,0.08193130587103682
b24a01610939d7fc,0.04249235648483058
99024e3163df7833,0.17021780769447012
f67fd1bdae4a88b9,0.09703740584718284
bed6a87757540498,0.08226904282604293
97afe9a3ddc497f7,0.0505582020466765
dd9f348a3e019188,0.09832847447796127
34946df4f3dcb0b6,0.12699146034349804
9444819c9eb0c9d9,0.136501525168136
fb4483e1ad010ba7,0.037074769882135004
00c68b30c299654d,0.10091096346072238
72515cd3d8b3aa9a,0.13162276262013814
908510f96be347b0,0.14499811445684738
99a21c81b1b48573,0.0917279146428811
22f68a423b09a5d9,0.040523638118468784
e7f04cb37080c9fa,0.0376927434123337
dc02fa202a12aa6d,0.06433213898794847
10d0b7f586529eff,0.04412065819081885
ffd7b011eb85f998,0.09654247273556578
e621dd32e1b264df,0.06185397419979896
4af1a1f24964fe8a,0.058382130620715456
811ce0830dbadcca,0.04878311007821865
19f0e848aacfeb93,0.1243311020372353
8d3f02ada61029a5,0.13202290806294034
1e2a07a17f935db5,0.045661674282175525
32328db851b10b18,0.06957513991214637
9ee145457cc792ea,0.16949949220579186
ad8df560233793e0,0.058369695341708126
d22762aa0ca69d56,0.10885740985364507
f8355291593dca46,0.14832210970744086
0c612654e51e01fc,0.04348594394022711
ae7e23426e25bea2,0.04787944676013974
e009b5beb1619a81,0.15502883806377543
520faa13a8c7065c,0.17107926953669494
b5f1a39aded71e0d,0.04272124607599324
de6cb6bc5b8d1640,0.0969878223148603
d51fb6ba7bb6913b,0.1825654220834141
a1375923af03ec27,0.10650297314621826
8c4b7d8e2bf037d3,0.07988776481026687
681405cfbc0dd97d,0.08839093762523077
992164c7365bc333,0.15101997913427787
4814a10f30ed6822,0.11120956214707307
f125562b955f34ac,0.07966584560666287
8665c174c23e0232,0.0782730133089195
c03010cc5ef028ec,0.18798950425877647
d2cbd396091301dd,0.06577600843905336
c5b700f429ada2a9,0.07329283235987917
07d97ad7c5757563,0.04972871020724962
abe88bd25b74cec2,0.23106054760625247
b5242ec51fa10803,0.06371535119552131
504c204a4b07adc1,0.05405461859808541
eb3e885ca8381431,0.08902406222572133
88019e77a7570235,0.1613437445954915
4f5b5ab494b7fa3c,0.11075912975831677
ff857c8685376696,0.12330488293869489
c97ffff5899cdd5b,0.16114368305540772
06d8545946fb794f,0.14653253985397452
86a18a847664c8db,0.11437878451241824
236b7caf60e83702,0.05602165619658294
b7362d1c5e6ea485,0.08140065311732504
75a194abbc3951a6,0.13498994115702484
0739352b03f43601,0.10113889398145154
d5fb0ad6dfbebd36,0.04811619364423008
ab3267950cbf32e4,0.10114576348061388
061b96409f1ecea5,0.060751970773831064
77507cbfe35570ee,0.04175005463511198
a36af5b550eaa873,0.10797689136327433
9ea7c406af2ba7ab,0.12775663501862106
f67f1e53508bf00a,0.17506947228858716
c1e4dc287c41d581,0.058520605607563725
a53a53e86b02f37d,0.06543035208741241
608291782c527827,0.09531258479496575
d0ad07399c84455b,0.10547442347926676
fc8986567718f61a,0.18614441886858404
5dc1fc6a5d643435,0.13340233129276471
5c05741c61417dc3,0.08622881509507786
d702bbe78e1fa189,0.04349401011689124
e781540ac8518204,0.052389389043745294
7dfe0b8686f2f32d,0.12684444709641396
150a93d31aae72a3,0.07510910816323488
6eef12e9a09066d4,0.17095751653204203
636152d21bd16667,0.13175632212566327
c7f6af439da950c2,0.04791885714761801
27acdee466fcf485,0.29832384177637983
a8804fe9eee0fa90,0.048952402647747646
6192ee4938021f38,0.13839000000225224
fc02f9550afeac41,0.03996556107698053
7c9ba87d30178a3e,0.17054760470079625
a17444b2e1cdd78a,0.11387618570163228
83df6fde56cebe4a,0.06242395161594364
b35110acb0de3b77,0.16532563154635013
9fc1dd40acc8bff1,0.15149229317172105
0c521eb5fabcd49d,0.07369806277290968
e081802079fcf55a,0.15017220543175736
12aedbe868f79776,0.03977922682236509
be8a2586f0738799,0.1337573665483273
077d63174223dbbb,0.055443868869882056
bf95a5f9268fccfc,0.04622062637963436
51ac7bebc69eaad3,0.15039707243656686
823b8b0cbed56665,0.1200835880585333
7b06037a7dc44eab,0.1993457476907969
c3468f13ce305a3e,0.1885388198063196
82906bbb278815e9,0.04464558728149772
26d93d94ea19b1b9,0.08133471557605464
d59469ecf7c3bb29,0.09042745389197203
7db5fdf7d9e7b81b,0.0824466445552653
251dd43cde3297db,0.09271234318918953
cb1945985d64f4de,0.06764536598120406
4eeb92e907af170f,0.08150758393148132
feb8fa429dd67ef4,0.11894464115586001
4de67c2419537ea6,0.053041339813367235
538e4f56402af36b,0.16839360204677611
a4cf878441380a52,0.11723066524862187
96be7b3de04ff62a,0.11416453652098675
39c3d3887c8c1a94,0.05095574045746288
1921999c1eb2c5c0,0.09501360129384175
d57e9b30000ad4ad,0.12780481244994996
7c4dea060b3cac3b,0.14120758573705686
b72576d562bd56cf,0.16149203838668502
e1b21c89aa287e10,0.06423598381935523
ea91d426f07b035a,0.07154397106632464
e3fe0ea3b0e68165,0.07165712745244918
733a4e55740edd52,0.14689862952640612
e3ec47884acfc533,0.22462348806155696
8b4fc284f4d71fb3,0.1287588152923282
ecc8c2db5ddf594a,0.039785035665056596
6a2e9bd8a0f89c66,0.08054423322320926
330cb959caca2412,0.17907119193953122
d9ec4fb651c85ebe,0.06937886465749711
059f9fe46af8bf1c,0.07650096678236055
3a4738e51c5cab59,0.10511739428926843
2defc05f8aab4fc1,0.17573265442426314
5eff676251527676,0.04141923316383659
fbe244ca19447d90,0.09858623722471173
6a795f7ddcc9922b,0.04983874896096908
31e47d59215b37f6,0.07419980264857097
dc507cec24e10ba0,0.13885407128641636
a6bb01f0933df044,0.04640716556219604
8d856f853ce1deca,0.08789063353295024
6da96325a4517519,0.09199748016253696
1154f92cf57d2532,0.04454655730365708
f6f5511b39bec2b4,0.041942036260622734
52b72c128d8d91b3,0.1424085732962439
75e7fc7c7ea0f472,0.10966749200438648
197817ba33606b5a,0.0892351656594141
c1951ebb86cb1446,0.14957682517751208
c4c41b18d788438d,0.13443471122870365
aa26bb9dcc890fe2,0.11599665774254113
c2c4703ee4c876c6,0.15707247202869054
4c5d7e0beffa310b,0.05026379766914651
83c908bdb66cb2b3,0.11559654601014113
f5402da16c14957e,0.06986274564972556
2ab80ba80d56a41d,0.10913107919180798
1c6b71fcf804ee07,0.12524040249398163
2f3e4501cfcf6dfb,0.09188612092315766
e6dae542e381015e,0.05792915342431057
eec4124d10360067,0.052458059603596036
9105a2588a4a2770,0.12061881672920287
130f75788d8a46aa,0.06815689601031794
8835b5e539659c18,0.08403676220455443
d219e6e0ab855f68,0.1091748169414042
0723230fe86de14f,0.12726126606814286
e81853b0b0f8c271,0.05794378158014788
979af46a1f611253,0.1286055036491948
945f78f066a99193,0.0788475751551916
9fd22540f39891b0,0.04762673981808729
2631c1e94bf99eb0,0.1469278381762764
41d6c34577272404,0.06294502392611863
13285c2b73770aa9,0.0788767484582747
1d2b2b68357f4992,0.05640614736719438
5e3172665089f4f1,0.15581960360780148
9f7be9231e3552f7,0.1411485711350768
6e458ab88b4204e1,0.04872721630684052
10739a7eee3e87cc,0.05763241032042311
a326839f328dce7e,0.1576925138584269
2e706184335e4bfb,0.17497966264142603
e10da35ed5233e23,0.046247052317178815
85df2a159bcafca0,0.12050057437562112
7e459f89aae58555,0.06864837537991066
c5733fd52fad180c,0.11606615639905705
d78be06de4424dc7,0.04156601566248874
af782e55eeec3b26,0.18319412510960334
a5428b7d3e5eb0a2,0.07417486876525352
8d920a6bdb004f92,0.20942033014530168
f4be0e405024df8e,0.15283092801965603
d5059f8f88290d5d,0.09434140777805304
e368d0170d51ce4b,0.06906846776999585
d8ddb30bad626df3,0.06310438223431587
d1e892e5a070ad3b,0.06087938178150082
8a30b24e45c8dd56,0.09459875430172611
7616820e7f2f060c,0.045414275040811865
35bf1de33ef37b4e,0.17614219418992846
7fc73341974a9c57,0.1719042709820829
9f5bd41b72cee0ab,0.065355329105885
44e5daba8a615664,0.14510401377689366
6a29aa78116608ee,0.12299868843495197
74c36fa527d5e914,0.06158206593045342
65e5065a97a00477,0.0956837551327007
2bb9d6b7e64b8108,0.046226666128182166
297129de9133a71a,0.05151067838618626
e6233ca37ff20ae1,0.11114399789538947
e6c230b1db202085,0.1649804361811412
042447db024700a4,0.05323422430591492
5347f880cf1bb93b,0.07698984282284395
f7f2f5d41652f6cc,0.03995326810275993
71ccebe269774017,0.04028246108638181
5d89474915222841,0.058899383175312424
583b0f485ee37a28,0.05910158213618044
cc5a91f4a1b878cf,0.1941448978063951
636604af09feb6f9,0.042755015566891076
9149bfd2414e1f06,0.13708349835879072
69c71a71af3a6a93,0.059932409048247905
5cab1ef744ae1f07,0.09310376025640203
2c01a13c5bd11b48,0.09514719299534134
3dd5148c39f554e1,0.05126217779220229
e55b6c8712632bca,0.08399348028346225
1e70f997f11d309b,0.07205127017194245
0b5140a69c454fd2,0.053759313866061566
bf3433f1790ded45,0.12241920440178251
848bb9f5e15ea664,0.07675295242078828
ddec6d5fb5e1d8e6,0.15694433477323264
483be22ba816efd7,0.072163656733618
c5e5341d9853e204,0.07505119253437743
21afeb4d02745cb0,0.06406792858734105
214573582fdadc69,0.07444415698900612
1584cb670481cd0c,0.1611733792514111
a5b74fec60dff97f,0.1882322054364688
500761048fa68af7,0.11171106259475354
17911ade8f9db4a9,0.10695384291198066
0d5e4ec73265e718,0.12852681815483386
9a23b511d19c5b74,0.10589535004447724
b0a68b6e9b5aa0fc,0.11152566591729222
f2408ea825dab651,0.08427357029384301
c46a0253ce15db70,0.1138880751179505
280ee758ffb1d1f5,0.08454466888740697
f120c6f37766ad60,0.05117695334436578
f0bd6e897436f50f,0.06643602768946996
d9838a74cd5c15d2,0.03952963106481605
ef4f4beebb23098c,0.12180740201946476
81e1191f9eeac89d,0.09316072375142108
38a4b85540a1d008,0.0558134538541231
583c98e432bf450e,0.09536699027571555
9319566dff410e11,0.08174289133525466
967a61a65ca3958f,0.04157761481071258
78d063e4b7ce7f7e,0.06812759697025772
d2f8e62df2e4ba25,0.116330832540813
810d2f780629077a,0.14906167994041908
3515d882b6639805,0.11048071005842934
11e50493155c9e73,0.20816216567139212
4ed708372af004b4,0.16612164012075115
c4e45da34ddf3b44,0.11561363082405997
c8a93dd49c2a92bb,0.16307359711793376
0db19fe44a9a780e,0.04330065715139384
2b3538d47f1c15b4,0.0532826128516831
c3310c72d9734462,0.08456937558477652
14085746773f19af,0.047690207002231526
556db80d967a1693,0.07952954004928159
43fc5ae409f4f500,0.11661714998103147
081a87f22c3b38c2,0.15740172611689698
d375cbc133ed4f4e,0.11278421385722705
5ad546feb694ad21,0.08666870159387424
4f93720827de0ed1,0.07886105824074689
3aa17624d6ff3bda,0.046734538442269526
9242e8dc12c52248,0.11231267349025702
6842dfe6284804e1,0.18138840341680174
0d73a6a834744d44,0.08539141451069389
0830204cd861c6bf,0.046910769636784456
66161f0924e78225,0.11968725066142837
496464a4d50db8c5,0.11203338838300407
06324bbe66728955,0.16172588813937938
14f78d4e391911eb,0.04325453074564429
2b82c80f72759096,0.0648204393458154
098ac1d81b9e8c1e,0.1486411191678948
1b76ea6cbf734ce4,0.0474928453118827
0500bc92e5b55537,0.05523495386309197
ac5aed573f280b25,0.08071116096279987
ea03975f1d5baea3,0.0708878498905991
88b17a552fbab232,0.11239769014727378
b8de7af9fcdbf382,0.14574241455517103
1200abef5b424cb7,0.04396356028422954
31b60e9d8cfa862c,0.049174402844063846
893db3bdf6bcd36a,0.12105397479222003
ceb6b035da1d3d7a,0.10215867869700339
4ec436f2d7284b90,0.0622240547223464
8aed9038981199a5,0.07583911754486684
0004c2d09b2a5399,0.10061276942503185
5205db0c297b51cf,0.09528848693866727
fa00a8d5645e29e8,0.05163472155267441
e059a125b2f75271,0.14928982727339013
0a245e9039a475ae,0.10408813145976852
f6dd2588e26ea334,0.13246020985686344
973b401c5b3a29bc,0.0786697844802426
3c3d0acff02d8d77,0.13837083769538308
29614e0f15db6e61,0.11203361202988481
59556138531e1193,0.058599357292979826
6864e194fe467f06,0.10532718827143238
92d1a78a0805f085,0.11254790954375211
673c83d5875338f6,0.14876589910361818
97b9da49283296e1,0.06104337150571284
8e266443d27cb222,0.08193709074439853
01740ec6cd7d3fe6,0.13275902272622433
bf22ef3c96b1cf8c,0.057106279313286525
eceff6a46e6bb846,0.06125393990277735
595cd3775c548381,0.056337494185591745
dc88015ad74c395c,0.06093826302616184
1d829ac1fba966c2,0.06430147599246736
7af5a547c0ff87df,0.05928218542973395
42082090188c20fe,0.1568011802262739
f7c6df36a4354bbd,0.07719426669383851
fa583dbce17dca3f,0.09499662445543104
31b430017b021b90,0.15324914676021836
7efc9cb13b2def86,0.18284101156378965
d06fda4e5bcfc129,0.22629407944090332
72cb2bb85767bcac,0.17994776668944665
50f1226e03b9f878,0.06498404543113728
24eed0e6d7789047,0.10637443374099775
d026da38fc55bfdd,0.06489752869214942
47c591c2bae2052d,0.09918974577979196
92966f857e0e8aaf,0.06193854784769992
56b22e07fb9e4c9f,0.22374642267944791
95e7a0024d29a8e8,0.11556094926030984
77413f2ce0fc0b0d,0.0803459853555169
169ad5f354082bda,0.08516953025338973
cb6a3ddb00bb4caf,0.1630819239522345
c1351ef23bdee19f,0.0669064032346391
23e0eeea647bf809,0.09589661774930473
52cb9f8084c2979d,0.12371510922128842
7f071403034451bd,0.18304599036575916
64c6b8a675d8d210,0.09281099305643642
25bcfd9c6c4bc119,0.09090229350947772
68234d071437f6c1,0.04695282739577438
cdba54b09ad0a5e0,0.05307890335691665
8b2a453d25a9793d,0.19733941276645417
379b3cf15b5cd618,0.04732036001719217
04f8b3d8fbcd3c09,0.055903179669488066
8db2aa7a87a0b0b0,0.12623440855324494
09904cf5297e4c52,0.1252531635009133
e5d6021439d46003,0.13535765322648374
87a2e4212129d19c,0.1630790007280918
e218c57596992271,0.08926875261577343
18b98da5b42722da,0.09088732104371884
449920a89db3ac7d,0.14190521690111765
9ce041cdc0639315,0.1317053314288261
722f357fdbd5c880,0.09732235278685124
d468cd43dc6a08bd,0.19041715585212635
9700c7a3ef819ef3,0.16117489150061035
b7f1d881f8c72980,0.04645023362384964
b23236c476c94144,0.202431051926622
18dd1046074e1b37,0.0837425022287161
55f227029ee88bf8,0.07336841223842797
5e3b8e365345db58,0.05986670861573909
d97a5d6269148ed6,0.07516770444825872
ec6dfb974b3c0b88,0.1511314558677768
7ff4153e9bc66bd5,0.15244347464886632
70ade30377aa52d0,0.10683944329595463
e81c74c9a5e64310,0.17956287274319868
27609b892f19ce38,0.0548613320368621
665fe4d9e267c32d,0.1744000283943311
e4efa861a25c36f2,0.15365693970878436
707cf306deb0ca20,0.08089790915108681
53a0fc682407a107,0.12954801299079402
4bd91ec011ba7743,0.05414490460349417
3b7c880189ffdf65,0.12810095210789327
c5f1834657b1d9a8,0.12443417298918376
60a043d7036ea402,0.06420950915464388
d69dc65f9a8e3647,0.1028956292073084
c3978282c1335961,0.1237373594897559
248bcc5d97740cb9,0.08472258244892573
ba074101d0551828,0.09696816593883488
f22fd6cc76b9eb99,0.04158141174764841
cad3b5acbccd1a75,0.045793309120967574
4e3d749c5d0d8b99,0.12854098727932706
1024028ec93908ac,0.27973565365303205
db5f96700f81e32e,0.13993680440279474
d00456f5c537affe,0.058390013296782915
ae6c9a4ac1923d77,0.056253532562917354
5c4ef0457f9b795e,0.09424032265957709
a36087b510ed1bbe,0.1648190319753516
9700dc3668cb0d40,0.038931476921759425
e404394c28efb780,0.09296218775059506
0720a1b755cf55ed,0.10650754144557491
035439e10d353f33,0.08049197715629307
53421be12c0c7d0a,0.1307214234249232
c76422f9c7f1c224,0.04300742548947022
ca75e192477ae30e,0.06866904582911446
480e9e2f5f6eac7f,0.1254892310114771
b1b0c9414a07e81e,0.04041920112973003
e09f31da0edae6b7,0.06315891357023246
9386dbd09f1eea31,0.0765584210238732
4027ad13f744ab47,0.17236737089814946
dd57f9a9617410f2,0.15211932352536897
53816ae08db4500d,0.09054170784785148
d39479f04b318c0d,0.1235923714674551
5223cd189c2850d3,0.0784987207814264
8c0a9ec776187a0a,0.04175779370094466
387c460bf9c82eed,0.1090987412060721
1fd31e1faa118ee6,0.04944936551653015
49fba05cb591b00c,0.0531061145751327
bd80ada68eebd0b9,0.08322067061434714
0e3f686f072a8a0c,0.06800085424783989
84925d826d461c4d,0.13534052491261736
a7badd0bb8ead7cc,0.09707412923923592
e2c838fd32fbb729,0.07784337996672937
3a6cf220f53b4cb4,0.10122302630885811
9dacb79ad9fcf34d,0.07172979948079476
92aa4c1f7f258a86,0.15398946585625084
c85e22a117db207d,0.0488418368115675
c5acfefdb9e64f54,0.07422066009129763
26015640e05a3378,0.07567902523106662
834b3501453f5c5c,0.1181094939928851
42af151534cbcca4,0.05521111294353226
6342222ab4bd07c5,0.16230433971896094
cec95d0eb86b553d,0.11458998982991386
b4129a57f4c5c1ca,0.08807601418822347
8b51d76d9c838743,0.08424393622379041
36d6124fdfb6b5fe,0.08340357368521505
2212f9196bf749b0,0.18633537912740525
fe9345df75362fb9,0.11624461529397079
75774ccf0b19e8bd,0.04146335362173886
026c096720d1702d,0.14924629005110712
6aca91fcef83cdf6,0.09702377179177325
8fc4c42ef85eb9e6,0.18503143410478162
1b64496c26985a3d,0.04872130184306933
591d0017ec185df0,0.10670674358863867
028968c773b11f62,0.11997232561444764
3a09eb47d1ba4acc,0.03825743653081201
000019235d24a363,0.08606876469959661
ac5122e50d1ce8c3,0.09141054086678412
7d4feba02220abf7,0.04577737934007057
e59a3b16b4a6d416,0.14432968218267667
84a820be4f12f7cf,0.04663461880704179
2f535756a73607c7,0.21108823129739165
fe5a15197d453416,0.04206090252497293
dfe7a446a8aeb1c9,0.05089835351372433
0ba28eeeb91393c6,0.09262358838289238
6cbf1767b759c6cd,0.09998504838202615
a6e42b03d097a184,0.12538613181029334
da6efa9d56a293d8,0.13006389621389472
20eb958ac40ae3ec,0.04785237160202908
861472b884b8b80b,0.18260923967702972
83313fb5d3e30121,0.061092201518865186
75c00015b88462e9,0.20263571145446993
abad9a6070f32056,0.0909711164880855
dbb0ac574180786c,0.12846641935192438
1ff23956ddb48080,0.18456101583775472
1030748990c873e0,0.11567348100765844
3b392b51ebbe98a8,0.16659922879230965
9bd3ce96b5220545,0.05142048445684113
e80afbedc991fe85,0.20026581882004568
b892e30bd65f1cf7,0.04486986395297738
45be6aeb64cd6e75,0.07183425169947891
10b2dab220d2112a,0.1542394746705389
397e2c46ae990a0c,0.07528182865908628
19d3b02c14e869e0,0.05102678420187384
cd4dc389be000277,0.16072960116780924
fddeaaa21cf9f333,0.08012646997369338
c73cf810b1eec5b7,0.049458924955118326
2d89c6930c494b36,0.10737214086371623
731c1ccc4e036603,0.05363077547672885
a9448f44773fe67d,0.10944925078690991
89d7d09573e87744,0.14991117116505293
09a1c2b53c31bc10,0.11752354916750689
6c6319f9764e8514,0.23274221520976515
f56bb1ad09aacd4d,0.14623868832638628
a49d99323a265849,0.046716887976776006
3ee9be6434e0e715,0.11187374027713977
875debef7413e1cb,0.09427057139005568
a2d775ceeadd24c4,0.15524184001983118
18c8aaea7c834671,0.19200517253691765
df0c46251bada9cd,0.11529530953562735
aab9add2fbc56aa9,0.053115173161210394
a6fc3e9da5c8e555,0.057852776250806225
f637661db81b90bf,0.17143614127686715
33f67c649066e956,0.07501545097081162
86c73cb2d30683cb,0.10416693758187691
b5c00f8557fcf692,0.08821522897111218
a2c9a8f18d345227,0.16431584480083175
5ec5cdcb7ea71186,0.08401363655730598
0f3e463f9177f7f5,0.1246940459603525
4e7f08dff5d4d708,0.10315675679708682
3bf84009bb5fc3d5,0.17531724235967128
51395fde52e82c96,0.13408200261027112
11111626d4279259,0.08047385553927759
ae179d72addf4dc6,0.05505161210561604
e88ef89c0abd640c,0.050083556670970496
c514af589b1c5c49,0.05520786758149476
ff07eef5fb056c81,0.1571738089503868
96fcc4e5d6f59237,0.19709648287916695
28c21a0768568fe3,0.15368385719713348
73627db8491905c4,0.06927713797331045
99467bd1e0347c4f,0.03961928484399361
f68ba1afefa7c356,0.1673762637226531
f2dc825ecdbac412,0.06254634090120019
4aba146c1a03941e,0.049196695866095826
80d5d6de30bce75a,0.1067475947922951
07139bc3c4fbcf8e,0.1612704116945812
e20fe10aec859d4a,0.20622992838778342
7ede37b476b9198b,0.10645855689833335
13f259dd7b600fe1,0.05798207832850302
351f432cde665f41,0.050798718258562824
a0721905432fac03,0.1935400500866764
c64298a4451fa34e,0.1089965154378582
4498869b991b879d,0.12532459071868554
17636075cadd05b7,0.07454603651933511
f1a1bbb6f878a877,0.08546277061105297
0eb6903ad4fa3f90,0.09376312596152427
3188bea8d6f5b35b,0.14107312964782218
c4c409536eb6c51a,0.05010718645103068
d280dab3667294dd,0.10939795568674444
52c6f5f136513403,0.08093112739083382
5090d67fa1877997,0.06373094795443977
16b61b14def64393,0.13091189690230468
baafe2fb18314839,0.041277688129050534
4dd870bba94a4e61,0.07705150597871095
09dc62cfe943169d,0.045142413827666344
c479d440fcf7aa16,0.14359018082485234
8afc03aa50ceaa11,0.12829358411675942
edde45a77638faf8,0.037797903889162064
6d7692d9c32c3019,0.09120594031039474
5732b6767099399b,0.06871674938532409
17d91b5e97f3116f,0.05534268844866821
0d8f39533be9f182,0.14592575072791336
fde5949373183adb,0.17172427610629645
958e0e17661293ac,0.15719174527359273
c5216e7c4a482059,0.0551729349776142
903c649790deba31,0.046737217209834925
4a0069fc3386e06c,0.10906804648723445
a8ed067c70e68299,0.16151832602110752
2739c45027efcd82,0.09941084146290091
9cebb6633780881d,0.21303690122308594
61795ee62a8075d9,0.048975090170941114
58f2b934b0d49345,0.13880474707485857
dae79d85843b121b,0.0345631242964797
2a1568df2de08c44,0.12033144147303816
ee4fd2a6e3a78dff,0.10516182384266382
b757cce25b9c26a4,0.05624008966655786
66ff45cad74a6679,0.07550432444695428
b0017bdcd541c6d4,0.05596576506397271
a3f277c9b5c91e67,0.07226991971580855
a5cf1cd034f1cbe7,0.17984352448618682
68c1e518bbf4e77b,0.06727737318282913
39bc60ddd2106538,0.09475396730006462
6efa72d0df99c34d,0.1447018564786241
ba7209f117ae9238,0.15419579097908023
7c5bee138819f339,0.12119082554546655
0a18482d62e5cb36,0.10180224088127705
8e35efabb244500d,0.05955329855847271
43a9275d59ca040c,0.12774730296585043
481df5704a84657c,0.040531010638692765
4d8d82c65a5b6227,0.05008826865429603
f93eec03effd7d38,0.24212599062757253
3ffdcb2a25a0754d,0.11416386654618216
95109279ae9a6a9e,0.11718691172977429
d6ee9c0efd68efce,0.09431369537179914
74c4894e7bd0708d,0.09336403079104205
d33fec8f45769c79,0.11858503918947272
8fa4532d6a6caae1,0.04690878679054242
3dff5467e3be88a2,0.1397735665457078
fc6d9a8363c4609c,0.04930491312233568
c9cec12908a9bfc4,0.06846797838308025
a971fe519809a939,0.06262497135590943
5ef5d379d20d65e1,0.0971289720490865
e3fb799669853199,0.13528183153241122
6f8c415e8466353c,0.09504491212048884
6a84824f0fe20d4b,0.07527392315205621
8cfc43e4b7c26f14,0.06004204136448044
de7c6a12dea21dcb,0.12469792351883195
d478e64abc5e2623,0.11266438465395452
437101bfe8957347,0.09326728246568089
6e285e3b9740ddd7,0.1277568967567565
c3ad227a535c2fe2,0.17337521191004626
8f43b3a85065f086,0.15666677399129658
90aa3a900822f96a,0.11647107202083379
c9000a6868faa0ce,0.1503184361815401
32a000ae2024ab05,0.05026851470883536
c4605d1a5e5e5f5a,0.11968675803143151
892acb659d8cf3f0,0.06943259656142632
c69855f3bb4ca032,0.0375714715754547
edf73aedf6b35217,0.0806064843930424
8877ec8e52d1ecc5,0.054663097956051655
fa3630178cfa8ffa,0.04216430169485688
9f5f7129d1af2116,0.0756865046268287
5e7e17e9ef20547d,0.13476990057074126
a0bb691eee0adcbc,0.044947044664286395
47aa950ec1d03709,0.0717249354849567
89b3fd466c092666,0.04225295708766794
f58ae0404d156690,0.04470749961304992
766c4ba6be3c0785,0.12601518198897668
eb2e4b71d64f3173,0.16670981489329476
4912ee4332177555,0.1412070467230245
2bef19c70fa1eb95,0.061473849434882676
c6686c6fb6297feb,0.16263829279718645
67508ac580fa166b,0.11076140805370666
ff311f69cd822985,0.06619477478175574
bfff1dc879c76509,0.10130705518398225
3d1fb3f5ce631cd6,0.16868790502969966
cc268338bd6cf9ca,0.1399572989529844
d5798960a3e8183a,0.08744504874247716
11d573b74ae9ba82,0.11306388107621484
8c8705f908dede75,0.19909722304237917
ed2bfbed36ac2b84,0.13775656505092052
89361517fc2f10d5,0.18407806956041073
1626bf6a9e33402d,0.13971865159510355
549de17e617d4cb1,0.0398928044503167
241acccc8c4c5c98,0.14636662758401983
ea3cd2074cfdd18b,0.03638695313615587
3482477cef332442,0.12621863973255276
4f0e6d903964496b,0.056626208319565545
55f5ac50a1704cc5,0.10584144909538366
2754a911af5ae6ac,0.058355590288212356
f2e293367584282c,0.2103964116648919
2efb3cb92bcc9b98,0.0523387618596744
5896699316dc3ab8,0.07438657662388247
2d0483ceb9c643bb,0.11062938628377626
efc8974e6723a58f,0.07402993615952179
a6a0006f726c94b1,0.1272778566366225
6f5c59612f3c92fc,0.3271679724293732
c78209036cd357a4,0.16452908690552473
db9a3030e417457d,0.04764261520851069
99988b482a1d195f,0.14999087046941287
52e13ab6586efd97,0.1767468050583915
3e8fbcc54eca7fca,0.07687414261043672
5bd1113a10668c30,0.07139678723116966
4bef48512ade85b6,0.04970544363726648
2882464c483cd0f8,0.0620963355457456
079b1ed9350bf75b,0.11255564203503281
7063caa968c586c4,0.06766141979908304
ec19c34addb8624f,0.07521791731835357
8cbafbdb15a9de28,0.06932480109116503
a38115fdbf75c1c5,0.1115679543689579
6d8390c7927568de,0.05074321993789549
00981f14236ef71d,0.15084332772394202
12f84fa2b4c572e1,0.041054361416466546
ca5bb700586628a5,0.045175787685806656
4a7058a9b89ae975,0.06277238548519859
878bc0b3326ea889,0.042794670746218816
57f748e3454293d9,0.0970492849961182
07949795ad3e2e93,0.12887322032888882
8cfaf8d91ea4f1c0,0.06441153658199585
0973b331fb200feb,0.2991592656227469
fe33cc8c6e5126c9,0.04877515562035656
95338421b02d6100,0.14377347545114852
6d14e413603d239b,0.13108908105031608
8dd0a5354bcc36ad,0.13678143492793302
73e26e96853b1101,0.04439752357438103
1d9173dbd30bfa8b,0.26408501602748397
b8164626d047cbb3,0.10674375878384723
0fb7907993c4b37f,0.1976888326445697
59ee8f98bf511a26,0.136446766011975
0c3008cd7e493e83,0.16625369444729535
ca16172c325cea2f,0.04642336689486928
2bca85f81b167432,0.14494016986967095
22fee0166c140a09,0.19098001010356838
e2724c0840a5145f,0.08008587949554845
f36672a2c0e1cfac,0.03899358496618875
1fb583d94ee99482,0.16285810604285791
02f264a344c830ab,0.11027216864424322
4da6645d6969cd52,0.05494867487265819
44dc081e8f45104c,0.1113358322523057
2c2b2f0c44e4f0d6,0.060966065943046245
36b10927a5ef8124,0.18200560442160796
c1aaa1a11b02c7a6,0.06851476606459994
052a4c4d54a4bc92,0.1408712163501179
d52322d3a4091590,0.048153573462848674
836f3b0ea82976dd,0.08894481141766027
76fb069dc8449b55,0.11220760901974153
9c73e1140fc59c02,0.05777793465754372
ae6c780a01769bbd,0.09310332384472908
ef3be0cbdd14848e,0.05279649144115295
3599f0b9c0feb095,0.041093080756266574
88664205bb714f9a,0.04935514401932811
b978ad9fbc2debb9,0.10374297239248091
c82c9b618c165d10,0.07507218844058937
0b15c07bf352553a,0.14335644550615703
7891a28610913711,0.13496129950459265
ad4639fd4e49662d,0.049883914591923394
08bf7df7a564e646,0.0757932701032457
7ed362e9d16716d9,0.04888842779787167
0ad5b72ef7c0ed2b,0.08587036263759361
511e654ff2a5008d,0.08420984926452017
c2cd9bde4b5e7a21,0.13074856429595244
5b3e02e26bec5e7b,0.13361688135453267
89c64c8f9efcecb3,0.10969461546027763
a8f6c6e3e62d6b71,0.058506330848710486
019cc0b8962f5cc0,0.14231119743279666
bc4e4242db6ccd37,0.04814869886350507
3fff2ee4dbde3d85,0.08595720600451322
dc37fcbe553235d5,0.07748463689836156
3bd0b86bbb97a337,0.06877530907819095
4992d9bc07447302,0.062177847747475645
bfdf1c0f0ba7cdac,0.1793363033272569
a6ab2d1d53fe912a,0.05087099300402494
1891df3302c7b348,0.048791869764766405
b9959e103e10b920,0.0824607903962596
0ef3c10f8c9072d3,0.08241909686812442
a10619d97fb76c2d,0.052757479159206505
0863a38392b70b67,0.08083099299414463
60b64acaf466a536,0.12275156691938494
12e3e5d6d9c41e98,0.1380992756317726
9523154e7d045c29,0.14333842763161908
c75a93ff5b4249af,0.052315212186179565
254953a015ac6eeb,0.19184358023870965
800fca2f6db1274a,0.045257338214438246
495cb7b810650027,0.05264814362992385
32f2ab9bccd62523,0.07158503749225818
710c1a24eaeead5b,0.061475065099487136
bc05e8a0b1a36967,0.09584420786429522
7f9c858cee39c32f,0.07715057670464763
d943890ab2a0dabc,0.11329471302182119
e8365a58644b452e,0.1259223689765316
8b6555b1e2375ec2,0.09144169754961042
2d05b7a2752c3cd7,0.06588275738488368
cae674aba0ce36bd,0.1300279802331689
ded2185f98f5d222,0.14706198065436715
5aa4335a084d6172,0.1146157684802102
ea84e8283949a22b,0.14161635771742698
e05b38abdcb5ba20,0.04364101679578499
1a8232cb16668217,0.04218974719106903
964453e5682c98dc,0.0980255131523567
6220fee3bc1e75ff,0.17058208351857598
44c74ce2f7dfda22,0.16356035212444223
0e420abbb67f6653,0.24713634511510119
381d753868abf15f,0.054062632359081174
c90e0c45f7fc22d0,0.04234439239394954
28cc75a35f51a8f5,0.12934338957281258
3ec9f6c06061e5fe,0.17196196211465894
b014ddae55b634f3,0.04817009030932526
90879b42c1e54236,0.13045293691554447
7e62b4fce61bbae5,0.10199268325939954
6e384e2ddbb3399a,0.07665519770579876
6f07849a73f44a97,0.22077410793806848
f48a2f5d095509de,0.10840612437960641
ba999a22ce5b3fa3,0.24128660494332457
ba9181802cbd9401,0.1596512037691036
bd73bd26225890fa,0.05293547786666863
64c38fe6742e3036,0.05691984983707998
df243043992dea1a,0.11475059554975997
0119114d3ccf9eba,0.17360379930331535
f21453041c1dbfb2,0.09952228848942679
65850a53164c135e,0.052442896344966405
48527244bf10d792,0.07603125740663663
cd4848b0c5d09b82,0.09695723699694991
d29250c293d24f3b,0.11999216785787303
8e49853ead7a7782,0.06325554780548702
c4468c09563855e0,0.08056793132805395
06fbbe29034b7d22,0.05051963784086519
85f4de85a28f72e5,0.14251918890868104
61a2fd323396df30,0.06403201198197024
57131a5c1fd27b0a,0.0833953658507255
97148caf47baee80,0.1143825945423067
bc00a7f9820c18b9,0.055538463605008664
0774fb3a81023543,0.09420923307506461
26fce92bc23cb74d,0.12591045829100592
c97cd71a9a738f03,0.08764043375866425
e241738a2d4f1fbd,0.14332491814959214
da7df03e550c90ab,0.07621495830643159
35c07da89ceda890,0.14208644207697232
5cf499e1908cd296,0.0899573576639154
d8e67e20d907c472,0.08217505384761194
f3135343f9e7c1fc,0.17487056703190154
35e24477ff3e4121,0.09174264218307049
ad3c1d21283a66e7,0.10906557662213238
fa88a2d04837aa67,0.14430412666128423
3d8cc5538995bbb1,0.03631055786168414
2cd57b0959ffa8b8,0.06895824124190349
abf05406b1a91bf6,0.3006963276030827
0f7b3fdc5d781296,0.1658465858424328
03365bdfcc4be998,0.06495986166352773
b46302fe840c3d5c,0.10176847341519905
b1f966468fc49840,0.07888256016823149
6adafe7e6a6e6865,0.17473121602896455
e92c7a5333472aa1,0.11135418229821648
7eabeacacbf8b37c,0.09507089080492066
655d9a938cd682a0,0.2600821745537078
a26607cfecac0d77,0.07162577294293014
8d29e784c2fbc4ca,0.1899673381280825
0552a72825b82f4f,0.06688158072212531
8db26f10038d6705,0.07362356718455441
0eb4f40d8b4a0e29,0.07157428297332587
a1caff7700882d18,0.1380988483763826
ee70a37197156928,0.06086977907217004
6de1b2f62b6369e2,0.16959065605962562
9c2d074867b45c86,0.06572678504238093
36c975ccff63cd9a,0.11580238403699779
eac85b26c054de88,0.11941022144702257
318d374ee2d57a71,0.10340996815428305
ea743176167975bc,0.10804588989361896
3ab9fd28956b4c1d,0.04965368118706145
478582ec139d868b,0.11297158781948602
fb9d44e71840eb0a,0.05642174367696682
bd4fd0a37b2b9312,0.12180412293455901
5dffe03302a0fce9,0.17107168035988748
d94e1f4138ee9631,0.08420448057061246
298ced22f474a1c7,0.10721546463699122
0268d1d90c8858ff,0.08178279907363876
84cf6eb7514ea305,0.04883768054905487
95d0de11255bad7e,0.05367607326949638
9df308f6f0758e94,0.121768828593159
b0fb6fef1f3a5762,0.10153133220613746
3fe46d292459737f,0.04207876303857875
6bf62b52eaee324d,0.05418308646447794
8b6a50f8f0d1474f,0.13807204254751032
89833118f346eb37,0.062228289273753616
48fd781830adf147,0.1748708501103262
209845b666a00820,0.0682095441167111
f23faebe09506cb7,0.12430234135431723
5f9584bc58bae0e2,0.051460733870390026
a08d713f9ab75910,0.10957068626212423
5c4f577995e30921,0.17403337651529072
db21d37dde61a7e5,0.09287823366264958
d22dc3977ccf9208,0.08714258177163296
d0fab5e12cd60c77,0.04841375769121342
5293676c6774f75b,0.054213535346654684
d3ae1f0b7031a78a,0.057454237719154345
bf57f1265cfe2fc2,0.07352265936858839
468b54d83b570a50,0.0616974999360653
134c07b69f25f030,0.09619444066033793
2cfa14158d7d3661,0.1055751857536024
a87b1a98b2c48b05,0.08024596416671992
c0bed62168e9892d,0.11497957845425248
fc44e0d5137363f1,0.0761372610813908
1247308f81ebf41c,0.038056182509351076
083caac4b6cb4eba,0.13437168024824322
a9d470ae3ce0af34,0.04020105038751049
935c423d001e7dda,0.06439558698266068
d096b8795c71a6e2,0.17365965829219596
2acc0dd1e03e59b3,0.08422892231039504
bdba30d6e4c5095a,0.07567468428931784
57b0ac86659a9329,0.10797280252393449
23d831dd1ba487be,0.04181189141164773
628b14a47b392334,0.13029041468435312
76a400c7177ea365,0.08145689843640593
86ab9bf8f20612b3,0.09307497568027234
fb26e948e7444ee8,0.12864609754519665
367ec7e6bfbfc6a1,0.19097575688751375
efb297fa666f7cca,0.15410714134582496
0a0f715a63ed4738,0.08038912848448602
00b759c30fbbcbd4,0.17261463654414158
4c133deea22458f5,0.17771109371295082
b354cc89789a3136,0.11826194858303914
f3595bdad2050118,0.06523776736942867
2171a4f574746f33,0.10151030103436942
ce89301fff62a739,0.056123543096667027
f4786178a6026169,0.08674345904433357
e1db1fa3be2d2bde,0.10828794835000465
05b896a0d6b00e98,0.03301839837239615
89658e4ea0b49c47,0.15759935167326075
db78c841ae5796ca,0.06373203373003816
6af4698b636d1c84,0.08149950480657024
be3f82b0567a0962,0.056893871150468726
1dbeb642447425a9,0.042637596712485626
eec325cdb9dc0154,0.1134350212370937
cab58c1297ee8294,0.08934955379831368
97e9bafef493dc0c,0.07528529993954372
c738edb5352110f8,0.07247183357979146
fe298587b58a6ac7,0.17288579684113617
b01b2bff457f7030,0.06787703008879908
599065c0cda14c65,0.13624165902128635
feb91e47c3d327b0,0.07635522690799229
1b0d5c427077f7e9,0.09479081976089869
6c1338d0338c0bca,0.1519283528761898
aec29f6d68d9e001,0.0421227366950071
c6567adae6722bc2,0.1067000178366857
c6e04efe9811e16f,0.0569570287580051
eb86688c957ec913,0.0994149450714807
a450a6576dc20dbd,0.0929395932124542
b700f2322066f731,0.1876613340329125
a4302475b7326abd,0.15354614279743295
af5f8038b513a4c1,0.0794304723081881
0d73ab8c4cb1fa9d,0.17469040390287313
8ca59ee3a85773df,0.05315660624184563
e3f7ceafab0856f5,0.054786730369967514
2445f30cdcdf58f8,0.11573790926930805
23b0f57c015407cb,0.05612349319834453
2750f1a3f3525b16,0.0510786039991949
4d1502e6806c5f5f,0.08003467170718143
9cd2cc7d553443cf,0.08267587103950978
5e314b952cc18869,0.07505292700937265
e8851ddb49233587,0.1647359948105828
6339c240bbb14c01,0.07754005199957016
196ca6bac51b24e0,0.14609920543424162
ff664b7817ef187d,0.038988462747451304
1f50f2cb8e01a9d2,0.09187652774251347
f655a99b43cc6c6f,0.05077479569767479
2dc6d88fd87d67db,0.08320239626298087
b61c9fd4a46a6bff,0.0369917610364673
478a862e9bd10007,0.09220698315053073
0b9c9bb9e3bd1c5c,0.05968497134076617
8ba72175f80e2cb8,0.08633983812672148
80bd1c42bca86409,0.08972561564157892
ee7025a20728385f,0.07913868759695064
a94a734822cd1066,0.08176200400004359
9e445d829547acdf,0.09174065308838301
d08fa8b4d19b0300,0.16469593184093823
8ef8adecee83165a,0.1341389119490611
476933f8311d441a,0.1136586759571182
fd9f323abdfccd58,0.07404752183831546
fde943f5062e49d2,0.14614728553746192
32e1723a53483290,0.07600207800838764
3189ae9ce5829fb1,0.17092595191778526
a691ae869c7c7c20,0.1879010588968054
aec6a61870dceefa,0.09603311461363735
301339e42c2fd935,0.1202320903811988
33bdb599f03ad3cc,0.0421401216514806
ef958079692354ec,0.29333756570948494
6b9de167c2e2a382,0.11743257084241121
81a3aaebe87a402c,0.06688962409418427
78734bb73a549d35,0.10622556072736473
801a31247ebc0426,0.09654101434622686
703c72ed057e80ad,0.15115794373122657
d512ce41ff14126d,0.04875844603960273
b14adfc6f2de5274,0.0931686569410282
3ffc252e11d8a5c7,0.060902199373367126
dd94c4e414636803,0.0702643080805893
089a1dca65e44b84,0.0968136036822218
95e32e732db3ccdb,0.07631421968865253
aca38e8f736ef297,0.04169079449173827
78b2b40abd748fc2,0.13046844203954397
2595c73b081498d2,0.05078189811644394
4821901eb98463cf,0.11330464879452802
81f36fdaf2813666,0.04523453954673438
1e80444ce87788eb,0.10728817792176486
47c976d0b2db324a,0.04250965555180086
76e7956f7212a4d7,0.061352243692833465
2f42d37419bdab8f,0.20866664980169905
460717034c7c127a,0.18764323002148478
f46b154a36f88b49,0.11153994187750423
af4a2f1334861acc,0.15464078593138042
cf562fd6a1ec6763,0.10437862188450005
a58fda4597ded16e,0.09140229682816181
7c5b545797c724f6,0.16666369361371283
cd2d2cade053f8e7,0.14402796225667772
0d42478d5f847ddc,0.03985977258176188
fcdbc1ca107a390e,0.15411810522661423
4a6cd78198d5a5ce,0.15239223694248863
13c39c2f8d3cd810,0.0416379526098102
c79d8a5d80e7f04c,0.0422141459975085
51a701717aef4136,0.20634595228084374
4e8d630667c21f23,0.10492163231126216
9b8e9dc382061f91,0.07424478010991133
fddd94710360c28b,0.09650460498149409
2c33fa5f3f2d5e24,0.049727609917702566
3ca87064dc34dde6,0.13416694019889697
c9d8edd3fb7bf971,0.09135366994152035
d582a1a34b5b977c,0.18790906201193222
2fd593bbcde3caa3,0.1544285284245883
d2f2308d5fd09adb,0.06448404573815421
dc6fdbb3f28f8f2f,0.13409043257471842
ba8e32a15085aa3a,0.1196347212885099
3ecab659633b8be1,0.150805185039015
80f14a6b7deb5266,0.08069057347986651
6809016a071b3b5e,0.14348117577130412
d26156516af475ee,0.08497654776762802
7946e76f5438edcc,0.13287850812490878
b11ee2ead8527494,0.1273178489314408
03e49d963acfe851,0.06834615843497789
4a3e2db752cc071f,0.21430038421393593
6e5157888073a37b,0.14080690896403314
1f7bd653103f1863,0.09256017763492465
5cc0f066c9d8a28c,0.12315317323156601
61240fe8a4dc9a2d,0.08239000242110285
ab6cae9885409088,0.22324761402065274
c4e40432b0ffcfda,0.14509563559670635
1f7fbe6992fe8f33,0.14313633422878222
94953e6bc4d48c7a,0.08929739343023484
e1f4fd779b279dca,0.16099396308107097
38ccb655faf1cbcc,0.059113176467673556
dcc976ac3a08e676,0.04055225535463936
8a586d58683ab8fd,0.14071897143236248
9d1f98568599273a,0.04237154317763667
f5a4bf16401623fa,0.18390319712693023
42c6f25951f7db7b,0.065594809089262
673b99f498fb7880,0.0956792984160484
e4f2c6820273bf2b,0.1788101691723124
8e7d37f34a1f3efa,0.1810943755805509
ec4bdd78abd81c4d,0.121341463968041
a15343296b9f6f42,0.1396593445493222
dd76563555eb67b5,0.1377160115133761
3ce8de8291ffa6a6,0.18341407482778924
1d036919bb298ab6,0.06471562192058243
9579b233e83fe284,0.056571180393235054
be5c561435858f1c,0.20039578720011006
5cf1d9bf22b73559,0.14878497307576763
d5e3e7616edfb5bc,0.0470013570434038
ad00da3aa56f4d7b,0.0570648109684442
0ccceb1154debc59,0.1377466051383908
8e2c8545bf82cc60,0.18701966086767144
d62e1e8938e1c97a,0.2113619794763165
a8dc86e602a746d3,0.281270625981529
c4329a7f54415286,0.09494758295169388
04ec4184a6a2f40e,0.12059642301375374
a8874aa6ff7ddd20,0.07557292304835628
c9a607048a5bc5dc,0.1606197470138356
002c27108f6666f6,0.09099367381960562
e4f6a20915cb1601,0.06639228961313377
bb014c28cd6924bc,0.11399205182098145
196e2f507f594bbd,0.07203045223854021
9f1be9fcf021fb5b,0.04816505877220428
9391d5f366da4c40,0.1341745676811276
3453a5ca3d904777,0.09073047379196743
686ba22e52de9068,0.056149161606297106
3553eafc050e9c0b,0.12690951167393524
edab086e1fc56c68,0.17546197394871002
d79a009be9287b82,0.09910412976731707
b86e1b1f8503684e,0.13018188691204122
9ad70763cc07c36c,0.17304784625258485
419885390abac7a1,0.038671129126295285
70bb28465e350bba,0.1536993233718125
d2fe3be15c7a040c,0.10506528618107368
df051580b1fd88ae,0.06449964464576378
799dbb3bc5de0bff,0.13732460425629567
c18575ea64f02a42,0.17276778621136016
bc265e458d29169e,0.1644029601579292
d59c94219a63b100,0.15738049024983253
0b79c6776df906c4,0.12392132400631212
1bbd089c39955fe1,0.09061216224148876
e07ee63645347087,0.09973974645344841
6795923abfe3b196,0.2154597801953442
f23bdf1e94c91124,0.07731820690025328
a1fbaeecebb55865,0.04757075318860803
bc95d3915a49249a,0.08706717006781443
c565efbb2d18144b,0.163949833599185
321866d63b3b1b00,0.13693896178636472
50ef5d8288aabf7e,0.07013831372236463
3948549457628975,0.14924704922676288
b958074c10bc601c,0.0931342325043919
f075bd7b8efbf058,0.10687554004532467
f05a42508ffff350,0.1466861618050955
3c1c900935bc3285,0.0441483887624202
cba59c1afecb3734,0.10728742624853894
013e1691ae9f7898,0.04706392386031313
ff4fafab1f01bf0d,0.17310293471608593
16a52132c026c176,0.07879486666203185
7e6dc3264a60f3c6,0.04942377292727035
fde7be20171bb23d,0.042856184955067045
4709ae8a61f423da,0.16210280630080767
f2f7edc4fdecd842,0.038016496823989776
81421fdc47bf7d1e,0.10029295436990603
e130b6363bcbe974,0.06334120996909416
8b5dc994eb4224ef,0.09147327378102693
ced09e40d6cdb2ec,0.06894061270596624
b65873d2d6509482,0.07287162188283756
d663eee7b55b1c09,0.06633007542134657
e8ac634318c1c070,0.13322076186296508
9861a481912689da,0.050685670761997835
c170f4b630a3b239,0.3088754900732387
31f66aa5ebaf2ad8,0.1191960764973642
31bc47bb1448c433,0.05263033525361412
79eacc58c9cd0f29,0.1816868240327908
32cb3b1b23ea545b,0.06724783959572152
89357b6904f7d6ab,0.08492036991016995
0d9d1cf89bcda082,0.14687857033861765
7c15e3fb5080a6af,0.07502719509275753
a8580d9f4b1f100b,0.24534716549922778
ba1c0d81b8bfcda3,0.07840496910422727
d5c76d632f469288,0.1801227668516986
4faeee72bb8b4acc,0.06736356368852632
10875f7f7d53acdc,0.06867195864510157
3fb5a4da63283ba6,0.15084557295027978
6551e600570cb09a,0.18716871009549194
6b4949612595764e,0.06993886584617993
d45b6491898d0fdc,0.07193390387700221
0c40fcc6d696a66c,0.08294438223386846
74607a92b5ef932a,0.054279958328429356
e7bf586ef35ff70a,0.06179590755660814
65e0da070f27aa66,0.06429780507388906
38a09fd79a425aac,0.10705393350920718
aed136202b0b58d4,0.07441245071533349
5f5b7b68b01d1299,0.2994198842585723
cc5db835afffd307,0.08385736081526307
d8842b37f5416b48,0.10093615273382162
d8aee4335af252d3,0.07433306451764742
00494862dd9b9e04,0.1089668899797166
95d5441c82b1c46c,0.2416080299118801
c6e492bd428631d5,0.07787465822881105
598200ada2678880,0.18707164637716656
8094f4dc74add0aa,0.052747948722893984
6831a0024a1dd23a,0.04834194960833943
d56926e610462f66,0.059718181950326875
bbe39148bfc2e434,0.13570648345729827
1a07a83f589de802,0.11608082161576756
8210d5a233d3d65f,0.038738314808168105
ef4e598f566c9558,0.0729797259447495
c02b919584ea5cd9,0.05839767501949975
68bc1f08eb5258a7,0.16206891548570243
d57a9ae04f68912b,0.12486308553707792
fa41a48959374ae3,0.06098595458384381
5e725dcb74b4e75e,0.05656436508544246
121dbf76a9cf73a8,0.1700461060444254
a2383e552a5f2313,0.051333779668967516
378738808b201e0f,0.07681823307602186
9642ee1e267eee82,0.09006764961758129
e55cdf82fcc57177,0.08349702129701508
2103c3d1e5063e3d,0.05778378842899364
02004dc8e2729e0a,0.08262443536908301
95ae4af4bade5009,0.08438139980191635
8a4e103c92d62a5e,0.15642376106537526
c4414b2ee31b7e94,0.08675311526835176
0866387e16259486,0.11882905137308068
f0b7e616767a0197,0.08285144419327907
a86d2f80a3468f5f,0.071519562137066
691f9a97e9645bce,0.043473064384215686
2f2e7662f26d0933,0.07179771944724804
72cbdcef4a6b4f07,0.11479658309815288
3ca15eac9b7ce8d7,0.13355869993549976
d9f713c872a26c76,0.10305254202634105
38c5cae3c23f24a9,0.06362499406526931
80e12c9a6e625e7a,0.1566584257128937
78211c4fb5585628,0.1480059316715752
59e71eb2f5c7c432,0.1595303416747862
b7abc4b3e6ff0e3c,0.053762527615965096
42eaa77ee15f2ca3,0.040329582220823695
bb8ed5a0931148f7,0.05150849819484859
2ca7468532706e2e,0.06836084871066976
98791c70677eb76c,0.1007207103523551
e7ec6ff3f296ed38,0.06777126354503461
7845f67130f900d3,0.1234814586477528
fcec4d0ce44eda40,0.10044168974507058
0ac91fd23085433d,0.12460157607798499
ff61891d90f930cb,0.07697456055900138
41fb4a2210a6066c,0.12548890587663156
4c7ebaf834966e32,0.04303957936924472
81aef88d712fdd5b,0.08694970787260807
36b0ae34db90ecd7,0.18248003979494656
72fff2ad28f42426,0.13155858845377996
717207649c078f67,0.05742488317751678
925d6e357d7ec158,0.14030868478970107
effe2d48627efbe4,0.08071851808259727
0577c43390d4bf43,0.33797568132072175
546cd9bb6f2ba820,0.07485343669617528
8a47c92c6443e7e9,0.12436475000819847
bc9467bdc8642922,0.0844004518463442
af91160b63f1bc90,0.1777022072579044
464ea9bea5384944,0.13201894236594455
b838b4792a3c540a,0.09791749633379947
11fd6e717c95ce29,0.1375944138476508
b1e2e5a1c0f42f8f,0.10004411050270379
222e74272be1ccd2,0.08211105162052887
21a85a0b474e45d8,0.09483234904014465
5c5c76ce21ac9a03,0.04772369691054415
98c3f3c5243d4fc6,0.05294174318681196
745be7354fe05a2c,0.04041220790192663
ebf17df229daa6aa,0.10664764075808615
14929f1035ed296c,0.1749048922438764
af1bc354186d653b,0.040943216078110745
88e44f6549d78a5c,0.05155489086424156
1a5119861af7675c,0.048861779868203815
4675a1f396e095ac,0.13629894282879632
306fd63061172f24,0.038706076986091305
68fb9067ffff02de,0.14737299782097354
93665736b22ae558,0.07698501197922498
2f3252e131fb28c1,0.12333335188461424
a90bb7ef537f3ccc,0.10947177306438556
f8c47e6a1ab0bf1f,0.10201682384559635
7f335ac0ff549013,0.061208494596683906
e9c7c37b6584e68a,0.056156107753192554
e2f8c99b54c930c0,0.044892330034445205
4f0ffae34b450b85,0.12672569777614665
94e27d2dbdf9010f,0.1749183474096397
db05b31fda1c2b1b,0.1002671357060746
af64ad7d713d5a93,0.09677805901479042
4d1462da71b0efa9,0.056879200859450176
04fbab7984c52c30,0.1537197130001496
c01a62e78e6d8a2c,0.11381509865656493
74f8579fc40b2d7b,0.060176899572250385
0eb2d3b71cf2b61a,0.13415037918234593
57788504ce4c82b2,0.12921526929890434
9e7dfd444a9f30e7,0.10164652788151811
0cd8b38e5a4b74cf,0.07054858108164544
e8c1c982ff8a6704,0.08470638386038826
36bfe943ee63fe65,0.09008785107100208
998d9f62a717ccd1,0.04376397303561926
8069d4397377adbc,0.05605980522830212
ba8f312910226da5,0.1510522930414322
37faa0207a18eb20,0.14721437151465233
c16962d752780184,0.18419381824726525
f1d62e28f903e96c,0.10125353038799184
8cab416d1f2bc624,0.14645056159223513
b791af74c95ffa06,0.1941747518946959
05b113e465a98080,0.08407930212375625
b17d9630e851487a,0.09417909094277276
92981268f9d56f38,0.1342506125586029
76775e095989aebc,0.039648059656076914
a07f4266c4b1cb5a,0.056562214431502
7b5b1f94772d1b60,0.06456438268520488
4f8ef604a40bca4d,0.06650250992584507
673f3a4c0bd90267,0.06896295940688346
58139d3ae9373ae0,0.14762738539976034
c24d1452d22e8db4,0.1077980308992153
441d9763fdc1b0df,0.1611048009323879
d2987a3199c1109d,0.1265337959672332
cab99a91ac2562ca,0.14943217097134046
df1222f0cc1e08bf,0.10121995799844041
bdb610f14d1f9c0a,0.04865190614905598
d63652d83092f4cc,0.054951954080663855
dc121e137a206780,0.08549714527330925
e5fde6a720ffea60,0.05648508274245365
52f7118d77a951d2,0.061560758449151605
1b60cd7738483c77,0.12364526818013005
c7ef81c5ec66b855,0.20592904560360778
42a4005911b6abb2,0.17676741219388584
926e4ef2979d43ba,0.05343583600819781
936393261928dd44,0.10966731577204646
90b3943086a67cf1,0.07901038692316559
80b6c2497708cc79,0.10821448095913426
dc880492a16f61a0,0.09501859306573535
363fa6d193ea1791,0.06085919162232296
11443cec444ffbdd,0.19376158852352507
174e280d8c42163e,0.1563314526383809
d7fddec00bcd1345,0.09010059335073302
2f2a0292483de945,0.21426470346124557
2638757dc8ccf105,0.05081429058558525
af967b1ba12837c7,0.07930488569507586
6cf0ebd8925305ad,0.1662939865567771
0307e7dd94f223c0,0.04283108023781542
d86f818a421d896a,0.16080010126617666
95c76aa135d94e8b,0.05444153781622585
dfb2dc72331615e7,0.14927046978933867
b488c877787792d6,0.09503681012530545
5864514fce7556aa,0.10472523536481322
7db51b9dfaa6c3be,0.04301515522146735
475afd5ca8082909,0.11611687555900829
aef3fd34396adfe2,0.04898249757519765
e93ef7b1eb85a270,0.0897946405315137
e643f5e629c7ab40,0.038628404330760445
e9234451a7ebfa5b,0.10769326485622288
e8b95693607a1af6,0.18211628915703826
362e59ee5f24ba56,0.09317702948141328
760d3c489cbc2365,0.059180410373609826
cdc43a10fec587b7,0.176488702383546
436bfce1b2e96ebc,0.1370967032659635
8364b88b9aee50f6,0.12566757266970793
49b33a422ea5bc22,0.2160877589725383
7c87edf2fa4449ce,0.03735851137342241
ae4d87302f77418e,0.06850016845140451
80504f5553a663cd,0.07968005567998347
285102ab56c81c9a,0.0980824043655472
ce75929520b6600d,0.16812771628459341
90e157fa590bed49,0.17370100633807614
72308a9b8ed351ac,0.14872957578414084
67da97f4bf5a43aa,0.05335638787842032
7a2c3503f50e758b,0.11529396563519569
7c277b093ca6e70a,0.053248021597150696
e17cdb698e7793a0,0.09488873104634087
304f33ed70c9905c,0.12350516967380736
f671940234873df5,0.1421141057028339
4c60ff51f1a98ddb,0.0717204275589358
357333ab581b26a4,0.09918759506399377
c12b50c410a56d62,0.05247191400628648
280ee73ea3f9a150,0.09852889840736516
9794f61f2b35c374,0.05594119153522306
99bef954535737b8,0.15476662030939126
164deb1fbf6d3d15,0.11316476569693627
17f64dfc919c257d,0.06597816090263973
177f1a78be284fe4,0.07555579452199852
6575a6e55c3aa52b,0.13254035840944603
e1ceb3cf89c78b04,0.08106993831672299
2787d14ba4491e60,0.1020701505208671
47283a11f402ab9e,0.11948038456104808
3e13ab75e759c66d,0.13342408351154214
565632830f202280,0.11371152455919215
c60dd36532e24523,0.12239447216838632
1bbb760f70ac35fd,0.060493854524500824
5952ee73f64f8e8d,0.09480536643932702
0d2e12deb5dc05bb,0.08694544722410934
93cf50cff9e70197,0.11325819460078686
71a0f1d3a79f9279,0.0902950810589541
ff1b97bfbc1de495,0.13709652684932433
152d66dccd700ae2,0.13699531495492379
af9475d72cb09bff,0.07669394383329566
50c6ae4f3f0c520f,0.1388991738182582
53277c274f93827c,0.15087104582740365
65c28bc2a138b604,0.1604850380225856
ab3f36de97ff5288,0.04684464517238523
6e673b3e05a86556,0.047842556209769745
29ade739f5ac47ef,0.11129429037498433
d6c96030b8564b06,0.12169594433850651
5ffe88ee98e246bd,0.04370370306215995
b75847a46dbc7758,0.05922876314822852
fd4f072e7db648e2,0.17029174489441487
3b600a791eee47c3,0.10379831079705089
3205c60644f3310a,0.05830024117054398
37edd7d198365da8,0.20834801402860773
4aed77bb42b6c35b,0.042676316539244606
70b9c5d2c47a6231,0.14290338111051468
5aee71b30cf4e773,0.038939982999639494
3b6034955fe901a7,0.04177256183179184
53f7e37ad065a1ff,0.12186566451271257
8249af221f0dfc62,0.07043984083337891
4a798f098b3ac80e,0.1526948339177899
7859a3365dc11f7e,0.13515052554565424
0d6ab61f58e22d8b,0.07616972983410551
d90f47b845ad8044,0.10720084789327362
908f76b67c5d77d6,0.07627081085074472
2e13d0c9efbac24d,0.0908996163696451
fbd3509fdc1e2fe3,0.053280230998603316
d0c07aa05dbee8c0,0.06253764941738126
e2066400c0c997d5,0.126713558509389
9d002016fad484c4,0.32848785026822963
18105a09ff042e04,0.08097416932485522
97dbf62f03867f4e,0.08575601765310654
008e7b56ab9053c6,0.19235529503970797
e382e61b69858e84,0.039572126210660793
a02b2c12a9b232a6,0.07155663094652308
5d4eefc602f1a815,0.11379676340184182
8c8faef5bff7b3c9,0.05247577013923262
8ea4fb1f9e66fa76,0.04289978211184223
22a32bb8f8bde6fe,0.13959338079198982
6a655866f90d61e3,0.11095225634516505
b15548596622ebdc,0.05853560137745239
e6426b5a54e4a972,0.12742208264195343
2bb1ea15970a2de4,0.04929247970356628
5b2c1fc3ca8dca34,0.057180668263199806
b26bc3d1078e5a5f,0.06062664878642887
9db2f38d40ccfed4,0.06554789683443343
8481c054b0537a7b,0.13411703772043265
c4016925a614e39a,0.12701194073663666
a6145b00b87ffbfc,0.19939271608245848
856c1f1b7a16dccc,0.04433632799431736
5db9aa657576b123,0.04170472013564133
e6c91e69fe022b81,0.31175373496388553
18323213899682a7,0.04803092933569684
84aeda77a9eaf7a8,0.10148822112494878
60aa7eb39a1066d5,0.1614374576681128
011908fe41b2ead8,0.19042189950570856
95a236faf4cbd0c8,0.13376287111005755
c58d93928c4b43a9,0.046585230840993724
e3d5116d0ddea646,0.17965168810106433
3d33771711b587e9,0.13139372581744155
ca902179e21ff302,0.13927550059902008
4b2142ee3d149d15,0.0816863465036812
d78803f699e1394d,0.12932632874327415
ef2d9881a6438977,0.04585797413345788
3b5fc032ae2a290c,0.07107982822221277
9d5473cf79999f4a,0.11533674915286356
9aefa72a94558b66,0.11576366157272298
78cc36a16e5afd3f,0.07834959450235231
0628d45dc33a5639,0.14113151355090706
bc63ee6da23c5dc0,0.18840467483421408
5a69761001b7342a,0.08731028926154687
f5384c1b33a306d5,0.057171621831175835
9f4fb39fb6e8b6a8,0.1286756188961389
f7787ed37e4b9d05,0.12645169732491848
eecdd457b6c7edb2,0.1611193384027454
f36c01f2f7fefef6,0.15855621082895188
abe3d414c510a7dd,0.09467681811526024
d1f7dc9b905e0fb1,0.05377044369200909
a97c23cf1c8d474e,0.08839564992905573
fa77ebf418dd2361,0.051214688300631805
4fa91df3f09b649a,0.13910195174529139
4c40bd5075d26ea1,0.18081386081613673
559cb0c10ea413cf,0.11111322982260036
b07714f5d0a305a3,0.1260518730109582
ac26d06332fffb35,0.060779904486168025
f3a18a7976f15c5b,0.06369299130680704
bd610a8daf3173f8,0.03930037687927686
b4db2ea448a373cd,0.045525492301532355
a9e601aca0377220,0.1427227644215094
7580e5af192dbd01,0.22004294319685722
3b50e09f1d1584b8,0.11008837732677325
e752099897ef3c84,0.05022189525119027
9e556374eb31bdcc,0.08674168915446356
09bf3001382d4d51,0.05832799705016184
ac4f9d21db6d0551,0.08774912531774372
bab162c780dd5d3c,0.08805355241295448
1ac05275c95e2b9b,0.05531279672265323
ba53d76ac3815303,0.14516096403686937
731194026ddc8a00,0.1583602527630594
565ccf55ce0f19b3,0.0569805107434507
c610846e274513ff,0.09166210075892256
4f2f55e6f8f022f8,0.08355136030805217
171594c12d4f22c7,0.04511804413099812
fd9a29be83f07915,0.06428189343931229
0e69e13d2585552f,0.24129247830297143
8458a25c7d299656,0.07752784422753946
36510a7e2e8cf5e6,0.147510406756019
4c689c2ab0b1e458,0.20982009622028241
bbbb01b896a60659,0.08413471383212427
95a6091ed902a1c0,0.097391156517869
226f1fdbdf45c3f3,0.06312257110148634
b3776535f92034c1,0.049329178085233884
e136a41bbd9d2ebb,0.15614868334963394
2acab7498f95984e,0.06330491756305226
5a97d6bb500166e9,0.10035526023312141
53ad75887ce27a2f,0.0548806544275496
4bbccacfaab6a76f,0.1226713511994903
8d5dbeff654a20b3,0.04217729911151615
885918cc4b58a92d,0.09297610426230896
c33b954ec9e9d53a,0.05519523524636497
c73aa72e6960366b,0.09841996908154572
28c265c8e738031b,0.17031648156004717
16f59244fa16b9c5,0.1459331554557031
ab1bbd20f2288ef0,0.06648789854673069
21ce9f486720b00d,0.11743666292996395
ea98936cd5a062ef,0.11005471922809218
092b99905affadc7,0.1433911935541247
f8a1935cbff0e3e2,0.10045994347011278
557ff2105e2227eb,0.04524341400340201
e28b4c1e7eede953,0.052288412973667125
afcd2875196e3514,0.1173065822823992
622d0c5c885e5d67,0.09554238146693843
5ab123deb8c8e0b9,0.13294671983615414
d70f7077ffdc3675,0.10725235933118828
ec0e23575480409a,0.12322129719846198
c42b1312f2466d13,0.06927143812628019
58f7c9cedf508963,0.244049789736741
483a6a2fc6820e34,0.06341905858764971
9a410bdaf99ab250,0.16035038592469578
27d8448c7743312d,0.11587274826828846
d22510648b60b80f,0.6478388415898331
cf71cc1d5beaf427,0.15921000240200064
b16d96c422e7686d,0.13117736273532965
f3bb00d62eddf347,0.05268423351723966
e7ad214e8e1b87e3,0.11235924209591382
a149a81fa46121c8,0.0698443950836709
954ac0304d013ceb,0.13583252162682016
5fb61c8caa291bb7,0.05530811111668693
b3e6b65c022e07a8,0.14667828944528363
014590f5ad393d98,0.08409975684774089
fd3098a48d0565da,0.033490550561791045
597dfb91140f7a43,0.05224119321115306
29c72ad86d92588c,0.05022905503158991
46403e8726688e63,0.04515043445375644
586f9bad93615a9e,0.21476589724034764
518268ad7eaad020,0.079401491679508
eb68006674ff7853,0.11064431917172761
829bf94f3c7511b9,0.08738393797787314
472338feab38fd63,0.04148475549793517
e2eb7c00452da3bf,0.09559348682623266
264d5eac0a3db4c1,0.12115113971957586
5dd40ed8f6931f40,0.10856267298174259
ea07294f7b9321f6,0.08332057113642163
800d5b199211d908,0.054266706543838285
c26171ff73291cde,0.15732555725419126
9b039401395029d1,0.059326034349588476
149773fc93e82e0b,0.16383807004924023
377962b226c4354c,0.07008710359372979
b33ace47f8c9cce3,0.04736849065673059
5898aee0357167ae,0.06061690525994371
5011475bc46160b0,0.06278996774741315
49403fb05b28bdc1,0.14479708478290967
d64f9b8328cadfcf,0.14187856279842517
8347b5a18bb84a35,0.07740366215455567
a72c9158377598af,0.07951602749014651
346932f67e7d808f,0.11772481995527447
e4962aaff0cf97fc,0.12861845927621865
d63549a6e599cc24,0.03819379638033963
d013eaf626e99575,0.10911821660833448
a7c0072db3d224b7,0.12862794753199328
b87493b15c6b1e21,0.07472830295430806
cd6d6ab0bf1601eb,0.0967680213943485
fc7b0d78438f45bc,0.1076914860619181
b53e88867e63ec5f,0.09988690268044431
1e1e7de7f17a14fe,0.08478343183561761
fff1df28cf047de8,0.07465584196289826
9a4279b8c94a438c,0.04556251069598411
d1a19d29c2aa4b9a,0.13449358400340625
ea65ca7ec57132e3,0.12984074720341607
35cc6e8b29ac28d6,0.19721381963531673
35cebb20cef64701,0.14238130677556576
03c27c6fa94b88b1,0.04799995486180882
654a7847a4c3d0a9,0.19441496342449952
d82da976d107c4ef,0.19133939613488468
0f7cdda5aab7cb9b,0.08992197817202695
511e61b096246922,0.07995127084863884
9bd56be8ba9524b8,0.16006934687878757
08980e1d210b6aa6,0.13756552742785688
c84430f350b3a159,0.08468549035894728
152edc8f6b8762bb,0.1507270412098218
a4a8682aa22552a5,0.12959628157975198
5448387d25232e4f,0.04301523512784524
86b5af3c99c2229f,0.05328201349307565
a243c84e17ad5313,0.10714839766189876
1cd4111d9e2c14af,0.042679577104414494
d6596bfbfd4cc049,0.16014338418575016
5f6669357f9d2602,0.1316037192793679
8ce4d3415fe4440d,0.09686913616081431
b7804e0aef5425ac,0.04812299087539757
a68ac8503924dfd3,0.15172513398466858
0ee54a169cddc5a0,0.07703145233389037
91e67962d58a2196,0.0860585625703253
337f92313341198c,0.08497636324243531
62fdb17735fc24f2,0.07224778404757513
32070e417cceeade,0.09914003716452391
d10e86cc3232dbc9,0.18873845910824572
9e379ff80b817265,0.16189912930003525
cfff3503c56dab5b,0.04638841553456907
9f21d3f021ded79b,0.06048580990078497
5fe69ac7610324ba,0.09548362865472049
fda80e0f061a2a2b,0.09993971094090404
e5f50a39b4e83fe7,0.11950295062880212
b7ac8ea60b369ad0,0.04966841551911649
f4aefa9fc2e0d241,0.21168045472630656
0f32bcb05a22709a,0.1438812439720124
13334ae771ee01a2,0.1291256072466624
d2596a53564c0b21,0.08238564262141675
1a90578444c1c9a4,0.07007064217343502
38767f6c13ad1bfc,0.08816863349120295
8d312d36ba150056,0.06070099716304981
c4e9fb7cce4bc726,0.10005132586994309
9ff220beebc71a5e,0.04940213844907911
24bb5e20d933da44,0.09876283051869474
42f6ebdc63da37de,0.1137226048216295
39f065a3b51d8011,0.04790231113444824
adfccf4de2f8f9e4,0.07178580307484166
bb73756443a5eee4,0.07729900402797474
0d9c7ad016175e4c,0.09647786027728202
01d6dee3fee929b0,0.054114456840302416
4c94ce26b7eb0794,0.11930295609344799
184edb2637a41d50,0.0776396467813363
b14c8ed6d2ad7039,0.04051762643757983
efdd1d7495765245,0.06167646055211707
affe3b0f590fae77,0.17898291300745617
3edd7de677b91b05,0.11360496952983144
ba9e4528463c5dbd,0.08050366690217921
8be8330f2029f548,0.07485158825794636
df6e6d77a02918af,0.07041606728812227
33d9746c24d2c070,0.10588623400282937
e51c785618029ad1,0.14888682974296627
d53ca1e375f1420d,0.11704415174209483
d4133e84363708fa,0.17590239432367047
094a4df459f84f9c,0.05429722840638321
c95b97cbc9622e38,0.055492183634359725
8a243d50081a0a41,0.1192041322645427
f6f2fd05daf66b4d,0.05149660147838773
3b5e52e54ed29ece,0.12716509366261788
144d292add5f41e9,0.12248855761225809
49aedb77fa2fb4fc,0.12975586667993483
81e5d80b657413b9,0.14851298467985294
fb21fa126522b6e2,0.10002959050763938
3451b921fd37a93f,0.14752303820349907
e25080fc68263c8a,0.16482582789478206
64f0448c8bc4b1eb,0.04139599235489556
ed89496194aa19dc,0.08072872292780245
fb22f7c013b24779,0.14023524563364664
1590a07714e8a656,0.049393696032418964
54ae2ffdf139cc38,0.05124554810197823
96bf13f3fa835169,0.09390737360716316
559cc1345795571a,0.06701854570405141
325ad194b9f588f7,0.12439892516699613
13ff609306472199,0.1402685348290965
3c87f31b6953fbbb,0.04256397283715899
2dd14f20786549ef,0.09340901034913496
be72fb5da729ec70,0.05241767792900635
dea2b01ff6868477,0.1137037271439003
c7ffc036c6fcf66f,0.13345549996061026
67b0cdefddff90ef,0.1268717677951704
eb949d7c7beb6354,0.09559520768760449
72dbbe8ab710128c,0.12030288819570079
fe50a3aa77d27195,0.041094751278355414
b7dea5f446a371e0,0.06830969013721143
3b6627fce4fa7c6e,0.041625323442856306
5766e8d8c783a487,0.11157818168743909
818813e68f11c85d,0.0915380155034139
4efd1ededeb6af5b,0.08168230679206813
7339d8d336c0728a,0.09224047746885644
5932b86b513569c7,0.1159049341483569
667e3c34655efebc,0.13887388501031903
211cf2ea67620b3e,0.1693037372082379
73ddd41ae18acb03,0.07237253158976197
b7d7b9bb940bf7b0,0.1614947801301181
672de9994012beff,0.06679043594482698
1fcb989eab73caf4,0.038175151070940244
1a8eef4f4936cf0b,0.07015806212277358
181bfbae0ed5b503,0.036057715610376594
0144b06a9d5772ce,0.17842850276288802
a6d79b35c359d2ca,0.17036788714026563
adb1f5a83ffc8956,0.1736119360421188
7fe7578307634c36,0.2334375680609394
ef916f6bd9bbf8f3,0.12462417208685923
261b4b9303f16955,0.13726556640874019
bdd3d57f2dcbf24e,0.048468339923270036
87478ecab9990b69,0.09118558244259023
00903281b49f7885,0.30615497691102594
faa54ef489380476,0.17035682453874493
afd67495e65ca43e,0.06589435264154793
3cfeab5f2a521bd7,0.2576732379268431
f889243e554a57b9,0.13648334832746636
1633226e5baee1a0,0.23599780018271052
09429539f12260dd,0.06456782683117643
4642f19a02b65fbc,0.05348687518968461
454379600a0d58ae,0.1276876379451943
806b67c9407deaf5,0.04679007261453866
64147a091385f1dd,0.05299268597698927
410684a9ca496c4c,0.05104380321263279
198aca03e558bad7,0.047923756608747925
19112c76b72e70ac,0.04939316664417781
33cdd595d6f64465,0.05450973917040839
b678efa350251d1a,0.18352081317807137
2773ef74c8379c3e,0.15315046719336162
21a85668c56f4a28,0.10407697891516526
ad44c67c941b730b,0.049007715188570174
afafaec6ed7cb894,0.14087295740118244
7b2afaaec11da7c6,0.10076720314559817
14f8df83cb5fb959,0.12758020038267837
2fa6287a9d075ec1,0.08746438163216574
a20301029a5e8b78,0.13911844067371815
64c226150b42ee5c,0.10831427007382625
7012b66ec38b6038,0.03584065605116169
334a43b3d7746442,0.12291735827277095
3e39b50358f01b64,0.114369248720118
dd424dd258080c0f,0.09700494066128901
b6815449a050c02f,0.0721472718806244
786b0bb1d7a4dfb8,0.054365913792977304
bfadd1b4779947e6,0.17789533613871225
23bda92c60bb92e1,0.17029600676233317
20f374eb224e1a7c,0.05045882778641941
04bc6e2ce35edb4c,0.1537822986537212
f5fe2d58beb86d40,0.08921866601110708
203f3df885ff03b3,0.04600944022648178
ac5388e6680db6ba,0.052433233129799646
20a190db150bd0a2,0.08999971516914941
03b8f432ac8e3226,0.08938397619271377
800d13aa581dc05a,0.14199483206458616
32ad97494e39788e,0.15561441277779212
762f69f875d0a0a7,0.11367713073910642
7102288564065a58,0.15106769582905988
a244d35bd0a46b86,0.11776299152038013
9fd85d10d8d80cd1,0.08093186833574907
cd37f417a290a412,0.12415932164483633
087a61efb373df95,0.059447031571835805
5cc1bb67fc9fa495,0.04484641763539284
38260167161be0f4,0.10888726762858303
377d6156aea5f7b3,0.13355099534622505
de73631ba462d9d8,0.03934271632139034
c6ad617675fc82bf,0.18250823620934617
53c0301b075c4edb,0.06387069781388958
d5d5bb7bc7475a6d,0.07731837228172546
2785f7c003032f79,0.08186126912669586
bacabfcb41e851d5,0.1860656426329945
930620d9c45cfc16,0.12352072275102764
a2253bc60bd26111,0.0946222329111112
48be98b0da47a60d,0.04964031344734119
4192611de72c647f,0.15222598680202964
0a3e55a0415cf1db,0.03625395958633822
94a41eaf6c166f8a,0.04919675311723957
65c588ff0e6a0940,0.12579141957127093
7316f0f5207cff7d,0.15096302678319976
fb48d6120d40241e,0.04036844655264162
83e835be4b7da5bf,0.06641303795845195
be007ff41dfe8e33,0.16652618905231656
ae762981ec3e2222,0.20137824831605378
9cde4da63a470364,0.07312488194376675
1e641e6a0e15cb0a,0.1982826627328992
f1e1bfceceaf5b3d,0.05652543967359136
b33a9dd2d6116451,0.10937956150877393
6a00f8682a96e6c2,0.06855818685366183
4889bb3fafff04a6,0.047660620781741485
d83965adda3948e8,0.1542921707272701
35ebd3eb17d43331,0.1326328662798071
4fddbddae3f8c321,0.060203446968919876
279f5d02ec1d4618,0.14059091293599257
18dc05e08437b19d,0.10272344405021964
fd5e41a3afe867c6,0.08774197898406189
4dfc9b4693d64425,0.11861533748204789
38efe84b2371909b,0.04249226760009722
d5ab3634461fbdba,0.11830739056829105
88ee52d04ccee47b,0.14152435705607058
311d0a7d1bc40182,0.09433833311958843
ca3eabbb86d9d394,0.11785805630986583
0839345320590491,0.07012726691185883
3166da0225b35bf6,0.09761285593131663
4fdcce92f68b7529,0.1558004378058041
4c0a03f188fa9938,0.08238935132297227
efd671b84d562241,0.04757680895910451
a1be96b06611a4a7,0.08705769869520182
7c15209ba7808ba2,0.1529928448086272
b4fb7e75679d28cb,0.17849510527336576
095adfc07a65ed27,0.08959639946030555
a19e6a028348c708,0.03668055116118987
bb5e510a6639b43f,0.12434826294627761
fcf27b9cd834eeab,0.04469206774780454
dd9e809656743e04,0.08991542589327069
9cf20fc9b8513a03,0.15667137984949975
d929256e10f5e94b,0.09865738795236485
c7372107d1356264,0.1570132545529331
fb002ae965e2435b,0.07569395800210289
891d7ae2edccb735,0.16040250490132166
33b3795f9d4a8ef6,0.03988145956782358
bd1c976bfd04983e,0.11261845396531561
22d26961eaf80875,0.1964545308203107
3267d0aa9600286c,0.11721970490001805
f85b98ab9c2071aa,0.04871725864381076
4b4c86d64f258caa,0.10556337606768999
af271d6d690a0b0b,0.04650471263922188
8b1bdd0f68e6ab19,0.058496656757048016
aca740ec2df56ecd,0.1379674280861469
66cae06936335046,0.13166920844261373
8aa96ed1f09b6e82,0.1915625198693358
fb089d648c0fd719,0.08423345402449685
b3b39f3310bed9f2,0.10246689234925528
4c9ddb6a1c08a7ae,0.03782713060274445
8dafb6cdb58233f8,0.20909526956923077
8512f25e0995f115,0.13975708907325884
3e89b24f6780dfad,0.12266312332883873
811b5cd3d60f8f01,0.10168685727746514
8cecb78a9a20021d,0.07549574762211346
c726d19506a1a864,0.06627914724011812
bb71d5690f654fab,0.12959319090360863
01fddb547603eef0,0.09448824629883361
c6592de36f791128,0.07318402022737885
ccde7fc6a8ec59a5,0.06667774468057099
ba6d1493e3a1c1ad,0.12235752660094956
7dfaf88276d52a5e,0.12996754039535904
c09d65931e21624b,0.15828709260576712
f9544a6dbd4caa2f,0.04473796671823902
b374ef23d5ca3b3c,0.09041547243243475
c51f8b67a66b5aa4,0.2319153097249714
4793cb7dc1d36c4d,0.119222471946965
c4a77a4226cf0e3f,0.09140680077065559
11b46e06959d7824,0.1646986635655501
75083fbf03436018,0.12557303712145004
44cc96b7436e60fb,0.16265649248201933
9c78ab8c7f52b1ad,0.07646397911144025
27c3ba5b3d6374ec,0.056042944078323005
09bad77cec8a0ea7,0.09736577418643567
7e5eaee69f7e8e60,0.06461238480955737
9701beed4cb2fd40,0.04678189388848255
a886ee5f5e57d356,0.03548603542556912
43322ba6466f83ae,0.09231769816432984
39ac7a6c910dc826,0.0942518806691683
a7624810eab99b39,0.09901510824631697
27ce336c13dd7f0e,0.05932942646255357
35ec56371ec7bab3,0.1439384843451064
1033972a8d27b8f3,0.14661665051000522
246fdf152b78ea45,0.048300198125385434
67db089b7a0697c3,0.046297892062130065
51541de4865fee3b,0.07921933936498843
2e0ffa5c733d2a47,0.17361905513513012
c307a7a1d2e93ae9,0.16203960220878486
60775afc974d2192,0.08006874753746739
1af8370aec8adce1,0.12196322043132395
7adaed59e375f94a,0.07815091759336835
d3f971f17d9ab0d0,0.05024065906615188
f1eff57932ef0f4a,0.11446825142284678
b41ea8380984305d,0.10121302453157305
dac2137cd3aface7,0.14073087081677693
48da40bf199dedce,0.06664102011232685
2c36f80cd8d50da4,0.041594789997953706
e45c5c285ae25a13,0.1229141807724539
d57fa89c692abe6a,0.13681206588352354
0d5b889f910953e2,0.050184859988264774
a2bb73ef62a1fa41,0.14367895118242763
161e450caac64b0b,0.07709867156877633
870239c07fe84d59,0.1753771783864542
1a510d36c73a9190,0.08861125482427594
6365e056680facbe,0.10398857377023436
7e5efd56e82bc148,0.057471988153961935
8ddf8d226ddfa267,0.041088590187732095
aa2927ee663efd7e,0.07981546664389307
1969a71e6c309cce,0.08833283920211403
33e3103e2045fa64,0.05086084609238609
79d3953d4c100b9d,0.19370128540066942
8a0bec565c237aae,0.09436601063923217
e7b2425696ad04e1,0.04585856895605861
1585c48da5187cc9,0.12055190252278432
b508d898d174eb05,0.13200794800497848
ae96ed3d88eb7aed,0.06587219538430572
3780b01a20d9aafc,0.13905562922170828
5d2ea0bc3f49f99f,0.12432405324485489
609566c49b16621d,0.04394879027648613
52a50658bfe832ee,0.09756364500547976
76655f684bc2518a,0.06342835453178898
507aa51e38d00459,0.07072394963338485
e7edc5fb783b818a,0.05418918382735722
3488c9b765c1219f,0.051122058447802154
60726ee6707bab89,0.1517935789864778
724b704c54783fd3,0.042719739796774854
23405c43202f489c,0.06964342643546843
0a275c8c3adc1e3b,0.060380080491227874
ad727a83295f79c1,0.20402792496456731
9fcd517a3727524e,0.10062236374753213
c1a15f34e5189a8f,0.08919358212683975
ee586308edeeb5fd,0.1351168295384657
61323c4c907b9667,0.1581017208631258
dc6ad9b2ea237556,0.22929263555137827
fc261535991f079a,0.06044180037719694
199f8696fe22e8f6,0.06807529159432464
80c803fed1e7b815,0.042646248819518125
b3645ff1881e6181,0.05841675462520703
f077bcf8ba579026,0.10374489425593854
c98984325495234b,0.08836364376297046
2b1acfb2885f0207,0.057539860518432184
58aea5fe94bdc9f0,0.07873822000007061
13ce2e76f9ac9797,0.1207668196964169
585b1ae5f2fdf9d8,0.2021362066557145
c02d00f3c935fac9,0.06890768814712979
961c1ecf22020dd7,0.08717310752661296
34a2c0730076cd51,0.16850677965800173
f08c72208c842a80,0.177124490862678
3d0365b300b08d12,0.14556738678331937
7698d1646b1160a7,0.06428846595210945
46fe0812a4d6a0e5,0.07468140241374337
1992a8cfd9dcd0a4,0.16253129627581198
234824681fe92370,0.05637796585869975
66dae8fb83f01cda,0.05292448868043287
565a8741e734fb66,0.08288614595600279
85796d3a4623f1b4,0.05794581571615407
980c038df259aca4,0.05594679159567889
847d49fff22ffac8,0.16507285870418872
3ab579aad87803f2,0.04740961583204967
7c287939d256c04a,0.06433400166326243
9b56b63c1ce61e36,0.05500525135487864
2b2beb4ade849fe5,0.12968221259820442
ca97e3a639d0f212,0.07574473777032616
cdf0a515724936f7,0.08158543651429191
f0d9600d63271cb1,0.17209216199214436
61f6d6cd6e8ebecb,0.10055602018533903
66bb128d75c1a31d,0.11213936148075292
ff6ace3df2f93fd8,0.04029236356256318
174f6de5e6fd0ce6,0.15549417961755624
f629016e686c93c7,0.12423385028782863
8a5cd96071aee653,0.037382999565444656
47a56fcce1a48c57,0.17629659135924655
bc218a229f6dd8a3,0.06953771282274544
6700a0d8cc03fd40,0.12379762217585143
bf07422782deaa4e,0.22404273817562617
67e5b268a06fc16c,0.058360490424461564
775246a31de87040,0.08614888221752581
a8c96679585190f7,0.05508266995281347
85e8b073ae9d6cb6,0.13801820794268713
8d783fa9a84a2016,0.20127718307684098
afa9ef8b36efca27,0.05242421678915323
292ad72f433b2ec4,0.06629698642101015
543a382acb950efa,0.06043955701143596
97eee667e12fac11,0.07180519066429493
f1594e042dbd4135,0.05581157353170851
c4acac79bfd54ae4,0.08417152606178159
f1bc5cee7cfbe74f,0.0826786571678765
25e346e1b0340347,0.09284882607835969
53b71602a81f5c52,0.0880502644836308
6d2d4b17736e595e,0.08768442542338452
f652427f39b6f10d,0.2032274310397142
1437d0c59eca00af,0.048426941084233614
d8980b5b1d68a4ee,0.1514928270401059
442b8a915014e871,0.11273757857290678
6a1e5bce20cbbd53,0.1868363762949579
ec75dfc7e578543f,0.043356824308953844
94cd35193b228a90,0.2179912857586507
15617a2281e76896,0.12330671174889674
ae22b29ad0d98702,0.06037231804798287
3e5ee530dd802ab2,0.07134364842659431
9304c1771978ab05,0.04472053650832692
635d5bab100147aa,0.07986100935583998
cf12cab6ff5fa6dc,0.1158765888092095
cc7ce49efd47f0a0,0.04561017198418066
20c507d578183dfc,0.14232632653884
e29e2bc7c3e6ef41,0.1577107679488111
61e270d51cee0fe8,0.10849777505024956
a1cf27e43a150760,0.15045039593226364
9bdddc292578558b,0.06117501556743014
fa0f0cb920abdb0c,0.13796242047739302
95dc87b7553104b2,0.18609939030848008
c268681605733a6e,0.08318585299669352
57f8444d376ead3c,0.1398901951242109
1eb08c4e2e2d0a0a,0.11743090849015714
65f04a475e60bc71,0.1120223485438121
54b86d86b2c582db,0.06998747484467566
ac660728eb9adcbe,0.10879964796524517
9dc70760c7a65427,0.1639437128002194
707fa7577b28c00b,0.05500720164232342
dfc0ad3ac006f7dc,0.11082632218134758
d02c60d97c52824d,0.055608255280660025
68735cd4123d2c31,0.17028982172750126
e7fa76e1a52159ec,0.049846380392243976
8e2a48702b61cf4b,0.04285569895248827
7b4d442d12660d2e,0.064997505777848
1879fdf1618adb5c,0.10957527493476432
28331b7b0b1598fa,0.05029730186778305
c27a3cd35a718f85,0.08866259940248307
003398b630719a7d,0.04811300445007488
70b9137733db97b6,0.1105287331886512
f0ea5635eb777479,0.13065958191852964
e80ca1e08210095b,0.13243011040824754
033b8feb5aaae03b,0.04777665485104312
ac6a54139c7c9d37,0.1337985197020217
ebc95757b2947172,0.06962323439118884
2fcf426035785728,0.09221097725963696
78996a14f02ebbe3,0.05152749976174259
a87e26d221511c94,0.03436279956772147
c5eddf448403ab6e,0.04517174140177201
e8da0e67e35aa293,0.07544034808452307
88b632eaf9356d3a,0.06995875086092825
85571b011c6fcfaa,0.22489770189167194
9013d63ab473f952,0.12682770946895794
960cad37cffe68eb,0.07204637295361499
e247eb8f78f75a9f,0.06317147065829544
80eaa51c4c8a00ee,0.05042021777076472
35849a3326fb87fa,0.05860105570797524
d95e6b933db44247,0.05534281374880066
c8d99c2ec6082321,0.04616210648478394
c9aea5e1048b2e51,0.12728903200776406
e01947dd147cbbce,0.05313318843741815
ae79b75a13c928bf,0.06304102779687736
ce571fad3257b3f6,0.044250053745379436
a95633f51ef3a7b0,0.04855336318902409
297c6928439e696a,0.19383038546841388
a4d78fd9f9ffb303,0.07932237701239007
2dbf5dac4bc14af2,0.14519217551275204
484f57153280140c,0.11663603701676335
db3d92a2887ed53d,0.1564691641078332
0fcc2eaacbd92a61,0.03812680796136867
3b06de421485ddad,0.12122138677964132
3ab1395e200e5b42,0.15018094859930997
8b607b6592065a8e,0.07488361595005243
a58b1c259179dc09,0.1811023918727269
a84f2ec64cddb96d,0.21211095732976226
794ec7ff88727529,0.06663878650289465
7bec4fd7e9a158f2,0.08119602199382445
bb364b5bbcd978f4,0.17871483808672836
89b648a5f0f0ab12,0.08924566063682211
63de8d6c54817aa3,0.033873705479925124
f379e9f71ba0c23e,0.08932921705167973
a4d79f83a661fa2e,0.11199619426799295
211b21d15b3b91a0,0.06156223212354062
1186f6b426beed22,0.07060860703901872
8dbf55afa93fb576,0.11176198787282847
4c37d40f77654769,0.05027019620401191
282449c18b62e5e6,0.1528775256040807
12472f1c83854116,0.15422355383587819
eb624c530d058714,0.07649274901307374
916aa0618dc412d3,0.11802396290935947
b9f7f01f0c234a62,0.17457839608166117
d6a72e0c5f8c9277,0.04528128290488322
888195334e946eb0,0.04402966372176662
f1aaca6b558ffaf2,0.07891914906831005
cfd7c6655e63d480,0.22112607603525106
d54c579db2ee74b5,0.04396689401632769
3d05c28ee2849928,0.23017566432332373
88653ba09b9797ff,0.04177660368551881
270649bc52035cbd,0.046874040698836605
164c0240a44d6755,0.07937502915595893
71d79d68a2b92f27,0.12063247511565751
9bb25aadd2b3bdb4,0.17229689855059468
b3c62935a53d8997,0.07784131061364219
e850d24192f9e415,0.04926810420779226
0834b059b33fe386,0.17539303617451094
57cca7c7ea10b6ab,0.06928187931616818
39483c2d8174f1ed,0.1543010891228308
4df07eb70c71ec51,0.17247483105897685
771b30a38c390789,0.09672857663012017
65037a69f9336b3b,0.11461069087241954
97bf39056279f7fa,0.08011738189389599
1a2d12af54623039,0.07918928170267839
e649d739e4cbe4eb,0.2100970185756786
7c35e8ece8dd52b2,0.15478944086984345
4f679f800c6abb6d,0.15145009631597295
42a8a8ccd4f9f9e2,0.0372406195392231
662eb31e5ca29cb7,0.1074456691689417
39a75d0fc9a932b4,0.09935045107072545
f80b6c96f9ca16ca,0.04172307951268963
d1112438bc117eb4,0.101822305333368
2a23256f8a1b1dad,0.12833834173337075
e3da84e292717dd8,0.07185379375436775
b3da0bcad91df631,0.16085855991923556
b7317d34b8035aa3,0.07489101198560615
263b44530f890156,0.10267666222703871
4908216a464f51c6,0.15386116417699483
d0b576af5fedd973,0.09997892669383712
d53abab056eabccb,0.10449654833203843
9947a71c07c08013,0.1354156512731333
e3f83e6765042b60,0.12032165976455972
b5e1fe2cd612caf7,0.06725208477936798
2c979dd3ae786b0b,0.03800521437307644
37ebd133842ac652,0.12770909560758123
8d7452fc00bad24b,0.12954644250631908
be4d73360ad37873,0.08482032842499125
40b14de62d50cd96,0.3167737313664047
e8b95e5aac14d285,0.0458745150815379
545aeb4e5c2808c7,0.056147508854356244
3ea943e815e609c3,0.062173010538744265
9c3663c00fb99ff6,0.07927246191849974
6806a16705d54743,0.12686310464690298
9658ef3f8e3ed080,0.12252252777954532
72aca7fa36feebdf,0.11931948574292384
dfe86e43c4930991,0.12088702823918017
4f82ff5b5651d2f0,0.06211240974029778
d13da56afbdee207,0.11074073824051094
0dcdbb940af66121,0.05506765590942328
0e09773245767eac,0.06186764057545217
b186bc9610e2b533,0.18043515832219223
d54841a2e0a4cca8,0.24224958293768473
166c017caddab251,0.1688721672169106
a23f0288384f2f2d,0.09528182940517355
4886d310e5914363,0.07643093151846507
41edfc6111e88f1f,0.060979393445565265
0f33a4c86170e40b,0.09050015600394416
19bac5bcc4414e66,0.047135220997845124
88ddba34446d1ade,0.07558584738053721
a8dfc97deea7f5fa,0.12761538818065518
fbe5da4001a21c4a,0.04941923422246886
8ea535444187b6ac,0.05553771599811639
1be66765efbe9174,0.09786616460780827
05f16b595e33f77b,0.0720012068451694
3fb3259efef9eda0,0.0568950382692612
43836f5657b092dc,0.14821874166725607
26ac42441170201f,0.17361995444437692
12a4ec2031ef6174,0.05177318068203359
d8e7f33605a80ae3,0.11421650427782466
d6bde3bc380d8735,0.10040011407625715
9e0c178f3e852551,0.16624554328718436
88a6149ecfb1f651,0.0899831176024228
54a33fc8125490a9,0.07663860833034962
2930f4f063583542,0.06361797961771049
5092541f5024187c,0.056564036741133306
e78a593c9b385330,0.10872984344681669
a09be3a8eeceee6f,0.1508779298382987
7010ac1b44772de3,0.08086065796526219
49a17880c454c7c3,0.06218596267076193
4e36cc0f1383ebd3,0.1338146781027381
ebdb25864f6ce1b9,0.05611319137855277
bdb72360a5581c6d,0.12049278014501462
8c698e0fbcb6a090,0.0683170336481747
9c350ea7550d8378,0.05825267891698366
a8b88f7bb8ca6361,0.06600433933187537
3d326c98287fba6f,0.08058263992578703
f42c01d8b045f708,0.1381846889420603
8e5d62b3ab696aaa,0.04015249399746123
6224caf3c72e7ee3,0.08633953232805507
926fddd6b2ee63aa,0.03898508813347686
922cf50522b3b88b,0.12941895100340134
7d0fb10204af6166,0.15943766809363305
1a76fbd031e39a6b,0.18580778860143457
fd68ea29d356dd75,0.05192094244714789
03cc36191251ada1,0.12036079229198104
99b5bb0b92d8a55a,0.054017478839307166
aac02a9d632924f3,0.04315062472717127
5d220b8e18201d3a,0.06848508959353537
14fc1d6fe2d4e69a,0.1783308769346197
35e119f52196b1ba,0.04483710900936954
40f1234b5a30403c,0.11383030675970547
d59ccb5d557c022e,0.13720566492222921
0c385e728de38f99,0.07157799132516378
f8683477a2ab2ade,0.15056196073736797
511fe8f39056b9f0,0.10378551033043315
c99c5d897170f156,0.102166437622718
9d753071d21e6c36,0.06988272795669137
9e9289f66961c664,0.1324424418016743
5f8b0d75fdfecea0,0.05477156632684526
9dc13c482e059e6f,0.0822022772858862
3f87fc97c66a3191,0.16181389385099118
1b3f3ffb589858e3,0.05814335516164946
5358785efbcfdaaa,0.08052799370943488
57193bdf5b9a6b42,0.130884989360913
4ba6c061c5bcb057,0.2650746141597989
218a85cad268eab4,0.17298831443395243
f93dbe2cfff78101,0.11265258458255
a8481146cd533ccd,0.12692359603389788
84b0e8fa750b7a33,0.07881515752748236
fdcc76060f099b01,0.04352917856044312
300a47eca14f8974,0.14498918354855306
14218faebac40dda,0.08016542366884354
6df2c2d2e3c3a7a8,0.12518354312669427
73b49cfc1f3e9dfe,0.045271995648292124
7f686a76e0a43e5a,0.08379699772549327
bf81324a27520bde,0.11322595485013909
f5d463ec64cf0b0d,0.0884403832019902
7b0554b8ca04f697,0.07417225883508043
e1b2fbbaa6be8596,0.09279246698429951
1b881aaa4217102a,0.10968571318288813
c212840fd1764342,0.0695027246254455
ef314439dbb365d6,0.051973945826369584
1772dc13f02d39b7,0.08066202273912929
b9ed04801fc7a354,0.06462699302350307
105a3d1544b0f94b,0.11333020680698862
78654baca9d1378e,0.2041513282087264
9bc2056512b6d4b6,0.07213767680242049
09c4cf78e2e7adc5,0.07636464077178409
b2555ae21207d05b,0.1348665332366936
ae348fe15c764802,0.06502913408929738
f0124c71b8a4ad33,0.12462670952548438
b56dc4e690b38942,0.058741340973343305
f780521ce14740f3,0.05762636295254673
dc6f043604dd54fe,0.07538648079735556
e07db4ab9d64f3ee,0.14805244666188977
8afd23b140e4bcb6,0.12962690231795743
11bdf36dc7a35404,0.06287039194831322
4996a5c048b055d5,0.153577942705031
623d8021b7d32292,0.11473401083105365
9eaa2f70288d4b3f,0.0636010933764471
9b0054be7988059a,0.0818967964584828
3952d82f6df456f1,0.050776664045179304
8533f9a63a9367b1,0.08114782059121574
391d9fb2c3bd6fbe,0.039126992428467774
101b529dd70a1e11,0.05411586356180159
85b19b6a46b45156,0.05533321799709004
a4b17c05d90ca2b2,0.09263095929097152
194ecba02d51bfb5,0.056892453433219144
20a12da2d8890e93,0.05286467701635472
2df9214ba1de660d,0.09024370331537356
bd7e307eb75933e1,0.10046660459966782
5e0b0dbe5ffe6e83,0.47181310972326007
bf3a6cfc9a1f3c80,0.07676768789790082
82ae8090ca11b2e6,0.0939725894408661
4901ed9747386ca7,0.12238330331156862
53084b49be13c52f,0.15129569337622398
0263cc51aa1acd4c,0.11315837643291342
41e313f2355b137c,0.11817202994708291
51a37cfce403f12f,0.05972049304848972
df4f484e6719459f,0.060306903281046785
de7f255e061d07f9,0.10017301248317263
741683772f1576c7,0.15122370188307835
54c7fb2af01e96d6,0.15450704855945277
24c542dab399c685,0.04467909083798971
a1230bf06c58290d,0.061278716148969285
900e15461a12870f,0.14639089271864955
c089536a25834f70,0.07043876444585528
afc3286b544f0040,0.08264517016283603
c61465243a2221a5,0.1177562063364777
cb1f20d4bb93c243,0.07289155587891331
30725d20e5558b56,0.07416016043824375
94ce3e10e75f90a6,0.04463311581306125
48d0b89d569495d8,0.10052883669427959
ff1ad6d36283f697,0.0694635251895544
72be68b75d2c814b,0.05637225152809707
e4b90062b12b7030,0.15170195768389957
d6323a665e446722,0.06577036185386943
2d37f4baed1667c1,0.11542528528311903
05781aee37a18dac,0.05913718981037753
de24d558a18a9f32,0.06565962370731386
cb44379989560ff1,0.05578682647953944
eb333ca8ccdad2c8,0.0719996088432196
1d5cf29e044bf468,0.14464801548379905
172401cbfcd665a3,0.1337419365962882
8247761544773a90,0.037745871772356394
5f2c0797f7cb831e,0.05166061983898978
a7edbfd2acdf8ad0,0.07733611463067847
fdcb685349aaef9b,0.1233214557368183
1568e5a308c50e7b,0.15915197783956653
53f5f1c7014efbaf,0.10252755475228072
e992034fc58854a7,0.06646089230828378
b1fc334e48e20c8a,0.04585936770266138
ca9f6168acd90b8b,0.050481264674002435
929bd47a71c6b958,0.22154607367933363
f7ee05e2b2ea34e4,0.0733753162391369
2f3fdc90e73536d0,0.04841307652015189
b43f6d156041778c,0.05020749683046603
6b0740f130757056,0.05873009147148142
9f1200bd8ef18393,0.07338846680510958
bf0849396acf9180,0.05026015964833245
58f62b02898dcd7c,0.2118575122714045
825b360a284d4a2e,0.048365599784002504
0274228343b0c7cc,0.1765285802852039
746ca6b736caea7b,0.054079442370223406
69cadc81ce7e015c,0.06185619560647806
295dc3bdd969b7cf,0.11576839483633423
e0c7aeb2471c9ba6,0.16136069953328336
a7c128e7baf08587,0.08012764520502529
74ac5ce19092de45,0.1155061669528733
5642496d768456f0,0.16675161344645195
9568d09b37d48147,0.1362632749278251
687eb07ac1ec9aba,0.08227003890916854
1131d59f818ebfc7,0.06208492299511106
70d46c4ad271dfcf,0.09049858735460385
333d8235e3bd1acc,0.0660975995073947
f9dc0ee30937f393,0.10654443060706113
e2e48b863ea7d61c,0.12814684130591356
96ad67d29a15ec47,0.12106281883267228
998b0ea49069c858,0.04556180206670773
cbf500fe483dca27,0.06620249770632163
32889f39f5c7e4e1,0.06811087435030325
f87241418df6147d,0.09818680174149068
afed174cf13b9d7f,0.09205163462058286
d52f3c40480519e8,0.1534882895077805
67306d595867bdca,0.04187588590032909
dc439b5c79486948,0.08444291078123907
35089dcee9e9ba1c,0.05962604176130554
61b5d6ef5f241490,0.05225324579319795
45f5713dcef10264,0.10002707689919071
2a3053d58302242a,0.04763531444033201
0998f38d4d069491,0.1279248045178209
accc2c8ae67e6063,0.04628025524443583
9f5292cbd3806d79,0.06096561648125459
1fb85b95e91ae45e,0.08484085354102588
faa0394464cef2e8,0.04171611833657371
af95309c63fadc79,0.09538036280147273
b8b45d6732b08fb5,0.06291375860213821
66966f55862259dc,0.10000524447929794
608333309da6527a,0.13100063304190634
36dc5921a7d84ed1,0.0991811010553223
27813742ebfe2b33,0.10648115403194287
211d5db960ca61c8,0.04620235297453906
5b186ac0d11513b9,0.221136034130511
832d1c008bc3ef2b,0.14135146485914896
7d4e4f8d7d40dcfc,0.06306616131447244
f0dfb22c3a27665d,0.15347206744328373
407451c452cc5d17,0.17846756889652324
56928312feff0ba3,0.09804216900343062
9454541a6582c13a,0.07146308913013345
e6e2f33f21d593de,0.04286024952758203
eaa2910769614f8e,0.04786511510634126
127bd9796d970cc9,0.08427354969982777
169858f0ea055525,0.06861025646720366
47a3a9c393a619bb,0.05347081656601304
d25e98683c74aa8c,0.11028410178084562
4f2ec1f813538809,0.11328767972108915
8e5753d72777a9ac,0.08629906724406222
d9cef172341ac628,0.27854035075985667
d2c6b2e087495365,0.16342843694635173
5aab483da67d16b3,0.10369381873889005
ad319fa45d964c5e,0.1595379797760655
730d677b8c968e37,0.05881712108073724
b1e38b684248bd0f,0.12143732197719985
ccd097c32d7ca7c0,0.0739611195686639
4cb0f5de29f8b8a8,0.10090387235072713
902aa8ae7819a527,0.04081577228545317
36cc1fd78eea46be,0.14523985269317866
5b8a6b0aae157e06,0.14666896335455348
d371f4cddd5ab580,0.06204151518963297
a07311ae113f1cc7,0.1609795393845825
8ff382f017152a6b,0.13648917875440095
bfe18fe096f61209,0.07258529378979094
97f3a3f55f767d91,0.06659041479830517
a4058a2e4bbcaddc,0.14807380868413156
6dbcfd20040642cf,0.04542834882992745
42a6b3c10ef18f02,0.10183955525386672
9d7f6f4e136504fc,0.0636052967748479
0165f411bc818cb0,0.10912986140689436
bffe1b12bbe69fb2,0.1140539873368668
e01b40b1d6f30df0,0.1683151258686876
3201c568d1d26470,0.14336559712091979
0affa4eadbf1db83,0.17030815268775668
ddd3b7b0ab9f40d9,0.15801880301608243
ec738c2ec1bfcd80,0.037721122050258855
906a954f8e1fea07,0.19012870124961712
cdbfc59fb04fc180,0.17547736262187766
2d4770eef88200b3,0.042424358874164035
3d18600bcebb32aa,0.09268743096974928
3e050322f92541d9,0.08571651960315237
1221e13593768788,0.06957266579505178
e7ea980a9b3cc8c4,0.10312731881569547
398953f786ac4845,0.17417423892907483
e8efc32edeaa174c,0.1506430494761907
49f061e869ee997d,0.09681328587525599
17668415b4ad9f20,0.07096153547149482
81e71cda520c7c11,0.1365167275361655
7c48e5537ec69161,0.08026351190571211
7b6ba45bf7c43e21,0.09634567927917997
9cdc08694020bc45,0.12911762874586197
60a026b4a766753d,0.07636373214049026
719db72fef47ca30,0.06036219928156953
c0b5b808eb068fc6,0.10603460538236988
b20616efa1e51758,0.051597853976120184
d1c2190b7e54ae51,0.04836656745106561
88d71cf388b60bf4,0.12965763962397253
c2394a42025bd869,0.1774788042321739
19b165b652dbcda4,0.1533318464237403
c17841139e5914a5,0.15136601647659073
5549a53bbf9d24be,0.13384704152554225
2da830aa5b2812cb,0.06309881927078585
fb36e8ea3112744a,0.08244462934121025
3dcfee7f0efc084a,0.14884881979755094
16a97d3860c22e1c,0.15681594420814426
6322b2e3f7dca7db,0.0927172343591035
a48ff3331f89fc6d,0.11556027877949893
e07a96472008d97e,0.21934983096087168
42af4fb223127bc3,0.05972829693819138
4aa484762f1d25ae,0.10897761111841653
c414fb964c9cbb8f,0.11367622382489044
397cb89e6ab8a959,0.14696000377205956
2e9d9d9e0a6af0ff,0.11700009308496917
fc32ff9c59a22f95,0.04090383816276875
5783d334ad7f831b,0.142935576777359
dbaa31f9fbbb6219,0.05694968720535631
93eb228beb06de30,0.047249244940083486
482d6bc5204e5ae1,0.0705571746834562
7128efa4863f0362,0.09963906078117356
ba5809f410734a94,0.09245097419736338
a571eb5010a2e299,0.06365733966555537
ad6cdd09fea09683,0.1391937985402882
fa9d2cf12e72efce,0.13597012691197632
a8ae0f9ef30ce81a,0.1783364868047621
3b234a17219db0b1,0.05457471887611126
25b24a0734045bd8,0.1777962279381712
771f41a483c9f8a5,0.08975020445763392
22a6c4ec274869d7,0.12409539896567691
e48895820558223a,0.056114184287973434
02c11767f29d0426,0.04051779497130379
d686fd200c65923c,0.19292050195163565
adfe117f01ca698a,0.03541563428076492
69f3b49837e76dc6,0.0963549176017327
2e72632e2ea73631,0.057460052283914265
3207b91e24e27568,0.06519271699942737
95f22517cd16a7c2,0.08124036730382905
543936caa0e83a72,0.065240091744028
58c5c659df736b0b,0.05052080301751022
997b65e2ca34d529,0.06961811642920616
75bd9c566434eae8,0.05732570732077425
14088d0f66d091e7,0.17743496437075232
4014d97b63499622,0.09281138647629872
f9d10471eb47111f,0.11833487607051851
545fffb7628e26bd,0.04902676034789862
9c45d75bebd4d820,0.03816522995311984
f710caef77284ef1,0.1470781977833414
e4bc3c14c4f4b1a8,0.11879216095758492
392b17be6354d3a9,0.10429746301184617
9cc8d07ee090f377,0.15883909599585572
b2fbccdb690a2b84,0.12971260828225392
291257ccaccf9d11,0.12489683491710117
c9022a6ee3a5d7d8,0.05217299362893646
19a688707e160732,0.05271142631126554
84bef4f5323ebd93,0.14845511925554636
a3e5e1903e0e9682,0.09155405084291675
3b0297530613b732,0.04788820372435595
ca0fa3062d6f947a,0.1315669080805109
aba2a7eb167c6548,0.12354438635051064
7dace0a49f811059,0.12529800043320735
522ed32d9fdf2d72,0.09432185191966495
8771c418cc219aa1,0.10418190022779723
1b8f8b528f041137,0.0359904143954928
a9112add272578cc,0.08542891380367879
e722b584b816d2f4,0.12576507626012803
324dcb8fa3962b96,0.10578143464447355
ee84f939a7ab4e14,0.1632808507518737
f7a5683abeeb512e,0.06527473287549067
788dec8bb41081b9,0.04901231585191795
20880910f50c0159,0.1142862541523102
a55d2babd6ac6e05,0.05157308305471772
7c5af2b41b2f1889,0.11313937913853515
af9599e0e687edff,0.0699991832733237
96de608fb997caee,0.05168059687355753
ef99f60d68f58a7e,0.17301659200288955
59d2159096523cdb,0.20811652853250037
606abd74dcfa442e,0.1390749746068424
20fdb4917e7e9401,0.05890161065732919
a3a5ff27339bb075,0.12286279777025277
b5ecb5c63b48ec75,0.17920230520159772
0a039166594e063a,0.04622691247385283
62bfe04683f51a3c,0.11078703314626887
b430c4d5161b59db,0.17705690146109077
a385f4145be5f5d0,0.03859879464670476
904e0bfdad64bd43,0.21860670137691207
0f4074528657c491,0.15833260080729608
39e4468b2f4b7935,0.08692040003401769
9125b00413b353d6,0.045340038903390494
fafd8063bc5f5cec,0.12195009744841688
6b06401ff364064a,0.03813526739367181
e5c9addac3faca6d,0.05381081241102104
d12807d748517f6e,0.07560498735443827
828de307532bb29a,0.18046588919501072
2799da617b3128ab,0.04381521080433772
7b6d6ea6d9feff86,0.03943358197807433
0627c402fd75fb9d,0.14881713274727124
a1bb99f3b749279f,0.0796770132516233
ceac2c53c27234d5,0.039897990067959466
9b3de1b793447910,0.05974311580836201
76a426cfc81a4d2d,0.11886606633092663
abac3cc21ba1b309,0.05450342877395093
4e8b9323fa254334,0.12285579053771079
1a4205578a28486e,0.15565375187490157
fa7dfc3f7d4a1344,0.1419937137603047
340b1651b36c8645,0.08256306395598688
73cf2e26157ed703,0.13164415780152683
87add43c2ce1b06e,0.11085062263994226
01717bfb5b3542c8,0.11513252824610844
70ca05c9213444aa,0.10603968994431336
0684a9a80bfd34b3,0.06443105857918471
8c2ae373e2809c29,0.07603361492444988
331341a7f1c33272,0.11895210287808551
97078c12c161c701,0.08661273756230327
4ddffb1d8861cc54,0.047211397598067334
2dbc5e3027b4817b,0.1159094105575809
8fcb717c71bb3cfc,0.059866999210630434
58ed220fa88a029b,0.0433009915435501
fcad4ebd837b0031,0.051944068622742194
0792e52fe2c9b711,0.12851497526359906
576de6970c4ba90c,0.1271270830022192
930888a00b16e315,0.13364447861392623
bb00b59f720aadc8,0.11984089148440637
05aad23e028bea27,0.10267496179613096
0ccaef7346d2eebe,0.08434499449002919
bc31c0a97c89dac1,0.15353162971386722
239478b0c695aad2,0.09031946956651432
6d59238e91d3c6d6,0.10871469944268515
02b6f6002980042e,0.1469156863042815
0164fc5fb575ee2b,0.09045380801407195
d8ba5ce01fe8a09d,0.12777510885560617
173b378df818b167,0.04101650302172891
7f5edae9b09a208c,0.11880208534815606
0b5662c2a594c20c,0.1256554000385827
55ba1dbed1a641ea,0.15669360588909914
c944ecb134192652,0.1776792313108669
3984b7d478aec2b1,0.1569126696292971
f6ff304e4f459ab4,0.1499973057130867
a49951ac9b42ceab,0.08199080772660892
4b48ddb6a65e584b,0.2104368049317182
624009526008e265,0.08395341734131155
9ca1f3fd0ed031b3,0.12396566247151845
dd7e10345355a17c,0.07990322957543033
a324ae18d57bb12f,0.13085967499872117
f3aede6892999fdd,0.07199894981238597
798f779dbd13fb6c,0.17203969647191278
21481b4c28f91b47,0.0542034034204642
8529066c088169cd,0.040003784312115966
7e93ed2093de4112,0.06730204809712627
51687c7ba8a553be,0.10997592135564101
4ad8b585409698e6,0.04467310220718911
eca2dbbd4829118c,0.13434513907848733
7a9bea3f50549e57,0.09469927826330009
e53cb4d81fe012e8,0.10426987395134657
25e3af07b73ccb43,0.07771050692528005
939b59f220b94ec8,0.0772663873435166
9618c75bab14bdc4,0.17179936612917487
2ac483615d4696d4,0.18384250252360154
b357b45b22852d5f,0.04813292855827511
eed158b983054ab2,0.050794323097009424
25b699ec3d33020b,0.21400374922178622
fabe692869cbf6a8,0.05243292559266103
e30cdc55701f891d,0.12576784227502913
4e247c59738e0754,0.11928933365003858
eb6c93bf83ef9f01,0.1335357786477628
4b2a51b89182eb2f,0.10826721039467836
920800c7a752c35e,0.040674697640404794
00e3f3638706ad20,0.09429654070756162
3b68344f608e8cf6,0.053590690179456696
bd0092d0e87dd02b,0.09907667722134927
d3020752ddea13e5,0.11382233796514185
679a41beeaebf503,0.15857721187069665
7fcec9e71dcf18cc,0.06656464048708119
735724a234bf2816,0.12900277738627117
31cdf3e24ce53af5,0.1055698022416694
58b83792be0f6321,0.15780571640585503
2a84a58cf96025f5,0.04377785945610441
9fcedeea63586bf0,0.14472983340324452
d9de7aba8c682fda,0.04714360342639288
08572215a3892815,0.07886615809002726
b488884763d551a2,0.15287679718785976
c30e80405d6e58b2,0.04388355827029447
0c86a250e70f6eb2,0.09777414302898892
a11c15fcf4597f82,0.13544234446614054
2caedcb4ee1a4103,0.21195756724031753
f91d05eaa3df539e,0.1033521504849997
8bba0a98ae140af5,0.14598405759690244
a987e81632676043,0.11507421311553524
f50807d17b5c038f,0.1486328111165158
ee12454070596716,0.11932693470598843
b6e0190c3e5766ef,0.15181147591196467
a57b30735e272a29,0.04385209708727528
ca66fe2ee058013e,0.13858919428381575
1969a8349757d32d,0.09906545354319467
a5bad4f4702eb96b,0.0632221188285314
2f4ee5ef7a9e32ab,0.19905019033833662
abb1f9350d96ed70,0.06747745278010707
8a663152856f606b,0.04834106934612328
5965e2be33eecfc3,0.04776893467932817
75414a1e69d6f205,0.1017080596413158
0d6362f82430762d,0.11838404742407112
cded8976cdbec569,0.12602566481100366
2f21d9cb88d7004a,0.13049121398006927
bd0809d01c93396d,0.1779810538584904
d368fd4152e904a0,0.17930560382899044
7a088b0bef4cb74c,0.06247701394715191
dad9460a25f9913b,0.16831563774846955
50f138449e3fe2e8,0.08839099119443779
53eecae41b9614fd,0.15535972863930989
c88755b5796bc0c9,0.16681102163993786
1b2bf22690f55b23,0.0746159703564479
4c0b6078692f7c89,0.10646804761498994
d310596293c8f04c,0.08780176985316168
3a724ceda4c76f9c,0.04290747233793757
57c2219b4f1a0a5a,0.12247025758807938
6069a9ccdba45516,0.09631357094445599
504a8185dad726d7,0.0961284642116322
c950477e87d58094,0.05629280524959154
9f1e86207b2be555,0.19606958978053815
69051b19215e3e0a,0.08748397139367146
7f70b72d97083c7b,0.12982986520651854
61279ec74a6d3645,0.05920958764465384
4a35368f7daabf53,0.10103894043520369
8730f5f1237b818b,0.03650384449577449
f9492b545b552f5b,0.13204255474276985
a5e99c4117b486a0,0.08135030089425867
c10ccbadcdafc1cc,0.04378845061728353
e0d15a865fdfb988,0.05951770740684443
eb916f460ee1b545,0.10229730206853545
1b7bb61fe350c5ec,0.05579975928333516
03e5516590f20096,0.08803016101760115
18e0a9eb3145a82b,0.05661795972787803
39cab30b8f09a081,0.17887655240144293
dd47b13d3aa2de79,0.053213254065023786
6a431bf1b07deab0,0.16639442752655664
2b0db9b43f8d905b,0.09331185920849301
363b638b117d0e37,0.035600441448394755
87518c28a26f4d41,0.038001912150023
3e73b6c86098ef20,0.1453049843187332
f7580d024f627389,0.07169177456968481
626946bf85055423,0.05501985849377141
1d4ec81574db910c,0.10395564757417426
eb3384eb6ec0ee10,0.058233549660934046
ba1a0a18164d2ed4,0.05734499533313381
8736a356e18687f9,0.06895734961744175
f66ad6f9a0d13057,0.07334037334351186
6781beeb2a94c80b,0.08602746748243062
45ec50d9e9b762dc,0.04880442206145161
f993d49be31858db,0.09658504657496057
68630d40b3d8c8a7,0.09190614962560018
790d0e863cbc896c,0.05948777912430262
6b9f40e1b5440454,0.049544178683596764
5bd12aaf1d87cfb6,0.0887198802772136
9593f8af8e49622c,0.053267652676779596
7787873ef39eb65f,0.13285400186271598
3b43be2428bd133c,0.08679265456145739
51614174133f7405,0.11263733318232035
90ef1be7933c7d32,0.06761829251283351
b9b0bc5968838ca2,0.07030963150330914
34854ac0b59be9cb,0.13179738146673015
552972fc397a3d7b,0.11687879217738002
538cce811be930f6,0.194572956869104
3684947575a87995,0.19847418323740948
3458934dca749c27,0.12713528976945823
777593519303d6bc,0.13068794554585408
c998d0d7e544f18a,0.07446882724120614
a23ad55fcdc44126,0.13529575015546913
628f59b52e0f1abb,0.1687707693199394
f55fd4a896009b37,0.06512004670707607
891966bf8125b263,0.06040783137515451
31a036f4acb27daa,0.12757896882996161
b329a2756c4e7e5c,0.041147660603581444
4abec7b3aa11b00d,0.07292387154808457
506d7e6eca5fce8a,0.064697456149421
93767eb66242b1fc,0.1676693454443492
f07f619af08f71e3,0.24858068549589374
067779ad870efb29,0.07990409948994
5772509431f3d5d1,0.1168138352275969
562161d24bca87e5,0.03932092073920541
f3e2eded68a25564,0.08453269617440111
4e9f50f16ba04465,0.057458011702000426
a4208a55db792b95,0.07711378725160506
9540d1c34ce10213,0.07543470509977121
3b047ea1a379c251,0.0640392267018801
90c24520deb11d2d,0.06470350780864366
174bf54853f8e212,0.08444754448922782
e32af9607e1574ac,0.048130549450810245
177d7eaf2ebe4bb3,0.03931332114543354
1d3872dea5918cf8,0.17530129867107522
b6641f418df5107a,0.10425943950320614
7b0a91f0c2754446,0.1610642100229538
3074d01b6d512da1,0.1021572231460839
a1ded8ab2ac8cbc3,0.06654085315708085
99d24231acc81bda,0.154611962551044
ff0efc6b635f0dfe,0.08609619305124705
4b26bc2a5271e828,0.07196624861975612
323cc294321346a4,0.11825587940805482
1c5da1e20342a0bf,0.09044603388660817
4f414677966cf8e5,0.08385756126647455
a08962f7cf8ef6ea,0.20005036452350064
e6778d3ce59810c5,0.06238272858437673
944d32b8f9e9db1a,0.18211545247031058
e5c8bee2002b6ca3,0.15121527164531587
fcc9190b336ccdc9,0.05494403173607718
d8c0de2ec20dd583,0.11032672139299111
fb55a45c51379250,0.05155281355579758
d6e81f789123be62,0.07586911308753336
2653ffee6d9f5abd,0.14544784872608477
daf885e44112d6f2,0.10917682393112545
a75fbb195a5c31b4,0.28032156101100186
d6946d6a1e5de8e0,0.07093684602097496
262eea09fa9fdd15,0.050322953144639575
0661f0f9daa76a96,0.10524296683805247
3796742963319893,0.20587598652206207
b7d31b3502739b04,0.11161724642870263
ca3ab2b2441679fe,0.09935019746381808
6ff3c95261a2e60c,0.050228145691163996
296198ef516bccfc,0.039085636152898076
fd7387d23f2c2e12,0.10001587880468898
705f7c9f6f9a1ddb,0.04770818807652188
664080d9a44e09d5,0.050346941708238925
d7bfb116b3f0171e,0.0876751244879093
df7650f2e15b685c,0.11294078404887563
13d553333a49e1fc,0.046059756283713116
d60997f0da2b3161,0.04766643457933262
e3dc5b0748d9d1be,0.243060339724157
126cc7a3354c3a59,0.05153958872957504
68c831e307f80c40,0.03901301860004415
4c10437c6f1f749e,0.23773125758479752
4de56fff18170df4,0.06324910502918557
93ee64e43ea9b0ac,0.11672644656079617
622e27b7a834d371,0.19558146075846503
8283fa9a80b68052,0.06706818195068628
3cbb48910802e9b0,0.13983301856906177
898c4451fed60e39,0.09933137609602823
560b7b7af9fe8dd1,0.10513478013983353
bcc595e893e2a797,0.06912373612438279
cb2fa098224a9f0b,0.10422287247549367
9e2a88f835bbb5df,0.10839837392695834
07e1bd9a166bc257,0.16993301211855819
10fdd890be2462d8,0.046555227536336174
34a7adccbdf4dbe6,0.15194391650390676
5dca94f6e13922ed,0.07284079842766016
be032af3265ed2f8,0.2046647206771338
afebc493854ff065,0.041878414989545316
755bf2132b96ea88,0.04185587231095245
11b6872eb913fe4d,0.04379057152715438
5a73131a74b5e6f1,0.06289645746186275
a1445f34ce4c970c,0.1298790774422251
c84303c64f096b4d,0.10066108706354866
ee5a57da13fbcab4,0.15900189407405066
9e237fe51b937f8b,0.09416391815598324
04c0ce452fa54511,0.09675856208147264
e4cc4cfb493c102c,0.12710202599625445
13ec6848e5d8c7ec,0.06670582273515263
8b117511fb3c0bb5,0.15904889543319378
45109a7dafad71a4,0.17563548684933217
be5d51769b283a70,0.12685678465271874
4b049c030fc355f2,0.10176892112943355
e1b125afa19663b9,0.08556947443093571
7f5ee99bec52fb31,0.202576505996084
0ea477a7bb524c43,0.0895703880989916
b2ef814029a4593b,0.12172933306365397
54642bb90de7c651,0.057345760003618684
5562db51544efda6,0.10097666923410031
8c3fc61ec6b0570c,0.15191352324330343
19990ada3d732a59,0.12875109506919627
d4a097538c2270df,0.0973853302481728
a8e6780d12272bb2,0.13139805762862614
0de7c0afdf2ac64d,0.08885438859092194
ec3a682eb391eb7a,0.09729927703807463
de499b3d3aa77620,0.07809469287980698
bb95d7738f26c137,0.08887244601254195
76de6c48fb303a99,0.15171331944455232
f54db052a2c1bf61,0.14688734871047532
d2b45f024d0f9012,0.14260684826248768
26693e446f60e43c,0.0874065639436199
00fedb2a014dd220,0.07945184143172275
8b353042d65300c8,0.08836167934507827
90c55b1f3ca98c5b,0.05052123358223946
b874c35d79d74f6c,0.09491594757990289
d482eb847a0a40c6,0.06882472373369032
fc4d3a97478802f1,0.07883783096097693
0a7a2b85838db506,0.045511285261244816
c697f27fe38b040c,0.060418064304393115
a4d2009627d556d9,0.12428712240454083
1c403f2124470ed4,0.058563513028394104
33627e42df750fa3,0.04577528383203718
ba9bd925e360f225,0.08387699960995006
ea28b791d0295ad0,0.10149759958043532
d149d439304c8705,0.045806002814551876
536b709bf5515eeb,0.059658000831668785
88c0a8061e7a3795,0.138864211064491
8764acb490f19b62,0.060359912804927834
417f76acebadcb48,0.1663213688488665
475869c5be3c507b,0.09634722667509436
3ef8009767c7fa25,0.17323792739717792
b554efed5fb706fa,0.1584739306350201
84da50183b024285,0.05581005103337918
a4b1d18f46aa981c,0.04722625245333258
9b47e555a004cdae,0.06759226805371556
ef262814960ff13f,0.13594097998219465
5c0868ac8eafc7f9,0.0786616255065911
db15a0f6f796aefc,0.04236831540253305
9e813d48e7fed678,0.11931921884787512
7e45e93f027eadd9,0.1537937209636563
bba24189518e4411,0.15332224327153288
80cba429bade3fd1,0.04269328574805752
ea2c64045d0a1c12,0.1390522649643702
6eea65bf31a2bde4,0.046153393009703066
986a532aee033e7a,0.05720653073845689
d254bc6437766f3e,0.058668191454744854
3c2c4044a5a205b7,0.07700630126461776
d1698b7f7ce2ac63,0.13729132107509057
5615043a1f36b137,0.041438502996691794
fcb9321c88377fa5,0.058850592035331196
885250c55edfcb6f,0.09510146265686019
f48232723a1bd05d,0.22202907567147553
27b4eb77530a112c,0.049493493955586214
98a1669bde0eac7b,0.18862102398725858
c85cfc3341c8708c,0.0482653894223471
8043ae38af9b3ce5,0.13555447518910604
babccd7388fd8c21,0.07717311252162053
28aeae730b623cab,0.05546461652395879
4bf1da87dd838f3f,0.04683586183159422
8da93da167404e45,0.1283102253842556
4a0a3077b5581645,0.10529428527642955
bfa2d19017923568,0.08591558787649718
5f6e00c966c5f59f,0.1558497128256314
52c9dbfce9f1b95b,0.05155479019273535
cdfc3b9f626b0845,0.126566790024324
5e6ad4f66342dce9,0.12266407323393101
42b0a534c0da50ab,0.06493676416905908
e454a16a94a43530,0.09130485647038476
1b6c9c3629bff42e,0.17556341279651358
3d4ea2f562e04d67,0.05250082566197992
e5e88946dd245e5b,0.09989732244787668
7c08fe11ea59472e,0.10034222000493652
48716b8ef3837856,0.05369789517517726
22cb220fb3d03ef0,0.16487980769975186
ad38c3a4c4f92dd2,0.05053353655241422
439506f46710d418,0.11694256714510946
e6d46d90ae71b635,0.08436444589702848
cc306ba2474886f5,0.050802533701513185
c3dbfacba8b29888,0.05789589094796832
3349746bf536b40c,0.06759744996478122
254dff7f2f5e27da,0.052724889389021645
5f715d9d99d8aef8,0.12223692466340097
28877bba74273a2c,0.0462810698698238
0837f11e1dc53f72,0.17199779393282832
700d9c6e6406ca13,0.13513368104704546
6e0d475eeeff64fb,0.09753246666348929
36ba7c400d24c8ad,0.04325957371387292
8c371f8737f1a2dc,0.3631966695195095
163b4afe1f475ea0,0.18772253674464465
2e2c632a9af9b807,0.19193920320500046
a891091666dc0643,0.12058597802355182
a990b188a8200e9e,0.042566926454561706
e0da7835cc3694da,0.11061474795868236
6965bd28dc460b44,0.04324209623863275
84b4fd2717d4bf2c,0.054869037400791576
0544118474e570be,0.09944668045364972
2437b2d4a2e8ae82,0.2626350654484174
647299fb2ba00e43,0.045254716607757615
7372537f1eba1dab,0.15657555565508918
8854c27e996efd14,0.08513188197872391
380235b034a986da,0.1764486696435733
a2d407f16ff373fe,0.1473528937155084
0ed19a3a868aaa3c,0.07962599794785859
c173b6242dff9b1c,0.07908694929450631
2043889f64f744b8,0.11239193503056948
19989bc6ef928517,0.11953080419635505
d0665c65b0cf8d5d,0.15764758057858216
2b072792e895a81c,0.04705755236684464
c531857150c9674b,0.09344787678044579
bb56bbe97134a4d1,0.05435203427653087
3e062b6117c4918a,0.08478700609195129
a58a4c24d35bd7fa,0.12918525591608518
4ea7721e8c059b2e,0.07093489121382208
32a75809119cf7bc,0.10958788522451286
e4794a0287930fdc,0.0738958181002727
028903129d296567,0.11795800008299234
910a3bc19a45f893,0.13703964957412618
afb4e9017f94d52b,0.04400584060616854
8c75ef81ac907000,0.09969981374636072
de995213b69871cd,0.05832391397850423
593b54413b1695ee,0.10969866601595098
d68b798f72ec2a7b,0.043044290036642445
2abd97afe8848116,0.04755064524526461
b80ebde982296428,0.10650652730823966
dbe8ab13dd1f44f4,0.05517894953739751
db6b5f2104046f55,0.11297918253516105
1f67c146861efa15,0.039848638124853425
38f490199f1306b5,0.06812222150861065
dce69a47bd1feb56,0.07521306899537782
12cd790efb4486a6,0.14154255716061007
d5806dd0784560a5,0.04461916714640268
207f45be2fb83671,0.15111574423799512
848e2c11fd115b35,0.11914498193970208
0f9d093c9db25458,0.11757632970409714
13e9da15ed290868,0.07981078082909994
8c584f6c1538beaa,0.034996767131687714
5fcd3e5896568513,0.17592311726592336
aa1f013ff05a59f3,0.08803882048466943
eb2bbf6f740d132f,0.0475681972706626
51fcfaba58d7f511,0.19804775098199476
abfff37a1f178105,0.1601204652634898
918258103a71c3ab,0.05513634103499667
99beaa8c134356ed,0.13526002229359702
f3d97c979517c08d,0.12669748356299967
577a00d787373595,0.17821707777625684
d71bd663eab2681d,0.13179345460882072
3b59c956b239b3db,0.06356504195967298
9115eeed93f30a1c,0.05041658921159305
3d992bc625e7dad1,0.04079785958470043
4db07f6033192f9b,0.057485820302560775
a58a45e9afd5b405,0.13554957870790993
519774a276bdada6,0.1507420881897709
50bc50ed77a01d75,0.11791823928267382
d608451c67dc5cfb,0.08629036257125482
2856ffa4f0a1ce80,0.11349162201950024
2bdff8f74778c4ea,0.043263574733879845
068acd67c99550cd,0.13207892331570215
6123220972766a4a,0.09791957996655094
c4d534fff3fc5628,0.1260208138113231
9fc3fdf14ea045ac,0.09418453642508107
3f86edfd0be75ecf,0.08049453082073384
c36573a6175092a9,0.13365177287518776
7c4df8c2f29666ee,0.048294458227640814
3c791b72118b74a6,0.10020830019135417
747b04b604c95fc1,0.05420886516025874
e780dca0db5520a5,0.05023066766101545
af83daec6d450e57,0.09600473916574796
5d4ff9f52e2e4f34,0.11422749013607196
b2b8e551d87be54f,0.46003551124699155
203b6e0e0fcaa971,0.09120056930808057
eb36b4336605a7d6,0.08623637885452584
14713adcc060333a,0.09566810972855118
251c0c9a3789eff9,0.1335298080204371
0d0e059449af50d6,0.06723855392120241
63b1850f6f5df5d3,0.0757644786114534
90ace0c383247390,0.0499630188934359
1ba1d1cb2d6d1bb9,0.07434007069187636
dcb2cbe56ba92129,0.04710650331851054
88b8fdeb6d82597c,0.05500418486080614
0ccfe20a4b77ea6e,0.04994538807083546
3482a5b15357f00e,0.04935470477104665
6d71348fed8b9c4f,0.07106818961109557
f8723e3306bf7c43,0.21904875683972938
7ef77b74f9baecb6,0.06190460616389068
bc80f01834269376,0.06960088285365978
18da383af4fa3cb8,0.19468617310319825
b474ff492fb9a94d,0.05621824529228053
d157b8492ffba0dc,0.0575271182942201
cbd2d4eb5123804b,0.12027414150057626
0f9515404031e965,0.06852796888591899
4f1dcb8a1669a31c,0.1375452367396283
28c27ce346a7a7b7,0.1547885982233107
58928eff8cb29089,0.10315061904024474
8069cea0e02052d2,0.048406979704184755
3b583c05db5ea4a6,0.04417182071229112
36384df41240d0c1,0.0765852980103152
15e9a245d6d06a3e,0.1566365179772878
d2dba561c29b817d,0.09569342682620231
2a507f7014709986,0.16593330249563412
a27e43abacf3b1f2,0.18211348560019622
686019b683e849d6,0.18414952333327497
9a3663eadae7822e,0.13572922209788515
f4857bb0e0b52a47,0.07202633208681838
29f988f929e638a6,0.06189498643810678
cc08f5318b40d7b5,0.06292921869017125
3aa8c59d9c5dc7ac,0.09362558562040353
eeeb124ea0b0d51f,0.07899639142929184
c422bdf822a0dc56,0.13438349634337252
98269904767a2636,0.05830872467725758
e6cbd02151c72662,0.15828089627814246
5e7bd880681d9f61,0.1181626851225571
fbe456da262eaa3b,0.09783064264492221
dfe3e7968ec080ba,0.06993004080852094
0e9ef351ddbc9ab1,0.06400646821928076
2902b3339eeca5e3,0.10477271902772811
a7137a063b883e92,0.11385607908816557
b733ad3dd8899d06,0.07761776598150107
44fe9234ab115e2f,0.1956921617654618
000b03fc8664c7d1,0.04717858054577378
9020a01496eaf633,0.1577055238637747
53b7a21b0f4cc200,0.05123411878056616
20cc306cbb1c6bcc,0.17400954174230807
debcfcb981ae0125,0.05329979667805115
802bd1039c3e6a1b,0.04541635073422723
5f5c21e0b6a4d4a7,0.06795172632856199
4e1d92bfbc009b58,0.12240768927012075
644c03f056f3bf9e,0.15688813176022345
3b4855d86d450661,0.05113234959372578
dbe1c9a9d3e563ac,0.0614551218905716
2fb49e6e63bbe8f6,0.13386993467552813
2347ddad2e1b095f,0.07859006333964001
e315a627d1ca8573,0.16057180711354785
0558a476ace81c15,0.09803794706205449
4426fc96456aa43d,0.1550619567170164
ee5092888f963b26,0.06719796822660061
57886ec9ac1bcba7,0.16751289435362973
69e1947ef1a19192,0.13833647534890373
af29d6fac97c87a3,0.06935961851591443
6952926383750b48,0.08476704875989949
b6e14b919c7ad1f2,0.06021939177210006
8d09ba7da0267580,0.15103387548500344
40e7e13ba421c25f,0.054483851198976606
c3d8677083122b80,0.17045097318221622
e41366313db49145,0.05523874685192351
ed95e31015c5959c,0.1184870292594155
64f0bef89a702494,0.04393757238309267
81918dc774b899ca,0.047441135770165475
dc9dc895fc8368b6,0.08698132806924379
ea0dcc9add9ba8c9,0.10951049854343979
c45a009981cf2faf,0.14424913612259227
ee4eee5c2cad18b3,0.057032126929758155
4b8886ccb99d4b95,0.08575806595055598
a11b7637d21059b0,0.06064379104393778
ae6bfde3685ef5dd,0.04659052763980348
095f96ba3b90f727,0.10918058720123636
c800465fabd83658,0.05318414993752809
c75993f60039bc22,0.10506075910076058
15b2e13c51d54758,0.09545646094107592
cef343af7e936391,0.10493590817842995
bb9e37137f42fad4,0.08624440024064779
b6f54b152f0f2c28,0.10000258110469434
54548a1370ae962d,0.1122182592495976
774675091e96f38e,0.04335051048441041
64db0198c907fdc5,0.04995032696354862
ee3a2eba79a61cd2,0.060710537550047766
d87ea92ca2504e8e,0.18863212408705068
493f68967d2931dd,0.08509193321318215
33c5bd3953cad989,0.09027308162055418
31719675e9834500,0.06314169339836449
283d0d3d8afdcd48,0.1399418309023186
0954b46131527b56,0.04612588364264666
c7f99cdcd74ddfb2,0.15628716837297155
89e81b0750c67025,0.12355175500005267
ef2e114a293d6051,0.05635001997899852
3eaa82eb74b0d2b9,0.20752857212501893
f115b5827c53fdae,0.16850973971592945
5b981d50572234ec,0.09638262383665284
bc2a7ac2fb6ad312,0.12707040389119229
cabb5fa14742de79,0.15790084681079994
9dcd899d3120d04e,0.05052138953429212
5bf75dc153469005,0.12043667022959938
a99c57a3cfd238a9,0.1884817804329273
7d3c73f6e6251236,0.1397010566099787
79c824cab095ef0e,0.09633145697250593
50457f03b19ce000,0.1364770046803689
72ea29c850f97747,0.0869191635880539
949aabf35ccb0c4c,0.12111948367257369
bd3b7b9b5cc3a346,0.09505987156142637
581ae7bcf533000a,0.054810336183895136
f944b728b8eb9aac,0.11614685825434268
6add937f4476df2c,0.1066234899837309
478be273b158fbf1,0.04801518458694043
43c1856ef31d1073,0.18223087838574425
8f97466fd3810c1f,0.06474890251447209
3ae22b8a964781ec,0.1139762146651429
82ba55bfceb0ffbd,0.07319838496886123
5966bfc14b304d05,0.09613217999559465
eedd90867e3cd9d4,0.04030158408977506
99db9ab5fdf84102,0.04459272433796407
6c6761878fa11c78,0.11682213756982374
731bd2e8496a9b0e,0.050573799362996
9f1fd83e49b82f88,0.17765191728700647
51a2cc12286941ac,0.22801279201458835
7b60067efe8e7c4a,0.17381676889755504
7ba8d7a5a2f30106,0.17004862113201172
677aebcf5c57a29d,0.08576623947801365
c2e6810f10057ffc,0.09960406075095975
f770bf49e8b32f7d,0.12269402893423108
d999d97cecc80f08,0.1282060460664541
225695249568ef3d,0.16346449363489682
64c347ce204607a2,0.13811537693040948
8b972fc1665f8aff,0.059338773521490217
fd3a180f558ad235,0.09713371614135378
f24ea2f162b99780,0.1414616690971502
71edcfb193fa3be3,0.1466821186545247
4507c7c846e862ed,0.06993314268303813
ac51d145f495fdf8,0.10353122933619774
3ab5c54552e9add3,0.11908389342852406
0e545a1fa4aecf83,0.053482700277401506
19eb7f93e53f33d0,0.08779459900914748
f4653f53352a740c,0.1110334237363569
c716d718820e66c0,0.05963473353315086
a8a2778b42759e84,0.12637802406494
d632ca08f997e38d,0.04957987604459355
47c56ea6034205ca,0.05056283955549853
f436395245784b88,0.18438535120642152
ddb7078278325022,0.06659007501218472
1c24525f31c1953f,0.13991930337831768
7c7e6ee56d6ea5c1,0.1654783738825047
0e67b9cedd55f492,0.06395793498788373
a585afa6cc802221,0.06550076931614389
132bdb2d81abf434,0.10424996434401634
cdafcf3dcd774b36,0.12424285619036242
5694f780d2c8e463,0.045633216092110046
317ba4057a04aa16,0.15703424370970134
a92ae25f2defd1f4,0.10962537761354317
ff0073be9d8669a3,0.1870295829933398
2c4d6fd16e7da4d0,0.12192325338028824
e8b93ecfcfcf69bf,0.10233570509402325
aecdf632644c9922,0.13312454608991983
0f4ac8759cecccb4,0.046514680481803995
ae0ed79b3f56091e,0.10819132300492988
492dcb545fd160e3,0.08470721888615333
b6feaae9a6963540,0.0733397924424508
10bc80bca38b6418,0.08070320844213537
d8bf52f15b58b474,0.05070024343758369
d590d13d8a0daf0a,0.10535596661405235
bafce96906ba0c73,0.06719755050918484
15a89b9d9a174795,0.08623897231017706
3c895a00e202bc6e,0.15204644310200785
62100baf87d531c1,0.12993225905036684
8ea52f2642c87cd9,0.08039341819429213
78bf3db367f46ea8,0.1854057186492852
7303626be6419b04,0.10682532521804218
86f2e3f9f88bf00e,0.17830223348753008
39921131b7d48cf3,0.13764812972858623
7c06255c489ce455,0.20396760262129812
2a0f68fcd60099b6,0.1444923080774735
968f899504b28211,0.13543165575227775
98dd9df8fdcb29f4,0.10141013825201965
ed55728c47c8b666,0.05344347472861551
0e54abd540000681,0.18153538932727295
2687ae2ad26c6497,0.12748571282193094
afe3e3f4edc8f7b7,0.0866091791985229
3d8ff2a3976b69b9,0.09605884208994618
13e6deb5f77cd1f5,0.10816667157151534
8c8711be796262dc,0.08205565607213354
8eb1ab06839664b5,0.08504058624328355
dbd58b32bf776c26,0.05434077720547084
4be0c2fba004271c,0.12084741247389162
a0f6b49ec1b86bc1,0.14194325171062452
3b33e5fb16341fe1,0.12199020673911572
d39f326ae61cb937,0.04107348391804326
00e28c2a11d38c61,0.14560229427463603
a55c74a9759fd56a,0.048665208209302535
8bfd04b0788122e2,0.34479760381153984
895776a9cf9c8d43,0.09133006199389569
7ff187535e206416,0.23549615663289444
b2d991e4147a68e0,0.046913024802099336
b62ae246269c58c4,0.18866769409370157
b8af731f19b5c84d,0.0412092277817642
19f5143484b38101,0.12556764423288613
982f6a3f1bccc6d4,0.06074529595809369
2cdfb20347feec4e,0.1657605813913264
5b2d62e736467c16,0.08231955903860565
f85bf07959deae92,0.05859577112984763
8e923fa1dedcd01b,0.09182185376854006
93b3dea6a99fe31a,0.08313889559293032
8bc3af23b3d5ba85,0.06566327853246155
91db39152bd6ad50,0.20902793345770102
d911a9c74b505826,0.14248703278400318
0e53e628826772d6,0.05504187877815473
14d7b607e5e3f0cc,0.07227519771443638
f3e8e3469f0aab7b,0.05179860295424726
b9c36eb092bb275d,0.1099304257504291
9cff3e265921dfed,0.15064440669535448
585bc81acbe5b1ec,0.0465863244124903
15f8e68c7ac23dec,0.07715056510946862
a37b05bbb09f8496,0.18549691735877682
4f31f80a263d61dd,0.05274377674032349
6a3987a9bab31c44,0.04596746051583774
9f59a5ca5ae6d119,0.08659740555720036
afc6cb824b3596c7,0.0436773829854766
64dcbe6f4ac8de61,0.2111714155868645
1fcaa5c3533f63ca,0.06890277313030947
a266793e0c2619d2,0.13462049785359192
598af3378495839d,0.07833796928050508
b40ecfcda1506387,0.055752471183459974
22537a4c1f1cb22f,0.05853693448867992
8c5b78cda30c225e,0.10342984129884687
3239189122d043fe,0.0768253312468492
4b34859a41dd8627,0.07412676253848022
7577c8941b2e888b,0.04396142521051722
8ef15229dd291883,0.041632762073914885
3332780ef14cd99b,0.1292712218734563
f93d1a6ecd62d897,0.09614327236530251
9505f55ac00dbadb,0.15545025798804643
7c1831bf48bd728b,0.03878672706815841
17cf81ec2dede54e,0.13848208934468784
e84c6f3155ec9762,0.29244582063595786
e894ec9e0ac2e7a5,0.17631792112471098
c307472500eaf782,0.14511099028244376
96de47679c4cb6b6,0.060102294228892274
e0dd44e7040c3168,0.08958330689356535
bd9e6bd2fcf5a54e,0.14613119852003523
0382e0d155285962,0.09419041203825333
509eccae9abde09a,0.16603045970043367
f2147e0be04acf5c,0.12512742755132472
f3a6b01cc0938196,0.14610274835818798
c1956069b7309004,0.06810911707255933
2292dd5e617286e5,0.11675415204566647
3644d81639ce9f29,0.17115356643680513
4a5bf3e5c85dbfe9,0.05059461917560032
095a4f241c64795f,0.17261739877751162
aa45545b6df75be3,0.11220002998041528
ffda21a7e2973492,0.12536628230928668
662adc1ed3e8fd43,0.09464921475951389
218ae6cc5968ab6e,0.18995050646558778
316379f30810e1c6,0.09465072446602435
eef8a37b8fe20ec4,0.22040120781853453
d9a0aead3407db9e,0.11854172523723737
f0c65e7320950a84,0.1332035191847853
4625132a59dcda74,0.2070255158510852
ab1c8b0c3967b656,0.1989871833779572
f00224def382933b,0.10754754870303224
090051f10ebcb768,0.08000802213697901
2a0c37f157e82f1b,0.09346850895606913
61914ca3afe42c15,0.06346366831887577
a9fc0e9ff5b0e706,0.054250599762988294
f548f7ed3074067e,0.07597409086146586
9aec70578372daed,0.05565044405756092
fbb0734a4e985290,0.05508842296775492
a8cd11786e7fe2b1,0.09045103291520358
6a4338f210f336ad,0.07074864438300835
cdb63c81014bd072,0.07553068230414325
2c5a98b60450efca,0.08661547186001117
2337a75838293036,0.048479027881357765
a0ed386ea018cce6,0.10760864980624689
db76609f02b3bb31,0.12452837492949936
597bd387a63987b9,0.17976177664299076
bc7571c47a54ce9b,0.08001867318851823
547510d3ce221301,0.12397247742974564
8e84181f60b3ec91,0.08020486935585497
13880ba898b8f597,0.204194622352482
9ee1fb0201512e8b,0.18382367672995517
48aefa3d80da5764,0.08516894249234874
498d517a667856a7,0.10257784743649845
f07b0e35881505f2,0.06226984171398856
1df225f3addcce26,0.042240375282426294
84a772cbe6d216a1,0.07427828850713501
f0e4a70f82f01004,0.12099800880745548
3b639af3777f4c39,0.0397580893985828
b9f77a4295400abe,0.04835494919453039
7d646e2fd78953af,0.043857859841411106
4127b246e0beff6c,0.04611059471008135
2321d1fdb21c809d,0.06452637157345013
9936f8d7184f5e10,0.04390503936919734
e2e9ef0520d08656,0.05126334493882453
0aa9b948dc8766c5,0.05390838388319067
d96df85b5160b1a8,0.061652224160854974
3bef9584524abbef,0.11959851000321825
806989faeae50571,0.0457751047365188
6fedd263e1290110,0.14004835817836334
5762314e60a560e2,0.21414485564425878
748cd550549c514c,0.09804371879670414
58a8e997e2757de6,0.04224922643881424
c13887db4b2ded8d,0.13914007911427823
eba0106899e8fdf1,0.1686585132943399
a947c7f89cb176bf,0.2141081527042681
4ac4a17692a2a70b,0.04285779464650404
2fa4409e1b6a3d85,0.16083881190226346
a783eca691369f3a,0.09313529851740389
e6e45dc137aa0511,0.04054263047825752
c589fb4e517e579b,0.08544227412087983
0535f48557a68402,0.13529964015752616
48e423add1624f2d,0.1361584740600117
d20110b1a6f20e55,0.04999188501959989
739f7cc76c78d0bb,0.1575249825996057
2d439083c11f62ae,0.12272618288815092
0c74bc780e465296,0.05710434086323111
52294576789c8ec1,0.11500032503519887
99b2421c51d37084,0.05058384420922509
de49e465a4c970c4,0.20926381293555818
4c88fb93b8d12270,0.050098875884136564
dcce15e3b59d9796,0.05409405889698823
b8e0e09067432f1c,0.16282838150050827
962f882f18c11d46,0.07186297463849953
34753ee28116af4d,0.11934191404594469
7c71a6fe87ccd6e2,0.04840111870794079
7ff97e6a175132ea,0.1071385584829158
d84022bd67943384,0.11613520800482476
c270a677c7614aa6,0.06796341235316126
1266e1b58e87a761,0.1265646026195085
9fc631524aa3372e,0.05986331304331172
88da969d80daabce,0.13967845621273225
9c5cf1807334358b,0.0717779741223516
0e5706f9560fdbf7,0.07259742071148034
d9db7cf658a35e31,0.15217702282485504
38bb0629e63b6590,0.11333702185422538
726236f75c9de724,0.12592482001593802
47ff559912cb3714,0.06223454299629879
bd567ce69cb8cb62,0.060565938212920244
6b7338c16e1db627,0.043552516802250356
2e47f13eecf939c0,0.07652520879836665
7e001225afcdc58c,0.1299719035165071
b0ba287dc9f94b2c,0.12078717324007963
07be300260466f0d,0.04739008049194294
49e2abe2ca234745,0.16015567095369032
bf163922b4b12745,0.144941249005648
aef9d385e9ff8518,0.1474267604989323
3e364e82bc780650,0.20635233196581462
393a9aece2867c5d,0.08163536686830745
b0519105b55d4bc5,0.13754818200535782
c5a4b1418dc4e412,0.11851839923122653
ae000e40b4cdbc49,0.0689894925744573
bdb4932474ae13dc,0.16215796116816028
54ab20f1339d0955,0.06189283805322688
bb6cce3b0b6744fe,0.060279156962729785
0d04ac4d48d1e700,0.20392530128087935
6e3f51731aaa2c77,0.09149522033949253
783b7b163b234e5e,0.13495464162429238
bb6501e8f6ab95a2,0.054562423753555876
e5f20b7a540b7472,0.07873344763053079
726e2ec81830f724,0.16984239921973313
e8dc50204900e975,0.04771776302252837
1334006b9c4f4ffd,0.17508155694993813
3553330b5c7e6092,0.1216594286035324
e1a3e161c8b2e221,0.08293163480347869
44e747740cb4260b,0.04090562294869885
00202304b4481207,0.14712990355151526
931eab5e85d6e3fc,0.052130075873809356
e4b8ca3da3eff8e6,0.08137677124617017
103e5a44f9c30ed7,0.0986873332739064
448d40536e9c5670,0.08432812744300067
1b4d4b42760e781e,0.18392195255748414
e0b110d4f6844bbb,0.13258440432756832
0d928dd7f13b92dc,0.11677434027385795
1bf6e2dae324cf0e,0.10922490605429276
b2a17e2a9337f111,0.2240504541320334
564d7ef8fb681d94,0.07191825802762092
a2088d882fb6d77d,0.1680220214156912
3fe22caa380445a9,0.11225754294937716
2b3c171024a98155,0.22221644581078795
2014d23cd7792183,0.13472616430185544
fc996643d63f02d7,0.05905293272598238
c8d5c605e447f4fd,0.09300770612733095
634298df42266b22,0.06944674043131556
5c8cbaf8b4d39f57,0.17696792161866584
a688ddfeb76eb78c,0.17521179489703406
85a12cd29f47007e,0.05083728630791276
a5e1a3f8e312e1a0,0.04666631378240016
29e076c93c2b7fab,0.16703296785041152
71b7b90e9a0b70ae,0.13209216736059673
11583aaab15330e4,0.03921433890988813
5b34705855c1c880,0.08625325347369943
26361ce2a06897d2,0.05998030947872351
2be888bcb74be336,0.07319829710001531
fd96abe884c43d6c,0.162599129821971
165fc0b6a160dbd9,0.21345744753996435
b8c8c114a79ff453,0.048706856676073655
e22746fcf084642c,0.042541924467615046
3fc60942cef4b9f8,0.16575571703844602
c78a85aab85debf8,0.11230152553263055
9c2166227724c80c,0.048653805764344166
e0291b12205c2c68,0.15798934240302923
307b5de4b89748c8,0.040329103907815016
b83469a7d7ed138a,0.14382758142470406
4726c5e084cb6f1c,0.11672011472863057
33795c308f648269,0.24449679244034858
d44b56532551df1f,0.1364756965105116
7db689f550f62666,0.08402336076935224
c64b1df6de24f982,0.05109979470418063
d9685a6aeee511e7,0.06398876068640352
2c867c13048a2311,0.1707381962267247
b3f36f5f67857959,0.07889744133623862
c8dbafacc0fb77d3,0.11332567964018762
3a1b2137777bcba5,0.04754570454679683
c9627e77fcbdd360,0.12549628312250208
cf4f6641c91382ed,0.07117560809276331
fb519c3fdb753245,0.1857532676778431
035449e62c90677f,0.10427562397985425
5201d1bc5a7cf0ef,0.10525314044140643
01ef09b451cbddb0,0.0886053283294429
b98e367af7c0158c,0.04448605286647483
bec6844244ad0aa4,0.10303743917378634
ed82262b135c6e4f,0.1534023519466459
67637bf7061cb7b0,0.05066308612343042
96ef8b85b60392d5,0.16868796642633233
fc1b0a61b9dd082c,0.10894205433716915
c408b4beae948cc1,0.07295754888735974
f26323206d284ed1,0.11977280570027693
9214caa6c1a0dc02,0.05708152702216551
591a28a3c195b6f1,0.14674529957618807
9cd8a8ffb7a9e96e,0.04693541288348513
7ce580a49450111c,0.06443370669363639
abccd8c43775abd4,0.05231144481200225
5c6acd44464d3db3,0.17175005907518234
b0e58b3d4a2a773c,0.18604289096077628
eff75fe4ffdcb49f,0.16628982603670903
06ac1908fb89960e,0.14210256137662514
6e61df7259588c80,0.20316529670261327
87752778bf4206ba,0.11697298445327341
2fecec0b55303222,0.07041147676987654
d57c0fad9eabe24a,0.14980144148641616
93cc7546b8c345e6,0.19484187107903858
eb76de6938c4c38e,0.11618655268908111
0e733a579e63472e,0.06632861218705684
e7dff8305acefcd5,0.06384539700232697
23423479e34fc441,0.16676325981546114
3f66f582c2bdc24a,0.08308935402675942
d312e4d7fce5fa01,0.11160713251993022
c04cd9fa54077b8e,0.06468912700845732
04b68ab2f6458e33,0.09506533771200674
35665b0fc6847811,0.12401226948587339
9028f284365c7863,0.08612679983673105
fa23926a88284b39,0.15983529490605838
ff5e27f506ba1ffc,0.12086248909991822
e6a04e92205e9e33,0.14843390012617197
934c2e26775faaec,0.04674646823491874
35403697fd72709d,0.09061335953140544
fdc814fd85f237e4,0.13410021042286976
bf4ee2f20859884d,0.06500771565266626
d2d10af48a354c4a,0.09189658713621533
a38e463e1b086d42,0.14653851751341335
ba49ce0117002110,0.08712392877928272
d5393f1776772d2b,0.08799806765081332
80a6b6e9f65aa3ae,0.08888010310820671
d84698a77b768899,0.043945118223471934
8d09ae0709d01465,0.16235632486047555
0ac53b64e16a0efa,0.21730454130159507
a632a91a07ac8406,0.1275420206891492
1f2437c787ad39e6,0.15699628411072478
beb116a0a3ad4f5d,0.15324759393475848
c38f343ecf8e9527,0.06817211022453497
d04bd8d61ac99c5e,0.06486435749044468
6a279faa81d0684e,0.08158275176156893
1b49b1154407ea05,0.09526383290182555
b71746f211be0a24,0.03871267951234889
bbe0b7fa6d60f17d,0.16061761125608545
c9117e785fa1cd68,0.04689379761744985
a700a6b3a689a18f,0.07974316559651722
d998a004d828aadf,0.15615554045850022
54cfb8bb56897eb5,0.14378477985856183
bafd504785d302a8,0.16797027999517433
3f45db97b95a3352,0.06615858339202936
2364a75ca729f899,0.16413177307548846
9387acf4770f549f,0.1366782750342002
a434422326289b00,0.040730873062259865
8bbcd05afad8573e,0.18753286604672392
82fc48f10b8d7cc9,0.05554661659600948
65dd24b31c0c4067,0.11621364206336189
b25ccb8b682acbeb,0.10551730869085364
291117008b4408ee,0.1140064690105063
aae3422dfbb55bf7,0.10159271825696413
d436224afb38b7e2,0.1010152171567642
1287c0ffa2f14635,0.07919103543863033
4feb7edca163def2,0.1719468867576326
00df2416e72cdbc8,0.06561292736073375
e51c757048ea36b0,0.05734670374429012
59e45992c3fccfa8,0.13057553037065353
7b44475e4e2e3b92,0.13257695310507797
be457ea8112e2391,0.104011478552546
1e4fd1293a611d2f,0.1274835847726918
343371989bd61c74,0.1208446059885181
6bb985812e990044,0.07565944858261696
c0be9996bfb5270b,0.07702160811241811
bb367ec1a239b8c8,0.10872574535960439
91fc9ee0920431a2,0.04958217627291187
82f2985fe6157914,0.06622591800665013
eaad7a9709bacd50,0.10616480226921944
1bb729bdda8eab4b,0.04865988969167782
35320f198f2157d7,0.05618031146804018
74cd9018fd2aa194,0.08618996545648068
fd091b5e49f8138b,0.10412169707101888
917e088d530b042e,0.1734282966668088
b0e606a7344aea7b,0.130587526375446
c220230ca6b46d2e,0.08954742729220315
2174f0850e20c2b1,0.045990381488735854
3bfea4a031f46e50,0.0516282338206982
22199945c8b6f01d,0.1395498737119585
efd4e993a8d94f5e,0.1021390637427928
acad3b0b2e72b212,0.12441028159446788
1a33438ea9b6ba09,0.09147443017012756
c9a22295bdb2b49c,0.20419169848289562
0a24b5a0c164f36d,0.08922852205509764
12b662eae7ad89fd,0.08046619067164457
788a4a1a340ccebd,0.1714190579056427
0b6ebec97e53c571,0.07832147270163779
be4269de80d8b34b,0.22616586143432685
ae99dff2a596c7fd,0.14051854520390358
1cc563af87248566,0.125988155803908
95b03e2a8add3a08,0.08905759299689053
bde7f9ddcf827170,0.053135454277175954
e24c4af855561b6d,0.0823363761268125
a1ef8a44aeab6af5,0.24206741404089246
2bf2e0d5f713e9ea,0.04680218628329921
6585c55605f3d692,0.1277631926412775
4a44bfcf3c8bea26,0.04364149143776172
78a21d5aa40bf4bd,0.07467013155082225
d208a68d90d83d1b,0.0910300593149679
fabf07be02cadf0d,0.14992590204685236
3fc8a4ec51114a77,0.1263513031486441
d8da2f9a640f4e03,0.11079694989794896
f7a8212a941af65b,0.03471770741003516
836c933a5cb4ecbc,0.13894505269613508
e292f252eebf817f,0.10169107477644523
ae7e8b931e0ade53,0.16571647798829833
c937062a293ea0e5,0.08390248961873996
673793020f42eaf0,0.05278119231486592
531a753aa5a10879,0.06622193467467824
65613b893147c771,0.13617098405060027
a3609d34533ca6b4,0.09482354808404309
c9eecf5329211123,0.23320891058096518
4e6d4f733588a212,0.12721064351057118
95e0d5ddca2118d4,0.21610591682126423
4b071534952c920b,0.07617435671914234
f333221664eda263,0.06377658636341417
8627e41026f74eaa,0.1303856878729741
789f4695cdd6a417,0.09029497326359338
908034eabc372b99,0.06353033248167729
984bfa387795ef76,0.13654542342502318
91c8e8e6f637fb1f,0.11847693173283606
363aeba9c072e960,0.14985261211519071
5cd6915b98d723ff,0.10720174579166919
20f027368dbc60fa,0.04635472766799936
a58841827e8017bb,0.07575739735812483
ad9e6a299aee4827,0.1130477795492042
fad46bf569ac7443,0.09273944887087043
0bdec115af64e996,0.09966104497254519
e78e15a02aa6163b,0.1873583489936621
94c1b40d53f1c78b,0.09235621282037837
c1dee5b6d55fd7c1,0.16580903685035597
502f0c8494138feb,0.04033544125818866
316c5e9c86bbb645,0.05846128025561451
c5624991cdcf670d,0.06860056003550956
e000077bf8c8b49b,0.11357019533388472
9a36d5ad49081233,0.046049044172454257
e4ac16a92daba7e8,0.12709876708791512
caf1ce5141ffb34e,0.04516647255694214
d07bf091bf998e0c,0.10636173123431973
f230be64e9f003ae,0.1508312525436785
fcfe55e0768ab257,0.061713193992842134
ad04ef9c94f25ea7,0.05974140147680226
b6c3dc163008115f,0.06984945053181933
2a0af6ff3489e003,0.08622605885478724
5c098958dc2a26c1,0.04962538337482111
a802f6f7cd6d7b2d,0.07925156923763486
f0897866ed523f60,0.1483212684530674
3c1071f1773cc7f2,0.0387200574031726
5fb77ed43c58e517,0.057502340618741314
3fbcf72648af3500,0.07321468187823688
64964fe3e34849fb,0.06431530812313087
3d3b19b2da76dc78,0.1468246763447865
69eb4e47c0f3104f,0.11162859324342138
1b55daf09e9f129f,0.08660773287696351
853fa0b67eda4e6c,0.0546937868585784
636b3bfe96c8c67a,0.0704971624149041
51b24fbdde490535,0.05935711948051561
b80f84359d81c98d,0.11188410595256737
a865666aeb2b82d1,0.042991419934540955
08fd3d5f06273089,0.042033838898389436
cdac52f8c24b9616,0.17135048036582456
bdc841da585c4a1d,0.16584610005450354
8858154c3efe65ff,0.10922632497362972
29f989d45429b9ee,0.12075604037807347
b97dff4909968aa8,0.04333487963622295
69c86328a89e4898,0.04835729991702493
2d50759601edb9c3,0.14361836176373366
134be78ce02d48e1,0.10762669349828125
53b540f7c8d16cfe,0.0442621740429503
76d2e83b30cca3f9,0.08651706534307065
062167d4ccf76346,0.16166077375737312
84cc2a48661e807d,0.05789690394546241
60f1e251520005f8,0.11674179810211054
781115a32396b4cb,0.06351224630922064
4c1e17c82f4cc326,0.14964903361001045
b602ad5debd51028,0.13595379790554976
4d9da053a872a970,0.13459082434341946
95f7ebe4304bd2e4,0.19694505057376355
67a8207cfef9f011,0.2851401371432731
b1c3468185b9514e,0.12805755257900966
f80ccd7ace26ae4d,0.3320351935332982
3ac147039aaf4499,0.05884229996975735
fe5cd175ea7fc09b,0.04976143530875793
9026d2936cf2bda8,0.14911507985547764
a4b0e01784fc7cf8,0.13902926070785918
43c462b48d97dd20,0.1266671697888479
e36d0189d20a7617,0.06422776669652584
43c3586991f4b403,0.06952962905281952
009e48f2b32be557,0.04349094053771208
a1689ef168f2f333,0.18522029009541496
dc310fc66470ab07,0.09068375292194619
bc654d187751fe04,0.1017811636732082
247e62af046a99a5,0.08789381992207189
48f2f9556bb2ad1c,0.10146503090296037
e604b921624a200f,0.14869598947735418
e46765e152f7daef,0.1206717238170741
3d183f0c812b6d09,0.11554271729891719
3a7275f9aeda8305,0.042507482053106414
1d994aeb47ff952e,0.061548512584012775
75dd9cd1bcd35d05,0.04442727211912619
a976b4932381b300,0.03994745946502895
da2e39ced8c0afd6,0.05016150974860354
c77fd47bb1683f58,0.13679709858425562
ceeddee046f39ae0,0.04752492160266508
cc50dd12d1f23bac,0.10821615902370997
8b73f447d60fc992,0.11326007802040598
dba1029662f0c412,0.09860206375579672
ab65e0876504bba1,0.13682714241863425
00754e6b5a7298f1,0.05429651978107324
082f192c053e5283,0.05048611273208642
4cee8c7c13d1afe2,0.09764857661755276
9ea9e3c8cb3df9aa,0.06316994511878561
2caa75dd78c01d17,0.18749431604320485
42ca39ab5466bd19,0.19775214439453523
939ed128e268f834,0.05516056973657633
e452cd65ed19c900,0.12014944532974313
e5ee2d79d0c49d1d,0.16652644682441925
ce0d423deb82f2f5,0.05628465901081408
3c30319ed1684972,0.12546824374233442
18968bda98628242,0.12493722841832844
9566631a173d48de,0.15790636834206648
01d78d3ab164da20,0.06092968322436659
7245800926a4112f,0.1179568230073799
3fffc62471c1f18a,0.17520714824138073
3b530b29e9f5617f,0.120073824625979
65305594301ba50f,0.14742599898012002
593ee003a4981c15,0.09078870624902224
f79985b30220adb1,0.10407089909691043
60dd8dcd3a1d1839,0.1581454953418557
288aaae44688b015,0.12523631729367757
8a16369cb4554d3e,0.07344514104253624
4e49cf49f79e1181,0.17711039057495448
1a6026c94f49058a,0.07508001130407677
8c29813aa363f889,0.10885562631128558
5fcc5826d5f8db34,0.12502289377891437
b002c58138c724fb,0.05257420969063462
62a918db11ef3076,0.22019757252981756
8fb91f382ae2782d,0.16811591897687508
af730eb0035cf0d3,0.16430398086547837
546fef357d2bcd57,0.1438234554656366
c6129c4b99d7f4c6,0.12632191876498486
7596069ac38eadb8,0.08001412060131813
9560c8310cf23dab,0.04394161167320054
ca1acdabe94e042f,0.12355109952939747
521f9d2193473fd0,0.07111407982930203
617eda3b96abb577,0.08196058562523086
8d735b59dd0a4270,0.1774447495074576
1b405139fc287a40,0.07309859086540459
e621733719a2d775,0.14472673549666476
95f4b0d76e779b43,0.12281460406341262
bd6a23cab176ffec,0.0459783117683907
3c5fadc2c957c7ce,0.16598880519783488
37cae1b2dd3c1330,0.11702461738157442
0fc2ffbd9370b121,0.10393572186590894
b31de0d8e304eeab,0.14911574914666478
5738bf5ea59fcb0a,0.12621600529395904
402c7edae37bcf39,0.12101584835279718
1d79e32040c6b05f,0.2089880893570796
bf493f6f4a48b2ff,0.05120242520955298
8530681352913ce0,0.04641581913996943
c79cb0e184ac42c1,0.0660715311179294
32ecd92eb352979d,0.1474326048041258
c9a54261284070bb,0.048951666734414305
e6c2ba81e397e33d,0.06575041598629762
955bdf4fc9420404,0.07345481023459816
b180a78e50608ab9,0.10608910882055801
69484ff0bdf4b104,0.10708023984283765
8d62a01ddfa11fe9,0.14287647174522972
12c3df9b72ef96e5,0.05388638364130988
12ccc513557a0656,0.09059554705646551
2aaa9bc35f4acee2,0.24627731267046984
e31d14248a98a72e,0.14166405082169625
1058c1f47fca2b81,0.07104805386682315
02ab14036929f70f,0.09373757306508566
6880fd1518aecd04,0.09191326782104568
580068eee74ae5d6,0.042129586333088394
fedf1e1bd320672b,0.07146371122581474
d47c1d43f9dbdf92,0.07276897484732965
8a7fa6c84cb2b0fe,0.08739722642492807
089bead0dc0d7c16,0.1119626040092417
3f12eac5d776ac9b,0.06403023505337295
2b55254bb421a326,0.10507412537028582
16721efb42f49e40,0.17645159707599056
87ada6cbd040d527,0.10296301037069859
c5c4d8e14015f4e3,0.11772054499140576
5d499b0e085f025c,0.15578531670237858
183039182079fa48,0.1660888306214533
05d6c8a5d3db19c4,0.18330200718947331
4477fb4e0a476ae4,0.14170250477800905
3965182266dda565,0.10929356039663167
72bafef29554438a,0.10065146398548513
1b31f23c3e55dcb7,0.11170368708739743
66c42c9008125f10,0.10927904002459127
5bf14b82c919f706,0.09381987525220481
2c7401c2798c92bd,0.07985366910737095
4adf517216b1dd47,0.0493021658725741
26348c70727fc713,0.1881504982751471
82c1c6b9b0ad498d,0.11137748473656632
1365ca92c2e04031,0.0625728034486987
9edbc98e397ab4c2,0.08404734882047382
1059c066d6e0626d,0.042213428324059867
af993cc3ac374b83,0.06461175849971783
f32194afe634dbba,0.12305441219129815
29de97ac80feb956,0.11406461171184183
e5fb185d8c6181d7,0.09077994692581944
632347c0452d889a,0.1624241947472644
35ad7b818afa2cc9,0.1722111847472643
0e9b47d072e9f5d9,0.0808821135128887
4b2ee7a5a4d7d797,0.10538568192391577
793b579534d59c3e,0.08251340242293308
3b23c46e8aebaa25,0.12937657007538403
f68b741461469ae2,0.04106376574066152
79e144db8265864c,0.045638490486330306
09c4fd90bed2d748,0.16508466976435665
2215efb176105acd,0.13559451434143732
b4a9877c6c234878,0.10007604682869557
529f75ff399c033b,0.1614546908852823
ad20741d26dac628,0.20308187414126025
abee4fe9fcb49deb,0.054904126850521685
80bf7ea1dfa6b569,0.13662057368110736
7d637676608f51cb,0.057620247328235154
79855154621f663c,0.04896890745783868
db630a696b94324c,0.09615780661250768
2c87f55f1bd853bf,0.05022394668708772
05466a89f589fe04,0.2732049486044003
073f9b06f7bf95f5,0.05143384190867643
d8c52af1d9a0ab94,0.052735852309207576
170df691b9758d76,0.1222531819783234
098c223fa7ac1f73,0.11012153096920312
947d4f80370f0b58,0.07616805987332935
66196fa0af9abe3f,0.16551555882910932
356513b3059ae50f,0.12151044055335886
a951ca23d4bdcc33,0.12586292467752977
defaffd4e20a4c47,0.06003153549449101
9aeb8ce75c56fcce,0.04969195914919711
0e52e6d570d8f008,0.04888138482106899
d177a330dadb2707,0.04760801872131879
4acf903d98d08aa8,0.22621776209847563
673bd4205f6635b8,0.13274494674426782
17b635201a20862b,0.1067771896660092
e31cdafcb4337eef,0.05599942962627766
2f57ad23a2ad21f5,0.1419221702702552
8c76f3fa81c149a4,0.08081971608792558
7448092b980edcbb,0.1291113202136556
cc3891e28dd031fb,0.05248827459598624
05d416ef906cddf6,0.05159135421348293
d5cdb3c4f4965afa,0.05827113659852851
bc40575e98475699,0.048248424642976344
7227a9d91f309e1e,0.08539086009526665
f83295ed727a429c,0.056791704559898154
44f16ce1d7899c02,0.050989005426868426
219b4d22a5bcceb7,0.04696365658899592
5684d434bf545e82,0.05314148731611781
03d5ff6b9db6a1ce,0.08436461403545044
c402ad00c62dd803,0.06149272235692771
d384f2bb50d7321e,0.12423794283779499
865ca8dbe8ae9927,0.09252786182993604
0cfaded78f4c55c4,0.14270396450012243
c1f9c03f1f673cb2,0.15157528027073444
80784aef1b00a337,0.1469531637037691
2cc7c6c16592cbf5,0.06970234887148465
f816697d9e23576b,0.08096363757496806
e0a3063ee410875f,0.07497591890514423
187c083474d62911,0.092424571477289
32fe8606c8a5cb67,0.15479468477784375
e3b603a450f69271,0.0623049162477386
13ea25fe500d74e1,0.09948043700821985
3465f2b92e5411a4,0.047834558617220115
f84c04deab8f0a53,0.1589234124503916
ce64b825ce5f48e0,0.049759017250497695
a03d161faa6231d7,0.0500532471993185
7b73399454d06d9d,0.04961394704536171
726ce1fc6c05064c,0.11563120042119786
0e660e2441745329,0.10651877694718892
d4373d25e109dcb5,0.18607069594039224
6c8ad2f1018079fb,0.04504122178488441
485cc002fda9b938,0.044599314598418406
840b1b00c51f87cb,0.04045035300735991
e7c9e19e247f843b,0.09943518350872212
4f97589fa05c40f1,0.14635905177102787
41919c492d55190b,0.132682317569522
8fc6cb3936ed4ac6,0.10268620342417571
75e3076bf4b29ba8,0.07398627129946374
8357351f6977683d,0.10928946498341235
1a6590aa6c3d2a06,0.1336040078414212
6b0dae5047e0ba12,0.12347790067614169
6f8bc4fa3d91a3dc,0.06925521870949185
e4aecbadc139b9ec,0.08771853299901411
7616bb2872e18231,0.1310734567295055
f97102e411194f18,0.060627701216002805
4f25e4f4959ce4e1,0.07560638159749818
46d34ae6f3e900ba,0.09568734163079322
73e3288eeb552e3f,0.05127959205926319
e7010fbb2150676d,0.08967505264876074
cc2c1c680ac82832,0.04400105611069022
d025b02417a63fbb,0.11064570193467042
08070948781ecfb5,0.05295331479693127
2bdbf073750d4864,0.10874011189165446
2783928eaba81305,0.13563740206182076
51bcbc84c0f437ad,0.05926644819883764
dbecf7b9325b78d3,0.19303684902621934
39b3096dbfceade4,0.08561580838188591
4299599a54525066,0.15507405461631615
ccd92654fb1f721f,0.17371502417484874
ee1170819ca7d594,0.05261341910211379
c30ab4f74d33afa9,0.04424239365713648
40f10fad12afb51f,0.11083526820383145
f4e63fba51ec3896,0.16330134489287007
60ad4f8eda2cf6d5,0.17098876403984475
4dfcb17aa4236952,0.12659235993103565
2e54d9b1b4e00337,0.07196014022500634
47a9e135733c2ab4,0.0898186461119475
4b3c22d3da587d59,0.102307605273999
ef89abef9807c003,0.06630872203618905
e7530eb737c85931,0.08087161744596372
dea26fe32dbe26a7,0.10873601437435076
08133a148f3d4ed6,0.13487654230160376
d39b177320bf091f,0.1209962200705574
c2eeafe05948ccae,0.12116955072562141
73c8d1e2bc9f517f,0.05756359614209824
0dd4da33e5e18c44,0.10363410678697728
25e076876a1fb6c3,0.16241005979846443
873d0ca47a7ce61e,0.12228737838190513
930d090798b9ad8e,0.11016252216814175
98e38baebfb97bcd,0.14756047504457803
9c779fba6fe0839e,0.048877099536448525
5bb1f9fc76a02c1b,0.07673419354822365
f83de39c4e518f6b,0.15744858626450822
10bbab1f08d2e6c2,0.04300232759419764
ffe63eebf605244b,0.2918234750294318
1e55e67dbb9fa1ef,0.09529948822675575
e53426cca968ebd9,0.1380584512442595
51bba86dd8aaec50,0.15637795915418912
582102afed3c818c,0.05864440192386141
b280a8fb8ffb9bf1,0.10068958096591916
e8e7ee8589574a45,0.07672745203699914
228ac1a17bade85a,0.09424006226684577
2bb37b0ac11a0c2b,0.14369348186825967
5588a1f5d8da9c77,0.06360638776868296
a46d657f4c9bc8ca,0.07886227457402184
7373ad47c61f558c,0.1879390205652108
0f1fcadf13eee28b,0.14017030857196147
1f8603bf90774382,0.23498431829355715
b0dc746e7f7ac87b,0.07911338015244235
82107223b7ff9788,0.1287346925881534
a38cbc0aecaa644c,0.0850606473463452
61dbaab39e7dbc01,0.045589123154510074
85064aac24d665cd,0.04043207070289177
48be998c9a3000d0,0.07888581912703975
26b2daccb2b045e0,0.18136751062427303
95198d21e3fae237,0.06622945018658676
b2a2d7a18404d7a4,0.12426379895556668
6b178de020b8598f,0.06459753686722944
38c1b19633279892,0.12270289097359781
186d5468edde7455,0.18294148009621622
4f33d36d7b629852,0.08959364655603008
b955eeaecbe25ef7,0.15459735145384793
39ad39dbe012b34a,0.19777650391057922
929e8e2af2403da0,0.07762981565632711
fa22cc093dcf1822,0.05102372170707729
f56ff6b1c2817475,0.060564263761554105
56b30f44349ddb92,0.1038849045703006
617dd77adea9e711,0.09386958780226724
4cd7a91de7bacdd1,0.11408201695226859
c07844f4e94ce116,0.2529645371248625
692bbfe3fde429f2,0.18630419228957526
6e8117bf11d2b904,0.07025683644283172
27efca94126fb8ff,0.05424520459607909
4d2a406b540c41f9,0.19691487555866374
5ca9c8756c163b0e,0.06172133104792096
c10aad8b54af6017,0.11967954783572173
60798b007f7b4637,0.06529429942571681
805031b5ab834e54,0.08696900061025703
fea6be92744b0c40,0.21156058275222298
284e4bea4a96494c,0.08048819421947583
4db0c35a634d4fb9,0.06044546891304738
351dca6bfd544a21,0.16959191144875288
c36cc7323d4f4de5,0.1403239999992715
78c350098097af6d,0.040010207073650224
1404eca61a3105b6,0.051326236520117356
2472a09a3e602f48,0.14420099506525522
5f9d50958df392e6,0.24194344499123802
ab8fde4ac70ac766,0.18792757177559669
6649908e57ee98c0,0.04378487451783882
6f6b426a42753b8f,0.08177848183930478
9f89dd1b9ea145e9,0.13050137173172974
d56cce1c1c4c9780,0.07799858661608787
fd794932c3ad58d3,0.035514176481181006
901c8562d025f79d,0.06999992612913783
2460966f3ca7d3bd,0.14382032055878927
41c6149d1848cad1,0.07606036377818894
2c948ba95eb3128a,0.14217310962436452
0263f07afc6e71f9,0.04868525358778749
59520bb39396ae13,0.14852239020641464
096e1b740c779095,0.10531927849188503
13bcd446b5b75780,0.04951688434845042
82652e7aaa1e423f,0.044500182889764595
b4c2a047510b1d1d,0.04659815063130298
8e95fe1172cfd49b,0.09723514596128875
8b3b319f1bf34127,0.16051496246097205
8e876b9274c5930f,0.046629388163991765
74c8dbccca14e4c9,0.20808189207059127
a13d2861af1b8b95,0.14379082234091806
3d0443784b9008d8,0.10842634009584129
30a6c22faea5d219,0.14182556140725244
8ccaf0cd13ec8d69,0.1783341111082125
ea79b75b6fa4e024,0.10338121348548474
df41150fbde2201f,0.10131545713873502
6bfaf27148ca783a,0.14333682215610885
016b24ffbde9f2e6,0.1739801347087413
c7f17aea0b57c810,0.047924938638666925
1974cb4a4a5105f9,0.09258329406624093
ed6fb2d892b20325,0.07379685043513351
029aa7e7739f68f3,0.06735998904755129
1499ced0a7fec031,0.07918776683582562
1da835ae2069715d,0.05500117209022587
3b48789ebdae6cf1,0.10408666099633719
b2501a34b4204e11,0.061189887096984814
4e1bde0d2fdb1719,0.09075373644798906
bd42c11dc1ea52c1,0.044127263491058465
dcdd441194892326,0.08969957603523136
890cf601bcb4d1fc,0.13740915506686988
efcfd07026d6f75c,0.12853247321822028
6e5921c9eaa0bbae,0.08313641392649479
076e6b937f9e0f1e,0.18464436737018985
fe7aa6148631a52b,0.07387207176652479
0204709b122147fa,0.051466190431230734
3bf87c4ce9af3343,0.042289017138281176
e5d3cf73e07cb881,0.13310604614048588
d79da024e674f570,0.1276698388258112
f137410611053710,0.09399578069229314
4b48a5ea7d8db38d,0.056576981499472274
6e5b5708c1bbde63,0.14253064783832067
2e21f1e2f4f0d11b,0.0722572867729122
2fcb7b875a97fd67,0.1522313820421087
c9c50dcabb2aaebd,0.04473948823076199
ade709965be588c6,0.07318538420130595
e99ce68035fd1383,0.10920953005178241
9abdf47140639086,0.22928065005398204
c0370f3f688a69d3,0.17724452091051726
023ecf078fbcbe04,0.10490637757093411
9366b2145d9ffbaa,0.15151799578261246
907dcd98979cefc5,0.054609098122373155
1430d1f8417967a9,0.10390928276414903
12cf954bc6f7953f,0.18997017402474728
9f439978c3ff1caf,0.13077807404391759
3d566b52640665bf,0.19958918769527187
1da24b04359879c2,0.06751316646071619
5fb8e8cdc5a458af,0.09577809458771198
69f63de79af9dd49,0.11966649900305289
078cef5b5f6aff6f,0.13935355127063734
ee64ad3ef7cbc727,0.04735630681433115
30f789de29e44c84,0.1845500832647915
ed6dc35d0f6c3f4b,0.22426810987032397
24171dc6016596e0,0.15590397866104325
d9753be4a4ac4d5f,0.1824857345551135
08b18f56dc4a9978,0.11294477702611733
2fe99f58d73a842b,0.050717825608082655
231cb4b19f8ddc4a,0.04840299205326831
a0f57bb92842d2c6,0.06434484062280776
b451e5af95310e52,0.12689779111599167
4d5e3c273bff2df6,0.12470544167614357
69445874395ad7f7,0.05038564701942432
72d5eb4d04446c06,0.07554637982240237
676277c834acaafa,0.05728515289850763
345fac6fcbfce3ac,0.11561270518512816
77268d80339453f4,0.0857648078499334
0a3d332e3608b10c,0.16159561858850338
3d3e247d278aad6c,0.17960356199562097
c6d0f1503380066c,0.15919635474628954
a7ccb8ff054ea663,0.16148882801134293
d3b3fd3963b35751,0.16426470946854146
e361e82e1559efea,0.11700009975759297
94f03a339108fe12,0.04101761048991198
0d6b47fe3047807f,0.10537591445918677
f0d2a9398458201f,0.058391025673805164
8189ef648444f31a,0.1546835570496016
b341aa9047a23001,0.06795946929070754
0b603f589ffe5334,0.16193690443881079
dfcd5836b6d7807c,0.17321733887202215
c69510f82760fc8e,0.07254238897116552
bc2b0e3b0279f394,0.04711382086356896
9e59359a937dc386,0.06364916158270066
9bd6fbbffc3029b7,0.08639519092474561
78533ed0a4d75031,0.11927330659084746
24d3b857d9ec7516,0.1533382350145128
d9f1874f6346d786,0.13875598215997575
6588a72e611a860f,0.05564015598486291
52fef00321899df1,0.16074053814955316
b3c2a81210323102,0.06740414372376234
c1501d30afd688d2,0.08820662810399656
2bd1f2fa8a7cdbba,0.06077393351296454
7472a7ac18cd8ab0,0.20500352029841706
b1dcab1c1027e375,0.12772773754538677
2add558fb5890d0f,0.05996023190398675
51a6b2ebff82bb8d,0.11823890143600378
3486d76917d26380,0.1421361640153602
7d9915dadeee6dc0,0.11151168499953601
1a5e5859e62a5ff4,0.03816072143067955
ba7cc06ca707247c,0.0953800401492468
3c42318ad81df936,0.048725023070682404
e7f32c62736ba8ec,0.08576034562399308
01970049a1d79ee3,0.15419659233562497
c34d08417ccc14e1,0.1291008356837684
dd08d7511ab95a7c,0.09962712662120325
147c9ed162930636,0.1393694494612027
4d55d8c7e32d9a9c,0.08144972271183505
1df22e6d0f4be856,0.0916453281270409
29e5cfdbc9735f7b,0.14265220347595794
529dfd620d6ee22a,0.07771174790367961
22b829fba260c24a,0.06558719876478993
712c502ecc45cac8,0.05366893595284061
2806f2b7f968844a,0.12334214380218363
1ff716c957da8f4c,0.04697044998648425
33a651d1e2266900,0.19141175862098272
01aa41460821647d,0.10087589865247985
2728591ac3aaa7f9,0.1572531101937127
62153e0ba99bfdc4,0.16100502183876372
a336835871390b27,0.07919403203670144
66040815dd14bdc6,0.0713623902033432
e0d8f324ffe3e925,0.11870973039229323
e7d245b8d234167a,0.06291746756404727
b30acd5fe8990b03,0.22528705760149612
8b87df65e3f61018,0.102817859737329
92d913128fc856dd,0.10777897988408598
c1aa97bf3aa49c01,0.06150611292723888
37b85ed57524087b,0.173460585784567
fbbd2368a21a9e6b,0.0907384452468537
39795c53fb16d719,0.07356701218762998
6d637bbe837caf77,0.1243417299770271
ac09426ca8b44dc8,0.1692615308518157
0007a5bb7310d604,0.1378599863075235
f8c5400d321751bb,0.19167929408885417
5c5d74b2ed3fe0b2,0.05096228022370294
a0d70afd5aebab39,0.08860545117380664
dab67f5669ab1b4a,0.121128680793833
b094a6aee2983e4b,0.0907610418347204
76eceb39e4bbf598,0.10332844669553215
08792ceaef2278a0,0.0712209178492887
421639eb32096298,0.12660449926251194
3732446a2dc0ff2c,0.0872620307175939
f42e7bbaae983e33,0.14059209434069891
1d7a33be5e41401e,0.1000103510548175
c94efe294bf687bc,0.17091035493149262
54153bda194f6353,0.05133049769445818
275f14633d4a7de0,0.05697320323592881
7a750521e7810b4b,0.16513932664730435
b94bc2b4bd62e236,0.12207943271921125
3c2076842f11afcb,0.05733541702401579
53c3d245534bdda0,0.045444333700313866
bee1ce38b4653a33,0.05534308560693759
7fcd7a8a7c44d7f7,0.04993972436895223
60fc2edd396bed1b,0.10706325108986903
df7a1a739d1e3d31,0.1382930811986046
293173b622ae6047,0.09622009184455727
c18a9f29b23ca49b,0.05687768042153682
4497cca94390df91,0.0760601376161172
40d9096835771f2f,0.17915941491825768
ba30e997b8338d76,0.15367743040642787
56d89283c0f5c7c8,0.07841616974348635
f460984ca4f4f1a0,0.07528312607794373
63585cd6e35862a2,0.06752268579911203
26e41712e705d5ad,0.12835887427600526
0a056eacd56539b4,0.04563083345993472
9060dd63376b8616,0.08881164314430712
f11e51ec27009738,0.13094931892693976
d0496dc870887d72,0.13327450728632062
65fef6d3fb26ca70,0.04222537344699385
a586684b41fa9769,0.11355676596724999
3bb2f0950e70a234,0.10210857313392545
6c6a97e3ad10abbf,0.1467796602019972
ede33053b334b03e,0.11651127545503033
0dfab1673fe84ab2,0.08022668634667866
f65b0230673c2e76,0.10009237338105052
5618ac6872992ff3,0.2447708940351764
77febd71dc7777e6,0.1605229487448436
7f54b45c8c0b9310,0.19194803209548608
9273e3e5412cfeae,0.11929588118869555
52087475796918f7,0.07478332643771361
643455f14aa1df04,0.04280447112792141
d1b24b005a16d2e7,0.12503479276729615
88788f98d41f9611,0.14254598508837113
bbbe50af555f1d68,0.10304415327629456
1bfe964817713a25,0.2796461186025389
40d6df07da814020,0.13475369955026015
8a96d0eccabff7b3,0.04189031091516895
439300a43f735490,0.04369193308027003
bfaf88448d1869a5,0.11602608422712297
1eb331ca2d61f16e,0.13920967593094472
5ad8f23386d2ce42,0.1535130778585795
69ddf95fb1e28199,0.1408682411922405
6c224fe2f90a4ac6,0.07512262164809903
7d2d81f3b2e16bb2,0.15388154374380447
306bcc14dd7bcd69,0.17365716028064862
db0b579d4d6c3202,0.04222375286982875
5e7670a553fae63c,0.11315435949492329
999f8c054ed84981,0.06834726624119099
645969c8fdeb22a1,0.03632916108519951
6158cad9f5117a45,0.07566127072457444
3717d43b0bfbe61e,0.1367309967000273
8ffc981637d61bb9,0.0768801383396458
8b934f4c25070ad8,0.07243320283609085
15701cad20890a02,0.08822774138440492
4a22e527eecd22b2,0.14114074664060205
6b7e69ddbeb27f14,0.16296601653463433
c44f66a5254d5ede,0.18522149262936485
1dd06cc994df91c5,0.1618138798938451
43da23e0c905b332,0.09763135717783478
cef6bb5fbd6d7d4c,0.041660542002316676
74e65522686e974b,0.07327607521851404
b2ec41e4d4e17991,0.06941714924314513
7adfda5837586ee5,0.08831085685841777
7be7cd83da184778,0.13637841228221728
331453c919db4a8a,0.054786732853715374
1ad90b2ad8ec5751,0.04296632549995425
06f305aa47e1f3e5,0.14039071586451668
5d77b6a032a98222,0.1080612460500313
2fadc388cbe136d8,0.04212764271219057
3a64f59d79eebaa0,0.08878985305681704
e9d4d3a03ce54237,0.15804366964466068
5bc032bc2d4db536,0.0575465883267216
42afab27f6d63b09,0.11553782042526721
0ce59aff9d61ddc0,0.12910006384970546
c4b23b3e64f8fa59,0.047451039435173537
df5826f4adc2407c,0.1357825349931573
1006c7d207337c5d,0.05994652566069969
74f20f15f7388f9c,0.04354113787356909
e8c69436b1cb3320,0.07751268465887688
609680f04da9fb46,0.05411767189495714
060d99e1fde9dc79,0.04353470721859151
6555f0c293c5a1f9,0.1358416701340096
cc835ba475e9656e,0.14155930420208113
960c65dd29d3417b,0.08209701443565422
c7596c71a0f505bf,0.04452876730285482
3f3297df319604e8,0.12257959415831075
21c886bdfaeba657,0.16654418758068495
4c47eb742008376f,0.1142837195797501
0360ab7e3c03e1d6,0.0762771650082822
106e8c5cc993ce96,0.1058456036012425
3f189ef767336273,0.10867937600761236
d87c2b5ea60e2e70,0.054380986432185176
924a02ba0ace2e0f,0.059441740491352014
e0a93aee5351fc40,0.15788343124153242
60036012aab0d68e,0.11400197066162165
92196298fd1f0a2c,0.09417244240392053
2c9507cd32c0dc32,0.05213296415206913
f138d3401d1ef8d3,0.04339244342517101
0550e84ce3342ea2,0.19163425627362426
433b7b91aefd0d89,0.04985229322816707
2f084abde9824f95,0.05426201236986137
aec34c208a4086e3,0.17904256179734943
77832263f798d3db,0.10697934386184732
423646a4264a51ea,0.09696212447931153
99a11463587499b5,0.14748541742196894
5666dcd2f61e1fdc,0.08365226429633922
414bb3e31a06b128,0.17087355712503463
9825bfe27f61ead1,0.08743021855201581
3e8b0ac764ba974f,0.03735048093830819
f494e58fc4f527c1,0.082502103674455
4b3ed9d300487cc2,0.14908750601128337
064d5daca103bb1b,0.08975594487036187
1a4b5aa55f664cd7,0.08172293776810054
65fae5433da58938,0.07827428310392541
77df36f32951641e,0.04846983113355611
2734faa9175621e1,0.2366854640594603
6952ae6c0325e147,0.04428568193945751
bc49ff32a733b5b3,0.13354567582919868
ddb437f22bdce5ad,0.15577542349976922
ad2ca89540526e80,0.16424654618939322
8eb86976f1f7faeb,0.18609737789536673
351b2cac3bb60649,0.14166893579968284
f3685748a7717d4b,0.04939716251071006
af64f4a787a28c01,0.056442499521670325
e41d8e72f6a6da64,0.06357847956156798
43199fd3cad0d080,0.1235039509138594
08639490dad5a32a,0.16817740548879023
251545c20caf2d9a,0.1098000824852715
657fbf140a397f3b,0.08980435784569947
d28dd01372e08f90,0.10740874927054761
fb9bccbf5affc835,0.04528409662966185
0c3e0f0e422bc214,0.1440136243645922
b6fe616b3ee4f983,0.10568057866541292
1a05d9b0ab2c483b,0.08081757039295585
be053c37d8d326fd,0.09365259390604648
b0cc45542dd09eba,0.08918519038159507
0d1c9ebdc72b57f6,0.08952207724298585
926a38d305ede2ee,0.15794973413242805
381047d838351f95,0.10099552596230703
5afb977a1eeba5b5,0.07737642061204097
1ef7c785c8633cc8,0.07503266903849318
2f0bd78e22c8874e,0.13809117804599655
2765e2bdf659e633,0.04551208066982252
31756eaf193dde51,0.06140461272927514
ba5f5a3df72c6be8,0.1684368532750442
90e87591d24ae44e,0.07772189239822051
f9f063e55d3db8b4,0.10971435111460305
3ef90711b7e5d86b,0.15810362621546178
ec0a6ecd2422c215,0.13460990870129722
2a75009bf5006a5b,0.06672743803853333
9edf622febac0e4b,0.11407545175962312
9cee551773541f4f,0.09514036946469921
2a07f1c2d7378d29,0.11096317148884498
aacdb09c08c9a960,0.04461317921232916
df9753fd02aeca78,0.08318977481764413
ecc853e05f1891ac,0.11229760548995872
859bd8582d3d2811,0.09929751556263285
a124273d56f60796,0.08231328861014382
9cd33034524d6b66,0.09245817312113987
9e58973154c42431,0.056972652711646865
fe78518186335668,0.04780098566738772
0c195b45f68a8952,0.06315233674608896
bb6b109cc9317218,0.043860964678250396
a58342d3aee051b5,0.06757831594646695
48f975291ebf9397,0.16059499006182706
672604676c29d735,0.12307457188556341
144b0a7e9cb057ed,0.16681960825582112
02ea6c1ef4cf0b61,0.04018413923107524
fe3c47193f742bd1,0.06328971040751973
782fd306b790e8b4,0.10489782949541511
53f0ab0c206a7f5b,0.1510769608837319
2d15bf73a2700357,0.0792671354522312
569b34b568032161,0.14526798391593834
d98474765b2d7880,0.10567366428189291
f3088caf81ec54f5,0.19976935571478224
884de3bae564118d,0.18863038094584772
5b62a55571d795f7,0.14087531802237122
e860976e6aaf78f3,0.09593779285611348
bc5f8d0b2f9683ba,0.04315864659943566
92555d85c6369cfd,0.17312460549031292
189861fc294e0daf,0.09880411195492862
b8212e2222eb4313,0.04158525519849394
53afc56ddcd63d8d,0.12156214682080702
0592b0cab7becf5c,0.0895101267721183
ac4cbdd76a84da91,0.10878610439330945
f2eeb139d518ca60,0.13445760899803758
e02fcc8b8b63c0cb,0.060971538592178375
a7f194a18e15e185,0.08537719035944301
b9b57b5beadd1490,0.15608796537351946
357c4988d289017f,0.09360932512685638
f0d98c09bd71837f,0.12522903868392898
b1c0df4bb0c82383,0.12218637884076794
5bb361813a233522,0.07180910474516329
c3eeda7b200e2c92,0.07551702449639912
db0460b8a23a94e3,0.10298455295670113
3c80f795a35190af,0.05470219079952704
ecf5824d8b392491,0.07365027528883654
5fc7a11376239e12,0.04426725877995822
2008fba1ef946ecb,0.11821547682994793
e2aa59fe541e0ac8,0.06762357772880483
09b5c7802e6b561b,0.045237889160373766
988df0719acbb76e,0.11465552131662575
48d79ec301d31948,0.07446193749022523
d288ed9b89b3675c,0.07387559818733817
75abd1caba2694a1,0.05467325533503359
3660f3c735d8a187,0.08998948606642736
0440ac4598276f6f,0.151011363240536
836bbb09e4831df8,0.08953616518774132
51432ea27e463eb4,0.06613032900264167
3fd99194e4efb12e,0.058770936661717586
ef1b4ca1f2c1e357,0.05863455974537815
70c464af7e1cea4a,0.05809854299155685
54c64f47d761f86d,0.13194845302148472
333dcb05411a601b,0.06289014981195602
11861d1571dcc3a1,0.061738620784170285
20e00d08f625d409,0.12877497832862292
8574c4f5b2db8c92,0.12457233762126378
95feb433faa8520b,0.15365120970108817
1dd496796a5dadff,0.06790471272069322
c1c248e8483e9ef8,0.0719699293957937
5e0dc0f0f0ea48f3,0.06088690197752211
7ecca4d6c9eac123,0.07906952577877446
58dbf7650b2286e5,0.05392554669017704
4c62224901fd183c,0.11673946523020935
affa636fe0cafb15,0.15953061800838697
c9f2c416d003a925,0.046169163674477175
c19024a709757f11,0.07196059550843202
d3444b15af3a9536,0.10052371539045969
2f54cc2167b0cfdb,0.07456888164175401
d974c7d47092679a,0.07206398457231512
1f04a25da2b17ee9,0.1248693876119948
f133299dc49c2bf2,0.044239301381173546
9542ec8d29575b20,0.1709374131446558
6e476b773a15e2f7,0.055304716240001335
c468f0fe05876276,0.0642773935816708
1bdf15bc47508221,0.12134427803505092
687b1d6eaf1bb287,0.139700116967622
fc8590ee9d55c5db,0.05088958174151872
a4379a3efec7361a,0.04150892849778585
30a2e56d4d608b28,0.10886232950152575
4b400d52635e28ff,0.24659980402909398
992d4d4846551047,0.1447174265266102
b91c089133d42f62,0.08326911358895604
c98879c523da912b,0.055437160270812795
7c8f510d8af822b4,0.13696260031517665
9d674a6212b3431c,0.05730937731483985
d3da05b2f284cb87,0.10069977280124565
853ab873686c227e,0.1582282407874556
ee0d55e13012503e,0.04642127590713805
fed761caa06202e1,0.05853366410088647
7750406f980f78c8,0.1340075298042814
e8770d9a28fdaeaf,0.22853566258586
4025856444b9ab51,0.05736383348706192
1d0cc87631f52974,0.2880807032235767
f87d2af1aa151b69,0.10102017059039715
e2746f6359714da0,0.07448717131451786
6b20c519964ca8fe,0.08026064039338605
ac0ef70a6dbe1ce0,0.047193186180617054
29219b6baa3ffa60,0.10972072437448042
ef5245dc0733939e,0.08080143951924017
26d625d3997169dc,0.050792092384385784
ff9580c0b2b1a370,0.12342445242821504
bdad383d41eac454,0.034491300573720636
a6bebd6247dce4a2,0.20695852408573953
846ab5063b60d099,0.17757180746928303
1e342d4cd0cd2bac,0.0919329846665304
b111d554bd56dcf7,0.09736247555367665
9ddbb649643fc0ee,0.1432098991977211
0dc9c8998b42da67,0.16129805005141218
80444594c0d4b5b8,0.07982284893843387
9bf8b2752ad4d752,0.14929169160679942
794812675f553fb1,0.11780645846885966
c60c7cf09844c202,0.07531590847763388
06559b4012a85953,0.0496098580881524
dde7362e34a81ac2,0.07599417649177986
fa1ccff8a7481b47,0.1521337376952875
89c1eb286bad23b4,0.040418089610773845
b389067306356b78,0.10957329987847746
a4328554fc4a45e3,0.11968390364605054
fe2ff0422ecd1440,0.08236814744259179
e1f0e9e0dd1f6a8e,0.10281131499210179
e431bdc8db1622e3,0.10844119935797059
54d5ddd4fde3db7e,0.046821503438978784
d6a2262fc314d2a8,0.08724013871480012
e7039d9ed0ec0c39,0.04382715437324088
357fb25344e0d8ef,0.07644179653430294
8479ceedf945cd0b,0.07877454251855705
30e12f447d932d19,0.12383630932787437
a33acfadc007c5d3,0.1578538326454041
32b72fee7f2bc37f,0.08890885412078331
e2ef0cf7c0138e95,0.1495800473569517
c53a5098d3feab43,0.12948231946964106
2d1a504956a9bc59,0.041771959213921406
5b9d63bb61f11842,0.052687978323378536
f8fbcd4440a074e6,0.13576194677203052
c18b0ab8490d1c66,0.07270513808675065
18cc6b0ca558d790,0.21403628950257372
c78d6d8adb708879,0.056963985751346376
928fe114a90feded,0.12661570309481532
806b11fae1f6bd45,0.06475956147142868
ac8d5b4456a25f98,0.05501099010683846
0de3b4e998fb61e4,0.044736563226577895
0344ee3e70daaee8,0.15971676481609684
9459a694f708e7cc,0.043733400689863165
f8f24bc3cf3562cb,0.07367444318208181
fca0d01a476eb58c,0.06339331475351812
ef25fb3354e1c732,0.13361014939797067
83ce56a22c714f81,0.15001507764272493
781864846ec190fd,0.052768405359252334
99c27791616e6a14,0.11791470733031965
f00a56545441ae1e,0.05509338798779243
160c77c56d0bc3b3,0.05159832169775508
6bc7f7e6a8dbe398,0.07830414350515012
565c31dc34339cb6,0.1587109148562964
d47a57dc58d8cfca,0.0985390074553553
7d91fd093f331634,0.18229973913478645
a33fd6143896a064,0.04882357907573662
af6776fae916125c,0.21013512662684344
eb63791dfd566fd7,0.12295033275670042
fd94632e98a57fd7,0.14398641441279278
7afa48755b2905cd,0.23203877322389865
cbfe89a23b516339,0.13967594641718853
bc9eb4d602b27458,0.08056434025517725
fb8b7e3482eaa33f,0.07981592315041301
0d172dce11eeef53,0.04635465538868122
6cb7efe2f15a8b1f,0.07382992858662257
0b234c8955fa5560,0.07339237310371495
1564bc14da2389b8,0.13715333360778578
11d440c4ffeb2e60,0.07186755508648972
fa46240b99291663,0.13022596724647775
52eb5978e0a48397,0.1864753437522628
bb2cb3fc47f785b4,0.1580500512766105
bd402ae2e81bc456,0.04885085197554944
5b2c73c3c2fab67b,0.03728968851929579
558785e2cd64bd4e,0.13329068017755172
d8d0cdd0e630be6e,0.21345517232529485
54a5cf67504e37cf,0.12424701488145723
b7225c4787addde6,0.05143469917937273
2e444cb3f4217098,0.05706695155591993
ae6ea7b6c44fe6f5,0.11703266111358425
8917e3ac1e161b77,0.09611165279093738
ca8e1b8f4b045be2,0.20366694830666213
b16a002c43cda488,0.14593723733928166
38988311c0c8e2b7,0.15264156523498
40ac9a289f991b8c,0.09681697847936503
83dbe87c0f3ff118,0.09236339184111371
d8412746401ef6ff,0.0552156168255315
95a1b17435300c3e,0.09119543726276585
9576e0a63d76b324,0.08129446623497937
8e43c1faf8514a42,0.03723401563201414
64462847893bb0c3,0.12568552394830923
2e8d60596fe0288d,0.04521933387942484
e3064eb18f25f417,0.17648962258070797
5c24da1b9f2ac392,0.03884306656213081
ad26aaf8f4bdaf41,0.11893796326794454
a21097bbd8645f25,0.049815834753028476
cffe1ff942479449,0.059440490224776134
39170ff154aa8058,0.13457211104672054
0e2b77f6fe4d94af,0.12420411464546048
4fb4ed274c87cfd9,0.060463876916817705
dbe218b606bf3cff,0.09704945393188939
b1ff3f405ab15e62,0.09027519534596795
b77bd0eb977bfde6,0.040668054148738066
c65c01d13c9051fb,0.15948791851994334
9f7d2bd32579e9b3,0.06948637254201707
1d42bbb95380256d,0.14382366201686178
799c5bdb519f3962,0.10217295208221285
af54b26cbb15ae3e,0.091266840042172
9ce958c47b1e7d3c,0.11698805457830157
d39bba0520b226fe,0.09645827637733155
c4923735c16e8881,0.037927912995718134
43506b20fd8ac430,0.07582460223075929
685b0ab35ff084e8,0.17868642591625852
03212fcbf4fcc22d,0.1700728380100477
7aff26a87411e8ee,0.12798802279886873
9af789cec1453f89,0.04258261862301719
41f2ebd04afb728d,0.1406699652409053
a3a3009c55baa210,0.22777912814475007
688382bd40810598,0.08257193593802238
42cce10beb6c55b1,0.053346292473019204
59fe211f9aa2b83d,0.13291455899642207
86466c925086fe3c,0.15983758152666286
cd36f54626e83a21,0.06441835066553238
ded728c05e20539a,0.16150770611943718
0c7fd3a164040b3f,0.1620574566251066
614f526f552a972f,0.07427998992401087
cf076cf42abbd2a6,0.06211562890985927
e20135d1136fb289,0.06082000055107453
2b40340f15b07950,0.15175379586080082
92ea7f3ec80af25f,0.1362819851831684
1de6db095fe81c3a,0.1390139633762469
e13432ce761076fd,0.09237762611323579
ae126eb3da41487a,0.04261907264687015
05436df37c119ff6,0.10214552413200208
b9203ce854a26300,0.11895779167313979
e39f8336b7fa1f6e,0.14921519432890804
2d031b0318ea5a02,0.0818521302145488
54304b5c419290ad,0.0598180376634741
e9b3e8a0a4077e28,0.04467169602023461
1dced917867d765e,0.17756192651000524
c004a070a93054de,0.14705638571916124
3fa194a91f4562c5,0.07867356554388232
76d5a2300ca56933,0.051690362375443756
993bd3c445b80c92,0.10472328063283566
16eff5adf0cf07a9,0.2074065403208002
19f4c91cd1038cc8,0.05474676971162559
4ace42dbd199d1b2,0.07512685669455386
8232534ba45ef07e,0.10352259390896486
a2eb06ecbdb56bd2,0.05344621752580724
e33ca091fb503e03,0.10809655827846655
8b65603997a5d0ae,0.05012009923717469
c4702fc1a3b838e1,0.0767427309641539
0a2ca915437c9a04,0.06352209469936253
6e4d60a1e5913350,0.04888239458335309
0eb4def034c0e542,0.17358470066409326
0dc7bc6ce45f37c8,0.051122769102003494
69c1bc9b1691880f,0.09522057407705113
249619e3bba248c5,0.10704784047002676
8a0925f386616243,0.0772482716912415
c609c9019d1d7b32,0.1463363041479705
dea132cdd56b9c8f,0.16555947456639072
24c6ff18b883edd2,0.1761165130948664
06ea151cc4ea5974,0.04630833812650805
dde1072c2340c07c,0.04145671956663913
bf6234d11406ea49,0.0722138201445442
610c0fee53d0cf9e,0.14043367647690427
fc0691273040fddb,0.14240877741228633
46bbaf2bcdf5a362,0.09159168780912834
6f4198d004803569,0.0791848603145813
3f726ca9a49e022b,0.054243545852284115
2263ab08ec01d546,0.05889944986678645
dc2a61d22023b42b,0.30058272954393156
9cb03c429bd54976,0.04151478436043143
d3d5427c6c9640bd,0.16730952894320936
a356aac05b7d44bf,0.07234841168163739
2c28820cf1ae8254,0.135511807397757
cf49994228b74e3d,0.0691071646499845
ea984ee0501b30dd,0.10317161377847965
3639d96562366ada,0.04792003227061655
007d989968211b0c,0.09068643719190671
47b004a1df7ac9c9,0.10118681892325859
f09cbcb79049a436,0.1581872872018692
d3e17fc998bf6787,0.10554600215979283
0c6c8663f624c58e,0.04410824930824705
52720efef03dc54f,0.19390891592513385
c6a5cca33f57da61,0.06603879539357262
b1208369a0074122,0.06077549860670186
b0563e971ad0dbda,0.0447909225386482
a0bb9373f1dff1b6,0.15891942798103784
607b5d747f350fa9,0.1482036531356186
8945214e2c9cda71,0.1769583922491252
7fdea294906af44c,0.17128434080736218
1f3c2f31d844d10a,0.05159948317049393
248eb5a4a5179bb0,0.19722351428429033
f7522ca250fc8477,0.06762884497555988
3ac3d9675fc09e64,0.11993723367228808
b65116a131be84cf,0.16535295126925817
7cba939dfaa4fb1c,0.18099505074704605
4e484a321de70373,0.12588488495041059
48c00464ee810da7,0.12562213055677557
11c760a8108e0ab5,0.14662093907183435
4ece5849758d2bbf,0.08891597015879128
2d34cfaba66dade6,0.1854351436314142
597b3aa023ec1731,0.048141569428265994
65e095698c6b2018,0.12924404335078954
d4685373bfa64d8c,0.06323502308432664
b2a24aac339b046a,0.10297261609724047
d018e1502c830522,0.12591969260737937
b4a5d705266bfd48,0.0689472865254674
1bc1ad21db736edf,0.0625779352497867
3584862144963b16,0.07069234560554513
64acc3b4a0341a38,0.04412919584670368
ae1b7c2913418b6f,0.03900730503662739
5ff184c18b029b7c,0.04459483434769573
d407cc2c1f68ef5b,0.21043651697729868
10610f40d2c4beb2,0.047477919042999854
a8e72b280bf38b81,0.05903583962980938
4802ee9701571a2d,0.28261587540833616
c0ba503ad79cb130,0.2653520293205454
a428e18a2571696e,0.11264545529145749
d973ea3bf88a0f3e,0.1397545388352173
cca48a6fecdefbfd,0.0982387923399733
387eb4b1c9690ed5,0.05530289678164646
f9b045f246df515e,0.12463636258292472
b8aa274fe0062de8,0.14175765490223594
9d67fee3adf9e1fb,0.1715894716922514
3196cf2ddaa8893c,0.1401575181680016
c6cb67394ff79930,0.09531827248910653
b713b9f13a1a825f,0.07275053038289851
0c55301e8a9a0e8b,0.1284820685161336
06cf6a66edc51d64,0.23628578814519877
73877568d5adcb7f,0.05115030374927221
6e713b6c6d9ff701,0.17208017430458153
35b98290788b0e15,0.17139315997046334
c1699d21d21f249c,0.07017919978203656
4d4b1f0d9defbbe6,0.18036686987983205
c1eb4bc9fb4e0c7f,0.12479681118428367
ac64ea4bb93cb2ae,0.157085069614169
a6c0198d0ade9eda,0.1826989641387042
4ee5d36590d4f29e,0.10407785702066087
39d7718a5529cc62,0.040073233818438296
4f6e36e222d122b1,0.08154308887502927
f7b65c4533428cbf,0.20270134060644848
32839e57f8e1ec72,0.10687864637551031
0a631a26c3a1a8ef,0.13253874781709749
42ae365efff05b84,0.0750831666923235
aaf16c83ac07884a,0.13710565597440072
e3fe57ec38bc0cae,0.07648825552365197
a269d748b94103bf,0.09226647989128307
29320c0461eae48c,0.04134455893507808
98b75056b390e87d,0.1361432964832187
a18aa53890bd84ac,0.14734363382377666
fc5a2a2354cb11ed,0.04766676136472022
912408725cfa628f,0.10225449578584604
6453b1a068b68ddb,0.15163533495491488
d95e854d614ff5a3,0.11633470901838976
85a79337144b2a84,0.0734887963015446
b5e18d3eb66f6250,0.04039833839147847
3b90fc3f1087e3d5,0.04934934609862698
36f89bae0e5df26e,0.10869492850387709
7de9a21c9a6df7bc,0.17001069932960564
4ad662d48155a76d,0.11027707800211699
1016d05cc8d07dfe,0.10039480993252936
b0a028857d9a81dd,0.0970084333051432
c7da65ddda5ab002,0.13355498159022436
8faf1048140782ab,0.12136292041808028
d0f1cbe5f5c2cc97,0.13949849414939364
766a85256e2db000,0.04827803706341722
83f8495a5ff0fc2d,0.05204446879165023
a57ac84facc6651c,0.16466557132990822
3e18333d2d1812a0,0.04790193528957487
2e2c93c0b28242d7,0.15121894793946947
290025e556e7a964,0.07996007361112624
34abf7197c7817bf,0.1133661105129516
4c990af23095a8ad,0.1449681218008427
b30f0e7ab6ef02e6,0.1043695466424479
955f054ef8ac2a98,0.24334187637964247
efdde8377abe8fe4,0.13599757349085737
cbfaa9b940f4c2cf,0.16192943527310896
51e64153531937a9,0.2023479649960743
3b7b80317148399b,0.11763680013775003
b1de8383db45dfc8,0.10599888871529156
0d3f9429ecf4d4c2,0.04905558809105856
c4499c39e29ecf53,0.07886285879276238
7800f7a3f936332b,0.05782112896694669
b837532e3fdf4a50,0.09195939035328748
c681da0099cefd6a,0.055611084534010695
c7acb3b5705e68f2,0.05289687505246008
7072f5cd32c791ed,0.17549601238631682
00b5216b2f2dfa33,0.5661118041576201
b2ae02f82d15b4ad,0.10529404072210696
5ddd4c1db54b9114,0.10997939654641263
3e6fa59b53549aa5,0.08127892420527694
6b853eda68180bf6,0.15781609682177328
0ee247af650122c3,0.20681488202357154
9e2c6c5193f21067,0.053830802681263244
6cb5b3e20565dfc2,0.1495092347860041
dedaeeed301662dc,0.05745814534417563
7244a91f3ecd611f,0.03843347939210485
d5447b494619e05f,0.09735893272390668
d114e64d8dfca5ca,0.04361793822221646
762e061721ae89c2,0.04841406334786555
0359613691f7c01f,0.08762230590874209
ca90a47bd789f6fd,0.10005969090738016
b43584123f43b018,0.06426914944684677
0770e000ee552df7,0.1454545969319916
b396a1df0d592f4f,0.05541689035356837
51ffd9a173cdec87,0.199452734121073
38e628d583de2dcc,0.048628634114555175
5e444909efb4f076,0.09896258783612606
147047e5cda600ea,0.1177317212152318
02f5e786b6ca732f,0.0635245645259716
b29abac474eba51d,0.23137285157756193
14f09256775b5595,0.11225458099157896
4132a178395f2d42,0.13064129975100816
3ecf5a5ba7668082,0.05570161498588433
f7b8ef9f4baa3954,0.19219800356250497
344ae6cefc6e5e28,0.057033586719344324
9f8993a4d3fd8c66,0.0921773207022707
02fb2d64b2963430,0.11610331560423892
cc3e88fc10db73fd,0.14958148686386913
e1b25ee0d1bded29,0.16821133631245788
6811aeda7c48195f,0.10770691469692055
2caefea2089d3348,0.1481066341054891
06624c42e6f173c4,0.2351971883594709
18d0862452891d30,0.125889112731515
aeff78b9acbf4d71,0.07970899931671323
3c4fb720d11f542d,0.05688574122676691
ccf649ea4bfee844,0.07428125347628968
72bca5a449e85cd9,0.056332904865617095
fd6a74697a1a9ec1,0.053359764302345535
a629bcd8e7727428,0.05038242312313163
4234c32600399d7b,0.1624939021000164
dbf0f354d6059039,0.057289148692784564
3807b180f301e7e0,0.11909774245258069
5cff8cd0dc4c326d,0.07961859380502893
a28550e03a14c9e2,0.15240657279897576
244915cbbfabaa93,0.045872880798009656
f5d28c37e1483258,0.07405965386377507
625d0351dedf957b,0.10829026358722205
daa98d98f6971d07,0.10613773761165911
aac141e3478df5f8,0.09801277645101196
6e2d6b44bfbd409b,0.15152213851808216
34a46acb36dc8ef8,0.047737554724772736
f709bf78e6f0fe9a,0.0732081564515285
573ce0864f1f1a1e,0.05698727892016154
d6421a369f95b35a,0.07880542590070888
6c74b5b293b1b97b,0.05596654764823761
51cf0713d5fbc070,0.1256708744170643
062ba7304652bc27,0.055121120827487435
930853397c388814,0.038515969654780206
2e48c840c19e48bf,0.1310285436816093
2a51f116e23cffb3,0.10195902633632183
070669d7057f8aa5,0.20879825629068094
967936eb15802a83,0.10407455229388783
83ec0a0ff919a926,0.05033737973039996
a35f4a25719a4b95,0.0485722649555921
e646bad2986e850e,0.12552874875475242
8b488afbcc578dfc,0.05974027416034533
13ea6594c14a4026,0.07441999306057447
d0e536523f93f64c,0.07893468738797833
0e5ca22bcfd8c5db,0.16866817137303705
9fb1e891c08b715f,0.04736750653919169
7199fd0ada65fcc2,0.06897118031379859
2275f9dac244010e,0.052883251123021835
24e5ed05f908296f,0.07152068988782721
6cb602b86bec19a4,0.11645747600068679
9325343b0fd3d676,0.07215268322426104
644e5f81463951ba,0.09567478055796406
37046a2dda9e5889,0.06313792714651481
c7df199599dc296d,0.08785349180441016
54e463d760c0c6af,0.04614375488679207
9bde8f101bdb4095,0.09525684475465042
bc5c320666ed7ca3,0.044927428662086426
4e44d72109230bfd,0.12886101677740633
235aebae2ca0d45e,0.17354265935871918
55a1d48711c4359f,0.07503387932437537
c1ec685fcc48d91e,0.10959523031493441
a51c93906bd78ab7,0.1266565501436849
207c0a6423cf7a33,0.10883130297612952
c7693bad80c482e1,0.12527239885243355
36b92309f6e5618a,0.09561687394632645
26ee6d56130da0fc,0.15020977939627073
587c7d36156381d1,0.04892328318173361
50d432d2b52052b2,0.11957646669733168
b738afb14f60d587,0.17993026277798316
1157c08c11e901e9,0.11721577696790038
cfaea6958357ef1d,0.06900142620952841
d8b3ec80ec080d08,0.14993743073124538
809c8f80468b1337,0.11518560039033403
1bdded460bb636a5,0.2123902116325093
96cc52a1a3f13e6b,0.07018679454034818
c97a25af08369f73,0.05610819606717259
0de5d7bc5b46bdc6,0.06849714146759242
c6eca151f8576037,0.0928905316811347
7ef7f606745e05ec,0.044011230436365505
c5ea9ba7fa065f8d,0.32449894219358005
63142c0d75cf9aa4,0.04147074506409174
c396e609d01a9bcc,0.0571201102160196
7c9db70c27860a32,0.11387823501599793
8dd4bb6eda603b43,0.06966055976121938
d5eb724b5ea43bba,0.19567822974133497
e7e9bc7d5e2e5674,0.13884008972817077
24b3176d5020b612,0.16367237035459778
6fed295aff782896,0.28363951695961515
12d17a3ef6b47faa,0.1422997862948025
2c550aa9cd671368,0.042626244841875195
df00e28247baf9ff,0.13871662074872446
9449a45c9d7b914f,0.052931472270107714
9a8393310d9b352a,0.11238289813917633
e1b1b6a194b4b1d6,0.0784564836970277
7097d3e397e94525,0.0542814604799163
e3d1f895e94e8bbf,0.12189541606969101
6c46ce4b2303ecb9,0.09546024140373403
999760aff655cfad,0.04045917188320058
6d526f4593563124,0.0808563092644556
467801b5de42246d,0.11688020316522696
81c9cccf75c1503c,0.04828832471582242
bd1aa64c7a5dcc06,0.042712829593921975
df1a75c489d95957,0.05125942587390159
7e6ebb5b237b817e,0.052733464454864036
1aeecba2c7866fb9,0.10975576237887204
14269028868b89d2,0.06114060425532872
5ec456826b243dcb,0.06731764775258868
e574a546f8e193c1,0.17950941702915904
b0ce65cf243f3ae1,0.11766153878842207
8b8e8a00e6e1fdc9,0.05544410698408453
4a87b2b000e87686,0.1504415650688936
1175204fe5f8cb6b,0.06673946712652261
50a79bbfcd719a29,0.12091354789203153
0d8c215cc600c1f5,0.07350562655654407
3ceb989ec05cb0ef,0.16012455901204817
c7ea3f3ae516dbc5,0.049111704667218516
060631dc9f8845f2,0.109472079733497
4ccc3fe421151149,0.052127602927044804
fd51240f58f2ec0a,0.0434378788031855
9bb25b00d30f4ce0,0.037896739181690196
1e633867010ad35c,0.046735769201197125
90da0c9b099080e2,0.08600218148914879
f3ba8015df41ef05,0.15278682089394693
7006c751c11cdc01,0.12099275804680669
db5b922ab7ac849c,0.07515579974100456
8ed9c5e3ceb94d30,0.0936621288867782
32bc573af0d063e6,0.04908259483574456
b6f5ace9b32140b2,0.1390261069602186
2acea7857a236b62,0.0980400492913735
2dd5886a7dff0caf,0.130916607103477
cec7e9631578eacf,0.1989024223331953
aa1276a52bb96bae,0.15365532942766133
f90658bc8d521271,0.10886038349541798
8b65638e31a74f80,0.11674732176219811
233d4e0eb18d8449,0.18586584203963044
95e779988eaf54f9,0.11559397285229127
ce033e0586a41f4e,0.06516997074680415
29007abfebc6bd71,0.10937807105359736
37555eedf932eb41,0.08373051334841576
43f0b7fdd64e4d62,0.08620241057291221
48d11190742f10b8,0.1876088815706376
54167e2d347acd9f,0.053910757868347724
adf2b2540dad8766,0.1540626329020596
aa4854b6b5329860,0.614826682534331
371dbcc2d3dab4d7,0.0800483124180159
29fd5cd58cb38dfb,0.15083274817277145
276d786a03dacf69,0.08555846841448994
90290aaf619cb77b,0.06600640079398735
80904c6eddcf06db,0.044712036238091966
5232eeb9a1fa8f60,0.12618847927951013
6205daeed9459b81,0.061035987814666265
6b4abc5da4e3aad2,0.12421938481998586
ecce281c5f6153c3,0.14985973469714262
926feb1c20abd0b8,0.04632881164813801
64874c60d39dc86d,0.19147735319997863
1868aaf30c77d6e0,0.10300155437210941
52e964be6dd475ed,0.225088855343715
4404ade20ca8acab,0.16371285654209106
f6bbde7cdf6430cf,0.575382737524425
6f9ac9a8227bf174,0.20358295928547718
e4afa0c3ef07f2b8,0.0665761579335154
a85d4f04f63f1f8b,0.058441482755622255
7f3411e87c2708d7,0.09442623279319262
5be924d7d731a308,0.08197280693778793
41ea202bf96f7295,0.06797701337153524
e7d3e68c097838d3,0.18694438799293026
c21ded045b04b1d7,0.07605244911286348
a87de56d4f2dc966,0.04650913761067014
b073cc5a7d5d1fc4,0.08572673071719346
cdbbb57088163b02,0.06356188876498214
97a093dfe9e1eb64,0.2117451974406448
68aafe54d00b3081,0.11863635081072961
dca611f4099c1df7,0.06421747890654249
068c9856fb6bfd0f,0.049379634622919166
ccec2927e56ab3d2,0.038083546856052156
f4239e382087c8d0,0.17452647828987244
a37f1921e2ae64c3,0.10670969415236632
abc7d40ccad7d04c,0.04686956537151143
7be1ba405f826136,0.18082104925805623
82f1ae3eff7b57d1,0.06761533251551795
64bcb6835fcb93ff,0.15860056989409552
8a7d498479d37ffe,0.09911672706935981
ddd893f6f7c67340,0.05427215955873318
63438b2313c7cb87,0.048422124236679596
