id,label
6403a3f8d07557bc,0.08279825475273178
1b1d097ff5b144e1,0.07796162597639227
08c7c3c71a02ca8a,0.15323319448191772
7f09e9039629a38a,0.09377248690050484
1fecfdee265e685f,0.16327365149331646
2b1b1ab99f54e1a7,0.09479728406561344
f893cdb025b56c89,0.13622789346517505
84466d5fc69b1dd1,0.13809017303599266
e0f419be2a81cbff,0.06631762826409766
d9e55e1259c7c29e,0.16038296115758902
602d7f4b0882ec4b,0.13006851458627194
67f2f87cc129d7da,0.1296158522570513
eec96ea0e1c9f7cf,0.03417318530217773
d85127e773ec4820,0.12918429766485964
9e96822b06b0f7f3,0.06630401290090936
c6489148a3f9498b,0.10116902092856157
ad5ca801b22a4eb2,0.03928171680198675
22e01b671e9f12bc,0.07483089457039488
4953dbf3e113fbdc,0.04820593037388735
95397470f084bc6e,0.3231065540711162
ff39045f375a9792,0.057707039636298585
893575902a76b6bf,0.05926243771626908
4d9211d2b44f7d9f,0.08053282274385543
8205441451789e41,0.0354732745218102
5ade617aad761daa,0.3045652736714394
7d8bd74eaaf831a8,0.1287910092181377
3a4abb16616fb838,0.05086529407050242
6e14ae545a54ec6b,0.1571457155336615
a6d127f7b7a19a79,0.12775106140016368
e29e33c4a6eaf6fb,0.09494882411245971
42b296aec3a400d2,0.09273762871253773
238a42187f0c12de,0.06699704971402339
4c99d80ab952e272,0.14310963746232944
ef909ea8db65784b,0.13302534007028255
53283f9869842cd5,0.1796309603539407
fa99ef0b96b51157,0.12491591971842435
3cdaa31c37582a6d,0.1758397616349575
e007009eea08f15e,0.08389165824843665
e46769b586a6b83b,0.1461545501651258
c77497b63a864028,0.06064065277085218
bceeb0086c625fac,0.05208674222688001
5abf8e5791e5fa94,0.19753545139487225
0b7d89ea3694651f,0.12208935825406386
ce60477eea0a9007,0.1941212171694647
847baeeadbaba41a,0.08243803458419285
aefefeee7da6b616,0.15268632309504837
321cc4b04985f915,0.09408056485944645
590cfafdd102ec19,0.11141672148300952
0a3027ad8dd82438,0.05642229653753875
01e58c9ae88cd390,0.04980543418136557
8f5eb2d903aad722,0.06413214895090517
3f1b90f008fcd5d0,0.1619178804627053
9e55098b34909114,0.15630251257491762
ed3723d6f0b305ec,0.1232747225314893
e1d77367315c8c64,0.07964530578200846
b97a34687794c3cc,0.04090945565791465
2d9a8bda25c031b1,0.05179989649399841
367427e76fbb967a,0.11685250321019365
2d1de7cf3363aa2c,0.059952481327465
d69cf5bc1f0112f9,0.0453780641386247
2a75c552e6a0103c,0.1730908825271409
943114c642b7e30a,0.0600233084101263
5f4258edf6c1b382,0.052843475750736925
ff0a817eba03cc6b,0.13981332561563486
c77fe2a4fb942f02,0.15894548159636024
df587d726667a5fb,0.1266666093788946
8c09d6fdeb48dfe5,0.047901462383255565
564e16bfb829c7a8,0.0396184679331182
e592482dff2b62bb,0.04159474288274759
33319a7020313788,0.12837603081435542
4700a73d634e28f5,0.18851900785824482
e5d9aee597bb4052,0.06905936792328281
b93533776029ab4e,0.19923090496542817
e9274894e7ca5d48,0.034323823886192345
37e126228f093cb2,0.054897398828347356
ee5e8daf19a62436,0.1888928654735987
5c2af7cb33fcb9b8,0.08629725612703602
dd6cf914fd458758,0.04947915786094286
7943edf1ba3d08c4,0.06376781408570739
50dccf68b6d84c9a,0.07269433774120392
71b1d024ea8e0791,0.09583957366242075
a8ccfbc903739855,0.05158087875768833
bbf9130a10bb2e61,0.04131236826632923
41a2cd1fb3af1f62,0.09202715758422819
e5b00c5e94bb1efc,0.09731571575340381
8a2951b875e32f95,0.048618710231264683
4b4241c32f2ae2c3,0.062059846199564804
8beed49416c057b7,0.07196280417384963
1cc185c7cde5f29e,0.16294497241868142
635d0e269bd151c8,0.0396888860643356
9eb98f9a7202dfe8,0.041686134088501255
c224615f7e3ecda9,0.042198917615089836
f93a14286735bede,0.06504908112583704
c118092c44e808f2,0.13311350664898858
0972b7359cd12fb8,0.03895656814393093
22318b12ec6eb14f,0.13663833305910905
9c92d4068021c258,0.16823888026854913
053aaf6bcba9464c,0.07414690855494586
966f0341c7d1f5bb,0.06253044561123032
624826d8d4f7d476,0.07260324743345943
250e83ae550b1992,0.20007812824322335
9ff420d30b835836,0.1275805175940773
f74cb9754e9ea82c,0.09204895483014523
8ab5a2752e698725,0.056934606025730326
56957aca1f34dcea,0.1291778024864069
a6c0cf21bf0a1be2,0.030782320475293275
427e6266110ac72a,0.18093873848543693
7b84fe626f3ebccc,0.13268611352123352
6abd9ee5808aa267,0.06526421665852535
15aaf86082111e4c,0.14982530259804733
afb1bcdc94b9bce3,0.038217401910612334
93a337e7b4fedfd4,0.08677082361756423
cddee4f1517d9dd4,0.08639048620155514
755140c7bd8e7223,0.09428195399515882
0ae88cec371ee0f0,0.04134508174549855
08a9f02754051fc8,0.18187413908394454
4bab179b9218d454,0.08215664099091496
2af9aad0b831d3ec,0.039993961377020826
7d330fd87e35ee09,0.10331303196982927
d79f0de699294b3b,0.1355305857351723
652a8c0826eb2609,0.1200256135878454
2ae2ef63a2565c3d,0.1564529728329498
1bcffad3764f7c4a,0.07036958633929032
707e78f41fd82174,0.050335934109973085
e4824a55ce76b702,0.042912890717071904
993182bb80730c31,0.1065376890303036
dd67c105d030f636,0.14068880324536034
3dc4dceeeecb58eb,0.12644637995663702
90a67d119116b976,0.14368905117920208
a483f8d40e026f5d,0.03670067706019883
3d24648e710fafb4,0.06112068801006537
9104c44e8910b122,0.04610215255245297
47b77ad7aec9f1dd,0.05668239477990347
a66cc4155a0edaca,0.1120827205627382
1f4dcc29503e1a4d,0.10663070557535466
0a295834d6044914,0.06611366674706519
bdce8615df21ee2f,0.03584629496055602
694b4d3b1ed04c61,0.04669280920966928
ffd75ff5c92f624d,0.11540869427588585
717e992041e77d9a,0.1279933554377559
eb5157274916100f,0.12774877483394315
b77c5c610fc74da8,0.045784785211341335
41d2ba14e653bbad,0.12309220314711199
f2b612c9be07aabe,0.09838921161753955
3451e892c310a998,0.08293583892604449
2ab24c04722d8bf6,0.052766983991167415
38ded7c17115e7e6,0.16697832854871875
afed8219aa70efeb,0.08728250788815113
1e9c4d7d2de01fba,0.11291788241395677
c1bda90e9a3b9ec3,0.07989564856744284
d406fda410e7c177,0.18316962975090853
f49753bbcfabdaff,0.09181867572827544
4daee2e232e58a56,0.1953536163949303
858a9c1611f558cb,0.09650791045174895
05b0a9e8b1444d99,0.07769351058459677
8b2ac5da79a42e4a,0.1536387484951777
222fc0675ea28b67,0.046625559138554346
77cb5f88dff15921,0.10186415515012438
947d5752d88dc00c,0.18820206766580774
309a531dddebb471,0.15761719294628115
7e5f9d7d0cdf5a81,0.04679737434977043
6dfe2ff41e67b01d,0.0798588950507445
9a51f7696f388499,0.09281626966278411
9c5cb5a9b9b2b4cb,0.14823145428723583
bc7e89abddb2aa54,0.6935505297903938
5d3eff0bafcd186f,0.136555420595519
d592e9d5579075d5,0.06411808118574674
475f765f9fa22959,0.15523801871491938
71d36204d6040aaa,0.13593427331997388
78119b8ffb9aa8ab,0.04731714564250019
09d1e9b9b858fe18,0.13170179122683015
ba5f5f59e3b0b755,0.15353034826618975
3b7344f40bf64734,0.0986577083158503
1f72c876a5e3738a,0.1283903903045813
86262f7438a90d1d,0.08858743895937508
3f6e10ed3e6a6303,0.1913278535042393
ada42e94aae1a58f,0.16007835378830326
b5320e4cd134414b,0.10283336072742465
ef83ac91e80ddd9d,0.07497554687066545
b8a457f0c9f14bef,0.07878103794978768
74947cda3decdbb1,0.09803053057407059
a39392c735bde1ac,0.07924351929122804
afb321701a74d5b0,0.04219219888810152
df401b9701e04299,0.055974697808897106
c9b67772b4c4f44b,0.15365508248270668
b5665177cd7b6c5d,0.03135983437241518
1d621e5fa6b0c45f,0.08310799720228992
2d595ec6f4c2524c,0.08001006950832729
6a96a53512d24696,0.05903105120672298
b3a68808640b25da,0.04449306438017218
cd9f2b2346e70af7,0.054121713508070164
d78d162e0d903e67,0.16536118108976203
512b0444982361f4,0.15818449857853895
36f4f9a58e05409e,0.05558333944334375
e4b4fc878504822b,0.09632955521831787
d2c6c32ea3387653,0.039530541916219415
62d5596d1fe892ad,0.16363502223011703
8756eb85074bbf32,0.05299582464449514
9120f37fb674d8d5,0.09846518711341734
ad529a51765d4ec3,0.06097068307509076
f5e98c69a45e4a76,0.15789303639131302
4e8ecc5a6ef67336,0.08499653671573491
e26f37d892f837e3,0.1362917143195263
377bd33e8a9d5e7b,0.07016918097769381
7277e822016a05a5,0.12436023388705546
94fed9a4092a19bd,0.09447207654450802
28d304cf97ca614c,0.12114447914334064
5a5195df47e373d6,0.04041331970360491
ebc9acfa1d364336,0.04992152057749979
5d76c6de5ee62843,0.10772176787896336
511d1dd15e99184d,0.112497990313013
b6d744f202fb4a14,0.1233402709951736
43c3e8abee7ceeda,0.1266480527340444
41afcd725afd0bb9,0.09820009357255972
bd4f0c1a61da90cc,0.2423626527992303
ac5e8e6812e3a526,0.12930870704108907
61843635f4d407cc,0.1571756486110438
d643d4e6d84db59f,0.13117586320146254
5c0b8bce49a0a773,0.14757488791720855
7c6020b2e5dae41a,0.11782537830176347
4a6f26c4ccfa8a2a,0.05531401575845963
f5ff436197b8129d,0.09821762140486606
27b8587241bf56d8,0.07012221985468499
a198a7b963854e6e,0.042226595648845615
8661667952751501,0.1595334239318705
282a1321ef8c1306,0.08416388685023794
db3dd0b21b03ce9e,0.12240161311967246
3bdc9a83d65a78f8,0.1133341685130227
2983651d59dfaedd,0.14124937036118415
ba2be23d69668658,0.055630780308924564
89d58eb00d13e4fd,0.06494978180189502
d2caeec36f4769a6,0.08618856136332524
dc23c7fae5f57288,0.06231247406611857
c6e284593c89d176,0.11758343018646401
523464c4f48eb02d,0.1788348778562038
cc7624fbfc77736e,0.16008669954095434
6b0c371df7cfc676,0.10635919457585097
986e8a5497d243a9,0.1746470509697566
0880ed3a1a77013a,0.1298113927269219
791d60ceeffd7ccc,0.2085149978756269
1fb2b452cb819b3a,0.15099469441462768
6e683e5731d8aac7,0.11074397904585098
d752f92de2b858c1,0.06376720703790956
91654f6c88bcc480,0.06722648863126264
308caeebcc6bc059,0.07384246883759409
0a092e2b8c9c06c5,0.11650889555778167
e29749c7cbb0ef48,0.044532845714554375
02521319f8872bf9,0.044199152732279166
f699494da66c4efe,0.10763177957387604
060f874ec99eadc4,0.09052838156461991
1a2ea8a74fd54c2b,0.09961403117163366
a98b83e132c75465,0.0441528189996571
0fe8ca7c247fab07,0.11470560904659988
c8d9bcea59632f23,0.11112088483253095
0ab0d9c2a040f32e,0.047593573773419794
a03fc647d8141fd3,0.1883365525541502
1036e1cd53a850ec,0.04890046075389115
519d3f96c9895253,0.04818166164361956
28df6bdb66f8e09b,0.19574261057884526
89713786047cfd0e,0.10067390602129561
6389830954a0227d,0.0935958043666581
8a5f2d2c5004dead,0.04645797158454048
19d4cd44aecb29c7,0.10512580695020456
2ed9718fa269e456,0.10877744629924631
31d0832c9b203b46,0.06902826820438109
e21b68ce26bfc500,0.12877771961660325
cf8783ddc0b9bf95,0.03812316642030868
fcd44919c1b3f412,0.1576858274024636
c6e50665e7bf8738,0.09190484849259596
ce0179fa676d128e,0.2183684417427825
423e064e247fe04c,0.1481959726655813
0ebb4ab2c338fde0,0.10652524990284572
37337cc831e40a2d,0.11517503398301888
04eb53517170d936,0.07489858985043973
dac684a7b8635061,0.08422736218452746
a2f354d17d1431d3,0.11461713301539013
8a42e6579214e167,0.09556802841263516
c35d24cd26008161,0.10271715044235975
077789ab8d103e29,0.10663637666311414
5deb9f3705c67be7,0.11906923838010057
dc531f502bccc4fd,0.09916533022913669
ab4b4d6c12291a2a,0.07784512938085103
47b284804faf97e4,0.10634984612448328
d46bd1fa92be695e,0.04853310501304198
11c536ec56a47156,0.051875641034999496
d5bd7d0c4a297748,0.0392682909949393
d30e6ef239a13f14,0.14693846242585099
8be010237b513256,0.15361344534487784
e3ed18d3d53d8aed,0.06929815888302276
a9f5c2f8c5922e10,0.16978581957407404
05a75c012be2ab6b,0.2319516757722789
a068617fc089ad48,0.10373573569847534
687932e8fcf71376,0.04614047862112292
fedeffd4ef29f976,0.053742426491748374
5d3e23d9b2256c27,0.07792835348435871
c6544d7502deea99,0.0670726087291192
096cba9bc78d7637,0.14692949505616348
76b587348b5c4d59,0.13026357559601812
62185555ed060f0b,0.0954396296988654
b538966eb4ce164f,0.038863532153953134
8dfc12a6712b0903,0.13833455055385235
3ab52adc4b1c1768,0.05838639544777748
463847f9a1f414b6,0.12521905307868528
e93e14d11fc793e7,0.04905932385052627
2cd7ea4ff0b97ed6,0.09786972580612015
3cf1ec0a8c671d61,0.045796322598408136
e39df281ee7e153e,0.049609082468031064
272a6816ce2c7c9d,0.07638389533010394
f56230f889018c95,0.15217242918874008
4119f28f6d4d40eb,0.10872614781876799
3e744e15c1c6600a,0.10121577890818471
7975b8ce43d7163f,0.11354650024636126
76519a1ae0dba3b0,0.09178467880235906
6f6aca7dc35afbbe,0.07278336774969008
658aa810bdae773d,0.26738543360080635
41c3618b9180e8e2,0.0808129805853166
7cd53693b2b3a4b3,0.0553277665388092
a450a4bce9f2cac2,0.13187228216069535
05bd9ec45ff54b8b,0.044308931468946655
0d67ef8a9dd3249f,0.11880552441976473
514cfc846a144390,0.12194400717704633
2856a2a0114ba55e,0.16244175778880973
ebe02c0b1c116ac9,0.055624873893018394
cc31cb4421bd54a5,0.11344869032820604
d63593c7bd5f72a9,0.13893051049471491
962b8c33b5be069b,0.056581771233152424
40e508ceed1116f3,0.06215460919858729
668eca9c4cdf1507,0.12387690309565186
c15735bac7d4e6bd,0.05468091268703939
09d2cd5ccb05a325,0.07958276816539485
71ed58a8f5d479e3,0.14151671348613193
56fd1ce474cc243a,0.1779787578138646
4c4fc4fe6dea340b,0.13876335080964428
68fcea284ddff8ff,0.13260663660472072
8913329e85f873f7,0.11015223043338566
7a210b4ff6c29678,0.12095452731065803
91bd2a01c0384263,0.16964083234461358
14e4e31c9bd8d90b,0.04682266967492057
410f92d0f317cc8e,0.10523763129922015
780cd523f303a8ba,0.07239842272451875
77ae2af1842fa5b4,0.07621028706249684
eebeb3dc997eab87,0.12178581509580193
fa6c4d5205fdd5db,0.20926245762779616
f1798e22aeb3b385,0.2507897233570337
8af0df5286089649,0.09661243558835436
6e224e4033db63b7,0.04163297233285585
b8624ae03bb7e7d7,0.04561938589452633
52ca2f9cf118011b,0.28791320083243316
52c5dee14f8320fc,0.12414350906450188
43a4ed5577b3346d,0.12322852168838185
332563e196c7a1ee,0.18329576352943164
cc4b32b77225218c,0.11743160946905602
0b34a503e14e5271,0.18637306739757
33100c4fe51f7435,0.10862517359905714
6de5ffe2b6664d73,0.044813882520019964
ba39076152cb0ee3,0.08812824687356123
aed179ff9c81f4f1,0.04232967380840779
ea1a9bf792fb6a7e,0.05519594663410419
2f06ce2d10fe3866,0.1263875511026453
11855575a4718674,0.080115240279955
06d39de4f0e13f3b,0.10829349071756478
5fd7c68abce444af,0.13610212369733868
d464bbc0a2f6ec7f,0.1728029386673197
86a7d5c47fa116f8,0.03920287637047271
a260e587d0fd3fdc,0.2115523141133857
6c07a18d9f02a585,0.16968375107467507
8fd3d88e27ef7240,0.07041799376238696
80dd9757384d7ae3,0.07420561997840484
00a0f9038422aeb4,0.10928672325231277
dd38ea8c63c0a90b,0.09597104935403089
e23a165731b18098,0.1796009753593799
9bef89bb8b6e707d,0.041956595433037945
db5779805bc9128a,0.17571633825203903
13c6185147e496ca,0.20814158033584942
c23ad10e1020a370,0.08137874119300854
cdc252e1304b3741,0.06494949584452742
c9866843a2ca38c5,0.0940380005415391
1193dd7feb2e1c1f,0.03622366082187927
145626c411263ea0,0.07379062051509784
b2bb6e4261a0a280,0.20708535496400607
ce6c9830339e8d23,0.12036385256429633
e5a315b7bb844af6,0.12715996160152684
d85cacbda54cea30,0.07711984980101709
ec609eb2e4100b33,0.14661147720723125
0d785515807808bd,0.15114417294080804
6bcfa2aeebd0236f,0.06369570352714915
9ed83fa2f828fbc3,0.04853775611567974
f596ac3c62688ee6,0.16686948725304018
654c4ca75e7a6d56,0.12332474619773977
162146e83243572d,0.14161848933955115
9878dbf0860838fa,0.11473244491871841
332ca627787dd758,0.16007186420770916
679ad425e74f2477,0.06481058655031981
df5a276859dd4308,0.13897648932863635
e1f7d0ae0443184d,0.13802752782122116
a6434286f4234aba,0.14922252731000885
3351a9314dfcaa5e,0.03919725823833998
e19b22778dcddf3d,0.07632756095112637
a98a59904fcba403,0.08945390465819947
efe47bc01bf23b67,0.09265921929357586
a1a862c811a320f0,0.08822336148294728
bdef7203033a959e,0.1340307304801667
0fa3fd428635e63e,0.0638695795097245
8ed23ba67702fe54,0.19707537936738576
ece14f4f1731d91c,0.16168417240126345
ca20fb73d0c544ac,0.06603909208157056
927bbcf7fa67bfb8,0.1517543919251013
deffe32d78bf8a82,0.11579039642880369
319944ea096b3a65,0.051815218443632564
19bd6f94f36d44a1,0.07957083844185163
6e7447b72d462201,0.068259961130077
be6959210f99dd41,0.24333809757192879
bc1a4abb3dbcab55,0.07376179283364126
41032395ff67eef0,0.18060527852091482
2b4004b2678cf0a1,0.08072590076093387
469658e2c6728fd1,0.08451984483703719
e67a54cb89e72744,0.04999381636558862
0a1aa269dba98abf,0.07536123562322604
746e977975fa2166,0.035560374111319626
ca51e1b6ef04fd43,0.07295960456935778
dd96408688197b1f,0.1255209500989965
23b5530f05f1d9e5,0.13505582622915838
da29e21770225527,0.07119610916453593
adb83a06bb93e782,0.053691117728533605
0e4d2b4f26be08db,0.16686814236496997
6ece7a74dc7701ed,0.03909586495778903
e5306d42c50fcc55,0.04809727231761954
4381dd659292aa24,0.0711530365546781
e31ebedf532c25cb,0.09060340300418633
853b98dd483b98b9,0.07030476366167177
2e54b76182ee44e1,0.13140944099742288
338f6834e70af5fa,0.033473169954641
b5abaa739dbebcbc,0.15242792194496166
5a8bb8464a290761,0.1350907791694647
f0e90b285061c449,0.045505241524545444
e66581f055ee3b78,0.13348100116088718
0a21004c4d12a011,0.07382330035596756
04cee8b938d82d19,0.053356944054481104
c2eb2ef42ef59006,0.09622998384541166
4db76ad147f6dde7,0.11069183803945082
388d2efe55423a29,0.1981538322825387
b9875250f7ce8623,0.1264880818519385
e354d93aaeda004f,0.2667154188455772
39e7b31ad6490a4b,0.11802118624036899
a31878efea02ed42,0.07123406880805122
4db06f2609831909,0.10995313099979702
e23ceacf623bf244,0.10924447750837034
5b30a3dce1e3fc54,0.1783579565749892
9b09b933e5488d29,0.10317169052720115
64f0282d10422cde,0.06726252396894787
d171c9bf0e731793,0.09764398914464589
699a9d5c734b80f3,0.0916280196346773
79281527b5fd74b9,0.06578026294560056
63b9f2af8362641a,0.11990413228978107
8e20990222b8b1d1,0.09394573908552471
cbfad4f1f811ddcf,0.14142073484733145
a6dde1511fe8d47d,0.061838251083043284
54e8815e9966bb51,0.19384153570820187
cda24d31d8c08104,0.11615302907601077
2e41b0e18fd08067,0.044957493116289694
6e8f4f5c6e28c26a,0.13518359126148236
1f4157812e2bb339,0.12444257623430958
c2d3133094dc0fad,0.03621831760420005
e7e2da8351240636,0.07880311856741307
ef2946985749757f,0.061472202169701805
ae735efdf3a84f05,0.1381666765627115
8a459d7c2b588a93,0.14884018001803265
df0d35696f4b164e,0.0931207582715164
8f745cf8cd93face,0.041450743361902256
7aef10c8e6aae208,0.053476194574861226
706e881832fde05c,0.1952452016857157
03a6674f904defe8,0.06907240869659208
f00500b8110dde92,0.14661146726892724
1475216e327695c5,0.14789281609333682
3fc20688817559fa,0.03883542142008947
70df3ece5d814a70,0.051562811993522216
bcf591e552b3ba82,0.03316133725404075
a04e514a6ca8156d,0.1797968828474302
f83e082f10dc4f9a,0.0461262379243863
21a0898a3f0c502a,0.05575712374503496
c9afe9c2efa6168d,0.05558198826953157
9423152627c5de85,0.14425938494993668
fc5761df1ee97d2a,0.06112915368809466
b51c1517f2b27082,0.0682541448877811
966bd6f4b801db6c,0.14993755646796966
c39f09a3a7ee5d1a,0.12678120649846372
cd4ab667a784a10d,0.17680999073222334
053911f801591901,0.1174818034803549
4c12cd87dc745584,0.14071722967173175
f0c4df4801e5dd7b,0.042839901284025726
1cdb9e6374b25c46,0.049087549338368085
55a04d93184e2087,0.12265198282662286
b0259adc08c321ab,0.08114873353014394
3ebefad692cdc413,0.07251832308144757
83d05a33f78392ef,0.06636121077193173
57e746a1c420f866,0.14555582820208107
7086b53e09fe17c0,0.12583225705388967
2cefa5982f1e5321,0.10684263034547747
c4a61e6a8fa1704b,0.11692544577397794
cf3db8bd220d5bdf,0.1324008981566409
75c651d11c0a0337,0.04553376210937996
10dca6cd4d946194,0.09329540730472126
316d771ed9f0b6a1,0.08052060471281629
ef64650ddba7c539,0.0423039053195593
721f58982ee85da8,0.14599497943491388
e8f08bd5b06f41ef,0.03458556907331319
8c2e815ac865660d,0.15045792457044183
8191fefedc6afd32,0.05088591383449633
15c9fc425aed1fd5,0.12193573644995631
52f896a602e74ef9,0.15488429503164589
c8a94bf1f874596b,0.1025321084968472
64024839f91aaea9,0.1290404233313351
23a06e4e391dfcaf,0.09665480018541601
76fc88367fd4b329,0.044452775513944304
e7ffd70d1007bf31,0.06204197788436605
4df67b2b4764df2b,0.2285832458737048
5e23b5ebcc3c7201,0.15876836464371574
97c325c9980b0ab2,0.049330274895963304
3c8bace911db4b05,0.15986458569357362
d3af2a4f1b0513ef,0.12152208090022802
8a66145d22484a10,0.1438195617491756
f501884aa3b0a2bf,0.04166648054200421
21f8710a682b6ca8,0.09889921071895708
67addba46911ef5a,0.15490149393140243
cd5a8d124051f2a9,0.13982464062055508
a1acde423d140030,0.03896403895015355
6284cf5236839f36,0.09550013707105635
37f720257a8a7a33,0.14504937672933596
acc257668dc46b34,0.15224253448764688
23424057c8458694,0.07306730203675428
418a7b8fddf172d2,0.19378101402363415
dc356b2589e04c87,0.14982650173640458
f64eef65821a8f3e,0.07110014900165763
9fce647d5b47563a,0.2099414273296544
52f9976ea5b478fc,0.045498539585668185
d240c91989c04146,0.18004010286300268
47ef036d29375b9b,0.1981777129006134
8808a12bef546809,0.07430981570997511
d3a20f2bcf2db8fe,0.10377884121272797
a451d8e451fac918,0.06438498392076397
9826735b01a08344,0.07839358378271509
c4a29152e2eacc8a,0.03647305864804826
631690ed30cc1631,0.1946522405587551
d84d8a6e6ca5eec8,0.0466533798992765
efbafec85fb00cc9,0.19265734450244518
24556c1044963c8b,0.1878170907731597
5dfe6e2137dc82e7,0.045367113958765415
b2400c3aa22283d6,0.0655377773227351
71602580e012f168,0.14196557210473573
cf01eb3e54442236,0.038427706183955385
1a07d25426f87edf,0.09633601059478136
13b3d3fe65bea413,0.06980487202243839
059edd840763fd81,0.15757565215562833
48288e044d74e7cd,0.12093092278084401
add068ffe0671cf6,0.04796985641865726
c99de47efecac792,0.12654402884665653
11cef543afe62f88,0.07011766959643738
e512156389905eec,0.05729123522410423
138703e658867a2c,0.15144530055617927
454c3092e6edd433,0.03795823643118811
dd957118652b5ed5,0.1380575529485587
af01fa5eafb4602a,0.06552640377402723
7bffcfd2a9da1725,0.1545708236237414
24f3f1ab071df78b,0.05310248476873975
3ec7c9ebab0a4a2f,0.15638174898881047
3c1d10f4646f69fa,0.06597212730897418
9c5f959e1195fc54,0.042197646753018146
cda81aae0a16f97a,0.11771181945362252
2bf6c949fa0b6053,0.10807390770969817
546683ea9e5995f2,0.12425734891313832
c4563254d849a8c2,0.09214196399476049
e9e85a92d9ed5065,0.07491131446631695
fc9fd5a085f168e9,0.1092699479862748
54049d409156afd1,0.16293945990211126
e4c0d5c0b9045e4b,0.13257935498959939
058f290d4016fd11,0.05420846524049978
e14cd74f951c3910,0.06086896693841437
05018e18dc83e13e,0.2672843900580471
763ff25fb3a65368,0.052212678820327575
eb5cf6bf7c8b4e5a,0.13447690208359883
013351fb7667dab2,0.09197497713108156
e08181f896cfb680,0.06357850323516229
e65d39ec9e3de422,0.14642543906164565
9cf499aa7626f14a,0.0923625062495812
f203a5ba78b7389f,0.11634377201347217
8ea386546c0f8c96,0.19738827388102229
0391f48a6955106e,0.04355689362885925
d2f70a0377eebc5c,0.048314326022378486
b96e54496b6a6713,0.12184103627799943
1ecd7d7fc32cc874,0.11424485098660651
a91fae320445e22f,0.04894771884939897
7f7f8d9e95bc3227,0.14187161568892503
8ed9c9b27ed7229d,0.07706876273187935
19862b4c0d2f34b9,0.07639758111126196
e5b1c6b3822addb0,0.127456177674545
191edcd8d76cb951,0.25126344914017307
6b08a1554cdf28c8,0.05376657821565658
706610ca333da138,0.10205624094517762
5cb5f8466022eb46,0.11995126249134448
acb3a526d9921b55,0.06916451805735813
947db252e781ab55,0.09197063136181773
e94881433d15d819,0.05413533765881027
34439005f71e07fd,0.08855983374315375
989a2593307d72e3,0.1053990003447357
ec8f1d04cffddc96,0.1024749119367347
11dd5f5d722fb0e0,0.12990520794163718
d6738bf320835a10,0.07378220220171183
025b09a306181a55,0.09911625737943734
e5e3f5fbf93a1918,0.13414747387137563
2d60731de40ca5ec,0.06943405450358252
96789dc76cce8bb4,0.12967871935698602
e04c2f21eb86c30b,0.05256116713706734
eb4f7827e27f3e50,0.8399481748557481
c72cafb3b0ed2058,0.043384343265133095
38e789ce64afac4f,0.10588698689793219
961a36d1522e6ffe,0.07366826334455422
d915888ab3fe3241,0.09168212593975851
6d047ff0d07fd1a2,0.06889492255560127
96212cff04501fdf,0.14299422187928737
6cb30ccf0384596a,0.14943030032470275
1878cf5a842e6727,0.10776215835161862
47adc8c9afbd6fad,0.05315620731940252
bcecb579dcba782a,0.0677158225255392
24fe0dc9ab19be83,0.039702840836548924
d56cbf99a17acafd,0.07430580357162044
5caed519a777c666,0.046129462790888705
de3dd7a6a4564414,0.12943343190045425
3ddc28164f664050,0.07357358566482343
45693136342888df,0.04173437219913582
143c3caf6eb25742,0.09621961738150377
9295c919e27237a6,0.07992638264815115
0dc756a818dc5d9e,0.12194277177205548
67a0ca3f82ae78c6,0.048731774706827824
cbd51c3558265f5b,0.07408304043117912
b6df5050c31c7287,0.05919066309513205
73f20d006cfc47e6,0.0666074348912035
2de69b9443d4fc52,0.06235005185893614
1ea20c09b6c79a3d,0.08243951364534186
ea1427791f675329,0.109719269287731
cd6c9a86e5c13535,0.1357102061725838
fe03f010fd99f729,0.19590616367636995
3cac934a5e569272,0.13373794389504412
1f9c8c5a31c38592,0.0894757921670659
325d3152d318ac6a,0.07474286663654216
c796149ae059bd36,0.1466714331265598
139b95acad0d8500,0.04363068395120453
ef8ca6e1ad6cbc40,0.14138747344370992
738b1f5edad8bc5e,0.035024317623269845
00b5753c64f3aa5e,0.1489190880751208
7509e02d19e2f87e,0.043198203271520595
a85aa8068fa925c9,0.15494055946465068
f8ff744430f73aa6,0.13062890432175323
4106129a02383134,0.043709737623757315
3be6495b6e47bbe8,0.10620541430206598
d58d8cb98c5344c3,0.07774877899891748
72c32db073874592,0.06853958926771485
b33541a9535d3cb6,0.11008427430539636
f117d4aad78b524a,0.08429271250195654
5e48da846d46eabc,0.15309429970311614
b0b266000f2d6b03,0.14781581066610583
2aa63d23f11f3aa0,0.041686919992897115
7ca15ff99bdc719f,0.07003243511990358
286e550605b2d970,0.044163684939964774
140d123f8919309f,0.15183558481507264
5406d7c0119b8b77,0.12431236317177737
feb8f158efc528af,0.120050412573604
20e9295f7f1b6809,0.07607472244771549
8c67df2b06a8af30,0.09297274872880162
0b5100f2d589252d,0.14234277846237364
a7dff4879e1f2c8f,0.16786533735728723
6b9c17dec469153c,0.15319821092207203
b064e718f3825ae0,0.04118430643828682
633aa423117b483a,0.06705962290626961
2bd2dc8cda610b2b,0.1317535252512553
16b4f1b4b30d7a5f,0.1753323496037471
7ce520db2bb5b181,0.14683065146048457
359fc18aad246386,0.10427297050037602
4040467f440a4681,0.08437941189024267
ba27a17c66a28567,0.11066492361995361
5e4bef63f0b3974c,0.13017580309519236
849863283a0793dc,0.127315225826755
aa9c499ad44baf78,0.12358304642631492
a3fd494842016ae7,0.11294059921186805
5f079c78614b8a83,0.1828572875135476
7420f14669961a6a,0.15253394615164073
0a083c164a874ea9,0.05147161336188751
396f04d4bed14a3c,0.11350271345196483
bda29126d66debaf,0.06882316607513113
8d5ece395c6a6b60,0.1059426967770833
9ea22d08386ce3ae,0.04925690336604691
1a277b47ca192cc3,0.0476078697849879
5534d1ac3ad47ca1,0.10297677942982535
164e32a2b96ed3eb,0.13887350730607892
cdea1d25f481df1c,0.05913723588092374
37e1f37cd163cc12,0.17260183868610768
4f896e74ddfe48f5,0.1034380996802816
ec881c0b42489ba6,0.09473691782808473
6cbbc142e3b6532d,0.06356383629326785
af58eeb2cce1b1d8,0.052842097056972244
3792b407d3147240,0.08347348166804423
44abea18902dcc6f,0.06503622376077847
f174b76e8c589bc7,0.09669139993061814
d5cb1d76e26e865f,0.1916287057497875
c953fc1a52b6d2ae,0.14444319757945223
dd9860c103eaa486,0.04355215040563923
1a338e9358b4b71c,0.0318273749210588
28a055a15e2bee63,0.10158609494512995
d810129e88130889,0.0929340403680537
20b2f55f0ebfeb9c,0.09553029826808214
2dbfb79bb9d5d576,0.19526074138317961
a4f168601004a705,0.09116792439834331
7419f46f112678b9,0.1456503503269034
7d0ff708b6d6752f,0.17061257416675424
cbb85fa489a893cf,0.04322543596451039
c46a723fbfa594f7,0.07258978541348836
2104390897549457,0.08070013061491747
75c276f7d0f29aa9,0.1861355637636554
01a679a23b212287,0.16749074952090917
6cc58651b88eadb4,0.06987693078147658
14cf1ac65f8ca02b,0.04316736745865546
2a5d42d92966192f,0.05810097954485233
2010478948b9aef8,0.08401409194112215
31542ae607bdb59f,0.14141299601804938
783c99f058bdb723,0.0768600531852239
8e49ec786a6d5abd,0.10328174362276292
d2b9a740ddba79a2,0.05010877586623916
47c1231311a7aaaf,0.09024141347291285
c7937d0c63ca6a92,0.10324096790082844
64628bdb8224fe18,0.05242082220679725
49cbb2ff9274a4cd,0.04909000355767478
a4dbc0e728a780d5,0.16682496183415804
54a5b82f046318b5,0.15428607128553373
daa0b6896a1749ca,0.06028643693269701
4a251ebb1de72153,0.15770999465685842
edc7eab7534ce904,0.09049536109947702
0d31a18c31d12329,0.1680139565411983
ef643ea0ac629b95,0.0837632579254907
39049e24be5a4306,0.208683786240777
f41fb0591a5b1902,0.05000572191850203
ef3add49907eb895,0.06291886325639469
3c80e6a34fb3e4ce,0.1513867704240001
681bbfb8c5372f79,0.1438302044528861
007f4be9a3f6e89f,0.05078077889022454
25144a9b2bed9be3,0.13304972995049935
61233f40c0cdaa2b,0.06410285430587397
73a058838f6b7f2a,0.20311343944742552
cbc20660739af678,0.21284158371552017
8fc723bf625337ee,0.14285960847334442
3ba49bd9e60f519a,0.0504518347695912
6a3b3033fdfe94b2,0.09802836807297466
c8ed653c9f871795,0.13992141099189218
2f6d48d7acb127aa,0.12433896049665516
92ff64a44efeaa6d,0.06675392810495234
d7169f20999bc93f,0.35913579535373136
53604f2aaf701357,0.11381178297164553
a7001845bc2108a4,0.14669448659529674
e1c8d84bbb8add74,0.042420850207779005
0b6ec467b5610434,0.056724260855637976
8ac52d2ec127a096,0.07541911576341757
b10baee15fb9d01e,0.15172972532020715
221ebe5d40d467ff,0.12948034953626872
4fe55b114acc6ade,0.0887358072663235
d8482a667d8a69cf,0.038675083855607716
53ade36e2a1b1e97,0.16160505403004333
23415b9cfe9e209c,0.1169617742851221
280c7808d94b9763,0.14594382782640336
de5885c6a7c6423d,0.19363106814861777
38de0e8716fdf6cc,0.08154708336448284
55bc25143589b254,0.1293727477067769
957e73c37d447545,0.053441078762787954
af84b2641d1c74b3,0.06689304865331107
e7be7f3fe2a831bb,0.03837539646527645
841f7e8235380174,0.21432609113001636
63d88f28c2a5df22,0.1431633425900353
8dad4fd4df5c221c,0.14201125065753023
3572ebf75eb17942,0.09829432154821598
25a1a550572c1f93,0.045461966738109726
6ae06440fe74b44d,0.19368453600547988
b4bf088ea90582b9,0.0865694272627691
6b9449d16e81079b,0.054728415183623945
4ff7c9e8a089b94d,0.11936674891043324
aa5c5648b80a1a3a,0.10365004870627802
5dc1f3d49bbbe4c7,0.12744585793092808
99546cb325e5dc06,0.1355456739989225
220c843637482425,0.10955591199813526
6608fca5b64d440e,0.15092050744334448
f29988dc0a3c0243,0.12314895609165281
51058b99b395787f,0.054383587129974494
ed1bbe11677f7bca,0.08272697171227042
9f9b85620fbc0cf4,0.06822874888249401
8aaeef3315304e45,0.07723058653902633
5d92173cdb00c0c4,0.0817568695085177
acbcfbef3b1946c1,0.04520493410802012
73cb612fe6d23320,0.15592734259898963
4216594871a36761,0.04622917824782142
1c2bf4927779574e,0.16798208960540237
1498d0dff1fb5394,0.0551519571022921
53f47e8f08b91aad,0.0866114309910746
c4229a0ce07e83b9,0.04402978428908242
bf61a06ee47b2027,0.04068097946287119
8aef635fd1b3a740,0.044078839400999194
0f6a8a20e3587b09,0.045812627879899835
75d7914477c996b1,0.06460048496016224
7b1790935e6cb838,0.037296565789810276
d680549ede3f6dc9,0.059709776162806365
f3bf39cd2ab5bd9b,0.0713681569694006
0b0930b54070750a,0.05016419794446458
3d97f118d250279a,0.15734675363907114
e9de0ad29a82a54b,0.0874629857536743
9485f200c4e02805,0.09273028256628861
12d95850d018d3a3,0.06804706782280752
ddc866b96dfc3aa3,0.14555820731530275
45a33a8161cb4b46,0.05888893925392702
990eb9e1c61c80b9,0.054906767642702727
378b6aac03179007,0.0547899975677131
b6ce4df0bfb4d3c4,0.04875547511830656
a50653ff586cd76a,0.10091617544167504
65cd9ee07cfab83a,0.09518390420603888
d2bbc0c9f79df720,0.19451624733164952
82ce816296a1512d,0.03379835590480353
e502c517a223aa14,0.06027802030135765
71d19ea693604e1d,0.07259973252547271
0d037e649d83d735,0.10003453135958947
6ba6991213384d83,0.1295641848970964
4cac0de9485495fc,0.1552049326222257
9a0be358e968c623,0.03931810198237979
f1ca34616439cd54,0.048543436980187336
e301cf1f2e4c3681,0.11973139451083144
d614ef3ad50cc2bd,0.14798728477318268
c0b33846eed21da4,0.0811879731859808
d4e499c8cbcbf2c7,0.09804548257893402
112d556866bfa77d,0.1530500278744268
3f5b776bac1c2a71,0.09660823201814422
97fe9a981d0717bf,0.09495316750117333
ce3280649c6eb5c9,0.13067214793339976
7ae7079159ced82d,0.0722620803608006
f1eb50e28869a50f,0.05356861868963688
52c8dc366cde6d2f,0.05229097114884181
ef14064579612c4d,0.1401960016073572
7897eec02201ca6e,0.07928853129779456
321d33ef853c8fb7,0.16657618155295595
96766da6bd7c3998,0.04351116796497964
fdccd120c1ead149,0.14879654482252755
288252f0e770ce50,0.15141032588166714
d4d977f5a3d8f01e,0.11049817414857159
62ea4677a492334c,0.1581524028448942
d1f182b83a420b6b,0.06034139676995978
0a8ea601fcc75d1c,0.1260808256972571
27930c385742439f,0.12975741056883458
13d12d929ca71339,0.17914066101298434
159b4f9fc1efcb55,0.039908908501565636
94ffb2f9a90b358c,0.09492763061044511
68615d70615e3b37,0.051899585918275336
d4a40bf8afd7e4b4,0.0603196422379992
e3dcfffec2d51e7e,0.051609333431083905
10366fd321e0ad43,0.05963081835394588
80e3f13b4e86e5f9,0.1704131759381808
6272a9e176561590,0.1266303607244135
14ead2f08e775ba6,0.1012726438514635
08ecd3e0061305ed,0.1372799340364716
b91abfe0273da79d,0.22424224123658051
0c3efbd8c39177b8,0.3549174330567835
e9e21b290009d63a,0.07027623253418919
c188505410fa547d,0.10275703394100782
768d9e0553a1399e,0.03519131157641738
a9370f34870acac0,0.13633613855923543
9f6dbe29c2020549,0.059188631182426316
6da7088fbbdbdec4,0.08774592399032688
944a046635530efe,0.1719872079578353
55a97e1488c333a9,0.05652510723261572
bba6644aefeb263d,0.15112666062920796
750f5d2c63709654,0.17758697178034236
b7f5c550aeab6fa4,0.11897729378493338
bf2efa05075a9f6e,0.06924259402662998
2987973344ab04ce,0.09024031690849936
a97d19edf8f608bd,0.06475409068468753
6138ff6754f14dc4,0.0632082681987609
87522437573af7c1,0.1400919620620992
57cc4278d6b67c5a,0.04511285008967323
8f29d789ebf40f9f,0.045568211310331785
15e17422c43ac280,0.06921755794781267
57faf77cf5f72f53,0.10393176066356184
febc8ada0a8d768d,0.05821886010414701
86ab68be69241db5,0.1162379159722773
5fcfe942606240bd,0.04431579291626189
31bf257f6a4a70d1,0.14650502617218275
a09897cadb789dba,0.03524236705703876
328299ca9da15ccb,0.08280418328534113
c95184d7971b2960,0.16436620492273687
6ba9df085d34410d,0.27497018119829447
396ed8ae6d33d2bd,0.14301288678761112
b058bc3c8a9fe33f,0.14306218221659558
77b29cbb7ea1ac6b,0.15505047306792374
c8d191e05666d6f5,0.18089899582297733
c4d716a53ad99b70,0.12481746457681066
31d17f992245249a,0.06432533574341341
aa459cbd8c781f76,0.0860864280070411
7ba0185e8220f22c,0.05204446932954094
eb077a940d0bbcbe,0.10371053515005996
9298c80a21191034,0.10067667574056878
037747626ac5db4a,0.05629063073653084
8ee7aa8b54022319,0.15841115241537315
a2b57b918f2661db,0.07228236497383538
e703b056b17c6038,0.06121357743540434
5d760ec696eac629,0.1073143166918193
68589cc32366dc9a,0.09640448461862722
83d1d02b456e13c0,0.11116276063204068
f5ea6585ff5edb0b,0.17303826833506886
32290819a9b6b754,0.08682365741982474
f0cddec42ddbe07d,0.0346411032059185
41d5134ef4aa43c6,0.08530753322010319
9a422d8246e3f97d,0.09747180822466693
341cbe1cbd51048e,0.06014770483068719
3d2c0583f01cd72c,0.12320184896818621
870996e4835ca83f,0.06133360559767468
28b09161f3b17dab,0.11510264193132758
051b367d8fe91233,0.036957200124260105
9b8aba50b3ab95c1,0.13420524069415996
ff5577bdd79bcd6b,0.06346459735871998
92e4eb0a0d4c41e0,0.2099906300863681
575ace0896b22257,0.1805160241598097
a16f31da04bf60c4,0.09477351314369636
cbc13a2671d3578b,0.04340952185210369
876ba2c5e443fd41,0.14800968582220683
5d5689e87dee129a,0.1668211514079759
71a60a6dfa7e1760,0.11607147435166498
f2a38a0b81dc90e3,0.15464555577092234
ec97de286c2686f9,0.06762164663557878
b77b633a5106f906,0.07510815937995656
972df202456969d5,0.06359342768953294
5d7f4e9617d1e7a2,0.04676133441464456
196dc3655d9d1d79,0.03880463175095635
7b9da0adcf1bf365,0.0464379198075671
b9d78de840ab100c,0.054496545917395535
803868566ffdbdc1,0.040289130906493636
cc5f60c8c3c2b5e2,0.061534889933699786
88919e17cce1dcd0,0.0414511967674592
88bff82c05879a44,0.05362637567255341
aa64759c290cdf84,0.08927449813406874
b224a7d8b6f39ab3,0.08351197804696243
ef11b15a28910cae,0.06345193487255761
7e08eb8d4482e7e0,0.15593320378787007
609b606891c6ff2c,0.042247176807374755
07ecd08d07bac830,0.09283484496754373
aea578dbbc154142,0.1466735845019038
9c702ee77f731a28,0.09101395457192234
74a102877446027d,0.12290188038305809
dd13d150ff97f653,0.1854423406665994
36157f72f10981f7,0.08810304584652413
808639f0db0c51a9,0.07834068270250448
d809389ba1350646,0.10950568750802049
353512ba78ee6085,0.03795061214655395
207ae6c9e8f4fabf,0.07363994720638461
333ed3894f0f2865,0.1501362556007363
c8e41f868f963ff6,0.12411352561008689
c0436a45e3cdfea0,0.041100606436002746
497bc4409ccbba90,0.15747356140665006
b29f7d1224fd0321,0.09499580743073475
7795ac2497824361,0.12662282076561224
28bd2f25cefc0467,0.04143508815524705
7a5268c2c0ad3fb2,0.08745974335743473
9335e306e6ef6c17,0.058261767544224824
380dbd85787bd38f,0.155519938253091
4df3a358e7ec87b0,0.04104691420977263
b423d03461c67e1f,0.15570777217038992
8d6c8b00790579fe,0.08653063904716603
75302981ca660bf5,0.12031228093784352
34fae39e3b6350ef,0.09151681672935726
47ee9553918d83bb,0.15346013014496154
525eb09cf01d4422,0.07636744343535583
f285090a9d6de2ea,0.1612754606426358
9a015d0a0e9dca3f,0.07038048218962474
5b9ec24c9cacd921,0.08159304901722618
80f6887bba571ef8,0.08906034239532917
a0121be4cb97ee81,0.05441932902616383
98bbb1d875be50a8,0.16160668547431498
d13d14d73f638740,0.08330762145742378
b2c1f66103087339,0.06992431578703727
ed544070c1558a6e,0.0965345783075577
6dd8a5af5647059e,0.08898207991739336
ec707e8be77e5bf3,0.08680970771777052
435ba973814b0e29,0.09658645345931686
a003759cbad0ca72,0.08175881643464593
4c1f413aeaaeca8d,0.06618903131611041
febaa69039e2d424,0.11240749213083356
1a7702c55d1c3c6c,0.12969915172075777
747b48174e7e8cc5,0.04206866637497999
e73a38787bc7abf6,0.09223002136250939
591163e5c881643c,0.15803418670057182
95f08a028b009350,0.05426704174116665
74cf8eff69e3ee73,0.0395097280830481
44639b509c809540,0.11653207135536607
abcf4a1f567f5b1e,0.09897464218823804
987d6ffc23a79a57,0.09886590491654916
e7aea6a6f0d83afb,0.10299220928159643
d9d2d9b2890a7999,0.05477365030742228
deeaee8dc56ee2e3,0.09662940232682221
ed44fe0714d05825,0.1404314716690371
68d0096d6964bebf,0.059209593226226764
8d52d8ee49e4e8ec,0.15396460761684713
b877123e88a6a266,0.08158388315528838
8aae92b438c0c262,0.039763017681910616
40864f11272e903b,0.06185124767109562
7583bd973a7787bf,0.2321095810453154
209764663e3680ab,0.0858172112766508
1802828e130f444f,0.12019999759570121
c7226e4c37f1c216,0.166085680349556
cd0110875b4d057e,0.09423240707797538
b66e634d66bc8033,0.04319214728688318
644bd7580a1fab58,0.0858960162923864
ceed54b1129eb356,0.0739045025567389
4a02d907bb4803fd,0.050143616559238234
d09af6dce02bcd02,0.0486995066772404
c81869bf2ef1408e,0.14552434333353095
455bd62f0c9a8b18,0.16864071375163617
8c648fe7475ba2a1,0.1213374588540671
e7c1606cda3f50ca,0.06918709420097205
386a0c809777aa8b,0.0825954046889292
882d6e6250d5d648,0.1196085602201155
e73fd396a2d7e661,0.06678763061599546
e1293605384c5923,0.035813645153971126
d8e5a75d55957e5b,0.13392643688908815
75e6395a1cc7d878,0.11398345580158742
ecc995a8d29cc898,0.1111355190864482
ba27e43ae6b021c3,0.0798184909034555
075b11725eefed48,0.16331667904679625
16e06a6abad58f9f,0.07714193891269565
039a18d8a9005443,0.19513765394125857
166eabcb1845baea,0.06136418728891604
150f221c402f471f,0.13238869207560053
2af5183224226208,0.09226439147375438
30a31bbf87301908,0.04530822366330486
95c87aa909d557a9,0.038531419313708265
d70eb57711fa415b,0.18348240457323117
9464555817eb4951,0.17587971691983537
8d4e5d5935a1a663,0.04235297558532586
289e3f76cc551091,0.08023601837151727
8646ded190e78433,0.10436434018358524
f2e3c326fd923449,0.06663134708507888
83f8985c38ecf25c,0.08417437061736573
8b698836d194ab64,0.06370710597275835
74a48ddff930321f,0.049176090049841394
79a5efbbc2b4f8ec,0.07090705230547709
6e88ede348b8871c,0.11497604006973479
d98b06d0f7e1b8d0,0.06510283837713199
dc56b06363e3abc1,0.09483354682244348
b5355653b987b958,0.07129061646116548
e5bc532f235bc0d5,0.044702687141803456
153cb69740320d37,0.062066723602492525
30ad5d4441533a6c,0.10476709400781552
05ba774a4ce6ab73,0.1942461886950945
ba467da19b1f2810,0.038063585401253465
9ad04a6b621bfaf3,0.13761376426146968
f605e43b08e76847,0.13347067992377712
fe2d494aa36b099a,0.07243473596333122
1e5a8f5e21430d42,0.0906829315843058
9b28fcb2ee487967,0.19887024225468034
2f1c0ef6d36a75c4,0.08388706700379282
37fc5525bb7de5e9,0.04403381911215268
d6538f0dbb2a123b,0.11992064155102934
7dde59a4542325aa,0.04519478168633526
20c617dcbd71f357,0.06787531404766892
77f00b5e8f833d41,0.15186801570319056
869a14428379a740,0.09008825230778476
5fe5544f8e236559,0.12067258101409961
2d3681cba05bb562,0.1633382368867431
499be0abf97d1597,0.06702684009592154
5b423761773c3a6b,0.19916929438198214
57cfb14bc788cf66,0.1363472102313429
bf8ee8443882eb4a,0.14290762489851316
400e3c9ccfed951c,0.06614217532419642
95c34bd334691146,0.15625415456745614
441b99f616030e70,0.07915078205087663
d6449401e78d3385,0.08058930264472447
ee04b5380c7d4f07,0.15401446104417024
47350f4648bd6090,0.03990805216580979
3d184c420016986f,0.06039714646507527
2525af5583075cac,0.11467560748228657
37055ef29f0a3dd1,0.09284061520091051
741ca2e53f728930,0.1653211749788603
c2060532831835cd,0.12574283521325927
bdf51afd82ed739b,0.1044554522924148
87516eb4863191a1,0.12960049716100755
034a25e098498861,0.03921691834165574
2beaa963f217969a,0.22435288970078493
6b03ea3eb3783933,0.06910586421866172
99cd56ca4ca12f1f,0.044369900820305175
42288d86bd56d80a,0.0820618912902412
a5497f531ca73858,0.06162117175410716
6b8797ea062ce398,0.0758010289603257
1514a9ebdc630056,0.09304888183998283
6a47264adc77dad4,0.06715200308821205
4cbd1cfe1be11280,0.16284408287195454
555f489d111c7db7,0.07389664822251923
d3d1d52e817c754c,0.04288341589590761
80c2b83979b319eb,0.05373267857190898
b601ede8f1d5ecc9,0.037340235036713944
ac4e394f11848f01,0.1357212639543542
a5d564228af285dc,0.07635085605595503
872eaff0cae2acee,0.07090619875458098
ca524fe71b6054b7,0.09167457859282575
092fdb93d96ab75e,0.04383869068623656
b1224feb365fa8bf,0.0671315991123648
b5883c6e74b0ff0b,0.042008853191501126
7aade43a31d09f8a,0.08560932397538246
585ac3a63ccab1a8,0.059691309145698944
e4933222bb492af7,0.11718921722010216
d4fff28089f09f7a,0.13874531261100947
1faffaa35ce84d77,0.11818233870049184
27afb6fd6aac442b,0.04010734085819306
847a053fb85c500b,0.057692485374729104
9ad6971bd0ebf223,0.08313727983495643
a14e1a04f336c6c8,0.05025059864671494
50698da7b2db2350,0.08666215975132802
15655e2cf84c9cb7,0.15220892806411404
ef796da1e5967ff4,0.18263123372112564
9331c7e2dd294fef,0.11018674925620199
b7796a59af546a3e,0.0787050010924226
d9279cd811aae7c0,0.07842800715999476
df81c08c47af6c59,0.15893806387755757
1b9dcbf8b65b1a52,0.13701185301968657
dd377f760a65ba2e,0.14342236672892975
995b4a4b97e53e5d,0.10670638060546961
13b533f79e5a5caf,0.11144639948296313
d4c903b8efe43c13,0.16437847362005006
4fb9e1bf5a2f571f,0.13478222426274586
ed595c03e7747694,0.052893688597462546
73e9645c3d48fbb5,0.03633581120220147
a4b5405b00736981,0.15943601185633882
2a653776755ba7b8,0.040963019951077345
158fa97bf999e010,0.10837237596436665
a95d0a261a3bb142,0.0818028659993305
ea46e88a59d4fe5f,0.03812731975152671
6496d7761a0c6190,0.06874504630536486
6f4ba984b6dc3289,0.08445068982300173
5afad3e6c2fda712,0.06391567292577947
02effb9a084a466f,0.08539594749936841
f43a5e53fd455d87,0.2045392011826933
49bcb75b2ef9551f,0.04158809150731
b21c8167caedde33,0.0275811619467763
15d2bbcb8c316442,0.05011132458269418
523bc8b194fc69ce,0.054939940940796905
d7b8e5c99743aab4,0.0987211462776888
3ad43bd42075bb8b,0.16302431584181684
812b9840da2dccbb,0.18037445660659332
e70b5a521c308e83,0.14372347617873402
3c45ba8ca9f6f412,0.042762757724891576
7f616f8d83b3eb18,0.07723668754470729
26c592e1845bb489,0.06333834211662691
68d37c0a802b47e7,0.13357292303921015
d8934f60893849d4,0.04683423784596832
2a3dc482e2f9765b,0.0869068185998909
016da23592d81da0,0.04477198938088935
4fdfd4d0c0f506a0,0.15674738278996192
729fc49d981fa3bd,0.07623145234003308
15deccf643c21df1,0.09208330130025648
7daf2f242a027468,0.047804397441024514
d51a0a86350f7add,0.04020557651417684
52fa3a33f632aec0,0.12716920483797736
bb4d95ad5da1ac87,0.09080291751042231
cd23dbd0e165834e,0.04889466701860567
ba39191a07cf9e7f,0.10825754750712142
9ba5cac296310d3a,0.17514779618165277
d322c51efb437d17,0.035292980233736955
3af739b2f776287d,0.13568262662666034
85804c2e9c6d680a,0.04857526572579209
cb0cd20b25649838,0.056354162286136954
12c942ad8a277403,0.10050355640120495
289e502cd91b1547,0.1414470675165402
31c382a7004fe972,0.08474134368788853
d169a1c279a46015,0.24384299274604107
f9b4abfb6291393e,0.07896472493018943
6717d92d92048fbb,0.08129498679326695
469f41c8da1eeb41,0.10252930008984625
769314bb014d1235,0.12412894478058423
ff2e280d521989fe,0.06567919642301236
1d52653d4f3c35fc,0.03720270101732488
4c0ebdf6c9dd9fb9,0.05634064726786849
8e182e2e4650cebd,0.1381537467571808
f55714d17852a183,0.05983257370289547
f2e291daed34f717,0.1467108895944733
2fedf01adbad6180,0.03799004617694851
7079029a20553569,0.12538576105674534
7214daf28cec2f25,0.08389319744525418
3037ee52ce757f35,0.037942313861288365
301594a1fbd58308,0.10218046318704728
971dbbb99046d9fb,0.15119427456323403
c7647059905f4dd4,0.049543641270851146
796f7cb75fc0eb55,0.15757988462872408
bcf00da3386bb946,0.13880821033695448
9fde66ee9b59f95d,0.03436887673235383
752d3e65ebd63369,0.04710682986284064
1a6bbae0cb804476,0.07641790392305271
03cac4272e7b8e63,0.14743001242079148
055fecf2717f29a3,0.1229220290380703
a2aa85d0e1bc4e6b,0.07924385968581356
ef9db57cac44e529,0.09292417977414565
8c91442db55d9d64,0.10515028456052682
7cfa3fef2d1a1dfe,0.04580764648685437
56ede8d9842e0590,0.042470965931775295
fc74e63ad196960c,0.16621165792003592
342867ccf7337815,0.043636894722795805
866f7ea3c4be20e6,0.09279781512492406
f45494a74c712731,0.09863899028577762
414228464c8b74af,0.12209832088307532
e4a3f7a35452e28c,0.11642467998550306
c1eccbf012d9a361,0.054166979515420544
a715e394b41f3a16,0.04665299033914396
26a24b8218ee00b6,0.1787188342858315
db4b58e70acde06b,0.052150064041877664
deaf015c1e137149,0.03741548774310837
9d4fbfbf523a0472,0.18294965899185364
ff7e2911a22e8008,0.1568519123312623
30449ce55b14d344,0.04176350094602598
b930073e02948360,0.11954376190429732
9326674b4c828c15,0.1126667044425322
a9b474db35164846,0.10381015008698712
9183d88dcf308c8d,0.06578539999904605
47c8c6f64cdc0a43,0.08008304923299844
2ee4722095033329,0.10001625499478506
cb8a02ecca44027a,0.040527332100938764
1925e9dc63237314,0.10987627092388046
dd36f08b99fcfa16,0.16367589155813075
9bbd43f6f760c243,0.12830147276493256
a766359aef66a25f,0.09324465787904007
4d10a4698fff400a,0.09813351018583487
44a6285639d7fcc7,0.1258964641108329
a64ce0de598f4714,0.13449293486487435
8c887a6a554fcff6,0.026798116683929857
ef3f3402f7530e37,0.02641851322912059
e9cf43bab751f410,0.0306064435930949
1245634a78a3136a,0.04154086904089738
7c5ed75e73c20133,0.06804273214534078
ff7628423503cb61,0.053690569096479845
55df3baf4cb22442,0.04608054715108778
20497b1ff5df51bd,0.14088064191633118
fe1c1e2e166d6943,0.10358918623044566
0a6a2ebc3b004ba8,0.08844335730257495
ba16bc573e1d9a6e,0.12339817266608694
41ae92fc5f37cdc1,0.06218781730362044
ae05071f58d92774,0.0598039431378678
a8d4083bb2383da5,0.15714044132094193
92cf17c3d59c9b61,0.03614228135906734
f591caedceef4268,0.05537360940840222
e3d006785a8a409d,0.08514449572109882
dcbc913499301796,0.04583297685158632
b630e1af9fc1f3b9,0.12981640553862292
7d6a1e459131bf25,0.1491988365602582
5f891649affd8c18,0.08374927409021049
7dc102adb7ad6667,0.09633880962621484
1b8c16064d0dc4d7,0.07664520932832314
8e5286a9c7d73ad0,0.041539418441991306
147e554cda420ba2,0.046936665969622406
18517e2df9cc10ea,0.09208790840297447
54ca2e9aaea55320,0.35955546953688183
a923278148853286,0.10701007656786837
cfb35f11977c3be6,0.08220651427410801
aef8a4667274a47a,0.03869313863137027
2c51172cc4d5eba0,0.04705238962657443
494446d84318c9ee,0.09290691376802589
aa652d97612fe50e,0.038421120861457415
baecb9e5cd4b2907,0.14727324613454612
c29488c64d211da8,0.0663354498046723
28746b4c4b26d721,0.038251375962257285
8a45d03fa3989bff,0.06836637258858698
462b3e544fe612a2,0.1150754514385316
359614f152fbbc2d,0.0792929072254957
5e953db789137f0e,0.1361821911328657
2a99aaa9555b3dab,0.10711043359808609
aa37a77bc447fc0a,0.183155442898425
8c0d7f3ade155e48,0.0447852969265754
45b05dd1071039ab,0.2182293795358703
7e037c271c23576a,0.06846121869781226
9adb38d0576dec06,0.12011363181962291
532c84dea557da7a,0.12490680446179392
6c302b9662d3b5c1,0.08175257734517273
666231af023e8fd6,0.05841033427333162
9c06ef2fdb037a79,0.10828261256446829
65230a28464587f9,0.06255546208463629
b3ea4baf43182919,0.11470680360824305
c1f297271ef8cab3,0.044549586695142196
7c58e1fb77913d4c,0.17961697005135144
00ece1c11b40f8ce,0.035551515882490614
a820b5633583bac7,0.15325070961196605
b4e9165d8e2aebad,0.059337703320062794
85f20d358a8d6ce8,0.09518245722845448
148fdf734e431091,0.06881715470273932
67708062cc529759,0.10165277269429877
d764e50c36756862,0.20930599735754896
dc093657cc4bfbc2,0.10967830284256434
08c0597e111a2388,0.10615857157827487
58fc68c0720d8cbe,0.0778381424150739
387b7309eb20b505,0.1213815633881949
cca31a05a820ea88,0.16691613665476965
be7e5b7b5839a348,0.11402922106065212
ef7aa159ba83917c,0.10246052632297813
3dbaccedf2355696,0.05526583912531883
3774263bf5c9a393,0.06800585802734253
e830f76f4667709e,0.11333210597131749
c96965b10fe9e8ba,0.042825766865921565
aea0b2d75bb410f5,0.1031584211654981
892d778bace3f693,0.10534688772737473
f46440975132762e,0.19192695442283006
6084fc419fc10f1d,0.1565951953589385
c6fb1852daad742d,0.05802758740772083
2bd09ffffa247f82,0.06617663974064979
5ded576ceda86075,0.09895019343865581
c066afacb3fe3a52,0.11755984401374849
21e99c194e94917b,0.042327183588954286
7f4eef61767e4c67,0.03864741091915567
dd19efa057bdb4b9,0.04588676799327986
2b309ca794e9b11f,0.19819210293399428
8428fd508cf86cb1,0.10632348430329035
bd059d7efcd14494,0.11957871251037967
7fcd9aa10e5ab5aa,0.08627404052543629
9398c438c5fe8b90,0.06511447798647647
7401e49aee3edc69,0.11353681252080879
0520f17da71602b5,0.0663638289649599
efeb31befebbeedb,0.053447851137352065
df3fd48fd3b3331d,0.10727470916754334
14e14e2218536077,0.1223104069988072
1f92d25274d4f038,0.08431065835408906
7170ea34f6161e69,0.10797384925453335
04b0152464b775d6,0.09409889009698118
7653ee403f88ff26,0.10010353025096762
ee84092d5d680f67,0.19023520415957973
c41b6329fa5e7012,0.043349345397321604
1514f652f00c3b36,0.06740914955645218
0c6d11c69bcc6f46,0.07849596522421011
382f75d2edb9f457,0.17078981590351647
ab482dbf08ad90d2,0.10187724876092552
5ecd94cb7901e72e,0.04877263801033075
176da975d008461e,0.10116311009733199
882d984b9b9d8fb6,0.07095859155784147
efecedca199bc74e,0.12040660397514973
5f185fd802f0c00c,0.10205065334182857
b7be75c69ddcfdc9,0.036517805700744886
4da0a9696b2e9612,0.07049891180315843
755bd669f9bccb8e,0.07876146643281494
dc744a1038657389,0.08393837270234263
f5565f23a877bd69,0.12067086274580653
45485cf629983a40,0.15183204196050926
9d8248668d721756,0.10083734150701025
7e637102a104b616,0.04252837697448227
b9095cbbb40751d4,0.17607691091804037
b6f5bc351054c7df,0.07598921899638929
d08fe94fcb0dabad,0.04543341089326577
edb4aa5de0832a92,0.06988448333936446
b142c9c1185e5f66,0.06395992159599899
1473309b954d71f3,0.14996850052056354
b604a5e504b627c0,0.23949086755725726
d5d6a72d9d2c827c,0.046639085205345286
aac5a801e8926a83,0.08923152994664396
45b600cd20830ac1,0.11742223862103958
8b6f8e193f28c495,0.06214131404214108
9cbdc55a60ad3994,0.04223442103016889
59cc8f62d55aab98,0.03678395356297547
42f81ab5abcba09f,0.1032036331235927
758524a5d6a74122,0.12301040697182386
0acada29c4de07eb,0.09276699563698036
6bf56d0ceb2c1ab7,0.05134731359446993
03b29070bb68828a,0.0408599933338008
2f553bd8ba413efa,0.039132985711616164
c3ea0fbb29a15317,0.08076440558057842
797edeb1c8a9c95a,0.09621866910109073
beb71749be71fd3b,0.1061040643320517
c660714dc6059849,0.08824556790738285
549961b37bef9764,0.03624777285626699
dfac78eae9821675,0.03750736469175419
588c204b822eb2c2,0.1290643078115385
e96e43deab9b69f6,0.15658977619748232
9c9a726ae65647b0,0.04318834377738832
58f635ddafc61c78,0.1993016688984349
d40624f11c720afd,0.15148686748125179
73575ac328053efd,0.07869560648142578
809a4127b076294c,0.18818197995831135
d476e643d990be24,0.03988582829939754
4d04534027759be4,0.08101750590645532
72c2c7664c8294e1,0.14692802050831769
d3bea4fa475618cf,0.11698252724382278
7af7100957117fae,0.07405531372529918
bfeae03c16252052,0.05900152671691631
dab19b0b61104952,0.13283776019404667
8b72f86a4e6a970d,0.1378375020548767
c775b6de816c5092,0.13039811742253238
0de6dca19e114646,0.08609469649072247
0ee2b0fc31b7cbb6,0.044171707446398915
3363b132efc51b9f,0.2086180825817604
ee924a0428a40a76,0.04829040980718526
ac3726dc72e71ad0,0.08639613671552532
374584473bf4cec4,0.06758311338727838
e6b8e496d903523d,0.09844864786497266
8fe009970d6cbeca,0.047586552034613205
b03e574c8770e9d1,0.05311501439032539
27905f95e6931f22,0.07568907283691312
8099a0f72ee1a1b1,0.06843353034833632
5fbbd8a6f4ba3669,0.05556234622811978
24033a02989369f5,0.12760388722639754
223faad452bc6598,0.1601371819013682
c5c13adedfefc67d,0.0772233196428216
ec24ebbbc53f73ce,0.049811302338192635
3a3e4d31cbad45e5,0.04675056257978428
79763f9ebecaea1d,0.12942733633800307
46806e41926c192e,0.11010162490531579
a5cfdf6746ec5cbf,0.15712489613662786
0ddbe3ef0aed551c,0.055806583014991896
b641fe7061b46442,0.03599641577213409
be98835c447eea49,0.18477329722602812
98aa4160c7876f0e,0.1877107285709633
0753638b45dfacf0,0.1159226524975196
e938301ba66e78e1,0.1267906122449968
64b695db5b68b91c,0.09431106015617959
2797a5b06b8c68ee,0.05392167051034282
aee53ec38b7eb6f0,0.11195840309050802
d59b57f46a383c1f,0.09249114121040558
8c3a505dd927009e,0.06622653175374577
436e01defb530baa,0.03316885785257603
2f54c0acfcbfd646,0.15327749621605266
20f15dad96dc92a0,0.05597270774939839
8a16a230e343a296,0.08472873583224283
fc511072e8631203,0.12024355291095092
5d976c71ca9049f3,0.1339157593494684
b207e579713d5841,0.32076886812294897
ac03eddc2e2fd2ca,0.12323550153779501
6b1e6ff0118fe59b,0.11915153307194475
2cc92c1f6bdd93d0,0.09391928605031385
f651266acfce6c0d,0.07405073669021331
c3b49d19c43acd64,0.05410204637244775
05a27ebb8a82cea7,0.2237906493445174
f32c511446a68874,0.05524631554073986
108d6b400d52aa73,0.12996895667600458
7e3cd0895bbfcd9e,0.15046121807106247
2245ed07ee31662f,0.12533734524652002
c81aede118be0e5a,0.08256484641127332
d664a113973613cf,0.10213523968153204
2899dbe3769e8b1c,0.10060874195518317
164d8c33239c5511,0.10971231914029032
e753bb93c30cfba0,0.1459135329083278
4493eab669361ba7,0.061790732772157485
4e55ed26dc79c3e0,0.08651633846256128
1d2f7db4504f10b9,0.040085696726276016
9749ddc8b2a3a385,0.04114111698898911
9aab93db4ffdba7e,0.15573979075921093
88558205521546f1,0.0745676600081059
02a8e05f667b2fa4,0.07199626497053861
f95b0bb67413dff1,0.10910143909136776
b821f8fa7a26d286,0.05529965178350183
bed1456aa64d60fb,0.15005225231746563
685b1294dc5f8cbe,0.13353417423250546
79a0510c936f5eb5,0.1524044367543609
07f28f119366b484,0.058609752500340694
949af0edccb8d159,0.14098657358126765
9965f63ba2d41ed4,0.048438244667956015
f635cdb577ae5471,0.12679575351714978
6419d144df4c87de,0.13035690018157775
bc7f2dd2340df372,0.03946755923428075
cd35e912794bda2e,0.06281527762807536
abf3b6dbce73db98,0.06630980829921554
4eeba8a4c17e4351,0.0965045616973944
f612b9af4ce98bda,0.17614135466449263
d8120911733689b5,0.06545845925945497
723bd2532e39f731,0.1056302661661228
3889ee7a1f5fd62a,0.09664580539327411
66ffb196fbbb4006,0.06431000583330175
53a1c51ae93d0e81,0.12007680095127933
0a4f5ec5f9339110,0.05321910213567812
34416b6b8b600a61,0.057065504475276835
1e0b561b5df0447d,0.12583395363750507
43e848bf56ec0bb2,0.10109422040729223
1ace2be427eaf92b,0.0529595730191233
e24ea459233ec078,0.21292789365561512
e019c487befa7761,0.033085773794715924
7734ddeb14b3d277,0.04207161862332089
1961aba76570acf7,0.07736584509998369
276265c86a0e2a26,0.054165509051833184
4fc5594c301766d5,0.12029869481003956
bfd20f3d76573073,0.09361099932183951
8526753e065f5b50,0.18119295411468797
5c03ad68783d0d61,0.05268875412328539
9c83e80d019e0f5c,0.10948636413440858
4e6019e87ab5ac6c,0.11966308180023089
dbf6023ccc73b0e7,0.05529434363329619
fb35b29ad551c9c9,0.06260259820271942
3ab9a4e335cdfda6,0.0805046456761228
86fa9d51e632ae1d,0.0946468835377779
ab30ffa9ef0220dd,0.19779098181746022
ebfe496544b5a6af,0.14432208001509975
4cb026b93d1e4edd,0.058961502390063786
426a41478cfcfc22,0.06961859803944644
3e16e5f885a5764e,0.06489542891362678
dab52f137b1ba008,0.14831567196810344
a7e545c29eee2bf1,0.07634487779912272
6a50159c50f7f9d0,0.03914898348076892
ded3c69308607da3,0.160078429771638
921388faeaacbc80,0.2371886336942446
8c90e1ab4a546bcd,0.07614632177998713
31b1827fce88917c,0.04711930052503255
d97cfaa40be224a1,0.04524073899765474
b4dae0ea6d15a25f,0.08000954535495551
ffb033e54895ee3d,0.1618704684638905
2b625e5d9c22b0cc,0.06805588466778406
87605745817d0ffd,0.03433857309102536
9717417666a66daa,0.06594808692842756
3267d4ecd26e96f1,0.055233632641348514
3399800c4f113d8d,0.12988696593039536
f457366f48f27702,0.07439008234770755
5a6c4f9b661a0ab2,0.13640177075831503
76628bf9d8b6b0e6,0.29409808538156357
997a5333179da7c1,0.05515365420925874
044dbb2023ecc53f,0.20715891557671387
737497734f709843,0.1681788087631667
fc7d05c3ca74b0fe,0.06211446234910237
f5b74bbaa8085255,0.0748259106744298
c1d1e5c41f539d03,0.10894726180086163
86f9c72ffb536f2d,0.23089608322789532
95b9d46eff640109,0.07348885275616379
3aff516939a3de92,0.06945866960959522
23c1d6b14d960725,0.03003328821567276
0b0950c974175a86,0.07570973458777377
e94d8ce0ed816caf,0.06820121022870539
037bc4751346a482,0.11808517758513108
d43c5617c5e69df5,0.23939084424154153
82c6f27cdcf850e2,0.1661704621995221
7652727437cf5e6b,0.05881900636726859
86f089e7c7ae0d75,0.0652114825004302
b9d7751ccd00d9c9,0.1660697501393231
0a079836e9e1ac2f,0.07974591810982734
90461cd0e33baa56,0.11748606340023486
825b16c4984f4382,0.12171738128043542
9054cbcd60dd433c,0.08081575222944937
770e4ea8a1273a1c,0.11553021006275006
518ad8ed2ff052f7,0.0960440023521741
f12c4df4f05fb6c3,0.05957663074499588
95a9d1c987aae5f2,0.10054180757862302
1d60b64e1441c91d,0.09548082449594063
84ed70c1cda568a6,0.07562078125581878
3d6e8f3a5d06c7a4,0.05382276562629277
eb1779538632b044,0.05447587815259312
bcf84068bc4b5615,0.08738298845979364
3dceaab87e5bd6cb,0.09498969465333486
c86b418e43874d34,0.09428278179054074
95397751cf365c4c,0.11316530916235441
e80b64dbd916f780,0.05727793269172107
d2a231ba481924eb,0.08744129713437293
e86aab1a495bc94e,0.038948621977901506
4c088c5147f6cc2a,0.0929740946129589
746c9771aa5c751d,0.08762891334352745
90005adf46be6af1,0.034550844216100544
78338f5a63e742f5,0.12795554382899457
9c3f2d29681d0d34,0.13485116068356684
f93fd851b68279a6,0.1774278835577455
afed2c838b247303,0.17411924425382783
995d752a3bf1fbb2,0.08594433580724954
33609320e5c7578f,0.05889345414306966
1ecda15121ffa27d,0.045464471965482034
47b2accb2f516cd3,0.1445336156794292
5571f2482997d163,0.14213980720917066
32897e94a9feeb0f,0.18449128267695333
3d5fedc7f245d35f,0.07501217476795544
1b4707947519036f,0.09628941615918456
3cee4d33cd4686de,0.09953643895756568
155f6d74191258a2,0.10156052983940278
3ae6a0b3d379dce4,0.07889559456311607
dab9de12664f7b0b,0.07649332221636557
cc73e04980d2167e,0.06993091876004152
be7f0f5d2c65bf06,0.09843390836853072
dea114b428048ebf,0.03935878424634214
deece306851a2a78,0.0646396908619643
d1ce358b8f732eb4,0.0651999356877639
e025d916d395fc1e,0.1305025092513428
f50d9be3d733fdc9,0.07076646529070564
a6c0d8fd193f76fe,0.08438288132247602
569e045332c790a0,0.12434869230974861
977114ec6d208ff4,0.04006035786406802
17faede0e698eb93,0.07589472809176788
0610c3287750d822,0.1050062996598589
58e6e26dd56a60a1,0.04226899702075417
bc263b5b32d9ae07,0.05278906193682253
8894323cc5f185da,0.03724184338569459
e8229221a1595393,0.055012631163520447
63c589b1e27997d2,0.13179065166899215
fe21e0f0344dfca8,0.13251383638965067
7e0194535136acfe,0.073688378196942
cc859709caaa52f9,0.0399573939205889
56e7153dc35c0573,0.05499324676966296
c76e1ab42940cee5,0.08488008881780763
2ed46ca4b8d10516,0.10245071030926041
ae2f86a0a6c3b696,0.08869885545465687
a05d11d463a21a32,0.05841597118633648
89e7dc0647f4db8e,0.12200431057169207
80934ce845013628,0.09544638877417733
f66422247e89d830,0.11311412610542386
b0a301739cfa2228,0.04581658369376617
42b93c5a8b628ba5,0.0741377905818258
f74f1673a45ce9b3,0.11046480204419522
2b76aa4b82e23768,0.08167535723268944
0d6190a27ee0d6ad,0.1477272075051352
7492fbffda1eb950,0.07544761349677674
35355c2d5692cdbb,0.12393092866625614
de976dafed9c0fc3,0.12571232597311247
e2601be919261723,0.036794205637202045
f56a91dde5defb60,0.060062957956621976
1a9c207021895aad,0.14970175901205318
86ec8e715d2efa2f,0.10257590004574123
7762b73652848f92,0.09200678006499889
ccd34b74bb18d71e,0.1302879941345858
eb6c259855aee52d,0.11597042198078626
7bfe956eabaf5f10,0.08024768651524793
38c6063d22fa4f9e,0.1459522891589233
46b7352aa3c8a1ba,0.09300477473093625
049fa3f6cc3a62a7,0.16387453108481664
5f77b44deef47d28,0.0510185285986177
27462f3d6cf43575,0.08148217355595458
ca854373b937b419,0.14313880328484938
1f6eb5f2da254111,0.14409358984756238
9262bb44aa7937b7,0.08742593191811243
d81678051b65ebc4,0.10525602620358758
0edc1ad07f4aa86e,0.16563898026035487
a8e836b90034f123,0.058104436684173894
c729d0e49b2411cc,0.2830955236730362
db925a43365c86f3,0.0899669892804541
1cda28c15e8e4170,0.12555975185820234
ef5a97a20c5118bb,0.18360057883850847
4b990b98ec734989,0.15098073529422487
a96f328dda3bc98f,0.09285197975378229
b467b21cee5c9a57,0.04917699464732304
8c1694e84b06dad7,0.0673407304308249
7b038881fb7ec965,0.11347914529701138
60e46ceca8ca6531,0.06582003931939646
be2e51dc6bf61727,0.14468113935052554
f1063bee63d2cbd4,0.0798595861649155
1a3d53e660017625,0.08184905173177753
6db1dc15ad1e28e3,0.1667576233437241
34f0bfc533c2a23c,0.09917963698136044
76e738496305310c,0.07168872868834039
a76e95f0a09b03d4,0.03519804770157046
6a0d13d3e413c0e5,0.04653337626882346
e002702b095c4d9b,0.08687887162294063
435eb85f778a69f5,0.04718673111095064
5584a339491f1a03,0.10869179431736485
9a06cac14b623965,0.09243738903742081
b199a982f9480beb,0.17463891424874153
e32add368c6de44a,0.06903325359674047
34824decbc66688c,0.06890421895986014
070711d7fd9b7ea3,0.12199241548789602
a1656b509ebf749c,0.2225871093959515
ee96df140d42129a,0.2192552353117594
09fb51e0fded24ab,0.08813497480767878
77e04872ab10bf20,0.11611472441481964
6b34ce0940c8c237,0.1584205798410934
8b94f16483f351e9,0.11606579007201993
a7d4f13860590306,0.04178429696243755
66537bdf81c41f46,0.18025305198426533
3014fd36c07b8950,0.12269599261795848
789380ce86c031af,0.16851909738197265
dbaee9defc780591,0.11229838344164417
bad0375f198257db,0.055908583810240366
a7b766569c6f66fe,0.06633234494974118
efd3fc92b86b90cb,0.10002074009705024
3ca6e7825d948c12,0.12052818542053796
5c73fed8f1d584c0,0.07135923913303444
cb7f45c4ee30e84d,0.11141817862852792
aac70ac68209f1cb,0.12352550775773045
fb253a15132c7c36,0.12285573792232768
4f1ad3d1864799f9,0.18044263322665868
06cc890b7c3abdd8,0.0488773704620788
48f5b50b05af6685,0.04374328946365624
8abc163b25fe8f16,0.04538335858353596
5220ee550d303425,0.13226973070910822
8f7e85307eb35706,0.10533970620492168
dec525eaa4588cc8,0.1397323102197354
8a7aa7c3acead22b,0.11194526160459846
0618f0627df67711,0.1255910861958269
5d9929a965640bc0,0.09947627967283164
b45f8124eea44b5f,0.03906784098759092
32e371f83b148fb6,0.17013636689851186
83b9c322c9febec6,0.08702798152521636
8bb4d82df107f45e,0.10093384653909271
cc28d0d6ace393b0,0.0876552386245459
29c17f03906ad1f0,0.08037277475856486
b10cf30c243ed8c4,0.1499401757401211
85c180d755530692,0.05295259344513268
e9478d4c11f48523,0.033054960729689824
329d63bfe65d67f5,0.07034626310609478
4e7c7fbcb6fde9af,0.04047851804920054
1f2d4ca7586d9ef4,0.053285576928329914
04ff2418e503eb55,0.1523538250307465
5807d02f74d22963,0.11815249071900456
23aa15ff2408a5ed,0.05515807577802021
5c3fe62807fba6c3,0.054931630443220913
c97a3c1357c537a3,0.12414694498314795
bde91246f16123d6,0.04265276714874514
dfcf3493677dd9ae,0.03532569487124748
4a0cb390212d6320,0.13687149726951736
dd48f98a0e7c2640,0.07240186140661523
21669e26853a5beb,0.12723276487430332
c4c279dadffc28bf,0.15199139037398138
27f99b00db0702b4,0.04466256742148441
823a471435809e0c,0.17032651023691345
36d9872df73f0208,0.12170111763490994
69b691bd3b11f565,0.10339338245441776
051aab7c376493bc,0.034400582074615965
897a042cdd939f4a,0.16942963976469091
16e574aceb37758f,0.15867433990098226
7acdad670c7e177e,0.11161652942138038
af7211a4b66028fa,0.05173180422224823
3b768875237c8195,0.12266566219937958
a9e4e55b286f1971,0.12407242896586936
1e42f2e9ad67815d,0.06161827503708975
0d527f8f008f8efe,0.03411356898550293
4c2ccade1925c5d7,0.10823006213666815
b3a98dacc0702405,0.05283344415872258
9b8e0f7bf05d953d,0.03922556905734643
7968527b42656286,0.05456977088224199
caf14438584b43fa,0.04446166715395456
31e140000e0bf36b,0.085650887252068
336acc52a893cf2f,0.08529446179579303
bce6e39fc4407c93,0.044082876049816345
d5e58bdbf23f01f5,0.04767267418263732
1ff7a8ec347ef2c7,0.06313988249276596
ce432d29b214887d,0.05585799234194198
44e820df9233e162,0.10830478124416598
fd036d6641276c78,0.08565481883204928
45c36909115a7b3d,0.13839481637960185
0c18ad3d4c7f25b8,0.13813541217710426
4502d8fecdca43ef,0.11653513820269197
9bf5cf3ace55851d,0.08721462644910938
0e04a1cc15af0b5c,0.03599734297047988
86bc772734133e12,0.10640558575998722
76fda8694024d3e9,0.1254603097000105
d244839566b6672e,0.08907089822085285
e165495e76c8691b,0.08139368795750647
18e8d9f4f0ed1ffc,0.060292326180015454
c198ddc9a1a0f0a3,0.03881103816613961
4f15b2cd5370863e,0.08291138612658168
5b71a33a75b4b41a,0.16395459549034355
85211a41d91dfa68,0.11562117714331738
31c3ad8e554acb99,0.09937125576901573
f05e3b467a207ea7,0.025680520892632622
20eea1cacbacd917,0.15963188195524639
338ac2331272bb7c,0.09703449323896969
e6740f272d44da83,0.16616787230783295
9368ba44560c50d9,0.09051274723994716
18e4039723086124,0.10460516030136581
c935d65cb1c5cfc1,0.062153415288294704
dd819f141dcc8319,0.04460705423908223
90488975d041fada,0.08609874505120663
a5aa463adede1f1b,0.11463884094748715
872ac9ef6cc6a618,0.055403360124601585
ae4040a11f651b1b,0.08135265796027126
468c82067304eb0a,0.14438436923763112
cb460a2bc70974da,0.049720964104015164
366ae30bce6f5b98,0.06603292529421295
7638518d282a3163,0.15932594226005067
633878cd7103f469,0.08956601979377793
73b8cda0da8e3c6c,0.07977884863843256
b24a01610939d7fc,0.039904728849135616
99024e3163df7833,0.17049273296593914
f67fd1bdae4a88b9,0.10174579995521664
bed6a87757540498,0.06717152466175492
97afe9a3ddc497f7,0.049637479080566003
dd9f348a3e019188,0.10059061291840736
34946df4f3dcb0b6,0.12594395943214623
9444819c9eb0c9d9,0.14298838862226346
fb4483e1ad010ba7,0.031234693705476036
00c68b30c299654d,0.1007749801885785
72515cd3d8b3aa9a,0.13834949962019757
908510f96be347b0,0.14376322315448828
99a21c81b1b48573,0.09602468948771588
22f68a423b09a5d9,0.041357647299308124
e7f04cb37080c9fa,0.0331644972414053
dc02fa202a12aa6d,0.06459740634834006
10d0b7f586529eff,0.039742224172805686
ffd7b011eb85f998,0.09635855488334688
e621dd32e1b264df,0.059537150602618494
4af1a1f24964fe8a,0.058993581004871364
811ce0830dbadcca,0.03917187900984944
19f0e848aacfeb93,0.12000968849842246
8d3f02ada61029a5,0.15097233149229106
1e2a07a17f935db5,0.04226802015898907
32328db851b10b18,0.0699493046317244
9ee145457cc792ea,0.16158640416187867
ad8df560233793e0,0.05625150514429333
d22762aa0ca69d56,0.10178601295816021
f8355291593dca46,0.16649121696024968
0c612654e51e01fc,0.042664500282010416
ae7e23426e25bea2,0.046353637173299905
e009b5beb1619a81,0.15281212572254543
520faa13a8c7065c,0.16695710331957825
b5f1a39aded71e0d,0.038410896394025014
de6cb6bc5b8d1640,0.1018553539206614
d51fb6ba7bb6913b,0.16803935242055337
a1375923af03ec27,0.11377899286598932
8c4b7d8e2bf037d3,0.07175842431803758
681405cfbc0dd97d,0.09328568819187034
992164c7365bc333,0.15212321858226194
4814a10f30ed6822,0.11074363262878993
f125562b955f34ac,0.07766775310804847
8665c174c23e0232,0.07842463886399613
c03010cc5ef028ec,0.19544176306633862
d2cbd396091301dd,0.0659640834167468
c5b700f429ada2a9,0.06347000487326422
07d97ad7c5757563,0.046859726418995884
abe88bd25b74cec2,0.22968371381458608
b5242ec51fa10803,0.06143264946880663
504c204a4b07adc1,0.05258424903190526
eb3e885ca8381431,0.08832476190569688
88019e77a7570235,0.1490753412622882
4f5b5ab494b7fa3c,0.11528082139199484
ff857c8685376696,0.12616999397250747
c97ffff5899cdd5b,0.180294042949059
06d8545946fb794f,0.15003159852095477
86a18a847664c8db,0.09731970652361809
236b7caf60e83702,0.05520538901785252
b7362d1c5e6ea485,0.08534277575922276
75a194abbc3951a6,0.14081449862122314
0739352b03f43601,0.10294661330517156
d5fb0ad6dfbebd36,0.043244471083389774
ab3267950cbf32e4,0.1052684950106596
061b96409f1ecea5,0.0595171729922658
77507cbfe35570ee,0.038483774788250984
a36af5b550eaa873,0.09906803460904152
9ea7c406af2ba7ab,0.10861714492473122
f67f1e53508bf00a,0.18227961819855878
c1e4dc287c41d581,0.05556920339770629
a53a53e86b02f37d,0.0634830834681946
608291782c527827,0.08456600568494639
d0ad07399c84455b,0.1045044147479209
fc8986567718f61a,0.1861679059639444
5dc1fc6a5d643435,0.1310112362360527
5c05741c61417dc3,0.07927156851459682
d702bbe78e1fa189,0.04217756659483073
e781540ac8518204,0.05211901404368935
7dfe0b8686f2f32d,0.12372306407286127
150a93d31aae72a3,0.07031349581598699
6eef12e9a09066d4,0.18202125496112573
636152d21bd16667,0.13402513994828016
c7f6af439da950c2,0.04457867315893251
27acdee466fcf485,0.3088351955526634
a8804fe9eee0fa90,0.044592190218666304
6192ee4938021f38,0.1515383686163201
fc02f9550afeac41,0.037415775535181495
7c9ba87d30178a3e,0.1696809424209653
a17444b2e1cdd78a,0.1131711919008771
83df6fde56cebe4a,0.0633468397107097
b35110acb0de3b77,0.14441630310339557
9fc1dd40acc8bff1,0.15146880010782893
0c521eb5fabcd49d,0.07287658760232413
e081802079fcf55a,0.13876833363427277
12aedbe868f79776,0.03460176537175283
be8a2586f0738799,0.1369425738397325
077d63174223dbbb,0.0537374774271108
bf95a5f9268fccfc,0.04758303196858002
51ac7bebc69eaad3,0.14988471016117752
823b8b0cbed56665,0.11899750865138047
7b06037a7dc44eab,0.196702754109912
c3468f13ce305a3e,0.2093423930234576
82906bbb278815e9,0.044672021341365796
26d93d94ea19b1b9,0.07582762513306215
d59469ecf7c3bb29,0.08288952807165088
7db5fdf7d9e7b81b,0.08275760945460252
251dd43cde3297db,0.08746384281034102
cb1945985d64f4de,0.06891197299919731
4eeb92e907af170f,0.08250667725317111
feb8fa429dd67ef4,0.12419213636325044
4de67c2419537ea6,0.0433146749816978
538e4f56402af36b,0.15842891637859574
a4cf878441380a52,0.11817920186777704
96be7b3de04ff62a,0.11022027200575342
39c3d3887c8c1a94,0.0513876625217117
1921999c1eb2c5c0,0.09783046457141135
d57e9b30000ad4ad,0.11028029150576975
7c4dea060b3cac3b,0.13946775818627574
b72576d562bd56cf,0.15763408844491475
e1b21c89aa287e10,0.05931619990542732
ea91d426f07b035a,0.06705777604344708
e3fe0ea3b0e68165,0.06910678013342988
733a4e55740edd52,0.1368603493203685
e3ec47884acfc533,0.22067325372867377
8b4fc284f4d71fb3,0.14256918374603533
ecc8c2db5ddf594a,0.03738773239416615
6a2e9bd8a0f89c66,0.07972678995149864
330cb959caca2412,0.1750598541167897
d9ec4fb651c85ebe,0.06908084173103514
059f9fe46af8bf1c,0.08077506645593595
3a4738e51c5cab59,0.10407148676930272
2defc05f8aab4fc1,0.17305187096787433
5eff676251527676,0.03782158489575155
fbe244ca19447d90,0.0991738871993481
6a795f7ddcc9922b,0.047016876245369016
31e47d59215b37f6,0.07862499637534766
dc507cec24e10ba0,0.13547030379556876
a6bb01f0933df044,0.04440899127988852
8d856f853ce1deca,0.09076041829473265
6da96325a4517519,0.0848351809543995
1154f92cf57d2532,0.03629925938544051
f6f5511b39bec2b4,0.038479904198499344
52b72c128d8d91b3,0.12918085323849815
75e7fc7c7ea0f472,0.1161221727089045
197817ba33606b5a,0.09025037419702149
c1951ebb86cb1446,0.15315418557166705
c4c41b18d788438d,0.1332113433255464
aa26bb9dcc890fe2,0.11970848824669533
c2c4703ee4c876c6,0.1550521034956944
4c5d7e0beffa310b,0.039247314954822095
83c908bdb66cb2b3,0.11404536766341543
f5402da16c14957e,0.07403043178908254
2ab80ba80d56a41d,0.11750354232510159
1c6b71fcf804ee07,0.1245958773652085
2f3e4501cfcf6dfb,0.09357411796269816
e6dae542e381015e,0.05124154565957706
eec4124d10360067,0.04607372872961052
9105a2588a4a2770,0.12138643793558335
130f75788d8a46aa,0.06865762695488241
8835b5e539659c18,0.08060846831258936
d219e6e0ab855f68,0.11403634820210216
0723230fe86de14f,0.11485392626179726
e81853b0b0f8c271,0.05533409990533158
979af46a1f611253,0.12791690604541367
945f78f066a99193,0.07775189323866967
9fd22540f39891b0,0.0434264979175256
2631c1e94bf99eb0,0.16057418926193467
41d6c34577272404,0.05965040668765661
13285c2b73770aa9,0.08062965544409291
1d2b2b68357f4992,0.05378792940352022
5e3172665089f4f1,0.16280968634859375
9f7be9231e3552f7,0.1433827618671689
6e458ab88b4204e1,0.046671574715867255
10739a7eee3e87cc,0.05089384053194912
a326839f328dce7e,0.1743416146210671
2e706184335e4bfb,0.18417168396100805
e10da35ed5233e23,0.040400474309491057
85df2a159bcafca0,0.11671956145128215
7e459f89aae58555,0.064226653729349
c5733fd52fad180c,0.11323511106464061
d78be06de4424dc7,0.0366429028504567
af782e55eeec3b26,0.17364724387454067
a5428b7d3e5eb0a2,0.07724927200645247
8d920a6bdb004f92,0.19729922515186707
f4be0e405024df8e,0.15436968984907856
d5059f8f88290d5d,0.09478342077107227
e368d0170d51ce4b,0.06775995253957058
d8ddb30bad626df3,0.06451356255467011
d1e892e5a070ad3b,0.05743796849654514
8a30b24e45c8dd56,0.09619116929971776
7616820e7f2f060c,0.04159249738954189
35bf1de33ef37b4e,0.1476405874027003
7fc73341974a9c57,0.17322820126429792
9f5bd41b72cee0ab,0.0657230219854883
44e5daba8a615664,0.14151081554661035
6a29aa78116608ee,0.12308200383013117
74c36fa527d5e914,0.06255479625242939
65e5065a97a00477,0.09702101583730664
2bb9d6b7e64b8108,0.03845238285413602
297129de9133a71a,0.05072405241480932
e6233ca37ff20ae1,0.12274437769983815
e6c230b1db202085,0.16077455399407026
042447db024700a4,0.05267396772139804
5347f880cf1bb93b,0.08104288623531794
f7f2f5d41652f6cc,0.03767267497923052
71ccebe269774017,0.039200142351908863
5d89474915222841,0.05928787309189887
583b0f485ee37a28,0.05547345226991374
cc5a91f4a1b878cf,0.208014701611711
636604af09feb6f9,0.04026516021292941
9149bfd2414e1f06,0.11728901350743681
69c71a71af3a6a93,0.06126675636867857
5cab1ef744ae1f07,0.09695735960068826
2c01a13c5bd11b48,0.10039323178442965
3dd5148c39f554e1,0.051460190962295836
e55b6c8712632bca,0.09091882272093506
1e70f997f11d309b,0.0711310437522965
0b5140a69c454fd2,0.04891557431404461
bf3433f1790ded45,0.12200777194030023
848bb9f5e15ea664,0.0764092644453812
ddec6d5fb5e1d8e6,0.17014928116297243
483be22ba816efd7,0.06782292221012043
c5e5341d9853e204,0.0735869121477371
21afeb4d02745cb0,0.06303459481025271
214573582fdadc69,0.08055534557876981
1584cb670481cd0c,0.15581342660823924
a5b74fec60dff97f,0.18477921962933194
500761048fa68af7,0.11035641094646026
17911ade8f9db4a9,0.09864962259512407
0d5e4ec73265e718,0.13212918249200634
9a23b511d19c5b74,0.09311195585847816
b0a68b6e9b5aa0fc,0.11866278386714209
f2408ea825dab651,0.0850165643935004
c46a0253ce15db70,0.11855710788147393
280ee758ffb1d1f5,0.08781471723970452
f120c6f37766ad60,0.050882305504183156
f0bd6e897436f50f,0.06866669045799023
d9838a74cd5c15d2,0.03499868721838847
ef4f4beebb23098c,0.13466757072824315
81e1191f9eeac89d,0.0974418410916119
38a4b85540a1d008,0.0567618647215066
583c98e432bf450e,0.09280217621695426
9319566dff410e11,0.08426639649371868
967a61a65ca3958f,0.03800583538481802
78d063e4b7ce7f7e,0.06846883335464556
d2f8e62df2e4ba25,0.11376516541154132
810d2f780629077a,0.14815004583059505
3515d882b6639805,0.10733083992834724
11e50493155c9e73,0.2177131978012552
4ed708372af004b4,0.1637465354822524
c4e45da34ddf3b44,0.11490459763025933
c8a93dd49c2a92bb,0.17096779278744437
0db19fe44a9a780e,0.03870445164393882
2b3538d47f1c15b4,0.052766982646789716
c3310c72d9734462,0.08182731950240128
14085746773f19af,0.04248143588442572
556db80d967a1693,0.08110330054902885
43fc5ae409f4f500,0.11666028661703233
081a87f22c3b38c2,0.14223127087883528
d375cbc133ed4f4e,0.11590407994262993
5ad546feb694ad21,0.0880971860384409
4f93720827de0ed1,0.08403875600111854
3aa17624d6ff3bda,0.0414548743573071
9242e8dc12c52248,0.12142673113645837
6842dfe6284804e1,0.17920427838915662
0d73a6a834744d44,0.08860283032223447
0830204cd861c6bf,0.043741609883409915
66161f0924e78225,0.1216367695271456
496464a4d50db8c5,0.11116400006881282
06324bbe66728955,0.15958178983607943
14f78d4e391911eb,0.03950997510219209
2b82c80f72759096,0.063741762601775
098ac1d81b9e8c1e,0.1483636381993816
1b76ea6cbf734ce4,0.04213930212362534
0500bc92e5b55537,0.053710683367084684
ac5aed573f280b25,0.07704424093944233
ea03975f1d5baea3,0.07271430816915887
88b17a552fbab232,0.11432504941017531
b8de7af9fcdbf382,0.15856288712927502
1200abef5b424cb7,0.03615942926794117
31b60e9d8cfa862c,0.046990532917211614
893db3bdf6bcd36a,0.13372813921387938
ceb6b035da1d3d7a,0.11481671863617449
4ec436f2d7284b90,0.05277766954561849
8aed9038981199a5,0.07575180903214448
0004c2d09b2a5399,0.1085111530087041
5205db0c297b51cf,0.09542992146153433
fa00a8d5645e29e8,0.050805181032011794
e059a125b2f75271,0.15094897746152822
0a245e9039a475ae,0.09518798677583429
f6dd2588e26ea334,0.1372557148248653
973b401c5b3a29bc,0.08692602577761659
3c3d0acff02d8d77,0.13484016502995244
29614e0f15db6e61,0.11119456143956952
59556138531e1193,0.05703772243787072
6864e194fe467f06,0.09754389014266725
92d1a78a0805f085,0.10302249543439347
673c83d5875338f6,0.1547012147804987
97b9da49283296e1,0.05720616254019937
8e266443d27cb222,0.07189108087458175
01740ec6cd7d3fe6,0.1390342702747339
bf22ef3c96b1cf8c,0.04771511082046434
eceff6a46e6bb846,0.06106939647985352
595cd3775c548381,0.05349869237896887
dc88015ad74c395c,0.06289502843715274
1d829ac1fba966c2,0.058835118768304384
7af5a547c0ff87df,0.05554974699764892
42082090188c20fe,0.15180127667228174
f7c6df36a4354bbd,0.08262114095690513
fa583dbce17dca3f,0.09533253421694858
31b430017b021b90,0.17285777571902175
7efc9cb13b2def86,0.18417573734933645
d06fda4e5bcfc129,0.2317032590278465
72cb2bb85767bcac,0.17863504047411013
50f1226e03b9f878,0.06511827000824882
24eed0e6d7789047,0.10364153136063346
d026da38fc55bfdd,0.06474044259249452
47c591c2bae2052d,0.097485144793018
92966f857e0e8aaf,0.06558211117364425
56b22e07fb9e4c9f,0.21007307878570677
95e7a0024d29a8e8,0.1114074958688499
77413f2ce0fc0b0d,0.07934582258187849
169ad5f354082bda,0.08045026363316739
cb6a3ddb00bb4caf,0.17383397918041443
c1351ef23bdee19f,0.06735048489323196
23e0eeea647bf809,0.0900418864740027
52cb9f8084c2979d,0.11941219536240255
7f071403034451bd,0.1875855908215047
64c6b8a675d8d210,0.09626352696972262
25bcfd9c6c4bc119,0.08905405024098993
68234d071437f6c1,0.04605795731608334
cdba54b09ad0a5e0,0.050960208343847485
8b2a453d25a9793d,0.1863856101109899
379b3cf15b5cd618,0.046376826145197954
04f8b3d8fbcd3c09,0.0552261525411421
8db2aa7a87a0b0b0,0.1231887605948331
09904cf5297e4c52,0.1303749043323487
e5d6021439d46003,0.1274451279213769
87a2e4212129d19c,0.16477228509519956
e218c57596992271,0.09416633603913722
18b98da5b42722da,0.09405811103123067
449920a89db3ac7d,0.13439088041285271
9ce041cdc0639315,0.11600074856997418
722f357fdbd5c880,0.10485123321142042
d468cd43dc6a08bd,0.19056950720090593
9700c7a3ef819ef3,0.16453395339719437
b7f1d881f8c72980,0.04751057036384326
b23236c476c94144,0.189507652109852
18dd1046074e1b37,0.07735415178458267
55f227029ee88bf8,0.06681831106031984
5e3b8e365345db58,0.059273780808865285
d97a5d6269148ed6,0.06486296975215056
ec6dfb974b3c0b88,0.16236740466267005
7ff4153e9bc66bd5,0.16174822933054656
70ade30377aa52d0,0.10852496932112045
e81c74c9a5e64310,0.1618734684583194
27609b892f19ce38,0.05045006447991377
665fe4d9e267c32d,0.15560663247450598
e4efa861a25c36f2,0.14434155733392848
707cf306deb0ca20,0.06888399778109648
53a0fc682407a107,0.11819755077144074
4bd91ec011ba7743,0.045226551364485106
3b7c880189ffdf65,0.1136282092636467
c5f1834657b1d9a8,0.12051662016138774
60a043d7036ea402,0.059830785237182244
d69dc65f9a8e3647,0.10481672395738706
c3978282c1335961,0.12690010229714097
248bcc5d97740cb9,0.08554189377942191
ba074101d0551828,0.09588261213420597
f22fd6cc76b9eb99,0.03820859644285378
cad3b5acbccd1a75,0.03970193848950842
4e3d749c5d0d8b99,0.12594176725210773
1024028ec93908ac,0.2993173618508427
db5f96700f81e32e,0.14521745587986143
d00456f5c537affe,0.05352318821045019
ae6c9a4ac1923d77,0.05467158916002004
5c4ef0457f9b795e,0.090632054959865
a36087b510ed1bbe,0.16968258142572812
9700dc3668cb0d40,0.03502324877838533
e404394c28efb780,0.09903148167156527
0720a1b755cf55ed,0.11759742691658497
035439e10d353f33,0.07111259277279351
53421be12c0c7d0a,0.14364856040706636
c76422f9c7f1c224,0.037642693076494226
ca75e192477ae30e,0.0713671703279482
480e9e2f5f6eac7f,0.11919241039539145
b1b0c9414a07e81e,0.03798987926219742
e09f31da0edae6b7,0.05733478105947779
9386dbd09f1eea31,0.08185617338027694
4027ad13f744ab47,0.1663772081183067
dd57f9a9617410f2,0.14847019985168355
53816ae08db4500d,0.09102013863255602
d39479f04b318c0d,0.1306123793130859
5223cd189c2850d3,0.07869144112066426
8c0a9ec776187a0a,0.04017695416629091
387c460bf9c82eed,0.11163656049032994
1fd31e1faa118ee6,0.04183805535231309
49fba05cb591b00c,0.04718633879906927
bd80ada68eebd0b9,0.075044225089801
0e3f686f072a8a0c,0.06257633091429017
84925d826d461c4d,0.13318484001514233
a7badd0bb8ead7cc,0.09048530181578814
e2c838fd32fbb729,0.07629997544454174
3a6cf220f53b4cb4,0.11045842237750925
9dacb79ad9fcf34d,0.07288575878625309
92aa4c1f7f258a86,0.14403138230499596
c85e22a117db207d,0.04440901629086557
c5acfefdb9e64f54,0.06554551641935752
26015640e05a3378,0.07370704907753804
834b3501453f5c5c,0.10740445886295336
42af151534cbcca4,0.0474454248597882
6342222ab4bd07c5,0.17016258504658796
cec95d0eb86b553d,0.12400727402837192
b4129a57f4c5c1ca,0.09592165127524445
8b51d76d9c838743,0.0794875943036709
36d6124fdfb6b5fe,0.08349293156772992
2212f9196bf749b0,0.18426190724565564
fe9345df75362fb9,0.12736787922754175
75774ccf0b19e8bd,0.04006919948805519
026c096720d1702d,0.13872887143078896
6aca91fcef83cdf6,0.09800717291828219
8fc4c42ef85eb9e6,0.19323949672168228
1b64496c26985a3d,0.043538686591599214
591d0017ec185df0,0.10116895831753991
028968c773b11f62,0.12335549381690619
3a09eb47d1ba4acc,0.03606128074522013
000019235d24a363,0.09216368971853998
ac5122e50d1ce8c3,0.0938652194888906
7d4feba02220abf7,0.0383919083109278
e59a3b16b4a6d416,0.15511432473172726
84a820be4f12f7cf,0.0438915537020266
2f535756a73607c7,0.1976990195248204
fe5a15197d453416,0.032359552648921174
dfe7a446a8aeb1c9,0.038843679595907
0ba28eeeb91393c6,0.10120218412325081
6cbf1767b759c6cd,0.10375979473748094
a6e42b03d097a184,0.12172040365163574
da6efa9d56a293d8,0.12390538990904733
20eb958ac40ae3ec,0.04149909007784202
861472b884b8b80b,0.16802345560603724
83313fb5d3e30121,0.06161218710086416
75c00015b88462e9,0.2051564547651851
abad9a6070f32056,0.0971621097745619
dbb0ac574180786c,0.136537725999438
1ff23956ddb48080,0.21008014643535808
1030748990c873e0,0.11919665446531724
3b392b51ebbe98a8,0.17512976517437173
9bd3ce96b5220545,0.05049422673825421
e80afbedc991fe85,0.1875647202914077
b892e30bd65f1cf7,0.04276279969735625
45be6aeb64cd6e75,0.07401210851782093
10b2dab220d2112a,0.14433383726893886
397e2c46ae990a0c,0.07396225662682633
19d3b02c14e869e0,0.052349565789287504
cd4dc389be000277,0.16921234134377625
fddeaaa21cf9f333,0.07924695595687312
c73cf810b1eec5b7,0.0464450291410268
2d89c6930c494b36,0.11342374861290543
731c1ccc4e036603,0.05235486922944804
a9448f44773fe67d,0.11629066919226415
89d7d09573e87744,0.1606230767246688
09a1c2b53c31bc10,0.12209971459258713
6c6319f9764e8514,0.2224704574275799
f56bb1ad09aacd4d,0.1484862568997065
a49d99323a265849,0.04367800031371177
3ee9be6434e0e715,0.10617225775958217
875debef7413e1cb,0.09900587713474558
a2d775ceeadd24c4,0.1624949304240917
18c8aaea7c834671,0.21369004933987523
df0c46251bada9cd,0.11507661372119148
aab9add2fbc56aa9,0.04691596227557692
a6fc3e9da5c8e555,0.057082039172474903
f637661db81b90bf,0.17879089162135745
33f67c649066e956,0.07507205845595834
86c73cb2d30683cb,0.11017478294900705
b5c00f8557fcf692,0.08543253626139084
a2c9a8f18d345227,0.14674280454046337
5ec5cdcb7ea71186,0.08028273860496721
0f3e463f9177f7f5,0.11781820513765628
4e7f08dff5d4d708,0.10454774270391283
3bf84009bb5fc3d5,0.1742187521890591
51395fde52e82c96,0.1370768254637843
11111626d4279259,0.07551554351041447
ae179d72addf4dc6,0.05173522215071292
e88ef89c0abd640c,0.04565982730400917
c514af589b1c5c49,0.05081893065792679
ff07eef5fb056c81,0.14916332177761107
96fcc4e5d6f59237,0.21035491880753973
28c21a0768568fe3,0.15477329862562816
73627db8491905c4,0.07296830572117922
99467bd1e0347c4f,0.03558903632426086
f68ba1afefa7c356,0.16395488896779958
f2dc825ecdbac412,0.05428215672346825
4aba146c1a03941e,0.0459622828631699
80d5d6de30bce75a,0.10497309189756765
07139bc3c4fbcf8e,0.1481588666153746
e20fe10aec859d4a,0.22475711767262163
7ede37b476b9198b,0.10678067668715456
13f259dd7b600fe1,0.054524757558713256
351f432cde665f41,0.04969913347582953
a0721905432fac03,0.19039626957565314
c64298a4451fa34e,0.11186003866489513
4498869b991b879d,0.1361045460364894
17636075cadd05b7,0.08122376016907072
f1a1bbb6f878a877,0.08154366102942091
0eb6903ad4fa3f90,0.08853764773724249
3188bea8d6f5b35b,0.14065396319277476
c4c409536eb6c51a,0.045202238557675904
d280dab3667294dd,0.11193426994213096
52c6f5f136513403,0.08401801460752929
5090d67fa1877997,0.06059577164450173
16b61b14def64393,0.12019658555221845
baafe2fb18314839,0.03760248483224165
4dd870bba94a4e61,0.07772211579869187
09dc62cfe943169d,0.0406201542364575
c479d440fcf7aa16,0.1446810395404767
8afc03aa50ceaa11,0.13843560207878008
edde45a77638faf8,0.03506111785883456
6d7692d9c32c3019,0.0861955359097079
5732b6767099399b,0.06961224684277467
17d91b5e97f3116f,0.04958657519897081
0d8f39533be9f182,0.13654850545168626
fde5949373183adb,0.1844003344030043
958e0e17661293ac,0.16483796048875246
c5216e7c4a482059,0.05559879492164586
903c649790deba31,0.047447899927811586
4a0069fc3386e06c,0.11500154363256365
a8ed067c70e68299,0.16455054892980472
2739c45027efcd82,0.09833664810014757
9cebb6633780881d,0.20796034985124703
61795ee62a8075d9,0.045253687902553054
58f2b934b0d49345,0.1329253644994837
dae79d85843b121b,0.030132709696052862
2a1568df2de08c44,0.11799200558750157
ee4fd2a6e3a78dff,0.09665641891857506
b757cce25b9c26a4,0.05384719622140446
66ff45cad74a6679,0.0732545537304718
b0017bdcd541c6d4,0.05541445295189365
a3f277c9b5c91e67,0.07422903628180479
a5cf1cd034f1cbe7,0.1781371720741003
68c1e518bbf4e77b,0.06614812292910788
39bc60ddd2106538,0.09422326625375804
6efa72d0df99c34d,0.1431162241899172
ba7209f117ae9238,0.14941986442465316
7c5bee138819f339,0.1201770299944838
0a18482d62e5cb36,0.10753608398166596
8e35efabb244500d,0.052710556258167486
43a9275d59ca040c,0.12867157057684694
481df5704a84657c,0.03634837319270204
4d8d82c65a5b6227,0.04754040903397216
f93eec03effd7d38,0.2478510627614977
3ffdcb2a25a0754d,0.10594309665424506
95109279ae9a6a9e,0.13267079463614617
d6ee9c0efd68efce,0.09122644965877329
74c4894e7bd0708d,0.08875804778075902
d33fec8f45769c79,0.11292166762050841
8fa4532d6a6caae1,0.04165087911345336
3dff5467e3be88a2,0.14007122357460575
fc6d9a8363c4609c,0.040840750522801166
c9cec12908a9bfc4,0.06588060781431664
a971fe519809a939,0.05649445357492013
5ef5d379d20d65e1,0.09002345961590541
e3fb799669853199,0.1313879939318058
6f8c415e8466353c,0.08610105668129385
6a84824f0fe20d4b,0.0731066494749086
8cfc43e4b7c26f14,0.057551135466041424
de7c6a12dea21dcb,0.1356546964376537
d478e64abc5e2623,0.11254974255200216
437101bfe8957347,0.09439539516661155
6e285e3b9740ddd7,0.13037791495943765
c3ad227a535c2fe2,0.17275334146444932
8f43b3a85065f086,0.1552964382185321
90aa3a900822f96a,0.11962930716500386
c9000a6868faa0ce,0.1512201077038136
32a000ae2024ab05,0.045832161430910325
c4605d1a5e5e5f5a,0.11393685828352873
892acb659d8cf3f0,0.06616953298843382
c69855f3bb4ca032,0.034306986140537905
edf73aedf6b35217,0.07967579187663741
8877ec8e52d1ecc5,0.05051816933220359
fa3630178cfa8ffa,0.03938446273089441
9f5f7129d1af2116,0.07656595008022658
5e7e17e9ef20547d,0.1362875866390079
a0bb691eee0adcbc,0.04065981352185559
47aa950ec1d03709,0.07072251711593186
89b3fd466c092666,0.04018725174263473
f58ae0404d156690,0.04302674358354383
766c4ba6be3c0785,0.1172826003010962
eb2e4b71d64f3173,0.1710526315761124
4912ee4332177555,0.13832301684541515
2bef19c70fa1eb95,0.0586405844323302
c6686c6fb6297feb,0.17487542504893236
67508ac580fa166b,0.11552391851378845
ff311f69cd822985,0.06786120950701001
bfff1dc879c76509,0.09761660486838765
3d1fb3f5ce631cd6,0.16420915867743663
cc268338bd6cf9ca,0.12754713234223905
d5798960a3e8183a,0.09234335520554345
11d573b74ae9ba82,0.11560492344666905
8c8705f908dede75,0.17881388209550667
ed2bfbed36ac2b84,0.11836209327015566
89361517fc2f10d5,0.1727370460125388
1626bf6a9e33402d,0.13719593865482563
549de17e617d4cb1,0.03806721574875941
241acccc8c4c5c98,0.1555582226993245
ea3cd2074cfdd18b,0.029819843116625205
3482477cef332442,0.1200982341161821
4f0e6d903964496b,0.057297557956959046
55f5ac50a1704cc5,0.09410286322527595
2754a911af5ae6ac,0.051073103803576124
f2e293367584282c,0.20138531709654042
2efb3cb92bcc9b98,0.04083688643680141
5896699316dc3ab8,0.07415611807044138
2d0483ceb9c643bb,0.10798432733479979
efc8974e6723a58f,0.07092274947755367
a6a0006f726c94b1,0.12601223400496764
6f5c59612f3c92fc,0.30628502613033787
c78209036cd357a4,0.18364012615202222
db9a3030e417457d,0.042615893095115966
99988b482a1d195f,0.15105673178911241
52e13ab6586efd97,0.17131005831757706
3e8fbcc54eca7fca,0.07840221720199428
5bd1113a10668c30,0.06764576074801575
4bef48512ade85b6,0.048000173756571674
2882464c483cd0f8,0.06293117678696365
079b1ed9350bf75b,0.10957419602994088
7063caa968c586c4,0.06736490954267327
ec19c34addb8624f,0.07712005034545667
8cbafbdb15a9de28,0.0697570727981341
a38115fdbf75c1c5,0.10695856566919672
6d8390c7927568de,0.0495657707890202
00981f14236ef71d,0.15407653664977766
12f84fa2b4c572e1,0.0364794873675276
ca5bb700586628a5,0.041568786312844934
4a7058a9b89ae975,0.05976077457130894
878bc0b3326ea889,0.04288869680199916
57f748e3454293d9,0.10425193203742478
07949795ad3e2e93,0.12346834255151384
8cfaf8d91ea4f1c0,0.06427996053962858
0973b331fb200feb,0.31819814319149636
fe33cc8c6e5126c9,0.04769499079429337
95338421b02d6100,0.15079853695264323
6d14e413603d239b,0.12981433973941361
8dd0a5354bcc36ad,0.1415649969901295
73e26e96853b1101,0.04068364004239984
1d9173dbd30bfa8b,0.263953102834573
b8164626d047cbb3,0.11228708404712369
0fb7907993c4b37f,0.19136834348717846
59ee8f98bf511a26,0.12070732338284075
0c3008cd7e493e83,0.15544016403720273
ca16172c325cea2f,0.043317220337524054
2bca85f81b167432,0.14927793470424117
22fee0166c140a09,0.1833998539234435
e2724c0840a5145f,0.08186704077810139
f36672a2c0e1cfac,0.03508605303327411
1fb583d94ee99482,0.1499811912244806
02f264a344c830ab,0.10532110754601927
4da6645d6969cd52,0.05669644062967524
44dc081e8f45104c,0.10838793185014017
2c2b2f0c44e4f0d6,0.0641879037215837
36b10927a5ef8124,0.17637629346995598
c1aaa1a11b02c7a6,0.06695263591347547
052a4c4d54a4bc92,0.14832567422040197
d52322d3a4091590,0.04651477013483565
836f3b0ea82976dd,0.08530223940519072
76fb069dc8449b55,0.11315414115708884
9c73e1140fc59c02,0.0603111757633259
ae6c780a01769bbd,0.09534563879094526
ef3be0cbdd14848e,0.05078571977168608
3599f0b9c0feb095,0.03801098232767805
88664205bb714f9a,0.047306809374657616
b978ad9fbc2debb9,0.11162146752585426
c82c9b618c165d10,0.07461620619871079
0b15c07bf352553a,0.1434043690910185
7891a28610913711,0.1284501320927375
ad4639fd4e49662d,0.047279866654746074
08bf7df7a564e646,0.07263742846830137
7ed362e9d16716d9,0.044757008796540786
0ad5b72ef7c0ed2b,0.0881904308022272
511e654ff2a5008d,0.0866816395138706
c2cd9bde4b5e7a21,0.1307722772336182
5b3e02e26bec5e7b,0.12921482150184413
89c64c8f9efcecb3,0.10605329358452391
a8f6c6e3e62d6b71,0.05902422747567706
019cc0b8962f5cc0,0.1421268396144694
bc4e4242db6ccd37,0.039253986744243984
3fff2ee4dbde3d85,0.08587594709985734
dc37fcbe553235d5,0.07474499697419902
3bd0b86bbb97a337,0.06490832713817651
4992d9bc07447302,0.06073334075982789
bfdf1c0f0ba7cdac,0.17808111936745588
a6ab2d1d53fe912a,0.04706465735243697
1891df3302c7b348,0.04249773061154392
b9959e103e10b920,0.08815739756516923
0ef3c10f8c9072d3,0.08081602424691975
a10619d97fb76c2d,0.04552462578095837
0863a38392b70b67,0.07398048009119075
60b64acaf466a536,0.1285542097410862
12e3e5d6d9c41e98,0.13615599081383936
9523154e7d045c29,0.1499228640346811
c75a93ff5b4249af,0.04570056590958571
254953a015ac6eeb,0.180105889025395
800fca2f6db1274a,0.04172364741261286
495cb7b810650027,0.048438263171968414
32f2ab9bccd62523,0.07152061713610164
710c1a24eaeead5b,0.0578740253978659
bc05e8a0b1a36967,0.08722476146122955
7f9c858cee39c32f,0.07974464039679759
d943890ab2a0dabc,0.11562824647039653
e8365a58644b452e,0.1269037559036598
8b6555b1e2375ec2,0.09611958334803385
2d05b7a2752c3cd7,0.06737179925199586
cae674aba0ce36bd,0.14162104545007578
ded2185f98f5d222,0.14745118972636975
5aa4335a084d6172,0.11394771831199142
ea84e8283949a22b,0.12236031996945555
e05b38abdcb5ba20,0.037621741581115475
1a8232cb16668217,0.03996132090583079
964453e5682c98dc,0.07946026059910306
6220fee3bc1e75ff,0.1844064169082722
44c74ce2f7dfda22,0.18803955063708166
0e420abbb67f6653,0.23877061950273304
381d753868abf15f,0.055082912695317864
c90e0c45f7fc22d0,0.04050421073409436
28cc75a35f51a8f5,0.1389184605369924
3ec9f6c06061e5fe,0.16623651387375515
b014ddae55b634f3,0.043458808066475195
90879b42c1e54236,0.12525026774462064
7e62b4fce61bbae5,0.10609592228959919
6e384e2ddbb3399a,0.08120593258819607
6f07849a73f44a97,0.20898428462324262
f48a2f5d095509de,0.11162362015287358
ba999a22ce5b3fa3,0.252031752336978
ba9181802cbd9401,0.1594113916648108
bd73bd26225890fa,0.05149535846228065
64c38fe6742e3036,0.053723418797890304
df243043992dea1a,0.11058490776141121
0119114d3ccf9eba,0.17049214142285793
f21453041c1dbfb2,0.0978598713352493
65850a53164c135e,0.04970562633251011
48527244bf10d792,0.07887060816583498
cd4848b0c5d09b82,0.09370781948047656
d29250c293d24f3b,0.12069585130621589
8e49853ead7a7782,0.059028395171135506
c4468c09563855e0,0.07004575066621382
06fbbe29034b7d22,0.04808724844170207
85f4de85a28f72e5,0.1526357930839316
61a2fd323396df30,0.06354131674085818
57131a5c1fd27b0a,0.08150371678409063
97148caf47baee80,0.11437002285303137
bc00a7f9820c18b9,0.05051391890745571
0774fb3a81023543,0.10530446174339024
26fce92bc23cb74d,0.12895626811983532
c97cd71a9a738f03,0.09053722335208754
e241738a2d4f1fbd,0.15130028771939677
da7df03e550c90ab,0.0804591550142824
35c07da89ceda890,0.144241876750911
5cf499e1908cd296,0.08869581009675202
d8e67e20d907c472,0.08052858881022312
f3135343f9e7c1fc,0.18335912845902155
35e24477ff3e4121,0.09543281678376699
ad3c1d21283a66e7,0.11028125929157695
fa88a2d04837aa67,0.1212663216977397
3d8cc5538995bbb1,0.03184495088437054
2cd57b0959ffa8b8,0.06381834796291024
abf05406b1a91bf6,0.3085037360040724
0f7b3fdc5d781296,0.16316883361971232
03365bdfcc4be998,0.07056107584972292
b46302fe840c3d5c,0.09887574576271112
b1f966468fc49840,0.07666674451752686
6adafe7e6a6e6865,0.18553284636481573
e92c7a5333472aa1,0.11343022194987244
7eabeacacbf8b37c,0.09514856071234977
655d9a938cd682a0,0.27052149849346563
a26607cfecac0d77,0.06884499397496513
8d29e784c2fbc4ca,0.1789499359628921
0552a72825b82f4f,0.06912708558925386
8db26f10038d6705,0.06522439139540433
0eb4f40d8b4a0e29,0.07366463414009779
a1caff7700882d18,0.1507277969530219
ee70a37197156928,0.05296670460319516
6de1b2f62b6369e2,0.1571396723498463
9c2d074867b45c86,0.06647621961855023
36c975ccff63cd9a,0.11705211281805317
eac85b26c054de88,0.1246176884301834
318d374ee2d57a71,0.10442865749929263
ea743176167975bc,0.09287950049871418
3ab9fd28956b4c1d,0.049532151220659126
478582ec139d868b,0.1257169282524853
fb9d44e71840eb0a,0.051054517908615926
bd4fd0a37b2b9312,0.11718793871027207
5dffe03302a0fce9,0.19190416777186836
d94e1f4138ee9631,0.08790249281538881
298ced22f474a1c7,0.1027925062199641
0268d1d90c8858ff,0.08088528663881889
84cf6eb7514ea305,0.04848254642698408
95d0de11255bad7e,0.048783934619227066
9df308f6f0758e94,0.11899546349425523
b0fb6fef1f3a5762,0.09975573504867502
3fe46d292459737f,0.036885945234344956
6bf62b52eaee324d,0.04890919502908952
8b6a50f8f0d1474f,0.14487156542567547
89833118f346eb37,0.05557418278377239
48fd781830adf147,0.18062966106152226
209845b666a00820,0.06482489206737375
f23faebe09506cb7,0.12381644613675043
5f9584bc58bae0e2,0.05283057338507449
a08d713f9ab75910,0.11167211228325656
5c4f577995e30921,0.16484198585646512
db21d37dde61a7e5,0.08754491949924442
d22dc3977ccf9208,0.07870944724727588
d0fab5e12cd60c77,0.04250640508659315
5293676c6774f75b,0.04940944322270013
d3ae1f0b7031a78a,0.054732934313991684
bf57f1265cfe2fc2,0.07596199770265988
468b54d83b570a50,0.06053769113710069
134c07b69f25f030,0.10097512846607477
2cfa14158d7d3661,0.1070097360750006
a87b1a98b2c48b05,0.07569966897339754
c0bed62168e9892d,0.11258304047142882
fc44e0d5137363f1,0.07622125047895485
1247308f81ebf41c,0.034778387480158636
083caac4b6cb4eba,0.12310825498618698
a9d470ae3ce0af34,0.03534879973746434
935c423d001e7dda,0.06613979499652807
d096b8795c71a6e2,0.17120325673811373
2acc0dd1e03e59b3,0.08694050838056655
bdba30d6e4c5095a,0.0779233845422323
57b0ac86659a9329,0.11979021761752724
23d831dd1ba487be,0.041220425508040066
628b14a47b392334,0.13762581191800624
76a400c7177ea365,0.06971195020367164
86ab9bf8f20612b3,0.08814855474467402
fb26e948e7444ee8,0.14014117955692443
367ec7e6bfbfc6a1,0.209308536629084
efb297fa666f7cca,0.15854784777750833
0a0f715a63ed4738,0.0855661730537229
00b759c30fbbcbd4,0.16937130827960142
4c133deea22458f5,0.17249703657176174
b354cc89789a3136,0.11253224913258275
f3595bdad2050118,0.0589843314790681
2171a4f574746f33,0.10266232508761364
ce89301fff62a739,0.05147288816025678
f4786178a6026169,0.08596969465160464
e1db1fa3be2d2bde,0.10404325758529805
05b896a0d6b00e98,0.027644607775139895
89658e4ea0b49c47,0.16149695840135167
db78c841ae5796ca,0.06435867504406922
6af4698b636d1c84,0.07859702196322609
be3f82b0567a0962,0.057698312661268576
1dbeb642447425a9,0.040029853118740306
eec325cdb9dc0154,0.11476112479550439
cab58c1297ee8294,0.09092968130610708
97e9bafef493dc0c,0.06718520360456837
c738edb5352110f8,0.06936654633861923
fe298587b58a6ac7,0.17138131591694672
b01b2bff457f7030,0.07058531163705238
599065c0cda14c65,0.13851601245890963
feb91e47c3d327b0,0.07762455345857922
1b0d5c427077f7e9,0.09871244830220349
6c1338d0338c0bca,0.15055253813939884
aec29f6d68d9e001,0.04188796531646608
c6567adae6722bc2,0.11523145821875257
c6e04efe9811e16f,0.05675524352484349
eb86688c957ec913,0.10235168892394397
a450a6576dc20dbd,0.08974702330475366
b700f2322066f731,0.17514128510352922
a4302475b7326abd,0.16433173831177114
af5f8038b513a4c1,0.07928748725492836
0d73ab8c4cb1fa9d,0.17784221969246272
8ca59ee3a85773df,0.05291231031159421
e3f7ceafab0856f5,0.055835830528071284
2445f30cdcdf58f8,0.11061340087562936
23b0f57c015407cb,0.05458947991981771
2750f1a3f3525b16,0.0487594775302309
4d1502e6806c5f5f,0.07512496005582626
9cd2cc7d553443cf,0.07877819511779115
5e314b952cc18869,0.07141455850834567
e8851ddb49233587,0.15339906820897123
6339c240bbb14c01,0.08061377535365426
196ca6bac51b24e0,0.13738492580772146
ff664b7817ef187d,0.03663402031194276
1f50f2cb8e01a9d2,0.09553130948726911
f655a99b43cc6c6f,0.046426044960539224
2dc6d88fd87d67db,0.08346237021340785
b61c9fd4a46a6bff,0.03381756384682478
478a862e9bd10007,0.0936658945547546
0b9c9bb9e3bd1c5c,0.05867936739260138
8ba72175f80e2cb8,0.08147677704436916
80bd1c42bca86409,0.09206076538065211
ee7025a20728385f,0.08348856254085552
a94a734822cd1066,0.08160991500120306
9e445d829547acdf,0.09570237527192223
d08fa8b4d19b0300,0.15314748866952838
8ef8adecee83165a,0.14633493945224066
476933f8311d441a,0.1216628771667671
fd9f323abdfccd58,0.07859687837313015
fde943f5062e49d2,0.13814601672617163
32e1723a53483290,0.07594581294092301
3189ae9ce5829fb1,0.1596888857892027
a691ae869c7c7c20,0.182764598116721
aec6a61870dceefa,0.09020911855183128
301339e42c2fd935,0.10628367421809369
33bdb599f03ad3cc,0.042076369631656396
ef958079692354ec,0.26732806376403867
6b9de167c2e2a382,0.12160598082096306
81a3aaebe87a402c,0.06265383828067639
78734bb73a549d35,0.10835273594138013
801a31247ebc0426,0.10227700006058123
703c72ed057e80ad,0.14918360564598834
d512ce41ff14126d,0.04553835592317668
b14adfc6f2de5274,0.09489147253863801
3ffc252e11d8a5c7,0.05882755056076011
dd94c4e414636803,0.07591340744226997
089a1dca65e44b84,0.09021751304001673
95e32e732db3ccdb,0.0714740085629509
aca38e8f736ef297,0.03380626322370021
78b2b40abd748fc2,0.1232084282813868
2595c73b081498d2,0.04721154440999147
4821901eb98463cf,0.12689796149215002
81f36fdaf2813666,0.046223636538692825
1e80444ce87788eb,0.11718240777581757
47c976d0b2db324a,0.03836402241425749
76e7956f7212a4d7,0.05774198487261752
2f42d37419bdab8f,0.2037620101245444
460717034c7c127a,0.15905004459260932
f46b154a36f88b49,0.10980443186102096
af4a2f1334861acc,0.16382144721277722
cf562fd6a1ec6763,0.1068720143152586
a58fda4597ded16e,0.08491747335744004
7c5b545797c724f6,0.15359253202091597
cd2d2cade053f8e7,0.14463627269791238
0d42478d5f847ddc,0.03877619445349358
fcdbc1ca107a390e,0.14938801026709814
4a6cd78198d5a5ce,0.1506079981475684
13c39c2f8d3cd810,0.03671167457374397
c79d8a5d80e7f04c,0.0416663123783532
51a701717aef4136,0.1918152856154014
4e8d630667c21f23,0.1059330631778987
9b8e9dc382061f91,0.06817586645405177
fddd94710360c28b,0.09025949951209879
2c33fa5f3f2d5e24,0.04711057498237711
3ca87064dc34dde6,0.12019331980085217
c9d8edd3fb7bf971,0.09244746787878966
d582a1a34b5b977c,0.18979057720957024
2fd593bbcde3caa3,0.15411230642037935
d2f2308d5fd09adb,0.05759544732212507
dc6fdbb3f28f8f2f,0.12863685172330222
ba8e32a15085aa3a,0.12418115115731909
3ecab659633b8be1,0.15925003629560686
80f14a6b7deb5266,0.07786783241333106
6809016a071b3b5e,0.14482349646150036
d26156516af475ee,0.08480188005588107
7946e76f5438edcc,0.12504462673106417
b11ee2ead8527494,0.1280958089134764
03e49d963acfe851,0.06735029868169277
4a3e2db752cc071f,0.19850830635278058
6e5157888073a37b,0.14913971469968676
1f7bd653103f1863,0.08991283144056124
5cc0f066c9d8a28c,0.12449178868985648
61240fe8a4dc9a2d,0.0870818256415787
ab6cae9885409088,0.23289642606632519
c4e40432b0ffcfda,0.12056927431189639
1f7fbe6992fe8f33,0.10870980183471142
94953e6bc4d48c7a,0.08883644378930637
e1f4fd779b279dca,0.16755024676349917
38ccb655faf1cbcc,0.060622257888700314
dcc976ac3a08e676,0.03633755328235946
8a586d58683ab8fd,0.1429319995048451
9d1f98568599273a,0.03896816007333641
f5a4bf16401623fa,0.17046384198783274
42c6f25951f7db7b,0.06816684205047192
673b99f498fb7880,0.0925207407437742
e4f2c6820273bf2b,0.18429805955534398
8e7d37f34a1f3efa,0.17657390021769684
ec4bdd78abd81c4d,0.11067184775802442
a15343296b9f6f42,0.13079905630747565
dd76563555eb67b5,0.13936366301904568
3ce8de8291ffa6a6,0.17858510562555505
1d036919bb298ab6,0.06140222980287858
9579b233e83fe284,0.05261579531555743
be5c561435858f1c,0.1985216028178229
5cf1d9bf22b73559,0.15561466890301126
d5e3e7616edfb5bc,0.04668533226253213
ad00da3aa56f4d7b,0.054940274561522055
0ccceb1154debc59,0.12788488758784866
8e2c8545bf82cc60,0.1807586639913603
d62e1e8938e1c97a,0.20164098498172453
a8dc86e602a746d3,0.27969560511085206
c4329a7f54415286,0.08760641759361104
04ec4184a6a2f40e,0.12413755733997954
a8874aa6ff7ddd20,0.07436538501404712
c9a607048a5bc5dc,0.161957264172387
002c27108f6666f6,0.08100155744005773
e4f6a20915cb1601,0.06876040999558551
bb014c28cd6924bc,0.12485985167551228
196e2f507f594bbd,0.06673700580534826
9f1be9fcf021fb5b,0.04462799329852202
9391d5f366da4c40,0.13541478189285164
3453a5ca3d904777,0.09114042465011785
686ba22e52de9068,0.05780522721947886
3553eafc050e9c0b,0.1270537763688432
edab086e1fc56c68,0.17169123359956096
d79a009be9287b82,0.10202107139642363
b86e1b1f8503684e,0.13326445693211178
9ad70763cc07c36c,0.17160856967795368
419885390abac7a1,0.03598034321900889
70bb28465e350bba,0.15999576803682852
d2fe3be15c7a040c,0.10781387939877153
df051580b1fd88ae,0.05833553531580438
799dbb3bc5de0bff,0.13224377382606153
c18575ea64f02a42,0.17367141667997965
bc265e458d29169e,0.1621197424677843
d59c94219a63b100,0.1614771539956866
0b79c6776df906c4,0.12395501750298006
1bbd089c39955fe1,0.08126437224757606
e07ee63645347087,0.0986271826021961
6795923abfe3b196,0.22864400401727425
f23bdf1e94c91124,0.07358605906287066
a1fbaeecebb55865,0.044215520231561334
bc95d3915a49249a,0.08825139850819937
c565efbb2d18144b,0.17425361124274422
321866d63b3b1b00,0.1412264545593337
50ef5d8288aabf7e,0.06335358059018063
3948549457628975,0.15456890245286461
b958074c10bc601c,0.07801323011150404
f075bd7b8efbf058,0.1076900782185643
f05a42508ffff350,0.14529612276137835
3c1c900935bc3285,0.04364241059624289
cba59c1afecb3734,0.10286417865591975
013e1691ae9f7898,0.04445332793700115
ff4fafab1f01bf0d,0.15690116698806725
16a52132c026c176,0.07278907741126754
7e6dc3264a60f3c6,0.048293435250561643
fde7be20171bb23d,0.04156064389991678
4709ae8a61f423da,0.13828808125103612
f2f7edc4fdecd842,0.03334313301120447
81421fdc47bf7d1e,0.09796954080295366
e130b6363bcbe974,0.054804516360274946
8b5dc994eb4224ef,0.07538095399636473
ced09e40d6cdb2ec,0.06578422148410845
b65873d2d6509482,0.0738177965734228
d663eee7b55b1c09,0.06494500519747892
e8ac634318c1c070,0.1290173463681851
9861a481912689da,0.04475381975254522
c170f4b630a3b239,0.32454388702156134
31f66aa5ebaf2ad8,0.130937094000405
31bc47bb1448c433,0.0457162183431104
79eacc58c9cd0f29,0.19021269007485184
32cb3b1b23ea545b,0.06989494694084408
89357b6904f7d6ab,0.09114390317286837
0d9d1cf89bcda082,0.1532765479146531
7c15e3fb5080a6af,0.07509446526494075
a8580d9f4b1f100b,0.243322022640004
ba1c0d81b8bfcda3,0.07903883112321405
d5c76d632f469288,0.17834379683170384
4faeee72bb8b4acc,0.06292371361823575
10875f7f7d53acdc,0.06314189270105386
3fb5a4da63283ba6,0.17413866472723302
6551e600570cb09a,0.17538359735704265
6b4949612595764e,0.06519270771873399
d45b6491898d0fdc,0.06747595176976752
0c40fcc6d696a66c,0.08482411897895796
74607a92b5ef932a,0.05382979995470755
e7bf586ef35ff70a,0.06251086866752283
65e0da070f27aa66,0.060889271768889676
38a09fd79a425aac,0.08847459683591154
aed136202b0b58d4,0.0768988667437583
5f5b7b68b01d1299,0.31104405163484733
cc5db835afffd307,0.07727704448355703
d8842b37f5416b48,0.10087854283443314
d8aee4335af252d3,0.0696898025562969
00494862dd9b9e04,0.10404356277268896
95d5441c82b1c46c,0.2408724680979335
c6e492bd428631d5,0.07685745945351057
598200ada2678880,0.1947468615762936
8094f4dc74add0aa,0.05283978670125652
6831a0024a1dd23a,0.042360177993950275
d56926e610462f66,0.05987883191567036
bbe39148bfc2e434,0.1513296698828277
1a07a83f589de802,0.1058344440110035
8210d5a233d3d65f,0.03418967365067529
ef4e598f566c9558,0.07506708155727716
c02b919584ea5cd9,0.055010895035339326
68bc1f08eb5258a7,0.17376390857320043
d57a9ae04f68912b,0.12002805726702975
fa41a48959374ae3,0.06194849981531303
5e725dcb74b4e75e,0.05892122553645066
121dbf76a9cf73a8,0.16899575525042865
a2383e552a5f2313,0.05059961909707251
378738808b201e0f,0.0772189178489719
9642ee1e267eee82,0.09156019362745303
e55cdf82fcc57177,0.07471581090229133
2103c3d1e5063e3d,0.05373586922829401
02004dc8e2729e0a,0.07597639631937043
95ae4af4bade5009,0.08057774398296998
8a4e103c92d62a5e,0.15618942215074771
c4414b2ee31b7e94,0.08617857457314766
0866387e16259486,0.11271156680106882
f0b7e616767a0197,0.0866274586654943
a86d2f80a3468f5f,0.07457488814325351
691f9a97e9645bce,0.04124544231741611
2f2e7662f26d0933,0.06789193343600532
72cbdcef4a6b4f07,0.1262870692357296
3ca15eac9b7ce8d7,0.13406397445375573
d9f713c872a26c76,0.10988199302049535
38c5cae3c23f24a9,0.06220030948554828
80e12c9a6e625e7a,0.16237929001912257
78211c4fb5585628,0.15660799425238173
59e71eb2f5c7c432,0.14132128788459639
b7abc4b3e6ff0e3c,0.04233594232592097
42eaa77ee15f2ca3,0.03550453654839362
bb8ed5a0931148f7,0.05150777223308515
2ca7468532706e2e,0.06681347991484954
98791c70677eb76c,0.10628106668721993
e7ec6ff3f296ed38,0.066733805251019
7845f67130f900d3,0.11935593430461876
fcec4d0ce44eda40,0.10962287340562331
0ac91fd23085433d,0.13525073036830526
ff61891d90f930cb,0.07093593181923358
41fb4a2210a6066c,0.1363389184382109
4c7ebaf834966e32,0.03895609031548874
81aef88d712fdd5b,0.09073618119400549
36b0ae34db90ecd7,0.18325260028814971
72fff2ad28f42426,0.11723301851782948
717207649c078f67,0.05475033642728158
925d6e357d7ec158,0.15183930631527404
effe2d48627efbe4,0.0864922093336367
0577c43390d4bf43,0.3671638428774586
546cd9bb6f2ba820,0.07774212227013742
8a47c92c6443e7e9,0.13241064563088387
bc9467bdc8642922,0.07815467901405211
af91160b63f1bc90,0.16979274443506664
464ea9bea5384944,0.11705784563750776
b838b4792a3c540a,0.09848545023233372
11fd6e717c95ce29,0.13132349448391248
b1e2e5a1c0f42f8f,0.09881262024858761
222e74272be1ccd2,0.07707610440125183
21a85a0b474e45d8,0.09962522286924248
5c5c76ce21ac9a03,0.043427174661774176
98c3f3c5243d4fc6,0.051480754505703025
745be7354fe05a2c,0.039172730855088836
ebf17df229daa6aa,0.10486754058166843
14929f1035ed296c,0.18668441671033809
af1bc354186d653b,0.03578221574685831
88e44f6549d78a5c,0.046662347730201996
1a5119861af7675c,0.05271548506352932
4675a1f396e095ac,0.12622571520258805
306fd63061172f24,0.03500411454457545
68fb9067ffff02de,0.14890308747106187
93665736b22ae558,0.0794494270976091
2f3252e131fb28c1,0.11922392429779834
a90bb7ef537f3ccc,0.10348168878398754
f8c47e6a1ab0bf1f,0.10625194974084647
7f335ac0ff549013,0.05703874502993237
e9c7c37b6584e68a,0.0545873565082671
e2f8c99b54c930c0,0.040577186981649416
4f0ffae34b450b85,0.1257362520309859
94e27d2dbdf9010f,0.1747709639442995
db05b31fda1c2b1b,0.10511766440609492
af64ad7d713d5a93,0.10206587101239602
4d1462da71b0efa9,0.05463889998803372
04fbab7984c52c30,0.14744567481231685
c01a62e78e6d8a2c,0.1053150433810452
74f8579fc40b2d7b,0.05731110775295647
0eb2d3b71cf2b61a,0.14164529450177535
57788504ce4c82b2,0.13090268244539527
9e7dfd444a9f30e7,0.09640989108112714
0cd8b38e5a4b74cf,0.07201352044228913
e8c1c982ff8a6704,0.08468329320239198
36bfe943ee63fe65,0.08862477644033873
998d9f62a717ccd1,0.04219773106621102
8069d4397377adbc,0.05028676866976602
ba8f312910226da5,0.15530027298334673
37faa0207a18eb20,0.1416771370220972
c16962d752780184,0.18999898618884878
f1d62e28f903e96c,0.10174842857356559
8cab416d1f2bc624,0.13647725435825794
b791af74c95ffa06,0.21535288172683634
05b113e465a98080,0.08125374730679683
b17d9630e851487a,0.09496349281983461
92981268f9d56f38,0.13970956197363646
76775e095989aebc,0.03637193911056449
a07f4266c4b1cb5a,0.056505928425544104
7b5b1f94772d1b60,0.05654868072912759
4f8ef604a40bca4d,0.06559278628811732
673f3a4c0bd90267,0.05981277812345178
58139d3ae9373ae0,0.14970029038256097
c24d1452d22e8db4,0.10654318582283635
441d9763fdc1b0df,0.17076125560707653
d2987a3199c1109d,0.12205374761893235
cab99a91ac2562ca,0.13707503871111965
df1222f0cc1e08bf,0.10586346274808495
bdb610f14d1f9c0a,0.04750709102967554
d63652d83092f4cc,0.04927981548450825
dc121e137a206780,0.08450657581586651
e5fde6a720ffea60,0.05485754213917136
52f7118d77a951d2,0.05165452396012943
1b60cd7738483c77,0.13317160789552238
c7ef81c5ec66b855,0.21460680486695471
42a4005911b6abb2,0.17161745116402805
926e4ef2979d43ba,0.04758477687559015
936393261928dd44,0.11060345402805016
90b3943086a67cf1,0.08135306029152768
80b6c2497708cc79,0.10120232212995021
dc880492a16f61a0,0.09562713903590743
363fa6d193ea1791,0.060951828849437846
11443cec444ffbdd,0.197704866460254
174e280d8c42163e,0.1560541220192826
d7fddec00bcd1345,0.0950061227980798
2f2a0292483de945,0.22517228155166535
2638757dc8ccf105,0.04335794703830679
af967b1ba12837c7,0.082700084532333
6cf0ebd8925305ad,0.1758831520886046
0307e7dd94f223c0,0.04068865994367896
d86f818a421d896a,0.1548362541715376
95c76aa135d94e8b,0.05167221994846082
dfb2dc72331615e7,0.15278003713048588
b488c877787792d6,0.09011637156120568
5864514fce7556aa,0.10805040398164167
7db51b9dfaa6c3be,0.04058903383396222
475afd5ca8082909,0.11025887116334458
aef3fd34396adfe2,0.04555094421108228
e93ef7b1eb85a270,0.07944702627937504
e643f5e629c7ab40,0.03519784255102048
e9234451a7ebfa5b,0.11184181402365863
e8b95693607a1af6,0.1912915733576699
362e59ee5f24ba56,0.09590682659658788
760d3c489cbc2365,0.05967790468615113
cdc43a10fec587b7,0.1711492346575326
436bfce1b2e96ebc,0.14511804842848366
8364b88b9aee50f6,0.11348305811935594
49b33a422ea5bc22,0.20772707623751577
7c87edf2fa4449ce,0.029069907435061687
ae4d87302f77418e,0.06774753510769092
80504f5553a663cd,0.06266423115490842
285102ab56c81c9a,0.101338100423028
ce75929520b6600d,0.17192489594315252
90e157fa590bed49,0.178921824511186
72308a9b8ed351ac,0.14430988716546983
67da97f4bf5a43aa,0.04863353689279424
7a2c3503f50e758b,0.12090215860725999
7c277b093ca6e70a,0.042839938218281914
e17cdb698e7793a0,0.10007108327239948
304f33ed70c9905c,0.11548352889897007
f671940234873df5,0.13838572969743734
4c60ff51f1a98ddb,0.07071949909262286
357333ab581b26a4,0.09529199610035168
c12b50c410a56d62,0.04235853266037364
280ee73ea3f9a150,0.10196859632261905
9794f61f2b35c374,0.05198079527396765
99bef954535737b8,0.15683339572471774
164deb1fbf6d3d15,0.09452250727410645
17f64dfc919c257d,0.06367950646851943
177f1a78be284fe4,0.07533945326813578
6575a6e55c3aa52b,0.12756012705734487
e1ceb3cf89c78b04,0.08551863401823699
2787d14ba4491e60,0.09957463356204348
47283a11f402ab9e,0.11427306485210172
3e13ab75e759c66d,0.14850265625429807
565632830f202280,0.1130139352553816
c60dd36532e24523,0.12495025806350651
1bbb760f70ac35fd,0.058451271346867895
5952ee73f64f8e8d,0.09899391456387496
0d2e12deb5dc05bb,0.08921973549230466
93cf50cff9e70197,0.12563368613857437
71a0f1d3a79f9279,0.0905146441236262
ff1b97bfbc1de495,0.14114207758777028
152d66dccd700ae2,0.13131577026798544
af9475d72cb09bff,0.07461252152406884
50c6ae4f3f0c520f,0.13300330765494275
53277c274f93827c,0.1320494373649264
65c28bc2a138b604,0.14999267201935831
ab3f36de97ff5288,0.041601087536127325
6e673b3e05a86556,0.04554837789181393
29ade739f5ac47ef,0.11121738961643907
d6c96030b8564b06,0.11210328262034115
5ffe88ee98e246bd,0.03756558807221048
b75847a46dbc7758,0.05877840399446113
fd4f072e7db648e2,0.16776934350069259
3b600a791eee47c3,0.10096334340802234
3205c60644f3310a,0.05558450372685555
37edd7d198365da8,0.20803966916114724
4aed77bb42b6c35b,0.03723932535933824
70b9c5d2c47a6231,0.1424781080002887
5aee71b30cf4e773,0.035987351622304715
3b6034955fe901a7,0.03991036084546312
53f7e37ad065a1ff,0.12752322074041555
8249af221f0dfc62,0.07697097635415187
4a798f098b3ac80e,0.14567193289963834
7859a3365dc11f7e,0.13085286454313289
0d6ab61f58e22d8b,0.07221263933160797
d90f47b845ad8044,0.11140013529751834
908f76b67c5d77d6,0.07861566095479045
2e13d0c9efbac24d,0.09300338564159039
fbd3509fdc1e2fe3,0.04635365046155104
d0c07aa05dbee8c0,0.06038918039085476
e2066400c0c997d5,0.12563648754192833
9d002016fad484c4,0.3244370895143041
18105a09ff042e04,0.08353752883499627
97dbf62f03867f4e,0.0923144618792554
008e7b56ab9053c6,0.18696503822044422
e382e61b69858e84,0.037640082328315436
a02b2c12a9b232a6,0.0714329868558279
5d4eefc602f1a815,0.11514160851039133
8c8faef5bff7b3c9,0.04776459371934572
8ea4fb1f9e66fa76,0.039282249152634126
22a32bb8f8bde6fe,0.14142892376603833
6a655866f90d61e3,0.11470023523104604
b15548596622ebdc,0.046934981519439034
e6426b5a54e4a972,0.1355547190009169
2bb1ea15970a2de4,0.049670361960749976
5b2c1fc3ca8dca34,0.046557990149434465
b26bc3d1078e5a5f,0.060745117373849515
9db2f38d40ccfed4,0.06625240472560033
8481c054b0537a7b,0.13837854808232566
c4016925a614e39a,0.10835584311044415
a6145b00b87ffbfc,0.21075575615064734
856c1f1b7a16dccc,0.04018526039433399
5db9aa657576b123,0.03687622569375326
e6c91e69fe022b81,0.31941431846691765
18323213899682a7,0.043259314803635096
84aeda77a9eaf7a8,0.11015236347662961
60aa7eb39a1066d5,0.15998995417912618
011908fe41b2ead8,0.20815681795259833
95a236faf4cbd0c8,0.11924330650668824
c58d93928c4b43a9,0.04444068070155551
e3d5116d0ddea646,0.14917029768258466
3d33771711b587e9,0.13382859649101422
ca902179e21ff302,0.13456374070889066
4b2142ee3d149d15,0.0812510108198546
d78803f699e1394d,0.11955870767622895
ef2d9881a6438977,0.03741276037454309
3b5fc032ae2a290c,0.06947954740725674
9d5473cf79999f4a,0.10699104789496335
9aefa72a94558b66,0.11279093249387824
78cc36a16e5afd3f,0.07832339893167782
0628d45dc33a5639,0.13551040666530104
bc63ee6da23c5dc0,0.1733766968717402
5a69761001b7342a,0.08902567130525858
f5384c1b33a306d5,0.05607264425247115
9f4fb39fb6e8b6a8,0.13576365381542843
f7787ed37e4b9d05,0.13361703856054283
eecdd457b6c7edb2,0.15619834564241133
f36c01f2f7fefef6,0.14496207166510874
abe3d414c510a7dd,0.09498353143484546
d1f7dc9b905e0fb1,0.05288736938987417
a97c23cf1c8d474e,0.09209211228506331
fa77ebf418dd2361,0.04721720620894485
4fa91df3f09b649a,0.14838678891943158
4c40bd5075d26ea1,0.1700801158247891
559cb0c10ea413cf,0.11182575662320232
b07714f5d0a305a3,0.1319225224713916
ac26d06332fffb35,0.058316983824519365
f3a18a7976f15c5b,0.061200199482720624
bd610a8daf3173f8,0.033452862524332404
b4db2ea448a373cd,0.04650723040237051
a9e601aca0377220,0.14306751937530002
7580e5af192dbd01,0.21969817336189026
3b50e09f1d1584b8,0.1089692770827012
e752099897ef3c84,0.03917433739678427
9e556374eb31bdcc,0.08648938987024063
09bf3001382d4d51,0.05458086405291621
ac4f9d21db6d0551,0.08906540548954657
bab162c780dd5d3c,0.08677469386243936
1ac05275c95e2b9b,0.05356999306173265
ba53d76ac3815303,0.1299425556566316
731194026ddc8a00,0.16013372649568766
565ccf55ce0f19b3,0.05693775524995472
c610846e274513ff,0.08829972728920192
4f2f55e6f8f022f8,0.08332839633094148
171594c12d4f22c7,0.034216076081312156
fd9a29be83f07915,0.06078241286557937
0e69e13d2585552f,0.21629812782994598
8458a25c7d299656,0.06953125000321918
36510a7e2e8cf5e6,0.14177205315456534
4c689c2ab0b1e458,0.21572504079531937
bbbb01b896a60659,0.08101686858903277
95a6091ed902a1c0,0.09361887013159882
226f1fdbdf45c3f3,0.06013934292985847
b3776535f92034c1,0.0486988426219564
e136a41bbd9d2ebb,0.14870663460241038
2acab7498f95984e,0.05473460051920311
5a97d6bb500166e9,0.0890423448556515
53ad75887ce27a2f,0.046820462255660424
4bbccacfaab6a76f,0.10806005005560242
8d5dbeff654a20b3,0.039069815773659394
885918cc4b58a92d,0.09920872171488909
c33b954ec9e9d53a,0.04921706293567912
c73aa72e6960366b,0.10073018771064625
28c265c8e738031b,0.17653099153801266
16f59244fa16b9c5,0.13360478942409623
ab1bbd20f2288ef0,0.06185491660024197
21ce9f486720b00d,0.11131746817544984
ea98936cd5a062ef,0.10485301598491292
092b99905affadc7,0.1338902269311444
f8a1935cbff0e3e2,0.11129603541998041
557ff2105e2227eb,0.040484787521354516
e28b4c1e7eede953,0.046087390518486294
afcd2875196e3514,0.11187356820572529
622d0c5c885e5d67,0.09942721135293463
5ab123deb8c8e0b9,0.14410258081257746
d70f7077ffdc3675,0.10448974853342902
ec0e23575480409a,0.11393676681305197
c42b1312f2466d13,0.06937932460958722
58f7c9cedf508963,0.23986780045673028
483a6a2fc6820e34,0.0626418383153123
9a410bdaf99ab250,0.1600494516771557
27d8448c7743312d,0.11623690944170006
d22510648b60b80f,0.8674093440210499
cf71cc1d5beaf427,0.16311179767257541
b16d96c422e7686d,0.13764727987271572
f3bb00d62eddf347,0.04880920245090814
e7ad214e8e1b87e3,0.10982244371122701
a149a81fa46121c8,0.057432316321947154
954ac0304d013ceb,0.15184861966733035
5fb61c8caa291bb7,0.056664831916669156
b3e6b65c022e07a8,0.13914792376648388
014590f5ad393d98,0.08286483438276536
fd3098a48d0565da,0.028440261206589473
597dfb91140f7a43,0.04450127520299411
29c72ad86d92588c,0.043253571116227685
46403e8726688e63,0.03873738229284503
586f9bad93615a9e,0.2095577166370938
518268ad7eaad020,0.07970179956916597
eb68006674ff7853,0.11058968614111697
829bf94f3c7511b9,0.0889905392442474
472338feab38fd63,0.04114713269198997
e2eb7c00452da3bf,0.08840247879372055
264d5eac0a3db4c1,0.12132665567276602
5dd40ed8f6931f40,0.0997811012945989
ea07294f7b9321f6,0.08276397651074756
800d5b199211d908,0.045755603756463904
c26171ff73291cde,0.15355902488959075
9b039401395029d1,0.060557569363851226
149773fc93e82e0b,0.16680283422824901
377962b226c4354c,0.0675351944700564
b33ace47f8c9cce3,0.044076943830243014
5898aee0357167ae,0.06319356893366641
5011475bc46160b0,0.058796910850206156
49403fb05b28bdc1,0.14793729305592992
d64f9b8328cadfcf,0.1437486775869116
8347b5a18bb84a35,0.07444974740142746
a72c9158377598af,0.0780906316903296
346932f67e7d808f,0.12028502165684313
e4962aaff0cf97fc,0.13986748579797634
d63549a6e599cc24,0.035971009616053644
d013eaf626e99575,0.10284689049533069
a7c0072db3d224b7,0.11732874756239309
b87493b15c6b1e21,0.07879469982642867
cd6d6ab0bf1601eb,0.0927855693110392
fc7b0d78438f45bc,0.1137482431571329
b53e88867e63ec5f,0.09482790902706856
1e1e7de7f17a14fe,0.08570699935152888
fff1df28cf047de8,0.07733330791626997
9a4279b8c94a438c,0.04147086435724018
d1a19d29c2aa4b9a,0.1313772099799917
ea65ca7ec57132e3,0.12013171474959566
35cc6e8b29ac28d6,0.21119897702982535
35cebb20cef64701,0.14250816311103812
03c27c6fa94b88b1,0.04552358201631738
654a7847a4c3d0a9,0.20048608554560066
d82da976d107c4ef,0.17517972248552197
0f7cdda5aab7cb9b,0.09089637733165969
511e61b096246922,0.07044847500806108
9bd56be8ba9524b8,0.15529394560681356
08980e1d210b6aa6,0.1188415437797762
c84430f350b3a159,0.08497442858320414
152edc8f6b8762bb,0.143854002491715
a4a8682aa22552a5,0.11765923154993292
5448387d25232e4f,0.0374313186171752
86b5af3c99c2229f,0.04329315421329608
a243c84e17ad5313,0.11113851823746422
1cd4111d9e2c14af,0.03853914983342069
d6596bfbfd4cc049,0.15196512729065606
5f6669357f9d2602,0.13863885148560076
8ce4d3415fe4440d,0.10333398710537804
b7804e0aef5425ac,0.04537805115031923
a68ac8503924dfd3,0.14435525804340926
0ee54a169cddc5a0,0.07447258817878698
91e67962d58a2196,0.09054447097003772
337f92313341198c,0.08683724883549661
62fdb17735fc24f2,0.06921661866196341
32070e417cceeade,0.09707463200578965
d10e86cc3232dbc9,0.19314911135210688
9e379ff80b817265,0.15727552416135043
cfff3503c56dab5b,0.03905163021489938
9f21d3f021ded79b,0.0594276832486171
5fe69ac7610324ba,0.10304062039374025
fda80e0f061a2a2b,0.10074179892530429
e5f50a39b4e83fe7,0.12227231451986119
b7ac8ea60b369ad0,0.0490876200355147
f4aefa9fc2e0d241,0.20032304358258976
0f32bcb05a22709a,0.12473636063623657
13334ae771ee01a2,0.11415077210963813
d2596a53564c0b21,0.08376215052417453
1a90578444c1c9a4,0.06611716329898244
38767f6c13ad1bfc,0.09119980471697753
8d312d36ba150056,0.06166391836412823
c4e9fb7cce4bc726,0.09845461196432205
9ff220beebc71a5e,0.04691893642379582
24bb5e20d933da44,0.10203640146840576
42f6ebdc63da37de,0.10764034745533975
39f065a3b51d8011,0.04777695029195731
adfccf4de2f8f9e4,0.07525495363650553
bb73756443a5eee4,0.08535612372940012
0d9c7ad016175e4c,0.09709421417693809
01d6dee3fee929b0,0.04549636074533722
4c94ce26b7eb0794,0.12405153600748642
184edb2637a41d50,0.0807126477888603
b14c8ed6d2ad7039,0.03713271710199725
efdd1d7495765245,0.054168192952437515
affe3b0f590fae77,0.16345102725695712
3edd7de677b91b05,0.10934987318497141
ba9e4528463c5dbd,0.0827438922269821
8be8330f2029f548,0.06936546483670307
df6e6d77a02918af,0.06640989820433797
33d9746c24d2c070,0.10054126209914867
e51c785618029ad1,0.1509193504085433
d53ca1e375f1420d,0.1298644849570041
d4133e84363708fa,0.15046818544774535
094a4df459f84f9c,0.05159039071106653
c95b97cbc9622e38,0.05138697476074028
8a243d50081a0a41,0.1342095496169318
f6f2fd05daf66b4d,0.05124222225194202
3b5e52e54ed29ece,0.12318518379329801
144d292add5f41e9,0.11875293724602552
49aedb77fa2fb4fc,0.12368829781330894
81e5d80b657413b9,0.135407424851574
fb21fa126522b6e2,0.1024473398972281
3451b921fd37a93f,0.1308967695591081
e25080fc68263c8a,0.17987299527309142
64f0448c8bc4b1eb,0.0345637484779437
ed89496194aa19dc,0.08401896065147661
fb22f7c013b24779,0.12953270136147968
1590a07714e8a656,0.04290138620907741
54ae2ffdf139cc38,0.049376744215503164
96bf13f3fa835169,0.09694463071066717
559cc1345795571a,0.05937460117325447
325ad194b9f588f7,0.12170046004563789
13ff609306472199,0.136453074505851
3c87f31b6953fbbb,0.0368120340022779
2dd14f20786549ef,0.08805222329451408
be72fb5da729ec70,0.05045242343575446
dea2b01ff6868477,0.11540065982868686
c7ffc036c6fcf66f,0.12300904634930447
67b0cdefddff90ef,0.11850917217074974
eb949d7c7beb6354,0.1005346753617663
72dbbe8ab710128c,0.12146402610428686
fe50a3aa77d27195,0.0370461473275489
b7dea5f446a371e0,0.06768800568335735
3b6627fce4fa7c6e,0.0383285585863296
5766e8d8c783a487,0.1212949842590139
818813e68f11c85d,0.09840205383856776
4efd1ededeb6af5b,0.08405152050986316
7339d8d336c0728a,0.08501518909639623
5932b86b513569c7,0.11453330414942582
667e3c34655efebc,0.146142306647877
211cf2ea67620b3e,0.1605053282574413
73ddd41ae18acb03,0.06353078248031592
b7d7b9bb940bf7b0,0.15339900692073538
672de9994012beff,0.06584406048105779
1fcb989eab73caf4,0.035456018484316294
1a8eef4f4936cf0b,0.0712017789250713
181bfbae0ed5b503,0.028214490925623056
0144b06a9d5772ce,0.1779828847494965
a6d79b35c359d2ca,0.168482708690627
adb1f5a83ffc8956,0.16547798415019652
7fe7578307634c36,0.21980957927787856
ef916f6bd9bbf8f3,0.12893602471505028
261b4b9303f16955,0.1477505273887633
bdd3d57f2dcbf24e,0.04849347162217781
87478ecab9990b69,0.09151976194392274
00903281b49f7885,0.3093627894083207
faa54ef489380476,0.1586189434902929
afd67495e65ca43e,0.059755404939296375
3cfeab5f2a521bd7,0.2434510858189852
f889243e554a57b9,0.14307621651074345
1633226e5baee1a0,0.2250630752019249
09429539f12260dd,0.06810840110327503
4642f19a02b65fbc,0.05009593621187378
454379600a0d58ae,0.11585112850074947
806b67c9407deaf5,0.04126036602874855
64147a091385f1dd,0.05293129765342452
410684a9ca496c4c,0.05136453075332157
198aca03e558bad7,0.047431232069507424
19112c76b72e70ac,0.047989754234684386
33cdd595d6f64465,0.05424678577631481
b678efa350251d1a,0.19212626493908325
2773ef74c8379c3e,0.15151865161812908
21a85668c56f4a28,0.10510207426652884
ad44c67c941b730b,0.04880173818140259
afafaec6ed7cb894,0.13212116394485726
7b2afaaec11da7c6,0.09870888387950638
14f8df83cb5fb959,0.1321722804496893
2fa6287a9d075ec1,0.0841928253627906
a20301029a5e8b78,0.1283471511177817
64c226150b42ee5c,0.11555051782524828
7012b66ec38b6038,0.030703670755800324
334a43b3d7746442,0.1248946282143369
3e39b50358f01b64,0.11348191372953376
dd424dd258080c0f,0.09600094054357185
b6815449a050c02f,0.06979370548940862
786b0bb1d7a4dfb8,0.048953953057534895
bfadd1b4779947e6,0.17640200006972206
23bda92c60bb92e1,0.17401806070930662
20f374eb224e1a7c,0.04749407559915216
04bc6e2ce35edb4c,0.16135395520632292
f5fe2d58beb86d40,0.08657866059892616
203f3df885ff03b3,0.04281341873857189
ac5388e6680db6ba,0.04664917306437807
20a190db150bd0a2,0.07401888277802479
03b8f432ac8e3226,0.09779978354543639
800d13aa581dc05a,0.14103892858849074
32ad97494e39788e,0.15633432790511317
762f69f875d0a0a7,0.11850775000705067
7102288564065a58,0.14345974363745914
a244d35bd0a46b86,0.118600932993127
9fd85d10d8d80cd1,0.07537672480056497
cd37f417a290a412,0.1397858503431037
087a61efb373df95,0.057763412217407224
5cc1bb67fc9fa495,0.04015912700390375
38260167161be0f4,0.10708552428137141
377d6156aea5f7b3,0.13497107238151948
de73631ba462d9d8,0.036263912746128696
c6ad617675fc82bf,0.17298190314669126
53c0301b075c4edb,0.06262534722668447
d5d5bb7bc7475a6d,0.07512819675118633
2785f7c003032f79,0.08295345494624269
bacabfcb41e851d5,0.18289894617672978
930620d9c45cfc16,0.12538059868395315
a2253bc60bd26111,0.09716040387211629
48be98b0da47a60d,0.04309039892460029
4192611de72c647f,0.14929982373641373
0a3e55a0415cf1db,0.03185069408777181
94a41eaf6c166f8a,0.045514390474699816
65c588ff0e6a0940,0.11597595584981178
7316f0f5207cff7d,0.14855407101773846
fb48d6120d40241e,0.03441944093662538
83e835be4b7da5bf,0.06785306606774012
be007ff41dfe8e33,0.1760395869729905
ae762981ec3e2222,0.20165584634159836
9cde4da63a470364,0.07470741646395498
1e641e6a0e15cb0a,0.20105052468389706
f1e1bfceceaf5b3d,0.052038078182430975
b33a9dd2d6116451,0.10992103730873483
6a00f8682a96e6c2,0.07036429056924626
4889bb3fafff04a6,0.04042201283775623
d83965adda3948e8,0.14765524261219135
35ebd3eb17d43331,0.13082807492734103
4fddbddae3f8c321,0.05965062516110651
279f5d02ec1d4618,0.14373154657109677
18dc05e08437b19d,0.10241775923157692
fd5e41a3afe867c6,0.0826480155449585
4dfc9b4693d64425,0.11832361732706659
38efe84b2371909b,0.03499589881743009
d5ab3634461fbdba,0.11498056538814509
88ee52d04ccee47b,0.14735135061383137
311d0a7d1bc40182,0.08971776499972588
ca3eabbb86d9d394,0.11215660965656517
0839345320590491,0.07211660427962399
3166da0225b35bf6,0.10125827809367606
4fdcce92f68b7529,0.17024778916122849
4c0a03f188fa9938,0.0855164847985627
efd671b84d562241,0.04566277875841268
a1be96b06611a4a7,0.09123727691251304
7c15209ba7808ba2,0.14678266446091962
b4fb7e75679d28cb,0.17398468499393724
095adfc07a65ed27,0.08981767065738173
a19e6a028348c708,0.03350593166429405
bb5e510a6639b43f,0.12490687585336258
fcf27b9cd834eeab,0.04486974490506531
dd9e809656743e04,0.08635662879904153
9cf20fc9b8513a03,0.15845731277368202
d929256e10f5e94b,0.11113004401902647
c7372107d1356264,0.15563383209040807
fb002ae965e2435b,0.07698997796342526
891d7ae2edccb735,0.14377305650314923
33b3795f9d4a8ef6,0.0367038864112856
bd1c976bfd04983e,0.10828088757883576
22d26961eaf80875,0.19273582660894814
3267d0aa9600286c,0.1123073102832427
f85b98ab9c2071aa,0.04785742413633024
4b4c86d64f258caa,0.11231981566729198
af271d6d690a0b0b,0.04192776820863565
8b1bdd0f68e6ab19,0.05554177177460289
aca740ec2df56ecd,0.12811859460251132
66cae06936335046,0.12058915855890617
8aa96ed1f09b6e82,0.18899088618931562
fb089d648c0fd719,0.0843701019555101
b3b39f3310bed9f2,0.10127279087768533
4c9ddb6a1c08a7ae,0.035441437073498
8dafb6cdb58233f8,0.22866275699161318
8512f25e0995f115,0.13707460985427697
3e89b24f6780dfad,0.11115051605252084
811b5cd3d60f8f01,0.10498875250723531
8cecb78a9a20021d,0.06969860872284916
c726d19506a1a864,0.06473705131594094
bb71d5690f654fab,0.13241942206363294
01fddb547603eef0,0.09228464344644803
c6592de36f791128,0.07503311086535
ccde7fc6a8ec59a5,0.0675114660310143
ba6d1493e3a1c1ad,0.12944109565976603
7dfaf88276d52a5e,0.13858772605336286
c09d65931e21624b,0.16520145606344752
f9544a6dbd4caa2f,0.04140235168699167
b374ef23d5ca3b3c,0.09324099262209722
c51f8b67a66b5aa4,0.2512986854603568
4793cb7dc1d36c4d,0.13242192817612936
c4a77a4226cf0e3f,0.09272908678308371
11b46e06959d7824,0.16532141095148267
75083fbf03436018,0.12692299110673375
44cc96b7436e60fb,0.16049531742911588
9c78ab8c7f52b1ad,0.08325759823737196
27c3ba5b3d6374ec,0.05237045528408998
09bad77cec8a0ea7,0.10300656962734284
7e5eaee69f7e8e60,0.06557485207813933
9701beed4cb2fd40,0.04384723149451019
a886ee5f5e57d356,0.03089714289743381
43322ba6466f83ae,0.0834868675682177
39ac7a6c910dc826,0.08890241164157699
a7624810eab99b39,0.10305960460420349
27ce336c13dd7f0e,0.05753964152067617
35ec56371ec7bab3,0.12811010972974493
1033972a8d27b8f3,0.1603066288453379
246fdf152b78ea45,0.05090344224329721
67db089b7a0697c3,0.04761514707751391
51541de4865fee3b,0.08231802094137854
2e0ffa5c733d2a47,0.18441714619755978
c307a7a1d2e93ae9,0.1579680024295704
60775afc974d2192,0.0812398575758745
1af8370aec8adce1,0.1247119016375459
7adaed59e375f94a,0.07451166823489258
d3f971f17d9ab0d0,0.048910067854426496
f1eff57932ef0f4a,0.11554698365686016
b41ea8380984305d,0.1112088574516712
dac2137cd3aface7,0.13708649677724463
48da40bf199dedce,0.06418735969369721
2c36f80cd8d50da4,0.03937140182295368
e45c5c285ae25a13,0.11880427762689565
d57fa89c692abe6a,0.13779260673081495
0d5b889f910953e2,0.04517021275223698
a2bb73ef62a1fa41,0.14582860071971218
161e450caac64b0b,0.0749377649260179
870239c07fe84d59,0.1453899896663635
1a510d36c73a9190,0.09334987515921701
6365e056680facbe,0.09552780134355153
7e5efd56e82bc148,0.05558722662115117
8ddf8d226ddfa267,0.039906025151087106
aa2927ee663efd7e,0.0802972656326962
1969a71e6c309cce,0.079839271137673
33e3103e2045fa64,0.04562087446702786
79d3953d4c100b9d,0.20862660116045906
8a0bec565c237aae,0.08588359408029701
e7b2425696ad04e1,0.04650945574778705
1585c48da5187cc9,0.11711388126350948
b508d898d174eb05,0.13052468368640344
ae96ed3d88eb7aed,0.0590747693016662
3780b01a20d9aafc,0.12332437259143114
5d2ea0bc3f49f99f,0.11637575746308552
609566c49b16621d,0.043250921392290226
52a50658bfe832ee,0.0988208566000308
76655f684bc2518a,0.06677719661582567
507aa51e38d00459,0.07241791406852566
e7edc5fb783b818a,0.05236519843309486
3488c9b765c1219f,0.04648277075202153
60726ee6707bab89,0.16622621353508785
724b704c54783fd3,0.035766839373042404
23405c43202f489c,0.0676618644494517
0a275c8c3adc1e3b,0.05995970899631134
ad727a83295f79c1,0.1908280216557351
9fcd517a3727524e,0.09865133447251895
c1a15f34e5189a8f,0.08067763298571974
ee586308edeeb5fd,0.13202206356615886
61323c4c907b9667,0.16939365884757981
dc6ad9b2ea237556,0.23026962223553013
fc261535991f079a,0.0549102108830978
199f8696fe22e8f6,0.07167378738373617
80c803fed1e7b815,0.04226190002344996
b3645ff1881e6181,0.058605674180905704
f077bcf8ba579026,0.10704617739498383
c98984325495234b,0.08772531869654672
2b1acfb2885f0207,0.05617677535727831
58aea5fe94bdc9f0,0.08162136875191814
13ce2e76f9ac9797,0.1267211511857594
585b1ae5f2fdf9d8,0.1947619282240568
c02d00f3c935fac9,0.06849083835363058
961c1ecf22020dd7,0.09302349621579165
34a2c0730076cd51,0.15142650611094619
f08c72208c842a80,0.16749998694420806
3d0365b300b08d12,0.12687128006007864
7698d1646b1160a7,0.06357733370979303
46fe0812a4d6a0e5,0.07240543665502787
1992a8cfd9dcd0a4,0.15416996566754657
234824681fe92370,0.05319677014720783
66dae8fb83f01cda,0.05356816928563354
565a8741e734fb66,0.07460875903689067
85796d3a4623f1b4,0.05782093482263837
980c038df259aca4,0.04572003555427168
847d49fff22ffac8,0.17359833587265006
3ab579aad87803f2,0.03921705042945051
7c287939d256c04a,0.05778689638846799
9b56b63c1ce61e36,0.053004816083813265
2b2beb4ade849fe5,0.1324224162190478
ca97e3a639d0f212,0.07467642610028084
cdf0a515724936f7,0.07780779932374052
f0d9600d63271cb1,0.17508492997825562
61f6d6cd6e8ebecb,0.0897807933834125
66bb128d75c1a31d,0.10957025191213755
ff6ace3df2f93fd8,0.03539328535149692
174f6de5e6fd0ce6,0.158418993390152
f629016e686c93c7,0.1353378395890528
8a5cd96071aee653,0.0341250717642771
47a56fcce1a48c57,0.17218275471333774
bc218a229f6dd8a3,0.0723692981633317
6700a0d8cc03fd40,0.12170132200458184
bf07422782deaa4e,0.20905648552974154
67e5b268a06fc16c,0.05650102953194819
775246a31de87040,0.0847709339601191
a8c96679585190f7,0.044941937034095186
85e8b073ae9d6cb6,0.1304217417128559
8d783fa9a84a2016,0.19216714227276965
afa9ef8b36efca27,0.03848767315138928
292ad72f433b2ec4,0.06168254483228879
543a382acb950efa,0.06487897088352662
97eee667e12fac11,0.06667337491394996
f1594e042dbd4135,0.05231635315980381
c4acac79bfd54ae4,0.06974047018946765
f1bc5cee7cfbe74f,0.08752305175186696
25e346e1b0340347,0.09599987574818447
53b71602a81f5c52,0.09880289519678605
6d2d4b17736e595e,0.06813004798285303
f652427f39b6f10d,0.21378820184096833
1437d0c59eca00af,0.043356633436034915
d8980b5b1d68a4ee,0.13702273077824037
442b8a915014e871,0.11280903781977962
6a1e5bce20cbbd53,0.1680785638483724
ec75dfc7e578543f,0.041842192248195374
94cd35193b228a90,0.22603871839508458
15617a2281e76896,0.1175537020961707
ae22b29ad0d98702,0.055366486848698306
3e5ee530dd802ab2,0.07470335114745796
9304c1771978ab05,0.04355686018594277
635d5bab100147aa,0.07691953482640232
cf12cab6ff5fa6dc,0.10891077841179363
cc7ce49efd47f0a0,0.04281226064999167
20c507d578183dfc,0.145094203569172
e29e2bc7c3e6ef41,0.16067509220746082
61e270d51cee0fe8,0.10513623604344302
a1cf27e43a150760,0.16022972153156598
9bdddc292578558b,0.058358844595900926
fa0f0cb920abdb0c,0.13451032181906478
95dc87b7553104b2,0.19461623778135295
c268681605733a6e,0.08047122790715323
57f8444d376ead3c,0.1413586797420766
1eb08c4e2e2d0a0a,0.11200661495878032
65f04a475e60bc71,0.11425038307268569
54b86d86b2c582db,0.06190243150824428
ac660728eb9adcbe,0.10770282586338631
9dc70760c7a65427,0.17201406366510916
707fa7577b28c00b,0.049197615000879054
dfc0ad3ac006f7dc,0.11006069405186508
d02c60d97c52824d,0.05470744216148852
68735cd4123d2c31,0.18970296255805777
e7fa76e1a52159ec,0.047378204702922144
8e2a48702b61cf4b,0.04255615866541837
7b4d442d12660d2e,0.06578108221851665
1879fdf1618adb5c,0.10794107156512167
28331b7b0b1598fa,0.04418251303641283
c27a3cd35a718f85,0.08575046126531542
003398b630719a7d,0.04048740460919458
70b9137733db97b6,0.10443705051435381
f0ea5635eb777479,0.13879351018115885
e80ca1e08210095b,0.14265624414414327
033b8feb5aaae03b,0.04537502910719294
ac6a54139c7c9d37,0.13969383023122964
ebc95757b2947172,0.06511939599703725
2fcf426035785728,0.0941776786859589
78996a14f02ebbe3,0.050961275592263704
a87e26d221511c94,0.030689688732308946
c5eddf448403ab6e,0.043205676656198934
e8da0e67e35aa293,0.07321186793244731
88b632eaf9356d3a,0.06638887308309122
85571b011c6fcfaa,0.20761264793080234
9013d63ab473f952,0.13026901092004997
960cad37cffe68eb,0.06936586271644583
e247eb8f78f75a9f,0.059090509004519176
80eaa51c4c8a00ee,0.04970763023384584
35849a3326fb87fa,0.055345775143387045
d95e6b933db44247,0.05155120693319132
c8d99c2ec6082321,0.046846145775202935
c9aea5e1048b2e51,0.132979239134669
e01947dd147cbbce,0.050422432401133914
ae79b75a13c928bf,0.055693854018738324
ce571fad3257b3f6,0.03864391281360213
a95633f51ef3a7b0,0.041783898770659154
297c6928439e696a,0.1897775130907268
a4d78fd9f9ffb303,0.0811978571434592
2dbf5dac4bc14af2,0.15987044486412827
484f57153280140c,0.11144286200993149
db3d92a2887ed53d,0.14110335085949927
0fcc2eaacbd92a61,0.03227026194273417
3b06de421485ddad,0.12282748248939153
3ab1395e200e5b42,0.14318918554263452
8b607b6592065a8e,0.06876735615018449
a58b1c259179dc09,0.1686709144543178
a84f2ec64cddb96d,0.1966450000601692
794ec7ff88727529,0.06407554878219664
7bec4fd7e9a158f2,0.08391041356012996
bb364b5bbcd978f4,0.17677280601329712
89b648a5f0f0ab12,0.0867240218786647
63de8d6c54817aa3,0.029631245607754226
f379e9f71ba0c23e,0.09448939977395938
a4d79f83a661fa2e,0.11965607778026255
211b21d15b3b91a0,0.06213447349379908
1186f6b426beed22,0.06981862390915688
8dbf55afa93fb576,0.11681346727783497
4c37d40f77654769,0.04915616841843649
282449c18b62e5e6,0.15494156840670756
12472f1c83854116,0.1537548324545798
eb624c530d058714,0.07902974145015093
916aa0618dc412d3,0.12398244314556735
b9f7f01f0c234a62,0.17402517761813652
d6a72e0c5f8c9277,0.0456925786306725
888195334e946eb0,0.040008934541764206
f1aaca6b558ffaf2,0.0727370323591546
cfd7c6655e63d480,0.19637795609447753
d54c579db2ee74b5,0.03738175605723109
3d05c28ee2849928,0.21885668592930577
88653ba09b9797ff,0.041518056386487596
270649bc52035cbd,0.04735340923458572
164c0240a44d6755,0.0793777178123428
71d79d68a2b92f27,0.12739095987927665
9bb25aadd2b3bdb4,0.18005323941032145
b3c62935a53d8997,0.0769652297210391
e850d24192f9e415,0.0461289017387238
0834b059b33fe386,0.1638520001612098
57cca7c7ea10b6ab,0.06707146426200103
39483c2d8174f1ed,0.16181731177014705
4df07eb70c71ec51,0.17414419574844286
771b30a38c390789,0.0858249323729371
65037a69f9336b3b,0.11312280240308804
97bf39056279f7fa,0.07702039177231922
1a2d12af54623039,0.08252227982710034
e649d739e4cbe4eb,0.21002329550153376
7c35e8ece8dd52b2,0.16403193353261677
4f679f800c6abb6d,0.13684696636184426
42a8a8ccd4f9f9e2,0.034674832390807014
662eb31e5ca29cb7,0.1034809162682475
39a75d0fc9a932b4,0.09948125685646492
f80b6c96f9ca16ca,0.03818726205832634
d1112438bc117eb4,0.11348204846607012
2a23256f8a1b1dad,0.1366542274053091
e3da84e292717dd8,0.07584858518819387
b3da0bcad91df631,0.16496909494858597
b7317d34b8035aa3,0.07703001426368901
263b44530f890156,0.11342007370115176
4908216a464f51c6,0.15342007678159478
d0b576af5fedd973,0.09492823252171118
d53abab056eabccb,0.10790500959223454
9947a71c07c08013,0.13841795399567894
e3f83e6765042b60,0.11564502700275255
b5e1fe2cd612caf7,0.06777559587715552
2c979dd3ae786b0b,0.03415027366988415
37ebd133842ac652,0.1265390416038601
8d7452fc00bad24b,0.12964328095627628
be4d73360ad37873,0.08502828474754293
40b14de62d50cd96,0.31014198737020165
e8b95e5aac14d285,0.043287118127743086
545aeb4e5c2808c7,0.05391438862638626
3ea943e815e609c3,0.058631134515828354
9c3663c00fb99ff6,0.07852742146784432
6806a16705d54743,0.13337475393945822
9658ef3f8e3ed080,0.12757478308085066
72aca7fa36feebdf,0.12484506036275389
dfe86e43c4930991,0.12182323325351528
4f82ff5b5651d2f0,0.06133794135656179
d13da56afbdee207,0.11202764003167076
0dcdbb940af66121,0.05569555080119277
0e09773245767eac,0.06081967310899842
b186bc9610e2b533,0.15248574359840142
d54841a2e0a4cca8,0.25131792079274073
166c017caddab251,0.16245261641012054
a23f0288384f2f2d,0.08742850762393102
4886d310e5914363,0.07496110063417778
41edfc6111e88f1f,0.05577597831256653
0f33a4c86170e40b,0.09463834966237587
19bac5bcc4414e66,0.04271911249256768
88ddba34446d1ade,0.0759377071018401
a8dfc97deea7f5fa,0.13210488314745714
fbe5da4001a21c4a,0.04619444774359521
8ea535444187b6ac,0.048337419515204004
1be66765efbe9174,0.1031617342699422
05f16b595e33f77b,0.07077198380212661
3fb3259efef9eda0,0.0536402021006197
43836f5657b092dc,0.14650731810350406
26ac42441170201f,0.1697097152827548
12a4ec2031ef6174,0.050099996979934336
d8e7f33605a80ae3,0.11313906677124301
d6bde3bc380d8735,0.10287181864154764
9e0c178f3e852551,0.16165032392725423
88a6149ecfb1f651,0.08989657168823924
54a33fc8125490a9,0.07885371184005234
2930f4f063583542,0.0646928172082726
5092541f5024187c,0.05139975704151715
e78a593c9b385330,0.09836229403089819
a09be3a8eeceee6f,0.158600804095461
7010ac1b44772de3,0.07548744048722006
49a17880c454c7c3,0.05129872740721988
4e36cc0f1383ebd3,0.1355033513184909
ebdb25864f6ce1b9,0.0532342412213912
bdb72360a5581c6d,0.12543777863000974
8c698e0fbcb6a090,0.0632270160023338
9c350ea7550d8378,0.052245509398023866
a8b88f7bb8ca6361,0.06821035075702754
3d326c98287fba6f,0.07865859460404027
f42c01d8b045f708,0.14037421821905705
8e5d62b3ab696aaa,0.038705004502355415
6224caf3c72e7ee3,0.0845629857527833
926fddd6b2ee63aa,0.03143657219370099
922cf50522b3b88b,0.13436321520608616
7d0fb10204af6166,0.15522333338753516
1a76fbd031e39a6b,0.2003188112006955
fd68ea29d356dd75,0.052767351885799375
03cc36191251ada1,0.11996108530107112
99b5bb0b92d8a55a,0.04910384629911968
aac02a9d632924f3,0.04059226756078895
5d220b8e18201d3a,0.06839937382547694
14fc1d6fe2d4e69a,0.1822812426714754
35e119f52196b1ba,0.03972952611707533
40f1234b5a30403c,0.11037557589264575
d59ccb5d557c022e,0.13677999466613186
0c385e728de38f99,0.07401502071580766
f8683477a2ab2ade,0.14293664016458688
511fe8f39056b9f0,0.1022346757828108
c99c5d897170f156,0.10667379064207537
9d753071d21e6c36,0.07442370680869054
9e9289f66961c664,0.11307424014148326
5f8b0d75fdfecea0,0.04893984568076809
9dc13c482e059e6f,0.07586713169212016
3f87fc97c66a3191,0.16158643148982502
1b3f3ffb589858e3,0.04985447525976131
5358785efbcfdaaa,0.07311032644190175
57193bdf5b9a6b42,0.13444434265959135
4ba6c061c5bcb057,0.2636602684451187
218a85cad268eab4,0.16761000667484274
f93dbe2cfff78101,0.10539640969626858
a8481146cd533ccd,0.12699878323812683
84b0e8fa750b7a33,0.07875588059124962
fdcc76060f099b01,0.04127418439865824
300a47eca14f8974,0.1317055128446081
14218faebac40dda,0.07330792378381687
6df2c2d2e3c3a7a8,0.12448154211753133
73b49cfc1f3e9dfe,0.043977367392306045
7f686a76e0a43e5a,0.0832208988131921
bf81324a27520bde,0.12448510244297963
f5d463ec64cf0b0d,0.07943776483169
7b0554b8ca04f697,0.06467115080983148
e1b2fbbaa6be8596,0.09472163638224364
1b881aaa4217102a,0.08864012257741831
c212840fd1764342,0.07028666324744748
ef314439dbb365d6,0.04751674898175181
1772dc13f02d39b7,0.0687108429932471
b9ed04801fc7a354,0.06367171896640102
105a3d1544b0f94b,0.1332204617848932
78654baca9d1378e,0.20245989018406493
9bc2056512b6d4b6,0.07072317805883489
09c4cf78e2e7adc5,0.08036766619240193
b2555ae21207d05b,0.14306177460065286
ae348fe15c764802,0.06331836214667591
f0124c71b8a4ad33,0.11722979004222955
b56dc4e690b38942,0.05711703871736749
f780521ce14740f3,0.055679601606142236
dc6f043604dd54fe,0.07523250547605462
e07db4ab9d64f3ee,0.1251763479383469
8afd23b140e4bcb6,0.11923371900355957
11bdf36dc7a35404,0.05980575208119173
4996a5c048b055d5,0.1522502340976767
623d8021b7d32292,0.11701126989843401
9eaa2f70288d4b3f,0.06307263652465638
9b0054be7988059a,0.07565485104523921
3952d82f6df456f1,0.050377815738933664
8533f9a63a9367b1,0.08018734651662711
391d9fb2c3bd6fbe,0.03139465124905406
101b529dd70a1e11,0.04344614232713865
85b19b6a46b45156,0.05375233619527044
a4b17c05d90ca2b2,0.0949454929469384
194ecba02d51bfb5,0.056055346455874344
20a12da2d8890e93,0.05247857095824057
2df9214ba1de660d,0.09042333679758545
bd7e307eb75933e1,0.10488507977985197
5e0b0dbe5ffe6e83,0.6624517757660778
bf3a6cfc9a1f3c80,0.0760017455921303
82ae8090ca11b2e6,0.0919866255146649
4901ed9747386ca7,0.1298891944403271
53084b49be13c52f,0.151956738239417
0263cc51aa1acd4c,0.11831132612762318
41e313f2355b137c,0.12342268674221886
51a37cfce403f12f,0.06383748738732928
df4f484e6719459f,0.05542257415623517
de7f255e061d07f9,0.10028216952646413
741683772f1576c7,0.15269027856985581
54c7fb2af01e96d6,0.172323732981109
24c542dab399c685,0.043701760680776774
a1230bf06c58290d,0.06203822771080967
900e15461a12870f,0.14236578299850744
c089536a25834f70,0.06128574444121235
afc3286b544f0040,0.07932294460204477
c61465243a2221a5,0.11246650076548653
cb1f20d4bb93c243,0.07410532375331945
30725d20e5558b56,0.07378196205191556
94ce3e10e75f90a6,0.04065958502510551
48d0b89d569495d8,0.10620858672559406
ff1ad6d36283f697,0.06598752260939929
72be68b75d2c814b,0.05299871177108379
e4b90062b12b7030,0.16373652276206793
d6323a665e446722,0.06406501513754813
2d37f4baed1667c1,0.1143701422628719
05781aee37a18dac,0.05832448091039538
de24d558a18a9f32,0.06725725890789952
cb44379989560ff1,0.05112280453109098
eb333ca8ccdad2c8,0.07169752755764153
1d5cf29e044bf468,0.142630052523801
172401cbfcd665a3,0.12479051802291784
8247761544773a90,0.03348271290380896
5f2c0797f7cb831e,0.04661149512597829
a7edbfd2acdf8ad0,0.07601232351223532
fdcb685349aaef9b,0.12380152011836865
1568e5a308c50e7b,0.1603704329740162
53f5f1c7014efbaf,0.10285587788204535
e992034fc58854a7,0.0641461443431063
b1fc334e48e20c8a,0.04259094881598615
ca9f6168acd90b8b,0.04435726904738124
929bd47a71c6b958,0.2299000157071258
f7ee05e2b2ea34e4,0.07690307917140321
2f3fdc90e73536d0,0.04323842387710486
b43f6d156041778c,0.04661731594156062
6b0740f130757056,0.049492449890263655
9f1200bd8ef18393,0.07619314094797296
bf0849396acf9180,0.04591024636822677
58f62b02898dcd7c,0.21668350773003628
825b360a284d4a2e,0.043183260412161716
0274228343b0c7cc,0.1938059844485148
746ca6b736caea7b,0.04366536324131195
69cadc81ce7e015c,0.058051266386471546
295dc3bdd969b7cf,0.12063260818702382
e0c7aeb2471c9ba6,0.1596468523402668
a7c128e7baf08587,0.0841809149021157
74ac5ce19092de45,0.11434644210189288
5642496d768456f0,0.1843475830006791
9568d09b37d48147,0.11525609260306491
687eb07ac1ec9aba,0.08036680222834554
1131d59f818ebfc7,0.06327357194592913
70d46c4ad271dfcf,0.0899850726941553
333d8235e3bd1acc,0.06470477809974995
f9dc0ee30937f393,0.10807451671854872
e2e48b863ea7d61c,0.12603235608205962
96ad67d29a15ec47,0.1252466306514479
998b0ea49069c858,0.0436599464876117
cbf500fe483dca27,0.06780836464997508
32889f39f5c7e4e1,0.06139018261022675
f87241418df6147d,0.10258610293315895
afed174cf13b9d7f,0.08949316341526092
d52f3c40480519e8,0.1527067082524661
67306d595867bdca,0.04027070333810153
dc439b5c79486948,0.08653648479616798
35089dcee9e9ba1c,0.05863159018599621
61b5d6ef5f241490,0.05290319257144266
45f5713dcef10264,0.09980384726507825
2a3053d58302242a,0.03837389938643875
0998f38d4d069491,0.12399808661533092
accc2c8ae67e6063,0.040879346730150735
9f5292cbd3806d79,0.06420811533662675
1fb85b95e91ae45e,0.08289437015001505
faa0394464cef2e8,0.03868998140276533
af95309c63fadc79,0.1016946912245306
b8b45d6732b08fb5,0.06430037920305948
66966f55862259dc,0.09459752030661311
608333309da6527a,0.12876622350155012
36dc5921a7d84ed1,0.10667249250859977
27813742ebfe2b33,0.10650854960035104
211d5db960ca61c8,0.041459724093537126
5b186ac0d11513b9,0.238883537350574
832d1c008bc3ef2b,0.1501462445739216
7d4e4f8d7d40dcfc,0.06175435022848338
f0dfb22c3a27665d,0.1669284620033025
407451c452cc5d17,0.16142777178353732
56928312feff0ba3,0.09497234390894523
9454541a6582c13a,0.0690498044901826
e6e2f33f21d593de,0.0385511253242407
eaa2910769614f8e,0.04003891973790361
127bd9796d970cc9,0.07940613074828436
169858f0ea055525,0.0655837142634801
47a3a9c393a619bb,0.053634543084187525
d25e98683c74aa8c,0.09708565718208371
4f2ec1f813538809,0.12014590803040597
8e5753d72777a9ac,0.07927452260186034
d9cef172341ac628,0.2799603051836328
d2c6b2e087495365,0.13328760397387132
5aab483da67d16b3,0.09642724106192961
ad319fa45d964c5e,0.16085290487935563
730d677b8c968e37,0.05537202532774735
b1e38b684248bd0f,0.1265435267304767
ccd097c32d7ca7c0,0.0698423357003974
4cb0f5de29f8b8a8,0.09253239516533018
902aa8ae7819a527,0.035575772508492004
36cc1fd78eea46be,0.15634557822807862
5b8a6b0aae157e06,0.14775562859578306
d371f4cddd5ab580,0.06372567005649228
a07311ae113f1cc7,0.17141334661881982
8ff382f017152a6b,0.12794447382890664
bfe18fe096f61209,0.07750911185717942
97f3a3f55f767d91,0.065788031033205
a4058a2e4bbcaddc,0.14020901885785828
6dbcfd20040642cf,0.04215721325917878
42a6b3c10ef18f02,0.10132497489381116
9d7f6f4e136504fc,0.06016061001931461
0165f411bc818cb0,0.11103419806403698
bffe1b12bbe69fb2,0.11369899642453947
e01b40b1d6f30df0,0.1679091311564527
3201c568d1d26470,0.14883883057493724
0affa4eadbf1db83,0.15438176777862786
ddd3b7b0ab9f40d9,0.15854103561217367
ec738c2ec1bfcd80,0.03490187895373886
906a954f8e1fea07,0.18030316038062477
cdbfc59fb04fc180,0.16297439525665755
2d4770eef88200b3,0.03764536456199743
3d18600bcebb32aa,0.09482563148186664
3e050322f92541d9,0.07558059768227544
1221e13593768788,0.06893028457481935
e7ea980a9b3cc8c4,0.09450818292251034
398953f786ac4845,0.1597078113228727
e8efc32edeaa174c,0.14465907552234744
49f061e869ee997d,0.09841336589385623
17668415b4ad9f20,0.0685376305122856
81e71cda520c7c11,0.12800916981004182
7c48e5537ec69161,0.08154552083499032
7b6ba45bf7c43e21,0.09720516702008597
9cdc08694020bc45,0.1212893511691126
60a026b4a766753d,0.06974500617378082
719db72fef47ca30,0.06056921035533117
c0b5b808eb068fc6,0.10590340336524155
b20616efa1e51758,0.04965975622997779
d1c2190b7e54ae51,0.045757428302496385
88d71cf388b60bf4,0.13473993980206853
c2394a42025bd869,0.1889999204647842
19b165b652dbcda4,0.15955391389058157
c17841139e5914a5,0.15285079862809622
5549a53bbf9d24be,0.13416959413969284
2da830aa5b2812cb,0.060074852373734965
fb36e8ea3112744a,0.08897001163671847
3dcfee7f0efc084a,0.1597054431092215
16a97d3860c22e1c,0.15697746465898912
6322b2e3f7dca7db,0.09228800534305341
a48ff3331f89fc6d,0.1097191473051195
e07a96472008d97e,0.20217565222228204
42af4fb223127bc3,0.056741925990894615
4aa484762f1d25ae,0.10955535203613624
c414fb964c9cbb8f,0.1260699535911837
397cb89e6ab8a959,0.14753253662387153
2e9d9d9e0a6af0ff,0.1253902048178374
fc32ff9c59a22f95,0.03401659631502551
5783d334ad7f831b,0.1435654275027946
dbaa31f9fbbb6219,0.05044343227767509
93eb228beb06de30,0.04678790475079297
482d6bc5204e5ae1,0.07267030292258961
7128efa4863f0362,0.10298354187265597
ba5809f410734a94,0.09075158342181526
a571eb5010a2e299,0.05689594777349497
ad6cdd09fea09683,0.1370486033361807
fa9d2cf12e72efce,0.1357108543117597
a8ae0f9ef30ce81a,0.1923326262765441
3b234a17219db0b1,0.049996599819209064
25b24a0734045bd8,0.17613661119179755
771f41a483c9f8a5,0.09299001463368084
22a6c4ec274869d7,0.11857995174766318
e48895820558223a,0.049345343375653654
02c11767f29d0426,0.03896084908427824
d686fd200c65923c,0.21213076353651317
adfe117f01ca698a,0.03216877261497018
69f3b49837e76dc6,0.09177897858506982
2e72632e2ea73631,0.05952512127824074
3207b91e24e27568,0.06654056947439975
95f22517cd16a7c2,0.07858911188054217
543936caa0e83a72,0.061053051624990064
58c5c659df736b0b,0.04217347729183437
997b65e2ca34d529,0.06602715407806675
75bd9c566434eae8,0.05228235224795982
14088d0f66d091e7,0.19396290603239555
4014d97b63499622,0.0881960099204017
f9d10471eb47111f,0.13205455944785083
545fffb7628e26bd,0.04607564384436685
9c45d75bebd4d820,0.03738371751785209
f710caef77284ef1,0.15091787284666572
e4bc3c14c4f4b1a8,0.11884205393787546
392b17be6354d3a9,0.09830013394178738
9cc8d07ee090f377,0.16611854365068487
b2fbccdb690a2b84,0.12221502558828527
291257ccaccf9d11,0.1251260899610076
c9022a6ee3a5d7d8,0.05064188050459816
19a688707e160732,0.04506619423827096
84bef4f5323ebd93,0.1601737391846901
a3e5e1903e0e9682,0.08552985789641089
3b0297530613b732,0.046114342367799065
ca0fa3062d6f947a,0.11345575649446327
aba2a7eb167c6548,0.13151077733180686
7dace0a49f811059,0.12653891582814894
522ed32d9fdf2d72,0.0846363613833887
8771c418cc219aa1,0.11245299541683011
1b8f8b528f041137,0.030519190709834488
a9112add272578cc,0.0670344320463901
e722b584b816d2f4,0.13155443966686362
324dcb8fa3962b96,0.10837892480895749
ee84f939a7ab4e14,0.15861612542943734
f7a5683abeeb512e,0.061883189785934566
788dec8bb41081b9,0.043916983325676305
20880910f50c0159,0.11671477096453403
a55d2babd6ac6e05,0.04356147394722873
7c5af2b41b2f1889,0.11067238693686009
af9599e0e687edff,0.06603034126990812
96de608fb997caee,0.04670317293438914
ef99f60d68f58a7e,0.18856855859959554
59d2159096523cdb,0.20147158865060688
606abd74dcfa442e,0.13701323002296192
20fdb4917e7e9401,0.056365934497565696
a3a5ff27339bb075,0.11541416066084724
b5ecb5c63b48ec75,0.17861777316078556
0a039166594e063a,0.04067581915724217
62bfe04683f51a3c,0.10738359353102483
b430c4d5161b59db,0.17660743985066987
a385f4145be5f5d0,0.0369927509306482
904e0bfdad64bd43,0.21592041184728952
0f4074528657c491,0.15784621699124782
39e4468b2f4b7935,0.09110155261355557
9125b00413b353d6,0.03917911648341498
fafd8063bc5f5cec,0.11436305783166933
6b06401ff364064a,0.034303085318996625
e5c9addac3faca6d,0.052671662080877014
d12807d748517f6e,0.07459489673924956
828de307532bb29a,0.1822444655073884
2799da617b3128ab,0.04214863971035143
7b6d6ea6d9feff86,0.03644067714518646
0627c402fd75fb9d,0.15464740017260323
a1bb99f3b749279f,0.08117762958296258
ceac2c53c27234d5,0.036603080131074876
9b3de1b793447910,0.05834051487758716
76a426cfc81a4d2d,0.11853363758970763
abac3cc21ba1b309,0.05015858134494072
4e8b9323fa254334,0.11727773807984528
1a4205578a28486e,0.16067586348478732
fa7dfc3f7d4a1344,0.13484797351028321
340b1651b36c8645,0.0841816959946204
73cf2e26157ed703,0.13220978427938357
87add43c2ce1b06e,0.10452686620070901
01717bfb5b3542c8,0.11797537372109342
70ca05c9213444aa,0.1054745330045281
0684a9a80bfd34b3,0.06337494464002878
8c2ae373e2809c29,0.0713877143022411
331341a7f1c33272,0.125541995999666
97078c12c161c701,0.08692914998329813
4ddffb1d8861cc54,0.04536211011531658
2dbc5e3027b4817b,0.10871794513141264
8fcb717c71bb3cfc,0.059142943099321416
58ed220fa88a029b,0.03752879276576524
fcad4ebd837b0031,0.052963474677204546
0792e52fe2c9b711,0.12843638470087096
576de6970c4ba90c,0.123876313663361
930888a00b16e315,0.12792471211398135
bb00b59f720aadc8,0.11953502634143014
05aad23e028bea27,0.10103302882465126
0ccaef7346d2eebe,0.08233524841399621
bc31c0a97c89dac1,0.13727610779998142
239478b0c695aad2,0.08216348547164648
6d59238e91d3c6d6,0.1106602955168818
02b6f6002980042e,0.13853777538827997
0164fc5fb575ee2b,0.08721528787966921
d8ba5ce01fe8a09d,0.12902267917693486
173b378df818b167,0.0382335853807814
7f5edae9b09a208c,0.11929855112236816
0b5662c2a594c20c,0.1238612399677795
55ba1dbed1a641ea,0.1399371242359739
c944ecb134192652,0.19472204024618778
3984b7d478aec2b1,0.15163010972343652
f6ff304e4f459ab4,0.14989041857744193
a49951ac9b42ceab,0.08008626942160531
4b48ddb6a65e584b,0.21235195207921498
624009526008e265,0.08480169202758736
9ca1f3fd0ed031b3,0.13733416426476144
dd7e10345355a17c,0.08139874988678965
a324ae18d57bb12f,0.1261013581815693
f3aede6892999fdd,0.07647170780602945
798f779dbd13fb6c,0.1644076443606387
21481b4c28f91b47,0.052540678732808675
8529066c088169cd,0.03765438080775991
7e93ed2093de4112,0.06906652669029618
51687c7ba8a553be,0.11219907487825453
4ad8b585409698e6,0.04378854643219927
eca2dbbd4829118c,0.13654363080673082
7a9bea3f50549e57,0.09829522100332984
e53cb4d81fe012e8,0.11063233327479778
25e3af07b73ccb43,0.07904056161792852
939b59f220b94ec8,0.07827642427567581
9618c75bab14bdc4,0.1663357908554769
2ac483615d4696d4,0.1795740875560945
b357b45b22852d5f,0.047170204559795655
eed158b983054ab2,0.04889372529895939
25b699ec3d33020b,0.19042518373252085
fabe692869cbf6a8,0.04651222663551698
e30cdc55701f891d,0.12396126678783448
4e247c59738e0754,0.11494820776709314
eb6c93bf83ef9f01,0.13821953594090977
4b2a51b89182eb2f,0.11197772486213248
920800c7a752c35e,0.0365900479932007
00e3f3638706ad20,0.10100480845636017
3b68344f608e8cf6,0.055625476975243754
bd0092d0e87dd02b,0.09663937417157753
d3020752ddea13e5,0.11219129923987219
679a41beeaebf503,0.13960317912349687
7fcec9e71dcf18cc,0.06880520094979695
735724a234bf2816,0.12434057931158461
31cdf3e24ce53af5,0.10181033030552998
58b83792be0f6321,0.1571083676733681
2a84a58cf96025f5,0.04243955298391545
9fcedeea63586bf0,0.1305004517969077
d9de7aba8c682fda,0.04396254887800086
08572215a3892815,0.07347205549081137
b488884763d551a2,0.15087061348678368
c30e80405d6e58b2,0.0436636876090901
0c86a250e70f6eb2,0.09943030324378554
a11c15fcf4597f82,0.12996213198667647
2caedcb4ee1a4103,0.18333525923707794
f91d05eaa3df539e,0.09526491312485152
8bba0a98ae140af5,0.14810656568072209
a987e81632676043,0.10757908765403705
f50807d17b5c038f,0.14893220199872526
ee12454070596716,0.12122423679961424
b6e0190c3e5766ef,0.14282870540946016
a57b30735e272a29,0.04019901429258477
ca66fe2ee058013e,0.13011087731950935
1969a8349757d32d,0.10139242215677109
a5bad4f4702eb96b,0.06370323322964784
2f4ee5ef7a9e32ab,0.19490049385384953
abb1f9350d96ed70,0.0703255490375209
8a663152856f606b,0.046525392504846934
5965e2be33eecfc3,0.041463610697291126
75414a1e69d6f205,0.09746259067778379
0d6362f82430762d,0.11482705455558835
cded8976cdbec569,0.11567753516268788
2f21d9cb88d7004a,0.1393713348440633
bd0809d01c93396d,0.18079018821053927
d368fd4152e904a0,0.1622576514464176
7a088b0bef4cb74c,0.06290411536064495
dad9460a25f9913b,0.1554383756192163
50f138449e3fe2e8,0.08242036588186286
53eecae41b9614fd,0.15206923354861224
c88755b5796bc0c9,0.1696774007984061
1b2bf22690f55b23,0.0698047788364629
4c0b6078692f7c89,0.11299169059688896
d310596293c8f04c,0.09262784066599355
3a724ceda4c76f9c,0.03901964187099966
57c2219b4f1a0a5a,0.12217787061221097
6069a9ccdba45516,0.1038773484826584
504a8185dad726d7,0.10035025590520345
c950477e87d58094,0.0501741279668921
9f1e86207b2be555,0.17415668071091892
69051b19215e3e0a,0.0924699607287236
7f70b72d97083c7b,0.12934758081917533
61279ec74a6d3645,0.0499176437826086
4a35368f7daabf53,0.09934491028568798
8730f5f1237b818b,0.03075399518442538
f9492b545b552f5b,0.12631313346384168
a5e99c4117b486a0,0.08035321821907711
c10ccbadcdafc1cc,0.03898638301595234
e0d15a865fdfb988,0.05895199276316231
eb916f460ee1b545,0.08577378172840577
1b7bb61fe350c5ec,0.051728859619853566
03e5516590f20096,0.08593579402506223
18e0a9eb3145a82b,0.050443298305778095
39cab30b8f09a081,0.1860748347330036
dd47b13d3aa2de79,0.047982447494383074
6a431bf1b07deab0,0.1577143431781536
2b0db9b43f8d905b,0.08629964512202955
363b638b117d0e37,0.03199107327746467
87518c28a26f4d41,0.03254869790834875
3e73b6c86098ef20,0.13119004063890935
f7580d024f627389,0.06573442399936244
626946bf85055423,0.052405852213139946
1d4ec81574db910c,0.09799475701167659
eb3384eb6ec0ee10,0.05256668074238638
ba1a0a18164d2ed4,0.05879234030591598
8736a356e18687f9,0.056557515159424386
f66ad6f9a0d13057,0.07079876840407823
6781beeb2a94c80b,0.08744764578443938
45ec50d9e9b762dc,0.04433521211256044
f993d49be31858db,0.10193312922073565
68630d40b3d8c8a7,0.0888816398440912
790d0e863cbc896c,0.050137057312543865
6b9f40e1b5440454,0.04860167428557807
5bd12aaf1d87cfb6,0.09634139779080621
9593f8af8e49622c,0.048020235670977233
7787873ef39eb65f,0.13849838825996996
3b43be2428bd133c,0.08133074967727492
51614174133f7405,0.11764786534059725
90ef1be7933c7d32,0.06420205700810873
b9b0bc5968838ca2,0.06871381737340748
34854ac0b59be9cb,0.1382150234722947
552972fc397a3d7b,0.10674946261436946
538cce811be930f6,0.18449147371572572
3684947575a87995,0.199259818260738
3458934dca749c27,0.1255369691523253
777593519303d6bc,0.12523527852374014
c998d0d7e544f18a,0.07821746115542993
a23ad55fcdc44126,0.12890972787363109
628f59b52e0f1abb,0.16722020819584568
f55fd4a896009b37,0.06248205322745667
891966bf8125b263,0.058114684988253805
31a036f4acb27daa,0.10926290573307175
b329a2756c4e7e5c,0.03939018093785998
4abec7b3aa11b00d,0.07070121205619984
506d7e6eca5fce8a,0.05975259201217733
93767eb66242b1fc,0.16917166003326303
f07f619af08f71e3,0.23478026507595065
067779ad870efb29,0.07559941270414582
5772509431f3d5d1,0.12184184317170162
562161d24bca87e5,0.03741719386196197
f3e2eded68a25564,0.08545289106536215
4e9f50f16ba04465,0.058680506053531124
a4208a55db792b95,0.06990922870935343
9540d1c34ce10213,0.07038006661265676
3b047ea1a379c251,0.06856583756120978
90c24520deb11d2d,0.06591939285408416
174bf54853f8e212,0.07905893392767359
e32af9607e1574ac,0.04856816313587315
177d7eaf2ebe4bb3,0.03510365943836765
1d3872dea5918cf8,0.17292863794531566
b6641f418df5107a,0.10689450916598035
7b0a91f0c2754446,0.16359004962187818
3074d01b6d512da1,0.09784981407120164
a1ded8ab2ac8cbc3,0.06354015933819575
99d24231acc81bda,0.1564755973163466
ff0efc6b635f0dfe,0.08878306693877656
4b26bc2a5271e828,0.07396539243520446
323cc294321346a4,0.12700106355735546
1c5da1e20342a0bf,0.09282003416987335
4f414677966cf8e5,0.08667037665117061
a08962f7cf8ef6ea,0.20780190355362216
e6778d3ce59810c5,0.06230492915143767
944d32b8f9e9db1a,0.20115582843900678
e5c8bee2002b6ca3,0.16410130723096733
fcc9190b336ccdc9,0.053720340562165424
d8c0de2ec20dd583,0.1065571065426391
fb55a45c51379250,0.04301876449151525
d6e81f789123be62,0.07604182582182009
2653ffee6d9f5abd,0.15314843531060437
daf885e44112d6f2,0.12020308654380096
a75fbb195a5c31b4,0.26100142519312464
d6946d6a1e5de8e0,0.07105244433829525
262eea09fa9fdd15,0.04574931524685766
0661f0f9daa76a96,0.11551315562258568
3796742963319893,0.20188637333400974
b7d31b3502739b04,0.11211066381135047
ca3ab2b2441679fe,0.09561810334217219
6ff3c95261a2e60c,0.042117520888158434
296198ef516bccfc,0.03505927741135446
fd7387d23f2c2e12,0.09681379173201902
705f7c9f6f9a1ddb,0.04483252451906004
664080d9a44e09d5,0.04846362863031536
d7bfb116b3f0171e,0.0950774873963664
df7650f2e15b685c,0.10829882317940275
13d553333a49e1fc,0.041939500724234115
d60997f0da2b3161,0.045898403675411925
e3dc5b0748d9d1be,0.27944674687963617
126cc7a3354c3a59,0.04978267535847322
68c831e307f80c40,0.03534680175068202
4c10437c6f1f749e,0.23898942193375702
4de56fff18170df4,0.064843071279668
93ee64e43ea9b0ac,0.10631155192839918
622e27b7a834d371,0.18023499160450798
8283fa9a80b68052,0.060024556511050625
3cbb48910802e9b0,0.1420371490485886
898c4451fed60e39,0.10385458007660707
560b7b7af9fe8dd1,0.11031242844196835
bcc595e893e2a797,0.06598585915501157
cb2fa098224a9f0b,0.10431341419387145
9e2a88f835bbb5df,0.10617407134274881
07e1bd9a166bc257,0.1463208467585899
10fdd890be2462d8,0.04087832994684775
34a7adccbdf4dbe6,0.15912889302412817
5dca94f6e13922ed,0.07126515943802825
be032af3265ed2f8,0.20703684509803752
afebc493854ff065,0.03575199318796334
755bf2132b96ea88,0.039634414147574536
11b6872eb913fe4d,0.04043294087470082
5a73131a74b5e6f1,0.06209563728750777
a1445f34ce4c970c,0.1308207255721218
c84303c64f096b4d,0.10121656915444122
ee5a57da13fbcab4,0.14847550773726323
9e237fe51b937f8b,0.08484346713348445
04c0ce452fa54511,0.10125768845339332
e4cc4cfb493c102c,0.12743785241580952
13ec6848e5d8c7ec,0.060976314585767986
8b117511fb3c0bb5,0.15644334190164036
45109a7dafad71a4,0.18063970327159776
be5d51769b283a70,0.13360537786545548
4b049c030fc355f2,0.0981791410470127
e1b125afa19663b9,0.09275044250648434
7f5ee99bec52fb31,0.2103192404923643
0ea477a7bb524c43,0.09440095192806712
b2ef814029a4593b,0.12374254920680401
54642bb90de7c651,0.056022177286985074
5562db51544efda6,0.09529669194274719
8c3fc61ec6b0570c,0.13340267555624136
19990ada3d732a59,0.1280505157888622
d4a097538c2270df,0.10173524286620057
a8e6780d12272bb2,0.1340101641492385
0de7c0afdf2ac64d,0.09625166390368843
ec3a682eb391eb7a,0.09079858565175969
de499b3d3aa77620,0.07657272210314899
bb95d7738f26c137,0.08157788353337128
76de6c48fb303a99,0.15640704434865296
f54db052a2c1bf61,0.15407219164837233
d2b45f024d0f9012,0.15470616748673482
26693e446f60e43c,0.08138760348062667
00fedb2a014dd220,0.08005884091423654
8b353042d65300c8,0.0840045360269474
90c55b1f3ca98c5b,0.047517027318139206
b874c35d79d74f6c,0.10051585287471843
d482eb847a0a40c6,0.07344947601248956
fc4d3a97478802f1,0.07994493845933269
0a7a2b85838db506,0.042977046560380566
c697f27fe38b040c,0.06015047755645589
a4d2009627d556d9,0.12392328984668656
1c403f2124470ed4,0.04790659481602492
33627e42df750fa3,0.04137933132267728
ba9bd925e360f225,0.09188404882733414
ea28b791d0295ad0,0.10386794502159662
d149d439304c8705,0.043078336972600384
536b709bf5515eeb,0.05030754676938987
88c0a8061e7a3795,0.13478488985213768
8764acb490f19b62,0.056382954954992924
417f76acebadcb48,0.1668777317962368
475869c5be3c507b,0.09009040806572215
3ef8009767c7fa25,0.1829778194190964
b554efed5fb706fa,0.15739831166570548
84da50183b024285,0.05623980045300516
a4b1d18f46aa981c,0.04262414193816211
9b47e555a004cdae,0.06782733071261719
ef262814960ff13f,0.12234519724012578
5c0868ac8eafc7f9,0.07276284377294273
db15a0f6f796aefc,0.03936687826562061
9e813d48e7fed678,0.12526502528694314
7e45e93f027eadd9,0.15490659274763977
bba24189518e4411,0.16090005915145875
80cba429bade3fd1,0.04152925961218711
ea2c64045d0a1c12,0.1412595768232178
6eea65bf31a2bde4,0.0450521904997114
986a532aee033e7a,0.05831563943650236
d254bc6437766f3e,0.06091332893467107
3c2c4044a5a205b7,0.07335135794413004
d1698b7f7ce2ac63,0.15140488069164512
5615043a1f36b137,0.03664994534617499
fcb9321c88377fa5,0.05095490131425449
885250c55edfcb6f,0.09430133390326577
f48232723a1bd05d,0.22974616964537473
27b4eb77530a112c,0.04702427670858366
98a1669bde0eac7b,0.21252756996856773
c85cfc3341c8708c,0.045958122933634084
8043ae38af9b3ce5,0.13123580336222684
babccd7388fd8c21,0.07694254061536661
28aeae730b623cab,0.055165262245341073
4bf1da87dd838f3f,0.037655828372225086
8da93da167404e45,0.1165771212199365
4a0a3077b5581645,0.09681797995794433
bfa2d19017923568,0.07834926434145578
5f6e00c966c5f59f,0.15401780252382277
52c9dbfce9f1b95b,0.049626323154044895
cdfc3b9f626b0845,0.1256537491340007
5e6ad4f66342dce9,0.12246990581961771
42b0a534c0da50ab,0.05676971102639766
e454a16a94a43530,0.09202420103155429
1b6c9c3629bff42e,0.1762789356835456
3d4ea2f562e04d67,0.04369465439665026
e5e88946dd245e5b,0.09437327359730686
7c08fe11ea59472e,0.10224203086787598
48716b8ef3837856,0.053930622873580886
22cb220fb3d03ef0,0.17282947503053292
ad38c3a4c4f92dd2,0.04695997178012031
439506f46710d418,0.10715542666254968
e6d46d90ae71b635,0.086233905969943
cc306ba2474886f5,0.045457493203697595
c3dbfacba8b29888,0.05471000920965968
3349746bf536b40c,0.0650203581740043
254dff7f2f5e27da,0.04849469278772755
5f715d9d99d8aef8,0.11510500278327108
28877bba74273a2c,0.042457983280627797
0837f11e1dc53f72,0.17313102775323552
700d9c6e6406ca13,0.146832987302732
6e0d475eeeff64fb,0.09982014630766141
36ba7c400d24c8ad,0.038091246136921476
8c371f8737f1a2dc,0.3630786730517012
163b4afe1f475ea0,0.1768248364270861
2e2c632a9af9b807,0.1932268398714012
a891091666dc0643,0.12748513897078875
a990b188a8200e9e,0.03823596353195577
e0da7835cc3694da,0.10139434191374436
6965bd28dc460b44,0.04113611110058987
84b4fd2717d4bf2c,0.0565130142712301
0544118474e570be,0.10162096967765392
2437b2d4a2e8ae82,0.24495898816034545
647299fb2ba00e43,0.042412023078140716
7372537f1eba1dab,0.16250290308562187
8854c27e996efd14,0.08328068757641295
380235b034a986da,0.1703071893583755
a2d407f16ff373fe,0.15322344770045473
0ed19a3a868aaa3c,0.07710969813328405
c173b6242dff9b1c,0.07721101426838801
2043889f64f744b8,0.10685276535615845
19989bc6ef928517,0.11545682129858037
d0665c65b0cf8d5d,0.15194525794935881
2b072792e895a81c,0.04679276116643604
c531857150c9674b,0.09767364001401414
bb56bbe97134a4d1,0.05239309819888965
3e062b6117c4918a,0.08197006209731895
a58a4c24d35bd7fa,0.12932398848205898
4ea7721e8c059b2e,0.07025613596876164
32a75809119cf7bc,0.11463999226437616
e4794a0287930fdc,0.07397102736250634
028903129d296567,0.12163641360336198
910a3bc19a45f893,0.13194789970018306
afb4e9017f94d52b,0.042445239067099017
8c75ef81ac907000,0.10496957848623241
de995213b69871cd,0.059912246568690285
593b54413b1695ee,0.10983659755836467
d68b798f72ec2a7b,0.04369452837056629
2abd97afe8848116,0.04235794450120054
b80ebde982296428,0.10816519547654206
dbe8ab13dd1f44f4,0.05345679401721421
db6b5f2104046f55,0.11782317967124521
1f67c146861efa15,0.037760826412019353
38f490199f1306b5,0.06597753868729601
dce69a47bd1feb56,0.07628158335429702
12cd790efb4486a6,0.14825902207081798
d5806dd0784560a5,0.04055256817627319
207f45be2fb83671,0.14909908211897394
848e2c11fd115b35,0.12007267874873799
0f9d093c9db25458,0.11604212811021841
13e9da15ed290868,0.07819318166152264
8c584f6c1538beaa,0.028411343293129332
5fcd3e5896568513,0.18485309921291684
aa1f013ff05a59f3,0.07254412264612499
eb2bbf6f740d132f,0.0437232879303435
51fcfaba58d7f511,0.1750770613392519
abfff37a1f178105,0.17035578449994004
918258103a71c3ab,0.051604103953807656
99beaa8c134356ed,0.13138594883618657
f3d97c979517c08d,0.1283817238097759
577a00d787373595,0.16163029102979704
d71bd663eab2681d,0.1371802052161597
3b59c956b239b3db,0.06106905697070971
9115eeed93f30a1c,0.04660263514189508
3d992bc625e7dad1,0.04065807754243798
4db07f6033192f9b,0.051315276233942254
a58a45e9afd5b405,0.12394912292371829
519774a276bdada6,0.15044036773474231
50bc50ed77a01d75,0.11613301739825983
d608451c67dc5cfb,0.08847002267913046
2856ffa4f0a1ce80,0.11426070512538382
2bdff8f74778c4ea,0.04158725248377731
068acd67c99550cd,0.12853574173757495
6123220972766a4a,0.0990601141427629
c4d534fff3fc5628,0.111031166266428
9fc3fdf14ea045ac,0.0870657854891365
3f86edfd0be75ecf,0.0835844887438395
c36573a6175092a9,0.12723547782102052
7c4df8c2f29666ee,0.04343003300750344
3c791b72118b74a6,0.10234511267573343
747b04b604c95fc1,0.05508447937919722
e780dca0db5520a5,0.04565829773869742
af83daec6d450e57,0.08428801802940318
5d4ff9f52e2e4f34,0.12630434941158888
b2b8e551d87be54f,0.6482120953556173
203b6e0e0fcaa971,0.08754394112853713
eb36b4336605a7d6,0.0889727849118992
14713adcc060333a,0.09827917652917713
251c0c9a3789eff9,0.14916130028969085
0d0e059449af50d6,0.06844854215216377
63b1850f6f5df5d3,0.07577207123533014
90ace0c383247390,0.04402102499678796
1ba1d1cb2d6d1bb9,0.07465573869212036
dcb2cbe56ba92129,0.043530733949531664
88b8fdeb6d82597c,0.054045117095943805
0ccfe20a4b77ea6e,0.046971720777861235
3482a5b15357f00e,0.04515658581750815
6d71348fed8b9c4f,0.06327912245771165
f8723e3306bf7c43,0.22495038521759358
7ef77b74f9baecb6,0.056773497060002766
bc80f01834269376,0.06766045437402719
18da383af4fa3cb8,0.2041347138645344
b474ff492fb9a94d,0.047214828443845974
d157b8492ffba0dc,0.05407216764190569
cbd2d4eb5123804b,0.11441813608007978
0f9515404031e965,0.06764070415626866
4f1dcb8a1669a31c,0.11906878810210364
28c27ce346a7a7b7,0.1620807663858291
58928eff8cb29089,0.10253361585384872
8069cea0e02052d2,0.043721767687949414
3b583c05db5ea4a6,0.04450066160824989
36384df41240d0c1,0.07904871181885735
15e9a245d6d06a3e,0.16174891944903166
d2dba561c29b817d,0.10426484712740003
2a507f7014709986,0.1555640253576707
a27e43abacf3b1f2,0.17460089408878232
686019b683e849d6,0.18783672565635512
9a3663eadae7822e,0.13097182659016304
f4857bb0e0b52a47,0.07445106232560311
29f988f929e638a6,0.05953152300431327
cc08f5318b40d7b5,0.06150277690229955
3aa8c59d9c5dc7ac,0.09669746273964629
eeeb124ea0b0d51f,0.07773601068009915
c422bdf822a0dc56,0.13333239398028152
98269904767a2636,0.05669836861379245
e6cbd02151c72662,0.16480404224962178
5e7bd880681d9f61,0.11839496715430786
fbe456da262eaa3b,0.09372888316813559
dfe3e7968ec080ba,0.07319614968678907
0e9ef351ddbc9ab1,0.059588473950340504
2902b3339eeca5e3,0.10076916937353514
a7137a063b883e92,0.11760075447328933
b733ad3dd8899d06,0.07590924583967325
44fe9234ab115e2f,0.2021781892370188
000b03fc8664c7d1,0.046508192073215604
9020a01496eaf633,0.13398816735227073
53b7a21b0f4cc200,0.04752604494476568
20cc306cbb1c6bcc,0.16442856036616893
debcfcb981ae0125,0.046311683063178954
802bd1039c3e6a1b,0.04325584890854456
5f5c21e0b6a4d4a7,0.06808556070726597
4e1d92bfbc009b58,0.12907966336601936
644c03f056f3bf9e,0.15380834411996738
3b4855d86d450661,0.047557461191557966
dbe1c9a9d3e563ac,0.05980514969209832
2fb49e6e63bbe8f6,0.13976307447860223
2347ddad2e1b095f,0.07516261572108539
e315a627d1ca8573,0.15128433171160624
0558a476ace81c15,0.09353852403528344
4426fc96456aa43d,0.16118576090992895
ee5092888f963b26,0.06344238416422421
57886ec9ac1bcba7,0.16587674050217893
69e1947ef1a19192,0.13328146705639785
af29d6fac97c87a3,0.06635822225664705
6952926383750b48,0.0862879217246642
b6e14b919c7ad1f2,0.0622402254041452
8d09ba7da0267580,0.1503259923696919
40e7e13ba421c25f,0.04786144848439541
c3d8677083122b80,0.1701154330080967
e41366313db49145,0.05285861292217322
ed95e31015c5959c,0.11087844344851693
64f0bef89a702494,0.04489179479881672
81918dc774b899ca,0.04434887874141983
dc9dc895fc8368b6,0.08272652359764396
ea0dcc9add9ba8c9,0.11473117563567654
c45a009981cf2faf,0.14490390173622927
ee4eee5c2cad18b3,0.05623425578667321
4b8886ccb99d4b95,0.0915358231785035
a11b7637d21059b0,0.056686853911020706
ae6bfde3685ef5dd,0.046549704307312895
095f96ba3b90f727,0.1020354498151335
c800465fabd83658,0.04882486511186313
c75993f60039bc22,0.11500337228716967
15b2e13c51d54758,0.08436985311190424
cef343af7e936391,0.10853068621785561
bb9e37137f42fad4,0.0907949250217942
b6f54b152f0f2c28,0.09642066698757994
54548a1370ae962d,0.10685087552438466
774675091e96f38e,0.041176881719263356
64db0198c907fdc5,0.048048540424266296
ee3a2eba79a61cd2,0.05492263861016985
d87ea92ca2504e8e,0.18134135503062007
493f68967d2931dd,0.08088055206779259
33c5bd3953cad989,0.08790566422282105
31719675e9834500,0.06089004342899259
283d0d3d8afdcd48,0.14195094960372526
0954b46131527b56,0.03894994523127665
c7f99cdcd74ddfb2,0.15834843660958878
89e81b0750c67025,0.12597080877514685
ef2e114a293d6051,0.051544867223839545
3eaa82eb74b0d2b9,0.21208463738441477
f115b5827c53fdae,0.18124745577861515
5b981d50572234ec,0.09431446563550987
bc2a7ac2fb6ad312,0.14051110897491034
cabb5fa14742de79,0.1567206128762154
9dcd899d3120d04e,0.044996645522685036
5bf75dc153469005,0.12965963734149155
a99c57a3cfd238a9,0.1806212358499898
7d3c73f6e6251236,0.12962751927291458
79c824cab095ef0e,0.09267374380664173
50457f03b19ce000,0.14169355495312005
72ea29c850f97747,0.09417767467518733
949aabf35ccb0c4c,0.12038652780581
bd3b7b9b5cc3a346,0.10341507116521347
581ae7bcf533000a,0.05269216353036687
f944b728b8eb9aac,0.09880594106487528
6add937f4476df2c,0.10748006162185386
478be273b158fbf1,0.044472887965798714
43c1856ef31d1073,0.1705314828390292
8f97466fd3810c1f,0.06127550906752067
3ae22b8a964781ec,0.1040869690505239
82ba55bfceb0ffbd,0.07910720000481608
5966bfc14b304d05,0.09390866755462297
eedd90867e3cd9d4,0.0339129650366613
99db9ab5fdf84102,0.03929952046204954
6c6761878fa11c78,0.11726187598642974
731bd2e8496a9b0e,0.04163246922209446
9f1fd83e49b82f88,0.1894263033316442
51a2cc12286941ac,0.22349576706266358
7b60067efe8e7c4a,0.179221289516411
7ba8d7a5a2f30106,0.1867253834163292
677aebcf5c57a29d,0.08647375104515143
c2e6810f10057ffc,0.09627547599283605
f770bf49e8b32f7d,0.12835543618012588
d999d97cecc80f08,0.1326774792902218
225695249568ef3d,0.1771460972753509
64c347ce204607a2,0.14545421281963733
8b972fc1665f8aff,0.05944441343451823
fd3a180f558ad235,0.09814207719256607
f24ea2f162b99780,0.14418466182815895
71edcfb193fa3be3,0.14918241790894296
4507c7c846e862ed,0.06877125203498079
ac51d145f495fdf8,0.10032861293715119
3ab5c54552e9add3,0.11712553637662476
0e545a1fa4aecf83,0.05074192506052668
19eb7f93e53f33d0,0.07932085120363346
f4653f53352a740c,0.11212361968103858
c716d718820e66c0,0.059256461322132636
a8a2778b42759e84,0.12901458862660145
d632ca08f997e38d,0.044004215839929424
47c56ea6034205ca,0.049410713236719216
f436395245784b88,0.19914919170621234
ddb7078278325022,0.06168565947472262
1c24525f31c1953f,0.1507632995036049
7c7e6ee56d6ea5c1,0.15295101334647432
0e67b9cedd55f492,0.06133018669232493
a585afa6cc802221,0.06156321330258835
132bdb2d81abf434,0.10318457177356699
cdafcf3dcd774b36,0.10643503356916222
5694f780d2c8e463,0.03996547607791684
317ba4057a04aa16,0.16106679131680637
a92ae25f2defd1f4,0.11231973545943431
ff0073be9d8669a3,0.1678307311063226
2c4d6fd16e7da4d0,0.11367546266414047
e8b93ecfcfcf69bf,0.10290607469046804
aecdf632644c9922,0.14808445607102186
0f4ac8759cecccb4,0.039179956690066936
ae0ed79b3f56091e,0.11195581268684014
492dcb545fd160e3,0.08122679086158148
b6feaae9a6963540,0.07297768356488898
10bc80bca38b6418,0.07572254649903541
d8bf52f15b58b474,0.04867802219384055
d590d13d8a0daf0a,0.10883254189306397
bafce96906ba0c73,0.06962923377723768
15a89b9d9a174795,0.08433596709240909
3c895a00e202bc6e,0.1451590918605462
62100baf87d531c1,0.12057266975492074
8ea52f2642c87cd9,0.08647720133271253
78bf3db367f46ea8,0.18637979573438948
7303626be6419b04,0.1086366726589285
86f2e3f9f88bf00e,0.16727993587355186
39921131b7d48cf3,0.1264493051975907
7c06255c489ce455,0.17665410786660976
2a0f68fcd60099b6,0.13964865508757182
968f899504b28211,0.1220651119331002
98dd9df8fdcb29f4,0.0885278158673284
ed55728c47c8b666,0.05172261131267899
0e54abd540000681,0.16277971087768217
2687ae2ad26c6497,0.13887071889572447
afe3e3f4edc8f7b7,0.08341428132673538
3d8ff2a3976b69b9,0.08917853632447216
13e6deb5f77cd1f5,0.10382540086074632
8c8711be796262dc,0.07572033435168102
8eb1ab06839664b5,0.07515400497279272
dbd58b32bf776c26,0.05049233253065658
4be0c2fba004271c,0.12302954084272615
a0f6b49ec1b86bc1,0.14312654523650092
3b33e5fb16341fe1,0.12518050676558728
d39f326ae61cb937,0.03494042352303874
00e28c2a11d38c61,0.14096066034656818
a55c74a9759fd56a,0.04148626657635482
8bfd04b0788122e2,0.3471163161205936
895776a9cf9c8d43,0.09200443041918116
7ff187535e206416,0.2419342900449545
b2d991e4147a68e0,0.0457001208197087
b62ae246269c58c4,0.18072554596828097
b8af731f19b5c84d,0.032340224723899115
19f5143484b38101,0.12304970966650812
982f6a3f1bccc6d4,0.05562116376020589
2cdfb20347feec4e,0.17405375507443008
5b2d62e736467c16,0.08090547388619873
f85bf07959deae92,0.057639452290060705
8e923fa1dedcd01b,0.09550493823218599
93b3dea6a99fe31a,0.08093860451253553
8bc3af23b3d5ba85,0.06420454476026118
91db39152bd6ad50,0.21512028465846142
d911a9c74b505826,0.1409563318902186
0e53e628826772d6,0.04816465804527984
14d7b607e5e3f0cc,0.07508408920282517
f3e8e3469f0aab7b,0.050364513951740776
b9c36eb092bb275d,0.11203537699895388
9cff3e265921dfed,0.1267993534845999
585bc81acbe5b1ec,0.044435159666280734
15f8e68c7ac23dec,0.07010824416991751
a37b05bbb09f8496,0.1799362600961277
4f31f80a263d61dd,0.050691778400513976
6a3987a9bab31c44,0.042077544917022126
9f59a5ca5ae6d119,0.08021022208383828
afc6cb824b3596c7,0.04039533492688824
64dcbe6f4ac8de61,0.17242285853846365
1fcaa5c3533f63ca,0.061203894916010415
a266793e0c2619d2,0.13113068787040502
598af3378495839d,0.07843004721041254
b40ecfcda1506387,0.054838693501849355
22537a4c1f1cb22f,0.062494513930899616
8c5b78cda30c225e,0.11249844614426892
3239189122d043fe,0.07522777980638463
4b34859a41dd8627,0.06958769130453211
7577c8941b2e888b,0.03895204935545537
8ef15229dd291883,0.04134402890672399
3332780ef14cd99b,0.12782933042861006
f93d1a6ecd62d897,0.10578688375249945
9505f55ac00dbadb,0.15797147326616326
7c1831bf48bd728b,0.0351537596816522
17cf81ec2dede54e,0.14801312478875275
e84c6f3155ec9762,0.2901988959202501
e894ec9e0ac2e7a5,0.16628942375283426
c307472500eaf782,0.15474988425091088
96de47679c4cb6b6,0.058936215590959136
e0dd44e7040c3168,0.09592718065267906
bd9e6bd2fcf5a54e,0.1323880046372968
0382e0d155285962,0.09745802741819072
509eccae9abde09a,0.1515048014973366
f2147e0be04acf5c,0.11271134557328692
f3a6b01cc0938196,0.14931858459963643
c1956069b7309004,0.06655221729200422
2292dd5e617286e5,0.10819385406781357
3644d81639ce9f29,0.16410124788537697
4a5bf3e5c85dbfe9,0.04897048048512002
095a4f241c64795f,0.1650864949741717
aa45545b6df75be3,0.11943186285813444
ffda21a7e2973492,0.11745666797519022
662adc1ed3e8fd43,0.09928259141671109
218ae6cc5968ab6e,0.17855785759461174
316379f30810e1c6,0.09558202301891366
eef8a37b8fe20ec4,0.22362179956088
d9a0aead3407db9e,0.1281073176620856
f0c65e7320950a84,0.14057691040131637
4625132a59dcda74,0.19976336750550802
ab1c8b0c3967b656,0.20257147261606304
f00224def382933b,0.11006791843526857
090051f10ebcb768,0.08347804736011823
2a0c37f157e82f1b,0.09413730258291919
61914ca3afe42c15,0.061424237845562925
a9fc0e9ff5b0e706,0.04535839000574207
f548f7ed3074067e,0.07822957672195707
9aec70578372daed,0.049977726600023364
fbb0734a4e985290,0.05036930207746492
a8cd11786e7fe2b1,0.08988501879028592
6a4338f210f336ad,0.07284661584618653
cdb63c81014bd072,0.06978782365262719
2c5a98b60450efca,0.07867274221739036
2337a75838293036,0.0477191301052563
a0ed386ea018cce6,0.09846582862132984
db76609f02b3bb31,0.12633666697205614
597bd387a63987b9,0.17763978495532062
bc7571c47a54ce9b,0.08115520958591688
547510d3ce221301,0.12442803492974519
8e84181f60b3ec91,0.08300329461517764
13880ba898b8f597,0.21930237100777653
9ee1fb0201512e8b,0.16784574759347512
48aefa3d80da5764,0.08131085046090329
498d517a667856a7,0.10121735262559466
f07b0e35881505f2,0.06024782516850221
1df225f3addcce26,0.03937999541499819
84a772cbe6d216a1,0.06998832606753362
f0e4a70f82f01004,0.11175977616651862
3b639af3777f4c39,0.03765676983094307
b9f77a4295400abe,0.041769689214176155
7d646e2fd78953af,0.04142425545737554
4127b246e0beff6c,0.04618840930513649
2321d1fdb21c809d,0.06684110400572967
9936f8d7184f5e10,0.039725370716767766
e2e9ef0520d08656,0.05181528384251089
0aa9b948dc8766c5,0.04483073092447761
d96df85b5160b1a8,0.06218073233219092
3bef9584524abbef,0.12285782648424641
806989faeae50571,0.03833484045566688
6fedd263e1290110,0.11997443279863129
5762314e60a560e2,0.1950857654997349
748cd550549c514c,0.09482052683343546
58a8e997e2757de6,0.03805056028100008
c13887db4b2ded8d,0.13109969483566172
eba0106899e8fdf1,0.16618470630823415
a947c7f89cb176bf,0.1835068849634857
4ac4a17692a2a70b,0.04044181541108641
2fa4409e1b6a3d85,0.14556050383516364
a783eca691369f3a,0.09504947771467431
e6e45dc137aa0511,0.03969101838526133
c589fb4e517e579b,0.07810756175476011
0535f48557a68402,0.13036284789167882
48e423add1624f2d,0.1332553048248961
d20110b1a6f20e55,0.04930393560680422
739f7cc76c78d0bb,0.15864304534427384
2d439083c11f62ae,0.1291452771482541
0c74bc780e465296,0.05696539503164543
52294576789c8ec1,0.11846266396200633
99b2421c51d37084,0.049241064551438014
de49e465a4c970c4,0.2221102509998181
4c88fb93b8d12270,0.04501931378761045
dcce15e3b59d9796,0.05092900242250604
b8e0e09067432f1c,0.17198175944585828
962f882f18c11d46,0.0713357593344426
34753ee28116af4d,0.1231294865105178
7c71a6fe87ccd6e2,0.04321696216478808
7ff97e6a175132ea,0.1033650506652939
d84022bd67943384,0.118652574600491
c270a677c7614aa6,0.06920155934546691
1266e1b58e87a761,0.12045938968727525
9fc631524aa3372e,0.05587298342466804
88da969d80daabce,0.14616142786732234
9c5cf1807334358b,0.07407164707128679
0e5706f9560fdbf7,0.07267944886253926
d9db7cf658a35e31,0.15391163216079787
38bb0629e63b6590,0.10982261864226779
726236f75c9de724,0.11113751331840864
47ff559912cb3714,0.06278339702788176
bd567ce69cb8cb62,0.05769011462808767
6b7338c16e1db627,0.038422048028222695
2e47f13eecf939c0,0.07729164936344811
7e001225afcdc58c,0.1294183802659877
b0ba287dc9f94b2c,0.12072397750600221
07be300260466f0d,0.04733394325733278
49e2abe2ca234745,0.1600285879658204
bf163922b4b12745,0.15817788252914136
aef9d385e9ff8518,0.16274983399884327
3e364e82bc780650,0.2006484615120676
393a9aece2867c5d,0.08791793198412283
b0519105b55d4bc5,0.1376053985825091
c5a4b1418dc4e412,0.11957384038765839
ae000e40b4cdbc49,0.06417169771669201
bdb4932474ae13dc,0.16125625077615954
54ab20f1339d0955,0.06131433578319027
bb6cce3b0b6744fe,0.0551836648591487
0d04ac4d48d1e700,0.20812363468150866
6e3f51731aaa2c77,0.08945012306779902
783b7b163b234e5e,0.13897834739507
bb6501e8f6ab95a2,0.04946404072385579
e5f20b7a540b7472,0.08121622611357697
726e2ec81830f724,0.14938098613996503
e8dc50204900e975,0.047128260164803676
1334006b9c4f4ffd,0.1819230667703889
3553330b5c7e6092,0.11934396579378685
e1a3e161c8b2e221,0.08328571901715386
44e747740cb4260b,0.039866765665863814
00202304b4481207,0.1492337872937358
931eab5e85d6e3fc,0.04953035710193787
e4b8ca3da3eff8e6,0.06473411738025452
103e5a44f9c30ed7,0.08907272369611101
448d40536e9c5670,0.08463086628641313
1b4d4b42760e781e,0.2006883628526872
e0b110d4f6844bbb,0.1334760802290388
0d928dd7f13b92dc,0.11297985458773781
1bf6e2dae324cf0e,0.10879529006620858
b2a17e2a9337f111,0.22721440847257934
564d7ef8fb681d94,0.0757060582036684
a2088d882fb6d77d,0.16410715732874415
3fe22caa380445a9,0.11379354732058071
2b3c171024a98155,0.21499866134911663
2014d23cd7792183,0.13316296960880844
fc996643d63f02d7,0.05717353629531364
c8d5c605e447f4fd,0.0904466325592787
634298df42266b22,0.06114142743244155
5c8cbaf8b4d39f57,0.16882658508186688
a688ddfeb76eb78c,0.1760464001616703
85a12cd29f47007e,0.0520168231165406
a5e1a3f8e312e1a0,0.03979906425225813
29e076c93c2b7fab,0.16462885509377195
71b7b90e9a0b70ae,0.13095171776338624
11583aaab15330e4,0.03581124978862183
5b34705855c1c880,0.0805112842403775
26361ce2a06897d2,0.05828074421684574
2be888bcb74be336,0.07575774499381766
fd96abe884c43d6c,0.163461756879149
165fc0b6a160dbd9,0.18556856540076128
b8c8c114a79ff453,0.045012928912539614
e22746fcf084642c,0.0408068067066182
3fc60942cef4b9f8,0.14388334532601668
c78a85aab85debf8,0.10527534849697999
9c2166227724c80c,0.045062841126840926
e0291b12205c2c68,0.1417737921779301
307b5de4b89748c8,0.0383870585221239
b83469a7d7ed138a,0.15121117099685288
4726c5e084cb6f1c,0.11632048082184639
33795c308f648269,0.23688760090604918
d44b56532551df1f,0.15070530316667743
7db689f550f62666,0.08409131354480648
c64b1df6de24f982,0.04649937646064541
d9685a6aeee511e7,0.058568908829242185
2c867c13048a2311,0.17783250170631212
b3f36f5f67857959,0.07401617940927922
c8dbafacc0fb77d3,0.1110079875887325
3a1b2137777bcba5,0.043132997393841334
c9627e77fcbdd360,0.11825690491917501
cf4f6641c91382ed,0.06833458569913864
fb519c3fdb753245,0.1976746758526434
035449e62c90677f,0.10550133200822837
5201d1bc5a7cf0ef,0.11031428057510233
01ef09b451cbddb0,0.08923058289760438
b98e367af7c0158c,0.044064762676535855
bec6844244ad0aa4,0.09169384938009618
ed82262b135c6e4f,0.15244494459702962
67637bf7061cb7b0,0.046506758355644474
96ef8b85b60392d5,0.17803264416662942
fc1b0a61b9dd082c,0.11065698857489514
c408b4beae948cc1,0.07288782580451814
f26323206d284ed1,0.10974804217258172
9214caa6c1a0dc02,0.057275087793407585
591a28a3c195b6f1,0.1394537630674896
9cd8a8ffb7a9e96e,0.04357675502925964
7ce580a49450111c,0.05875167617657386
abccd8c43775abd4,0.04553736001722004
5c6acd44464d3db3,0.1819101397036301
b0e58b3d4a2a773c,0.18302022841881826
eff75fe4ffdcb49f,0.16923492393180686
06ac1908fb89960e,0.1331255394522074
6e61df7259588c80,0.1969258713655561
87752778bf4206ba,0.11173281953756699
2fecec0b55303222,0.06683054110578386
d57c0fad9eabe24a,0.1531770343605706
93cc7546b8c345e6,0.2026261821297474
eb76de6938c4c38e,0.11169534264292257
0e733a579e63472e,0.06660503470199891
e7dff8305acefcd5,0.059618828415803383
23423479e34fc441,0.16603742078506922
3f66f582c2bdc24a,0.08717185539709804
d312e4d7fce5fa01,0.1183136137574237
c04cd9fa54077b8e,0.061670523009247136
04b68ab2f6458e33,0.08991185210205586
35665b0fc6847811,0.1228658038160398
9028f284365c7863,0.08745911549413105
fa23926a88284b39,0.16519165778354447
ff5e27f506ba1ffc,0.11801983436728357
e6a04e92205e9e33,0.14107906916966617
934c2e26775faaec,0.046405179384676636
35403697fd72709d,0.09343267266216397
fdc814fd85f237e4,0.13408915455936868
bf4ee2f20859884d,0.05914389771932151
d2d10af48a354c4a,0.0888814479327741
a38e463e1b086d42,0.13648004199447308
ba49ce0117002110,0.09107457875935494
d5393f1776772d2b,0.08582624022783962
80a6b6e9f65aa3ae,0.08319162273580781
d84698a77b768899,0.041909102418051895
8d09ae0709d01465,0.1616463421036186
0ac53b64e16a0efa,0.22830015521673305
a632a91a07ac8406,0.1190726807526085
1f2437c787ad39e6,0.16890615370728368
beb116a0a3ad4f5d,0.14157368041315072
c38f343ecf8e9527,0.06622991406030006
d04bd8d61ac99c5e,0.06476625087047129
6a279faa81d0684e,0.08386504416751579
1b49b1154407ea05,0.09990712321665175
b71746f211be0a24,0.03691230804667956
bbe0b7fa6d60f17d,0.16269569460116337
c9117e785fa1cd68,0.04595752278889631
a700a6b3a689a18f,0.07969281980506131
d998a004d828aadf,0.15391079683513073
54cfb8bb56897eb5,0.15432236671848434
bafd504785d302a8,0.16865279759220028
3f45db97b95a3352,0.06137512562167605
2364a75ca729f899,0.17570665779156025
9387acf4770f549f,0.11883266219912696
a434422326289b00,0.038578522117655716
8bbcd05afad8573e,0.20968904358249532
82fc48f10b8d7cc9,0.050773520160024545
65dd24b31c0c4067,0.12060690193285967
b25ccb8b682acbeb,0.1073446169153075
291117008b4408ee,0.11443177014765456
aae3422dfbb55bf7,0.09767284262277466
d436224afb38b7e2,0.09754277908276143
1287c0ffa2f14635,0.08027228453612342
4feb7edca163def2,0.1649339726561259
00df2416e72cdbc8,0.06346257445719523
e51c757048ea36b0,0.05224157460153203
59e45992c3fccfa8,0.11677719946711064
7b44475e4e2e3b92,0.1368845693342947
be457ea8112e2391,0.10861212393554089
1e4fd1293a611d2f,0.1277254877431135
343371989bd61c74,0.1232392640497227
6bb985812e990044,0.07133328805804433
c0be9996bfb5270b,0.07848739216843147
bb367ec1a239b8c8,0.11552243519654215
91fc9ee0920431a2,0.04721187933818192
82f2985fe6157914,0.061991452401468174
eaad7a9709bacd50,0.11073414200423588
1bb729bdda8eab4b,0.04477259076169109
35320f198f2157d7,0.05270348939741049
74cd9018fd2aa194,0.0851830684217302
fd091b5e49f8138b,0.1019503532566504
917e088d530b042e,0.17357547550424804
b0e606a7344aea7b,0.12045861065377635
c220230ca6b46d2e,0.08775870280975456
2174f0850e20c2b1,0.04317728566093055
3bfea4a031f46e50,0.047671740823380125
22199945c8b6f01d,0.13918558629002598
efd4e993a8d94f5e,0.09195835982467888
acad3b0b2e72b212,0.11024754876337724
1a33438ea9b6ba09,0.09355581217474618
c9a22295bdb2b49c,0.21748865190770453
0a24b5a0c164f36d,0.08724384369028272
12b662eae7ad89fd,0.07898175032002047
788a4a1a340ccebd,0.17218262947202848
0b6ebec97e53c571,0.082514384477176
be4269de80d8b34b,0.22375313703973151
ae99dff2a596c7fd,0.14999173284103193
1cc563af87248566,0.13517783696940563
95b03e2a8add3a08,0.0851375775007865
bde7f9ddcf827170,0.04186730579492328
e24c4af855561b6d,0.08532100737182075
a1ef8a44aeab6af5,0.2547291835015517
2bf2e0d5f713e9ea,0.03875436970046211
6585c55605f3d692,0.13724607182047505
4a44bfcf3c8bea26,0.04182843225636288
78a21d5aa40bf4bd,0.06860360026189594
d208a68d90d83d1b,0.09446138005700937
fabf07be02cadf0d,0.15244383436734762
3fc8a4ec51114a77,0.13098257104158803
d8da2f9a640f4e03,0.10880587805231164
f7a8212a941af65b,0.028108257099948384
836c933a5cb4ecbc,0.14639234991411096
e292f252eebf817f,0.09238235667637155
ae7e8b931e0ade53,0.1749066649859521
c937062a293ea0e5,0.08101484782759617
673793020f42eaf0,0.04822450960983105
531a753aa5a10879,0.060265201254993926
65613b893147c771,0.13727739650566617
a3609d34533ca6b4,0.0956758958483006
c9eecf5329211123,0.23504944997171942
4e6d4f733588a212,0.13681575861850165
95e0d5ddca2118d4,0.20300118981736873
4b071534952c920b,0.07614663902416921
f333221664eda263,0.06283918960394527
8627e41026f74eaa,0.11522045360013095
789f4695cdd6a417,0.09583618344303234
908034eabc372b99,0.05505271290330425
984bfa387795ef76,0.14478729431515674
91c8e8e6f637fb1f,0.12068397448672352
363aeba9c072e960,0.1598437117659139
5cd6915b98d723ff,0.10374085758139971
20f027368dbc60fa,0.04404580688728912
a58841827e8017bb,0.07268193954862806
ad9e6a299aee4827,0.1134922412854165
fad46bf569ac7443,0.08923717918363115
0bdec115af64e996,0.10401754647422827
e78e15a02aa6163b,0.18676962048771348
94c1b40d53f1c78b,0.09496277464181462
c1dee5b6d55fd7c1,0.17476627241375273
502f0c8494138feb,0.035677480160508944
316c5e9c86bbb645,0.049112235237524594
c5624991cdcf670d,0.06868082355707827
e000077bf8c8b49b,0.10757408337380564
9a36d5ad49081233,0.046260493352590776
e4ac16a92daba7e8,0.12923485523464903
caf1ce5141ffb34e,0.036888215513799595
d07bf091bf998e0c,0.10843392308074806
f230be64e9f003ae,0.1616425494562441
fcfe55e0768ab257,0.05953413342998925
ad04ef9c94f25ea7,0.05436232570721372
b6c3dc163008115f,0.0736727393290181
2a0af6ff3489e003,0.08888815539727546
5c098958dc2a26c1,0.04560869828623643
a802f6f7cd6d7b2d,0.07934478032176413
f0897866ed523f60,0.15603883829061654
3c1071f1773cc7f2,0.03319569780980003
5fb77ed43c58e517,0.056805282999855156
3fbcf72648af3500,0.07141999396349387
64964fe3e34849fb,0.06424735710306782
3d3b19b2da76dc78,0.14776423742707886
69eb4e47c0f3104f,0.11325922681598433
1b55daf09e9f129f,0.08012980179820145
853fa0b67eda4e6c,0.04930065086200367
636b3bfe96c8c67a,0.06441318237795754
51b24fbdde490535,0.06278698930579575
b80f84359d81c98d,0.1062843967321554
a865666aeb2b82d1,0.04168107494252393
08fd3d5f06273089,0.03824596471154288
cdac52f8c24b9616,0.16960968032017162
bdc841da585c4a1d,0.16917017757565225
8858154c3efe65ff,0.10909188107605543
29f989d45429b9ee,0.12028050848993892
b97dff4909968aa8,0.03909774689876748
69c86328a89e4898,0.04914579847120553
2d50759601edb9c3,0.14466483122026616
134be78ce02d48e1,0.1105537952717174
53b540f7c8d16cfe,0.03591671066967892
76d2e83b30cca3f9,0.08298303918771745
062167d4ccf76346,0.1686296295315304
84cc2a48661e807d,0.051782238665960954
60f1e251520005f8,0.11691168325416694
781115a32396b4cb,0.06632942493458126
4c1e17c82f4cc326,0.16468384304022463
b602ad5debd51028,0.13125719819479711
4d9da053a872a970,0.1344726560924739
95f7ebe4304bd2e4,0.1836280362658995
67a8207cfef9f011,0.2737972721710005
b1c3468185b9514e,0.1288703836700855
f80ccd7ace26ae4d,0.33637612519933807
3ac147039aaf4499,0.060976962241266634
fe5cd175ea7fc09b,0.04934962852968822
9026d2936cf2bda8,0.15040533427944433
a4b0e01784fc7cf8,0.14564491021814674
43c462b48d97dd20,0.12710933597077925
e36d0189d20a7617,0.06480358185690822
43c3586991f4b403,0.06623759877893037
009e48f2b32be557,0.041765279736908904
a1689ef168f2f333,0.18150697487131548
dc310fc66470ab07,0.0975976336221736
bc654d187751fe04,0.099269176867172
247e62af046a99a5,0.09089409016664644
48f2f9556bb2ad1c,0.10789767982320608
e604b921624a200f,0.15801712729299208
e46765e152f7daef,0.12848774164566645
3d183f0c812b6d09,0.12056180102838032
3a7275f9aeda8305,0.03963906694845206
1d994aeb47ff952e,0.05723896067550096
75dd9cd1bcd35d05,0.04276912421159162
a976b4932381b300,0.036243600698705844
da2e39ced8c0afd6,0.05134955903660046
c77fd47bb1683f58,0.13482193574007983
ceeddee046f39ae0,0.04477467466887722
cc50dd12d1f23bac,0.0975292619896609
8b73f447d60fc992,0.11021618328696832
dba1029662f0c412,0.09393172803533455
ab65e0876504bba1,0.1428025674885093
00754e6b5a7298f1,0.04065482550884259
082f192c053e5283,0.0465631284605462
4cee8c7c13d1afe2,0.10415993100429403
9ea9e3c8cb3df9aa,0.06414967455299823
2caa75dd78c01d17,0.17701169165436856
42ca39ab5466bd19,0.19469103381679562
939ed128e268f834,0.054437486773963685
e452cd65ed19c900,0.11475086856831612
e5ee2d79d0c49d1d,0.17546496319179417
ce0d423deb82f2f5,0.05402345545109422
3c30319ed1684972,0.10911561417109723
18968bda98628242,0.12192401712709038
9566631a173d48de,0.16322310553151118
01d78d3ab164da20,0.06252070819379256
7245800926a4112f,0.11746956452318034
3fffc62471c1f18a,0.17155678467940438
3b530b29e9f5617f,0.12698861039029904
65305594301ba50f,0.1427172149659959
593ee003a4981c15,0.09645293117188118
f79985b30220adb1,0.10094448029710955
60dd8dcd3a1d1839,0.16411903009941498
288aaae44688b015,0.14266143828308483
8a16369cb4554d3e,0.06557450136065718
4e49cf49f79e1181,0.17857790903021079
1a6026c94f49058a,0.07140215640962719
8c29813aa363f889,0.10999513706818916
5fcc5826d5f8db34,0.13285244435293117
b002c58138c724fb,0.050548599150563166
62a918db11ef3076,0.21829061909842584
8fb91f382ae2782d,0.16081551971416244
af730eb0035cf0d3,0.1561837575105208
546fef357d2bcd57,0.151068381372008
c6129c4b99d7f4c6,0.11250151503058416
7596069ac38eadb8,0.07887300111318654
9560c8310cf23dab,0.037135732171479516
ca1acdabe94e042f,0.13075665845581644
521f9d2193473fd0,0.06977179891255714
617eda3b96abb577,0.08333925926884327
8d735b59dd0a4270,0.17560325888762854
1b405139fc287a40,0.06953604808456006
e621733719a2d775,0.15343899562024907
95f4b0d76e779b43,0.12433038635328508
bd6a23cab176ffec,0.04288369206625251
3c5fadc2c957c7ce,0.17720649752348608
37cae1b2dd3c1330,0.11115057855415446
0fc2ffbd9370b121,0.09658989828733401
b31de0d8e304eeab,0.14598756913517938
5738bf5ea59fcb0a,0.13004020422046428
402c7edae37bcf39,0.13067414729164975
1d79e32040c6b05f,0.20913956540639622
bf493f6f4a48b2ff,0.048403338497368116
8530681352913ce0,0.04545459024885882
c79cb0e184ac42c1,0.06470232748053374
32ecd92eb352979d,0.14869300121682774
c9a54261284070bb,0.04689964098565783
e6c2ba81e397e33d,0.06565159413717446
955bdf4fc9420404,0.06873298553709327
b180a78e50608ab9,0.09414926376095621
69484ff0bdf4b104,0.09353104125915664
8d62a01ddfa11fe9,0.15321609894024482
12c3df9b72ef96e5,0.0540481220924349
12ccc513557a0656,0.09153450317415947
2aaa9bc35f4acee2,0.26211006278849786
e31d14248a98a72e,0.1362566734958076
1058c1f47fca2b81,0.07037398419460834
02ab14036929f70f,0.09314985632005292
6880fd1518aecd04,0.0949585262021233
580068eee74ae5d6,0.0395838217801781
fedf1e1bd320672b,0.058409880998125406
d47c1d43f9dbdf92,0.07555735304904285
8a7fa6c84cb2b0fe,0.08970613445106146
089bead0dc0d7c16,0.1113159944898305
3f12eac5d776ac9b,0.06247104665007538
2b55254bb421a326,0.10584897710517298
16721efb42f49e40,0.17935576244629173
87ada6cbd040d527,0.10102889622716826
c5c4d8e14015f4e3,0.12016544923063326
5d499b0e085f025c,0.15583478772318787
183039182079fa48,0.16800785813609365
05d6c8a5d3db19c4,0.16495683356446048
4477fb4e0a476ae4,0.1301411320391955
3965182266dda565,0.10132861881078492
72bafef29554438a,0.10692776402870292
1b31f23c3e55dcb7,0.10728613372762386
66c42c9008125f10,0.10179979141216704
5bf14b82c919f706,0.09811787881790586
2c7401c2798c92bd,0.08160079095951493
4adf517216b1dd47,0.04579720295696734
26348c70727fc713,0.18660193035736472
82c1c6b9b0ad498d,0.10718530459028326
1365ca92c2e04031,0.058984831981819814
9edbc98e397ab4c2,0.08677652603469381
1059c066d6e0626d,0.03698365425871789
af993cc3ac374b83,0.06594909082697233
f32194afe634dbba,0.11874341986016897
29de97ac80feb956,0.11419796245456766
e5fb185d8c6181d7,0.08985640331317916
632347c0452d889a,0.15729146720113044
35ad7b818afa2cc9,0.17995153800272942
0e9b47d072e9f5d9,0.08020200801612874
4b2ee7a5a4d7d797,0.11527845569830886
793b579534d59c3e,0.08318914000668691
3b23c46e8aebaa25,0.1351190877139318
f68b741461469ae2,0.037648385855818166
79e144db8265864c,0.041633767105292235
09c4fd90bed2d748,0.15204092224983476
2215efb176105acd,0.1337774999369438
b4a9877c6c234878,0.10135132582987111
529f75ff399c033b,0.1540704176929476
ad20741d26dac628,0.18897795930544037
abee4fe9fcb49deb,0.050571192431247865
80bf7ea1dfa6b569,0.13202138255629517
7d637676608f51cb,0.05713324320952808
79855154621f663c,0.048540056223233354
db630a696b94324c,0.08527693666675752
2c87f55f1bd853bf,0.04493815630224816
05466a89f589fe04,0.26550494753405346
073f9b06f7bf95f5,0.046362965455264665
d8c52af1d9a0ab94,0.04951757631900413
170df691b9758d76,0.12183587951309466
098c223fa7ac1f73,0.10453116345244988
947d4f80370f0b58,0.0795554183436445
66196fa0af9abe3f,0.14368193159252438
356513b3059ae50f,0.11531188195779622
a951ca23d4bdcc33,0.1257064693055055
defaffd4e20a4c47,0.0556638346206558
9aeb8ce75c56fcce,0.04743058570765769
0e52e6d570d8f008,0.046224720916748695
d177a330dadb2707,0.045936433124991766
4acf903d98d08aa8,0.23557461351477096
673bd4205f6635b8,0.1264925498656212
17b635201a20862b,0.1066257662772163
e31cdafcb4337eef,0.05414116010960313
2f57ad23a2ad21f5,0.14487525259931575
8c76f3fa81c149a4,0.0827757365874992
7448092b980edcbb,0.13629618207823901
cc3891e28dd031fb,0.041276755476379066
05d416ef906cddf6,0.04541454206461781
d5cdb3c4f4965afa,0.06032737170956848
bc40575e98475699,0.04503350959627372
7227a9d91f309e1e,0.08007978488137645
f83295ed727a429c,0.05517174723223808
44f16ce1d7899c02,0.04207249188955472
219b4d22a5bcceb7,0.0455519247054177
5684d434bf545e82,0.05060365479268086
03d5ff6b9db6a1ce,0.07847919778221395
c402ad00c62dd803,0.05315572619476533
d384f2bb50d7321e,0.12123729462810806
865ca8dbe8ae9927,0.08899115452232209
0cfaded78f4c55c4,0.1488182341407072
c1f9c03f1f673cb2,0.1459433150851416
80784aef1b00a337,0.13787874701618652
2cc7c6c16592cbf5,0.07404945803916196
f816697d9e23576b,0.08193398939769521
e0a3063ee410875f,0.07318252568590522
187c083474d62911,0.09099296995217382
32fe8606c8a5cb67,0.1597103174907545
e3b603a450f69271,0.06151628645894983
13ea25fe500d74e1,0.09764216373207775
3465f2b92e5411a4,0.0477643596283871
f84c04deab8f0a53,0.15910909738186532
ce64b825ce5f48e0,0.046196596193687996
a03d161faa6231d7,0.048494222973739266
7b73399454d06d9d,0.04700491340685866
726ce1fc6c05064c,0.11977233606169298
0e660e2441745329,0.10851699379354239
d4373d25e109dcb5,0.1654872205602917
6c8ad2f1018079fb,0.04047274490855552
485cc002fda9b938,0.044339467003986145
840b1b00c51f87cb,0.0346196151007273
e7c9e19e247f843b,0.10561332533368929
4f97589fa05c40f1,0.16298783722637175
41919c492d55190b,0.14103359317177647
8fc6cb3936ed4ac6,0.10396801007064366
75e3076bf4b29ba8,0.07099501719843627
8357351f6977683d,0.11008648150285427
1a6590aa6c3d2a06,0.14185271489906384
6b0dae5047e0ba12,0.12176039570307719
6f8bc4fa3d91a3dc,0.06297853645998282
e4aecbadc139b9ec,0.08731890246466689
7616bb2872e18231,0.13379929026529166
f97102e411194f18,0.057972606657206126
4f25e4f4959ce4e1,0.07106020867218586
46d34ae6f3e900ba,0.09810788658557891
73e3288eeb552e3f,0.04594482093403882
e7010fbb2150676d,0.08414591595509772
cc2c1c680ac82832,0.03816836173969402
d025b02417a63fbb,0.10873114707287514
08070948781ecfb5,0.05310803206040817
2bdbf073750d4864,0.10964504135356001
2783928eaba81305,0.14491716524464984
51bcbc84c0f437ad,0.0580614259571172
dbecf7b9325b78d3,0.17111626117937093
39b3096dbfceade4,0.09062301436380378
4299599a54525066,0.16493808503856308
ccd92654fb1f721f,0.1761895804780821
ee1170819ca7d594,0.049468105473019636
c30ab4f74d33afa9,0.03929936571940803
40f10fad12afb51f,0.10895643492968217
f4e63fba51ec3896,0.1660854105088526
60ad4f8eda2cf6d5,0.1774833297989731
4dfcb17aa4236952,0.11920418551128124
2e54d9b1b4e00337,0.06570957009136287
47a9e135733c2ab4,0.091149416448105
4b3c22d3da587d59,0.11017550270164851
ef89abef9807c003,0.06336719849095536
e7530eb737c85931,0.07910734615894699
dea26fe32dbe26a7,0.10352565043825622
08133a148f3d4ed6,0.12247405134633736
d39b177320bf091f,0.12280059047883403
c2eeafe05948ccae,0.12255040057417473
73c8d1e2bc9f517f,0.05694628648873407
0dd4da33e5e18c44,0.10232769345271779
25e076876a1fb6c3,0.15464268628841965
873d0ca47a7ce61e,0.11777839094509117
930d090798b9ad8e,0.10821687056493556
98e38baebfb97bcd,0.14620324363541848
9c779fba6fe0839e,0.04475050170496819
5bb1f9fc76a02c1b,0.07925238134775163
f83de39c4e518f6b,0.15305623970360502
10bbab1f08d2e6c2,0.03705037046155826
ffe63eebf605244b,0.3068343071665596
1e55e67dbb9fa1ef,0.09659459027081947
e53426cca968ebd9,0.13443213872870405
51bba86dd8aaec50,0.1549428704080573
582102afed3c818c,0.055564124019228826
b280a8fb8ffb9bf1,0.09456035649583848
e8e7ee8589574a45,0.07805079154834947
228ac1a17bade85a,0.08158556181941767
2bb37b0ac11a0c2b,0.13534866992784347
5588a1f5d8da9c77,0.06056867852398496
a46d657f4c9bc8ca,0.07578493514979538
7373ad47c61f558c,0.17857627705518006
0f1fcadf13eee28b,0.14247527116682726
1f8603bf90774382,0.23049043933733318
b0dc746e7f7ac87b,0.07689988910208757
82107223b7ff9788,0.12559607432387299
a38cbc0aecaa644c,0.07969734134230384
61dbaab39e7dbc01,0.04092426776774805
85064aac24d665cd,0.03681784755923543
48be998c9a3000d0,0.08539563117960121
26b2daccb2b045e0,0.18794885769298744
95198d21e3fae237,0.06740292802615606
b2a2d7a18404d7a4,0.12866914023094342
6b178de020b8598f,0.055503425876313905
38c1b19633279892,0.11701905319709033
186d5468edde7455,0.16650575040357632
4f33d36d7b629852,0.09474488855542183
b955eeaecbe25ef7,0.14787337992942903
39ad39dbe012b34a,0.21494769008222778
929e8e2af2403da0,0.07444447499440704
fa22cc093dcf1822,0.050477466836502914
f56ff6b1c2817475,0.05541370133556908
56b30f44349ddb92,0.1049614468794721
617dd77adea9e711,0.09679880561890591
4cd7a91de7bacdd1,0.1258755016595307
c07844f4e94ce116,0.22234989545061443
692bbfe3fde429f2,0.19207892920047862
6e8117bf11d2b904,0.07040560261362029
27efca94126fb8ff,0.05273324218848562
4d2a406b540c41f9,0.17816518001412404
5ca9c8756c163b0e,0.06149454481078609
c10aad8b54af6017,0.11272554866255191
60798b007f7b4637,0.06479558124971745
805031b5ab834e54,0.09041139931182951
fea6be92744b0c40,0.19587878230105135
284e4bea4a96494c,0.08319736012340036
4db0c35a634d4fb9,0.06076008326962586
351dca6bfd544a21,0.17690158819616306
c36cc7323d4f4de5,0.1485976031444994
78c350098097af6d,0.03624766539186907
1404eca61a3105b6,0.04984019771725393
2472a09a3e602f48,0.13447960466907086
5f9d50958df392e6,0.23567745215272015
ab8fde4ac70ac766,0.17501872457024234
6649908e57ee98c0,0.04094043640376774
6f6b426a42753b8f,0.08037792972647631
9f89dd1b9ea145e9,0.12356997010265487
d56cce1c1c4c9780,0.07384590032608856
fd794932c3ad58d3,0.03170159031846876
901c8562d025f79d,0.06686534520700343
2460966f3ca7d3bd,0.1394108299134187
41c6149d1848cad1,0.07639313889087991
2c948ba95eb3128a,0.15645299727753234
0263f07afc6e71f9,0.045984285345872976
59520bb39396ae13,0.13786191621012647
096e1b740c779095,0.10614039542750213
13bcd446b5b75780,0.044403160485764204
82652e7aaa1e423f,0.04337068828597799
b4c2a047510b1d1d,0.04593293256340206
8e95fe1172cfd49b,0.1005655259596339
8b3b319f1bf34127,0.1669114564965819
8e876b9274c5930f,0.0376495347488088
74c8dbccca14e4c9,0.19374181758731387
a13d2861af1b8b95,0.13539162775849425
3d0443784b9008d8,0.11426150431654751
30a6c22faea5d219,0.13509462665859132
8ccaf0cd13ec8d69,0.19346985574993555
ea79b75b6fa4e024,0.10101537994259273
df41150fbde2201f,0.10281607790937225
6bfaf27148ca783a,0.13445421721756037
016b24ffbde9f2e6,0.16670156340477096
c7f17aea0b57c810,0.04575439570259515
1974cb4a4a5105f9,0.09418698200573024
ed6fb2d892b20325,0.07508772983775187
029aa7e7739f68f3,0.06403769860149812
1499ced0a7fec031,0.07603669361464745
1da835ae2069715d,0.050849627926299545
3b48789ebdae6cf1,0.10899743843235667
b2501a34b4204e11,0.06379814113121247
4e1bde0d2fdb1719,0.09297200648461244
bd42c11dc1ea52c1,0.04312909787324672
dcdd441194892326,0.08639347038515625
890cf601bcb4d1fc,0.14468281502845695
efcfd07026d6f75c,0.12230667650437371
6e5921c9eaa0bbae,0.08586479518996688
076e6b937f9e0f1e,0.19525705439116312
fe7aa6148631a52b,0.07474592020052985
0204709b122147fa,0.04638806693056536
3bf87c4ce9af3343,0.041397153072828714
e5d3cf73e07cb881,0.12674567519480914
d79da024e674f570,0.1285141522953903
f137410611053710,0.06797414627923513
4b48a5ea7d8db38d,0.05687607109982917
6e5b5708c1bbde63,0.13520600473604658
2e21f1e2f4f0d11b,0.06770926014290465
2fcb7b875a97fd67,0.12772729097023458
c9c50dcabb2aaebd,0.042874385395646177
ade709965be588c6,0.07064244799209053
e99ce68035fd1383,0.11265428401177031
9abdf47140639086,0.25298929672982723
c0370f3f688a69d3,0.1784577153831318
023ecf078fbcbe04,0.09709269811439564
9366b2145d9ffbaa,0.16079733820260558
907dcd98979cefc5,0.05343274394332042
1430d1f8417967a9,0.09722543122871197
12cf954bc6f7953f,0.2031325909367038
9f439978c3ff1caf,0.13820446776148768
3d566b52640665bf,0.18470108085870632
1da24b04359879c2,0.06565972952964276
5fb8e8cdc5a458af,0.09658166507881938
69f63de79af9dd49,0.13272999876204536
078cef5b5f6aff6f,0.14454084450001373
ee64ad3ef7cbc727,0.0457646330666846
30f789de29e44c84,0.19151017453412902
ed6dc35d0f6c3f4b,0.22712794296488714
24171dc6016596e0,0.15490894769632513
d9753be4a4ac4d5f,0.18902499252944738
08b18f56dc4a9978,0.1058712518540867
2fe99f58d73a842b,0.051205706090131385
231cb4b19f8ddc4a,0.04087812640173092
a0f57bb92842d2c6,0.06511240118771505
b451e5af95310e52,0.13066297580147748
4d5e3c273bff2df6,0.11752748519336952
69445874395ad7f7,0.046452893721222153
72d5eb4d04446c06,0.07624502771279669
676277c834acaafa,0.05888747951485641
345fac6fcbfce3ac,0.11198636045773169
77268d80339453f4,0.08777288859106208
0a3d332e3608b10c,0.16580583987276398
3d3e247d278aad6c,0.1661872716029644
c6d0f1503380066c,0.1605690095387581
a7ccb8ff054ea663,0.151777445941216
d3b3fd3963b35751,0.15814758629361372
e361e82e1559efea,0.11354372483207265
94f03a339108fe12,0.03896786939925479
0d6b47fe3047807f,0.10545635475905842
f0d2a9398458201f,0.053138336795253815
8189ef648444f31a,0.14843534781102824
b341aa9047a23001,0.07283415124266528
0b603f589ffe5334,0.1720396341989547
dfcd5836b6d7807c,0.17321128892643653
c69510f82760fc8e,0.07389044240057042
bc2b0e3b0279f394,0.04410193389599463
9e59359a937dc386,0.06624996349451834
9bd6fbbffc3029b7,0.08585424373566523
78533ed0a4d75031,0.10553924126811258
24d3b857d9ec7516,0.14545162067047648
d9f1874f6346d786,0.1333391110179214
6588a72e611a860f,0.04907842156109717
52fef00321899df1,0.15493124500695252
b3c2a81210323102,0.060291287569231966
c1501d30afd688d2,0.0848262149206092
2bd1f2fa8a7cdbba,0.06281087414690309
7472a7ac18cd8ab0,0.19457725501270637
b1dcab1c1027e375,0.13100478612349606
2add558fb5890d0f,0.04805807928773271
51a6b2ebff82bb8d,0.12684584162399348
3486d76917d26380,0.14158772633200567
7d9915dadeee6dc0,0.10513708426421864
1a5e5859e62a5ff4,0.03707834605836972
ba7cc06ca707247c,0.10225819865308139
3c42318ad81df936,0.04547344642617695
e7f32c62736ba8ec,0.08424290212200058
01970049a1d79ee3,0.15454153564581205
c34d08417ccc14e1,0.12922895180598673
dd08d7511ab95a7c,0.09527407639987007
147c9ed162930636,0.13777732473762952
4d55d8c7e32d9a9c,0.0807579299966226
1df22e6d0f4be856,0.0941635957707873
29e5cfdbc9735f7b,0.13151989526567298
529dfd620d6ee22a,0.07273985695879485
22b829fba260c24a,0.0682086314849341
712c502ecc45cac8,0.05208389993921869
2806f2b7f968844a,0.10940111941010304
1ff716c957da8f4c,0.03615865509900157
33a651d1e2266900,0.18866289207482154
01aa41460821647d,0.11067286879124168
2728591ac3aaa7f9,0.1504711784157878
62153e0ba99bfdc4,0.15020571186284515
a336835871390b27,0.07755326433979566
66040815dd14bdc6,0.07334162076385657
e0d8f324ffe3e925,0.11938691791068429
e7d245b8d234167a,0.060633238014140674
b30acd5fe8990b03,0.2386665782584367
8b87df65e3f61018,0.10694975499155268
92d913128fc856dd,0.10386433585351713
c1aa97bf3aa49c01,0.05860910012050341
37b85ed57524087b,0.17141393826246912
fbbd2368a21a9e6b,0.08551773640821564
39795c53fb16d719,0.07523643237272852
6d637bbe837caf77,0.11183310850201533
ac09426ca8b44dc8,0.18251118579063128
0007a5bb7310d604,0.138090229026809
f8c5400d321751bb,0.19498829206876844
5c5d74b2ed3fe0b2,0.04413178511854854
a0d70afd5aebab39,0.08593785969527874
dab67f5669ab1b4a,0.12537770923843802
b094a6aee2983e4b,0.09634625504092705
76eceb39e4bbf598,0.1113881528650937
08792ceaef2278a0,0.07028856771975515
421639eb32096298,0.12695499329545062
3732446a2dc0ff2c,0.07876411883867951
f42e7bbaae983e33,0.13533033997725266
1d7a33be5e41401e,0.0995870621759649
c94efe294bf687bc,0.1625033620496775
54153bda194f6353,0.04794420191346821
275f14633d4a7de0,0.05308326997512252
7a750521e7810b4b,0.17413186978282447
b94bc2b4bd62e236,0.13137336862929283
3c2076842f11afcb,0.058326321281109095
53c3d245534bdda0,0.044263497658150776
bee1ce38b4653a33,0.04842455792221908
7fcd7a8a7c44d7f7,0.04742332668436555
60fc2edd396bed1b,0.10755198289182259
df7a1a739d1e3d31,0.14372224829155097
293173b622ae6047,0.09596371228162699
c18a9f29b23ca49b,0.054715211963581735
4497cca94390df91,0.07907258150969082
40d9096835771f2f,0.16975951345019033
ba30e997b8338d76,0.15256623665447988
56d89283c0f5c7c8,0.06531589970828035
f460984ca4f4f1a0,0.06709598220400713
63585cd6e35862a2,0.06879725109427136
26e41712e705d5ad,0.12513313095532963
0a056eacd56539b4,0.043750438236480484
9060dd63376b8616,0.09442081745060638
f11e51ec27009738,0.13555025338754767
d0496dc870887d72,0.11794082379817322
65fef6d3fb26ca70,0.039911134144761044
a586684b41fa9769,0.11442010294866621
3bb2f0950e70a234,0.09649840090815749
6c6a97e3ad10abbf,0.153844692913822
ede33053b334b03e,0.11777016630385145
0dfab1673fe84ab2,0.06928426877212736
f65b0230673c2e76,0.10441762936784554
5618ac6872992ff3,0.22586909869104543
77febd71dc7777e6,0.1644718438195346
7f54b45c8c0b9310,0.18394320012835438
9273e3e5412cfeae,0.12468423853211659
52087475796918f7,0.07207506350951681
643455f14aa1df04,0.03611401824679348
d1b24b005a16d2e7,0.1262252944225116
88788f98d41f9611,0.13424162907140647
bbbe50af555f1d68,0.09765836680859852
1bfe964817713a25,0.2833302128333453
40d6df07da814020,0.13199594552484983
8a96d0eccabff7b3,0.04004962549461413
439300a43f735490,0.04112076190684157
bfaf88448d1869a5,0.12157899542137772
1eb331ca2d61f16e,0.13859742948579332
5ad8f23386d2ce42,0.16302502244377803
69ddf95fb1e28199,0.14948767919032968
6c224fe2f90a4ac6,0.0715598923506033
7d2d81f3b2e16bb2,0.16329980459698548
306bcc14dd7bcd69,0.16692183262771135
db0b579d4d6c3202,0.0359952462463655
5e7670a553fae63c,0.11196655916848126
999f8c054ed84981,0.07190171491464137
645969c8fdeb22a1,0.031531908582405795
6158cad9f5117a45,0.06677536014728387
3717d43b0bfbe61e,0.12756937417030073
8ffc981637d61bb9,0.07108660107337134
8b934f4c25070ad8,0.06606393217443847
15701cad20890a02,0.08829179619842155
4a22e527eecd22b2,0.1216461417153194
6b7e69ddbeb27f14,0.1626952370598015
c44f66a5254d5ede,0.18375860238901087
1dd06cc994df91c5,0.1557017128873837
43da23e0c905b332,0.08939427928839576
cef6bb5fbd6d7d4c,0.040437149978594614
74e65522686e974b,0.07783828504782205
b2ec41e4d4e17991,0.06961524600923248
7adfda5837586ee5,0.08888649429449196
7be7cd83da184778,0.13526539530672568
331453c919db4a8a,0.051193648467598614
1ad90b2ad8ec5751,0.03952889777283447
06f305aa47e1f3e5,0.14395995325153474
5d77b6a032a98222,0.10441271334175706
2fadc388cbe136d8,0.039504784070805994
3a64f59d79eebaa0,0.08875850284351904
e9d4d3a03ce54237,0.1446598590848752
5bc032bc2d4db536,0.05756648817359202
42afab27f6d63b09,0.10915649991767079
0ce59aff9d61ddc0,0.11948263880858823
c4b23b3e64f8fa59,0.042835395156252565
df5826f4adc2407c,0.12788869921665585
1006c7d207337c5d,0.05760610280245276
74f20f15f7388f9c,0.041697869466145565
e8c69436b1cb3320,0.07694484732116809
609680f04da9fb46,0.04978016807834504
060d99e1fde9dc79,0.03703031607189724
6555f0c293c5a1f9,0.14869946297213935
cc835ba475e9656e,0.12776273427188095
960c65dd29d3417b,0.08870894867791573
c7596c71a0f505bf,0.04112989084724556
3f3297df319604e8,0.1251112076048659
21c886bdfaeba657,0.1728462313716003
4c47eb742008376f,0.1160746908445549
0360ab7e3c03e1d6,0.0763499306221027
106e8c5cc993ce96,0.10712962724826325
3f189ef767336273,0.11480123638325664
d87c2b5ea60e2e70,0.05514143813037748
924a02ba0ace2e0f,0.058455807705140424
e0a93aee5351fc40,0.16159578209882794
60036012aab0d68e,0.11726295702073192
92196298fd1f0a2c,0.0909998299091108
2c9507cd32c0dc32,0.04795283526542
f138d3401d1ef8d3,0.04016746145805981
0550e84ce3342ea2,0.17697934121579326
433b7b91aefd0d89,0.04299837345190832
2f084abde9824f95,0.054178165365844945
aec34c208a4086e3,0.15809564206208052
77832263f798d3db,0.10708030658096741
423646a4264a51ea,0.10533068869612561
99a11463587499b5,0.15171086395152636
5666dcd2f61e1fdc,0.08267275991990951
414bb3e31a06b128,0.17432080716362894
9825bfe27f61ead1,0.09416579701475292
3e8b0ac764ba974f,0.03448954615819664
f494e58fc4f527c1,0.08230831182950657
4b3ed9d300487cc2,0.14679271885388073
064d5daca103bb1b,0.08616831657038133
1a4b5aa55f664cd7,0.08255999764466786
65fae5433da58938,0.07900073975256404
77df36f32951641e,0.04694446447996797
2734faa9175621e1,0.21938755411102587
6952ae6c0325e147,0.041609599157268355
bc49ff32a733b5b3,0.12052516415383507
ddb437f22bdce5ad,0.17399813178249704
ad2ca89540526e80,0.183107113285468
8eb86976f1f7faeb,0.18477932179567155
351b2cac3bb60649,0.14067867110937557
f3685748a7717d4b,0.044968845582212036
af64f4a787a28c01,0.04557881394378797
e41d8e72f6a6da64,0.061899871529622695
43199fd3cad0d080,0.11861242860670591
08639490dad5a32a,0.1772458167081492
251545c20caf2d9a,0.1033197210563979
657fbf140a397f3b,0.08934882618534158
d28dd01372e08f90,0.10388681400343026
fb9bccbf5affc835,0.04126408804290383
0c3e0f0e422bc214,0.13299867234288354
b6fe616b3ee4f983,0.10238428449797325
1a05d9b0ab2c483b,0.08306635535183972
be053c37d8d326fd,0.08965298271873488
b0cc45542dd09eba,0.08896851547856045
0d1c9ebdc72b57f6,0.0789210323310987
926a38d305ede2ee,0.16609178969624136
381047d838351f95,0.1031112004945524
5afb977a1eeba5b5,0.07701369703735159
1ef7c785c8633cc8,0.08252421101562606
2f0bd78e22c8874e,0.1513567615172042
2765e2bdf659e633,0.04217623487989911
31756eaf193dde51,0.06261817519677754
ba5f5a3df72c6be8,0.16792107892908648
90e87591d24ae44e,0.07455085991199033
f9f063e55d3db8b4,0.10973011106661996
3ef90711b7e5d86b,0.12881565193000802
ec0a6ecd2422c215,0.12035694710248866
2a75009bf5006a5b,0.06694791471622483
9edf622febac0e4b,0.10758635211013405
9cee551773541f4f,0.0971510509126674
2a07f1c2d7378d29,0.10463861455787231
aacdb09c08c9a960,0.04312653845110224
df9753fd02aeca78,0.08641578770266944
ecc853e05f1891ac,0.10149562632490457
859bd8582d3d2811,0.09865788995083706
a124273d56f60796,0.08328006816692497
9cd33034524d6b66,0.08606387938217348
9e58973154c42431,0.0483312182463558
fe78518186335668,0.04240406080867961
0c195b45f68a8952,0.06217753979863586
bb6b109cc9317218,0.03995080113797173
a58342d3aee051b5,0.06444601361068826
48f975291ebf9397,0.17356885634279995
672604676c29d735,0.12666519593551462
144b0a7e9cb057ed,0.17469230898649715
02ea6c1ef4cf0b61,0.0371559959036099
fe3c47193f742bd1,0.06315835961156244
782fd306b790e8b4,0.10150580634401479
53f0ab0c206a7f5b,0.1502840157454581
2d15bf73a2700357,0.07206062358517878
569b34b568032161,0.15525992548192227
d98474765b2d7880,0.11216644026069839
f3088caf81ec54f5,0.19397192008594746
884de3bae564118d,0.1871774313859075
5b62a55571d795f7,0.12479067091746326
e860976e6aaf78f3,0.09985281255594479
bc5f8d0b2f9683ba,0.03769407131698841
92555d85c6369cfd,0.1781219411843228
189861fc294e0daf,0.0988331651971867
b8212e2222eb4313,0.04096523678461129
53afc56ddcd63d8d,0.12170832971588608
0592b0cab7becf5c,0.09334607310232641
ac4cbdd76a84da91,0.10617575057608523
f2eeb139d518ca60,0.13486749253785427
e02fcc8b8b63c0cb,0.06314630436756631
a7f194a18e15e185,0.07958654721879478
b9b57b5beadd1490,0.14516283514912565
357c4988d289017f,0.09050422661138875
f0d98c09bd71837f,0.1185837299451465
b1c0df4bb0c82383,0.11811990028812686
5bb361813a233522,0.06881718844068922
c3eeda7b200e2c92,0.07194598289405772
db0460b8a23a94e3,0.09483965205446836
3c80f795a35190af,0.049485819664719405
ecf5824d8b392491,0.06914615858082196
5fc7a11376239e12,0.04121030977329216
2008fba1ef946ecb,0.13080294824133462
e2aa59fe541e0ac8,0.07191806475446283
09b5c7802e6b561b,0.038877921929408206
988df0719acbb76e,0.11402726046880124
48d79ec301d31948,0.07754135588130333
d288ed9b89b3675c,0.07350676357496423
75abd1caba2694a1,0.05339793844740113
3660f3c735d8a187,0.09096626432198136
0440ac4598276f6f,0.16945891550970016
836bbb09e4831df8,0.08914214037113999
51432ea27e463eb4,0.06102210392122882
3fd99194e4efb12e,0.058103091639996884
ef1b4ca1f2c1e357,0.04932900771959123
70c464af7e1cea4a,0.056192846995279655
54c64f47d761f86d,0.1318227429267729
333dcb05411a601b,0.06405348624558899
11861d1571dcc3a1,0.059516048548083435
20e00d08f625d409,0.13233142938385112
8574c4f5b2db8c92,0.12717084949922877
95feb433faa8520b,0.15807550944421997
1dd496796a5dadff,0.06774915155568277
c1c248e8483e9ef8,0.06811086510080207
5e0dc0f0f0ea48f3,0.0528817547754395
7ecca4d6c9eac123,0.07786258819984916
58dbf7650b2286e5,0.05313023871346706
4c62224901fd183c,0.109325620572243
affa636fe0cafb15,0.16110533415359382
c9f2c416d003a925,0.037098483470476264
c19024a709757f11,0.07168955240761597
d3444b15af3a9536,0.10960002609782477
2f54cc2167b0cfdb,0.06993181418831555
d974c7d47092679a,0.06979549864198326
1f04a25da2b17ee9,0.13318174556271173
f133299dc49c2bf2,0.04344134756285006
9542ec8d29575b20,0.17159533766466462
6e476b773a15e2f7,0.05205330036436048
c468f0fe05876276,0.060702305404346756
1bdf15bc47508221,0.11724843975673567
687b1d6eaf1bb287,0.13580260857124696
fc8590ee9d55c5db,0.04256492464553587
a4379a3efec7361a,0.03849801981745613
30a2e56d4d608b28,0.11180309110638527
4b400d52635e28ff,0.26963907797578773
992d4d4846551047,0.15359573687082725
b91c089133d42f62,0.08220766085938132
c98879c523da912b,0.050549116132930616
7c8f510d8af822b4,0.13140459371406873
9d674a6212b3431c,0.054393803436414805
d3da05b2f284cb87,0.10143968000395776
853ab873686c227e,0.14680674549200903
ee0d55e13012503e,0.04378100214732109
fed761caa06202e1,0.0507257430696423
7750406f980f78c8,0.12682836969757208
e8770d9a28fdaeaf,0.21536720435780868
4025856444b9ab51,0.05436833272697658
1d0cc87631f52974,0.27231622836304764
f87d2af1aa151b69,0.09636618073971699
e2746f6359714da0,0.07616492320912023
6b20c519964ca8fe,0.06740313103145577
ac0ef70a6dbe1ce0,0.04241548790387626
29219b6baa3ffa60,0.11194972735572857
ef5245dc0733939e,0.08776261388033268
26d625d3997169dc,0.04765175662337762
ff9580c0b2b1a370,0.12875841946963462
bdad383d41eac454,0.03197117405876863
a6bebd6247dce4a2,0.19443242651049175
846ab5063b60d099,0.20428819335689039
1e342d4cd0cd2bac,0.09946663188214751
b111d554bd56dcf7,0.09715371863372253
9ddbb649643fc0ee,0.1523207471024025
0dc9c8998b42da67,0.16391932056172823
80444594c0d4b5b8,0.07891651805807136
9bf8b2752ad4d752,0.16734572478398388
794812675f553fb1,0.12023856555944785
c60c7cf09844c202,0.07903397876110678
06559b4012a85953,0.04658839419046692
dde7362e34a81ac2,0.0800795274889692
fa1ccff8a7481b47,0.14505063071957708
89c1eb286bad23b4,0.03641954486656121
b389067306356b78,0.10593505952020472
a4328554fc4a45e3,0.12848566585489185
fe2ff0422ecd1440,0.08253534973923903
e1f0e9e0dd1f6a8e,0.11127359300967425
e431bdc8db1622e3,0.10956409958222697
54d5ddd4fde3db7e,0.04260559292933175
d6a2262fc314d2a8,0.0811670608521906
e7039d9ed0ec0c39,0.042560975295300264
357fb25344e0d8ef,0.08043655999619743
8479ceedf945cd0b,0.08164302444689842
30e12f447d932d19,0.12592856158137786
a33acfadc007c5d3,0.1577369393831973
32b72fee7f2bc37f,0.07781238227868777
e2ef0cf7c0138e95,0.15287273753485123
c53a5098d3feab43,0.12365319068826343
2d1a504956a9bc59,0.03804045251969268
5b9d63bb61f11842,0.05234502955170334
f8fbcd4440a074e6,0.12147818227508338
c18b0ab8490d1c66,0.07319424975648643
18cc6b0ca558d790,0.17513846463614458
c78d6d8adb708879,0.04872975024108295
928fe114a90feded,0.11680775349115174
806b11fae1f6bd45,0.06430342353462079
ac8d5b4456a25f98,0.0542668112947971
0de3b4e998fb61e4,0.043373094423711955
0344ee3e70daaee8,0.1520022720773638
9459a694f708e7cc,0.041699855263555345
f8f24bc3cf3562cb,0.07170018190897777
fca0d01a476eb58c,0.06362538403934262
ef25fb3354e1c732,0.13266353034339765
83ce56a22c714f81,0.1486606300846029
781864846ec190fd,0.04649958608871255
99c27791616e6a14,0.1154765418820833
f00a56545441ae1e,0.05087412152174462
160c77c56d0bc3b3,0.050319501478481875
6bc7f7e6a8dbe398,0.08165412277411514
565c31dc34339cb6,0.154169866254004
d47a57dc58d8cfca,0.09349838817916166
7d91fd093f331634,0.18070851672258884
a33fd6143896a064,0.04550575946988201
af6776fae916125c,0.2110166889172815
eb63791dfd566fd7,0.1307438500428669
fd94632e98a57fd7,0.1483054154481014
7afa48755b2905cd,0.23225020276305153
cbfe89a23b516339,0.13923791959386977
bc9eb4d602b27458,0.08220154659281893
fb8b7e3482eaa33f,0.08199059569869953
0d172dce11eeef53,0.04571648464245314
6cb7efe2f15a8b1f,0.07441545093343423
0b234c8955fa5560,0.05336183497780408
1564bc14da2389b8,0.14839091061081036
11d440c4ffeb2e60,0.07130459304909109
fa46240b99291663,0.12600873716108657
52eb5978e0a48397,0.18424381768429757
bb2cb3fc47f785b4,0.1520554146295384
bd402ae2e81bc456,0.047535745608937696
5b2c73c3c2fab67b,0.033859960008959536
558785e2cd64bd4e,0.1427186434330358
d8d0cdd0e630be6e,0.23290007581171687
54a5cf67504e37cf,0.121574473005013
b7225c4787addde6,0.0463896460983183
2e444cb3f4217098,0.04566124573364985
ae6ea7b6c44fe6f5,0.11142563776574453
8917e3ac1e161b77,0.08802788635384888
ca8e1b8f4b045be2,0.19616474486065227
b16a002c43cda488,0.15247888314712432
38988311c0c8e2b7,0.14874700565066237
40ac9a289f991b8c,0.09269666456295257
83dbe87c0f3ff118,0.09051843776037939
d8412746401ef6ff,0.050185560421138614
95a1b17435300c3e,0.09868184714840499
9576e0a63d76b324,0.0812787903724393
8e43c1faf8514a42,0.03149153819996038
64462847893bb0c3,0.11574643876577789
2e8d60596fe0288d,0.03876699807008854
e3064eb18f25f417,0.16477049826182769
5c24da1b9f2ac392,0.03586895623623631
ad26aaf8f4bdaf41,0.11473608370022391
a21097bbd8645f25,0.044469065547157544
cffe1ff942479449,0.05400337609276105
39170ff154aa8058,0.1327535124966011
0e2b77f6fe4d94af,0.12604784394471916
4fb4ed274c87cfd9,0.055968368230536636
dbe218b606bf3cff,0.09690429791119165
b1ff3f405ab15e62,0.08440250314635468
b77bd0eb977bfde6,0.03519795045715306
c65c01d13c9051fb,0.15684254875233652
9f7d2bd32579e9b3,0.06921959470031273
1d42bbb95380256d,0.1405872669193232
799c5bdb519f3962,0.10097668140881581
af54b26cbb15ae3e,0.09952613717436869
9ce958c47b1e7d3c,0.12428181446969312
d39bba0520b226fe,0.10019267585204968
c4923735c16e8881,0.03278851188993543
43506b20fd8ac430,0.07662309881102186
685b0ab35ff084e8,0.17841490625727438
03212fcbf4fcc22d,0.16802035056662146
7aff26a87411e8ee,0.1353122777981212
9af789cec1453f89,0.04115924606046339
41f2ebd04afb728d,0.1475337495142229
a3a3009c55baa210,0.22292061501011715
688382bd40810598,0.08213773010705976
42cce10beb6c55b1,0.05453564271463298
59fe211f9aa2b83d,0.1295312614476237
86466c925086fe3c,0.1583378397291687
cd36f54626e83a21,0.06063755594246523
ded728c05e20539a,0.15819069968449898
0c7fd3a164040b3f,0.17017075086722802
614f526f552a972f,0.07166506437128177
cf076cf42abbd2a6,0.06124310412010899
e20135d1136fb289,0.06312939019113427
2b40340f15b07950,0.15102129585570367
92ea7f3ec80af25f,0.14097787962588412
1de6db095fe81c3a,0.13890142165338
e13432ce761076fd,0.09478992751618621
ae126eb3da41487a,0.04059390005748443
05436df37c119ff6,0.1059170313705373
b9203ce854a26300,0.11298482114147544
e39f8336b7fa1f6e,0.1519328318098361
2d031b0318ea5a02,0.083756258098189
54304b5c419290ad,0.053031547768261
e9b3e8a0a4077e28,0.042611967057352346
1dced917867d765e,0.15667717015158286
c004a070a93054de,0.14501799312934208
3fa194a91f4562c5,0.07632549626145974
76d5a2300ca56933,0.044236639677926244
993bd3c445b80c92,0.10745568123481879
16eff5adf0cf07a9,0.18939876598412897
19f4c91cd1038cc8,0.05001878683905047
4ace42dbd199d1b2,0.07084232778042401
8232534ba45ef07e,0.1003496471233017
a2eb06ecbdb56bd2,0.04887232715146791
e33ca091fb503e03,0.1065522182250474
8b65603997a5d0ae,0.04665084456201066
c4702fc1a3b838e1,0.07537438959765895
0a2ca915437c9a04,0.05873161373688541
6e4d60a1e5913350,0.04925004796354652
0eb4def034c0e542,0.17583999370017558
0dc7bc6ce45f37c8,0.04021594930573529
69c1bc9b1691880f,0.09565712922869102
249619e3bba248c5,0.10631466198828772
8a0925f386616243,0.08089974107286174
c609c9019d1d7b32,0.1470868184617429
dea132cdd56b9c8f,0.16535409067008025
24c6ff18b883edd2,0.17763646423584412
06ea151cc4ea5974,0.04501458445956542
dde1072c2340c07c,0.038520519140351296
bf6234d11406ea49,0.07416137321488675
610c0fee53d0cf9e,0.14423773386812103
fc0691273040fddb,0.13806242430551488
46bbaf2bcdf5a362,0.09454862316773727
6f4198d004803569,0.08116423446831485
3f726ca9a49e022b,0.04955810280690017
2263ab08ec01d546,0.055094642967238906
dc2a61d22023b42b,0.2851898188093607
9cb03c429bd54976,0.04165358707728407
d3d5427c6c9640bd,0.15957964280015005
a356aac05b7d44bf,0.06836906873009485
2c28820cf1ae8254,0.13343571424146625
cf49994228b74e3d,0.06687356376582064
ea984ee0501b30dd,0.09729980780194958
3639d96562366ada,0.043904214224790176
007d989968211b0c,0.08568119136519553
47b004a1df7ac9c9,0.10435379440310603
f09cbcb79049a436,0.15724682650820818
d3e17fc998bf6787,0.11075089407386747
0c6c8663f624c58e,0.04457214152391683
52720efef03dc54f,0.1962893922188845
c6a5cca33f57da61,0.06338145704932673
b1208369a0074122,0.06228300652719621
b0563e971ad0dbda,0.041260399055811726
a0bb9373f1dff1b6,0.14912921701614065
607b5d747f350fa9,0.14864806300610167
8945214e2c9cda71,0.16397802362706917
7fdea294906af44c,0.16935770124379315
1f3c2f31d844d10a,0.04410467113365577
248eb5a4a5179bb0,0.20146914958262244
f7522ca250fc8477,0.06331443769927163
3ac3d9675fc09e64,0.1283899127761853
b65116a131be84cf,0.16424118626819326
7cba939dfaa4fb1c,0.1734476679750003
4e484a321de70373,0.12708242136969847
48c00464ee810da7,0.11981675687620348
11c760a8108e0ab5,0.14422534011954663
4ece5849758d2bbf,0.08987081697103681
2d34cfaba66dade6,0.18992614625462167
597b3aa023ec1731,0.04419706517027148
65e095698c6b2018,0.1269219723364343
d4685373bfa64d8c,0.062167685394322054
b2a24aac339b046a,0.09802671134980144
d018e1502c830522,0.12770515040056243
b4a5d705266bfd48,0.07366108610344951
1bc1ad21db736edf,0.06421810364224512
3584862144963b16,0.0717188103800322
64acc3b4a0341a38,0.044492605694703674
ae1b7c2913418b6f,0.0338620311209857
5ff184c18b029b7c,0.04622443097831367
d407cc2c1f68ef5b,0.1763294709426452
10610f40d2c4beb2,0.045922593085630285
a8e72b280bf38b81,0.06052473199796565
4802ee9701571a2d,0.2991548132181931
c0ba503ad79cb130,0.2692527577753887
a428e18a2571696e,0.10176991115254892
d973ea3bf88a0f3e,0.1420215867065813
cca48a6fecdefbfd,0.10108084963581361
387eb4b1c9690ed5,0.052744770310008786
f9b045f246df515e,0.1255253443579329
b8aa274fe0062de8,0.14635542223454268
9d67fee3adf9e1fb,0.16213518591693363
3196cf2ddaa8893c,0.15089026769409672
c6cb67394ff79930,0.09334713160205832
b713b9f13a1a825f,0.07365927444637987
0c55301e8a9a0e8b,0.12538031944393724
06cf6a66edc51d64,0.24362523785968704
73877568d5adcb7f,0.04181541203870943
6e713b6c6d9ff701,0.17868942911876093
35b98290788b0e15,0.18010964121076037
c1699d21d21f249c,0.06745408087214143
4d4b1f0d9defbbe6,0.17343053747114623
c1eb4bc9fb4e0c7f,0.12977727829546035
ac64ea4bb93cb2ae,0.1591226546725993
a6c0198d0ade9eda,0.17015063989735346
4ee5d36590d4f29e,0.10757442575607663
39d7718a5529cc62,0.036807947911899654
4f6e36e222d122b1,0.07716214393854155
f7b65c4533428cbf,0.20691611739169477
32839e57f8e1ec72,0.09782933145292379
0a631a26c3a1a8ef,0.14971142658047656
42ae365efff05b84,0.08046830203322834
aaf16c83ac07884a,0.12650424063620458
e3fe57ec38bc0cae,0.07646280076032612
a269d748b94103bf,0.09116799513974672
29320c0461eae48c,0.040955304484404265
98b75056b390e87d,0.1439813821888034
a18aa53890bd84ac,0.1464569032753047
fc5a2a2354cb11ed,0.04465375366332961
912408725cfa628f,0.10260478248515614
6453b1a068b68ddb,0.16050546682489944
d95e854d614ff5a3,0.11810400964197605
85a79337144b2a84,0.07080521703554996
b5e18d3eb66f6250,0.03682479721565765
3b90fc3f1087e3d5,0.04278012330702936
36f89bae0e5df26e,0.10034649827467101
7de9a21c9a6df7bc,0.17321831789136435
4ad662d48155a76d,0.10727456042594041
1016d05cc8d07dfe,0.09573715105020318
b0a028857d9a81dd,0.10061982601276935
c7da65ddda5ab002,0.13002018189208883
8faf1048140782ab,0.10833014291165498
d0f1cbe5f5c2cc97,0.14551560277091508
766a85256e2db000,0.042668113616302884
83f8495a5ff0fc2d,0.046329107989039574
a57ac84facc6651c,0.1577149246860656
3e18333d2d1812a0,0.0486736856622183
2e2c93c0b28242d7,0.15855272165976736
290025e556e7a964,0.08246396275646077
34abf7197c7817bf,0.11046660158142214
4c990af23095a8ad,0.15413515589061458
b30f0e7ab6ef02e6,0.09963346630992463
955f054ef8ac2a98,0.24830177259182326
efdde8377abe8fe4,0.13847129175057063
cbfaa9b940f4c2cf,0.14866379018604967
51e64153531937a9,0.20053678365157188
3b7b80317148399b,0.11704684364993145
b1de8383db45dfc8,0.09846650257351852
0d3f9429ecf4d4c2,0.04424350877676499
c4499c39e29ecf53,0.07688610788339369
7800f7a3f936332b,0.052850467277640666
b837532e3fdf4a50,0.09336399406100886
c681da0099cefd6a,0.049818373867615
c7acb3b5705e68f2,0.05045273637936975
7072f5cd32c791ed,0.18553271018935433
00b5216b2f2dfa33,0.794431353140122
b2ae02f82d15b4ad,0.11080444194722378
5ddd4c1db54b9114,0.1029168500922667
3e6fa59b53549aa5,0.07646082505349826
6b853eda68180bf6,0.1643151718765438
0ee247af650122c3,0.1990569270869433
9e2c6c5193f21067,0.054612037375410906
6cb5b3e20565dfc2,0.14522585095432064
dedaeeed301662dc,0.0551481664954544
7244a91f3ecd611f,0.034413750460712045
d5447b494619e05f,0.09663203485364398
d114e64d8dfca5ca,0.043593978921532356
762e061721ae89c2,0.04482187824054685
0359613691f7c01f,0.09363099115441274
ca90a47bd789f6fd,0.10165205079162713
b43584123f43b018,0.06417129334642853
0770e000ee552df7,0.14489616830774618
b396a1df0d592f4f,0.05459970986154925
51ffd9a173cdec87,0.19768322002522756
38e628d583de2dcc,0.0477644666837001
5e444909efb4f076,0.09556785211836766
147047e5cda600ea,0.11089471808732103
02f5e786b6ca732f,0.058781201251916305
b29abac474eba51d,0.24828608880674152
14f09256775b5595,0.1191496534967682
4132a178395f2d42,0.12482640707269803
3ecf5a5ba7668082,0.051907757052132596
f7b8ef9f4baa3954,0.18272556770483303
344ae6cefc6e5e28,0.04883609931984697
9f8993a4d3fd8c66,0.0943079842050249
02fb2d64b2963430,0.11056611083901872
cc3e88fc10db73fd,0.13777400400385648
e1b25ee0d1bded29,0.16984542339604955
6811aeda7c48195f,0.11013029875424185
2caefea2089d3348,0.14830313167211598
06624c42e6f173c4,0.21776213990968218
18d0862452891d30,0.12904629916080004
aeff78b9acbf4d71,0.07468241489037734
3c4fb720d11f542d,0.04823197473534918
ccf649ea4bfee844,0.0741015180819818
72bca5a449e85cd9,0.050197275923253605
fd6a74697a1a9ec1,0.051371563308305314
a629bcd8e7727428,0.04993750067273667
4234c32600399d7b,0.14910261322803484
dbf0f354d6059039,0.05703072309285415
3807b180f301e7e0,0.1261628695206893
5cff8cd0dc4c326d,0.07885860961347163
a28550e03a14c9e2,0.16043802168911994
244915cbbfabaa93,0.042451189230546464
f5d28c37e1483258,0.07324073288554278
625d0351dedf957b,0.1110407550751007
daa98d98f6971d07,0.09976949956897306
aac141e3478df5f8,0.0953342895191246
6e2d6b44bfbd409b,0.14062597563138085
34a46acb36dc8ef8,0.042250774254549005
f709bf78e6f0fe9a,0.07499039308022996
573ce0864f1f1a1e,0.05798755839174472
d6421a369f95b35a,0.0716721163518491
6c74b5b293b1b97b,0.05252241946897662
51cf0713d5fbc070,0.11770139271801139
062ba7304652bc27,0.05600239044949971
930853397c388814,0.03411441539335027
2e48c840c19e48bf,0.10603939251906275
2a51f116e23cffb3,0.10592445712383453
070669d7057f8aa5,0.2061190921643088
967936eb15802a83,0.09955500187585205
83ec0a0ff919a926,0.050311362416200045
a35f4a25719a4b95,0.04392699127909374
e646bad2986e850e,0.12135414927811723
8b488afbcc578dfc,0.05696491156195971
13ea6594c14a4026,0.07322305912994094
d0e536523f93f64c,0.07570876816053952
0e5ca22bcfd8c5db,0.1595210624762587
9fb1e891c08b715f,0.040577793604354616
7199fd0ada65fcc2,0.07107609173941477
2275f9dac244010e,0.04688366993264311
24e5ed05f908296f,0.06826774233988038
6cb602b86bec19a4,0.1272610969321216
9325343b0fd3d676,0.0754270622439357
644e5f81463951ba,0.0920023305535183
37046a2dda9e5889,0.06241047945233106
c7df199599dc296d,0.08891315390962917
54e463d760c0c6af,0.043739304492460905
9bde8f101bdb4095,0.09242833826798173
bc5c320666ed7ca3,0.044071450663757596
4e44d72109230bfd,0.11978448573066915
235aebae2ca0d45e,0.15119611249199025
55a1d48711c4359f,0.06973599208370088
c1ec685fcc48d91e,0.10218103271402261
a51c93906bd78ab7,0.12031931399363943
207c0a6423cf7a33,0.11549885712205017
c7693bad80c482e1,0.1282120600352058
36b92309f6e5618a,0.08899368248213968
26ee6d56130da0fc,0.13935647529307085
587c7d36156381d1,0.04284417118150438
50d432d2b52052b2,0.1094997705832889
b738afb14f60d587,0.18775014963303135
1157c08c11e901e9,0.12608057092130046
cfaea6958357ef1d,0.06957327988555366
d8b3ec80ec080d08,0.1394532316060855
809c8f80468b1337,0.12642413789046794
1bdded460bb636a5,0.22503133211638968
96cc52a1a3f13e6b,0.07192960257670346
c97a25af08369f73,0.04640256170685315
0de5d7bc5b46bdc6,0.07140200174346296
c6eca151f8576037,0.09028724914125537
7ef7f606745e05ec,0.03660727857058113
c5ea9ba7fa065f8d,0.3444432965200355
63142c0d75cf9aa4,0.03785036599979933
c396e609d01a9bcc,0.05244806211968935
7c9db70c27860a32,0.1124413431254538
8dd4bb6eda603b43,0.07221196245438856
d5eb724b5ea43bba,0.18317696936181574
e7e9bc7d5e2e5674,0.13547597250397014
24b3176d5020b612,0.17286532281273606
6fed295aff782896,0.2973581665305929
12d17a3ef6b47faa,0.16329801195565521
2c550aa9cd671368,0.040451988426387635
df00e28247baf9ff,0.13457484841285206
9449a45c9d7b914f,0.05344630768566169
9a8393310d9b352a,0.10502459772775603
e1b1b6a194b4b1d6,0.0764850146762532
7097d3e397e94525,0.05647914381319116
e3d1f895e94e8bbf,0.12231232219840778
6c46ce4b2303ecb9,0.10247895140938003
999760aff655cfad,0.04019126006664243
6d526f4593563124,0.08206708608938883
467801b5de42246d,0.11902095547937193
81c9cccf75c1503c,0.04466084947022551
bd1aa64c7a5dcc06,0.040666266131692934
df1a75c489d95957,0.04155821360580763
7e6ebb5b237b817e,0.04505602252125936
1aeecba2c7866fb9,0.11319314962334844
14269028868b89d2,0.05905761420680636
5ec456826b243dcb,0.06939757085551794
e574a546f8e193c1,0.19130003731446796
b0ce65cf243f3ae1,0.12728106469825337
8b8e8a00e6e1fdc9,0.048964831457967206
4a87b2b000e87686,0.1447375464260923
1175204fe5f8cb6b,0.06501477244371642
50a79bbfcd719a29,0.12302931562920823
0d8c215cc600c1f5,0.07301250841961232
3ceb989ec05cb0ef,0.1647016577172944
c7ea3f3ae516dbc5,0.04177966230224528
060631dc9f8845f2,0.1217953711934427
4ccc3fe421151149,0.047925021570287836
fd51240f58f2ec0a,0.037544781037945556
9bb25b00d30f4ce0,0.03380826131086092
1e633867010ad35c,0.04292244809039978
90da0c9b099080e2,0.08623989825499916
f3ba8015df41ef05,0.1449562708730923
7006c751c11cdc01,0.11192828371083437
db5b922ab7ac849c,0.07277602691293501
8ed9c5e3ceb94d30,0.0901043056677935
32bc573af0d063e6,0.049911078354851
b6f5ace9b32140b2,0.14058311290233594
2acea7857a236b62,0.1013921315568899
2dd5886a7dff0caf,0.12210722177206879
cec7e9631578eacf,0.21211639182709355
aa1276a52bb96bae,0.15476231825884204
f90658bc8d521271,0.11192499118490394
8b65638e31a74f80,0.11454364692118124
233d4e0eb18d8449,0.16785591176115947
95e779988eaf54f9,0.11055565767670195
ce033e0586a41f4e,0.06200844199199362
29007abfebc6bd71,0.10732162211566622
37555eedf932eb41,0.08817610764995404
43f0b7fdd64e4d62,0.083475010087516
48d11190742f10b8,0.19202253872935224
54167e2d347acd9f,0.048536232100627665
adf2b2540dad8766,0.13673458602121244
aa4854b6b5329860,0.8646068978516922
371dbcc2d3dab4d7,0.08159486506404537
29fd5cd58cb38dfb,0.15177842995915944
276d786a03dacf69,0.08618240774494168
90290aaf619cb77b,0.06782025894305148
80904c6eddcf06db,0.04192261229406679
5232eeb9a1fa8f60,0.1205181120640952
6205daeed9459b81,0.06016879288734067
6b4abc5da4e3aad2,0.133325252163499
ecce281c5f6153c3,0.15823556028362906
926feb1c20abd0b8,0.040036256434385124
64874c60d39dc86d,0.16882664606954514
1868aaf30c77d6e0,0.10823394237545102
52e964be6dd475ed,0.2503764195296217
4404ade20ca8acab,0.1736535158031014
f6bbde7cdf6430cf,0.8050880164710051
6f9ac9a8227bf174,0.18999881023301024
e4afa0c3ef07f2b8,0.06466421194263618
a85d4f04f63f1f8b,0.05975827893829611
7f3411e87c2708d7,0.1008829282147622
5be924d7d731a308,0.08047051016319426
41ea202bf96f7295,0.0635924791879704
e7d3e68c097838d3,0.19875597465378345
c21ded045b04b1d7,0.07925008488221073
a87de56d4f2dc966,0.04443855228699992
b073cc5a7d5d1fc4,0.08862640147484536
cdbbb57088163b02,0.061212852815414935
97a093dfe9e1eb64,0.21482053382898095
68aafe54d00b3081,0.10941094319980778
dca611f4099c1df7,0.06620040760385439
068c9856fb6bfd0f,0.04398578218851198
ccec2927e56ab3d2,0.0342114204692734
f4239e382087c8d0,0.18781070727960755
a37f1921e2ae64c3,0.09946711715347811
abc7d40ccad7d04c,0.04561139742361205
7be1ba405f826136,0.17043796289703975
82f1ae3eff7b57d1,0.07044474277790336
64bcb6835fcb93ff,0.16606057171756672
8a7d498479d37ffe,0.09329743694067778
ddd893f6f7c67340,0.05338051644238204
63438b2313c7cb87,0.04278996898949788
