id,label
6403a3f8d07557bc,0.07472182163248817
1b1d097ff5b144e1,0.08273625269827184
08c7c3c71a02ca8a,0.14597823106196445
7f09e9039629a38a,0.0923491259652116
1fecfdee265e685f,0.17557078564002748
2b1b1ab99f54e1a7,0.08935275317815697
f893cdb025b56c89,0.13165357305117198
84466d5fc69b1dd1,0.13870062640407846
e0f419be2a81cbff,0.05979579114593917
d9e55e1259c7c29e,0.16755207934352168
602d7f4b0882ec4b,0.13560154282901746
67f2f87cc129d7da,0.1118339657825051
eec96ea0e1c9f7cf,0.03078576833617683
d85127e773ec4820,0.1262117032511352
9e96822b06b0f7f3,0.0658442412970566
c6489148a3f9498b,0.09651093506664948
ad5ca801b22a4eb2,0.033252723053092646
22e01b671e9f12bc,0.07617873136039502
4953dbf3e113fbdc,0.04728875629361093
95397470f084bc6e,0.20922199633898467
ff39045f375a9792,0.052482453396416884
893575902a76b6bf,0.05299374799683711
4d9211d2b44f7d9f,0.09972188896424389
8205441451789e41,0.035982689989005875
5ade617aad761daa,0.17098482417005936
7d8bd74eaaf831a8,0.12093902607177798
3a4abb16616fb838,0.05231168045654262
6e14ae545a54ec6b,0.16442206471608892
a6d127f7b7a19a79,0.1222021067727163
e29e33c4a6eaf6fb,0.0796237507660861
42b296aec3a400d2,0.0927501806865656
238a42187f0c12de,0.06073357450662903
4c99d80ab952e272,0.1531406628492944
ef909ea8db65784b,0.13022639475128722
53283f9869842cd5,0.14529676822717422
fa99ef0b96b51157,0.11970353960219257
3cdaa31c37582a6d,0.16581596726458145
e007009eea08f15e,0.07621975886984868
e46769b586a6b83b,0.13628968535531205
c77497b63a864028,0.05450071910314892
bceeb0086c625fac,0.05741301748434773
5abf8e5791e5fa94,0.1962817565833915
0b7d89ea3694651f,0.08835062236982746
ce60477eea0a9007,0.17255839901135112
847baeeadbaba41a,0.07865420029663311
aefefeee7da6b616,0.17333078290640733
321cc4b04985f915,0.09642212238847019
590cfafdd102ec19,0.12391436549037571
0a3027ad8dd82438,0.06089845973308627
01e58c9ae88cd390,0.04471499729893879
8f5eb2d903aad722,0.057072378241251595
3f1b90f008fcd5d0,0.17243460544451022
9e55098b34909114,0.16450983215363477
ed3723d6f0b305ec,0.1327369272873242
e1d77367315c8c64,0.0811334663319827
b97a34687794c3cc,0.03374596142683884
2d9a8bda25c031b1,0.05225545078091774
367427e76fbb967a,0.1134295271654655
2d1de7cf3363aa2c,0.07206330677204201
d69cf5bc1f0112f9,0.04378320742654847
2a75c552e6a0103c,0.1716140025646737
943114c642b7e30a,0.0528666802814028
5f4258edf6c1b382,0.0451393650781093
ff0a817eba03cc6b,0.15193173693986564
c77fe2a4fb942f02,0.16539873619462667
df587d726667a5fb,0.1265677126062701
8c09d6fdeb48dfe5,0.047533630102911645
564e16bfb829c7a8,0.044816503073847706
e592482dff2b62bb,0.0385844521954775
33319a7020313788,0.11552132176546287
4700a73d634e28f5,0.16612949434323065
e5d9aee597bb4052,0.07097458889952434
b93533776029ab4e,0.17471263975660703
e9274894e7ca5d48,0.037820682830869395
37e126228f093cb2,0.05620150181486634
ee5e8daf19a62436,0.16407572655403338
5c2af7cb33fcb9b8,0.07186561083167015
dd6cf914fd458758,0.049834509427268685
7943edf1ba3d08c4,0.06831240137788652
50dccf68b6d84c9a,0.08054562978161298
71b1d024ea8e0791,0.11623525588179257
a8ccfbc903739855,0.049504896836558294
bbf9130a10bb2e61,0.039347183920291476
41a2cd1fb3af1f62,0.08176166376004682
e5b00c5e94bb1efc,0.09106577220981475
8a2951b875e32f95,0.05412342838157848
4b4241c32f2ae2c3,0.06290060114196844
8beed49416c057b7,0.07116404438740521
1cc185c7cde5f29e,0.1660128573786269
635d0e269bd151c8,0.041620590189304946
9eb98f9a7202dfe8,0.04507458005466077
c224615f7e3ecda9,0.038104108191898294
f93a14286735bede,0.055583913381413046
c118092c44e808f2,0.12738651201917967
0972b7359cd12fb8,0.040627531529422584
22318b12ec6eb14f,0.1201188335750545
9c92d4068021c258,0.14748418596960183
053aaf6bcba9464c,0.06382043843663433
966f0341c7d1f5bb,0.059455767030528794
624826d8d4f7d476,0.06789228272772345
250e83ae550b1992,0.14600756003982512
9ff420d30b835836,0.11832534320246424
f74cb9754e9ea82c,0.08774370486230391
8ab5a2752e698725,0.07117601959447778
56957aca1f34dcea,0.13235123799362652
a6c0cf21bf0a1be2,0.028206483838253707
427e6266110ac72a,0.17088520211725283
7b84fe626f3ebccc,0.13151882728359587
6abd9ee5808aa267,0.06955403120984398
15aaf86082111e4c,0.1631740713789896
afb1bcdc94b9bce3,0.0394560766802929
93a337e7b4fedfd4,0.09088713338880731
cddee4f1517d9dd4,0.07991201951534488
755140c7bd8e7223,0.08062924496601584
0ae88cec371ee0f0,0.04297458664046387
08a9f02754051fc8,0.1732529514434346
4bab179b9218d454,0.09065098924808497
2af9aad0b831d3ec,0.04320866371207156
7d330fd87e35ee09,0.09765310398119235
d79f0de699294b3b,0.15407980092864315
652a8c0826eb2609,0.1352590223072167
2ae2ef63a2565c3d,0.17285029445184955
1bcffad3764f7c4a,0.07123825327525198
707e78f41fd82174,0.04793957578577959
e4824a55ce76b702,0.04281301312613177
993182bb80730c31,0.09929879380888942
dd67c105d030f636,0.13300632887719052
3dc4dceeeecb58eb,0.10572852761988598
90a67d119116b976,0.14827671611497234
a483f8d40e026f5d,0.035897992337432315
3d24648e710fafb4,0.05640838459234775
9104c44e8910b122,0.04763054331455975
47b77ad7aec9f1dd,0.052353846633958874
a66cc4155a0edaca,0.11127819675726272
1f4dcc29503e1a4d,0.1117834998291737
0a295834d6044914,0.06701797440438842
bdce8615df21ee2f,0.034353961154535324
694b4d3b1ed04c61,0.05100926835894619
ffd75ff5c92f624d,0.10857047135430396
717e992041e77d9a,0.11569332395522806
eb5157274916100f,0.11636159758602083
b77c5c610fc74da8,0.04158650872872902
41d2ba14e653bbad,0.1194890410514288
f2b612c9be07aabe,0.09266787073167357
3451e892c310a998,0.08807097219224763
2ab24c04722d8bf6,0.04882423695696134
38ded7c17115e7e6,0.15399218365041834
afed8219aa70efeb,0.08331601757304438
1e9c4d7d2de01fba,0.12170758127922907
c1bda90e9a3b9ec3,0.07443186415789949
d406fda410e7c177,0.16763139692092877
f49753bbcfabdaff,0.09737533799584344
4daee2e232e58a56,0.20196124542926103
858a9c1611f558cb,0.10464339179273319
05b0a9e8b1444d99,0.07255227861233385
8b2ac5da79a42e4a,0.12324478298933983
222fc0675ea28b67,0.046141726472408794
77cb5f88dff15921,0.09759136650167416
947d5752d88dc00c,0.15547764655675225
309a531dddebb471,0.1674899764079451
7e5f9d7d0cdf5a81,0.046066280641017886
6dfe2ff41e67b01d,0.07610414001812064
9a51f7696f388499,0.10040512147636282
9c5cb5a9b9b2b4cb,0.14731134019519654
bc7e89abddb2aa54,0.6599977529767637
5d3eff0bafcd186f,0.13473823303949833
d592e9d5579075d5,0.06870748947936445
475f765f9fa22959,0.1503373221339661
71d36204d6040aaa,0.12204318885497634
78119b8ffb9aa8ab,0.04562922770840684
09d1e9b9b858fe18,0.13084557354608206
ba5f5f59e3b0b755,0.15271857570363082
3b7344f40bf64734,0.08997833400825725
1f72c876a5e3738a,0.13261400353234648
86262f7438a90d1d,0.09527443352542347
3f6e10ed3e6a6303,0.11834998343018968
ada42e94aae1a58f,0.1565729641464576
b5320e4cd134414b,0.11126640847202368
ef83ac91e80ddd9d,0.07345646879920986
b8a457f0c9f14bef,0.08094000450795504
74947cda3decdbb1,0.09456835390554555
a39392c735bde1ac,0.08099260373987852
afb321701a74d5b0,0.04053180263646147
df401b9701e04299,0.05582199946008598
c9b67772b4c4f44b,0.15040025310187582
b5665177cd7b6c5d,0.03205374068960372
1d621e5fa6b0c45f,0.09662796969511611
2d595ec6f4c2524c,0.08043617013629031
6a96a53512d24696,0.06156360479769217
b3a68808640b25da,0.040682181689379995
cd9f2b2346e70af7,0.05641509310978246
d78d162e0d903e67,0.15088366690877275
512b0444982361f4,0.14781308107944668
36f4f9a58e05409e,0.046742077230274126
e4b4fc878504822b,0.09128978107984796
d2c6c32ea3387653,0.0424973797260039
62d5596d1fe892ad,0.11588306471973905
8756eb85074bbf32,0.05409462016571049
9120f37fb674d8d5,0.11418197670614476
ad529a51765d4ec3,0.06218562172377608
f5e98c69a45e4a76,0.15859671273051248
4e8ecc5a6ef67336,0.07721060270413996
e26f37d892f837e3,0.1287050235871482
377bd33e8a9d5e7b,0.06546616256289653
7277e822016a05a5,0.08785087212852243
94fed9a4092a19bd,0.09514820891614051
28d304cf97ca614c,0.13006604814049688
5a5195df47e373d6,0.04034192017557063
ebc9acfa1d364336,0.057416673708396815
5d76c6de5ee62843,0.10606751394318006
511d1dd15e99184d,0.1084888511718098
b6d744f202fb4a14,0.11221414868344289
43c3e8abee7ceeda,0.1203425719535091
41afcd725afd0bb9,0.09806563792771558
bd4f0c1a61da90cc,0.20082335466339957
ac5e8e6812e3a526,0.13673221477079017
61843635f4d407cc,0.16518147752250456
d643d4e6d84db59f,0.12032290509837498
5c0b8bce49a0a773,0.14520810728881425
7c6020b2e5dae41a,0.12523104529393264
4a6f26c4ccfa8a2a,0.05666941945220766
f5ff436197b8129d,0.0850193719573352
27b8587241bf56d8,0.07082068737471897
a198a7b963854e6e,0.035052442770495365
8661667952751501,0.17876281236574107
282a1321ef8c1306,0.07441857412150685
db3dd0b21b03ce9e,0.12404598949473071
3bdc9a83d65a78f8,0.11070328605844174
2983651d59dfaedd,0.13662935314270064
ba2be23d69668658,0.05676974379677485
89d58eb00d13e4fd,0.06254974915390539
d2caeec36f4769a6,0.09539740946359293
dc23c7fae5f57288,0.05133373158806267
c6e284593c89d176,0.10932041187803368
523464c4f48eb02d,0.1235946161742882
cc7624fbfc77736e,0.16373199126089327
6b0c371df7cfc676,0.11172935286469252
986e8a5497d243a9,0.1736452723407347
0880ed3a1a77013a,0.1246424142573353
791d60ceeffd7ccc,0.20159635640349124
1fb2b452cb819b3a,0.1381952914053212
6e683e5731d8aac7,0.11904748686472603
d752f92de2b858c1,0.06534674835923177
91654f6c88bcc480,0.0653458802172164
308caeebcc6bc059,0.07464732188187939
0a092e2b8c9c06c5,0.11595691879180525
e29749c7cbb0ef48,0.041904315298949016
02521319f8872bf9,0.04363442499642223
f699494da66c4efe,0.10978275431237931
060f874ec99eadc4,0.09251024945837055
1a2ea8a74fd54c2b,0.10555073883341046
a98b83e132c75465,0.04272660911496032
0fe8ca7c247fab07,0.1145420336219129
c8d9bcea59632f23,0.1119531761792377
0ab0d9c2a040f32e,0.042094181971126854
a03fc647d8141fd3,0.19423922362782958
1036e1cd53a850ec,0.044175829031596156
519d3f96c9895253,0.0575835627771445
28df6bdb66f8e09b,0.14401123263751642
89713786047cfd0e,0.09013315140367
6389830954a0227d,0.09603533852517868
8a5f2d2c5004dead,0.04267450103484658
19d4cd44aecb29c7,0.1089126986153329
2ed9718fa269e456,0.1122970024305015
31d0832c9b203b46,0.06481193077572237
e21b68ce26bfc500,0.1244913185619696
cf8783ddc0b9bf95,0.047301484110186934
fcd44919c1b3f412,0.15433130306553147
c6e50665e7bf8738,0.08168582373263805
ce0179fa676d128e,0.19182016617972214
423e064e247fe04c,0.14802963864664034
0ebb4ab2c338fde0,0.10602116854101015
37337cc831e40a2d,0.1193399110262835
04eb53517170d936,0.06781994332225101
dac684a7b8635061,0.09017739237034106
a2f354d17d1431d3,0.11092251049923493
8a42e6579214e167,0.10117077972566531
c35d24cd26008161,0.10018943831385418
077789ab8d103e29,0.11580116981072866
5deb9f3705c67be7,0.11814479594588345
dc531f502bccc4fd,0.09610713328222292
ab4b4d6c12291a2a,0.07940929346350153
47b284804faf97e4,0.10409270594992623
d46bd1fa92be695e,0.05042992728698496
11c536ec56a47156,0.050106199063304074
d5bd7d0c4a297748,0.040737951067270795
d30e6ef239a13f14,0.16278736240768377
8be010237b513256,0.1449991156003151
e3ed18d3d53d8aed,0.06645519392370414
a9f5c2f8c5922e10,0.16599035379763855
05a75c012be2ab6b,0.20807571268247835
a068617fc089ad48,0.11596480284544618
687932e8fcf71376,0.041240942425051524
fedeffd4ef29f976,0.05296586121723386
5d3e23d9b2256c27,0.08660542092134847
c6544d7502deea99,0.07089500178842721
096cba9bc78d7637,0.1174557156632941
76b587348b5c4d59,0.12692321972100767
62185555ed060f0b,0.09294418908078597
b538966eb4ce164f,0.04361674236003305
8dfc12a6712b0903,0.12464205352467216
3ab52adc4b1c1768,0.05865988882723224
463847f9a1f414b6,0.13344115010131077
e93e14d11fc793e7,0.05064606677053729
2cd7ea4ff0b97ed6,0.09334205835607617
3cf1ec0a8c671d61,0.04255813310085807
e39df281ee7e153e,0.060540992296573067
272a6816ce2c7c9d,0.0703353490080983
f56230f889018c95,0.1442136098115075
4119f28f6d4d40eb,0.08565643635480885
3e744e15c1c6600a,0.10229303378832197
7975b8ce43d7163f,0.10974871856466056
76519a1ae0dba3b0,0.08334240645057195
6f6aca7dc35afbbe,0.08486596428207013
658aa810bdae773d,0.23215675960224344
41c3618b9180e8e2,0.07975272020037537
7cd53693b2b3a4b3,0.051687131800940894
a450a4bce9f2cac2,0.12722581787495993
05bd9ec45ff54b8b,0.04657431463108338
0d67ef8a9dd3249f,0.11649190548358992
514cfc846a144390,0.1328153061380592
2856a2a0114ba55e,0.17944828051034775
ebe02c0b1c116ac9,0.05277464631359637
cc31cb4421bd54a5,0.09369388864414316
d63593c7bd5f72a9,0.13686950563151912
962b8c33b5be069b,0.060878006519664296
40e508ceed1116f3,0.06114311687991781
668eca9c4cdf1507,0.07520041867935037
c15735bac7d4e6bd,0.06030589730940916
09d2cd5ccb05a325,0.08149583062997415
71ed58a8f5d479e3,0.1313394524912581
56fd1ce474cc243a,0.19079938888731754
4c4fc4fe6dea340b,0.09699037445549259
68fcea284ddff8ff,0.1292804920741976
8913329e85f873f7,0.10584609854272577
7a210b4ff6c29678,0.1276967901358299
91bd2a01c0384263,0.1747498904983378
14e4e31c9bd8d90b,0.049377808498555
410f92d0f317cc8e,0.10279315055125837
780cd523f303a8ba,0.07588418624091997
77ae2af1842fa5b4,0.0713493326114296
eebeb3dc997eab87,0.10907154534806973
fa6c4d5205fdd5db,0.19175003225380655
f1798e22aeb3b385,0.17324706204178925
8af0df5286089649,0.08691106789127112
6e224e4033db63b7,0.044776634523893
b8624ae03bb7e7d7,0.03667563822796123
52ca2f9cf118011b,0.17697015518285394
52c5dee14f8320fc,0.13535198491647382
43a4ed5577b3346d,0.11309607695470278
332563e196c7a1ee,0.11112671418416764
cc4b32b77225218c,0.12957204959957008
0b34a503e14e5271,0.1568619250950158
33100c4fe51f7435,0.10726033517619654
6de5ffe2b6664d73,0.038005983943664376
ba39076152cb0ee3,0.07660515865154124
aed179ff9c81f4f1,0.04359303355612461
ea1a9bf792fb6a7e,0.062235122602392154
2f06ce2d10fe3866,0.13975414945173587
11855575a4718674,0.08420808654310055
06d39de4f0e13f3b,0.11394348467240324
5fd7c68abce444af,0.1286926053927443
d464bbc0a2f6ec7f,0.1668398824864254
86a7d5c47fa116f8,0.038148059684696756
a260e587d0fd3fdc,0.20436402130480535
6c07a18d9f02a585,0.1438258822972423
8fd3d88e27ef7240,0.07038062575167518
80dd9757384d7ae3,0.06997022183632845
00a0f9038422aeb4,0.09423544161953809
dd38ea8c63c0a90b,0.08946650054752245
e23a165731b18098,0.14544669066641683
9bef89bb8b6e707d,0.044760708346069454
db5779805bc9128a,0.10649214599603851
13c6185147e496ca,0.17226950483355516
c23ad10e1020a370,0.07809932005837901
cdc252e1304b3741,0.07048204963343925
c9866843a2ca38c5,0.08725548642242428
1193dd7feb2e1c1f,0.02882213415655975
145626c411263ea0,0.0764911002509414
b2bb6e4261a0a280,0.16446491153808246
ce6c9830339e8d23,0.11685379781457074
e5a315b7bb844af6,0.12028784046355193
d85cacbda54cea30,0.07705230981368985
ec609eb2e4100b33,0.15114069909315675
0d785515807808bd,0.15594768078972907
6bcfa2aeebd0236f,0.05774724520461848
9ed83fa2f828fbc3,0.05164445574674237
f596ac3c62688ee6,0.14157869513312563
654c4ca75e7a6d56,0.1291368251131786
162146e83243572d,0.1403242319600296
9878dbf0860838fa,0.11634007083983144
332ca627787dd758,0.14340144775504005
679ad425e74f2477,0.06833740455114537
df5a276859dd4308,0.13832206681098286
e1f7d0ae0443184d,0.13622633407896162
a6434286f4234aba,0.1547724332206673
3351a9314dfcaa5e,0.041978331799997715
e19b22778dcddf3d,0.07640097724596852
a98a59904fcba403,0.09170483548967313
efe47bc01bf23b67,0.08886375412896878
a1a862c811a320f0,0.09580659712547018
bdef7203033a959e,0.13255601841064135
0fa3fd428635e63e,0.06978032374219684
8ed23ba67702fe54,0.18925013085923498
ece14f4f1731d91c,0.1700477655561557
ca20fb73d0c544ac,0.07131740249630472
927bbcf7fa67bfb8,0.15446531020053292
deffe32d78bf8a82,0.11787456890503457
319944ea096b3a65,0.04904862167812554
19bd6f94f36d44a1,0.0809002470811494
6e7447b72d462201,0.06547492556099745
be6959210f99dd41,0.24139563254144672
bc1a4abb3dbcab55,0.07741564160094838
41032395ff67eef0,0.16961748586345388
2b4004b2678cf0a1,0.08699811955799613
469658e2c6728fd1,0.09331201856979052
e67a54cb89e72744,0.046777150366931225
0a1aa269dba98abf,0.0716242839036816
746e977975fa2166,0.03516759014398334
ca51e1b6ef04fd43,0.06400984240128693
dd96408688197b1f,0.12364749455296181
23b5530f05f1d9e5,0.12718418795710584
da29e21770225527,0.06848085610216822
adb83a06bb93e782,0.05799451460018038
0e4d2b4f26be08db,0.17883214526854344
6ece7a74dc7701ed,0.03831715198143933
e5306d42c50fcc55,0.04221537567803639
4381dd659292aa24,0.07547876918646991
e31ebedf532c25cb,0.11200397564659408
853b98dd483b98b9,0.07241099707956522
2e54b76182ee44e1,0.12384019663008831
338f6834e70af5fa,0.03234522252064804
b5abaa739dbebcbc,0.17356031764182953
5a8bb8464a290761,0.13705092847604133
f0e90b285061c449,0.04018076153860019
e66581f055ee3b78,0.13074812019392165
0a21004c4d12a011,0.07799600615892194
04cee8b938d82d19,0.05652955657926871
c2eb2ef42ef59006,0.09056739423126785
4db76ad147f6dde7,0.11118548221251554
388d2efe55423a29,0.17624855985962262
b9875250f7ce8623,0.10901097499505345
e354d93aaeda004f,0.22800568324437454
39e7b31ad6490a4b,0.1315208331296558
a31878efea02ed42,0.06977512901879465
4db06f2609831909,0.09601438521407812
e23ceacf623bf244,0.11188241331457596
5b30a3dce1e3fc54,0.17205155523430815
9b09b933e5488d29,0.10237518709263468
64f0282d10422cde,0.07578873623158144
d171c9bf0e731793,0.11849886150601899
699a9d5c734b80f3,0.0951482594235159
79281527b5fd74b9,0.06559518678517999
63b9f2af8362641a,0.122211538939272
8e20990222b8b1d1,0.08662021226266549
cbfad4f1f811ddcf,0.13320581680866478
a6dde1511fe8d47d,0.06505241323504846
54e8815e9966bb51,0.13218895764021354
cda24d31d8c08104,0.11080555237062689
2e41b0e18fd08067,0.04355450982397081
6e8f4f5c6e28c26a,0.12910959337383004
1f4157812e2bb339,0.13010566098409737
c2d3133094dc0fad,0.041881472964292156
e7e2da8351240636,0.08193083816029129
ef2946985749757f,0.06348600817078803
ae735efdf3a84f05,0.13606330887835916
8a459d7c2b588a93,0.08883292963429144
df0d35696f4b164e,0.08266659854257322
8f745cf8cd93face,0.039702397079506103
7aef10c8e6aae208,0.05814122351621907
706e881832fde05c,0.18487335666221416
03a6674f904defe8,0.06264641294771314
f00500b8110dde92,0.14144305700502652
1475216e327695c5,0.1443248776403029
3fc20688817559fa,0.03913520915634494
70df3ece5d814a70,0.05359008256857371
bcf591e552b3ba82,0.03536562964160398
a04e514a6ca8156d,0.1890461958206337
f83e082f10dc4f9a,0.04965352562330967
21a0898a3f0c502a,0.05644052826199006
c9afe9c2efa6168d,0.06362588248851024
9423152627c5de85,0.1498918307421238
fc5761df1ee97d2a,0.05690106184731602
b51c1517f2b27082,0.062106173584472735
966bd6f4b801db6c,0.14739006656987436
c39f09a3a7ee5d1a,0.1242673659080398
cd4ab667a784a10d,0.17347065008160842
053911f801591901,0.11824354663925292
4c12cd87dc745584,0.14604785445725305
f0c4df4801e5dd7b,0.03629446971319136
1cdb9e6374b25c46,0.05836575360251626
55a04d93184e2087,0.11470293743577627
b0259adc08c321ab,0.09153923383938416
3ebefad692cdc413,0.07893492430072574
83d05a33f78392ef,0.07371951973434267
57e746a1c420f866,0.13365045091476488
7086b53e09fe17c0,0.11624507074221305
2cefa5982f1e5321,0.10947484139082522
c4a61e6a8fa1704b,0.11960898420494938
cf3db8bd220d5bdf,0.1334360090972583
75c651d11c0a0337,0.055890996062067766
10dca6cd4d946194,0.0982571941695514
316d771ed9f0b6a1,0.06762915411363096
ef64650ddba7c539,0.03920660984126465
721f58982ee85da8,0.16641246612409621
e8f08bd5b06f41ef,0.033428420377639406
8c2e815ac865660d,0.1659650987913538
8191fefedc6afd32,0.05197908014676056
15c9fc425aed1fd5,0.13946590571411227
52f896a602e74ef9,0.13162371353835223
c8a94bf1f874596b,0.1160212551383692
64024839f91aaea9,0.12555014708799708
23a06e4e391dfcaf,0.06883945716594014
76fc88367fd4b329,0.04818474707671
e7ffd70d1007bf31,0.05382196606752712
4df67b2b4764df2b,0.16330951349825107
5e23b5ebcc3c7201,0.1438826417672107
97c325c9980b0ab2,0.049944101513259176
3c8bace911db4b05,0.14460618033254377
d3af2a4f1b0513ef,0.13038486179545478
8a66145d22484a10,0.13058758928669562
f501884aa3b0a2bf,0.042022009291637366
21f8710a682b6ca8,0.10499639230213348
67addba46911ef5a,0.14231223289942788
cd5a8d124051f2a9,0.13056783898194513
a1acde423d140030,0.04079779304388159
6284cf5236839f36,0.07899754217128589
37f720257a8a7a33,0.13061159335917788
acc257668dc46b34,0.1662156900993625
23424057c8458694,0.07997435985270551
418a7b8fddf172d2,0.09408467823452561
dc356b2589e04c87,0.1506204865748974
f64eef65821a8f3e,0.07248893886034881
9fce647d5b47563a,0.16818741852129654
52f9976ea5b478fc,0.0537499982873027
d240c91989c04146,0.2006441317232007
47ef036d29375b9b,0.21795684068567023
8808a12bef546809,0.07147082085209432
d3a20f2bcf2db8fe,0.09595797363955957
a451d8e451fac918,0.06604865852558323
9826735b01a08344,0.08496753301025152
c4a29152e2eacc8a,0.036849538886371255
631690ed30cc1631,0.1620486903558457
d84d8a6e6ca5eec8,0.05248820897120169
efbafec85fb00cc9,0.17046525261006223
24556c1044963c8b,0.177336047487337
5dfe6e2137dc82e7,0.04385171398726945
b2400c3aa22283d6,0.06185021207003652
71602580e012f168,0.1609395108208337
cf01eb3e54442236,0.03993330606302117
1a07d25426f87edf,0.0945762148942737
13b3d3fe65bea413,0.07102138295507282
059edd840763fd81,0.14666230310228667
48288e044d74e7cd,0.12006231739569909
add068ffe0671cf6,0.04616594420953518
c99de47efecac792,0.1120018113566198
11cef543afe62f88,0.07078027932546105
e512156389905eec,0.05331840273712008
138703e658867a2c,0.17218350980768
454c3092e6edd433,0.03708587834252057
dd957118652b5ed5,0.11957271644342138
af01fa5eafb4602a,0.06833504355393516
7bffcfd2a9da1725,0.13863615114758182
24f3f1ab071df78b,0.053541470389593754
3ec7c9ebab0a4a2f,0.1490270381930758
3c1d10f4646f69fa,0.06738480651814549
9c5f959e1195fc54,0.039354393673669955
cda81aae0a16f97a,0.1470868459424865
2bf6c949fa0b6053,0.10817615675548317
546683ea9e5995f2,0.12609147076375538
c4563254d849a8c2,0.07766395529052444
e9e85a92d9ed5065,0.07068931070122798
fc9fd5a085f168e9,0.10652232434340618
54049d409156afd1,0.1531818275593563
e4c0d5c0b9045e4b,0.12449956141836188
058f290d4016fd11,0.03998426359067016
e14cd74f951c3910,0.0701255695446219
05018e18dc83e13e,0.2026063996701153
763ff25fb3a65368,0.05674113464448613
eb5cf6bf7c8b4e5a,0.116014264420047
013351fb7667dab2,0.07148800230549243
e08181f896cfb680,0.05953883517988983
e65d39ec9e3de422,0.15401666919385693
9cf499aa7626f14a,0.09829638842900697
f203a5ba78b7389f,0.1219059040983414
8ea386546c0f8c96,0.17872616079264192
0391f48a6955106e,0.04664287892701071
d2f70a0377eebc5c,0.05237772568171359
b96e54496b6a6713,0.11373578838803475
1ecd7d7fc32cc874,0.11407451552794708
a91fae320445e22f,0.05147879324321537
7f7f8d9e95bc3227,0.13959502379487576
8ed9c9b27ed7229d,0.07481582098292182
19862b4c0d2f34b9,0.06918665651061984
e5b1c6b3822addb0,0.14013773683408248
191edcd8d76cb951,0.1442924658547708
6b08a1554cdf28c8,0.06086776784492369
706610ca333da138,0.10241046595672518
5cb5f8466022eb46,0.11815359349973364
acb3a526d9921b55,0.06757613243901824
947db252e781ab55,0.0906703358087829
e94881433d15d819,0.06212041530030053
34439005f71e07fd,0.05131309979327585
989a2593307d72e3,0.10020936830782996
ec8f1d04cffddc96,0.09694445923805613
11dd5f5d722fb0e0,0.13341874234020923
d6738bf320835a10,0.06989171001433744
025b09a306181a55,0.09332231414429877
e5e3f5fbf93a1918,0.14005004925867368
2d60731de40ca5ec,0.07785494153663945
96789dc76cce8bb4,0.12501426614190855
e04c2f21eb86c30b,0.05503903659603577
eb4f7827e27f3e50,0.7650404478140698
c72cafb3b0ed2058,0.04340606321007918
38e789ce64afac4f,0.09822729786049564
961a36d1522e6ffe,0.07150159469301622
d915888ab3fe3241,0.0810977160797471
6d047ff0d07fd1a2,0.06216243661478761
96212cff04501fdf,0.15769649438718925
6cb30ccf0384596a,0.14106508117473265
1878cf5a842e6727,0.10567585715852473
47adc8c9afbd6fad,0.05211249542306516
bcecb579dcba782a,0.06546395357461389
24fe0dc9ab19be83,0.04062312428017273
d56cbf99a17acafd,0.0682166799910251
5caed519a777c666,0.04456441488009908
de3dd7a6a4564414,0.11304552701857518
3ddc28164f664050,0.06723356326624125
45693136342888df,0.04422053158784747
143c3caf6eb25742,0.08721999449451259
9295c919e27237a6,0.0818841277835778
0dc756a818dc5d9e,0.1218602179943738
67a0ca3f82ae78c6,0.0475060943824261
cbd51c3558265f5b,0.07161387366846089
b6df5050c31c7287,0.060747252934850476
73f20d006cfc47e6,0.06069937522866169
2de69b9443d4fc52,0.05862517774544991
1ea20c09b6c79a3d,0.07783879482335382
ea1427791f675329,0.10814265931552104
cd6c9a86e5c13535,0.12618313311341822
fe03f010fd99f729,0.20725028136046997
3cac934a5e569272,0.12200285790556063
1f9c8c5a31c38592,0.0965360942851645
325d3152d318ac6a,0.07867967061995289
c796149ae059bd36,0.13836234710468245
139b95acad0d8500,0.051009207227430235
ef8ca6e1ad6cbc40,0.14711375814091487
738b1f5edad8bc5e,0.034248445025169605
00b5753c64f3aa5e,0.15001178841505877
7509e02d19e2f87e,0.05270465668010551
a85aa8068fa925c9,0.16251360293007708
f8ff744430f73aa6,0.12892394288576153
4106129a02383134,0.04219698999912004
3be6495b6e47bbe8,0.1131757163135253
d58d8cb98c5344c3,0.07637459517357185
72c32db073874592,0.06993973973001384
b33541a9535d3cb6,0.10537514635113744
f117d4aad78b524a,0.08264159945317286
5e48da846d46eabc,0.15478048458985094
b0b266000f2d6b03,0.14704853435576293
2aa63d23f11f3aa0,0.04162806157518146
7ca15ff99bdc719f,0.06837029641563004
286e550605b2d970,0.051549828962402185
140d123f8919309f,0.16557436843443873
5406d7c0119b8b77,0.1353043685613295
feb8f158efc528af,0.1130702151639857
20e9295f7f1b6809,0.06964013410019525
8c67df2b06a8af30,0.0857483105253973
0b5100f2d589252d,0.14711462521817004
a7dff4879e1f2c8f,0.13241643617263948
6b9c17dec469153c,0.1606132435461542
b064e718f3825ae0,0.04409725170622405
633aa423117b483a,0.07634272747640716
2bd2dc8cda610b2b,0.12963112208045527
16b4f1b4b30d7a5f,0.14043540758243384
7ce520db2bb5b181,0.14739604831627168
359fc18aad246386,0.10427130519864056
4040467f440a4681,0.08421592163800315
ba27a17c66a28567,0.11540239959569541
5e4bef63f0b3974c,0.1275779415747968
849863283a0793dc,0.12985813926293954
aa9c499ad44baf78,0.11621449523132794
a3fd494842016ae7,0.11724930830806632
5f079c78614b8a83,0.15567453617417623
7420f14669961a6a,0.13678976758677014
0a083c164a874ea9,0.05312516467089748
396f04d4bed14a3c,0.11047336897964101
bda29126d66debaf,0.07132839793196917
8d5ece395c6a6b60,0.09784272160019684
9ea22d08386ce3ae,0.05042604988464824
1a277b47ca192cc3,0.04458915723814105
5534d1ac3ad47ca1,0.10020611050295385
164e32a2b96ed3eb,0.13905220285285114
cdea1d25f481df1c,0.07168802748429538
37e1f37cd163cc12,0.16331545299259928
4f896e74ddfe48f5,0.12777220585405413
ec881c0b42489ba6,0.0965337600344355
6cbbc142e3b6532d,0.06433736161926198
af58eeb2cce1b1d8,0.06179579627108631
3792b407d3147240,0.08270562703429502
44abea18902dcc6f,0.0656408100792111
f174b76e8c589bc7,0.10349573473416418
d5cb1d76e26e865f,0.20771096991280005
c953fc1a52b6d2ae,0.16718139285147346
dd9860c103eaa486,0.043479832190397194
1a338e9358b4b71c,0.0317495513527861
28a055a15e2bee63,0.10975021478839567
d810129e88130889,0.08999795339181421
20b2f55f0ebfeb9c,0.1003860295556672
2dbfb79bb9d5d576,0.21490814395053753
a4f168601004a705,0.09184909927563123
7419f46f112678b9,0.15002578919534326
7d0ff708b6d6752f,0.16361174649190577
cbb85fa489a893cf,0.04684730737512731
c46a723fbfa594f7,0.06768506242459957
2104390897549457,0.06872501584106153
75c276f7d0f29aa9,0.13947166564310542
01a679a23b212287,0.17252870476353394
6cc58651b88eadb4,0.07009384060068756
14cf1ac65f8ca02b,0.0465914201615767
2a5d42d92966192f,0.0604777415100562
2010478948b9aef8,0.0781375683859557
31542ae607bdb59f,0.15583155739056614
783c99f058bdb723,0.08404596091493273
8e49ec786a6d5abd,0.09692609302406921
d2b9a740ddba79a2,0.05579965110155565
47c1231311a7aaaf,0.08776425332326417
c7937d0c63ca6a92,0.08698006090229363
64628bdb8224fe18,0.04866812511690437
49cbb2ff9274a4cd,0.05561096130358406
a4dbc0e728a780d5,0.15957784876261175
54a5b82f046318b5,0.1472220180619695
daa0b6896a1749ca,0.06540786777236585
4a251ebb1de72153,0.13725301302194304
edc7eab7534ce904,0.08939712239530545
0d31a18c31d12329,0.16802679796650238
ef643ea0ac629b95,0.06938138875517016
39049e24be5a4306,0.1658131402438241
f41fb0591a5b1902,0.041677089259282665
ef3add49907eb895,0.06402650947777833
3c80e6a34fb3e4ce,0.15276785404301102
681bbfb8c5372f79,0.14658310268227853
007f4be9a3f6e89f,0.05006026688281169
25144a9b2bed9be3,0.15407154385810407
61233f40c0cdaa2b,0.06543772981505327
73a058838f6b7f2a,0.201153217462999
cbc20660739af678,0.1884297539391432
8fc723bf625337ee,0.1461297660680462
3ba49bd9e60f519a,0.045171424398951346
6a3b3033fdfe94b2,0.09195052866119362
c8ed653c9f871795,0.14123032913330646
2f6d48d7acb127aa,0.13567046879510256
92ff64a44efeaa6d,0.07066599743123256
d7169f20999bc93f,0.1646773272011784
53604f2aaf701357,0.10963997333808408
a7001845bc2108a4,0.163319593691702
e1c8d84bbb8add74,0.042635373496243856
0b6ec467b5610434,0.05448480268810038
8ac52d2ec127a096,0.07407157070780276
b10baee15fb9d01e,0.15305875363195404
221ebe5d40d467ff,0.12781541566850516
4fe55b114acc6ade,0.09389920566371535
d8482a667d8a69cf,0.03289940841798993
53ade36e2a1b1e97,0.1503282023759403
23415b9cfe9e209c,0.12452299143768202
280c7808d94b9763,0.14480072577609146
de5885c6a7c6423d,0.17885387088056232
38de0e8716fdf6cc,0.07084855965057392
55bc25143589b254,0.11555481548720807
957e73c37d447545,0.05411221986950837
af84b2641d1c74b3,0.07373902133410803
e7be7f3fe2a831bb,0.03486181547550451
841f7e8235380174,0.14024651592747406
63d88f28c2a5df22,0.1241939286434457
8dad4fd4df5c221c,0.13372689865084814
3572ebf75eb17942,0.08734676307234147
25a1a550572c1f93,0.040680764605636306
6ae06440fe74b44d,0.16509914861700148
b4bf088ea90582b9,0.08431426436803635
6b9449d16e81079b,0.05556021660586269
4ff7c9e8a089b94d,0.11437050990951556
aa5c5648b80a1a3a,0.10352264279217807
5dc1f3d49bbbe4c7,0.1293318880950458
99546cb325e5dc06,0.11418026431370493
220c843637482425,0.10645657455543053
6608fca5b64d440e,0.15434301654920612
f29988dc0a3c0243,0.1211420076228335
51058b99b395787f,0.0533380954349121
ed1bbe11677f7bca,0.07825730620056628
9f9b85620fbc0cf4,0.06864869368762588
8aaeef3315304e45,0.07855872130026673
5d92173cdb00c0c4,0.08062889658872635
acbcfbef3b1946c1,0.05669132201207364
73cb612fe6d23320,0.1556473056097668
4216594871a36761,0.051572938009964805
1c2bf4927779574e,0.12673253203550205
1498d0dff1fb5394,0.04596562575669327
53f47e8f08b91aad,0.08666942928084373
c4229a0ce07e83b9,0.04310832201151113
bf61a06ee47b2027,0.03844040380394741
8aef635fd1b3a740,0.040989265184796064
0f6a8a20e3587b09,0.040950759007736946
75d7914477c996b1,0.06588004030592437
7b1790935e6cb838,0.037744337811529395
d680549ede3f6dc9,0.06138772953612076
f3bf39cd2ab5bd9b,0.08180927723158908
0b0930b54070750a,0.047436411013390356
3d97f118d250279a,0.12519842377472812
e9de0ad29a82a54b,0.07346604001399035
9485f200c4e02805,0.08551327046557858
12d95850d018d3a3,0.077145102179212
ddc866b96dfc3aa3,0.15417332343181883
45a33a8161cb4b46,0.05675759761779808
990eb9e1c61c80b9,0.05316506790540688
378b6aac03179007,0.05510358063452278
b6ce4df0bfb4d3c4,0.04770769775174071
a50653ff586cd76a,0.11051826104091172
65cd9ee07cfab83a,0.1042422405832078
d2bbc0c9f79df720,0.1955335405362566
82ce816296a1512d,0.03124078710509983
e502c517a223aa14,0.06429545610173573
71d19ea693604e1d,0.07449296192265396
0d037e649d83d735,0.09894020196030626
6ba6991213384d83,0.13668782948452368
4cac0de9485495fc,0.13918908437394245
9a0be358e968c623,0.03534543557311581
f1ca34616439cd54,0.045800102122248366
e301cf1f2e4c3681,0.13000582477273856
d614ef3ad50cc2bd,0.1394589796378945
c0b33846eed21da4,0.09278670696392931
d4e499c8cbcbf2c7,0.10317087633510744
112d556866bfa77d,0.16651198641334425
3f5b776bac1c2a71,0.08318663723268206
97fe9a981d0717bf,0.09688699603053251
ce3280649c6eb5c9,0.1170943428213416
7ae7079159ced82d,0.08021975789733493
f1eb50e28869a50f,0.06072084338239464
52c8dc366cde6d2f,0.0580176021685935
ef14064579612c4d,0.1274776750280796
7897eec02201ca6e,0.0726609509889907
321d33ef853c8fb7,0.15323339275406722
96766da6bd7c3998,0.04242663516737489
fdccd120c1ead149,0.14651016328387417
288252f0e770ce50,0.13005731438843593
d4d977f5a3d8f01e,0.1158057773779331
62ea4677a492334c,0.15993951227540856
d1f182b83a420b6b,0.05170114055277235
0a8ea601fcc75d1c,0.1228179738626625
27930c385742439f,0.135954836411559
13d12d929ca71339,0.1375298772878435
159b4f9fc1efcb55,0.04492962218477358
94ffb2f9a90b358c,0.10104233366119082
68615d70615e3b37,0.05032652608960205
d4a40bf8afd7e4b4,0.0771147589554882
e3dcfffec2d51e7e,0.05668200091893095
10366fd321e0ad43,0.06288274235538197
80e3f13b4e86e5f9,0.16147764025118463
6272a9e176561590,0.11732378554880499
14ead2f08e775ba6,0.11202476659140087
08ecd3e0061305ed,0.14182810786471545
b91abfe0273da79d,0.2116234103563657
0c3efbd8c39177b8,0.1583658561222002
e9e21b290009d63a,0.07069569651559492
c188505410fa547d,0.11864669467201981
768d9e0553a1399e,0.0336565097537969
a9370f34870acac0,0.11824604533584834
9f6dbe29c2020549,0.06092618862177293
6da7088fbbdbdec4,0.09197883272841989
944a046635530efe,0.16333987902190145
55a97e1488c333a9,0.058034611679782716
bba6644aefeb263d,0.1545447592380041
750f5d2c63709654,0.16001973449996365
b7f5c550aeab6fa4,0.11620418474175535
bf2efa05075a9f6e,0.07476275021243625
2987973344ab04ce,0.09085836064107156
a97d19edf8f608bd,0.06633577090012732
6138ff6754f14dc4,0.06552093177802323
87522437573af7c1,0.1257988393051033
57cc4278d6b67c5a,0.050111165336506405
8f29d789ebf40f9f,0.04921320003016836
15e17422c43ac280,0.0762467384192292
57faf77cf5f72f53,0.10954558737507583
febc8ada0a8d768d,0.05781448851855306
86ab68be69241db5,0.1152605988868946
5fcfe942606240bd,0.03997559645535808
31bf257f6a4a70d1,0.14764172417595206
a09897cadb789dba,0.034974713214509276
328299ca9da15ccb,0.08363725337542974
c95184d7971b2960,0.1725184285816983
6ba9df085d34410d,0.15027770047340971
396ed8ae6d33d2bd,0.15091285428795015
b058bc3c8a9fe33f,0.136564382728892
77b29cbb7ea1ac6b,0.1588509241339304
c8d191e05666d6f5,0.18253631204758575
c4d716a53ad99b70,0.13019609287999317
31d17f992245249a,0.0767033606841326
aa459cbd8c781f76,0.05248477732415091
7ba0185e8220f22c,0.05120856024735235
eb077a940d0bbcbe,0.09612867961172024
9298c80a21191034,0.09169907117346227
037747626ac5db4a,0.055594012475955606
8ee7aa8b54022319,0.1201720506230573
a2b57b918f2661db,0.06994415138217588
e703b056b17c6038,0.048914474674221664
5d760ec696eac629,0.10277585386576972
68589cc32366dc9a,0.09910059359951548
83d1d02b456e13c0,0.10144970279211815
f5ea6585ff5edb0b,0.1617172331837913
32290819a9b6b754,0.08514513166008825
f0cddec42ddbe07d,0.03527818436383556
41d5134ef4aa43c6,0.07721208852783792
9a422d8246e3f97d,0.10781378590336564
341cbe1cbd51048e,0.06257493137273942
3d2c0583f01cd72c,0.11602190752717176
870996e4835ca83f,0.06147936012728007
28b09161f3b17dab,0.13039130392808318
051b367d8fe91233,0.03757223899864294
9b8aba50b3ab95c1,0.1406941148958707
ff5577bdd79bcd6b,0.06800537758288668
92e4eb0a0d4c41e0,0.1626127974299398
575ace0896b22257,0.16616673739405102
a16f31da04bf60c4,0.08578479623065216
cbc13a2671d3578b,0.041666801631516655
876ba2c5e443fd41,0.17668306265224984
5d5689e87dee129a,0.1447206687046854
71a60a6dfa7e1760,0.11109131437096843
f2a38a0b81dc90e3,0.16053250788278367
ec97de286c2686f9,0.06278024130078859
b77b633a5106f906,0.07585923478718086
972df202456969d5,0.06672712131828255
5d7f4e9617d1e7a2,0.042649625814934235
196dc3655d9d1d79,0.0354623644022657
7b9da0adcf1bf365,0.04517723217016258
b9d78de840ab100c,0.047662691792795364
803868566ffdbdc1,0.04299328051329701
cc5f60c8c3c2b5e2,0.06426817258304598
88919e17cce1dcd0,0.043738354224355035
88bff82c05879a44,0.053276484640382864
aa64759c290cdf84,0.09197593597564807
b224a7d8b6f39ab3,0.08083809972267453
ef11b15a28910cae,0.06197038943466451
7e08eb8d4482e7e0,0.14647125234977512
609b606891c6ff2c,0.037306490193882234
07ecd08d07bac830,0.08522008709884492
aea578dbbc154142,0.15592417084987314
9c702ee77f731a28,0.09526777672848905
74a102877446027d,0.11528936974723186
dd13d150ff97f653,0.18667706865137634
36157f72f10981f7,0.09408522802519856
808639f0db0c51a9,0.052244468930736615
d809389ba1350646,0.11343574936113571
353512ba78ee6085,0.04389146883861361
207ae6c9e8f4fabf,0.07438836520532127
333ed3894f0f2865,0.14620838452248802
c8e41f868f963ff6,0.1062605970867667
c0436a45e3cdfea0,0.037507065170575095
497bc4409ccbba90,0.1512270152249237
b29f7d1224fd0321,0.0893711353463646
7795ac2497824361,0.11624393692455702
28bd2f25cefc0467,0.03289178050160864
7a5268c2c0ad3fb2,0.08559505535799303
9335e306e6ef6c17,0.06439090234553747
380dbd85787bd38f,0.15855744490085855
4df3a358e7ec87b0,0.03904337824239065
b423d03461c67e1f,0.13574640848236416
8d6c8b00790579fe,0.09380845312559905
75302981ca660bf5,0.12834069625840852
34fae39e3b6350ef,0.10088351439889756
47ee9553918d83bb,0.14921216653200664
525eb09cf01d4422,0.0857626031198581
f285090a9d6de2ea,0.1706852871102459
9a015d0a0e9dca3f,0.0733327373090742
5b9ec24c9cacd921,0.0896206680031016
80f6887bba571ef8,0.0860791025030109
a0121be4cb97ee81,0.05154830775122731
98bbb1d875be50a8,0.16932415063795497
d13d14d73f638740,0.08296976954549054
b2c1f66103087339,0.07639531671713069
ed544070c1558a6e,0.09246572958699238
6dd8a5af5647059e,0.10215698328748993
ec707e8be77e5bf3,0.08663725243247779
435ba973814b0e29,0.09456523832170145
a003759cbad0ca72,0.08493714302554062
4c1f413aeaaeca8d,0.056615904428385044
febaa69039e2d424,0.10108337807884327
1a7702c55d1c3c6c,0.1268055222917269
747b48174e7e8cc5,0.04427863233739365
e73a38787bc7abf6,0.08453268538959263
591163e5c881643c,0.15937514733522715
95f08a028b009350,0.05352970270822564
74cf8eff69e3ee73,0.042424222538756565
44639b509c809540,0.11026543690792877
abcf4a1f567f5b1e,0.08966867017303252
987d6ffc23a79a57,0.10167742634727284
e7aea6a6f0d83afb,0.10562612441455232
d9d2d9b2890a7999,0.055244805844981745
deeaee8dc56ee2e3,0.08461063702937102
ed44fe0714d05825,0.13489243391806843
68d0096d6964bebf,0.056931885310974345
8d52d8ee49e4e8ec,0.12547356857194808
b877123e88a6a266,0.08239367184811047
8aae92b438c0c262,0.04095201533223669
40864f11272e903b,0.06698809685284624
7583bd973a7787bf,0.1954976913143511
209764663e3680ab,0.08632570061233086
1802828e130f444f,0.12279833957782253
c7226e4c37f1c216,0.17168541079034008
cd0110875b4d057e,0.0866259676473245
b66e634d66bc8033,0.04645123161659949
644bd7580a1fab58,0.08143562613746116
ceed54b1129eb356,0.061372691797965576
4a02d907bb4803fd,0.048516412415506555
d09af6dce02bcd02,0.052969595895672114
c81869bf2ef1408e,0.12187627529265754
455bd62f0c9a8b18,0.15178291242677763
8c648fe7475ba2a1,0.12559134694726515
e7c1606cda3f50ca,0.06544362180862094
386a0c809777aa8b,0.08285773291706064
882d6e6250d5d648,0.13779210515494444
e73fd396a2d7e661,0.06533282308924256
e1293605384c5923,0.03559522649739082
d8e5a75d55957e5b,0.13826166741506746
75e6395a1cc7d878,0.11618573855308943
ecc995a8d29cc898,0.08600337504893606
ba27e43ae6b021c3,0.07751243788137752
075b11725eefed48,0.16709332149791234
16e06a6abad58f9f,0.08072404000337857
039a18d8a9005443,0.18901973638373398
166eabcb1845baea,0.05517213904025595
150f221c402f471f,0.12898731176025593
2af5183224226208,0.10205480165801681
30a31bbf87301908,0.04668618539417157
95c87aa909d557a9,0.03993230379228435
d70eb57711fa415b,0.179091443179467
9464555817eb4951,0.1701105753971927
8d4e5d5935a1a663,0.04610623795162062
289e3f76cc551091,0.07448988556052775
8646ded190e78433,0.098569008093359
f2e3c326fd923449,0.06712068986554554
83f8985c38ecf25c,0.0796953670885556
8b698836d194ab64,0.06129345937658353
74a48ddff930321f,0.051118178860323556
79a5efbbc2b4f8ec,0.07850546101246075
6e88ede348b8871c,0.11944283825473957
d98b06d0f7e1b8d0,0.0615308808630302
dc56b06363e3abc1,0.10923008282911419
b5355653b987b958,0.07211404208623731
e5bc532f235bc0d5,0.04357901021288246
153cb69740320d37,0.06329784589140297
30ad5d4441533a6c,0.09651977597187242
05ba774a4ce6ab73,0.18583984374749776
ba467da19b1f2810,0.03776713676173055
9ad04a6b621bfaf3,0.1368022316434484
f605e43b08e76847,0.11996486526079952
fe2d494aa36b099a,0.07573053765090586
1e5a8f5e21430d42,0.09290917054641981
9b28fcb2ee487967,0.1509613012769029
2f1c0ef6d36a75c4,0.08499692702755872
37fc5525bb7de5e9,0.04470284347429718
d6538f0dbb2a123b,0.09902501448459809
7dde59a4542325aa,0.051133348598080136
20c617dcbd71f357,0.06199320396031797
77f00b5e8f833d41,0.14275809557133792
869a14428379a740,0.08768353079618113
5fe5544f8e236559,0.12092856357264772
2d3681cba05bb562,0.1330862201929401
499be0abf97d1597,0.06615064524891842
5b423761773c3a6b,0.17713105288834036
57cfb14bc788cf66,0.13607838952804677
bf8ee8443882eb4a,0.14027624454323934
400e3c9ccfed951c,0.07894803787838822
95c34bd334691146,0.15751456823138954
441b99f616030e70,0.0813364079405863
d6449401e78d3385,0.08327329184034833
ee04b5380c7d4f07,0.1556432806180523
47350f4648bd6090,0.04168228643965545
3d184c420016986f,0.06830107508714314
2525af5583075cac,0.1084756423149976
37055ef29f0a3dd1,0.08569875038552133
741ca2e53f728930,0.15310393827327354
c2060532831835cd,0.13573252519449353
bdf51afd82ed739b,0.10128752284061947
87516eb4863191a1,0.13368256486054833
034a25e098498861,0.03895975543943875
2beaa963f217969a,0.19804126074935774
6b03ea3eb3783933,0.07167632798566234
99cd56ca4ca12f1f,0.047801881326092185
42288d86bd56d80a,0.08577414919991336
a5497f531ca73858,0.056099335727603825
6b8797ea062ce398,0.08841486431488242
1514a9ebdc630056,0.09035976025153511
6a47264adc77dad4,0.08058369822503683
4cbd1cfe1be11280,0.12703077374696323
555f489d111c7db7,0.07387539129941666
d3d1d52e817c754c,0.045940221874558984
80c2b83979b319eb,0.050043985886013546
b601ede8f1d5ecc9,0.03746957515626325
ac4e394f11848f01,0.12306987274819238
a5d564228af285dc,0.07768869398778663
872eaff0cae2acee,0.06871096367804326
ca524fe71b6054b7,0.09042849083508976
092fdb93d96ab75e,0.04090313154456372
b1224feb365fa8bf,0.07551575918064085
b5883c6e74b0ff0b,0.044844752012892994
7aade43a31d09f8a,0.07904073873268286
585ac3a63ccab1a8,0.0521411782159305
e4933222bb492af7,0.11178422574175725
d4fff28089f09f7a,0.12928248634774156
1faffaa35ce84d77,0.12191411693219928
27afb6fd6aac442b,0.041347624425561835
847a053fb85c500b,0.0592105652133651
9ad6971bd0ebf223,0.0829458215231137
a14e1a04f336c6c8,0.05674393388622752
50698da7b2db2350,0.08601865247642326
15655e2cf84c9cb7,0.15474785944798902
ef796da1e5967ff4,0.18062531107059826
9331c7e2dd294fef,0.11444236442491251
b7796a59af546a3e,0.07193398465798362
d9279cd811aae7c0,0.07551781506984388
df81c08c47af6c59,0.17094763160046814
1b9dcbf8b65b1a52,0.13398465505887736
dd377f760a65ba2e,0.1317622553327914
995b4a4b97e53e5d,0.10307943667603545
13b533f79e5a5caf,0.100663797169353
d4c903b8efe43c13,0.15050886054626358
4fb9e1bf5a2f571f,0.14689863426627675
ed595c03e7747694,0.05277506530815271
73e9645c3d48fbb5,0.037890500061068866
a4b5405b00736981,0.14988243904297271
2a653776755ba7b8,0.040300017138058496
158fa97bf999e010,0.11250636361297717
a95d0a261a3bb142,0.08134201286613979
ea46e88a59d4fe5f,0.034428341362779814
6496d7761a0c6190,0.06764106205857462
6f4ba984b6dc3289,0.08024451145587787
5afad3e6c2fda712,0.06493679412679809
02effb9a084a466f,0.08663791099226603
f43a5e53fd455d87,0.20154061850687566
49bcb75b2ef9551f,0.038926048587499665
b21c8167caedde33,0.027484719823807492
15d2bbcb8c316442,0.045942970614779574
523bc8b194fc69ce,0.05086293329595114
d7b8e5c99743aab4,0.10302690038384997
3ad43bd42075bb8b,0.16092765468310766
812b9840da2dccbb,0.17615499006215193
e70b5a521c308e83,0.14555100139937155
3c45ba8ca9f6f412,0.0440000227550753
7f616f8d83b3eb18,0.07272958684327745
26c592e1845bb489,0.05926129978195621
68d37c0a802b47e7,0.12262846422966749
d8934f60893849d4,0.04750922569604889
2a3dc482e2f9765b,0.09227412120100735
016da23592d81da0,0.041112235299675934
4fdfd4d0c0f506a0,0.1563791449232218
729fc49d981fa3bd,0.06980112106007103
15deccf643c21df1,0.0854538887518102
7daf2f242a027468,0.052372044568677105
d51a0a86350f7add,0.04342274720076959
52fa3a33f632aec0,0.1276568143015631
bb4d95ad5da1ac87,0.10006518984689432
cd23dbd0e165834e,0.05748713832585435
ba39191a07cf9e7f,0.11306304132534267
9ba5cac296310d3a,0.17083245355805157
d322c51efb437d17,0.03365828805067279
3af739b2f776287d,0.13729975487335294
85804c2e9c6d680a,0.03658192923518527
cb0cd20b25649838,0.06561867504935498
12c942ad8a277403,0.09795806037848756
289e502cd91b1547,0.15021519353896406
31c382a7004fe972,0.08751607489665203
d169a1c279a46015,0.1155709006025109
f9b4abfb6291393e,0.0705124886496222
6717d92d92048fbb,0.08333086420978286
469f41c8da1eeb41,0.10605637788462331
769314bb014d1235,0.11326013883201391
ff2e280d521989fe,0.06257443589662093
1d52653d4f3c35fc,0.036135871116062604
4c0ebdf6c9dd9fb9,0.0602859013279544
8e182e2e4650cebd,0.13417973679451242
f55714d17852a183,0.06726617786505248
f2e291daed34f717,0.14662519864035872
2fedf01adbad6180,0.03688316372751118
7079029a20553569,0.13681517381101255
7214daf28cec2f25,0.07635951835878271
3037ee52ce757f35,0.03699556943455625
301594a1fbd58308,0.11583521071016653
971dbbb99046d9fb,0.16485187840394763
c7647059905f4dd4,0.043769597142395374
796f7cb75fc0eb55,0.13944727843798665
bcf00da3386bb946,0.13315362147934884
9fde66ee9b59f95d,0.03381512175379871
752d3e65ebd63369,0.045607952266745654
1a6bbae0cb804476,0.07495769828935273
03cac4272e7b8e63,0.1441666138448578
055fecf2717f29a3,0.13403448948216592
a2aa85d0e1bc4e6b,0.07591420783498018
ef9db57cac44e529,0.09238468262437859
8c91442db55d9d64,0.1095264668193368
7cfa3fef2d1a1dfe,0.056154925193263566
56ede8d9842e0590,0.05122986323979807
fc74e63ad196960c,0.08432965594801663
342867ccf7337815,0.04500616411786313
866f7ea3c4be20e6,0.08406253378312911
f45494a74c712731,0.09141654511309641
414228464c8b74af,0.12186877377609942
e4a3f7a35452e28c,0.13440723839434648
c1eccbf012d9a361,0.05477287108062934
a715e394b41f3a16,0.04493543090984324
26a24b8218ee00b6,0.19194160044798272
db4b58e70acde06b,0.04757121759061339
deaf015c1e137149,0.037015831867845045
9d4fbfbf523a0472,0.14557411481532023
ff7e2911a22e8008,0.15526152839804794
30449ce55b14d344,0.041984801318615074
b930073e02948360,0.1179897976231501
9326674b4c828c15,0.10869131894408829
a9b474db35164846,0.10244953645333212
9183d88dcf308c8d,0.06363687974582083
47c8c6f64cdc0a43,0.07974670228037746
2ee4722095033329,0.09751101744353807
cb8a02ecca44027a,0.03941241135923301
1925e9dc63237314,0.10668228750457528
dd36f08b99fcfa16,0.20041176811028913
9bbd43f6f760c243,0.13291866656233928
a766359aef66a25f,0.07484520132736644
4d10a4698fff400a,0.1009795931076923
44a6285639d7fcc7,0.12659884260724466
a64ce0de598f4714,0.13396428379936434
8c887a6a554fcff6,0.02504879111255379
ef3f3402f7530e37,0.02459117981513951
e9cf43bab751f410,0.030800718760083626
1245634a78a3136a,0.03274190394452825
7c5ed75e73c20133,0.07206038453408531
ff7628423503cb61,0.05736917552792073
55df3baf4cb22442,0.04619378698839216
20497b1ff5df51bd,0.15036155701576343
fe1c1e2e166d6943,0.09741308893365538
0a6a2ebc3b004ba8,0.089824037306861
ba16bc573e1d9a6e,0.13781996318042083
41ae92fc5f37cdc1,0.06144971098399347
ae05071f58d92774,0.057082002172723814
a8d4083bb2383da5,0.15275999117139855
92cf17c3d59c9b61,0.03587927086535362
f591caedceef4268,0.05588479427260595
e3d006785a8a409d,0.07544304809458885
dcbc913499301796,0.045611270434752625
b630e1af9fc1f3b9,0.13092181581084894
7d6a1e459131bf25,0.1408537432480242
5f891649affd8c18,0.09498203071028812
7dc102adb7ad6667,0.10670049956082728
1b8c16064d0dc4d7,0.08339686939015788
8e5286a9c7d73ad0,0.04283469939728486
147e554cda420ba2,0.04999273236453271
18517e2df9cc10ea,0.091974782197696
54ca2e9aaea55320,0.17684999122776818
a923278148853286,0.09020665077414088
cfb35f11977c3be6,0.07147290575943659
aef8a4667274a47a,0.03746029013395629
2c51172cc4d5eba0,0.04271412371625352
494446d84318c9ee,0.10468996988185456
aa652d97612fe50e,0.03903741771255357
baecb9e5cd4b2907,0.14240201027220553
c29488c64d211da8,0.07422250816525527
28746b4c4b26d721,0.03817798428488774
8a45d03fa3989bff,0.05934895763608051
462b3e544fe612a2,0.12413123863764872
359614f152fbbc2d,0.09285057282438124
5e953db789137f0e,0.13655714568990207
2a99aaa9555b3dab,0.08397710790331979
aa37a77bc447fc0a,0.15289976515282103
8c0d7f3ade155e48,0.044707111682700126
45b05dd1071039ab,0.1409041790310615
7e037c271c23576a,0.06260164224187992
9adb38d0576dec06,0.12154933383624629
532c84dea557da7a,0.12778337257787686
6c302b9662d3b5c1,0.07598300535034185
666231af023e8fd6,0.048961330261021944
9c06ef2fdb037a79,0.11600747101770924
65230a28464587f9,0.06350445714378662
b3ea4baf43182919,0.12256409455046827
c1f297271ef8cab3,0.039288155472911764
7c58e1fb77913d4c,0.17817989684942742
00ece1c11b40f8ce,0.03738818255783734
a820b5633583bac7,0.1326383475443477
b4e9165d8e2aebad,0.05802762386749813
85f20d358a8d6ce8,0.09125283409632651
148fdf734e431091,0.06499444895473855
67708062cc529759,0.10336392907509866
d764e50c36756862,0.16863945582862844
dc093657cc4bfbc2,0.10492942445232867
08c0597e111a2388,0.0938109478258525
58fc68c0720d8cbe,0.06913763073037558
387b7309eb20b505,0.1276344395869133
cca31a05a820ea88,0.1671276880490482
be7e5b7b5839a348,0.09508359473666403
ef7aa159ba83917c,0.10476400188415008
3dbaccedf2355696,0.05035894731493723
3774263bf5c9a393,0.06072808624243124
e830f76f4667709e,0.10798835158983171
c96965b10fe9e8ba,0.046850103711257196
aea0b2d75bb410f5,0.0890423931363723
892d778bace3f693,0.09126769734218876
f46440975132762e,0.17034504301031306
6084fc419fc10f1d,0.13664122867791964
c6fb1852daad742d,0.06310985198730061
2bd09ffffa247f82,0.05937953853576704
5ded576ceda86075,0.10380734332002814
c066afacb3fe3a52,0.13483992091330843
21e99c194e94917b,0.04259754438273292
7f4eef61767e4c67,0.03711810445047669
dd19efa057bdb4b9,0.050454331727214904
2b309ca794e9b11f,0.19953012492218652
8428fd508cf86cb1,0.09792646176568115
bd059d7efcd14494,0.1077572410079188
7fcd9aa10e5ab5aa,0.08366011906484028
9398c438c5fe8b90,0.0661079210588067
7401e49aee3edc69,0.10837697686230813
0520f17da71602b5,0.06280313086013822
efeb31befebbeedb,0.059753989932599616
df3fd48fd3b3331d,0.11991653294318973
14e14e2218536077,0.124928863540908
1f92d25274d4f038,0.08859890641954973
7170ea34f6161e69,0.1052667986872135
04b0152464b775d6,0.09671334336832454
7653ee403f88ff26,0.09477345674087963
ee84092d5d680f67,0.18785578229324199
c41b6329fa5e7012,0.04528585964995526
1514f652f00c3b36,0.06864298381536635
0c6d11c69bcc6f46,0.07768064744651648
382f75d2edb9f457,0.1578730658863183
ab482dbf08ad90d2,0.11201868810169367
5ecd94cb7901e72e,0.057289637862016095
176da975d008461e,0.10153143037805168
882d984b9b9d8fb6,0.07399589663548922
efecedca199bc74e,0.1363926706445211
5f185fd802f0c00c,0.10354892867975005
b7be75c69ddcfdc9,0.038470049176052006
4da0a9696b2e9612,0.07207755403240303
755bd669f9bccb8e,0.08164180412020554
dc744a1038657389,0.08284818267330518
f5565f23a877bd69,0.12336413272126154
45485cf629983a40,0.1329506391940574
9d8248668d721756,0.10313033439282049
7e637102a104b616,0.04675786601636277
b9095cbbb40751d4,0.17984897221800983
b6f5bc351054c7df,0.04977486644869744
d08fe94fcb0dabad,0.051635980515045546
edb4aa5de0832a92,0.07265679664545294
b142c9c1185e5f66,0.06404695022559428
1473309b954d71f3,0.15896184880605327
b604a5e504b627c0,0.24509733776279286
d5d6a72d9d2c827c,0.045894180740481544
aac5a801e8926a83,0.07912191317129319
45b600cd20830ac1,0.11528418699878532
8b6f8e193f28c495,0.05689897233207977
9cbdc55a60ad3994,0.04212622782042462
59cc8f62d55aab98,0.035991516276611256
42f81ab5abcba09f,0.1041446790360462
758524a5d6a74122,0.12209977206045122
0acada29c4de07eb,0.10240285225603123
6bf56d0ceb2c1ab7,0.051524053346349956
03b29070bb68828a,0.03938322108851097
2f553bd8ba413efa,0.03885754130769392
c3ea0fbb29a15317,0.08422381290149808
797edeb1c8a9c95a,0.09362236591029305
beb71749be71fd3b,0.0754672557636743
c660714dc6059849,0.09422790052409463
549961b37bef9764,0.03224862726146692
dfac78eae9821675,0.03709818566671453
588c204b822eb2c2,0.1174022121934765
e96e43deab9b69f6,0.12117070003495761
9c9a726ae65647b0,0.0491077895506052
58f635ddafc61c78,0.16116506396826158
d40624f11c720afd,0.13366541341712998
73575ac328053efd,0.07378841135249076
809a4127b076294c,0.15133583935789496
d476e643d990be24,0.03959880182108382
4d04534027759be4,0.08854795550334991
72c2c7664c8294e1,0.1369124409755392
d3bea4fa475618cf,0.1106455775895454
7af7100957117fae,0.0791447716277272
bfeae03c16252052,0.06289568186724326
dab19b0b61104952,0.11994555388131159
8b72f86a4e6a970d,0.12389808514103358
c775b6de816c5092,0.11961443758718573
0de6dca19e114646,0.08689246943848832
0ee2b0fc31b7cbb6,0.050281187684683655
3363b132efc51b9f,0.18235084322163328
ee924a0428a40a76,0.041761797316204635
ac3726dc72e71ad0,0.07051419413620477
374584473bf4cec4,0.0676388211575549
e6b8e496d903523d,0.10147880428029717
8fe009970d6cbeca,0.042587423318311945
b03e574c8770e9d1,0.048346409421515926
27905f95e6931f22,0.07717125458330028
8099a0f72ee1a1b1,0.07024069763139709
5fbbd8a6f4ba3669,0.06006929283821895
24033a02989369f5,0.10396246131268908
223faad452bc6598,0.1644837410490091
c5c13adedfefc67d,0.0791874881974502
ec24ebbbc53f73ce,0.046032483876852354
3a3e4d31cbad45e5,0.050514173682665114
79763f9ebecaea1d,0.13223141716953854
46806e41926c192e,0.10191427001165007
a5cfdf6746ec5cbf,0.14929862370076574
0ddbe3ef0aed551c,0.0599823908113415
b641fe7061b46442,0.03359429093234656
be98835c447eea49,0.1794056837455567
98aa4160c7876f0e,0.18824146687255758
0753638b45dfacf0,0.09518994443836667
e938301ba66e78e1,0.14139791640758423
64b695db5b68b91c,0.09444133418829781
2797a5b06b8c68ee,0.05360543018261943
aee53ec38b7eb6f0,0.07296734353704709
d59b57f46a383c1f,0.09961775575505147
8c3a505dd927009e,0.06123930683987685
436e01defb530baa,0.032149873383924846
2f54c0acfcbfd646,0.16322240242038266
20f15dad96dc92a0,0.04898459166961762
8a16a230e343a296,0.09517875572546557
fc511072e8631203,0.12895146910879762
5d976c71ca9049f3,0.13377426369306789
b207e579713d5841,0.1683483594488103
ac03eddc2e2fd2ca,0.09052990624006556
6b1e6ff0118fe59b,0.09238521924494295
2cc92c1f6bdd93d0,0.09054217916867685
f651266acfce6c0d,0.07227453854469573
c3b49d19c43acd64,0.0576060771872621
05a27ebb8a82cea7,0.129401396397059
f32c511446a68874,0.06156912066921237
108d6b400d52aa73,0.11985751270758797
7e3cd0895bbfcd9e,0.15959757981603145
2245ed07ee31662f,0.12717772175865316
c81aede118be0e5a,0.0811134302680424
d664a113973613cf,0.10689131434445182
2899dbe3769e8b1c,0.0922743151938047
164d8c33239c5511,0.10769772380910182
e753bb93c30cfba0,0.14141800119967557
4493eab669361ba7,0.05977413350373181
4e55ed26dc79c3e0,0.08581697962769423
1d2f7db4504f10b9,0.03932398171091207
9749ddc8b2a3a385,0.04539886734740456
9aab93db4ffdba7e,0.147149227842729
88558205521546f1,0.07842349612717159
02a8e05f667b2fa4,0.06300749558165243
f95b0bb67413dff1,0.12465374677629129
b821f8fa7a26d286,0.05494638069156977
bed1456aa64d60fb,0.14012669341555642
685b1294dc5f8cbe,0.13405599940441187
79a0510c936f5eb5,0.13870979162182212
07f28f119366b484,0.0626664742945381
949af0edccb8d159,0.1367711990147001
9965f63ba2d41ed4,0.05216944260944664
f635cdb577ae5471,0.1255421993845604
6419d144df4c87de,0.1479117148715293
bc7f2dd2340df372,0.040349234295189655
cd35e912794bda2e,0.0611720770323907
abf3b6dbce73db98,0.06569097330996612
4eeba8a4c17e4351,0.09648214358020599
f612b9af4ce98bda,0.17109289835435504
d8120911733689b5,0.06319985670982368
723bd2532e39f731,0.09531635970737826
3889ee7a1f5fd62a,0.08315173671684012
66ffb196fbbb4006,0.06001157658142402
53a1c51ae93d0e81,0.11982254808045933
0a4f5ec5f9339110,0.05227853975362075
34416b6b8b600a61,0.05568286036249111
1e0b561b5df0447d,0.11611761435726253
43e848bf56ec0bb2,0.10516841836396501
1ace2be427eaf92b,0.04867940223802428
e24ea459233ec078,0.20644890685986048
e019c487befa7761,0.03453464579239027
7734ddeb14b3d277,0.04520505424864012
1961aba76570acf7,0.06894153168094146
276265c86a0e2a26,0.05826454057206665
4fc5594c301766d5,0.11145437658136503
bfd20f3d76573073,0.1052487890042986
8526753e065f5b50,0.13913705278312366
5c03ad68783d0d61,0.05297861225551605
9c83e80d019e0f5c,0.11613996361087346
4e6019e87ab5ac6c,0.11359456201975576
dbf6023ccc73b0e7,0.05727007433162275
fb35b29ad551c9c9,0.06180919619164042
3ab9a4e335cdfda6,0.07836474102910734
86fa9d51e632ae1d,0.08892726174578514
ab30ffa9ef0220dd,0.17510189012432317
ebfe496544b5a6af,0.14272924528791414
4cb026b93d1e4edd,0.06173259463930621
426a41478cfcfc22,0.06707364348713611
3e16e5f885a5764e,0.06672426478237718
dab52f137b1ba008,0.16420466101757022
a7e545c29eee2bf1,0.07494444932662958
6a50159c50f7f9d0,0.03822022397905379
ded3c69308607da3,0.18069685278382652
921388faeaacbc80,0.2360967197280516
8c90e1ab4a546bcd,0.08440670818901312
31b1827fce88917c,0.053919833267172965
d97cfaa40be224a1,0.04933108067329488
b4dae0ea6d15a25f,0.07951476674316435
ffb033e54895ee3d,0.16589589474511468
2b625e5d9c22b0cc,0.0726989169830533
87605745817d0ffd,0.03350993568173498
9717417666a66daa,0.06480054049492595
3267d4ecd26e96f1,0.05845617236035926
3399800c4f113d8d,0.12935479699912544
f457366f48f27702,0.07096066857146904
5a6c4f9b661a0ab2,0.14257781286897186
76628bf9d8b6b0e6,0.18655078548383514
997a5333179da7c1,0.05704290900658587
044dbb2023ecc53f,0.18689600903673184
737497734f709843,0.17755876664142461
fc7d05c3ca74b0fe,0.06719308589976661
f5b74bbaa8085255,0.07981368534045385
c1d1e5c41f539d03,0.11029335155354128
86f9c72ffb536f2d,0.10381234460227368
95b9d46eff640109,0.07460481365704377
3aff516939a3de92,0.07284729466870654
23c1d6b14d960725,0.026821130652009997
0b0950c974175a86,0.0770224721201688
e94d8ce0ed816caf,0.06503913733648005
037bc4751346a482,0.12298520625703933
d43c5617c5e69df5,0.1834119666537705
82c6f27cdcf850e2,0.16765044849040317
7652727437cf5e6b,0.06687902646514451
86f089e7c7ae0d75,0.052949982663150985
b9d7751ccd00d9c9,0.16993628938493285
0a079836e9e1ac2f,0.07664583806035984
90461cd0e33baa56,0.1221438976862198
825b16c4984f4382,0.11317097268737383
9054cbcd60dd433c,0.08310805051643508
770e4ea8a1273a1c,0.11620715814413933
518ad8ed2ff052f7,0.08678265619790963
f12c4df4f05fb6c3,0.058985597000843965
95a9d1c987aae5f2,0.08872673412840068
1d60b64e1441c91d,0.11068129757863174
84ed70c1cda568a6,0.06858304017543884
3d6e8f3a5d06c7a4,0.05020089627931151
eb1779538632b044,0.05614102021024641
bcf84068bc4b5615,0.09046849987760493
3dceaab87e5bd6cb,0.08576560474618307
c86b418e43874d34,0.09534501271065443
95397751cf365c4c,0.11688258765582836
e80b64dbd916f780,0.06107993462119765
d2a231ba481924eb,0.09390309354321347
e86aab1a495bc94e,0.04009641192044286
4c088c5147f6cc2a,0.10049782669214785
746c9771aa5c751d,0.08511855555804049
90005adf46be6af1,0.03430340174369731
78338f5a63e742f5,0.12577850977586788
9c3f2d29681d0d34,0.1254677564583306
f93fd851b68279a6,0.17859794232264586
afed2c838b247303,0.1812296719629909
995d752a3bf1fbb2,0.0768641628404976
33609320e5c7578f,0.0647512369397028
1ecda15121ffa27d,0.0581947481763149
47b2accb2f516cd3,0.13919505428430834
5571f2482997d163,0.12546088629216023
32897e94a9feeb0f,0.17083099604574792
3d5fedc7f245d35f,0.06877884730227879
1b4707947519036f,0.09369825414964542
3cee4d33cd4686de,0.09798622194863099
155f6d74191258a2,0.09282055315953275
3ae6a0b3d379dce4,0.06973892437639512
dab9de12664f7b0b,0.08063962170629044
cc73e04980d2167e,0.05922963964332495
be7f0f5d2c65bf06,0.0950332649107844
dea114b428048ebf,0.0402022508601264
deece306851a2a78,0.06774015426889005
d1ce358b8f732eb4,0.06821151497642164
e025d916d395fc1e,0.1263410732240346
f50d9be3d733fdc9,0.06948260684560936
a6c0d8fd193f76fe,0.08213754242665561
569e045332c790a0,0.12941791287556006
977114ec6d208ff4,0.04108228179479195
17faede0e698eb93,0.08183751426120582
0610c3287750d822,0.10103035819967927
58e6e26dd56a60a1,0.04480358293776177
bc263b5b32d9ae07,0.04905294666937359
8894323cc5f185da,0.034469942579666006
e8229221a1595393,0.06208563687791268
63c589b1e27997d2,0.14321907903188105
fe21e0f0344dfca8,0.13559694204772074
7e0194535136acfe,0.07252513600692001
cc859709caaa52f9,0.03089530361550421
56e7153dc35c0573,0.05614638999536978
c76e1ab42940cee5,0.0718603079393516
2ed46ca4b8d10516,0.09594802805902591
ae2f86a0a6c3b696,0.07846210225729272
a05d11d463a21a32,0.05782652427533197
89e7dc0647f4db8e,0.07977251539492015
80934ce845013628,0.09859127415525548
f66422247e89d830,0.11336490457607865
b0a301739cfa2228,0.04331922809881289
42b93c5a8b628ba5,0.07290229978371968
f74f1673a45ce9b3,0.11460148326516084
2b76aa4b82e23768,0.07992938033451863
0d6190a27ee0d6ad,0.15742081617659465
7492fbffda1eb950,0.07034314500554416
35355c2d5692cdbb,0.1098249423987539
de976dafed9c0fc3,0.1410127067720644
e2601be919261723,0.03917820343494295
f56a91dde5defb60,0.0575937752040087
1a9c207021895aad,0.1513420040917865
86ec8e715d2efa2f,0.10764852821021342
7762b73652848f92,0.099225618420862
ccd34b74bb18d71e,0.1318347925382288
eb6c259855aee52d,0.11891007874421612
7bfe956eabaf5f10,0.08094728213670306
38c6063d22fa4f9e,0.1551147355929516
46b7352aa3c8a1ba,0.09258744604555559
049fa3f6cc3a62a7,0.10621454722215547
5f77b44deef47d28,0.05347264188575537
27462f3d6cf43575,0.07633805757561724
ca854373b937b419,0.13432784996821456
1f6eb5f2da254111,0.13844337445885843
9262bb44aa7937b7,0.07789797577550633
d81678051b65ebc4,0.11710861159706741
0edc1ad07f4aa86e,0.1799747765219737
a8e836b90034f123,0.0616239733630079
c729d0e49b2411cc,0.16340855975383944
db925a43365c86f3,0.0796798231096004
1cda28c15e8e4170,0.12449108429586257
ef5a97a20c5118bb,0.18260549846658058
4b990b98ec734989,0.148532805031795
a96f328dda3bc98f,0.10203575631593007
b467b21cee5c9a57,0.04464232466072657
8c1694e84b06dad7,0.06287812741030192
7b038881fb7ec965,0.11352374929530679
60e46ceca8ca6531,0.06460880369155056
be2e51dc6bf61727,0.1448519476959761
f1063bee63d2cbd4,0.08166890057986266
1a3d53e660017625,0.08125126944742048
6db1dc15ad1e28e3,0.16711042758980804
34f0bfc533c2a23c,0.09044218131708413
76e738496305310c,0.07284466245425908
a76e95f0a09b03d4,0.03504524241717908
6a0d13d3e413c0e5,0.05163904615852153
e002702b095c4d9b,0.09032071540204342
435eb85f778a69f5,0.0533411916413064
5584a339491f1a03,0.08607274954121158
9a06cac14b623965,0.07552563472353088
b199a982f9480beb,0.1346803650079794
e32add368c6de44a,0.07236031694978462
34824decbc66688c,0.07584745629145767
070711d7fd9b7ea3,0.11826935714749648
a1656b509ebf749c,0.17374816063064896
ee96df140d42129a,0.12698575050534378
09fb51e0fded24ab,0.08553675688284693
77e04872ab10bf20,0.12036156651768608
6b34ce0940c8c237,0.15731094753110111
8b94f16483f351e9,0.12012922964676512
a7d4f13860590306,0.04212239969192069
66537bdf81c41f46,0.1807324186222684
3014fd36c07b8950,0.1445400692338438
789380ce86c031af,0.18050859881078088
dbaee9defc780591,0.11122049120404118
bad0375f198257db,0.056872777967223676
a7b766569c6f66fe,0.07430096833323072
efd3fc92b86b90cb,0.0939997629049065
3ca6e7825d948c12,0.1096701185990896
5c73fed8f1d584c0,0.06337097064169389
cb7f45c4ee30e84d,0.10759379664154699
aac70ac68209f1cb,0.13967157221814627
fb253a15132c7c36,0.1309146859909658
4f1ad3d1864799f9,0.17212379673313696
06cc890b7c3abdd8,0.05220606710334946
48f5b50b05af6685,0.04135550885272367
8abc163b25fe8f16,0.0460692271050195
5220ee550d303425,0.14119151679150166
8f7e85307eb35706,0.1003035874345469
dec525eaa4588cc8,0.12759878698603544
8a7aa7c3acead22b,0.10616398009071129
0618f0627df67711,0.12290298216693374
5d9929a965640bc0,0.0925543595579614
b45f8124eea44b5f,0.04177487091552759
32e371f83b148fb6,0.16177819383672493
83b9c322c9febec6,0.09604187672710787
8bb4d82df107f45e,0.10683756262624285
cc28d0d6ace393b0,0.08954964067292899
29c17f03906ad1f0,0.07778415211313039
b10cf30c243ed8c4,0.12776369966962792
85c180d755530692,0.05371989185242872
e9478d4c11f48523,0.031012763846104886
329d63bfe65d67f5,0.06857880308525893
4e7c7fbcb6fde9af,0.04045891146812498
1f2d4ca7586d9ef4,0.057022837838141785
04ff2418e503eb55,0.1530326189210212
5807d02f74d22963,0.12932451123118502
23aa15ff2408a5ed,0.05412527405949855
5c3fe62807fba6c3,0.050289569503250864
c97a3c1357c537a3,0.12069944166048616
bde91246f16123d6,0.0404416971779579
dfcf3493677dd9ae,0.03920378327660665
4a0cb390212d6320,0.14077767625574433
dd48f98a0e7c2640,0.06020439857003117
21669e26853a5beb,0.12912219777314154
c4c279dadffc28bf,0.14876419420839423
27f99b00db0702b4,0.04521069323842633
823a471435809e0c,0.17207078277928617
36d9872df73f0208,0.1305703884712344
69b691bd3b11f565,0.10303087229569563
051aab7c376493bc,0.03588539494271941
897a042cdd939f4a,0.17101822658207666
16e574aceb37758f,0.14532521464922066
7acdad670c7e177e,0.11769862754047257
af7211a4b66028fa,0.04215346913888903
3b768875237c8195,0.1317710947999695
a9e4e55b286f1971,0.11704620485647095
1e42f2e9ad67815d,0.06406923527308375
0d527f8f008f8efe,0.03154857852107101
4c2ccade1925c5d7,0.11629936458093093
b3a98dacc0702405,0.06457704743334797
9b8e0f7bf05d953d,0.04336199719395356
7968527b42656286,0.06254959154777706
caf14438584b43fa,0.04031405923763434
31e140000e0bf36b,0.09598365080051885
336acc52a893cf2f,0.0812031203825441
bce6e39fc4407c93,0.04814752876335256
d5e58bdbf23f01f5,0.05317921243521635
1ff7a8ec347ef2c7,0.06118000073121517
ce432d29b214887d,0.05334085348025547
44e820df9233e162,0.09955491342391545
fd036d6641276c78,0.08220968828263941
45c36909115a7b3d,0.1427341096464322
0c18ad3d4c7f25b8,0.12781963841075522
4502d8fecdca43ef,0.11562495470502474
9bf5cf3ace55851d,0.08542905512861199
0e04a1cc15af0b5c,0.039704183084215285
86bc772734133e12,0.10230757232484569
76fda8694024d3e9,0.14335956066143052
d244839566b6672e,0.07686545886470011
e165495e76c8691b,0.08593710842623291
18e8d9f4f0ed1ffc,0.05966692005851646
c198ddc9a1a0f0a3,0.03848292255659219
4f15b2cd5370863e,0.08396392447963456
5b71a33a75b4b41a,0.0920832170726086
85211a41d91dfa68,0.10731012999758638
31c3ad8e554acb99,0.10047133747673433
f05e3b467a207ea7,0.025129608261070302
20eea1cacbacd917,0.158684825441506
338ac2331272bb7c,0.09511132317008804
e6740f272d44da83,0.1616430423120392
9368ba44560c50d9,0.1009219769567481
18e4039723086124,0.11383434647236176
c935d65cb1c5cfc1,0.06211912378713559
dd819f141dcc8319,0.04586034060513667
90488975d041fada,0.09608111180294955
a5aa463adede1f1b,0.12185558560630111
872ac9ef6cc6a618,0.05943620428892965
ae4040a11f651b1b,0.0890627060631129
468c82067304eb0a,0.1527359302217195
cb460a2bc70974da,0.051269528471235004
366ae30bce6f5b98,0.0612140274732258
7638518d282a3163,0.17449044053138799
633878cd7103f469,0.09112402938852844
73b8cda0da8e3c6c,0.08164162183753296
b24a01610939d7fc,0.042085178737817655
99024e3163df7833,0.15533537378804968
f67fd1bdae4a88b9,0.10615388538930821
bed6a87757540498,0.0804472428753125
97afe9a3ddc497f7,0.04108231310690884
dd9f348a3e019188,0.08687111772251227
34946df4f3dcb0b6,0.09495742533069132
9444819c9eb0c9d9,0.13978559881746738
fb4483e1ad010ba7,0.028390555958488002
00c68b30c299654d,0.0762493122476326
72515cd3d8b3aa9a,0.12968222178507158
908510f96be347b0,0.15029394431825305
99a21c81b1b48573,0.10225969658407288
22f68a423b09a5d9,0.04207458437457849
e7f04cb37080c9fa,0.03331953084462438
dc02fa202a12aa6d,0.0677155462092429
10d0b7f586529eff,0.04386758284075092
ffd7b011eb85f998,0.08874318056993635
e621dd32e1b264df,0.060060310740902664
4af1a1f24964fe8a,0.05974316893118738
811ce0830dbadcca,0.043374022057244555
19f0e848aacfeb93,0.1205965532362992
8d3f02ada61029a5,0.15013675158630277
1e2a07a17f935db5,0.04258864081488514
32328db851b10b18,0.06586123827244228
9ee145457cc792ea,0.12313731596664286
ad8df560233793e0,0.05317013433327501
d22762aa0ca69d56,0.10711560153408803
f8355291593dca46,0.14557250127358876
0c612654e51e01fc,0.03964783133601954
ae7e23426e25bea2,0.04666668583941472
e009b5beb1619a81,0.14033331519963022
520faa13a8c7065c,0.1628914138421065
b5f1a39aded71e0d,0.03900336599864389
de6cb6bc5b8d1640,0.09699875423754387
d51fb6ba7bb6913b,0.16036697196049526
a1375923af03ec27,0.11625307447710367
8c4b7d8e2bf037d3,0.0649853362912675
681405cfbc0dd97d,0.09485526167349959
992164c7365bc333,0.15218156170614955
4814a10f30ed6822,0.11008567928040096
f125562b955f34ac,0.06787934080242172
8665c174c23e0232,0.07264660049453098
c03010cc5ef028ec,0.20453562419482404
d2cbd396091301dd,0.0693776743666216
c5b700f429ada2a9,0.059072470044570925
07d97ad7c5757563,0.04664906311805616
abe88bd25b74cec2,0.2443111527055542
b5242ec51fa10803,0.05573923262047975
504c204a4b07adc1,0.05180567958270236
eb3e885ca8381431,0.08598667955247313
88019e77a7570235,0.1713952817166578
4f5b5ab494b7fa3c,0.11182580678039818
ff857c8685376696,0.13939979422108986
c97ffff5899cdd5b,0.14251984310758883
06d8545946fb794f,0.1578979189321569
86a18a847664c8db,0.10741143926660024
236b7caf60e83702,0.04927881243599072
b7362d1c5e6ea485,0.08713121719500305
75a194abbc3951a6,0.13598480844758667
0739352b03f43601,0.10349836128456578
d5fb0ad6dfbebd36,0.036341193239248615
ab3267950cbf32e4,0.09805457881354791
061b96409f1ecea5,0.05559321839601461
77507cbfe35570ee,0.040095706551300486
a36af5b550eaa873,0.09568822534884315
9ea7c406af2ba7ab,0.11137399303079246
f67f1e53508bf00a,0.1496695061514598
c1e4dc287c41d581,0.05671619919352001
a53a53e86b02f37d,0.06807127415351955
608291782c527827,0.09088212952741642
d0ad07399c84455b,0.10310631694594642
fc8986567718f61a,0.1756528206413781
5dc1fc6a5d643435,0.12372124671946123
5c05741c61417dc3,0.07765268609471822
d702bbe78e1fa189,0.04040320235592719
e781540ac8518204,0.048813220524661596
7dfe0b8686f2f32d,0.11869868603663836
150a93d31aae72a3,0.06605753127564297
6eef12e9a09066d4,0.1659948094320906
636152d21bd16667,0.11521672951576756
c7f6af439da950c2,0.040315269934635765
27acdee466fcf485,0.1698174321272139
a8804fe9eee0fa90,0.04294178034914742
6192ee4938021f38,0.13751588237794748
fc02f9550afeac41,0.039051099113524154
7c9ba87d30178a3e,0.1431498432047552
a17444b2e1cdd78a,0.10205854814365464
83df6fde56cebe4a,0.0574895557332763
b35110acb0de3b77,0.15482074701917606
9fc1dd40acc8bff1,0.15617764979539012
0c521eb5fabcd49d,0.06526246357956872
e081802079fcf55a,0.16276511222533674
12aedbe868f79776,0.03329883480545823
be8a2586f0738799,0.13324620865157183
077d63174223dbbb,0.057162667501292466
bf95a5f9268fccfc,0.045710197703100294
51ac7bebc69eaad3,0.14359337233102565
823b8b0cbed56665,0.11757609869637654
7b06037a7dc44eab,0.12188087481169961
c3468f13ce305a3e,0.2103021028138205
82906bbb278815e9,0.04699615211328027
26d93d94ea19b1b9,0.08723511460034625
d59469ecf7c3bb29,0.09743505974399505
7db5fdf7d9e7b81b,0.07754615883074269
251dd43cde3297db,0.0934309506879395
cb1945985d64f4de,0.06771831987919474
4eeb92e907af170f,0.08172422621164346
feb8fa429dd67ef4,0.11677243773611345
4de67c2419537ea6,0.052719478328319636
538e4f56402af36b,0.14954138372704845
a4cf878441380a52,0.12246475737071949
96be7b3de04ff62a,0.11692004279949944
39c3d3887c8c1a94,0.0467107211745375
1921999c1eb2c5c0,0.0848487815439099
d57e9b30000ad4ad,0.08955373142647621
7c4dea060b3cac3b,0.11688066955879257
b72576d562bd56cf,0.16336428082937138
e1b21c89aa287e10,0.06523474899063156
ea91d426f07b035a,0.07587834821013668
e3fe0ea3b0e68165,0.06790366860564366
733a4e55740edd52,0.15324184785706477
e3ec47884acfc533,0.19765226779235628
8b4fc284f4d71fb3,0.13320046442918998
ecc8c2db5ddf594a,0.03846589989816322
6a2e9bd8a0f89c66,0.08272238601476517
330cb959caca2412,0.17626446302348342
d9ec4fb651c85ebe,0.06866357643641058
059f9fe46af8bf1c,0.08337547460422665
3a4738e51c5cab59,0.10679811614639642
2defc05f8aab4fc1,0.18267090752599502
5eff676251527676,0.036347921938594076
fbe244ca19447d90,0.09732239834310734
6a795f7ddcc9922b,0.04727351457694328
31e47d59215b37f6,0.07404275564562712
dc507cec24e10ba0,0.12043072948555186
a6bb01f0933df044,0.04286860042593228
8d856f853ce1deca,0.09189068876511983
6da96325a4517519,0.0924380525986776
1154f92cf57d2532,0.03951252383124596
f6f5511b39bec2b4,0.03947869566039141
52b72c128d8d91b3,0.12013992074570828
75e7fc7c7ea0f472,0.10852798385017473
197817ba33606b5a,0.09782939401276254
c1951ebb86cb1446,0.17192098454387644
c4c41b18d788438d,0.13970020189914018
aa26bb9dcc890fe2,0.13201215335045538
c2c4703ee4c876c6,0.1493189190428215
4c5d7e0beffa310b,0.05314799184751853
83c908bdb66cb2b3,0.09293456751425672
f5402da16c14957e,0.07256176716746467
2ab80ba80d56a41d,0.12405948497326393
1c6b71fcf804ee07,0.11289910244603041
2f3e4501cfcf6dfb,0.06751576475331514
e6dae542e381015e,0.05398568374939226
eec4124d10360067,0.039236629249906924
9105a2588a4a2770,0.11367316293469236
130f75788d8a46aa,0.07075609610313154
8835b5e539659c18,0.07614417992845113
d219e6e0ab855f68,0.11594044362426119
0723230fe86de14f,0.11774771822297321
e81853b0b0f8c271,0.049049868805512986
979af46a1f611253,0.1357151953114613
945f78f066a99193,0.08392527814657724
9fd22540f39891b0,0.035168907201755376
2631c1e94bf99eb0,0.1592349872438847
41d6c34577272404,0.06225792802835899
13285c2b73770aa9,0.0775675154723642
1d2b2b68357f4992,0.05317450402553382
5e3172665089f4f1,0.1584178150973525
9f7be9231e3552f7,0.13475499338971886
6e458ab88b4204e1,0.04386405063165591
10739a7eee3e87cc,0.05588202711602893
a326839f328dce7e,0.14187537301176317
2e706184335e4bfb,0.18213262281620007
e10da35ed5233e23,0.03570975474291674
85df2a159bcafca0,0.12910530551678795
7e459f89aae58555,0.0700424258857639
c5733fd52fad180c,0.1195202487026529
d78be06de4424dc7,0.037541975003070674
af782e55eeec3b26,0.15878356822928003
a5428b7d3e5eb0a2,0.08126374206031974
8d920a6bdb004f92,0.21316064333802853
f4be0e405024df8e,0.15901484315744463
d5059f8f88290d5d,0.09852613941448805
e368d0170d51ce4b,0.07360417484434408
d8ddb30bad626df3,0.06617516373165512
d1e892e5a070ad3b,0.046938396991626934
8a30b24e45c8dd56,0.10092165087278299
7616820e7f2f060c,0.042815542418200264
35bf1de33ef37b4e,0.11575080522300193
7fc73341974a9c57,0.1711990007316449
9f5bd41b72cee0ab,0.06468184315635955
44e5daba8a615664,0.1424305333841015
6a29aa78116608ee,0.1265791989480889
74c36fa527d5e914,0.06305241056280497
65e5065a97a00477,0.09743507758203841
2bb9d6b7e64b8108,0.04321160206898375
297129de9133a71a,0.051568235965475134
e6233ca37ff20ae1,0.11495066078365929
e6c230b1db202085,0.1505714254056898
042447db024700a4,0.05166687904803868
5347f880cf1bb93b,0.07587134047934294
f7f2f5d41652f6cc,0.038041545918391956
71ccebe269774017,0.03763861834419304
5d89474915222841,0.058289481994609586
583b0f485ee37a28,0.05198177608215186
cc5a91f4a1b878cf,0.15327876021562248
636604af09feb6f9,0.03857178710050236
9149bfd2414e1f06,0.13846308053643047
69c71a71af3a6a93,0.06144321515982046
5cab1ef744ae1f07,0.09253032389469558
2c01a13c5bd11b48,0.08719624630984313
3dd5148c39f554e1,0.048450899630361505
e55b6c8712632bca,0.09242492325263352
1e70f997f11d309b,0.07861371545882559
0b5140a69c454fd2,0.05422457813731824
bf3433f1790ded45,0.12431667238612626
848bb9f5e15ea664,0.07860857814412404
ddec6d5fb5e1d8e6,0.16874550252330273
483be22ba816efd7,0.07104138041225368
c5e5341d9853e204,0.06712528588238817
21afeb4d02745cb0,0.058395268836765615
214573582fdadc69,0.08280380898047124
1584cb670481cd0c,0.15223050647481357
a5b74fec60dff97f,0.15724121545057673
500761048fa68af7,0.10669424383245034
17911ade8f9db4a9,0.10751539139027343
0d5e4ec73265e718,0.12769102969164073
9a23b511d19c5b74,0.0988184350857391
b0a68b6e9b5aa0fc,0.1226004369011583
f2408ea825dab651,0.07705950045026105
c46a0253ce15db70,0.1148563096052038
280ee758ffb1d1f5,0.09552079448855987
f120c6f37766ad60,0.043869057998972394
f0bd6e897436f50f,0.06838696332199651
d9838a74cd5c15d2,0.040154152801326184
ef4f4beebb23098c,0.13838447642485363
81e1191f9eeac89d,0.10481015614310656
38a4b85540a1d008,0.056346905139321155
583c98e432bf450e,0.09076081124039453
9319566dff410e11,0.08710759696452361
967a61a65ca3958f,0.03476528182556375
78d063e4b7ce7f7e,0.07039536251681158
d2f8e62df2e4ba25,0.11210341271086266
810d2f780629077a,0.15462552828171672
3515d882b6639805,0.09428302830287748
11e50493155c9e73,0.15241348624600093
4ed708372af004b4,0.1660797342794863
c4e45da34ddf3b44,0.12141639501778789
c8a93dd49c2a92bb,0.16996624807819438
0db19fe44a9a780e,0.03868974467386188
2b3538d47f1c15b4,0.055734736906666735
c3310c72d9734462,0.08050533294244126
14085746773f19af,0.044566150404495755
556db80d967a1693,0.0807094247063354
43fc5ae409f4f500,0.10731554769145554
081a87f22c3b38c2,0.1431854469858207
d375cbc133ed4f4e,0.11228199774127164
5ad546feb694ad21,0.0772977183516968
4f93720827de0ed1,0.07670569207235528
3aa17624d6ff3bda,0.04214906848874271
9242e8dc12c52248,0.12576238390798095
6842dfe6284804e1,0.14667784531451372
0d73a6a834744d44,0.07981985545028059
0830204cd861c6bf,0.042805844555639606
66161f0924e78225,0.11244113766873762
496464a4d50db8c5,0.11124261030831335
06324bbe66728955,0.14984508124144683
14f78d4e391911eb,0.03462035782931165
2b82c80f72759096,0.06796010708595433
098ac1d81b9e8c1e,0.15534434168638886
1b76ea6cbf734ce4,0.04125841519892537
0500bc92e5b55537,0.048913899612253536
ac5aed573f280b25,0.07277987118172324
ea03975f1d5baea3,0.070520195982863
88b17a552fbab232,0.11455953356422911
b8de7af9fcdbf382,0.15165098838542113
1200abef5b424cb7,0.0382323277877269
31b60e9d8cfa862c,0.04773012196982165
893db3bdf6bcd36a,0.1288510114187103
ceb6b035da1d3d7a,0.11441568720602333
4ec436f2d7284b90,0.06031597548578464
8aed9038981199a5,0.07120191422652627
0004c2d09b2a5399,0.10934677215841741
5205db0c297b51cf,0.08358374096383242
fa00a8d5645e29e8,0.047281061565561215
e059a125b2f75271,0.15768292052465102
0a245e9039a475ae,0.08442405668709306
f6dd2588e26ea334,0.14236556016999033
973b401c5b3a29bc,0.07883864885580524
3c3d0acff02d8d77,0.13556563259992443
29614e0f15db6e61,0.11165032023046043
59556138531e1193,0.05882555546761783
6864e194fe467f06,0.09804022172348087
92d1a78a0805f085,0.10974761006951367
673c83d5875338f6,0.14092770215620676
97b9da49283296e1,0.05900705600007526
8e266443d27cb222,0.09178694616410588
01740ec6cd7d3fe6,0.14090928043259948
bf22ef3c96b1cf8c,0.05385280635854652
eceff6a46e6bb846,0.062112150297764415
595cd3775c548381,0.051008075335342434
dc88015ad74c395c,0.06106121158079347
1d829ac1fba966c2,0.06405982825431178
7af5a547c0ff87df,0.05626414315451177
42082090188c20fe,0.13829660151270648
f7c6df36a4354bbd,0.08637650611187442
fa583dbce17dca3f,0.10110626532621846
31b430017b021b90,0.16299303059472697
7efc9cb13b2def86,0.16850127972659873
d06fda4e5bcfc129,0.20324893660263066
72cb2bb85767bcac,0.17604295191664254
50f1226e03b9f878,0.06633334221292934
24eed0e6d7789047,0.10847989484802908
d026da38fc55bfdd,0.06049768895611308
47c591c2bae2052d,0.10183490336004691
92966f857e0e8aaf,0.06253771507202706
56b22e07fb9e4c9f,0.18500416979034276
95e7a0024d29a8e8,0.10812585390630514
77413f2ce0fc0b0d,0.08218744239589904
169ad5f354082bda,0.08540842789210853
cb6a3ddb00bb4caf,0.17647556564257422
c1351ef23bdee19f,0.0685135290327227
23e0eeea647bf809,0.10144259483341839
52cb9f8084c2979d,0.12467396858127183
7f071403034451bd,0.15343881133411147
64c6b8a675d8d210,0.09489538104958374
25bcfd9c6c4bc119,0.08428392009383474
68234d071437f6c1,0.04389510830304001
cdba54b09ad0a5e0,0.05163556160714856
8b2a453d25a9793d,0.1085586924233978
379b3cf15b5cd618,0.045718183988536054
04f8b3d8fbcd3c09,0.053336204892245526
8db2aa7a87a0b0b0,0.11867439650971766
09904cf5297e4c52,0.1469469907479545
e5d6021439d46003,0.1508109621322596
87a2e4212129d19c,0.15330001623468759
e218c57596992271,0.09467795011736686
18b98da5b42722da,0.10257750326197637
449920a89db3ac7d,0.14772162097424885
9ce041cdc0639315,0.13367074537816892
722f357fdbd5c880,0.0969585656538838
d468cd43dc6a08bd,0.14886253078083733
9700c7a3ef819ef3,0.1644641737841929
b7f1d881f8c72980,0.04502071788732069
b23236c476c94144,0.1777280439323666
18dd1046074e1b37,0.08027261728328519
55f227029ee88bf8,0.07652452075985207
5e3b8e365345db58,0.056933331756078454
d97a5d6269148ed6,0.05263089218684094
ec6dfb974b3c0b88,0.14377864039211957
7ff4153e9bc66bd5,0.15321570549573793
70ade30377aa52d0,0.09700787299724178
e81c74c9a5e64310,0.17300076158672467
27609b892f19ce38,0.05360397041410979
665fe4d9e267c32d,0.13549379052961416
e4efa861a25c36f2,0.14136977250724225
707cf306deb0ca20,0.07256241717037773
53a0fc682407a107,0.11184175984907618
4bd91ec011ba7743,0.04659036070070155
3b7c880189ffdf65,0.10616495588177881
c5f1834657b1d9a8,0.11410136327284338
60a043d7036ea402,0.06191392108717686
d69dc65f9a8e3647,0.08519444437796123
c3978282c1335961,0.12994368463540748
248bcc5d97740cb9,0.09032524593444405
ba074101d0551828,0.0990337294318999
f22fd6cc76b9eb99,0.035387610524171054
cad3b5acbccd1a75,0.04232151118696634
4e3d749c5d0d8b99,0.12372435919581187
1024028ec93908ac,0.2640719457834319
db5f96700f81e32e,0.12109255775479096
d00456f5c537affe,0.05906215996840605
ae6c9a4ac1923d77,0.05727489497412615
5c4ef0457f9b795e,0.08380888786305456
a36087b510ed1bbe,0.1686669798988844
9700dc3668cb0d40,0.03693691204305268
e404394c28efb780,0.10284141293709445
0720a1b755cf55ed,0.10628940693359204
035439e10d353f33,0.08333494485241434
53421be12c0c7d0a,0.13846790639430903
c76422f9c7f1c224,0.036431907322086315
ca75e192477ae30e,0.07036897820777172
480e9e2f5f6eac7f,0.12499300797186778
b1b0c9414a07e81e,0.03760428564215341
e09f31da0edae6b7,0.06201374405976223
9386dbd09f1eea31,0.08526991461665645
4027ad13f744ab47,0.17580256538339034
dd57f9a9617410f2,0.13756497791069666
53816ae08db4500d,0.08920481585110403
d39479f04b318c0d,0.10414916339804439
5223cd189c2850d3,0.08119200127853599
8c0a9ec776187a0a,0.03795726565954713
387c460bf9c82eed,0.11472447577444554
1fd31e1faa118ee6,0.046560794689088275
49fba05cb591b00c,0.03979668139307381
bd80ada68eebd0b9,0.08648222425653451
0e3f686f072a8a0c,0.06378602539477198
84925d826d461c4d,0.14915191950925244
a7badd0bb8ead7cc,0.07629682651221964
e2c838fd32fbb729,0.08399175017962045
3a6cf220f53b4cb4,0.11000155052663013
9dacb79ad9fcf34d,0.07655614398737873
92aa4c1f7f258a86,0.1463186511941151
c85e22a117db207d,0.04127856083110762
c5acfefdb9e64f54,0.06813611221148788
26015640e05a3378,0.06363682548619863
834b3501453f5c5c,0.1257643785025708
42af151534cbcca4,0.0577284204410103
6342222ab4bd07c5,0.16652225047446712
cec95d0eb86b553d,0.10599419311668849
b4129a57f4c5c1ca,0.09742354066381312
8b51d76d9c838743,0.05650798544881605
36d6124fdfb6b5fe,0.0841824557174327
2212f9196bf749b0,0.18553318697503737
fe9345df75362fb9,0.1313388703654553
75774ccf0b19e8bd,0.03573968125677856
026c096720d1702d,0.13682148644796988
6aca91fcef83cdf6,0.09062688944145894
8fc4c42ef85eb9e6,0.1736833385487891
1b64496c26985a3d,0.045728232187769564
591d0017ec185df0,0.09721452831463545
028968c773b11f62,0.12686138778008932
3a09eb47d1ba4acc,0.037088508321910144
000019235d24a363,0.09289839438189076
ac5122e50d1ce8c3,0.09417963472455594
7d4feba02220abf7,0.03398661463823578
e59a3b16b4a6d416,0.13462671668256504
84a820be4f12f7cf,0.042054491600521125
2f535756a73607c7,0.1819502648550529
fe5a15197d453416,0.034114649892552425
dfe7a446a8aeb1c9,0.039292906658977084
0ba28eeeb91393c6,0.10395495196855035
6cbf1767b759c6cd,0.08281237035149161
a6e42b03d097a184,0.11427047066429286
da6efa9d56a293d8,0.1269122304652328
20eb958ac40ae3ec,0.04459584037773656
861472b884b8b80b,0.16113769299996594
83313fb5d3e30121,0.06357790032668142
75c00015b88462e9,0.1429772145635514
abad9a6070f32056,0.09375268033758516
dbb0ac574180786c,0.1331161524975642
1ff23956ddb48080,0.21430008679792625
1030748990c873e0,0.12394295305067822
3b392b51ebbe98a8,0.16697446846297048
9bd3ce96b5220545,0.0443427478267808
e80afbedc991fe85,0.16779497055496043
b892e30bd65f1cf7,0.039888577174889944
45be6aeb64cd6e75,0.06601071323259045
10b2dab220d2112a,0.14239867076427798
397e2c46ae990a0c,0.07455092244954764
19d3b02c14e869e0,0.04813449020984932
cd4dc389be000277,0.1699576129428103
fddeaaa21cf9f333,0.07865229199978083
c73cf810b1eec5b7,0.050555990650189384
2d89c6930c494b36,0.10815491859282671
731c1ccc4e036603,0.051247056610249773
a9448f44773fe67d,0.11963838178128186
89d7d09573e87744,0.13647631616852257
09a1c2b53c31bc10,0.12074226731672495
6c6319f9764e8514,0.13673257600532543
f56bb1ad09aacd4d,0.14183651281155304
a49d99323a265849,0.045096799402708894
3ee9be6434e0e715,0.09054051589408238
875debef7413e1cb,0.09711390051050961
a2d775ceeadd24c4,0.1739623194083771
18c8aaea7c834671,0.18363432896891274
df0c46251bada9cd,0.11675532981355809
aab9add2fbc56aa9,0.04868962227314386
a6fc3e9da5c8e555,0.05656887577282859
f637661db81b90bf,0.1833700358834202
33f67c649066e956,0.07637428990758362
86c73cb2d30683cb,0.11604406236345546
b5c00f8557fcf692,0.0956577616828662
a2c9a8f18d345227,0.1655598324430798
5ec5cdcb7ea71186,0.08551712759732864
0f3e463f9177f7f5,0.11702860278703156
4e7f08dff5d4d708,0.10568484409443178
3bf84009bb5fc3d5,0.1658655324474759
51395fde52e82c96,0.11667750285474347
11111626d4279259,0.08098943935899834
ae179d72addf4dc6,0.04886621363118136
e88ef89c0abd640c,0.04155085453204705
c514af589b1c5c49,0.05617588974498425
ff07eef5fb056c81,0.1564489633112231
96fcc4e5d6f59237,0.1221874206339418
28c21a0768568fe3,0.1521671986927529
73627db8491905c4,0.07699854464916064
99467bd1e0347c4f,0.03827874545864831
f68ba1afefa7c356,0.14631874575994946
f2dc825ecdbac412,0.06712785397230123
4aba146c1a03941e,0.04282640581753722
80d5d6de30bce75a,0.10640144644456845
07139bc3c4fbcf8e,0.14071434196247026
e20fe10aec859d4a,0.2233667014521603
7ede37b476b9198b,0.11446267315123526
13f259dd7b600fe1,0.056640622342472934
351f432cde665f41,0.0487706786339925
a0721905432fac03,0.17346404513953653
c64298a4451fa34e,0.10723433063903315
4498869b991b879d,0.13709043628597795
17636075cadd05b7,0.07717610653924814
f1a1bbb6f878a877,0.0885242394321368
0eb6903ad4fa3f90,0.08701485148582029
3188bea8d6f5b35b,0.12958049532152843
c4c409536eb6c51a,0.046568493838487934
d280dab3667294dd,0.1107001938917651
52c6f5f136513403,0.07847673180839503
5090d67fa1877997,0.06478942784659704
16b61b14def64393,0.1309029219436661
baafe2fb18314839,0.038109552545718135
4dd870bba94a4e61,0.07970214236633572
09dc62cfe943169d,0.0457372666778284
c479d440fcf7aa16,0.14227320112628594
8afc03aa50ceaa11,0.12703773406452704
edde45a77638faf8,0.036034146685733695
6d7692d9c32c3019,0.08952246785050229
5732b6767099399b,0.07313719328392809
17d91b5e97f3116f,0.055715553007605875
0d8f39533be9f182,0.13537419235714573
fde5949373183adb,0.19096178176154321
958e0e17661293ac,0.14920147189272442
c5216e7c4a482059,0.05442078646474505
903c649790deba31,0.047080508854411514
4a0069fc3386e06c,0.11510981881348469
a8ed067c70e68299,0.13992137366197352
2739c45027efcd82,0.08953903811759939
9cebb6633780881d,0.21302184158900134
61795ee62a8075d9,0.04011150245635235
58f2b934b0d49345,0.13345184786402656
dae79d85843b121b,0.030220546294699495
2a1568df2de08c44,0.11687251959950107
ee4fd2a6e3a78dff,0.09806597453680226
b757cce25b9c26a4,0.04822761424638206
66ff45cad74a6679,0.06924064398532949
b0017bdcd541c6d4,0.0567962734087929
a3f277c9b5c91e67,0.076885386183395
a5cf1cd034f1cbe7,0.1882460794841208
68c1e518bbf4e77b,0.06632312538072023
39bc60ddd2106538,0.09332536278449848
6efa72d0df99c34d,0.13496542551136775
ba7209f117ae9238,0.1379787376333575
7c5bee138819f339,0.12600885341569962
0a18482d62e5cb36,0.10200971121981559
8e35efabb244500d,0.06035483477674462
43a9275d59ca040c,0.12541174314655915
481df5704a84657c,0.03434935558528274
4d8d82c65a5b6227,0.04478242492732177
f93eec03effd7d38,0.13725748959118222
3ffdcb2a25a0754d,0.09860415690222432
95109279ae9a6a9e,0.13142792825053867
d6ee9c0efd68efce,0.09416043535616023
74c4894e7bd0708d,0.045416837902592155
d33fec8f45769c79,0.12436873805611498
8fa4532d6a6caae1,0.0433922388127144
3dff5467e3be88a2,0.14024266138098798
fc6d9a8363c4609c,0.04109909635612563
c9cec12908a9bfc4,0.06045054818158983
a971fe519809a939,0.05742518792574004
5ef5d379d20d65e1,0.09953196374251558
e3fb799669853199,0.12697028131477747
6f8c415e8466353c,0.08072240847857448
6a84824f0fe20d4b,0.07557608908660379
8cfc43e4b7c26f14,0.056518068782764906
de7c6a12dea21dcb,0.1361301151937826
d478e64abc5e2623,0.10773111390420494
437101bfe8957347,0.08652090377321674
6e285e3b9740ddd7,0.12541843644840414
c3ad227a535c2fe2,0.16299157828276792
8f43b3a85065f086,0.16285332860958066
90aa3a900822f96a,0.11429798273061655
c9000a6868faa0ce,0.12636113030862756
32a000ae2024ab05,0.048517256938585475
c4605d1a5e5e5f5a,0.11032323343414599
892acb659d8cf3f0,0.06957651387261986
c69855f3bb4ca032,0.0311165630598652
edf73aedf6b35217,0.0854996096741994
8877ec8e52d1ecc5,0.0534691787516707
fa3630178cfa8ffa,0.04004664004824926
9f5f7129d1af2116,0.06632522996577814
5e7e17e9ef20547d,0.12572870681558154
a0bb691eee0adcbc,0.04307698382978736
47aa950ec1d03709,0.06325929034151398
89b3fd466c092666,0.04126859211204242
f58ae0404d156690,0.04397873694170725
766c4ba6be3c0785,0.09914368245321822
eb2e4b71d64f3173,0.17363945127913924
4912ee4332177555,0.13345301235239426
2bef19c70fa1eb95,0.05616423372811033
c6686c6fb6297feb,0.14826767658975631
67508ac580fa166b,0.10024592775050671
ff311f69cd822985,0.0747457130498602
bfff1dc879c76509,0.09842594781386543
3d1fb3f5ce631cd6,0.16255526141891774
cc268338bd6cf9ca,0.15167098765140097
d5798960a3e8183a,0.09257345853441452
11d573b74ae9ba82,0.1174281222417326
8c8705f908dede75,0.19714855523138533
ed2bfbed36ac2b84,0.1294289173963764
89361517fc2f10d5,0.17183008509768588
1626bf6a9e33402d,0.11621507433598864
549de17e617d4cb1,0.03920679844871743
241acccc8c4c5c98,0.15471927747985448
ea3cd2074cfdd18b,0.03434545726205648
3482477cef332442,0.1328040489185816
4f0e6d903964496b,0.057509667000985094
55f5ac50a1704cc5,0.08223504185199035
2754a911af5ae6ac,0.059693783596374894
f2e293367584282c,0.17312036882948478
2efb3cb92bcc9b98,0.041829213791937964
5896699316dc3ab8,0.0757275517064259
2d0483ceb9c643bb,0.10757679828912892
efc8974e6723a58f,0.06896500617448804
a6a0006f726c94b1,0.11477262972452973
6f5c59612f3c92fc,0.19964989215987694
c78209036cd357a4,0.1547597848607734
db9a3030e417457d,0.04473740625276182
99988b482a1d195f,0.14290897734819052
52e13ab6586efd97,0.17613754763205647
3e8fbcc54eca7fca,0.07745067848344557
5bd1113a10668c30,0.06801564005639936
4bef48512ade85b6,0.04909298091036207
2882464c483cd0f8,0.06417800731041359
079b1ed9350bf75b,0.13525651574879288
7063caa968c586c4,0.067187838212711
ec19c34addb8624f,0.06735609559566075
8cbafbdb15a9de28,0.07131704259451263
a38115fdbf75c1c5,0.1044628309650582
6d8390c7927568de,0.0451804014545197
00981f14236ef71d,0.14835702809481585
12f84fa2b4c572e1,0.03928499054705397
ca5bb700586628a5,0.0451472091833028
4a7058a9b89ae975,0.060343126291921845
878bc0b3326ea889,0.04089161627276891
57f748e3454293d9,0.09940308839861117
07949795ad3e2e93,0.11049158887404481
8cfaf8d91ea4f1c0,0.06968552151674927
0973b331fb200feb,0.16053110485459318
fe33cc8c6e5126c9,0.04658181887175998
95338421b02d6100,0.14696454942124018
6d14e413603d239b,0.107821839030637
8dd0a5354bcc36ad,0.1279263183780187
73e26e96853b1101,0.0410853744348007
1d9173dbd30bfa8b,0.14288448694932632
b8164626d047cbb3,0.12024915997559099
0fb7907993c4b37f,0.07721401546895318
59ee8f98bf511a26,0.1346473543976121
0c3008cd7e493e83,0.15724175810834146
ca16172c325cea2f,0.0453327382988668
2bca85f81b167432,0.14667503258595294
22fee0166c140a09,0.19755706439947818
e2724c0840a5145f,0.08049373901064537
f36672a2c0e1cfac,0.03616737212063207
1fb583d94ee99482,0.14750093769358172
02f264a344c830ab,0.09896110973187733
4da6645d6969cd52,0.054038158298453605
44dc081e8f45104c,0.08830944101668768
2c2b2f0c44e4f0d6,0.06173223715641594
36b10927a5ef8124,0.17809008585331274
c1aaa1a11b02c7a6,0.06958244735210548
052a4c4d54a4bc92,0.13978331881904207
d52322d3a4091590,0.04685657470958989
836f3b0ea82976dd,0.08118816192032599
76fb069dc8449b55,0.12099079012455216
9c73e1140fc59c02,0.05918860059532321
ae6c780a01769bbd,0.09294665081538994
ef3be0cbdd14848e,0.048893542204402986
3599f0b9c0feb095,0.03772284320069594
88664205bb714f9a,0.04458868920454489
b978ad9fbc2debb9,0.11910710714752858
c82c9b618c165d10,0.07310263223459655
0b15c07bf352553a,0.13504229402689197
7891a28610913711,0.1323725119806745
ad4639fd4e49662d,0.05371360695373234
08bf7df7a564e646,0.07901489620483164
7ed362e9d16716d9,0.04763489062141977
0ad5b72ef7c0ed2b,0.0975929200452683
511e654ff2a5008d,0.0801890110294832
c2cd9bde4b5e7a21,0.1377208699593495
5b3e02e26bec5e7b,0.11575031048193846
89c64c8f9efcecb3,0.10462919184509464
a8f6c6e3e62d6b71,0.059764439241365666
019cc0b8962f5cc0,0.14554300500520892
bc4e4242db6ccd37,0.044845341824768
3fff2ee4dbde3d85,0.086786034031412
dc37fcbe553235d5,0.07414525428392049
3bd0b86bbb97a337,0.0723991339524085
4992d9bc07447302,0.0670915188154462
bfdf1c0f0ba7cdac,0.17569935304869233
a6ab2d1d53fe912a,0.05302827063225368
1891df3302c7b348,0.04348311497730537
b9959e103e10b920,0.09541504870830175
0ef3c10f8c9072d3,0.07138389105364616
a10619d97fb76c2d,0.054565502062320886
0863a38392b70b67,0.07597049620267088
60b64acaf466a536,0.12776261952088638
12e3e5d6d9c41e98,0.13190903122639602
9523154e7d045c29,0.15821138659626963
c75a93ff5b4249af,0.04451259807653823
254953a015ac6eeb,0.18635580193575677
800fca2f6db1274a,0.044687288756070476
495cb7b810650027,0.044049854861484675
32f2ab9bccd62523,0.0720221833804758
710c1a24eaeead5b,0.06542160655829315
bc05e8a0b1a36967,0.08252761057944617
7f9c858cee39c32f,0.08066347832795442
d943890ab2a0dabc,0.10189116260742367
e8365a58644b452e,0.12302966430400464
8b6555b1e2375ec2,0.09373452378656191
2d05b7a2752c3cd7,0.06716289570510559
cae674aba0ce36bd,0.14087284663953517
ded2185f98f5d222,0.13154393671446257
5aa4335a084d6172,0.10980584150560958
ea84e8283949a22b,0.1300140548579106
e05b38abdcb5ba20,0.03967729428364268
1a8232cb16668217,0.03790007161330891
964453e5682c98dc,0.08393346885268867
6220fee3bc1e75ff,0.1779268935167884
44c74ce2f7dfda22,0.1688735719090973
0e420abbb67f6653,0.1902719206636639
381d753868abf15f,0.05572988928379214
c90e0c45f7fc22d0,0.04358254477449269
28cc75a35f51a8f5,0.13729540764195414
3ec9f6c06061e5fe,0.16770683567672834
b014ddae55b634f3,0.04159024937133896
90879b42c1e54236,0.12085458200042173
7e62b4fce61bbae5,0.09783396236871977
6e384e2ddbb3399a,0.08605358657895201
6f07849a73f44a97,0.19435188836202164
f48a2f5d095509de,0.10659024174531896
ba999a22ce5b3fa3,0.17626932267394907
ba9181802cbd9401,0.1566692625041266
bd73bd26225890fa,0.052494702762416814
64c38fe6742e3036,0.052044601754550994
df243043992dea1a,0.1093713167218667
0119114d3ccf9eba,0.17734760721421286
f21453041c1dbfb2,0.04754561404985834
65850a53164c135e,0.05201293747950048
48527244bf10d792,0.07972820965703188
cd4848b0c5d09b82,0.10386217392950035
d29250c293d24f3b,0.1249484500400134
8e49853ead7a7782,0.05664055702905707
c4468c09563855e0,0.08578094755337319
06fbbe29034b7d22,0.04498401310127192
85f4de85a28f72e5,0.11052291690274886
61a2fd323396df30,0.06742419019003448
57131a5c1fd27b0a,0.07501080153708353
97148caf47baee80,0.11650468664795677
bc00a7f9820c18b9,0.05791789121946372
0774fb3a81023543,0.10772694480026312
26fce92bc23cb74d,0.1275350311286394
c97cd71a9a738f03,0.09150022935008904
e241738a2d4f1fbd,0.14410091124115115
da7df03e550c90ab,0.07558179747436022
35c07da89ceda890,0.13440454628208007
5cf499e1908cd296,0.091254647238906
d8e67e20d907c472,0.07423963746423053
f3135343f9e7c1fc,0.17268476832035937
35e24477ff3e4121,0.09673609979240541
ad3c1d21283a66e7,0.11193195546982736
fa88a2d04837aa67,0.13831680753761305
3d8cc5538995bbb1,0.029846072432744616
2cd57b0959ffa8b8,0.06717512886609744
abf05406b1a91bf6,0.18319001912478755
0f7b3fdc5d781296,0.1802148528824569
03365bdfcc4be998,0.06510775998683321
b46302fe840c3d5c,0.08232715627353658
b1f966468fc49840,0.07170884763943394
6adafe7e6a6e6865,0.18405964406005867
e92c7a5333472aa1,0.11556030854586503
7eabeacacbf8b37c,0.08737059765660089
655d9a938cd682a0,0.13510634184322115
a26607cfecac0d77,0.07160279326737434
8d29e784c2fbc4ca,0.16622449141673043
0552a72825b82f4f,0.06662427897191756
8db26f10038d6705,0.06834739306183533
0eb4f40d8b4a0e29,0.07548700562951755
a1caff7700882d18,0.13096594454558105
ee70a37197156928,0.04799404655831226
6de1b2f62b6369e2,0.16359865329643625
9c2d074867b45c86,0.06830629368447269
36c975ccff63cd9a,0.11185444857979124
eac85b26c054de88,0.13100021812110701
318d374ee2d57a71,0.10110903619926036
ea743176167975bc,0.08811351514721251
3ab9fd28956b4c1d,0.04824697704291856
478582ec139d868b,0.12146322125548363
fb9d44e71840eb0a,0.05725021188740009
bd4fd0a37b2b9312,0.11468822146299601
5dffe03302a0fce9,0.1609700183566922
d94e1f4138ee9631,0.0845472578545808
298ced22f474a1c7,0.10245646935643671
0268d1d90c8858ff,0.08619326061270866
84cf6eb7514ea305,0.0484049348756658
95d0de11255bad7e,0.042147541296207125
9df308f6f0758e94,0.10859458587797084
b0fb6fef1f3a5762,0.10359900034811344
3fe46d292459737f,0.04172905771684258
6bf62b52eaee324d,0.05397871062660303
8b6a50f8f0d1474f,0.1445495381203705
89833118f346eb37,0.06089228250328345
48fd781830adf147,0.17936112639488289
209845b666a00820,0.06271644140232023
f23faebe09506cb7,0.12113832470165567
5f9584bc58bae0e2,0.05179616625064027
a08d713f9ab75910,0.11072157386945966
5c4f577995e30921,0.16894667427915083
db21d37dde61a7e5,0.08794203866341968
d22dc3977ccf9208,0.07251483928101964
d0fab5e12cd60c77,0.047656788911478724
5293676c6774f75b,0.05429124131176435
d3ae1f0b7031a78a,0.05668260206650339
bf57f1265cfe2fc2,0.07424867083415243
468b54d83b570a50,0.06241110090210099
134c07b69f25f030,0.10356871654276228
2cfa14158d7d3661,0.10750314561472951
a87b1a98b2c48b05,0.06637484850977426
c0bed62168e9892d,0.12089010446262337
fc44e0d5137363f1,0.07475530231743564
1247308f81ebf41c,0.036212794492819424
083caac4b6cb4eba,0.12361068274439894
a9d470ae3ce0af34,0.03733633189648679
935c423d001e7dda,0.06290130811940844
d096b8795c71a6e2,0.1757907124675115
2acc0dd1e03e59b3,0.0850509123543747
bdba30d6e4c5095a,0.06767385468123246
57b0ac86659a9329,0.1190888608686809
23d831dd1ba487be,0.041632144960686575
628b14a47b392334,0.13573139279672544
76a400c7177ea365,0.07117019350785349
86ab9bf8f20612b3,0.08923676928136126
fb26e948e7444ee8,0.1376322704791059
367ec7e6bfbfc6a1,0.17534247894608065
efb297fa666f7cca,0.15757547701387367
0a0f715a63ed4738,0.08507214376925305
00b759c30fbbcbd4,0.16045535187638757
4c133deea22458f5,0.15602438442465444
b354cc89789a3136,0.12211821644495066
f3595bdad2050118,0.06559962313954021
2171a4f574746f33,0.09411127394933644
ce89301fff62a739,0.05743324470086956
f4786178a6026169,0.07990134547004689
e1db1fa3be2d2bde,0.10496417337738377
05b896a0d6b00e98,0.02571318174544595
89658e4ea0b49c47,0.16275974986268077
db78c841ae5796ca,0.05490385061701521
6af4698b636d1c84,0.0758255445719894
be3f82b0567a0962,0.057574226594905825
1dbeb642447425a9,0.04009959145369884
eec325cdb9dc0154,0.1198544574543296
cab58c1297ee8294,0.08034185469571656
97e9bafef493dc0c,0.06779881495601116
c738edb5352110f8,0.07909704786476293
fe298587b58a6ac7,0.1375133150081868
b01b2bff457f7030,0.07013035717965249
599065c0cda14c65,0.1326034638793931
feb91e47c3d327b0,0.08295898092168869
1b0d5c427077f7e9,0.0956086864984787
6c1338d0338c0bca,0.15941901009455633
aec29f6d68d9e001,0.04404346899499398
c6567adae6722bc2,0.12023968565092494
c6e04efe9811e16f,0.05138011483955569
eb86688c957ec913,0.1100533772900625
a450a6576dc20dbd,0.09153062669974234
b700f2322066f731,0.17412347064486955
a4302475b7326abd,0.1672853686104655
af5f8038b513a4c1,0.07327529740222798
0d73ab8c4cb1fa9d,0.16817649640964044
8ca59ee3a85773df,0.049701627460029776
e3f7ceafab0856f5,0.05207426343885557
2445f30cdcdf58f8,0.08808651984321664
23b0f57c015407cb,0.05393833340693745
2750f1a3f3525b16,0.04799985026193448
4d1502e6806c5f5f,0.07117963787338684
9cd2cc7d553443cf,0.0854306918293541
5e314b952cc18869,0.06660477506476545
e8851ddb49233587,0.1350934520248534
6339c240bbb14c01,0.08059659235512265
196ca6bac51b24e0,0.09107614425910013
ff664b7817ef187d,0.03630975929947742
1f50f2cb8e01a9d2,0.09422327806280503
f655a99b43cc6c6f,0.04969272247353807
2dc6d88fd87d67db,0.07717685597234157
b61c9fd4a46a6bff,0.03550120172928609
478a862e9bd10007,0.10673553201234089
0b9c9bb9e3bd1c5c,0.06016681058702034
8ba72175f80e2cb8,0.09192840370704541
80bd1c42bca86409,0.09214805795776296
ee7025a20728385f,0.08289007050770195
a94a734822cd1066,0.08160340682156253
9e445d829547acdf,0.0831659195104537
d08fa8b4d19b0300,0.13737087610782
8ef8adecee83165a,0.1472124334582222
476933f8311d441a,0.1179166162667134
fd9f323abdfccd58,0.07776812013570211
fde943f5062e49d2,0.15796077337359754
32e1723a53483290,0.06822868154433519
3189ae9ce5829fb1,0.1677561008936353
a691ae869c7c7c20,0.16040286554510713
aec6a61870dceefa,0.10096976600520348
301339e42c2fd935,0.11053737571036208
33bdb599f03ad3cc,0.04060838028991632
ef958079692354ec,0.19710888090613835
6b9de167c2e2a382,0.132316191263058
81a3aaebe87a402c,0.07007506220989201
78734bb73a549d35,0.09732679010831169
801a31247ebc0426,0.09693737693778848
703c72ed057e80ad,0.14239694814169057
d512ce41ff14126d,0.0470776381398398
b14adfc6f2de5274,0.08982268390232613
3ffc252e11d8a5c7,0.06219919700339484
dd94c4e414636803,0.07357416502697853
089a1dca65e44b84,0.09753508713043224
95e32e732db3ccdb,0.07459539120108691
aca38e8f736ef297,0.03696738539612651
78b2b40abd748fc2,0.1240348901642368
2595c73b081498d2,0.04957806772702334
4821901eb98463cf,0.12741943314809862
81f36fdaf2813666,0.0457315583786935
1e80444ce87788eb,0.11328076914809013
47c976d0b2db324a,0.041635339911268894
76e7956f7212a4d7,0.052537397115286
2f42d37419bdab8f,0.18450204685199867
460717034c7c127a,0.19701978131836217
f46b154a36f88b49,0.10270799114071044
af4a2f1334861acc,0.14395889551553062
cf562fd6a1ec6763,0.10273213828292915
a58fda4597ded16e,0.07679084416916854
7c5b545797c724f6,0.1805006258186734
cd2d2cade053f8e7,0.16267369569912965
0d42478d5f847ddc,0.035799575266889705
fcdbc1ca107a390e,0.14533541623766305
4a6cd78198d5a5ce,0.16647494493694429
13c39c2f8d3cd810,0.03814660944282215
c79d8a5d80e7f04c,0.04057026648339544
51a701717aef4136,0.18351433083049873
4e8d630667c21f23,0.10187214457954473
9b8e9dc382061f91,0.07386349538367594
fddd94710360c28b,0.09501363006928296
2c33fa5f3f2d5e24,0.042046291082666096
3ca87064dc34dde6,0.1031045624740804
c9d8edd3fb7bf971,0.08048408158404394
d582a1a34b5b977c,0.1822632985855529
2fd593bbcde3caa3,0.12438692349446477
d2f2308d5fd09adb,0.06466419418292313
dc6fdbb3f28f8f2f,0.12821348536521612
ba8e32a15085aa3a,0.12557934278131658
3ecab659633b8be1,0.15440530106742448
80f14a6b7deb5266,0.074464923371365
6809016a071b3b5e,0.1465338289491831
d26156516af475ee,0.09304669121712572
7946e76f5438edcc,0.12424761218816524
b11ee2ead8527494,0.12801061661276736
03e49d963acfe851,0.06723058056145785
4a3e2db752cc071f,0.21299492272759302
6e5157888073a37b,0.1536531075631719
1f7bd653103f1863,0.09214232798798597
5cc0f066c9d8a28c,0.12408228347821765
61240fe8a4dc9a2d,0.09107295016788666
ab6cae9885409088,0.11340145156804307
c4e40432b0ffcfda,0.12456515890711563
1f7fbe6992fe8f33,0.14593185540464848
94953e6bc4d48c7a,0.07660205148407372
e1f4fd779b279dca,0.17622920027249067
38ccb655faf1cbcc,0.06152097008543731
dcc976ac3a08e676,0.031936133644231854
8a586d58683ab8fd,0.13092905365736085
9d1f98568599273a,0.03518189529020754
f5a4bf16401623fa,0.1804950352735379
42c6f25951f7db7b,0.07253344064686397
673b99f498fb7880,0.09350542031507186
e4f2c6820273bf2b,0.16416187617962685
8e7d37f34a1f3efa,0.1847768914707878
ec4bdd78abd81c4d,0.10311127616510776
a15343296b9f6f42,0.15394350426763237
dd76563555eb67b5,0.13556414854136528
3ce8de8291ffa6a6,0.19329775163097718
1d036919bb298ab6,0.06701513535623001
9579b233e83fe284,0.05195785086013486
be5c561435858f1c,0.17347559605447796
5cf1d9bf22b73559,0.15681647573037233
d5e3e7616edfb5bc,0.04576190847584942
ad00da3aa56f4d7b,0.05836870852480781
0ccceb1154debc59,0.12981672742271844
8e2c8545bf82cc60,0.1674829863938699
d62e1e8938e1c97a,0.17326620562562228
a8dc86e602a746d3,0.23225754070128812
c4329a7f54415286,0.10488938704874048
04ec4184a6a2f40e,0.12942300316120325
a8874aa6ff7ddd20,0.06886128059826191
c9a607048a5bc5dc,0.14984788489589343
002c27108f6666f6,0.060312069855350925
e4f6a20915cb1601,0.06769710013420914
bb014c28cd6924bc,0.12230506517516584
196e2f507f594bbd,0.06657550460337273
9f1be9fcf021fb5b,0.0441897988526446
9391d5f366da4c40,0.12588448823833592
3453a5ca3d904777,0.09633259928413761
686ba22e52de9068,0.05151800955695974
3553eafc050e9c0b,0.12683896485759735
edab086e1fc56c68,0.1727922139848581
d79a009be9287b82,0.1070473213784621
b86e1b1f8503684e,0.12553000696294267
9ad70763cc07c36c,0.18602153104530433
419885390abac7a1,0.0341440350327923
70bb28465e350bba,0.14222627284356862
d2fe3be15c7a040c,0.08926051445264721
df051580b1fd88ae,0.06375399219838754
799dbb3bc5de0bff,0.14220760421059392
c18575ea64f02a42,0.15599608824389846
bc265e458d29169e,0.1764097900438731
d59c94219a63b100,0.1488452421435752
0b79c6776df906c4,0.13175741846213218
1bbd089c39955fe1,0.08184517439186703
e07ee63645347087,0.08380677897651723
6795923abfe3b196,0.14734794807396012
f23bdf1e94c91124,0.07010079089810271
a1fbaeecebb55865,0.0435522646613684
bc95d3915a49249a,0.09665051068985403
c565efbb2d18144b,0.15979002159742656
321866d63b3b1b00,0.1305039386600685
50ef5d8288aabf7e,0.06933935325531071
3948549457628975,0.14899598995302005
b958074c10bc601c,0.08745504130565906
f075bd7b8efbf058,0.11080413834738424
f05a42508ffff350,0.12115448464244664
3c1c900935bc3285,0.04286707314651618
cba59c1afecb3734,0.10519303673302983
013e1691ae9f7898,0.04554114688360101
ff4fafab1f01bf0d,0.199191118258291
16a52132c026c176,0.06866242847795767
7e6dc3264a60f3c6,0.049302006364109786
fde7be20171bb23d,0.04198196741538729
4709ae8a61f423da,0.14005439596449623
f2f7edc4fdecd842,0.03367664002977731
81421fdc47bf7d1e,0.09726823952240957
e130b6363bcbe974,0.06182495457232075
8b5dc994eb4224ef,0.08847619729579204
ced09e40d6cdb2ec,0.07156902680527473
b65873d2d6509482,0.06910848400675029
d663eee7b55b1c09,0.06858085915592041
e8ac634318c1c070,0.11748553238492966
9861a481912689da,0.04927537315407017
c170f4b630a3b239,0.2664812593902298
31f66aa5ebaf2ad8,0.11774566877842374
31bc47bb1448c433,0.03918112273651513
79eacc58c9cd0f29,0.19168456969592346
32cb3b1b23ea545b,0.06491994349990868
89357b6904f7d6ab,0.09336754757692539
0d9d1cf89bcda082,0.15597055731817472
7c15e3fb5080a6af,0.08118580952509799
a8580d9f4b1f100b,0.15159109079697547
ba1c0d81b8bfcda3,0.08203440290631292
d5c76d632f469288,0.16710671781858027
4faeee72bb8b4acc,0.06762681270149942
10875f7f7d53acdc,0.052446245885593025
3fb5a4da63283ba6,0.1457759525567297
6551e600570cb09a,0.20016597593030988
6b4949612595764e,0.06555866445098937
d45b6491898d0fdc,0.07048434513694692
0c40fcc6d696a66c,0.08561273791018731
74607a92b5ef932a,0.04424865656122706
e7bf586ef35ff70a,0.062348043496304545
65e0da070f27aa66,0.056864513722703375
38a09fd79a425aac,0.091643875599899
aed136202b0b58d4,0.07069942575226312
5f5b7b68b01d1299,0.20178527123173
cc5db835afffd307,0.08355855770024044
d8842b37f5416b48,0.09653239280040996
d8aee4335af252d3,0.07161469899432046
00494862dd9b9e04,0.10498683890999921
95d5441c82b1c46c,0.1893215488321905
c6e492bd428631d5,0.0823414228917049
598200ada2678880,0.13308364417357788
8094f4dc74add0aa,0.055053841633264704
6831a0024a1dd23a,0.04833315141829199
d56926e610462f66,0.05984588975059852
bbe39148bfc2e434,0.13420243906101495
1a07a83f589de802,0.10702865660508473
8210d5a233d3d65f,0.035054711147151245
ef4e598f566c9558,0.07084581288550992
c02b919584ea5cd9,0.055540693066158636
68bc1f08eb5258a7,0.1392802958627932
d57a9ae04f68912b,0.13209820514145995
fa41a48959374ae3,0.06051268969621224
5e725dcb74b4e75e,0.05903344071659286
121dbf76a9cf73a8,0.1779822977969182
a2383e552a5f2313,0.0477877936805238
378738808b201e0f,0.07903946693042835
9642ee1e267eee82,0.10167572811922218
e55cdf82fcc57177,0.06671151130717402
2103c3d1e5063e3d,0.049117697709645566
02004dc8e2729e0a,0.08562223112436099
95ae4af4bade5009,0.07738651778009104
8a4e103c92d62a5e,0.15220854071051484
c4414b2ee31b7e94,0.08557064509637258
0866387e16259486,0.10558753833668619
f0b7e616767a0197,0.08401898286316473
a86d2f80a3468f5f,0.07740158663093571
691f9a97e9645bce,0.04180533266888592
2f2e7662f26d0933,0.07406425835286425
72cbdcef4a6b4f07,0.11813289840596315
3ca15eac9b7ce8d7,0.11997314244862972
d9f713c872a26c76,0.11104437302680076
38c5cae3c23f24a9,0.0591432008146695
80e12c9a6e625e7a,0.16303654064854184
78211c4fb5585628,0.16405147332324485
59e71eb2f5c7c432,0.1384524583971893
b7abc4b3e6ff0e3c,0.053999199620110676
42eaa77ee15f2ca3,0.03330442275150948
bb8ed5a0931148f7,0.048604019739511076
2ca7468532706e2e,0.06596001388773359
98791c70677eb76c,0.0981014550443114
e7ec6ff3f296ed38,0.06288698169111959
7845f67130f900d3,0.11015146670702577
fcec4d0ce44eda40,0.10711671256628022
0ac91fd23085433d,0.1370594019782687
ff61891d90f930cb,0.07375019369813139
41fb4a2210a6066c,0.12823173564729462
4c7ebaf834966e32,0.03550708981405745
81aef88d712fdd5b,0.0812418489941928
36b0ae34db90ecd7,0.17361161539452002
72fff2ad28f42426,0.13721946327666848
717207649c078f67,0.05951223803780552
925d6e357d7ec158,0.15592520152499578
effe2d48627efbe4,0.08102019841677222
0577c43390d4bf43,0.23531371938542098
546cd9bb6f2ba820,0.07748623938657681
8a47c92c6443e7e9,0.12805738922506665
bc9467bdc8642922,0.08054223660991862
af91160b63f1bc90,0.16339876508603934
464ea9bea5384944,0.13077221058973576
b838b4792a3c540a,0.09265630903631376
11fd6e717c95ce29,0.13702030502357787
b1e2e5a1c0f42f8f,0.09842484849757341
222e74272be1ccd2,0.08377545676512646
21a85a0b474e45d8,0.09723607398422801
5c5c76ce21ac9a03,0.045232576019607715
98c3f3c5243d4fc6,0.04576395727974551
745be7354fe05a2c,0.036428607902642796
ebf17df229daa6aa,0.09265432646915187
14929f1035ed296c,0.08944632906342888
af1bc354186d653b,0.0334553319223763
88e44f6549d78a5c,0.05363685096594825
1a5119861af7675c,0.05142831268477285
4675a1f396e095ac,0.11130512543389114
306fd63061172f24,0.03604896338109442
68fb9067ffff02de,0.1298555293820233
93665736b22ae558,0.08000022472260494
2f3252e131fb28c1,0.11789673096738472
a90bb7ef537f3ccc,0.10459906430964125
f8c47e6a1ab0bf1f,0.10442410362500303
7f335ac0ff549013,0.062133756527312595
e9c7c37b6584e68a,0.05283472533899859
e2f8c99b54c930c0,0.042976826524922226
4f0ffae34b450b85,0.1273322267546025
94e27d2dbdf9010f,0.1741196700267931
db05b31fda1c2b1b,0.10721057622051951
af64ad7d713d5a93,0.09477152736868436
4d1462da71b0efa9,0.05318138829415863
04fbab7984c52c30,0.1295549850070144
c01a62e78e6d8a2c,0.12089765518089322
74f8579fc40b2d7b,0.05849954940103985
0eb2d3b71cf2b61a,0.1443158649648505
57788504ce4c82b2,0.1168891972161949
9e7dfd444a9f30e7,0.09249557691685709
0cd8b38e5a4b74cf,0.06628557153768694
e8c1c982ff8a6704,0.0847287591060503
36bfe943ee63fe65,0.08133886382725153
998d9f62a717ccd1,0.04323864381629231
8069d4397377adbc,0.04603858607542871
ba8f312910226da5,0.14032632946872767
37faa0207a18eb20,0.13511508603346306
c16962d752780184,0.17462543517660292
f1d62e28f903e96c,0.08947757649091007
8cab416d1f2bc624,0.12310881736827223
b791af74c95ffa06,0.1814889492858501
05b113e465a98080,0.0872439261265585
b17d9630e851487a,0.09516858157165366
92981268f9d56f38,0.13881117892221162
76775e095989aebc,0.03661829068497503
a07f4266c4b1cb5a,0.05521874941156621
7b5b1f94772d1b60,0.06332737255333219
4f8ef604a40bca4d,0.06315661410242893
673f3a4c0bd90267,0.06834996903727406
58139d3ae9373ae0,0.15735233759850362
c24d1452d22e8db4,0.10809539426355694
441d9763fdc1b0df,0.1463308842631628
d2987a3199c1109d,0.12916925358744397
cab99a91ac2562ca,0.1562740868367788
df1222f0cc1e08bf,0.10739872774038656
bdb610f14d1f9c0a,0.0489194280602023
d63652d83092f4cc,0.04777209866454696
dc121e137a206780,0.08054116619183407
e5fde6a720ffea60,0.04994258838302201
52f7118d77a951d2,0.06005425013710516
1b60cd7738483c77,0.12943888490620423
c7ef81c5ec66b855,0.19101303843025175
42a4005911b6abb2,0.181288937740528
926e4ef2979d43ba,0.05171348501572444
936393261928dd44,0.12529925203849115
90b3943086a67cf1,0.07755631321813955
80b6c2497708cc79,0.10185748250252369
dc880492a16f61a0,0.10380101499926027
363fa6d193ea1791,0.05779729974000426
11443cec444ffbdd,0.17805697249369226
174e280d8c42163e,0.14736036262573254
d7fddec00bcd1345,0.08830445489941027
2f2a0292483de945,0.20499720460673748
2638757dc8ccf105,0.043666075822652285
af967b1ba12837c7,0.0830063944079451
6cf0ebd8925305ad,0.17718070701142272
0307e7dd94f223c0,0.03826444405637912
d86f818a421d896a,0.15373550726404178
95c76aa135d94e8b,0.05572641823064378
dfb2dc72331615e7,0.15907639213791885
b488c877787792d6,0.0984926306830342
5864514fce7556aa,0.10355915807300539
7db51b9dfaa6c3be,0.039910760946006735
475afd5ca8082909,0.10685400841923612
aef3fd34396adfe2,0.04783891071118573
e93ef7b1eb85a270,0.07512249404063359
e643f5e629c7ab40,0.03569778023220249
e9234451a7ebfa5b,0.08721363205677884
e8b95693607a1af6,0.17207676650223203
362e59ee5f24ba56,0.0884700118826506
760d3c489cbc2365,0.06091120784516322
cdc43a10fec587b7,0.1787403956896369
436bfce1b2e96ebc,0.14595698012410827
8364b88b9aee50f6,0.11923676523600688
49b33a422ea5bc22,0.16481960947253904
7c87edf2fa4449ce,0.027317789142083868
ae4d87302f77418e,0.06236496502433282
80504f5553a663cd,0.07485585991359173
285102ab56c81c9a,0.10442718425137563
ce75929520b6600d,0.1753296022681703
90e157fa590bed49,0.1690516268345213
72308a9b8ed351ac,0.09509678721356286
67da97f4bf5a43aa,0.04898379282333579
7a2c3503f50e758b,0.12393842499095739
7c277b093ca6e70a,0.04953912900016069
e17cdb698e7793a0,0.09204934574669492
304f33ed70c9905c,0.12951737528872032
f671940234873df5,0.1289114887296678
4c60ff51f1a98ddb,0.07293441953014823
357333ab581b26a4,0.09587516157744318
c12b50c410a56d62,0.05034754672844555
280ee73ea3f9a150,0.11699983383754398
9794f61f2b35c374,0.050295871144217054
99bef954535737b8,0.1708141306552538
164deb1fbf6d3d15,0.09676650840009948
17f64dfc919c257d,0.06794172940303547
177f1a78be284fe4,0.0710362209626649
6575a6e55c3aa52b,0.144753728291611
e1ceb3cf89c78b04,0.08832836203360585
2787d14ba4491e60,0.10694728617723445
47283a11f402ab9e,0.12648355917193121
3e13ab75e759c66d,0.14343437780574309
565632830f202280,0.12825260651977824
c60dd36532e24523,0.12106508393576129
1bbb760f70ac35fd,0.0617834476552484
5952ee73f64f8e8d,0.09757015965476437
0d2e12deb5dc05bb,0.09114943849280652
93cf50cff9e70197,0.12434034214285071
71a0f1d3a79f9279,0.08964500217882977
ff1b97bfbc1de495,0.14015129045199326
152d66dccd700ae2,0.1243427895497649
af9475d72cb09bff,0.06615673112697168
50c6ae4f3f0c520f,0.09933586421954542
53277c274f93827c,0.131355417319808
65c28bc2a138b604,0.15287017968954883
ab3f36de97ff5288,0.044882988092415865
6e673b3e05a86556,0.045187572796065695
29ade739f5ac47ef,0.10849803526762124
d6c96030b8564b06,0.12340564064944834
5ffe88ee98e246bd,0.042317236656422154
b75847a46dbc7758,0.05361705626566553
fd4f072e7db648e2,0.16481383799870403
3b600a791eee47c3,0.09745549826677402
3205c60644f3310a,0.050938340273694184
37edd7d198365da8,0.14089848893473053
4aed77bb42b6c35b,0.0375020037506599
70b9c5d2c47a6231,0.12931173612491517
5aee71b30cf4e773,0.03533503481752078
3b6034955fe901a7,0.03809308377071161
53f7e37ad065a1ff,0.1049964111404976
8249af221f0dfc62,0.07656027136468097
4a798f098b3ac80e,0.1491974145248346
7859a3365dc11f7e,0.11449750770980097
0d6ab61f58e22d8b,0.07496671277262756
d90f47b845ad8044,0.10363119731723676
908f76b67c5d77d6,0.07608864296347656
2e13d0c9efbac24d,0.09389189694313896
fbd3509fdc1e2fe3,0.04593301860905518
d0c07aa05dbee8c0,0.055519861829295615
e2066400c0c997d5,0.10564657249802778
9d002016fad484c4,0.20452737730966875
18105a09ff042e04,0.0843085987805286
97dbf62f03867f4e,0.07970194543339815
008e7b56ab9053c6,0.1899528828830802
e382e61b69858e84,0.036034175882517464
a02b2c12a9b232a6,0.06962322802248352
5d4eefc602f1a815,0.10530491383695133
8c8faef5bff7b3c9,0.040527762215612446
8ea4fb1f9e66fa76,0.04008854825122189
22a32bb8f8bde6fe,0.15603328255413645
6a655866f90d61e3,0.10801760386065279
b15548596622ebdc,0.05705222457543151
e6426b5a54e4a972,0.13035776425131515
2bb1ea15970a2de4,0.04984030090366254
5b2c1fc3ca8dca34,0.050535374133418645
b26bc3d1078e5a5f,0.054257338679360306
9db2f38d40ccfed4,0.06087625176335614
8481c054b0537a7b,0.14915751444836609
c4016925a614e39a,0.12074710520087321
a6145b00b87ffbfc,0.1922323302342353
856c1f1b7a16dccc,0.04016837992662781
5db9aa657576b123,0.034690780398265605
e6c91e69fe022b81,0.21147180723923076
18323213899682a7,0.045558678770270825
84aeda77a9eaf7a8,0.10900564700021435
60aa7eb39a1066d5,0.1640352176470505
011908fe41b2ead8,0.159899411739573
95a236faf4cbd0c8,0.12602263590446589
c58d93928c4b43a9,0.042691879897940294
e3d5116d0ddea646,0.17453727471217167
3d33771711b587e9,0.12413674966052805
ca902179e21ff302,0.13866200992309383
4b2142ee3d149d15,0.0801912784449999
d78803f699e1394d,0.12840155939190606
ef2d9881a6438977,0.042889291632203584
3b5fc032ae2a290c,0.06936031197725527
9d5473cf79999f4a,0.10692053826220932
9aefa72a94558b66,0.10620812843760744
78cc36a16e5afd3f,0.06692413213261264
0628d45dc33a5639,0.13626878629026393
bc63ee6da23c5dc0,0.17229792195164267
5a69761001b7342a,0.10185681990796588
f5384c1b33a306d5,0.056836037814823076
9f4fb39fb6e8b6a8,0.1518271328876902
f7787ed37e4b9d05,0.1256456521814709
eecdd457b6c7edb2,0.1450867151579296
f36c01f2f7fefef6,0.155697611341195
abe3d414c510a7dd,0.09258207749966571
d1f7dc9b905e0fb1,0.05268586048108888
a97c23cf1c8d474e,0.08937947044013422
fa77ebf418dd2361,0.04726312224565188
4fa91df3f09b649a,0.1519728629439396
4c40bd5075d26ea1,0.18096167316764164
559cb0c10ea413cf,0.11917479252077938
b07714f5d0a305a3,0.12479713632060552
ac26d06332fffb35,0.05814190015173056
f3a18a7976f15c5b,0.05375371784871577
bd610a8daf3173f8,0.03334436045770041
b4db2ea448a373cd,0.04602402678805717
a9e601aca0377220,0.1476771508785625
7580e5af192dbd01,0.14941199543869754
3b50e09f1d1584b8,0.10093804743595093
e752099897ef3c84,0.04578695793637675
9e556374eb31bdcc,0.07738028889510921
09bf3001382d4d51,0.05333754486016387
ac4f9d21db6d0551,0.08213416233962695
bab162c780dd5d3c,0.08802736117684576
1ac05275c95e2b9b,0.051372569792422385
ba53d76ac3815303,0.14692722457265706
731194026ddc8a00,0.1591464062909353
565ccf55ce0f19b3,0.05702544333727878
c610846e274513ff,0.07156416835269101
4f2f55e6f8f022f8,0.08652624364586864
171594c12d4f22c7,0.03897050994378564
fd9a29be83f07915,0.05260954486939498
0e69e13d2585552f,0.14811123682510652
8458a25c7d299656,0.06406700350117064
36510a7e2e8cf5e6,0.15643283405547093
4c689c2ab0b1e458,0.13427681416325113
bbbb01b896a60659,0.0837800273673823
95a6091ed902a1c0,0.10036980919199147
226f1fdbdf45c3f3,0.05786779310432612
b3776535f92034c1,0.04646145196304498
e136a41bbd9d2ebb,0.14149302893323334
2acab7498f95984e,0.049608800359770985
5a97d6bb500166e9,0.08469133790119622
53ad75887ce27a2f,0.048556413547056546
4bbccacfaab6a76f,0.10621788639439914
8d5dbeff654a20b3,0.03764794356934443
885918cc4b58a92d,0.10332966805987825
c33b954ec9e9d53a,0.05201705367292675
c73aa72e6960366b,0.08803291013417328
28c265c8e738031b,0.17096439966496935
16f59244fa16b9c5,0.12329430664573746
ab1bbd20f2288ef0,0.062057773677675225
21ce9f486720b00d,0.1208977883937828
ea98936cd5a062ef,0.09625646112118318
092b99905affadc7,0.13206174539724203
f8a1935cbff0e3e2,0.1060733298710842
557ff2105e2227eb,0.04532725734936881
e28b4c1e7eede953,0.054241977334835156
afcd2875196e3514,0.10944495949158671
622d0c5c885e5d67,0.09679813318219116
5ab123deb8c8e0b9,0.13523519122593863
d70f7077ffdc3675,0.10161564596336001
ec0e23575480409a,0.11690409762046163
c42b1312f2466d13,0.06403573525469101
58f7c9cedf508963,0.17808238564993306
483a6a2fc6820e34,0.06451063851845808
9a410bdaf99ab250,0.15011322366964386
27d8448c7743312d,0.11439649566683939
d22510648b60b80f,0.8416737890248143
cf71cc1d5beaf427,0.16356772158338584
b16d96c422e7686d,0.12528640838285376
f3bb00d62eddf347,0.04969887097430617
e7ad214e8e1b87e3,0.1032333129695389
a149a81fa46121c8,0.06318968586635475
954ac0304d013ceb,0.1492479505150059
5fb61c8caa291bb7,0.05597978659858703
b3e6b65c022e07a8,0.13200003295934049
014590f5ad393d98,0.08828362494059465
fd3098a48d0565da,0.02871472558876605
597dfb91140f7a43,0.04701388156081683
29c72ad86d92588c,0.03922382452722541
46403e8726688e63,0.04151708363737015
586f9bad93615a9e,0.19052006421705886
518268ad7eaad020,0.07895989857175731
eb68006674ff7853,0.10667898100333878
829bf94f3c7511b9,0.07286709642305365
472338feab38fd63,0.0424620198906419
e2eb7c00452da3bf,0.07977342119030895
264d5eac0a3db4c1,0.13157283678815984
5dd40ed8f6931f40,0.10206911760035783
ea07294f7b9321f6,0.09319278209437366
800d5b199211d908,0.05682106682851789
c26171ff73291cde,0.1581011611585651
9b039401395029d1,0.060296894749768584
149773fc93e82e0b,0.1527358518240292
377962b226c4354c,0.057825749680762636
b33ace47f8c9cce3,0.04404555767203562
5898aee0357167ae,0.061382262510990354
5011475bc46160b0,0.057454875424152174
49403fb05b28bdc1,0.14164138967283654
d64f9b8328cadfcf,0.13510443512956566
8347b5a18bb84a35,0.07893371768021917
a72c9158377598af,0.08124671197402003
346932f67e7d808f,0.10863876950622048
e4962aaff0cf97fc,0.12459090918262958
d63549a6e599cc24,0.035998387903175125
d013eaf626e99575,0.09142941339610974
a7c0072db3d224b7,0.11620665898372752
b87493b15c6b1e21,0.06977966758251185
cd6d6ab0bf1601eb,0.09854444668733955
fc7b0d78438f45bc,0.11387231797582226
b53e88867e63ec5f,0.1003080636647862
1e1e7de7f17a14fe,0.095372538445258
fff1df28cf047de8,0.07923868310687998
9a4279b8c94a438c,0.042321284595065976
d1a19d29c2aa4b9a,0.13961786728297898
ea65ca7ec57132e3,0.1386883418734862
35cc6e8b29ac28d6,0.19420646463756425
35cebb20cef64701,0.12983257541372653
03c27c6fa94b88b1,0.0463673972336064
654a7847a4c3d0a9,0.15251644655887706
d82da976d107c4ef,0.18677940124652886
0f7cdda5aab7cb9b,0.08721993972211793
511e61b096246922,0.06401405138018998
9bd56be8ba9524b8,0.15760874674681202
08980e1d210b6aa6,0.15755687275438454
c84430f350b3a159,0.08652992035493014
152edc8f6b8762bb,0.15887142819158512
a4a8682aa22552a5,0.1274735498937139
5448387d25232e4f,0.04197386491049988
86b5af3c99c2229f,0.051829886388536694
a243c84e17ad5313,0.10190943872177485
1cd4111d9e2c14af,0.040204380207568405
d6596bfbfd4cc049,0.15939358442971036
5f6669357f9d2602,0.14299614401869887
8ce4d3415fe4440d,0.10135520921691385
b7804e0aef5425ac,0.04649100185101608
a68ac8503924dfd3,0.14114410001307265
0ee54a169cddc5a0,0.07912562622434137
91e67962d58a2196,0.0884676230170955
337f92313341198c,0.08659330406326476
62fdb17735fc24f2,0.0628983565527736
32070e417cceeade,0.10492327357987405
d10e86cc3232dbc9,0.11560741085144184
9e379ff80b817265,0.1682284768515228
cfff3503c56dab5b,0.032505632606817804
9f21d3f021ded79b,0.06575562897407565
5fe69ac7610324ba,0.10617967414052366
fda80e0f061a2a2b,0.09776764253473452
e5f50a39b4e83fe7,0.11087046998372518
b7ac8ea60b369ad0,0.049885661370054235
f4aefa9fc2e0d241,0.14476988719752798
0f32bcb05a22709a,0.12265275065044952
13334ae771ee01a2,0.1107622803117175
d2596a53564c0b21,0.0849901240792246
1a90578444c1c9a4,0.06390544154087807
38767f6c13ad1bfc,0.0941543494931119
8d312d36ba150056,0.06341833114484888
c4e9fb7cce4bc726,0.09707218030957196
9ff220beebc71a5e,0.04676151872575304
24bb5e20d933da44,0.09934791024035972
42f6ebdc63da37de,0.09873184515684563
39f065a3b51d8011,0.04645877955599058
adfccf4de2f8f9e4,0.0754879825153124
bb73756443a5eee4,0.0825474167303033
0d9c7ad016175e4c,0.08613368706577824
01d6dee3fee929b0,0.051477382061812516
4c94ce26b7eb0794,0.1162906708509633
184edb2637a41d50,0.08119258263110062
b14c8ed6d2ad7039,0.033874739021566166
efdd1d7495765245,0.06425234504017349
affe3b0f590fae77,0.179404077297239
3edd7de677b91b05,0.10821286323951425
ba9e4528463c5dbd,0.08370014424495754
8be8330f2029f548,0.06371324024321391
df6e6d77a02918af,0.07371406504276505
33d9746c24d2c070,0.07218971652609457
e51c785618029ad1,0.1597471366272648
d53ca1e375f1420d,0.13393359571366198
d4133e84363708fa,0.17214936743769485
094a4df459f84f9c,0.05217341271930867
c95b97cbc9622e38,0.051892995160976674
8a243d50081a0a41,0.12770363317305913
f6f2fd05daf66b4d,0.05463870174516467
3b5e52e54ed29ece,0.12201404710800187
144d292add5f41e9,0.11319399722588279
49aedb77fa2fb4fc,0.13004457415545734
81e5d80b657413b9,0.14546490949395888
fb21fa126522b6e2,0.10643172673589493
3451b921fd37a93f,0.147163719600747
e25080fc68263c8a,0.17893970716077595
64f0448c8bc4b1eb,0.03748087313066238
ed89496194aa19dc,0.08147244538890902
fb22f7c013b24779,0.1309694437426375
1590a07714e8a656,0.0470580095842225
54ae2ffdf139cc38,0.04703715603329205
96bf13f3fa835169,0.09805310219059155
559cc1345795571a,0.054345884891890614
325ad194b9f588f7,0.11655444298116982
13ff609306472199,0.12974318970993254
3c87f31b6953fbbb,0.03862477903879817
2dd14f20786549ef,0.09675733549995899
be72fb5da729ec70,0.04540137440496885
dea2b01ff6868477,0.11765054052943176
c7ffc036c6fcf66f,0.11190905328384601
67b0cdefddff90ef,0.11102412011539808
eb949d7c7beb6354,0.10617288424947853
72dbbe8ab710128c,0.10025151599719713
fe50a3aa77d27195,0.03799167794731636
b7dea5f446a371e0,0.07324707469040885
3b6627fce4fa7c6e,0.03851397523738646
5766e8d8c783a487,0.12153473695288922
818813e68f11c85d,0.10213042997829504
4efd1ededeb6af5b,0.07950714473839984
7339d8d336c0728a,0.09737255221614981
5932b86b513569c7,0.11913488378553747
667e3c34655efebc,0.14706120037171314
211cf2ea67620b3e,0.16605700511296148
73ddd41ae18acb03,0.07008320508982697
b7d7b9bb940bf7b0,0.15509960085150704
672de9994012beff,0.06776745491161984
1fcb989eab73caf4,0.0364746039674577
1a8eef4f4936cf0b,0.06999307795910811
181bfbae0ed5b503,0.027779099802905795
0144b06a9d5772ce,0.16489369451561126
a6d79b35c359d2ca,0.17327417061798778
adb1f5a83ffc8956,0.17233740863218638
7fe7578307634c36,0.1984028439267177
ef916f6bd9bbf8f3,0.1297932526356596
261b4b9303f16955,0.1343953216449707
bdd3d57f2dcbf24e,0.04931425246971888
87478ecab9990b69,0.08623075080690074
00903281b49f7885,0.17110932913162255
faa54ef489380476,0.16340670092124598
afd67495e65ca43e,0.05532770991755595
3cfeab5f2a521bd7,0.14763358527560172
f889243e554a57b9,0.15606274247732776
1633226e5baee1a0,0.17643431944277543
09429539f12260dd,0.06712382869129058
4642f19a02b65fbc,0.051648471102203226
454379600a0d58ae,0.11197619264262894
806b67c9407deaf5,0.045877465186199964
64147a091385f1dd,0.053114447815698726
410684a9ca496c4c,0.046591693297629196
198aca03e558bad7,0.04939785528730081
19112c76b72e70ac,0.047574794893529226
33cdd595d6f64465,0.05698171201325707
b678efa350251d1a,0.18863518192673495
2773ef74c8379c3e,0.1674675134289852
21a85668c56f4a28,0.10764305966149339
ad44c67c941b730b,0.04491333858283249
afafaec6ed7cb894,0.14216269907988816
7b2afaaec11da7c6,0.0911190868707802
14f8df83cb5fb959,0.12152359063361676
2fa6287a9d075ec1,0.0880512746515412
a20301029a5e8b78,0.1177876610881837
64c226150b42ee5c,0.11202086059616972
7012b66ec38b6038,0.029122063097889103
334a43b3d7746442,0.10275888985023737
3e39b50358f01b64,0.11078228442867125
dd424dd258080c0f,0.09816048872611528
b6815449a050c02f,0.07447629626403794
786b0bb1d7a4dfb8,0.04788397578099701
bfadd1b4779947e6,0.1532789206546778
23bda92c60bb92e1,0.15820041840351975
20f374eb224e1a7c,0.047401396281110425
04bc6e2ce35edb4c,0.14849839490928105
f5fe2d58beb86d40,0.08223021291230265
203f3df885ff03b3,0.04059419746519754
ac5388e6680db6ba,0.050032227734939656
20a190db150bd0a2,0.08308185167687442
03b8f432ac8e3226,0.09918814752257388
800d13aa581dc05a,0.12597196948262016
32ad97494e39788e,0.15088315101269328
762f69f875d0a0a7,0.11345598144676186
7102288564065a58,0.14792355635401305
a244d35bd0a46b86,0.12410623537316781
9fd85d10d8d80cd1,0.07311451750521994
cd37f417a290a412,0.13455790598891237
087a61efb373df95,0.0601697881401159
5cc1bb67fc9fa495,0.040090697942570225
38260167161be0f4,0.09256328167525535
377d6156aea5f7b3,0.13419751430109553
de73631ba462d9d8,0.03639974061098249
c6ad617675fc82bf,0.19563127834938798
53c0301b075c4edb,0.06704860163645943
d5d5bb7bc7475a6d,0.07851511028434141
2785f7c003032f79,0.0849501086658546
bacabfcb41e851d5,0.17699808334837736
930620d9c45cfc16,0.12643754223886822
a2253bc60bd26111,0.09295127496970143
48be98b0da47a60d,0.04892256344390389
4192611de72c647f,0.09903761411424902
0a3e55a0415cf1db,0.029581861866336552
94a41eaf6c166f8a,0.04727987364434512
65c588ff0e6a0940,0.10829511162170516
7316f0f5207cff7d,0.1265398766696711
fb48d6120d40241e,0.02860567156534949
83e835be4b7da5bf,0.06556431726528494
be007ff41dfe8e33,0.1789144998582752
ae762981ec3e2222,0.1875559365484919
9cde4da63a470364,0.06959962695950768
1e641e6a0e15cb0a,0.1640604778305641
f1e1bfceceaf5b3d,0.05026054356346863
b33a9dd2d6116451,0.1190550325377741
6a00f8682a96e6c2,0.06857368573081178
4889bb3fafff04a6,0.034944206172598094
d83965adda3948e8,0.1528791026234569
35ebd3eb17d43331,0.1446193176093703
4fddbddae3f8c321,0.06140290315838633
279f5d02ec1d4618,0.13723419579001314
18dc05e08437b19d,0.10446432768043051
fd5e41a3afe867c6,0.08743302514987467
4dfc9b4693d64425,0.11208829585721904
38efe84b2371909b,0.030616659526423753
d5ab3634461fbdba,0.1268495442326837
88ee52d04ccee47b,0.14155419904568572
311d0a7d1bc40182,0.10065042113539624
ca3eabbb86d9d394,0.11592006544386407
0839345320590491,0.07926473705557344
3166da0225b35bf6,0.09779607005867749
4fdcce92f68b7529,0.1559598087271557
4c0a03f188fa9938,0.07992517413429803
efd671b84d562241,0.04642905095809732
a1be96b06611a4a7,0.09247740845906141
7c15209ba7808ba2,0.13340873648164975
b4fb7e75679d28cb,0.15273671896486096
095adfc07a65ed27,0.0795332072204126
a19e6a028348c708,0.03477438497108509
bb5e510a6639b43f,0.12262545615149734
fcf27b9cd834eeab,0.04674049963868285
dd9e809656743e04,0.06360536149253213
9cf20fc9b8513a03,0.14253918651608627
d929256e10f5e94b,0.10648443879204707
c7372107d1356264,0.1430679874735791
fb002ae965e2435b,0.08422481151861486
891d7ae2edccb735,0.14732291566474043
33b3795f9d4a8ef6,0.03775610421065379
bd1c976bfd04983e,0.11795374759611241
22d26961eaf80875,0.14147469921099193
3267d0aa9600286c,0.12355240998631035
f85b98ab9c2071aa,0.04852658333822409
4b4c86d64f258caa,0.11667170189421462
af271d6d690a0b0b,0.04120164069769902
8b1bdd0f68e6ab19,0.05632077693020481
aca740ec2df56ecd,0.12794795863427705
66cae06936335046,0.14281273088630314
8aa96ed1f09b6e82,0.18325681493939522
fb089d648c0fd719,0.09006755716127615
b3b39f3310bed9f2,0.09169031262502526
4c9ddb6a1c08a7ae,0.031774713673133316
8dafb6cdb58233f8,0.23142196384137645
8512f25e0995f115,0.14730785859727735
3e89b24f6780dfad,0.09261475897154138
811b5cd3d60f8f01,0.09748228033060648
8cecb78a9a20021d,0.07694433894834765
c726d19506a1a864,0.06045077822700401
bb71d5690f654fab,0.1318909780954025
01fddb547603eef0,0.09417530625122228
c6592de36f791128,0.07805370614019527
ccde7fc6a8ec59a5,0.0603337613807966
ba6d1493e3a1c1ad,0.12966560382851
7dfaf88276d52a5e,0.140647752189273
c09d65931e21624b,0.163164285698993
f9544a6dbd4caa2f,0.04527990365969245
b374ef23d5ca3b3c,0.09791203035984969
c51f8b67a66b5aa4,0.19474765319554943
4793cb7dc1d36c4d,0.13619150362493984
c4a77a4226cf0e3f,0.08778943912860682
11b46e06959d7824,0.15794456593242895
75083fbf03436018,0.1262512331354607
44cc96b7436e60fb,0.16960530350193195
9c78ab8c7f52b1ad,0.08092724376904004
27c3ba5b3d6374ec,0.04781210668575702
09bad77cec8a0ea7,0.08641153024451499
7e5eaee69f7e8e60,0.06027174158573899
9701beed4cb2fd40,0.042995848824737844
a886ee5f5e57d356,0.029597394252579488
43322ba6466f83ae,0.09271664945765247
39ac7a6c910dc826,0.08084510531332065
a7624810eab99b39,0.10088165392058074
27ce336c13dd7f0e,0.054528063227637674
35ec56371ec7bab3,0.13989689372927414
1033972a8d27b8f3,0.14829794364451215
246fdf152b78ea45,0.050042622144207474
67db089b7a0697c3,0.04481694969795036
51541de4865fee3b,0.08214404249545323
2e0ffa5c733d2a47,0.1843619639299547
c307a7a1d2e93ae9,0.1638072592003121
60775afc974d2192,0.07600821746842015
1af8370aec8adce1,0.12217854692110065
7adaed59e375f94a,0.06466335172891885
d3f971f17d9ab0d0,0.04794707823243638
f1eff57932ef0f4a,0.09663355398015247
b41ea8380984305d,0.10814919784112798
dac2137cd3aface7,0.14119133681319745
48da40bf199dedce,0.06008735821320769
2c36f80cd8d50da4,0.038831673591542035
e45c5c285ae25a13,0.12003337985423027
d57fa89c692abe6a,0.11724633033354952
0d5b889f910953e2,0.043637755495873745
a2bb73ef62a1fa41,0.14751385746012277
161e450caac64b0b,0.07395237066876528
870239c07fe84d59,0.18869760408952943
1a510d36c73a9190,0.09689224172307236
6365e056680facbe,0.10805611622802767
7e5efd56e82bc148,0.06118677476637116
8ddf8d226ddfa267,0.04087173109521767
aa2927ee663efd7e,0.06955509824098016
1969a71e6c309cce,0.09046483314090745
33e3103e2045fa64,0.049420257680326485
79d3953d4c100b9d,0.16497759427794675
8a0bec565c237aae,0.07900078469138645
e7b2425696ad04e1,0.04605576867193663
1585c48da5187cc9,0.13329827426841007
b508d898d174eb05,0.1413333424838461
ae96ed3d88eb7aed,0.06859365769168353
3780b01a20d9aafc,0.15144982925708758
5d2ea0bc3f49f99f,0.12495565642851439
609566c49b16621d,0.04339331218559293
52a50658bfe832ee,0.08870333827872079
76655f684bc2518a,0.06710273537937406
507aa51e38d00459,0.07359776138853363
e7edc5fb783b818a,0.054635165230507286
3488c9b765c1219f,0.04872259020416693
60726ee6707bab89,0.1408708280781797
724b704c54783fd3,0.034825282895430486
23405c43202f489c,0.07826107000544094
0a275c8c3adc1e3b,0.06205390824005716
ad727a83295f79c1,0.17119990570038895
9fcd517a3727524e,0.09901505208802738
c1a15f34e5189a8f,0.08692511671769257
ee586308edeeb5fd,0.12115567022791021
61323c4c907b9667,0.16859938849507922
dc6ad9b2ea237556,0.19985785282029694
fc261535991f079a,0.04549036170772237
199f8696fe22e8f6,0.07044148828956945
80c803fed1e7b815,0.04397140510349838
b3645ff1881e6181,0.06051240440874828
f077bcf8ba579026,0.1162273934275703
c98984325495234b,0.07693890789732845
2b1acfb2885f0207,0.0554202770848376
58aea5fe94bdc9f0,0.08006018062876664
13ce2e76f9ac9797,0.12625250962874535
585b1ae5f2fdf9d8,0.16369431461153877
c02d00f3c935fac9,0.06520079481293967
961c1ecf22020dd7,0.09889010767320423
34a2c0730076cd51,0.1327572656726861
f08c72208c842a80,0.16708137028360112
3d0365b300b08d12,0.15060638098528112
7698d1646b1160a7,0.06261340621924205
46fe0812a4d6a0e5,0.07362577642388951
1992a8cfd9dcd0a4,0.1543049716055066
234824681fe92370,0.05670333702739005
66dae8fb83f01cda,0.05263792971394714
565a8741e734fb66,0.0680330556548138
85796d3a4623f1b4,0.061030224701307575
980c038df259aca4,0.05706350950203803
847d49fff22ffac8,0.16264044209266718
3ab579aad87803f2,0.0400049828539086
7c287939d256c04a,0.06950187072316089
9b56b63c1ce61e36,0.05490687371990141
2b2beb4ade849fe5,0.14033221531558818
ca97e3a639d0f212,0.07859836923370768
cdf0a515724936f7,0.06641906000125458
f0d9600d63271cb1,0.1723684701890007
61f6d6cd6e8ebecb,0.09257211694663284
66bb128d75c1a31d,0.11207059271536299
ff6ace3df2f93fd8,0.033804760348353405
174f6de5e6fd0ce6,0.1386273381778413
f629016e686c93c7,0.1282674488530533
8a5cd96071aee653,0.033835001180127215
47a56fcce1a48c57,0.16392323170272424
bc218a229f6dd8a3,0.07254689465118777
6700a0d8cc03fd40,0.12516425374436543
bf07422782deaa4e,0.1724427493631101
67e5b268a06fc16c,0.05979608463274616
775246a31de87040,0.08255173722557359
a8c96679585190f7,0.039125011311007214
85e8b073ae9d6cb6,0.11368277047369407
8d783fa9a84a2016,0.1224920387959664
afa9ef8b36efca27,0.037856645758639375
292ad72f433b2ec4,0.059079605162993626
543a382acb950efa,0.06508002686716771
97eee667e12fac11,0.050727333180100004
f1594e042dbd4135,0.053242500198242726
c4acac79bfd54ae4,0.07598076622235612
f1bc5cee7cfbe74f,0.08840013914883312
25e346e1b0340347,0.09416840709975881
53b71602a81f5c52,0.1021751508304278
6d2d4b17736e595e,0.08069339179003336
f652427f39b6f10d,0.21342103123017137
1437d0c59eca00af,0.04911967471258017
d8980b5b1d68a4ee,0.14880289677659067
442b8a915014e871,0.11322257650099
6a1e5bce20cbbd53,0.16905524228262003
ec75dfc7e578543f,0.04197769187367228
94cd35193b228a90,0.13940799252578923
15617a2281e76896,0.12076069195552859
ae22b29ad0d98702,0.04951171691493211
3e5ee530dd802ab2,0.07905921681289993
9304c1771978ab05,0.04326485829400785
635d5bab100147aa,0.0651065376663493
cf12cab6ff5fa6dc,0.11579456147785891
cc7ce49efd47f0a0,0.045254481317053404
20c507d578183dfc,0.14528432921655693
e29e2bc7c3e6ef41,0.11530070207137778
61e270d51cee0fe8,0.09098972147848935
a1cf27e43a150760,0.09920861822538268
9bdddc292578558b,0.06130507877376286
fa0f0cb920abdb0c,0.11364438439629693
95dc87b7553104b2,0.18141415057920768
c268681605733a6e,0.08700263293549926
57f8444d376ead3c,0.1427817065595604
1eb08c4e2e2d0a0a,0.11026785518277321
65f04a475e60bc71,0.11507923254026503
54b86d86b2c582db,0.06419191967579788
ac660728eb9adcbe,0.11289321623018336
9dc70760c7a65427,0.15327111920204925
707fa7577b28c00b,0.05262432454302697
dfc0ad3ac006f7dc,0.11415578993483089
d02c60d97c52824d,0.05107890099562347
68735cd4123d2c31,0.1424893565085833
e7fa76e1a52159ec,0.04963253043523229
8e2a48702b61cf4b,0.0428168980763626
7b4d442d12660d2e,0.06749985465382659
1879fdf1618adb5c,0.10627715018385864
28331b7b0b1598fa,0.048835906643369835
c27a3cd35a718f85,0.09777262394124066
003398b630719a7d,0.043178929861034936
70b9137733db97b6,0.11138508063945246
f0ea5635eb777479,0.12975655212591242
e80ca1e08210095b,0.13321793649204708
033b8feb5aaae03b,0.044307433910584594
ac6a54139c7c9d37,0.13989443653928413
ebc95757b2947172,0.055149526027850504
2fcf426035785728,0.09082641734725228
78996a14f02ebbe3,0.045437691793026876
a87e26d221511c94,0.030484718001704547
c5eddf448403ab6e,0.04388809403180949
e8da0e67e35aa293,0.07788200450470553
88b632eaf9356d3a,0.07223565322703299
85571b011c6fcfaa,0.2168734197180846
9013d63ab473f952,0.10969520070808064
960cad37cffe68eb,0.07371937194458456
e247eb8f78f75a9f,0.06192509719604443
80eaa51c4c8a00ee,0.051050148491059086
35849a3326fb87fa,0.05920986977473172
d95e6b933db44247,0.049275711645637606
c8d99c2ec6082321,0.04688277583985038
c9aea5e1048b2e51,0.13303214442370426
e01947dd147cbbce,0.05582963639966641
ae79b75a13c928bf,0.05393475025598116
ce571fad3257b3f6,0.04116333390281453
a95633f51ef3a7b0,0.04527028896128779
297c6928439e696a,0.17421345836616037
a4d78fd9f9ffb303,0.07230432254932254
2dbf5dac4bc14af2,0.1558266484403061
484f57153280140c,0.10484981601317184
db3d92a2887ed53d,0.13976945934644983
0fcc2eaacbd92a61,0.034988640204855724
3b06de421485ddad,0.12399053144203043
3ab1395e200e5b42,0.15339259081511344
8b607b6592065a8e,0.06660231822362536
a58b1c259179dc09,0.14503823121617798
a84f2ec64cddb96d,0.20285438561775243
794ec7ff88727529,0.057399465760446106
7bec4fd7e9a158f2,0.0811570928885491
bb364b5bbcd978f4,0.18339642095444258
89b648a5f0f0ab12,0.07294836233744265
63de8d6c54817aa3,0.029620744455394643
f379e9f71ba0c23e,0.0927775354626123
a4d79f83a661fa2e,0.11648157685932459
211b21d15b3b91a0,0.06220232702256404
1186f6b426beed22,0.07347235227394984
8dbf55afa93fb576,0.11630878518420151
4c37d40f77654769,0.044935471085948746
282449c18b62e5e6,0.1594122028125453
12472f1c83854116,0.14117891499294682
eb624c530d058714,0.06845337850532844
916aa0618dc412d3,0.12146592060812549
b9f7f01f0c234a62,0.18816027769059354
d6a72e0c5f8c9277,0.04591572527901615
888195334e946eb0,0.04223996537797356
f1aaca6b558ffaf2,0.06330299988543286
cfd7c6655e63d480,0.20656258798446944
d54c579db2ee74b5,0.039192481988249095
3d05c28ee2849928,0.1825226997262398
88653ba09b9797ff,0.04035538791857055
270649bc52035cbd,0.04675465759604417
164c0240a44d6755,0.06889324122726098
71d79d68a2b92f27,0.13160516118601717
9bb25aadd2b3bdb4,0.16925964723026088
b3c62935a53d8997,0.0701949460348899
e850d24192f9e415,0.039854663617227115
0834b059b33fe386,0.15877482421246406
57cca7c7ea10b6ab,0.07048579893106383
39483c2d8174f1ed,0.1619375689571728
4df07eb70c71ec51,0.17223501847811015
771b30a38c390789,0.08447153484968617
65037a69f9336b3b,0.10998237699919847
97bf39056279f7fa,0.07350860495961285
1a2d12af54623039,0.07305795553809305
e649d739e4cbe4eb,0.18754008149114498
7c35e8ece8dd52b2,0.16175576639031175
4f679f800c6abb6d,0.15528443983853474
42a8a8ccd4f9f9e2,0.034543683956813585
662eb31e5ca29cb7,0.1207914701193239
39a75d0fc9a932b4,0.09163074604083644
f80b6c96f9ca16ca,0.038824199878985347
d1112438bc117eb4,0.10534237221995575
2a23256f8a1b1dad,0.13999750705168215
e3da84e292717dd8,0.07309032280411377
b3da0bcad91df631,0.16162988154939087
b7317d34b8035aa3,0.07860217901564677
263b44530f890156,0.11834386178659898
4908216a464f51c6,0.15005528317555306
d0b576af5fedd973,0.10644934492014202
d53abab056eabccb,0.11602678183013679
9947a71c07c08013,0.15291310387725626
e3f83e6765042b60,0.11324091966090477
b5e1fe2cd612caf7,0.07464127019618257
2c979dd3ae786b0b,0.03305965013869748
37ebd133842ac652,0.1248014561295841
8d7452fc00bad24b,0.12761408665602814
be4d73360ad37873,0.08555217815616781
40b14de62d50cd96,0.3177887516964736
e8b95e5aac14d285,0.03784247387513012
545aeb4e5c2808c7,0.0390283944167199
3ea943e815e609c3,0.060668863596714355
9c3663c00fb99ff6,0.07549200765591237
6806a16705d54743,0.12077659028262547
9658ef3f8e3ed080,0.11921832963443106
72aca7fa36feebdf,0.12362411066412557
dfe86e43c4930991,0.1288279743615651
4f82ff5b5651d2f0,0.0633427183748963
d13da56afbdee207,0.11782281400129213
0dcdbb940af66121,0.05318978928346106
0e09773245767eac,0.06202000563158672
b186bc9610e2b533,0.1587334848377524
d54841a2e0a4cca8,0.1418718196130646
166c017caddab251,0.1399791837885793
a23f0288384f2f2d,0.09413605164588795
4886d310e5914363,0.082476944483142
41edfc6111e88f1f,0.05240591545916477
0f33a4c86170e40b,0.09083594665455116
19bac5bcc4414e66,0.03660494775522479
88ddba34446d1ade,0.08160889106019102
a8dfc97deea7f5fa,0.11179330831347425
fbe5da4001a21c4a,0.047952878592313584
8ea535444187b6ac,0.05423540722492681
1be66765efbe9174,0.0993402829899983
05f16b595e33f77b,0.06670283685597334
3fb3259efef9eda0,0.05715534439134469
43836f5657b092dc,0.13780985751959504
26ac42441170201f,0.16687123141111057
12a4ec2031ef6174,0.051104171967700854
d8e7f33605a80ae3,0.11722422413300793
d6bde3bc380d8735,0.10629079708266434
9e0c178f3e852551,0.1736146221356286
88a6149ecfb1f651,0.0784964545920973
54a33fc8125490a9,0.07902467489736459
2930f4f063583542,0.05807888145986785
5092541f5024187c,0.057372816043655836
e78a593c9b385330,0.0905264693591217
a09be3a8eeceee6f,0.1516528590137507
7010ac1b44772de3,0.07426562785014149
49a17880c454c7c3,0.05959086776671846
4e36cc0f1383ebd3,0.14517997981003353
ebdb25864f6ce1b9,0.047262717645078535
bdb72360a5581c6d,0.12407276165054115
8c698e0fbcb6a090,0.05462599571580206
9c350ea7550d8378,0.055898854447947996
a8b88f7bb8ca6361,0.06653861708833922
3d326c98287fba6f,0.07456513348147306
f42c01d8b045f708,0.14228198644113849
8e5d62b3ab696aaa,0.04048202632388839
6224caf3c72e7ee3,0.08093967127779482
926fddd6b2ee63aa,0.02951116360945523
922cf50522b3b88b,0.13561328514810395
7d0fb10204af6166,0.15005104995701193
1a76fbd031e39a6b,0.19835798319969952
fd68ea29d356dd75,0.055018802506669726
03cc36191251ada1,0.08930686180663655
99b5bb0b92d8a55a,0.05120788864188708
aac02a9d632924f3,0.04005843490092216
5d220b8e18201d3a,0.07219284566803473
14fc1d6fe2d4e69a,0.16626088136316627
35e119f52196b1ba,0.04406052136018446
40f1234b5a30403c,0.1214860827508488
d59ccb5d557c022e,0.1390014668871387
0c385e728de38f99,0.06921858982099416
f8683477a2ab2ade,0.16097802656974125
511fe8f39056b9f0,0.09822727918944558
c99c5d897170f156,0.09363844367207652
9d753071d21e6c36,0.07239011314022735
9e9289f66961c664,0.11394894819004525
5f8b0d75fdfecea0,0.052975586689945814
9dc13c482e059e6f,0.08680913264820714
3f87fc97c66a3191,0.16056531596950546
1b3f3ffb589858e3,0.04891796259401149
5358785efbcfdaaa,0.05869667684829559
57193bdf5b9a6b42,0.12569083107225792
4ba6c061c5bcb057,0.09658565444539084
218a85cad268eab4,0.16768991356120783
f93dbe2cfff78101,0.1046730180588099
a8481146cd533ccd,0.1395375033073422
84b0e8fa750b7a33,0.07354790704791649
fdcc76060f099b01,0.0421418270734251
300a47eca14f8974,0.13486405261125722
14218faebac40dda,0.06948977746580688
6df2c2d2e3c3a7a8,0.12579021569788312
73b49cfc1f3e9dfe,0.04492218511880256
7f686a76e0a43e5a,0.08101993336795481
bf81324a27520bde,0.12141373612229156
f5d463ec64cf0b0d,0.08687415500875433
7b0554b8ca04f697,0.06775273582030679
e1b2fbbaa6be8596,0.10307714714731563
1b881aaa4217102a,0.07967121728891075
c212840fd1764342,0.07646085267955877
ef314439dbb365d6,0.055037981649406556
1772dc13f02d39b7,0.08904026165809396
b9ed04801fc7a354,0.06192230769557248
105a3d1544b0f94b,0.13272202082836254
78654baca9d1378e,0.1778717705527676
9bc2056512b6d4b6,0.0638088450998265
09c4cf78e2e7adc5,0.07852072469353723
b2555ae21207d05b,0.13541245047258854
ae348fe15c764802,0.06235322058758769
f0124c71b8a4ad33,0.11483526778918515
b56dc4e690b38942,0.06189499225187237
f780521ce14740f3,0.05378878777597226
dc6f043604dd54fe,0.07043852161940849
e07db4ab9d64f3ee,0.13876236048190685
8afd23b140e4bcb6,0.12791535461577944
11bdf36dc7a35404,0.05633237272024511
4996a5c048b055d5,0.1404281774764083
623d8021b7d32292,0.12676054364979428
9eaa2f70288d4b3f,0.06386093522020636
9b0054be7988059a,0.06900388412257877
3952d82f6df456f1,0.04448037369087314
8533f9a63a9367b1,0.07469064780465126
391d9fb2c3bd6fbe,0.03847966044077477
101b529dd70a1e11,0.05732563310456657
85b19b6a46b45156,0.04938484424518709
a4b17c05d90ca2b2,0.0916344230901275
194ecba02d51bfb5,0.05539993571156773
20a12da2d8890e93,0.054654557954294636
2df9214ba1de660d,0.08026734391321748
bd7e307eb75933e1,0.09303541618618595
5e0b0dbe5ffe6e83,0.6390175158880174
bf3a6cfc9a1f3c80,0.08111059235102767
82ae8090ca11b2e6,0.08147150791362118
4901ed9747386ca7,0.12444016980384262
53084b49be13c52f,0.15202259436942347
0263cc51aa1acd4c,0.11201032713095477
41e313f2355b137c,0.12239916736242001
51a37cfce403f12f,0.06041113213540178
df4f484e6719459f,0.06328086932437905
de7f255e061d07f9,0.09919948520568865
741683772f1576c7,0.13357096624216697
54c7fb2af01e96d6,0.17179309513440166
24c542dab399c685,0.039514831822399704
a1230bf06c58290d,0.062360792970850565
900e15461a12870f,0.14938617264678034
c089536a25834f70,0.05147306812225791
afc3286b544f0040,0.07116226475509593
c61465243a2221a5,0.11897114054882468
cb1f20d4bb93c243,0.0759695076338621
30725d20e5558b56,0.0772883080385891
94ce3e10e75f90a6,0.03450101344655917
48d0b89d569495d8,0.10044177745853339
ff1ad6d36283f697,0.0717725438241551
72be68b75d2c814b,0.04864106928540873
e4b90062b12b7030,0.1540655865599896
d6323a665e446722,0.05630489503707793
2d37f4baed1667c1,0.12068399565986318
05781aee37a18dac,0.05686302355057145
de24d558a18a9f32,0.06603328496991732
cb44379989560ff1,0.03949418195532989
eb333ca8ccdad2c8,0.07213297581351494
1d5cf29e044bf468,0.14027205392009473
172401cbfcd665a3,0.12171853318195539
8247761544773a90,0.03619162723988545
5f2c0797f7cb831e,0.04219110252014733
a7edbfd2acdf8ad0,0.06938127379333277
fdcb685349aaef9b,0.13250278294010576
1568e5a308c50e7b,0.1656578907550625
53f5f1c7014efbaf,0.11016960443087817
e992034fc58854a7,0.06335425695533402
b1fc334e48e20c8a,0.04015267970660836
ca9f6168acd90b8b,0.04201849391510708
929bd47a71c6b958,0.19069084884404586
f7ee05e2b2ea34e4,0.07313733368957248
2f3fdc90e73536d0,0.05140593425438987
b43f6d156041778c,0.0504456134369103
6b0740f130757056,0.06150682795997081
9f1200bd8ef18393,0.07582912670798189
bf0849396acf9180,0.04893097963521864
58f62b02898dcd7c,0.08796403250520433
825b360a284d4a2e,0.043753275527662346
0274228343b0c7cc,0.16656870703222598
746ca6b736caea7b,0.05390533527669604
69cadc81ce7e015c,0.06547445112092558
295dc3bdd969b7cf,0.11699146398845255
e0c7aeb2471c9ba6,0.16840219474567864
a7c128e7baf08587,0.0855350880097546
74ac5ce19092de45,0.11056075091208337
5642496d768456f0,0.17653579731345298
9568d09b37d48147,0.12427893768707497
687eb07ac1ec9aba,0.06974758726749299
1131d59f818ebfc7,0.05845854431419582
70d46c4ad271dfcf,0.0998534572180071
333d8235e3bd1acc,0.06775985491860084
f9dc0ee30937f393,0.10410440378439587
e2e48b863ea7d61c,0.11295444648130429
96ad67d29a15ec47,0.12803758702646606
998b0ea49069c858,0.04348340046006953
cbf500fe483dca27,0.0642391849065885
32889f39f5c7e4e1,0.0716702946180613
f87241418df6147d,0.10472543165971107
afed174cf13b9d7f,0.08559345928578486
d52f3c40480519e8,0.15554118065072206
67306d595867bdca,0.04066652581127962
dc439b5c79486948,0.08099358461377201
35089dcee9e9ba1c,0.05846412906412375
61b5d6ef5f241490,0.04380021895149036
45f5713dcef10264,0.10471998213844273
2a3053d58302242a,0.04311156834080462
0998f38d4d069491,0.1255702274401471
accc2c8ae67e6063,0.042600159284604665
9f5292cbd3806d79,0.06228962228227318
1fb85b95e91ae45e,0.08675722221585708
faa0394464cef2e8,0.035169072279084695
af95309c63fadc79,0.09642563861804598
b8b45d6732b08fb5,0.06399241098157067
66966f55862259dc,0.08246995381972344
608333309da6527a,0.1380560203950687
36dc5921a7d84ed1,0.10894860171616956
27813742ebfe2b33,0.11018939467240631
211d5db960ca61c8,0.03980667294658922
5b186ac0d11513b9,0.20021047903875505
832d1c008bc3ef2b,0.15002515577766667
7d4e4f8d7d40dcfc,0.06350040195270724
f0dfb22c3a27665d,0.1545449015147376
407451c452cc5d17,0.18557365585234842
56928312feff0ba3,0.08443146566506728
9454541a6582c13a,0.06006738395704955
e6e2f33f21d593de,0.04127977598224722
eaa2910769614f8e,0.03830264719986043
127bd9796d970cc9,0.08060007409100123
169858f0ea055525,0.05902816177615469
47a3a9c393a619bb,0.051705488584765064
d25e98683c74aa8c,0.08513716644934309
4f2ec1f813538809,0.12250283190445602
8e5753d72777a9ac,0.07347868021113636
d9cef172341ac628,0.12845525991247425
d2c6b2e087495365,0.16183166349595074
5aab483da67d16b3,0.09750913267887065
ad319fa45d964c5e,0.16480260734937072
730d677b8c968e37,0.059696867148257796
b1e38b684248bd0f,0.12036634645798919
ccd097c32d7ca7c0,0.07502258494751594
4cb0f5de29f8b8a8,0.09788462584669168
902aa8ae7819a527,0.03944701174772758
36cc1fd78eea46be,0.15511305300436168
5b8a6b0aae157e06,0.15492103829456288
d371f4cddd5ab580,0.0658384233546112
a07311ae113f1cc7,0.17118202302579724
8ff382f017152a6b,0.13148622607549573
bfe18fe096f61209,0.07683625090716932
97f3a3f55f767d91,0.06868241683584818
a4058a2e4bbcaddc,0.0978930210451648
6dbcfd20040642cf,0.04411084814363885
42a6b3c10ef18f02,0.10537780932795165
9d7f6f4e136504fc,0.060761585526654636
0165f411bc818cb0,0.10945176010845963
bffe1b12bbe69fb2,0.10989749103039739
e01b40b1d6f30df0,0.16388349998179638
3201c568d1d26470,0.1597195905900227
0affa4eadbf1db83,0.16768956575539
ddd3b7b0ab9f40d9,0.14769522234148602
ec738c2ec1bfcd80,0.031211374508367078
906a954f8e1fea07,0.20564426984033338
cdbfc59fb04fc180,0.15278135621802702
2d4770eef88200b3,0.0412538838935665
3d18600bcebb32aa,0.09836626299980206
3e050322f92541d9,0.08516419441064979
1221e13593768788,0.07324399591377673
e7ea980a9b3cc8c4,0.08705802671785928
398953f786ac4845,0.14366222701709927
e8efc32edeaa174c,0.12787658356775497
49f061e869ee997d,0.0996029866905866
17668415b4ad9f20,0.06785948234281211
81e71cda520c7c11,0.12532113087802582
7c48e5537ec69161,0.0862644984475987
7b6ba45bf7c43e21,0.10415142397069908
9cdc08694020bc45,0.11159463968372596
60a026b4a766753d,0.06203186094555934
719db72fef47ca30,0.05688127862847737
c0b5b808eb068fc6,0.06791017901715743
b20616efa1e51758,0.04861886255592839
d1c2190b7e54ae51,0.04630268595357518
88d71cf388b60bf4,0.13485181517390837
c2394a42025bd869,0.1427889034107669
19b165b652dbcda4,0.14914656705383314
c17841139e5914a5,0.15038566272744328
5549a53bbf9d24be,0.1341136620176303
2da830aa5b2812cb,0.06647637187686785
fb36e8ea3112744a,0.08722139821006672
3dcfee7f0efc084a,0.1560365117941725
16a97d3860c22e1c,0.17144572329374785
6322b2e3f7dca7db,0.08797734636857964
a48ff3331f89fc6d,0.09558820571121432
e07a96472008d97e,0.18783294140049694
42af4fb223127bc3,0.048325283762375215
4aa484762f1d25ae,0.09856203427521373
c414fb964c9cbb8f,0.11333685418181604
397cb89e6ab8a959,0.14810816311647454
2e9d9d9e0a6af0ff,0.1141405635652109
fc32ff9c59a22f95,0.03098139570182317
5783d334ad7f831b,0.14447955271544036
dbaa31f9fbbb6219,0.05925761235750012
93eb228beb06de30,0.04636485970606144
482d6bc5204e5ae1,0.07106280921252053
7128efa4863f0362,0.10675625818348004
ba5809f410734a94,0.10195465939655302
a571eb5010a2e299,0.061665677872336566
ad6cdd09fea09683,0.14452813961811448
fa9d2cf12e72efce,0.13512277973753356
a8ae0f9ef30ce81a,0.11507112752572964
3b234a17219db0b1,0.05454278003840732
25b24a0734045bd8,0.17169726608410596
771f41a483c9f8a5,0.09053050359917697
22a6c4ec274869d7,0.12574663573291614
e48895820558223a,0.04611252313628663
02c11767f29d0426,0.040522835693951244
d686fd200c65923c,0.19655894575031083
adfe117f01ca698a,0.029903233249950024
69f3b49837e76dc6,0.08589151510235599
2e72632e2ea73631,0.0586158170439218
3207b91e24e27568,0.06792326429508586
95f22517cd16a7c2,0.08048662336901521
543936caa0e83a72,0.06741458895585344
58c5c659df736b0b,0.046970317578821606
997b65e2ca34d529,0.07353323078746565
75bd9c566434eae8,0.056460701859691556
14088d0f66d091e7,0.19631971347892913
4014d97b63499622,0.09869474199586797
f9d10471eb47111f,0.11383844113869068
545fffb7628e26bd,0.04505124813793483
9c45d75bebd4d820,0.038163585782872475
f710caef77284ef1,0.16652318879755038
e4bc3c14c4f4b1a8,0.12598480373573398
392b17be6354d3a9,0.08358469540118796
9cc8d07ee090f377,0.16663360191681767
b2fbccdb690a2b84,0.11919155897501395
291257ccaccf9d11,0.12912684522608706
c9022a6ee3a5d7d8,0.052552214603335985
19a688707e160732,0.045354562756671726
84bef4f5323ebd93,0.15864809641061653
a3e5e1903e0e9682,0.09046875978440307
3b0297530613b732,0.04660134311182915
ca0fa3062d6f947a,0.11446704242570115
aba2a7eb167c6548,0.1202760419214694
7dace0a49f811059,0.13332289268761285
522ed32d9fdf2d72,0.079564223076079
8771c418cc219aa1,0.10832741223377956
1b8f8b528f041137,0.0320171662003772
a9112add272578cc,0.07752512722352435
e722b584b816d2f4,0.13494172645440547
324dcb8fa3962b96,0.10636385012494175
ee84f939a7ab4e14,0.16589531143716182
f7a5683abeeb512e,0.06935704590567221
788dec8bb41081b9,0.047476899998420585
20880910f50c0159,0.12319514857492289
a55d2babd6ac6e05,0.04998373692957224
7c5af2b41b2f1889,0.10509235529753551
af9599e0e687edff,0.05905674828987889
96de608fb997caee,0.04273664574357778
ef99f60d68f58a7e,0.13113043762681784
59d2159096523cdb,0.1585692968595826
606abd74dcfa442e,0.12298521463187458
20fdb4917e7e9401,0.057901685723089825
a3a5ff27339bb075,0.11147033448181637
b5ecb5c63b48ec75,0.18786612505805425
0a039166594e063a,0.0452639114277782
62bfe04683f51a3c,0.11433611718564907
b430c4d5161b59db,0.16818296190562243
a385f4145be5f5d0,0.03487839015327415
904e0bfdad64bd43,0.14315609084172473
0f4074528657c491,0.14641198705166164
39e4468b2f4b7935,0.08402848218607337
9125b00413b353d6,0.04014123130965405
fafd8063bc5f5cec,0.13703885177693265
6b06401ff364064a,0.03394710194227937
e5c9addac3faca6d,0.04789339825736437
d12807d748517f6e,0.07031213442776243
828de307532bb29a,0.17070584907927364
2799da617b3128ab,0.04286242419740393
7b6d6ea6d9feff86,0.039663667974572825
0627c402fd75fb9d,0.15045427430525735
a1bb99f3b749279f,0.07939933817976749
ceac2c53c27234d5,0.03410388405485992
9b3de1b793447910,0.06289794540078096
76a426cfc81a4d2d,0.08219485794519926
abac3cc21ba1b309,0.0532815146511727
4e8b9323fa254334,0.11535157863500617
1a4205578a28486e,0.16089174227180403
fa7dfc3f7d4a1344,0.16235792622483758
340b1651b36c8645,0.0842658835517448
73cf2e26157ed703,0.1334509263715394
87add43c2ce1b06e,0.11110296474424654
01717bfb5b3542c8,0.1039809868057862
70ca05c9213444aa,0.10258749259429198
0684a9a80bfd34b3,0.06858870119453608
8c2ae373e2809c29,0.07545650169294366
331341a7f1c33272,0.12984539283754215
97078c12c161c701,0.0850765271564917
4ddffb1d8861cc54,0.038184098178160535
2dbc5e3027b4817b,0.11167652433440813
8fcb717c71bb3cfc,0.061872373318124965
58ed220fa88a029b,0.04219552239984267
fcad4ebd837b0031,0.05375774519523423
0792e52fe2c9b711,0.1334297888473881
576de6970c4ba90c,0.10475349000619305
930888a00b16e315,0.11695123986844258
bb00b59f720aadc8,0.1287363531025029
05aad23e028bea27,0.09641004139041938
0ccaef7346d2eebe,0.0857350284827005
bc31c0a97c89dac1,0.1416506246496532
239478b0c695aad2,0.09769423470260036
6d59238e91d3c6d6,0.10808670387861838
02b6f6002980042e,0.14052991836605305
0164fc5fb575ee2b,0.08814066113409369
d8ba5ce01fe8a09d,0.1392822851446138
173b378df818b167,0.034112880664172174
7f5edae9b09a208c,0.12433761312941151
0b5662c2a594c20c,0.12897968035063004
55ba1dbed1a641ea,0.14099879285247163
c944ecb134192652,0.1883807380690627
3984b7d478aec2b1,0.1491260231425997
f6ff304e4f459ab4,0.13414450082191484
a49951ac9b42ceab,0.07636034725085986
4b48ddb6a65e584b,0.19013218792341002
624009526008e265,0.08298290057447555
9ca1f3fd0ed031b3,0.1410384854249579
dd7e10345355a17c,0.07605265894550792
a324ae18d57bb12f,0.10429139936481951
f3aede6892999fdd,0.07382512392337523
798f779dbd13fb6c,0.17449869050046002
21481b4c28f91b47,0.054938102627298244
8529066c088169cd,0.03801847489657851
7e93ed2093de4112,0.06940696507249253
51687c7ba8a553be,0.11971175334097103
4ad8b585409698e6,0.04747581580975093
eca2dbbd4829118c,0.13979074879456269
7a9bea3f50549e57,0.09825963643118496
e53cb4d81fe012e8,0.1079864089076795
25e3af07b73ccb43,0.09066570617626483
939b59f220b94ec8,0.07322457323612265
9618c75bab14bdc4,0.16494623888018453
2ac483615d4696d4,0.17317856670491366
b357b45b22852d5f,0.047489831311765277
eed158b983054ab2,0.04853648019240213
25b699ec3d33020b,0.22532495878736064
fabe692869cbf6a8,0.0542504949766385
e30cdc55701f891d,0.13598093984783155
4e247c59738e0754,0.11219657517910697
eb6c93bf83ef9f01,0.12927660930378104
4b2a51b89182eb2f,0.1029365176477286
920800c7a752c35e,0.038290961186592136
00e3f3638706ad20,0.0907074073150431
3b68344f608e8cf6,0.054354506684654795
bd0092d0e87dd02b,0.08783838249488471
d3020752ddea13e5,0.07721059136132993
679a41beeaebf503,0.14782808132829578
7fcec9e71dcf18cc,0.06730041554314997
735724a234bf2816,0.11394937597450656
31cdf3e24ce53af5,0.10564441275694215
58b83792be0f6321,0.15659810023954435
2a84a58cf96025f5,0.04288264224545758
9fcedeea63586bf0,0.13112731878733958
d9de7aba8c682fda,0.04480271077346281
08572215a3892815,0.07920664946631435
b488884763d551a2,0.16150176039136657
c30e80405d6e58b2,0.04186642757884941
0c86a250e70f6eb2,0.09317793521620486
a11c15fcf4597f82,0.1252220625970848
2caedcb4ee1a4103,0.20884474076636697
f91d05eaa3df539e,0.1093703227222706
8bba0a98ae140af5,0.13113445956474373
a987e81632676043,0.09264804321196904
f50807d17b5c038f,0.15282221333630985
ee12454070596716,0.12634017353079288
b6e0190c3e5766ef,0.11844402112784061
a57b30735e272a29,0.036707686334685075
ca66fe2ee058013e,0.1393898573425834
1969a8349757d32d,0.09281975176435264
a5bad4f4702eb96b,0.05828950194313496
2f4ee5ef7a9e32ab,0.18784449872359535
abb1f9350d96ed70,0.060839706770222
8a663152856f606b,0.0487441347182111
5965e2be33eecfc3,0.04329435765089323
75414a1e69d6f205,0.08539745266727401
0d6362f82430762d,0.11727218537984865
cded8976cdbec569,0.12133915181279759
2f21d9cb88d7004a,0.14762168710789067
bd0809d01c93396d,0.16353477142806386
d368fd4152e904a0,0.15502301920903627
7a088b0bef4cb74c,0.06230492150362541
dad9460a25f9913b,0.16627924535547822
50f138449e3fe2e8,0.07955931135333424
53eecae41b9614fd,0.15417869634334852
c88755b5796bc0c9,0.17023875147433756
1b2bf22690f55b23,0.06877764432641292
4c0b6078692f7c89,0.11535848462907616
d310596293c8f04c,0.07872512488155231
3a724ceda4c76f9c,0.04066118437887127
57c2219b4f1a0a5a,0.1162310435441879
6069a9ccdba45516,0.09516198976708509
504a8185dad726d7,0.10178183687390788
c950477e87d58094,0.0566127930880594
9f1e86207b2be555,0.1591091182792692
69051b19215e3e0a,0.09005154390844176
7f70b72d97083c7b,0.12896968080245114
61279ec74a6d3645,0.0609048924445736
4a35368f7daabf53,0.10629773389682094
8730f5f1237b818b,0.026753025479524923
f9492b545b552f5b,0.1320594719256194
a5e99c4117b486a0,0.07991937853777409
c10ccbadcdafc1cc,0.040611294244975726
e0d15a865fdfb988,0.05904352175070558
eb916f460ee1b545,0.10276065002930188
1b7bb61fe350c5ec,0.054012945061778075
03e5516590f20096,0.08696061796357928
18e0a9eb3145a82b,0.06011633412466047
39cab30b8f09a081,0.11805988187743618
dd47b13d3aa2de79,0.042552540009030984
6a431bf1b07deab0,0.1632906326691674
2b0db9b43f8d905b,0.08700413981142716
363b638b117d0e37,0.03309292262445146
87518c28a26f4d41,0.03617215005323416
3e73b6c86098ef20,0.13645468143593262
f7580d024f627389,0.07561043506071073
626946bf85055423,0.050150473961341466
1d4ec81574db910c,0.10078423409110356
eb3384eb6ec0ee10,0.05345918929290487
ba1a0a18164d2ed4,0.055796245083349905
8736a356e18687f9,0.06733096231629199
f66ad6f9a0d13057,0.05611657233516288
6781beeb2a94c80b,0.08658191073099196
45ec50d9e9b762dc,0.050344644810227004
f993d49be31858db,0.09612759888478192
68630d40b3d8c8a7,0.1020323745287824
790d0e863cbc896c,0.05546504336442326
6b9f40e1b5440454,0.048074873273699914
5bd12aaf1d87cfb6,0.08946256873914826
9593f8af8e49622c,0.052754486259931385
7787873ef39eb65f,0.1162851466678093
3b43be2428bd133c,0.08696101568366729
51614174133f7405,0.11311157504427011
90ef1be7933c7d32,0.06325548716636042
b9b0bc5968838ca2,0.0668692622479681
34854ac0b59be9cb,0.14402226512932975
552972fc397a3d7b,0.10629984674485565
538cce811be930f6,0.17411632346518235
3684947575a87995,0.14056123057851388
3458934dca749c27,0.12524307245535812
777593519303d6bc,0.12880777402747576
c998d0d7e544f18a,0.07154644716707123
a23ad55fcdc44126,0.1177756371121387
628f59b52e0f1abb,0.14457167723116898
f55fd4a896009b37,0.055380532730930306
891966bf8125b263,0.056573571477946026
31a036f4acb27daa,0.1066007352497864
b329a2756c4e7e5c,0.0386689642994512
4abec7b3aa11b00d,0.06928355769471373
506d7e6eca5fce8a,0.061622543793096146
93767eb66242b1fc,0.16020415046339584
f07f619af08f71e3,0.19904397068644514
067779ad870efb29,0.07744795888544088
5772509431f3d5d1,0.11330906339536723
562161d24bca87e5,0.037129535792267944
f3e2eded68a25564,0.08157061618935899
4e9f50f16ba04465,0.06039832583653375
a4208a55db792b95,0.07311198221249796
9540d1c34ce10213,0.07809269616835704
3b047ea1a379c251,0.0684828660679224
90c24520deb11d2d,0.06863392248141355
174bf54853f8e212,0.07593353611285006
e32af9607e1574ac,0.052082653045594875
177d7eaf2ebe4bb3,0.03646641770787459
1d3872dea5918cf8,0.13965529312294298
b6641f418df5107a,0.09835270069095339
7b0a91f0c2754446,0.16336729049146154
3074d01b6d512da1,0.10294156047175554
a1ded8ab2ac8cbc3,0.06709679882574214
99d24231acc81bda,0.16328545373522815
ff0efc6b635f0dfe,0.08954721570312571
4b26bc2a5271e828,0.07638521076948443
323cc294321346a4,0.12593159368309728
1c5da1e20342a0bf,0.09395272852943083
4f414677966cf8e5,0.0774291598668743
a08962f7cf8ef6ea,0.19355950547845113
e6778d3ce59810c5,0.06286156136739382
944d32b8f9e9db1a,0.17117147434190802
e5c8bee2002b6ca3,0.14763403215099763
fcc9190b336ccdc9,0.057092541751367326
d8c0de2ec20dd583,0.11575392033133831
fb55a45c51379250,0.044843828762466904
d6e81f789123be62,0.0674501755208908
2653ffee6d9f5abd,0.15081847346262753
daf885e44112d6f2,0.11280181723429882
a75fbb195a5c31b4,0.20565913689336512
d6946d6a1e5de8e0,0.07113732878026818
262eea09fa9fdd15,0.0428514967272547
0661f0f9daa76a96,0.11599540091184339
3796742963319893,0.20371963085054404
b7d31b3502739b04,0.10507075144290945
ca3ab2b2441679fe,0.09871116477762909
6ff3c95261a2e60c,0.04592531773559355
296198ef516bccfc,0.03222809349021127
fd7387d23f2c2e12,0.0859924748382303
705f7c9f6f9a1ddb,0.0398319461889704
664080d9a44e09d5,0.04633528850817323
d7bfb116b3f0171e,0.08816585086539444
df7650f2e15b685c,0.11344449765816858
13d553333a49e1fc,0.04087926751349024
d60997f0da2b3161,0.047525727845087996
e3dc5b0748d9d1be,0.23245951032307235
126cc7a3354c3a59,0.05267672931010716
68c831e307f80c40,0.03554876460133133
4c10437c6f1f749e,0.169081628566184
4de56fff18170df4,0.06508987581143927
93ee64e43ea9b0ac,0.11135534709618357
622e27b7a834d371,0.21973679811037097
8283fa9a80b68052,0.06891085531071056
3cbb48910802e9b0,0.15351118997514054
898c4451fed60e39,0.10014273837462931
560b7b7af9fe8dd1,0.11660944231152076
bcc595e893e2a797,0.0662086445580101
cb2fa098224a9f0b,0.10780520583821653
9e2a88f835bbb5df,0.10518605120906321
07e1bd9a166bc257,0.1464191315732738
10fdd890be2462d8,0.04611405496330538
34a7adccbdf4dbe6,0.15918814650207924
5dca94f6e13922ed,0.07540490995445426
be032af3265ed2f8,0.1796119788861934
afebc493854ff065,0.03154035224607536
755bf2132b96ea88,0.0397609838098455
11b6872eb913fe4d,0.03548324594049711
5a73131a74b5e6f1,0.05853500929390078
a1445f34ce4c970c,0.14443919554390522
c84303c64f096b4d,0.09961857117102195
ee5a57da13fbcab4,0.14692627788961132
9e237fe51b937f8b,0.08775366094690223
04c0ce452fa54511,0.10517040094897784
e4cc4cfb493c102c,0.12107485313735875
13ec6848e5d8c7ec,0.06974702727753834
8b117511fb3c0bb5,0.16422492149957688
45109a7dafad71a4,0.10371251312748606
be5d51769b283a70,0.14283695443057903
4b049c030fc355f2,0.10649796628219435
e1b125afa19663b9,0.09320987259035884
7f5ee99bec52fb31,0.19005156242285534
0ea477a7bb524c43,0.09369292005711444
b2ef814029a4593b,0.11174301095852904
54642bb90de7c651,0.05969054393427385
5562db51544efda6,0.09882806309965163
8c3fc61ec6b0570c,0.13987828074418734
19990ada3d732a59,0.1289833481035517
d4a097538c2270df,0.1042659805291655
a8e6780d12272bb2,0.12131825647930691
0de7c0afdf2ac64d,0.09188401961255453
ec3a682eb391eb7a,0.0833629352950389
de499b3d3aa77620,0.07747933143298168
bb95d7738f26c137,0.08448409672653467
76de6c48fb303a99,0.15411840658935405
f54db052a2c1bf61,0.11898752095139986
d2b45f024d0f9012,0.14917656821183733
26693e446f60e43c,0.07172660773152076
00fedb2a014dd220,0.0874889200742159
8b353042d65300c8,0.07945485908599162
90c55b1f3ca98c5b,0.04579556046773988
b874c35d79d74f6c,0.09975993926361382
d482eb847a0a40c6,0.07548341779312881
fc4d3a97478802f1,0.08475167176853124
0a7a2b85838db506,0.04119528198668882
c697f27fe38b040c,0.06472355530875668
a4d2009627d556d9,0.12475502545145625
1c403f2124470ed4,0.056647680309959134
33627e42df750fa3,0.042941288248142404
ba9bd925e360f225,0.09188929985515262
ea28b791d0295ad0,0.10795371444133176
d149d439304c8705,0.041753597500242635
536b709bf5515eeb,0.04776551614381726
88c0a8061e7a3795,0.12976496484430608
8764acb490f19b62,0.06285764432339977
417f76acebadcb48,0.17160352959282735
475869c5be3c507b,0.09656248918126747
3ef8009767c7fa25,0.16489912410990887
b554efed5fb706fa,0.17164073431239235
84da50183b024285,0.05792672140359544
a4b1d18f46aa981c,0.048659146895400365
9b47e555a004cdae,0.07331728395306247
ef262814960ff13f,0.12322839970573568
5c0868ac8eafc7f9,0.07848421916895375
db15a0f6f796aefc,0.03904066653869459
9e813d48e7fed678,0.12373561029191318
7e45e93f027eadd9,0.13838437649717353
bba24189518e4411,0.15549596553294595
80cba429bade3fd1,0.041961272807506445
ea2c64045d0a1c12,0.14935298898174754
6eea65bf31a2bde4,0.04598415751115853
986a532aee033e7a,0.056930895541924625
d254bc6437766f3e,0.057032605384523725
3c2c4044a5a205b7,0.08544332233007555
d1698b7f7ce2ac63,0.14823108945491187
5615043a1f36b137,0.03387932229409495
fcb9321c88377fa5,0.060619934568972134
885250c55edfcb6f,0.09122961616544661
f48232723a1bd05d,0.21296941124701727
27b4eb77530a112c,0.043677085040739895
98a1669bde0eac7b,0.2111015009055404
c85cfc3341c8708c,0.04669504176738174
8043ae38af9b3ce5,0.11921211542767758
babccd7388fd8c21,0.07794206824075939
28aeae730b623cab,0.054757908053780564
4bf1da87dd838f3f,0.04095435641900502
8da93da167404e45,0.11224421146253341
4a0a3077b5581645,0.10369888503590574
bfa2d19017923568,0.08402486933908931
5f6e00c966c5f59f,0.13429303293783215
52c9dbfce9f1b95b,0.04993957009045867
cdfc3b9f626b0845,0.13197071716128028
5e6ad4f66342dce9,0.12231465116003758
42b0a534c0da50ab,0.05176273790720784
e454a16a94a43530,0.0845455694800974
1b6c9c3629bff42e,0.18100624860424994
3d4ea2f562e04d67,0.05061896755042955
e5e88946dd245e5b,0.10417635624776189
7c08fe11ea59472e,0.09214003966853115
48716b8ef3837856,0.052695840943031556
22cb220fb3d03ef0,0.1710940936857448
ad38c3a4c4f92dd2,0.05009362511999503
439506f46710d418,0.10025267211980383
e6d46d90ae71b635,0.09073651433422286
cc306ba2474886f5,0.04258490331849082
c3dbfacba8b29888,0.05228961482186696
3349746bf536b40c,0.06333835583048626
254dff7f2f5e27da,0.04116294193358073
5f715d9d99d8aef8,0.12857203946436838
28877bba74273a2c,0.04471457607647782
0837f11e1dc53f72,0.16792755838937176
700d9c6e6406ca13,0.15099130842330521
6e0d475eeeff64fb,0.10327097684289686
36ba7c400d24c8ad,0.04188852951209156
8c371f8737f1a2dc,0.19069765062847077
163b4afe1f475ea0,0.139543321961773
2e2c632a9af9b807,0.18141906801519478
a891091666dc0643,0.12008090520374361
a990b188a8200e9e,0.03443098530291072
e0da7835cc3694da,0.1121081410278326
6965bd28dc460b44,0.036668412180231105
84b4fd2717d4bf2c,0.05422959173276775
0544118474e570be,0.10058767099961438
2437b2d4a2e8ae82,0.17295846373668533
647299fb2ba00e43,0.043777219992926435
7372537f1eba1dab,0.1603276008531628
8854c27e996efd14,0.08804461652040062
380235b034a986da,0.15779274761100837
a2d407f16ff373fe,0.16421257609890608
0ed19a3a868aaa3c,0.07974867244037266
c173b6242dff9b1c,0.0835110823714364
2043889f64f744b8,0.1118770927173254
19989bc6ef928517,0.12893538813904543
d0665c65b0cf8d5d,0.12061740086567733
2b072792e895a81c,0.050192849753256774
c531857150c9674b,0.10392882020701326
bb56bbe97134a4d1,0.05329497881838592
3e062b6117c4918a,0.07743110740563952
a58a4c24d35bd7fa,0.1340827822804376
4ea7721e8c059b2e,0.07255498569042476
32a75809119cf7bc,0.09727161244681687
e4794a0287930fdc,0.06529158279442218
028903129d296567,0.12001220158767913
910a3bc19a45f893,0.12809871945654885
afb4e9017f94d52b,0.04175837538813175
8c75ef81ac907000,0.11138244223932271
de995213b69871cd,0.06166863402793146
593b54413b1695ee,0.10631006352206943
d68b798f72ec2a7b,0.04169472875979571
2abd97afe8848116,0.04928885055931498
b80ebde982296428,0.1076062548535267
dbe8ab13dd1f44f4,0.05242726940384965
db6b5f2104046f55,0.11717611492016154
1f67c146861efa15,0.03819922941045816
38f490199f1306b5,0.05814431321344924
dce69a47bd1feb56,0.0702158485348206
12cd790efb4486a6,0.14718741752092881
d5806dd0784560a5,0.04242584549597713
207f45be2fb83671,0.1518963456000651
848e2c11fd115b35,0.12628005208954357
0f9d093c9db25458,0.10638837097936854
13e9da15ed290868,0.07965696391585783
8c584f6c1538beaa,0.02893939484737384
5fcd3e5896568513,0.15622925818315372
aa1f013ff05a59f3,0.09081391454584753
eb2bbf6f740d132f,0.04543012753684754
51fcfaba58d7f511,0.18583513513000338
abfff37a1f178105,0.13659612799482168
918258103a71c3ab,0.05869398976144503
99beaa8c134356ed,0.13763914852769957
f3d97c979517c08d,0.11698041408625937
577a00d787373595,0.14111603094223887
d71bd663eab2681d,0.12857101704538218
3b59c956b239b3db,0.061139812437125046
9115eeed93f30a1c,0.04521338998725798
3d992bc625e7dad1,0.03876398008597587
4db07f6033192f9b,0.0583026754268559
a58a45e9afd5b405,0.13243441902843872
519774a276bdada6,0.16544994772744948
50bc50ed77a01d75,0.12151487009857724
d608451c67dc5cfb,0.08361988581521124
2856ffa4f0a1ce80,0.1307276553602434
2bdff8f74778c4ea,0.04496430004500151
068acd67c99550cd,0.11374030535861568
6123220972766a4a,0.08543237961462385
c4d534fff3fc5628,0.10238678598468394
9fc3fdf14ea045ac,0.09599912383710227
3f86edfd0be75ecf,0.07830620639931515
c36573a6175092a9,0.11926694722827035
7c4df8c2f29666ee,0.04610358145595303
3c791b72118b74a6,0.10513391583682223
747b04b604c95fc1,0.05238476130383521
e780dca0db5520a5,0.050400493990922134
af83daec6d450e57,0.09615537407039994
5d4ff9f52e2e4f34,0.13049274791578844
b2b8e551d87be54f,0.6019897315684167
203b6e0e0fcaa971,0.09038654083363579
eb36b4336605a7d6,0.08991913275133384
14713adcc060333a,0.08884942424036023
251c0c9a3789eff9,0.15016998346567526
0d0e059449af50d6,0.06277723007810776
63b1850f6f5df5d3,0.06950560391975492
90ace0c383247390,0.04679434608520007
1ba1d1cb2d6d1bb9,0.08100368572534683
dcb2cbe56ba92129,0.04689489466726473
88b8fdeb6d82597c,0.05616863605370036
0ccfe20a4b77ea6e,0.04688885515193837
3482a5b15357f00e,0.04846643108843662
6d71348fed8b9c4f,0.07222187803098817
f8723e3306bf7c43,0.22274035547387908
7ef77b74f9baecb6,0.0634328860563037
bc80f01834269376,0.06497368637446141
18da383af4fa3cb8,0.1611458273772821
b474ff492fb9a94d,0.05314445683045769
d157b8492ffba0dc,0.05554294548682755
cbd2d4eb5123804b,0.07568083891161237
0f9515404031e965,0.06487752402468722
4f1dcb8a1669a31c,0.12485463744078035
28c27ce346a7a7b7,0.1672797967220591
58928eff8cb29089,0.10181391704297074
8069cea0e02052d2,0.048845634715803735
3b583c05db5ea4a6,0.04116248392655346
36384df41240d0c1,0.08235081006391337
15e9a245d6d06a3e,0.15918788559213173
d2dba561c29b817d,0.10258520414344671
2a507f7014709986,0.15799086450903171
a27e43abacf3b1f2,0.17853935653638398
686019b683e849d6,0.17653777831803
9a3663eadae7822e,0.1274674588450664
f4857bb0e0b52a47,0.07681567928703696
29f988f929e638a6,0.06147929550646496
cc08f5318b40d7b5,0.06355192311285979
3aa8c59d9c5dc7ac,0.0923090025262473
eeeb124ea0b0d51f,0.06497530524328957
c422bdf822a0dc56,0.13213012769363208
98269904767a2636,0.0602458713815679
e6cbd02151c72662,0.1474132737013435
5e7bd880681d9f61,0.10965918780331672
fbe456da262eaa3b,0.09061195514115072
dfe3e7968ec080ba,0.06988634729865158
0e9ef351ddbc9ab1,0.07196466350056405
2902b3339eeca5e3,0.10047736500559176
a7137a063b883e92,0.10971964302615113
b733ad3dd8899d06,0.06890371465709491
44fe9234ab115e2f,0.1752595594893296
000b03fc8664c7d1,0.044556848367160604
9020a01496eaf633,0.1307215111097526
53b7a21b0f4cc200,0.0471643476641134
20cc306cbb1c6bcc,0.13820469871939167
debcfcb981ae0125,0.04961903493046835
802bd1039c3e6a1b,0.04277860147258334
5f5c21e0b6a4d4a7,0.06995433079967803
4e1d92bfbc009b58,0.10874050844220998
644c03f056f3bf9e,0.1365861081922685
3b4855d86d450661,0.04585187569502865
dbe1c9a9d3e563ac,0.05971451470897735
2fb49e6e63bbe8f6,0.13045137174048432
2347ddad2e1b095f,0.08466940460954603
e315a627d1ca8573,0.1618852015358088
0558a476ace81c15,0.0992391228792334
4426fc96456aa43d,0.16615496970685634
ee5092888f963b26,0.07259578496203661
57886ec9ac1bcba7,0.144526705044772
69e1947ef1a19192,0.14210207295273244
af29d6fac97c87a3,0.07209299663513745
6952926383750b48,0.09278218222419424
b6e14b919c7ad1f2,0.05966661071797008
8d09ba7da0267580,0.15413871127956993
40e7e13ba421c25f,0.054651105003143935
c3d8677083122b80,0.16541794526919057
e41366313db49145,0.055547519338009194
ed95e31015c5959c,0.10500403553952982
64f0bef89a702494,0.04442190889081804
81918dc774b899ca,0.044051499714251485
dc9dc895fc8368b6,0.09541973931218109
ea0dcc9add9ba8c9,0.10926889758308833
c45a009981cf2faf,0.14257051973286167
ee4eee5c2cad18b3,0.05548164229507369
4b8886ccb99d4b95,0.09101258620181243
a11b7637d21059b0,0.06025551093731629
ae6bfde3685ef5dd,0.042177520237532844
095f96ba3b90f727,0.09958561950792513
c800465fabd83658,0.0483552155166315
c75993f60039bc22,0.10634414473721263
15b2e13c51d54758,0.09322005308177841
cef343af7e936391,0.09655729050365366
bb9e37137f42fad4,0.08699853430316265
b6f54b152f0f2c28,0.09614097382796459
54548a1370ae962d,0.1137409109583772
774675091e96f38e,0.04121548777111639
64db0198c907fdc5,0.048595489621271123
ee3a2eba79a61cd2,0.05969542200205212
d87ea92ca2504e8e,0.14786878255660138
493f68967d2931dd,0.06891738965532253
33c5bd3953cad989,0.08895586563990973
31719675e9834500,0.05409660871195462
283d0d3d8afdcd48,0.14391806251742817
0954b46131527b56,0.04685333179768654
c7f99cdcd74ddfb2,0.14707934101171832
89e81b0750c67025,0.1176161481825648
ef2e114a293d6051,0.0577405546927833
3eaa82eb74b0d2b9,0.1781517450496241
f115b5827c53fdae,0.15970848351640066
5b981d50572234ec,0.09353562617398284
bc2a7ac2fb6ad312,0.1386410031715199
cabb5fa14742de79,0.1677953966593999
9dcd899d3120d04e,0.0480772905363344
5bf75dc153469005,0.13389087929102506
a99c57a3cfd238a9,0.18862424393708943
7d3c73f6e6251236,0.1335980433979464
79c824cab095ef0e,0.08677938531293157
50457f03b19ce000,0.13636333120518987
72ea29c850f97747,0.08766161017631259
949aabf35ccb0c4c,0.11311458773427435
bd3b7b9b5cc3a346,0.09833119963403433
581ae7bcf533000a,0.04987835850510967
f944b728b8eb9aac,0.11472288796287214
6add937f4476df2c,0.09764218565347849
478be273b158fbf1,0.046825334674467686
43c1856ef31d1073,0.17247883681445894
8f97466fd3810c1f,0.06979629488984068
3ae22b8a964781ec,0.09251800687187817
82ba55bfceb0ffbd,0.07838163557973782
5966bfc14b304d05,0.09507455357197075
eedd90867e3cd9d4,0.03085783505265973
99db9ab5fdf84102,0.04279426343554498
6c6761878fa11c78,0.11800492845789264
731bd2e8496a9b0e,0.046444496691321516
9f1fd83e49b82f88,0.14753086611764948
51a2cc12286941ac,0.13538932047590388
7b60067efe8e7c4a,0.17579595054095282
7ba8d7a5a2f30106,0.182251422934242
677aebcf5c57a29d,0.08373555497637927
c2e6810f10057ffc,0.10181101605048233
f770bf49e8b32f7d,0.13847426142538746
d999d97cecc80f08,0.1375753474667697
225695249568ef3d,0.1564638398834437
64c347ce204607a2,0.13780361500811014
8b972fc1665f8aff,0.05623012092507276
fd3a180f558ad235,0.10428219654104001
f24ea2f162b99780,0.1259371726149795
71edcfb193fa3be3,0.13461045948895267
4507c7c846e862ed,0.0574475556732453
ac51d145f495fdf8,0.10279559863441888
3ab5c54552e9add3,0.11642299730264286
0e545a1fa4aecf83,0.04969761848973718
19eb7f93e53f33d0,0.07642884949567468
f4653f53352a740c,0.11035520113623137
c716d718820e66c0,0.054492666649217716
a8a2778b42759e84,0.13989214183518095
d632ca08f997e38d,0.046204929764142984
47c56ea6034205ca,0.04769496213997822
f436395245784b88,0.19134334773960998
ddb7078278325022,0.05381631044730916
1c24525f31c1953f,0.149325307238573
7c7e6ee56d6ea5c1,0.17417450291634673
0e67b9cedd55f492,0.06460841768967293
a585afa6cc802221,0.06641219361659105
132bdb2d81abf434,0.09509979973905858
cdafcf3dcd774b36,0.09436831367923906
5694f780d2c8e463,0.039470669205401265
317ba4057a04aa16,0.14805716650435596
a92ae25f2defd1f4,0.1247626804107436
ff0073be9d8669a3,0.1664778221729905
2c4d6fd16e7da4d0,0.1171966714601976
e8b93ecfcfcf69bf,0.0967643904297722
aecdf632644c9922,0.14423240276235763
0f4ac8759cecccb4,0.03716000198776638
ae0ed79b3f56091e,0.11283142844576363
492dcb545fd160e3,0.08672549654146028
b6feaae9a6963540,0.07026858895901064
10bc80bca38b6418,0.06940275719594766
d8bf52f15b58b474,0.05252786981186772
d590d13d8a0daf0a,0.10495760732069917
bafce96906ba0c73,0.07073277968193215
15a89b9d9a174795,0.0921826744322049
3c895a00e202bc6e,0.1467338061692059
62100baf87d531c1,0.13723117225909792
8ea52f2642c87cd9,0.08140242312564536
78bf3db367f46ea8,0.14256364274376057
7303626be6419b04,0.058724770275715134
86f2e3f9f88bf00e,0.1662736996983925
39921131b7d48cf3,0.12262502714710802
7c06255c489ce455,0.20260758557507905
2a0f68fcd60099b6,0.14187435567441675
968f899504b28211,0.11508842143810216
98dd9df8fdcb29f4,0.07624692335547333
ed55728c47c8b666,0.05086723033334857
0e54abd540000681,0.16767502382385785
2687ae2ad26c6497,0.1196996054326167
afe3e3f4edc8f7b7,0.09037886237480137
3d8ff2a3976b69b9,0.08271483115799091
13e6deb5f77cd1f5,0.10981857916634645
8c8711be796262dc,0.07320185301411726
8eb1ab06839664b5,0.06865375811099715
dbd58b32bf776c26,0.054877216387366076
4be0c2fba004271c,0.12103677651017959
a0f6b49ec1b86bc1,0.13303526042238317
3b33e5fb16341fe1,0.11969961604973652
d39f326ae61cb937,0.0380160169684422
00e28c2a11d38c61,0.12888048255095275
a55c74a9759fd56a,0.04601632193462103
8bfd04b0788122e2,0.16541652375394095
895776a9cf9c8d43,0.08335421997359233
7ff187535e206416,0.2058270243024026
b2d991e4147a68e0,0.04148199563770474
b62ae246269c58c4,0.17467577026944162
b8af731f19b5c84d,0.029734630002373176
19f5143484b38101,0.10684346353919275
982f6a3f1bccc6d4,0.0630862600909384
2cdfb20347feec4e,0.17727314678645117
5b2d62e736467c16,0.07815450799414034
f85bf07959deae92,0.05947403843420311
8e923fa1dedcd01b,0.09968894931862657
93b3dea6a99fe31a,0.0928387000010426
8bc3af23b3d5ba85,0.05711219697005771
91db39152bd6ad50,0.151777825421291
d911a9c74b505826,0.13556138049369407
0e53e628826772d6,0.04074105169338506
14d7b607e5e3f0cc,0.07691724615935026
f3e8e3469f0aab7b,0.05183745293555644
b9c36eb092bb275d,0.11756003165865561
9cff3e265921dfed,0.10686980457082745
585bc81acbe5b1ec,0.042457791019752555
15f8e68c7ac23dec,0.07070797265103948
a37b05bbb09f8496,0.18078649978700004
4f31f80a263d61dd,0.05009297330092518
6a3987a9bab31c44,0.04503082809525773
9f59a5ca5ae6d119,0.087276006446007
afc6cb824b3596c7,0.041669048538428885
64dcbe6f4ac8de61,0.20265235592801267
1fcaa5c3533f63ca,0.06800634990916246
a266793e0c2619d2,0.11951008785790951
598af3378495839d,0.07805724987851621
b40ecfcda1506387,0.051453163671541534
22537a4c1f1cb22f,0.060586904680082806
8c5b78cda30c225e,0.10647262030425245
3239189122d043fe,0.08515376040078457
4b34859a41dd8627,0.0771921152365053
7577c8941b2e888b,0.0415074309655552
8ef15229dd291883,0.04120865529580612
3332780ef14cd99b,0.13095646444072023
f93d1a6ecd62d897,0.09256382365646404
9505f55ac00dbadb,0.1692316184003423
7c1831bf48bd728b,0.035536076099042274
17cf81ec2dede54e,0.13814133362562653
e84c6f3155ec9762,0.16399118179111882
e894ec9e0ac2e7a5,0.17407832715167515
c307472500eaf782,0.16426792140000096
96de47679c4cb6b6,0.05443843410524492
e0dd44e7040c3168,0.08669501597474348
bd9e6bd2fcf5a54e,0.1282049485042964
0382e0d155285962,0.09183232951725209
509eccae9abde09a,0.12942595952493258
f2147e0be04acf5c,0.13822495416350816
f3a6b01cc0938196,0.1484571790522482
c1956069b7309004,0.05941273285919356
2292dd5e617286e5,0.11979802463681748
3644d81639ce9f29,0.1393902676763301
4a5bf3e5c85dbfe9,0.04937720975122055
095a4f241c64795f,0.16133806415376317
aa45545b6df75be3,0.10924237145760049
ffda21a7e2973492,0.1244400856891633
662adc1ed3e8fd43,0.10348185249968343
218ae6cc5968ab6e,0.18930068006626577
316379f30810e1c6,0.08686264381255429
eef8a37b8fe20ec4,0.12820893198709485
d9a0aead3407db9e,0.12371385777920614
f0c65e7320950a84,0.12996926969977862
4625132a59dcda74,0.14614836746367926
ab1c8b0c3967b656,0.15914355694146343
f00224def382933b,0.11238413847628395
090051f10ebcb768,0.08447937840290692
2a0c37f157e82f1b,0.08662601794883018
61914ca3afe42c15,0.06082995189929313
a9fc0e9ff5b0e706,0.05042751291324271
f548f7ed3074067e,0.07874654416665422
9aec70578372daed,0.04609106209935239
fbb0734a4e985290,0.049179150780918286
a8cd11786e7fe2b1,0.09357301832900528
6a4338f210f336ad,0.077392058415646
cdb63c81014bd072,0.08035275756336933
2c5a98b60450efca,0.07470234845889034
2337a75838293036,0.050358672658732596
a0ed386ea018cce6,0.10907549968081895
db76609f02b3bb31,0.12006522435706017
597bd387a63987b9,0.18513586938795626
bc7571c47a54ce9b,0.08369876404916746
547510d3ce221301,0.1269955249682515
8e84181f60b3ec91,0.085411219903309
13880ba898b8f597,0.15519142863085678
9ee1fb0201512e8b,0.1762835586860108
48aefa3d80da5764,0.08288191853200066
498d517a667856a7,0.10823803076558387
f07b0e35881505f2,0.06452186426022892
1df225f3addcce26,0.034759638764962394
84a772cbe6d216a1,0.0745254596007695
f0e4a70f82f01004,0.09860047635028825
3b639af3777f4c39,0.03819683785117895
b9f77a4295400abe,0.04199698100483981
7d646e2fd78953af,0.04283408228899045
4127b246e0beff6c,0.04208138116611185
2321d1fdb21c809d,0.0670466558198986
9936f8d7184f5e10,0.04101243624189578
e2e9ef0520d08656,0.05195053920147742
0aa9b948dc8766c5,0.05256984415705124
d96df85b5160b1a8,0.06268064610927707
3bef9584524abbef,0.13501793388014757
806989faeae50571,0.03963722883701602
6fedd263e1290110,0.13171256148540128
5762314e60a560e2,0.2011256921102268
748cd550549c514c,0.08600179928286766
58a8e997e2757de6,0.03538002905747271
c13887db4b2ded8d,0.13276425008702553
eba0106899e8fdf1,0.16617763269687427
a947c7f89cb176bf,0.19384649953625277
4ac4a17692a2a70b,0.04030422397258988
2fa4409e1b6a3d85,0.16984814652536973
a783eca691369f3a,0.10148436194268602
e6e45dc137aa0511,0.03764505007147992
c589fb4e517e579b,0.08148903984442687
0535f48557a68402,0.120012130833627
48e423add1624f2d,0.12315538963460995
d20110b1a6f20e55,0.04958684473508595
739f7cc76c78d0bb,0.13692398456814342
2d439083c11f62ae,0.11396141573997731
0c74bc780e465296,0.0574818572125344
52294576789c8ec1,0.10856315822781615
99b2421c51d37084,0.04896429075986129
de49e465a4c970c4,0.18540241174277444
4c88fb93b8d12270,0.04122431304325669
dcce15e3b59d9796,0.05067714233061086
b8e0e09067432f1c,0.17736377578680754
962f882f18c11d46,0.07303913905233037
34753ee28116af4d,0.1278984322623169
7c71a6fe87ccd6e2,0.04666483705620354
7ff97e6a175132ea,0.08977014744582558
d84022bd67943384,0.0994357110603109
c270a677c7614aa6,0.0659103243782118
1266e1b58e87a761,0.13415316116113532
9fc631524aa3372e,0.06163226176155241
88da969d80daabce,0.14713604800358926
9c5cf1807334358b,0.07180709447680123
0e5706f9560fdbf7,0.07415776167738264
d9db7cf658a35e31,0.10896788108517885
38bb0629e63b6590,0.11011307951044058
726236f75c9de724,0.11502607190366869
47ff559912cb3714,0.06224522982062044
bd567ce69cb8cb62,0.05417607790791468
6b7338c16e1db627,0.043737543532036925
2e47f13eecf939c0,0.06874986869464689
7e001225afcdc58c,0.10953145935082752
b0ba287dc9f94b2c,0.10435494957415767
07be300260466f0d,0.045858935304369734
49e2abe2ca234745,0.14068558741073312
bf163922b4b12745,0.16510125615020751
aef9d385e9ff8518,0.1357552661183434
3e364e82bc780650,0.1884552997881664
393a9aece2867c5d,0.08903263172236825
b0519105b55d4bc5,0.1332670085796499
c5a4b1418dc4e412,0.11446073869742424
ae000e40b4cdbc49,0.0641133131801437
bdb4932474ae13dc,0.18320488806371354
54ab20f1339d0955,0.05913989807494448
bb6cce3b0b6744fe,0.05823428890924029
0d04ac4d48d1e700,0.19194248176185477
6e3f51731aaa2c77,0.09461105783714813
783b7b163b234e5e,0.13584284650790082
bb6501e8f6ab95a2,0.04469416169954461
e5f20b7a540b7472,0.08389006655731707
726e2ec81830f724,0.15648256634873697
e8dc50204900e975,0.042716327104294946
1334006b9c4f4ffd,0.16272315904855222
3553330b5c7e6092,0.12328877263107785
e1a3e161c8b2e221,0.07521424100053758
44e747740cb4260b,0.03861768998981945
00202304b4481207,0.137994682279669
931eab5e85d6e3fc,0.05021388315793721
e4b8ca3da3eff8e6,0.07044561572382739
103e5a44f9c30ed7,0.09437290759653555
448d40536e9c5670,0.08835063785732593
1b4d4b42760e781e,0.14412298051087222
e0b110d4f6844bbb,0.12844544599852806
0d928dd7f13b92dc,0.11976857939821517
1bf6e2dae324cf0e,0.11838798935147613
b2a17e2a9337f111,0.20671897066242673
564d7ef8fb681d94,0.07769568354743756
a2088d882fb6d77d,0.16742660477409893
3fe22caa380445a9,0.10908380410797244
2b3c171024a98155,0.1512237002283779
2014d23cd7792183,0.12136398523228642
fc996643d63f02d7,0.06126938509061663
c8d5c605e447f4fd,0.09018220546590143
634298df42266b22,0.05657535631626012
5c8cbaf8b4d39f57,0.17979990044810196
a688ddfeb76eb78c,0.18381820855878372
85a12cd29f47007e,0.047328141611747365
a5e1a3f8e312e1a0,0.03597177808386355
29e076c93c2b7fab,0.16087766961042727
71b7b90e9a0b70ae,0.12472330337232515
11583aaab15330e4,0.036316272412033584
5b34705855c1c880,0.05963455623329812
26361ce2a06897d2,0.06146251247514898
2be888bcb74be336,0.072945676057923
fd96abe884c43d6c,0.16341527861165284
165fc0b6a160dbd9,0.19306081993292049
b8c8c114a79ff453,0.04959532648401967
e22746fcf084642c,0.04071279772225276
3fc60942cef4b9f8,0.1518983024845431
c78a85aab85debf8,0.09755561927151249
9c2166227724c80c,0.046292700350171676
e0291b12205c2c68,0.15781835223040608
307b5de4b89748c8,0.040540785840932105
b83469a7d7ed138a,0.16096598248353008
4726c5e084cb6f1c,0.12033954277155164
33795c308f648269,0.1913852965862356
d44b56532551df1f,0.1453009153769323
7db689f550f62666,0.0799856276131256
c64b1df6de24f982,0.05005405058178482
d9685a6aeee511e7,0.06296098459559889
2c867c13048a2311,0.17523260712798772
b3f36f5f67857959,0.07171207047326517
c8dbafacc0fb77d3,0.11552604804911479
3a1b2137777bcba5,0.042971632156301044
c9627e77fcbdd360,0.11738392235671204
cf4f6641c91382ed,0.07676551075594396
fb519c3fdb753245,0.19906379775939542
035449e62c90677f,0.09904825587588073
5201d1bc5a7cf0ef,0.11242612577400266
01ef09b451cbddb0,0.0926116446251346
b98e367af7c0158c,0.04197995688754345
bec6844244ad0aa4,0.10283097905800624
ed82262b135c6e4f,0.15623651738483996
67637bf7061cb7b0,0.04402781794901349
96ef8b85b60392d5,0.18014765233909252
fc1b0a61b9dd082c,0.09811685093311887
c408b4beae948cc1,0.07622402501122454
f26323206d284ed1,0.10501552909061368
9214caa6c1a0dc02,0.051966723505711625
591a28a3c195b6f1,0.15797303416128683
9cd8a8ffb7a9e96e,0.04441500131224227
7ce580a49450111c,0.05978636295186615
abccd8c43775abd4,0.05318394563465011
5c6acd44464d3db3,0.12940957123592714
b0e58b3d4a2a773c,0.19992529222077937
eff75fe4ffdcb49f,0.17775207672175708
06ac1908fb89960e,0.13338908610294264
6e61df7259588c80,0.10038647686495315
87752778bf4206ba,0.12553704962425916
2fecec0b55303222,0.0742139008902172
d57c0fad9eabe24a,0.13646869487721563
93cc7546b8c345e6,0.1934713332337417
eb76de6938c4c38e,0.11708617980854913
0e733a579e63472e,0.06577555744137199
e7dff8305acefcd5,0.0635388268364245
23423479e34fc441,0.1611451893490914
3f66f582c2bdc24a,0.08622524534607466
d312e4d7fce5fa01,0.12094275297948473
c04cd9fa54077b8e,0.0700195677531642
04b68ab2f6458e33,0.08990033603049477
35665b0fc6847811,0.13086085945791892
9028f284365c7863,0.08568264022853618
fa23926a88284b39,0.1521935255303274
ff5e27f506ba1ffc,0.11933689672617251
e6a04e92205e9e33,0.1456780287553947
934c2e26775faaec,0.04403146338543789
35403697fd72709d,0.09066408245117487
fdc814fd85f237e4,0.141486142388243
bf4ee2f20859884d,0.060125831514995044
d2d10af48a354c4a,0.08855959734809478
a38e463e1b086d42,0.12336023245344921
ba49ce0117002110,0.08798742507965868
d5393f1776772d2b,0.09560665573862387
80a6b6e9f65aa3ae,0.08917580408515034
d84698a77b768899,0.03843026939145201
8d09ae0709d01465,0.1700412121744289
0ac53b64e16a0efa,0.11602949468221989
a632a91a07ac8406,0.13422741679467098
1f2437c787ad39e6,0.16852545829698415
beb116a0a3ad4f5d,0.15444883477834542
c38f343ecf8e9527,0.0705892744102947
d04bd8d61ac99c5e,0.06717365019635477
6a279faa81d0684e,0.08840543950993537
1b49b1154407ea05,0.09060436014910044
b71746f211be0a24,0.03496181692999875
bbe0b7fa6d60f17d,0.15432681102981072
c9117e785fa1cd68,0.04571823317633707
a700a6b3a689a18f,0.0758138057777182
d998a004d828aadf,0.12703986791695665
54cfb8bb56897eb5,0.14735178962399043
bafd504785d302a8,0.16900016342837126
3f45db97b95a3352,0.0670456667418764
2364a75ca729f899,0.15793740805662862
9387acf4770f549f,0.13176427221696688
a434422326289b00,0.039841135647907804
8bbcd05afad8573e,0.21378941742097668
82fc48f10b8d7cc9,0.06000921893472322
65dd24b31c0c4067,0.11884427540924014
b25ccb8b682acbeb,0.10964534915806251
291117008b4408ee,0.10817963762273407
aae3422dfbb55bf7,0.09052839859233723
d436224afb38b7e2,0.09543777257505111
1287c0ffa2f14635,0.08122815820627055
4feb7edca163def2,0.15798795765735466
00df2416e72cdbc8,0.05515869787011851
e51c757048ea36b0,0.05180001356206432
59e45992c3fccfa8,0.11104303848782986
7b44475e4e2e3b92,0.14889206306182573
be457ea8112e2391,0.12187272611121243
1e4fd1293a611d2f,0.1075953212999032
343371989bd61c74,0.13352166310201474
6bb985812e990044,0.06582714270700862
c0be9996bfb5270b,0.0806298028002231
bb367ec1a239b8c8,0.114378807163282
91fc9ee0920431a2,0.04696479274431911
82f2985fe6157914,0.061440721440779694
eaad7a9709bacd50,0.10872689538171101
1bb729bdda8eab4b,0.04330400791721528
35320f198f2157d7,0.05167755932254771
74cd9018fd2aa194,0.09331530788338843
fd091b5e49f8138b,0.08436916674443493
917e088d530b042e,0.17103080218331768
b0e606a7344aea7b,0.13192298652401768
c220230ca6b46d2e,0.09270557066814972
2174f0850e20c2b1,0.044213817692645846
3bfea4a031f46e50,0.05090115183360395
22199945c8b6f01d,0.15870960908301163
efd4e993a8d94f5e,0.0869021282154607
acad3b0b2e72b212,0.11704185876399906
1a33438ea9b6ba09,0.08611362264431432
c9a22295bdb2b49c,0.19919172026185336
0a24b5a0c164f36d,0.08063200821638959
12b662eae7ad89fd,0.07138294994826919
788a4a1a340ccebd,0.1703830527288661
0b6ebec97e53c571,0.07310151431824347
be4269de80d8b34b,0.2067254347906075
ae99dff2a596c7fd,0.15692899477575062
1cc563af87248566,0.14128727887476175
95b03e2a8add3a08,0.08936620713817925
bde7f9ddcf827170,0.05064918998579673
e24c4af855561b6d,0.0891186104056246
a1ef8a44aeab6af5,0.22519780007353207
2bf2e0d5f713e9ea,0.03962615917660394
6585c55605f3d692,0.14724598571697808
4a44bfcf3c8bea26,0.03743232341581301
78a21d5aa40bf4bd,0.07193665473213576
d208a68d90d83d1b,0.08444633244616465
fabf07be02cadf0d,0.14241463275174032
3fc8a4ec51114a77,0.12911408681293254
d8da2f9a640f4e03,0.11913879625117288
f7a8212a941af65b,0.026460433880786075
836c933a5cb4ecbc,0.15159011509415662
e292f252eebf817f,0.08241390505757151
ae7e8b931e0ade53,0.16621684494128813
c937062a293ea0e5,0.04410283026713959
673793020f42eaf0,0.05120183264537597
531a753aa5a10879,0.05957491705640658
65613b893147c771,0.13923761148410657
a3609d34533ca6b4,0.09224230808310875
c9eecf5329211123,0.10832181380250083
4e6d4f733588a212,0.132937602685077
95e0d5ddca2118d4,0.1790360594974646
4b071534952c920b,0.07530124755523881
f333221664eda263,0.06593449858036667
8627e41026f74eaa,0.10094922917393565
789f4695cdd6a417,0.09775819232731034
908034eabc372b99,0.06314148693121036
984bfa387795ef76,0.12726194763150858
91c8e8e6f637fb1f,0.12619347719391083
363aeba9c072e960,0.15783350902766616
5cd6915b98d723ff,0.10127939965593138
20f027368dbc60fa,0.04538353318394829
a58841827e8017bb,0.07051915395083896
ad9e6a299aee4827,0.11162529921115691
fad46bf569ac7443,0.10292922337850963
0bdec115af64e996,0.1090216352629376
e78e15a02aa6163b,0.18970785091106812
94c1b40d53f1c78b,0.08523652235902773
c1dee5b6d55fd7c1,0.12014064804274535
502f0c8494138feb,0.03793445154244245
316c5e9c86bbb645,0.0605430843861808
c5624991cdcf670d,0.07045422861428147
e000077bf8c8b49b,0.10118628000359338
9a36d5ad49081233,0.04548638756700216
e4ac16a92daba7e8,0.1284801339269648
caf1ce5141ffb34e,0.04111123794528663
d07bf091bf998e0c,0.10695572870882318
f230be64e9f003ae,0.15521199894089105
fcfe55e0768ab257,0.05587227038655203
ad04ef9c94f25ea7,0.05957235548352696
b6c3dc163008115f,0.07225511625266288
2a0af6ff3489e003,0.0757043035385421
5c098958dc2a26c1,0.04064306037251214
a802f6f7cd6d7b2d,0.0813458565012503
f0897866ed523f60,0.1172306767386572
3c1071f1773cc7f2,0.02803765167599065
5fb77ed43c58e517,0.060104601359784654
3fbcf72648af3500,0.07822457571521463
64964fe3e34849fb,0.06878413829655801
3d3b19b2da76dc78,0.1411432702430426
69eb4e47c0f3104f,0.12526231389068113
1b55daf09e9f129f,0.08055958777167492
853fa0b67eda4e6c,0.055238898345522806
636b3bfe96c8c67a,0.06560772441909944
51b24fbdde490535,0.05951948914930062
b80f84359d81c98d,0.10927677767928815
a865666aeb2b82d1,0.04137280884657685
08fd3d5f06273089,0.04075699636439101
cdac52f8c24b9616,0.15185153513605087
bdc841da585c4a1d,0.15246101999543488
8858154c3efe65ff,0.11037798825122702
29f989d45429b9ee,0.13225076479044087
b97dff4909968aa8,0.040983822651628365
69c86328a89e4898,0.04547187327953502
2d50759601edb9c3,0.14222337640914756
134be78ce02d48e1,0.11436174072889177
53b540f7c8d16cfe,0.0380778155016194
76d2e83b30cca3f9,0.08568194779089072
062167d4ccf76346,0.17047438230196674
84cc2a48661e807d,0.042093589075306415
60f1e251520005f8,0.11678263615449565
781115a32396b4cb,0.061792860013362726
4c1e17c82f4cc326,0.14617573097226816
b602ad5debd51028,0.1301968683971812
4d9da053a872a970,0.130715931773074
95f7ebe4304bd2e4,0.18558757482456753
67a8207cfef9f011,0.16001240716371193
b1c3468185b9514e,0.13619072004604008
f80ccd7ace26ae4d,0.17767423674997151
3ac147039aaf4499,0.06018071644051087
fe5cd175ea7fc09b,0.043349960420032745
9026d2936cf2bda8,0.1426126651929157
a4b0e01784fc7cf8,0.14603317392719795
43c462b48d97dd20,0.12727098640644718
e36d0189d20a7617,0.06409711885398651
43c3586991f4b403,0.06436411963337371
009e48f2b32be557,0.04266060751691056
a1689ef168f2f333,0.17793406389285468
dc310fc66470ab07,0.09963367144684318
bc654d187751fe04,0.08830580112064718
247e62af046a99a5,0.08987686146103105
48f2f9556bb2ad1c,0.11150156908717768
e604b921624a200f,0.13655242260202147
e46765e152f7daef,0.1318630089724795
3d183f0c812b6d09,0.11070801228348243
3a7275f9aeda8305,0.040113905052165055
1d994aeb47ff952e,0.05312910439060774
75dd9cd1bcd35d05,0.04118624343299493
a976b4932381b300,0.03877309293775005
da2e39ced8c0afd6,0.05190288935689358
c77fd47bb1683f58,0.15378983559384177
ceeddee046f39ae0,0.04478024778146226
cc50dd12d1f23bac,0.1033681146498828
8b73f447d60fc992,0.10670766752687799
dba1029662f0c412,0.0950428274218844
ab65e0876504bba1,0.1424486078294223
00754e6b5a7298f1,0.05854082970110696
082f192c053e5283,0.04998191174747288
4cee8c7c13d1afe2,0.10630993834875166
9ea9e3c8cb3df9aa,0.06478249827024178
2caa75dd78c01d17,0.19735775338650371
42ca39ab5466bd19,0.15972816913261492
939ed128e268f834,0.04921339178495703
e452cd65ed19c900,0.11690662419776904
e5ee2d79d0c49d1d,0.16877702610548206
ce0d423deb82f2f5,0.05504105142156826
3c30319ed1684972,0.1036359041091973
18968bda98628242,0.10289989108930775
9566631a173d48de,0.16471665544810768
01d78d3ab164da20,0.059392276096751656
7245800926a4112f,0.11397650398664327
3fffc62471c1f18a,0.13997540919308143
3b530b29e9f5617f,0.11957861274671923
65305594301ba50f,0.12858240147307215
593ee003a4981c15,0.10101146537494424
f79985b30220adb1,0.07040890419484369
60dd8dcd3a1d1839,0.1644118377447671
288aaae44688b015,0.14469671094857567
8a16369cb4554d3e,0.04932605840653852
4e49cf49f79e1181,0.1624094269595104
1a6026c94f49058a,0.061354708789546825
8c29813aa363f889,0.10280739144417848
5fcc5826d5f8db34,0.11781833201548547
b002c58138c724fb,0.054131529868208114
62a918db11ef3076,0.16224636200289957
8fb91f382ae2782d,0.17042195549537717
af730eb0035cf0d3,0.10147207885869672
546fef357d2bcd57,0.1580476030694864
c6129c4b99d7f4c6,0.12151249492829674
7596069ac38eadb8,0.08225432256854667
9560c8310cf23dab,0.039717176714759286
ca1acdabe94e042f,0.128146829975529
521f9d2193473fd0,0.06452226080726299
617eda3b96abb577,0.08278465029655449
8d735b59dd0a4270,0.17911113956160488
1b405139fc287a40,0.06572194527369368
e621733719a2d775,0.1589421322512613
95f4b0d76e779b43,0.13791852649460068
bd6a23cab176ffec,0.04779004961879343
3c5fadc2c957c7ce,0.17155452470422916
37cae1b2dd3c1330,0.10098792670129887
0fc2ffbd9370b121,0.08151308477786476
b31de0d8e304eeab,0.14132970502489672
5738bf5ea59fcb0a,0.10583269820015903
402c7edae37bcf39,0.13872882930408842
1d79e32040c6b05f,0.16506798240565274
bf493f6f4a48b2ff,0.04485787588137728
8530681352913ce0,0.044146931625003785
c79cb0e184ac42c1,0.06712696209339297
32ecd92eb352979d,0.14357363384325128
c9a54261284070bb,0.04509590047536928
e6c2ba81e397e33d,0.06563092033281032
955bdf4fc9420404,0.07821627270101894
b180a78e50608ab9,0.08159213846492555
69484ff0bdf4b104,0.08910911430606579
8d62a01ddfa11fe9,0.14707610891348538
12c3df9b72ef96e5,0.048210097894257106
12ccc513557a0656,0.09075526372539348
2aaa9bc35f4acee2,0.16982445297894588
e31d14248a98a72e,0.13683123388143803
1058c1f47fca2b81,0.07189054468612904
02ab14036929f70f,0.10125388300714594
6880fd1518aecd04,0.09299902096121797
580068eee74ae5d6,0.040652467728423416
fedf1e1bd320672b,0.07600176934637518
d47c1d43f9dbdf92,0.07254335666290031
8a7fa6c84cb2b0fe,0.08589273474830034
089bead0dc0d7c16,0.1218105123711071
3f12eac5d776ac9b,0.06275948355666172
2b55254bb421a326,0.10587412940951296
16721efb42f49e40,0.170719146593948
87ada6cbd040d527,0.09571771806045333
c5c4d8e14015f4e3,0.11876163661163472
5d499b0e085f025c,0.14374595025148412
183039182079fa48,0.16478775395724482
05d6c8a5d3db19c4,0.1751998408979079
4477fb4e0a476ae4,0.1286923447007171
3965182266dda565,0.09457604404910741
72bafef29554438a,0.10562373202241453
1b31f23c3e55dcb7,0.09951887976317125
66c42c9008125f10,0.1323072828899628
5bf14b82c919f706,0.10265790415777862
2c7401c2798c92bd,0.08054270148757645
4adf517216b1dd47,0.04588767470824533
26348c70727fc713,0.17035714052978296
82c1c6b9b0ad498d,0.10909860053134855
1365ca92c2e04031,0.06708844594516242
9edbc98e397ab4c2,0.09061610906068265
1059c066d6e0626d,0.04043132783046658
af993cc3ac374b83,0.06682468347066343
f32194afe634dbba,0.1376349517090359
29de97ac80feb956,0.10563810805876583
e5fb185d8c6181d7,0.08883969336306749
632347c0452d889a,0.16537190916391908
35ad7b818afa2cc9,0.1870046452984605
0e9b47d072e9f5d9,0.07605775572632002
4b2ee7a5a4d7d797,0.10331794824267526
793b579534d59c3e,0.08996733771080284
3b23c46e8aebaa25,0.1349690017163432
f68b741461469ae2,0.034828817378477664
79e144db8265864c,0.041712820387598826
09c4fd90bed2d748,0.15227366912804358
2215efb176105acd,0.1294660015143187
b4a9877c6c234878,0.09560785205052866
529f75ff399c033b,0.1317842916304827
ad20741d26dac628,0.18320079579652532
abee4fe9fcb49deb,0.04991394569690287
80bf7ea1dfa6b569,0.12051401988819893
7d637676608f51cb,0.05992411669635298
79855154621f663c,0.04562557761854437
db630a696b94324c,0.10124146010235238
2c87f55f1bd853bf,0.04877374401693224
05466a89f589fe04,0.1416521471098232
073f9b06f7bf95f5,0.05295517481391994
d8c52af1d9a0ab94,0.05188714686844516
170df691b9758d76,0.09554988306584256
098c223fa7ac1f73,0.11952389190852561
947d4f80370f0b58,0.08200133193245487
66196fa0af9abe3f,0.1367083971151252
356513b3059ae50f,0.11657834805158655
a951ca23d4bdcc33,0.1292362175866876
defaffd4e20a4c47,0.04923263495568568
9aeb8ce75c56fcce,0.050001847987913337
0e52e6d570d8f008,0.04054636209754367
d177a330dadb2707,0.04341650133547223
4acf903d98d08aa8,0.2497822051184815
673bd4205f6635b8,0.13342442332137744
17b635201a20862b,0.11412365729751822
e31cdafcb4337eef,0.0542172200028973
2f57ad23a2ad21f5,0.14913393860852506
8c76f3fa81c149a4,0.07953721968835681
7448092b980edcbb,0.14410934891497343
cc3891e28dd031fb,0.0513533237886966
05d416ef906cddf6,0.05216742988857907
d5cdb3c4f4965afa,0.06190080815638546
bc40575e98475699,0.043723232616545205
7227a9d91f309e1e,0.07407924399924416
f83295ed727a429c,0.05518379306690666
44f16ce1d7899c02,0.04736607462631107
219b4d22a5bcceb7,0.046892644330160306
5684d434bf545e82,0.046638177618459474
03d5ff6b9db6a1ce,0.08031368472908798
c402ad00c62dd803,0.06515691258114951
d384f2bb50d7321e,0.1358739165867797
865ca8dbe8ae9927,0.09701048892805977
0cfaded78f4c55c4,0.14437837490635075
c1f9c03f1f673cb2,0.1760870365704758
80784aef1b00a337,0.14447688236997894
2cc7c6c16592cbf5,0.06685095406347133
f816697d9e23576b,0.08004178574071903
e0a3063ee410875f,0.07147306987090132
187c083474d62911,0.09136844572802005
32fe8606c8a5cb67,0.16815194874438594
e3b603a450f69271,0.050468195667370847
13ea25fe500d74e1,0.09156849458692451
3465f2b92e5411a4,0.049167638118019705
f84c04deab8f0a53,0.13259754656969275
ce64b825ce5f48e0,0.0433797485781417
a03d161faa6231d7,0.048023216644449813
7b73399454d06d9d,0.049638113948403506
726ce1fc6c05064c,0.12084346799394394
0e660e2441745329,0.07281922238499669
d4373d25e109dcb5,0.18322294791238888
6c8ad2f1018079fb,0.04003534874656643
485cc002fda9b938,0.04434768813048842
840b1b00c51f87cb,0.03080144828025925
e7c9e19e247f843b,0.10853816215637001
4f97589fa05c40f1,0.16126728605067
41919c492d55190b,0.14209056848322255
8fc6cb3936ed4ac6,0.09187109124693028
75e3076bf4b29ba8,0.06944236595058395
8357351f6977683d,0.09849464444195069
1a6590aa6c3d2a06,0.14157759660570407
6b0dae5047e0ba12,0.12654307093262201
6f8bc4fa3d91a3dc,0.06940142315603162
e4aecbadc139b9ec,0.0824385315330102
7616bb2872e18231,0.13868624643651356
f97102e411194f18,0.05323027508654096
4f25e4f4959ce4e1,0.07645009504497147
46d34ae6f3e900ba,0.09639172636745265
73e3288eeb552e3f,0.051839061646550735
e7010fbb2150676d,0.07192283481079104
cc2c1c680ac82832,0.04232657058475604
d025b02417a63fbb,0.09834267039272235
08070948781ecfb5,0.05322105831609922
2bdbf073750d4864,0.10608041218149059
2783928eaba81305,0.15026237713028417
51bcbc84c0f437ad,0.06001690193139263
dbecf7b9325b78d3,0.18910865960601878
39b3096dbfceade4,0.0876392699380342
4299599a54525066,0.15509184866674125
ccd92654fb1f721f,0.10191584209556422
ee1170819ca7d594,0.04587590161299362
c30ab4f74d33afa9,0.0421170176470108
40f10fad12afb51f,0.10690951722634122
f4e63fba51ec3896,0.17414331615685863
60ad4f8eda2cf6d5,0.19072367870759588
4dfcb17aa4236952,0.1185823744264784
2e54d9b1b4e00337,0.06222271483134003
47a9e135733c2ab4,0.09195603328549071
4b3c22d3da587d59,0.09987072167903495
ef89abef9807c003,0.06625620860437575
e7530eb737c85931,0.0714282860089868
dea26fe32dbe26a7,0.11016370904196388
08133a148f3d4ed6,0.13940762775950072
d39b177320bf091f,0.12153747004166461
c2eeafe05948ccae,0.12327338799920227
73c8d1e2bc9f517f,0.0555334180820606
0dd4da33e5e18c44,0.10309880005748265
25e076876a1fb6c3,0.1505063237672419
873d0ca47a7ce61e,0.10795587875755769
930d090798b9ad8e,0.11227063639213114
98e38baebfb97bcd,0.14123178173813938
9c779fba6fe0839e,0.03996692989457008
5bb1f9fc76a02c1b,0.07932240309671028
f83de39c4e518f6b,0.11816791863205195
10bbab1f08d2e6c2,0.0402811954132067
ffe63eebf605244b,0.18518841591797355
1e55e67dbb9fa1ef,0.09139609070778586
e53426cca968ebd9,0.1402734806498646
51bba86dd8aaec50,0.136038862527184
582102afed3c818c,0.05955712963453982
b280a8fb8ffb9bf1,0.09998546222118257
e8e7ee8589574a45,0.07357724909450418
228ac1a17bade85a,0.09130655324213618
2bb37b0ac11a0c2b,0.15114107168261112
5588a1f5d8da9c77,0.0584877221227905
a46d657f4c9bc8ca,0.06659510108797877
7373ad47c61f558c,0.18238698218825808
0f1fcadf13eee28b,0.1382451062511366
1f8603bf90774382,0.17143295997342145
b0dc746e7f7ac87b,0.07977980332187234
82107223b7ff9788,0.1109952017676383
a38cbc0aecaa644c,0.0855703727635626
61dbaab39e7dbc01,0.03832616366474246
85064aac24d665cd,0.03842822566721941
48be998c9a3000d0,0.09287801000660931
26b2daccb2b045e0,0.16199290425357182
95198d21e3fae237,0.06586449881480355
b2a2d7a18404d7a4,0.1478524429392723
6b178de020b8598f,0.07210121812649645
38c1b19633279892,0.11429128115227424
186d5468edde7455,0.1800941389180585
4f33d36d7b629852,0.09562981112009106
b955eeaecbe25ef7,0.14720143133235458
39ad39dbe012b34a,0.18942314068688476
929e8e2af2403da0,0.06911256259824039
fa22cc093dcf1822,0.04893490924072473
f56ff6b1c2817475,0.06281353826418777
56b30f44349ddb92,0.10088797833089994
617dd77adea9e711,0.1045944623897773
4cd7a91de7bacdd1,0.1254710595324444
c07844f4e94ce116,0.22586631509846494
692bbfe3fde429f2,0.14967958285900218
6e8117bf11d2b904,0.07418024832167742
27efca94126fb8ff,0.040760953527146176
4d2a406b540c41f9,0.1958779435937667
5ca9c8756c163b0e,0.05088448364414812
c10aad8b54af6017,0.1085636661635552
60798b007f7b4637,0.06709606978321782
805031b5ab834e54,0.0886805633402234
fea6be92744b0c40,0.20105371721473705
284e4bea4a96494c,0.08262578093087365
4db0c35a634d4fb9,0.057524473404884445
351dca6bfd544a21,0.16345068897868065
c36cc7323d4f4de5,0.15022589761602223
78c350098097af6d,0.036731382545240256
1404eca61a3105b6,0.04663223197591145
2472a09a3e602f48,0.1237651593528447
5f9d50958df392e6,0.12996890810856576
ab8fde4ac70ac766,0.18272289259973098
6649908e57ee98c0,0.042141100636970644
6f6b426a42753b8f,0.07685220244188726
9f89dd1b9ea145e9,0.13367416344227567
d56cce1c1c4c9780,0.0728579125527243
fd794932c3ad58d3,0.03285189742260036
901c8562d025f79d,0.06028647834673924
2460966f3ca7d3bd,0.14470591193824256
41c6149d1848cad1,0.08108570833174622
2c948ba95eb3128a,0.15769966552524864
0263f07afc6e71f9,0.04542540184366847
59520bb39396ae13,0.13814588477674142
096e1b740c779095,0.1037745983964538
13bcd446b5b75780,0.04048282349444634
82652e7aaa1e423f,0.04242090965412005
b4c2a047510b1d1d,0.04292916853321482
8e95fe1172cfd49b,0.09068525707826418
8b3b319f1bf34127,0.16613507295364421
8e876b9274c5930f,0.04391196070266985
74c8dbccca14e4c9,0.1782911047780788
a13d2861af1b8b95,0.12638037711472225
3d0443784b9008d8,0.1285711752937897
30a6c22faea5d219,0.14058362803461263
8ccaf0cd13ec8d69,0.17422667451559642
ea79b75b6fa4e024,0.10578393431680568
df41150fbde2201f,0.09513349648016142
6bfaf27148ca783a,0.1524361380413053
016b24ffbde9f2e6,0.150363404010014
c7f17aea0b57c810,0.04278855824350202
1974cb4a4a5105f9,0.10082581560496082
ed6fb2d892b20325,0.07213854676124151
029aa7e7739f68f3,0.06469682403533968
1499ced0a7fec031,0.07236476622831398
1da835ae2069715d,0.05026924141200331
3b48789ebdae6cf1,0.10681726404502899
b2501a34b4204e11,0.0658140662995027
4e1bde0d2fdb1719,0.09842414848210917
bd42c11dc1ea52c1,0.0418081633243514
dcdd441194892326,0.0842770749917264
890cf601bcb4d1fc,0.14802788601639646
efcfd07026d6f75c,0.13291204507372104
6e5921c9eaa0bbae,0.07723088674115988
076e6b937f9e0f1e,0.18857641756080773
fe7aa6148631a52b,0.07256460617804807
0204709b122147fa,0.051986694298528556
3bf87c4ce9af3343,0.04238537746607575
e5d3cf73e07cb881,0.12515032194935272
d79da024e674f570,0.10702024978919145
f137410611053710,0.09197587553622755
4b48a5ea7d8db38d,0.04872521235541229
6e5b5708c1bbde63,0.14401800547747978
2e21f1e2f4f0d11b,0.05991482320139553
2fcb7b875a97fd67,0.11015842885958854
c9c50dcabb2aaebd,0.038414522487323
ade709965be588c6,0.07485266543151464
e99ce68035fd1383,0.11633029074375213
9abdf47140639086,0.24293271700475938
c0370f3f688a69d3,0.17338832752527972
023ecf078fbcbe04,0.10492498981715684
9366b2145d9ffbaa,0.1139396739201762
907dcd98979cefc5,0.05203446879296608
1430d1f8417967a9,0.11171477017830356
12cf954bc6f7953f,0.18411278692053046
9f439978c3ff1caf,0.11964671214656107
3d566b52640665bf,0.18652933024917126
1da24b04359879c2,0.060328990897345294
5fb8e8cdc5a458af,0.10539354469791297
69f63de79af9dd49,0.1317491984451991
078cef5b5f6aff6f,0.13514472704117886
ee64ad3ef7cbc727,0.04466680472533277
30f789de29e44c84,0.16871930272505692
ed6dc35d0f6c3f4b,0.18662191318836996
24171dc6016596e0,0.10433613829888677
d9753be4a4ac4d5f,0.17066393068264812
08b18f56dc4a9978,0.0925224737528966
2fe99f58d73a842b,0.04791114422312934
231cb4b19f8ddc4a,0.03391742819177205
a0f57bb92842d2c6,0.06784355629327157
b451e5af95310e52,0.13663613272485678
4d5e3c273bff2df6,0.12144469900755382
69445874395ad7f7,0.048062237542596545
72d5eb4d04446c06,0.07580276049525136
676277c834acaafa,0.05920975232693913
345fac6fcbfce3ac,0.08398574424803536
77268d80339453f4,0.08130277059233709
0a3d332e3608b10c,0.171632201486421
3d3e247d278aad6c,0.1680669992684526
c6d0f1503380066c,0.10580683056113663
a7ccb8ff054ea663,0.13488146248201344
d3b3fd3963b35751,0.14953991822247603
e361e82e1559efea,0.13021390407111136
94f03a339108fe12,0.03767078504924441
0d6b47fe3047807f,0.1034463908666078
f0d2a9398458201f,0.058688762383108835
8189ef648444f31a,0.17228717943373795
b341aa9047a23001,0.07401548831578114
0b603f589ffe5334,0.16255257488520689
dfcd5836b6d7807c,0.16696792379544134
c69510f82760fc8e,0.07520074050448304
bc2b0e3b0279f394,0.04665160112924383
9e59359a937dc386,0.06799258261799453
9bd6fbbffc3029b7,0.07220374094499775
78533ed0a4d75031,0.1158855889198481
24d3b857d9ec7516,0.14686095301908564
d9f1874f6346d786,0.11502032979062637
6588a72e611a860f,0.038617628994078446
52fef00321899df1,0.15660830452145102
b3c2a81210323102,0.06558890628775892
c1501d30afd688d2,0.09448123681531415
2bd1f2fa8a7cdbba,0.06382602484876387
7472a7ac18cd8ab0,0.19267422795712225
b1dcab1c1027e375,0.06936551000953374
2add558fb5890d0f,0.05577377137665608
51a6b2ebff82bb8d,0.12349313436320071
3486d76917d26380,0.1309088007518867
7d9915dadeee6dc0,0.11366501130852572
1a5e5859e62a5ff4,0.037906450305120895
ba7cc06ca707247c,0.09819914579365283
3c42318ad81df936,0.04831200177098621
e7f32c62736ba8ec,0.07320234753385059
01970049a1d79ee3,0.15007317934658276
c34d08417ccc14e1,0.12431722267655206
dd08d7511ab95a7c,0.0958945892215396
147c9ed162930636,0.1366290902823764
4d55d8c7e32d9a9c,0.08467067301890778
1df22e6d0f4be856,0.09511804355646249
29e5cfdbc9735f7b,0.13602820902475055
529dfd620d6ee22a,0.08092166308864569
22b829fba260c24a,0.0638282543350687
712c502ecc45cac8,0.0516786123713777
2806f2b7f968844a,0.1312403670223117
1ff716c957da8f4c,0.034951870973423026
33a651d1e2266900,0.14635485628557132
01aa41460821647d,0.09247972205696846
2728591ac3aaa7f9,0.16169819153955292
62153e0ba99bfdc4,0.15587472745401476
a336835871390b27,0.07849582606805304
66040815dd14bdc6,0.0773049139110068
e0d8f324ffe3e925,0.11688091473784978
e7d245b8d234167a,0.05992900382897804
b30acd5fe8990b03,0.13161768023588052
8b87df65e3f61018,0.10682248311075015
92d913128fc856dd,0.09584474442293842
c1aa97bf3aa49c01,0.05918407728599343
37b85ed57524087b,0.1745735708957816
fbbd2368a21a9e6b,0.09754507001636495
39795c53fb16d719,0.07921471168093389
6d637bbe837caf77,0.12535632344596825
ac09426ca8b44dc8,0.13398956101885245
0007a5bb7310d604,0.13067224941027888
f8c5400d321751bb,0.1872293849165881
5c5d74b2ed3fe0b2,0.04441033013377045
a0d70afd5aebab39,0.09852576911438862
dab67f5669ab1b4a,0.11738407022484866
b094a6aee2983e4b,0.09790370833880802
76eceb39e4bbf598,0.10896537605176165
08792ceaef2278a0,0.07209891623801093
421639eb32096298,0.1290160634558588
3732446a2dc0ff2c,0.06872907128222826
f42e7bbaae983e33,0.12167219424041756
1d7a33be5e41401e,0.09470620134899496
c94efe294bf687bc,0.17049539360195176
54153bda194f6353,0.04952410270189084
275f14633d4a7de0,0.04917351166156033
7a750521e7810b4b,0.1638494895680775
b94bc2b4bd62e236,0.11066192212129788
3c2076842f11afcb,0.0545327563883927
53c3d245534bdda0,0.0396531903624689
bee1ce38b4653a33,0.054134699394199855
7fcd7a8a7c44d7f7,0.05220568502618005
60fc2edd396bed1b,0.10629245093079218
df7a1a739d1e3d31,0.1543418805438913
293173b622ae6047,0.10156888984808886
c18a9f29b23ca49b,0.05669577944074225
4497cca94390df91,0.07637790769466725
40d9096835771f2f,0.17651508219100348
ba30e997b8338d76,0.16032517994376133
56d89283c0f5c7c8,0.07615304463494615
f460984ca4f4f1a0,0.06288565433687848
63585cd6e35862a2,0.0701964507694367
26e41712e705d5ad,0.12855087286313255
0a056eacd56539b4,0.04561624810090652
9060dd63376b8616,0.0923290911200576
f11e51ec27009738,0.13044641577229965
d0496dc870887d72,0.13513278371133772
65fef6d3fb26ca70,0.0424398307926875
a586684b41fa9769,0.05630156155237616
3bb2f0950e70a234,0.11202062934693537
6c6a97e3ad10abbf,0.13730895695886533
ede33053b334b03e,0.10371032713302719
0dfab1673fe84ab2,0.060294908982422915
f65b0230673c2e76,0.0987980287564135
5618ac6872992ff3,0.19496867730157388
77febd71dc7777e6,0.16335821072492362
7f54b45c8c0b9310,0.1801830412667702
9273e3e5412cfeae,0.12696090857694334
52087475796918f7,0.06584063769544234
643455f14aa1df04,0.03965561498343659
d1b24b005a16d2e7,0.1272146310700004
88788f98d41f9611,0.15160306631319698
bbbe50af555f1d68,0.10748755400546658
1bfe964817713a25,0.15238922343206054
40d6df07da814020,0.12047896047300713
8a96d0eccabff7b3,0.039987641312296096
439300a43f735490,0.03848584708172063
bfaf88448d1869a5,0.12674723906665394
1eb331ca2d61f16e,0.12687027530887057
5ad8f23386d2ce42,0.17081699963629515
69ddf95fb1e28199,0.15262936330066196
6c224fe2f90a4ac6,0.07928336538236122
7d2d81f3b2e16bb2,0.15482845307618967
306bcc14dd7bcd69,0.1773176610714274
db0b579d4d6c3202,0.0347712499948749
5e7670a553fae63c,0.12037548201967717
999f8c054ed84981,0.06735521392045968
645969c8fdeb22a1,0.030672894662964065
6158cad9f5117a45,0.07767116233776163
3717d43b0bfbe61e,0.12408707370580971
8ffc981637d61bb9,0.06102356860702194
8b934f4c25070ad8,0.0811388170695081
15701cad20890a02,0.08372078802683962
4a22e527eecd22b2,0.13631569297242963
6b7e69ddbeb27f14,0.15340981027706638
c44f66a5254d5ede,0.18235521359346624
1dd06cc994df91c5,0.15286163880576548
43da23e0c905b332,0.10060569219975758
cef6bb5fbd6d7d4c,0.04138160798785438
74e65522686e974b,0.0813531458589405
b2ec41e4d4e17991,0.07057498880381555
7adfda5837586ee5,0.0879786636448514
7be7cd83da184778,0.09849889848556853
331453c919db4a8a,0.050339697464656566
1ad90b2ad8ec5751,0.04351267301493079
06f305aa47e1f3e5,0.1544865255164793
5d77b6a032a98222,0.09877367543878579
2fadc388cbe136d8,0.03979595238759127
3a64f59d79eebaa0,0.08728311349889091
e9d4d3a03ce54237,0.14168467478968305
5bc032bc2d4db536,0.05974808879454707
42afab27f6d63b09,0.10474510804355266
0ce59aff9d61ddc0,0.13267824005378498
c4b23b3e64f8fa59,0.04315377810563936
df5826f4adc2407c,0.1130363663036372
1006c7d207337c5d,0.05991076887179667
74f20f15f7388f9c,0.044153737066810084
e8c69436b1cb3320,0.0688688442370197
609680f04da9fb46,0.042794670498725915
060d99e1fde9dc79,0.04081057619263161
6555f0c293c5a1f9,0.1415592750090353
cc835ba475e9656e,0.11238304620387506
960c65dd29d3417b,0.08528779861240862
c7596c71a0f505bf,0.04329894692886372
3f3297df319604e8,0.10806005294365491
21c886bdfaeba657,0.17144929004319268
4c47eb742008376f,0.10852358847757679
0360ab7e3c03e1d6,0.07383082935265495
106e8c5cc993ce96,0.10188437520233624
3f189ef767336273,0.1197733721584813
d87c2b5ea60e2e70,0.05253535465087549
924a02ba0ace2e0f,0.05231624880080597
e0a93aee5351fc40,0.14666064142376392
60036012aab0d68e,0.11264411697071444
92196298fd1f0a2c,0.09427907951850806
2c9507cd32c0dc32,0.04781605141208794
f138d3401d1ef8d3,0.03838878905361327
0550e84ce3342ea2,0.17260396258039357
433b7b91aefd0d89,0.041032918905621205
2f084abde9824f95,0.05522268681528947
aec34c208a4086e3,0.18022914805095686
77832263f798d3db,0.11204743798973653
423646a4264a51ea,0.10718661112178184
99a11463587499b5,0.1514152678942249
5666dcd2f61e1fdc,0.09001436566977669
414bb3e31a06b128,0.1792036813011198
9825bfe27f61ead1,0.0925021079778763
3e8b0ac764ba974f,0.03454832613839941
f494e58fc4f527c1,0.07402308985711467
4b3ed9d300487cc2,0.13049663757751664
064d5daca103bb1b,0.08747929357638437
1a4b5aa55f664cd7,0.07693859089686281
65fae5433da58938,0.07337349822849996
77df36f32951641e,0.04836744923822624
2734faa9175621e1,0.17172003142159578
6952ae6c0325e147,0.04165497103273359
bc49ff32a733b5b3,0.11465330789931714
ddb437f22bdce5ad,0.1741556614920049
ad2ca89540526e80,0.17916783934308678
8eb86976f1f7faeb,0.16842005363310086
351b2cac3bb60649,0.15077659582105946
f3685748a7717d4b,0.04268390020926385
af64f4a787a28c01,0.05675370026006263
e41d8e72f6a6da64,0.058666709849082316
43199fd3cad0d080,0.11525726728663697
08639490dad5a32a,0.1787441350502745
251545c20caf2d9a,0.09717985781573812
657fbf140a397f3b,0.08624866410034372
d28dd01372e08f90,0.11282829717836967
fb9bccbf5affc835,0.04077453768561352
0c3e0f0e422bc214,0.1485761601773684
b6fe616b3ee4f983,0.10800019360955078
1a05d9b0ab2c483b,0.07922756210983214
be053c37d8d326fd,0.09357237784121597
b0cc45542dd09eba,0.07952565114646198
0d1c9ebdc72b57f6,0.08785424256235594
926a38d305ede2ee,0.16306427843330962
381047d838351f95,0.07048387400132078
5afb977a1eeba5b5,0.07024610461130389
1ef7c785c8633cc8,0.08372838187588888
2f0bd78e22c8874e,0.1483593492248902
2765e2bdf659e633,0.03791522954822745
31756eaf193dde51,0.06151395344080006
ba5f5a3df72c6be8,0.17356521686488652
90e87591d24ae44e,0.07621927613989149
f9f063e55d3db8b4,0.10019209715610064
3ef90711b7e5d86b,0.15655503700241574
ec0a6ecd2422c215,0.14039361971625802
2a75009bf5006a5b,0.061391843146738165
9edf622febac0e4b,0.11644254946376513
9cee551773541f4f,0.09153993124321788
2a07f1c2d7378d29,0.1181406297561793
aacdb09c08c9a960,0.04403644872635469
df9753fd02aeca78,0.07964325266745785
ecc853e05f1891ac,0.11676825313436788
859bd8582d3d2811,0.09229287509480454
a124273d56f60796,0.08654553466820211
9cd33034524d6b66,0.08728667915096389
9e58973154c42431,0.052509602180430236
fe78518186335668,0.0479750867903011
0c195b45f68a8952,0.06470555767002868
bb6b109cc9317218,0.03825746087767591
a58342d3aee051b5,0.07382088615750582
48f975291ebf9397,0.17616165981706253
672604676c29d735,0.1329240865080981
144b0a7e9cb057ed,0.15473818551009058
02ea6c1ef4cf0b61,0.038669408533060674
fe3c47193f742bd1,0.06010395166036806
782fd306b790e8b4,0.08779246554128434
53f0ab0c206a7f5b,0.15014172130143177
2d15bf73a2700357,0.07547339056357882
569b34b568032161,0.15371403333218436
d98474765b2d7880,0.10860740300732233
f3088caf81ec54f5,0.1917840312076339
884de3bae564118d,0.18003950525908133
5b62a55571d795f7,0.14746829198001377
e860976e6aaf78f3,0.06855936140715649
bc5f8d0b2f9683ba,0.04080332334284488
92555d85c6369cfd,0.18016901244837158
189861fc294e0daf,0.10523344778375304
b8212e2222eb4313,0.03864189959481665
53afc56ddcd63d8d,0.11454063097539623
0592b0cab7becf5c,0.09734100850540621
ac4cbdd76a84da91,0.07295540590456852
f2eeb139d518ca60,0.11511054934862247
e02fcc8b8b63c0cb,0.06725829482060602
a7f194a18e15e185,0.08112075940339773
b9b57b5beadd1490,0.13771087298961993
357c4988d289017f,0.07519034869682545
f0d98c09bd71837f,0.12222347541855666
b1c0df4bb0c82383,0.11331712513255092
5bb361813a233522,0.057330908717208015
c3eeda7b200e2c92,0.06825335434469744
db0460b8a23a94e3,0.09732605861564285
3c80f795a35190af,0.04837571353638498
ecf5824d8b392491,0.07298351273527347
5fc7a11376239e12,0.03861697760069748
2008fba1ef946ecb,0.13629068437483055
e2aa59fe541e0ac8,0.06812754705954026
09b5c7802e6b561b,0.045636785631219465
988df0719acbb76e,0.10033124771357389
48d79ec301d31948,0.0796787338707145
d288ed9b89b3675c,0.07584219212731205
75abd1caba2694a1,0.05237734604744798
3660f3c735d8a187,0.09310126044476397
0440ac4598276f6f,0.1703441640519751
836bbb09e4831df8,0.08852770367059491
51432ea27e463eb4,0.06611509393380621
3fd99194e4efb12e,0.05976077416607992
ef1b4ca1f2c1e357,0.05179053444554573
70c464af7e1cea4a,0.05454158223070027
54c64f47d761f86d,0.13887385620418718
333dcb05411a601b,0.06581870529636621
11861d1571dcc3a1,0.06446149401459851
20e00d08f625d409,0.13170175872040568
8574c4f5b2db8c92,0.12113825644034147
95feb433faa8520b,0.1516078121714966
1dd496796a5dadff,0.06626669826553946
c1c248e8483e9ef8,0.06834323992962352
5e0dc0f0f0ea48f3,0.06414281278772441
7ecca4d6c9eac123,0.08189961673242274
58dbf7650b2286e5,0.05286203304432932
4c62224901fd183c,0.10816357060362408
affa636fe0cafb15,0.1448667972608257
c9f2c416d003a925,0.034595434276731826
c19024a709757f11,0.07394909582776175
d3444b15af3a9536,0.10021352296555183
2f54cc2167b0cfdb,0.07230015209635478
d974c7d47092679a,0.07562659317942315
1f04a25da2b17ee9,0.13214757484539927
f133299dc49c2bf2,0.03983223826858014
9542ec8d29575b20,0.1728556666073046
6e476b773a15e2f7,0.053262069280036295
c468f0fe05876276,0.06683771494144866
1bdf15bc47508221,0.11094467146700555
687b1d6eaf1bb287,0.13314466729133947
fc8590ee9d55c5db,0.04783953790851364
a4379a3efec7361a,0.040526764924181335
30a2e56d4d608b28,0.10537163146041215
4b400d52635e28ff,0.2161157120843546
992d4d4846551047,0.15949415863722435
b91c089133d42f62,0.07716526799866542
c98879c523da912b,0.047841137247737156
7c8f510d8af822b4,0.13488745675923308
9d674a6212b3431c,0.04693572282550393
d3da05b2f284cb87,0.09890570902953146
853ab873686c227e,0.15610439421493258
ee0d55e13012503e,0.04192352713742191
fed761caa06202e1,0.059565887740436446
7750406f980f78c8,0.13058318801851843
e8770d9a28fdaeaf,0.18739632203507653
4025856444b9ab51,0.06074606702153924
1d0cc87631f52974,0.19273333384591912
f87d2af1aa151b69,0.11045390052367471
e2746f6359714da0,0.07314913162725782
6b20c519964ca8fe,0.0715486903790618
ac0ef70a6dbe1ce0,0.044292064491646
29219b6baa3ffa60,0.10235907992378004
ef5245dc0733939e,0.08864056559095478
26d625d3997169dc,0.05234948173173031
ff9580c0b2b1a370,0.12632582939410225
bdad383d41eac454,0.0306201342993632
a6bebd6247dce4a2,0.14430476261613795
846ab5063b60d099,0.2000341726448452
1e342d4cd0cd2bac,0.09625986064125519
b111d554bd56dcf7,0.09795360912933855
9ddbb649643fc0ee,0.15578002490053114
0dc9c8998b42da67,0.1508119955296725
80444594c0d4b5b8,0.07953716813763176
9bf8b2752ad4d752,0.1430497522281862
794812675f553fb1,0.12192333753490975
c60c7cf09844c202,0.0764847217538207
06559b4012a85953,0.04741981026010806
dde7362e34a81ac2,0.0785588178229806
fa1ccff8a7481b47,0.14560997755732613
89c1eb286bad23b4,0.037186629502390225
b389067306356b78,0.10824097579921543
a4328554fc4a45e3,0.13123865459055678
fe2ff0422ecd1440,0.08226942901731604
e1f0e9e0dd1f6a8e,0.1103097447635409
e431bdc8db1622e3,0.117677697581652
54d5ddd4fde3db7e,0.043044539082191864
d6a2262fc314d2a8,0.07525224404061329
e7039d9ed0ec0c39,0.042089164400382156
357fb25344e0d8ef,0.07455856619749268
8479ceedf945cd0b,0.07571672276149326
30e12f447d932d19,0.14021984913016633
a33acfadc007c5d3,0.1533716393436332
32b72fee7f2bc37f,0.08875543625286125
e2ef0cf7c0138e95,0.1459083016892811
c53a5098d3feab43,0.1322730344544038
2d1a504956a9bc59,0.0387900922916408
5b9d63bb61f11842,0.05134863781300344
f8fbcd4440a074e6,0.10207440321205728
c18b0ab8490d1c66,0.07567251161444305
18cc6b0ca558d790,0.2037273644076812
c78d6d8adb708879,0.06093871900882695
928fe114a90feded,0.12342165511326673
806b11fae1f6bd45,0.06414835522099145
ac8d5b4456a25f98,0.04662228054101471
0de3b4e998fb61e4,0.040661424378840585
0344ee3e70daaee8,0.1321595251781773
9459a694f708e7cc,0.038078342204991115
f8f24bc3cf3562cb,0.06476594012417153
fca0d01a476eb58c,0.06429646437173257
ef25fb3354e1c732,0.12109113260093674
83ce56a22c714f81,0.14477960228391545
781864846ec190fd,0.05105551848655426
99c27791616e6a14,0.10588786860858769
f00a56545441ae1e,0.05298829844447364
160c77c56d0bc3b3,0.05176072428357876
6bc7f7e6a8dbe398,0.08712167359191317
565c31dc34339cb6,0.14468034153838588
d47a57dc58d8cfca,0.10157717621471832
7d91fd093f331634,0.17699036555272868
a33fd6143896a064,0.048705232286775466
af6776fae916125c,0.16006551686342932
eb63791dfd566fd7,0.1249996819717144
fd94632e98a57fd7,0.15034688295168205
7afa48755b2905cd,0.18814364734121433
cbfe89a23b516339,0.148629217097979
bc9eb4d602b27458,0.08376964590082275
fb8b7e3482eaa33f,0.08601135212257853
0d172dce11eeef53,0.03655071409338198
6cb7efe2f15a8b1f,0.07289465090639977
0b234c8955fa5560,0.07603803715301485
1564bc14da2389b8,0.13296655433881643
11d440c4ffeb2e60,0.06231165300267617
fa46240b99291663,0.11871028266340791
52eb5978e0a48397,0.17946283661616985
bb2cb3fc47f785b4,0.1490610585521588
bd402ae2e81bc456,0.04530822279651036
5b2c73c3c2fab67b,0.03383422811249755
558785e2cd64bd4e,0.12109919695683731
d8d0cdd0e630be6e,0.1763335536453685
54a5cf67504e37cf,0.12977408570580748
b7225c4787addde6,0.04618492112982135
2e444cb3f4217098,0.05502958752200235
ae6ea7b6c44fe6f5,0.11729008166583646
8917e3ac1e161b77,0.0794842589406452
ca8e1b8f4b045be2,0.1755262839756161
b16a002c43cda488,0.158188023980684
38988311c0c8e2b7,0.162228124727967
40ac9a289f991b8c,0.10899250390281343
83dbe87c0f3ff118,0.0804887455002295
d8412746401ef6ff,0.05300814068953462
95a1b17435300c3e,0.09460623409591803
9576e0a63d76b324,0.07723503531660035
8e43c1faf8514a42,0.0338221818682613
64462847893bb0c3,0.1105617099357738
2e8d60596fe0288d,0.03629125475710626
e3064eb18f25f417,0.1622239425884402
5c24da1b9f2ac392,0.03041239532175275
ad26aaf8f4bdaf41,0.12426148538622017
a21097bbd8645f25,0.047089078236100035
cffe1ff942479449,0.05488361713938383
39170ff154aa8058,0.13289928778830062
0e2b77f6fe4d94af,0.10360889372363019
4fb4ed274c87cfd9,0.05729624160524416
dbe218b606bf3cff,0.09911207532285173
b1ff3f405ab15e62,0.09409418366237697
b77bd0eb977bfde6,0.037531915030514805
c65c01d13c9051fb,0.16586517345484086
9f7d2bd32579e9b3,0.06251561476168467
1d42bbb95380256d,0.14093875291123503
799c5bdb519f3962,0.09530826630002608
af54b26cbb15ae3e,0.09551389299857213
9ce958c47b1e7d3c,0.11669224196460606
d39bba0520b226fe,0.09067202251525319
c4923735c16e8881,0.030505168897636575
43506b20fd8ac430,0.07349051341370337
685b0ab35ff084e8,0.17973059187553841
03212fcbf4fcc22d,0.17667589645343137
7aff26a87411e8ee,0.12816234619381112
9af789cec1453f89,0.04179181313927184
41f2ebd04afb728d,0.1375005847949266
a3a3009c55baa210,0.1889059391428636
688382bd40810598,0.07958576310292723
42cce10beb6c55b1,0.05552615633391539
59fe211f9aa2b83d,0.13890075364826254
86466c925086fe3c,0.14444841025040708
cd36f54626e83a21,0.06144681068715382
ded728c05e20539a,0.14181261352332117
0c7fd3a164040b3f,0.18440662296072557
614f526f552a972f,0.0691404601206575
cf076cf42abbd2a6,0.0645544349846484
e20135d1136fb289,0.06397380652685096
2b40340f15b07950,0.1449128532938504
92ea7f3ec80af25f,0.13511172912876146
1de6db095fe81c3a,0.15020297165469843
e13432ce761076fd,0.08201360749253858
ae126eb3da41487a,0.03775902488749621
05436df37c119ff6,0.10661204744856734
b9203ce854a26300,0.11838045941935965
e39f8336b7fa1f6e,0.1387611388879496
2d031b0318ea5a02,0.07781036536274395
54304b5c419290ad,0.06150806128433645
e9b3e8a0a4077e28,0.04123393294275734
1dced917867d765e,0.16256903592739244
c004a070a93054de,0.14025174191668827
3fa194a91f4562c5,0.08198070459600992
76d5a2300ca56933,0.04467132704471388
993bd3c445b80c92,0.10220042146032349
16eff5adf0cf07a9,0.16317494152960063
19f4c91cd1038cc8,0.04745695204548743
4ace42dbd199d1b2,0.07972167619069219
8232534ba45ef07e,0.10675719152018265
a2eb06ecbdb56bd2,0.0493930778550553
e33ca091fb503e03,0.09828075844706044
8b65603997a5d0ae,0.05204342425653947
c4702fc1a3b838e1,0.06639521224343461
0a2ca915437c9a04,0.061465658887392145
6e4d60a1e5913350,0.047954398932444325
0eb4def034c0e542,0.1750482697104538
0dc7bc6ce45f37c8,0.043223193444030625
69c1bc9b1691880f,0.0675887671163303
249619e3bba248c5,0.10959779701354122
8a0925f386616243,0.07294830501214686
c609c9019d1d7b32,0.159842809708229
dea132cdd56b9c8f,0.16816285944395373
24c6ff18b883edd2,0.16842508804439116
06ea151cc4ea5974,0.04550826827423089
dde1072c2340c07c,0.034893716573400686
bf6234d11406ea49,0.06695746839480135
610c0fee53d0cf9e,0.1399159451836725
fc0691273040fddb,0.1431889767614945
46bbaf2bcdf5a362,0.09395952488148496
6f4198d004803569,0.06864608088849994
3f726ca9a49e022b,0.05142739263854231
2263ab08ec01d546,0.05938178882531703
dc2a61d22023b42b,0.185514657669912
9cb03c429bd54976,0.044215409280475675
d3d5427c6c9640bd,0.15533547947893284
a356aac05b7d44bf,0.06698064836535708
2c28820cf1ae8254,0.14754002141744632
cf49994228b74e3d,0.07020237261840809
ea984ee0501b30dd,0.1058149816089942
3639d96562366ada,0.04405340001865814
007d989968211b0c,0.0892203300185131
47b004a1df7ac9c9,0.11068035505402098
f09cbcb79049a436,0.1646343817327523
d3e17fc998bf6787,0.10951244025888561
0c6c8663f624c58e,0.045021390841692446
52720efef03dc54f,0.20190990728748506
c6a5cca33f57da61,0.06404208976802866
b1208369a0074122,0.05780732179058482
b0563e971ad0dbda,0.0431629837874905
a0bb9373f1dff1b6,0.1589326072117433
607b5d747f350fa9,0.15049774513344463
8945214e2c9cda71,0.13479954133340322
7fdea294906af44c,0.1915827712644595
1f3c2f31d844d10a,0.04877563761068382
248eb5a4a5179bb0,0.18760003167627395
f7522ca250fc8477,0.05957697988136963
3ac3d9675fc09e64,0.13061170743999012
b65116a131be84cf,0.15673012241539627
7cba939dfaa4fb1c,0.16447463433158843
4e484a321de70373,0.13452136460952946
48c00464ee810da7,0.12024326601790006
11c760a8108e0ab5,0.13618492370296015
4ece5849758d2bbf,0.09313776670653973
2d34cfaba66dade6,0.18381666320467668
597b3aa023ec1731,0.046605422342957774
65e095698c6b2018,0.1360913661394695
d4685373bfa64d8c,0.06794745881895548
b2a24aac339b046a,0.09297582341132984
d018e1502c830522,0.13257578501437628
b4a5d705266bfd48,0.06931532163455029
1bc1ad21db736edf,0.05982685437120329
3584862144963b16,0.0721519288091141
64acc3b4a0341a38,0.03996032313923083
ae1b7c2913418b6f,0.0349333131031871
5ff184c18b029b7c,0.04409395444337859
d407cc2c1f68ef5b,0.2130104445691497
10610f40d2c4beb2,0.04602820611203701
a8e72b280bf38b81,0.05626023809100017
4802ee9701571a2d,0.19265255819912164
c0ba503ad79cb130,0.1779966419067758
a428e18a2571696e,0.10224989701767656
d973ea3bf88a0f3e,0.14728893621301
cca48a6fecdefbfd,0.10829366129594312
387eb4b1c9690ed5,0.05941190513033818
f9b045f246df515e,0.1253395925386182
b8aa274fe0062de8,0.11722376568594459
9d67fee3adf9e1fb,0.17214835080635776
3196cf2ddaa8893c,0.15202495196967525
c6cb67394ff79930,0.08059592166802074
b713b9f13a1a825f,0.0676711208860796
0c55301e8a9a0e8b,0.13302894811731658
06cf6a66edc51d64,0.1267114129684634
73877568d5adcb7f,0.04353961516955082
6e713b6c6d9ff701,0.17022286590146557
35b98290788b0e15,0.1727729533708754
c1699d21d21f249c,0.05665362452316422
4d4b1f0d9defbbe6,0.1683448112968699
c1eb4bc9fb4e0c7f,0.13301995755925278
ac64ea4bb93cb2ae,0.16942205240008062
a6c0198d0ade9eda,0.09728925263038474
4ee5d36590d4f29e,0.10543910577644038
39d7718a5529cc62,0.04005601770803459
4f6e36e222d122b1,0.08808934128757524
f7b65c4533428cbf,0.14665577191590634
32839e57f8e1ec72,0.08676305036197055
0a631a26c3a1a8ef,0.14274626377516653
42ae365efff05b84,0.08056922335764921
aaf16c83ac07884a,0.10490123738998151
e3fe57ec38bc0cae,0.07300696753093673
a269d748b94103bf,0.08786485184406902
29320c0461eae48c,0.040498382268465125
98b75056b390e87d,0.14441342356354941
a18aa53890bd84ac,0.16407474387962082
fc5a2a2354cb11ed,0.046192111231616706
912408725cfa628f,0.10298864366205299
6453b1a068b68ddb,0.16037832384866454
d95e854d614ff5a3,0.12876982132663128
85a79337144b2a84,0.07044498020029417
b5e18d3eb66f6250,0.03778370046656668
3b90fc3f1087e3d5,0.03535617034340678
36f89bae0e5df26e,0.09030936723146678
7de9a21c9a6df7bc,0.14942531008282928
4ad662d48155a76d,0.11248285374041372
1016d05cc8d07dfe,0.10435668283344501
b0a028857d9a81dd,0.1012237132873064
c7da65ddda5ab002,0.13818218960674183
8faf1048140782ab,0.1241753028858819
d0f1cbe5f5c2cc97,0.14039808412276797
766a85256e2db000,0.04651262044070621
83f8495a5ff0fc2d,0.039899536029294504
a57ac84facc6651c,0.16509376547136054
3e18333d2d1812a0,0.04454834002204547
2e2c93c0b28242d7,0.16929934875575592
290025e556e7a964,0.0759250089944932
34abf7197c7817bf,0.12262633434369481
4c990af23095a8ad,0.13925802997698877
b30f0e7ab6ef02e6,0.08747515083869804
955f054ef8ac2a98,0.15057863278193548
efdde8377abe8fe4,0.1387014652074977
cbfaa9b940f4c2cf,0.17340382072352908
51e64153531937a9,0.12178824659566248
3b7b80317148399b,0.1229468307942827
b1de8383db45dfc8,0.10465163293728898
0d3f9429ecf4d4c2,0.05142890100673653
c4499c39e29ecf53,0.0825139936411458
7800f7a3f936332b,0.0601471456353636
b837532e3fdf4a50,0.09801606055564643
c681da0099cefd6a,0.054342732078161635
c7acb3b5705e68f2,0.05105203884019646
7072f5cd32c791ed,0.17842689609251294
00b5216b2f2dfa33,0.7327249348157838
b2ae02f82d15b4ad,0.1134375116185679
5ddd4c1db54b9114,0.11921254045783106
3e6fa59b53549aa5,0.08324216620537639
6b853eda68180bf6,0.17524202326282795
0ee247af650122c3,0.19006294059597945
9e2c6c5193f21067,0.0529394723018264
6cb5b3e20565dfc2,0.14493522206766282
dedaeeed301662dc,0.05834249813099769
7244a91f3ecd611f,0.035082757291816744
d5447b494619e05f,0.0907411014168656
d114e64d8dfca5ca,0.04139622697384298
762e061721ae89c2,0.042389233457694964
0359613691f7c01f,0.08878870655329665
ca90a47bd789f6fd,0.10023239955727571
b43584123f43b018,0.0629783838058557
0770e000ee552df7,0.1256780157115822
b396a1df0d592f4f,0.05446131651482583
51ffd9a173cdec87,0.1994562429402782
38e628d583de2dcc,0.04086848334927016
5e444909efb4f076,0.09951275086769792
147047e5cda600ea,0.09545921177652672
02f5e786b6ca732f,0.06717947367535201
b29abac474eba51d,0.2514634464130613
14f09256775b5595,0.11685939237221717
4132a178395f2d42,0.0906775049653733
3ecf5a5ba7668082,0.05536323633790058
f7b8ef9f4baa3954,0.17649172515398454
344ae6cefc6e5e28,0.05608971333670073
9f8993a4d3fd8c66,0.08823393928184298
02fb2d64b2963430,0.12100909603071121
cc3e88fc10db73fd,0.1484780041167207
e1b25ee0d1bded29,0.17215455761229323
6811aeda7c48195f,0.11803183436591358
2caefea2089d3348,0.14262945923990586
06624c42e6f173c4,0.178961154567347
18d0862452891d30,0.11884004930990152
aeff78b9acbf4d71,0.0561789254003069
3c4fb720d11f542d,0.0562286270857747
ccf649ea4bfee844,0.06670456224022345
72bca5a449e85cd9,0.05983270069589275
fd6a74697a1a9ec1,0.049373772723385834
a629bcd8e7727428,0.04930658577603482
4234c32600399d7b,0.1408612506901584
dbf0f354d6059039,0.05637651124693572
3807b180f301e7e0,0.12187621956154043
5cff8cd0dc4c326d,0.0675320955533657
a28550e03a14c9e2,0.1641227720384821
244915cbbfabaa93,0.044397735217378845
f5d28c37e1483258,0.0770492075245559
625d0351dedf957b,0.11258998382143152
daa98d98f6971d07,0.11152293996056098
aac141e3478df5f8,0.06257706997380012
6e2d6b44bfbd409b,0.14139812636512517
34a46acb36dc8ef8,0.03786266722194847
f709bf78e6f0fe9a,0.07078748741653298
573ce0864f1f1a1e,0.055825953263032774
d6421a369f95b35a,0.08208992997101908
6c74b5b293b1b97b,0.05269267965185646
51cf0713d5fbc070,0.1332674428880544
062ba7304652bc27,0.05654863080767393
930853397c388814,0.036136637253231525
2e48c840c19e48bf,0.1433629341237431
2a51f116e23cffb3,0.0926468617821123
070669d7057f8aa5,0.22144329632563753
967936eb15802a83,0.10498854594848187
83ec0a0ff919a926,0.046355621291554745
a35f4a25719a4b95,0.05042692803476693
e646bad2986e850e,0.1336570021652212
8b488afbcc578dfc,0.040355183340973697
13ea6594c14a4026,0.06858980982094989
d0e536523f93f64c,0.0820305678940706
0e5ca22bcfd8c5db,0.1484431912433755
9fb1e891c08b715f,0.04393903956259593
7199fd0ada65fcc2,0.07157379145051544
2275f9dac244010e,0.039921727630995885
24e5ed05f908296f,0.060457805560272374
6cb602b86bec19a4,0.12684625696680496
9325343b0fd3d676,0.07263826047592525
644e5f81463951ba,0.0852460866783743
37046a2dda9e5889,0.04869173590840148
c7df199599dc296d,0.07874105299546902
54e463d760c0c6af,0.047598056436006994
9bde8f101bdb4095,0.08473305509824727
bc5c320666ed7ca3,0.04239171720847989
4e44d72109230bfd,0.13185319306429866
235aebae2ca0d45e,0.15090518487784035
55a1d48711c4359f,0.0638058174928631
c1ec685fcc48d91e,0.10218123356604308
a51c93906bd78ab7,0.12333185085734921
207c0a6423cf7a33,0.11282071565109826
c7693bad80c482e1,0.09236157577393511
36b92309f6e5618a,0.09725327324190625
26ee6d56130da0fc,0.15488632691916027
587c7d36156381d1,0.04548510931787865
50d432d2b52052b2,0.1094085536956911
b738afb14f60d587,0.18853729128850094
1157c08c11e901e9,0.11154852419055604
cfaea6958357ef1d,0.07102525026004067
d8b3ec80ec080d08,0.12734210364877468
809c8f80468b1337,0.12955464470257425
1bdded460bb636a5,0.1324195620686642
96cc52a1a3f13e6b,0.0694158679799366
c97a25af08369f73,0.054875608963008554
0de5d7bc5b46bdc6,0.07043748787677848
c6eca151f8576037,0.09805511895306579
7ef7f606745e05ec,0.039439210504658345
c5ea9ba7fa065f8d,0.27046412264542485
63142c0d75cf9aa4,0.03984827668219046
c396e609d01a9bcc,0.0517850552602811
7c9db70c27860a32,0.1196826909999913
8dd4bb6eda603b43,0.07253443316511769
d5eb724b5ea43bba,0.1723537358340838
e7e9bc7d5e2e5674,0.11425797550901752
24b3176d5020b612,0.1570455368372469
6fed295aff782896,0.20347838296761905
12d17a3ef6b47faa,0.1560477049989877
2c550aa9cd671368,0.042555495325847556
df00e28247baf9ff,0.11607827168709814
9449a45c9d7b914f,0.048710555566547346
9a8393310d9b352a,0.10230270430276481
e1b1b6a194b4b1d6,0.06818155858051188
7097d3e397e94525,0.0532411914074942
e3d1f895e94e8bbf,0.11350349113085723
6c46ce4b2303ecb9,0.09795354971156874
999760aff655cfad,0.039590400677893385
6d526f4593563124,0.07626359644103138
467801b5de42246d,0.12031177819840733
81c9cccf75c1503c,0.039868246982328354
bd1aa64c7a5dcc06,0.03578186814020912
df1a75c489d95957,0.04674344481457203
7e6ebb5b237b817e,0.04830611746853103
1aeecba2c7866fb9,0.11434674589075433
14269028868b89d2,0.06167893037915115
5ec456826b243dcb,0.06886876233027982
e574a546f8e193c1,0.18895622522118455
b0ce65cf243f3ae1,0.12845653964035678
8b8e8a00e6e1fdc9,0.0544809682932276
4a87b2b000e87686,0.13997228530896016
1175204fe5f8cb6b,0.06310237614428746
50a79bbfcd719a29,0.10643915557186692
0d8c215cc600c1f5,0.06502117111019425
3ceb989ec05cb0ef,0.15554543668318693
c7ea3f3ae516dbc5,0.04677821364366258
060631dc9f8845f2,0.11463819861304117
4ccc3fe421151149,0.04773053074815929
fd51240f58f2ec0a,0.03984958219976394
9bb25b00d30f4ce0,0.03593496712756357
1e633867010ad35c,0.04210611564900155
90da0c9b099080e2,0.07424722609768862
f3ba8015df41ef05,0.1493325404491574
7006c751c11cdc01,0.11709022648219186
db5b922ab7ac849c,0.076121895415019
8ed9c5e3ceb94d30,0.08756632502832869
32bc573af0d063e6,0.05006272375665639
b6f5ace9b32140b2,0.09280137925385558
2acea7857a236b62,0.10229058641966154
2dd5886a7dff0caf,0.11077389944146332
cec7e9631578eacf,0.17569068186197326
aa1276a52bb96bae,0.13138928686336446
f90658bc8d521271,0.093462873863732
8b65638e31a74f80,0.12568565904564913
233d4e0eb18d8449,0.16777339832917434
95e779988eaf54f9,0.10959999863832016
ce033e0586a41f4e,0.051993998233378344
29007abfebc6bd71,0.12054328814802567
37555eedf932eb41,0.09263801968331464
43f0b7fdd64e4d62,0.08923817999500977
48d11190742f10b8,0.17210858382406652
54167e2d347acd9f,0.043765644688560125
adf2b2540dad8766,0.12991704021937578
aa4854b6b5329860,0.8421180578858671
371dbcc2d3dab4d7,0.08812878019042028
29fd5cd58cb38dfb,0.12802997037709443
276d786a03dacf69,0.09345119920521391
90290aaf619cb77b,0.0690540561704264
80904c6eddcf06db,0.038086247003570106
5232eeb9a1fa8f60,0.12368824721631884
6205daeed9459b81,0.06010909630079782
6b4abc5da4e3aad2,0.12403777144020027
ecce281c5f6153c3,0.15162032005417134
926feb1c20abd0b8,0.04884407642812236
64874c60d39dc86d,0.14576283173635252
1868aaf30c77d6e0,0.11108266414631679
52e964be6dd475ed,0.22177968639719092
4404ade20ca8acab,0.14689234202899384
f6bbde7cdf6430cf,0.7614337297298351
6f9ac9a8227bf174,0.11276265106817698
e4afa0c3ef07f2b8,0.06608914777212456
a85d4f04f63f1f8b,0.058540547137644464
7f3411e87c2708d7,0.09656674939514526
5be924d7d731a308,0.0840144184772265
41ea202bf96f7295,0.06803849276183616
e7d3e68c097838d3,0.17856139660648873
c21ded045b04b1d7,0.08118099433012647
a87de56d4f2dc966,0.04380953277980852
b073cc5a7d5d1fc4,0.08679302641052017
cdbbb57088163b02,0.05563611637171875
97a093dfe9e1eb64,0.17354041210615162
68aafe54d00b3081,0.10172835148004372
dca611f4099c1df7,0.06586681017291611
068c9856fb6bfd0f,0.05067370518798225
ccec2927e56ab3d2,0.03381333021058607
f4239e382087c8d0,0.1825286327100874
a37f1921e2ae64c3,0.11394151984266085
abc7d40ccad7d04c,0.044265689493352633
7be1ba405f826136,0.15850328601476796
82f1ae3eff7b57d1,0.0666557044109614
64bcb6835fcb93ff,0.15175727631831182
8a7d498479d37ffe,0.08213758409067182
ddd893f6f7c67340,0.05422109719154945
63438b2313c7cb87,0.03696712156708286
