id,label
6403a3f8d07557bc,0.35821222065947805
1b1d097ff5b144e1,0.438740428191905
08c7c3c71a02ca8a,0.8309423347398032
7f09e9039629a38a,0.5042350367244882
1fecfdee265e685f,0.9262853570870448
2b1b1ab99f54e1a7,0.4963119237380841
f893cdb025b56c89,0.7405375839974995
84466d5fc69b1dd1,0.794686669792155
e0f419be2a81cbff,0.24433505235192998
d9e55e1259c7c29e,0.9015158618534147
602d7f4b0882ec4b,0.7730895452414439
67f2f87cc129d7da,0.6405219565557119
eec96ea0e1c9f7cf,0.010751679949992186
d85127e773ec4820,0.7262228473198937
9e96822b06b0f7f3,0.31590873573995937
c6489148a3f9498b,0.5132364431942491
ad5ca801b22a4eb2,0.027582434755430537
22e01b671e9f12bc,0.3893420847007345
4953dbf3e113fbdc,0.13467729332708236
95397470f084bc6e,0.9665572745741522
ff39045f375a9792,0.20121894045944677
893575902a76b6bf,0.20031254883575558
4d9211d2b44f7d9f,0.564869510861072
8205441451789e41,0.03970932958274731
5ade617aad761daa,0.8817471479918737
7d8bd74eaaf831a8,0.6731989373339585
3a4abb16616fb838,0.17491795593061416
6e14ae545a54ec6b,0.9018909204563212
a6d127f7b7a19a79,0.6818409126426004
e29e33c4a6eaf6fb,0.3989842162837943
42b296aec3a400d2,0.4998437255821222
238a42187f0c12de,0.26124394436630727
4c99d80ab952e272,0.8392717612126894
ef909ea8db65784b,0.7364900765744649
53283f9869842cd5,0.787748085638381
fa99ef0b96b51157,0.6841225191436162
3cdaa31c37582a6d,0.8846382247226129
e007009eea08f15e,0.3764494452258165
e46769b586a6b83b,0.7671354899203
c77497b63a864028,0.21389279574933584
bceeb0086c625fac,0.21479918737302703
5abf8e5791e5fa94,0.9686513517737146
0b7d89ea3694651f,0.4834817940303172
ce60477eea0a9007,0.9222691045475855
847baeeadbaba41a,0.40132833255196126
aefefeee7da6b616,0.9263791217377715
321cc4b04985f915,0.542491014220972
590cfafdd102ec19,0.7094077199562432
0a3027ad8dd82438,0.2607907485544616
01e58c9ae88cd390,0.10997030786060322
8f5eb2d903aad722,0.22734802312861385
3f1b90f008fcd5d0,0.909907798093452
9e55098b34909114,0.8874511642444132
ed3723d6f0b305ec,0.7571339271761213
e1d77367315c8c64,0.4161587748085638
b97a34687794c3cc,0.024441318956086887
2d9a8bda25c031b1,0.1668854508516956
367427e76fbb967a,0.6461322081575247
2d1de7cf3363aa2c,0.35144553836536957
d69cf5bc1f0112f9,0.11447101109548367
2a75c552e6a0103c,0.7738865447726206
943114c642b7e30a,0.20153148929520237
5f4258edf6c1b382,0.12467573058290357
ff0a817eba03cc6b,0.8306610407876232
c77fe2a4fb942f02,0.9044069385841538
df587d726667a5fb,0.7355524300671981
8c09d6fdeb48dfe5,0.14202219096733865
564e16bfb829c7a8,0.12150335989998437
e592482dff2b62bb,0.0539303016096265
33319a7020313788,0.6462259728082512
4700a73d634e28f5,0.8876230661040787
e5d9aee597bb4052,0.3169088920143772
b93533776029ab4e,0.9216127519924988
e9274894e7ca5d48,0.05691514299109236
37e126228f093cb2,0.23097358962337866
ee5e8daf19a62436,0.894342866072824
5c2af7cb33fcb9b8,0.331020471948742
dd6cf914fd458758,0.15575871229879668
7943edf1ba3d08c4,0.3296608845132052
50dccf68b6d84c9a,0.4069698390373496
71b1d024ea8e0791,0.6812314424128769
a8ccfbc903739855,0.1563525550867323
bbf9130a10bb2e61,0.059868729488982655
41a2cd1fb3af1f62,0.43364588216908895
e5b00c5e94bb1efc,0.4991873730270355
8a2951b875e32f95,0.1989998437255821
4b4241c32f2ae2c3,0.2824035005469605
8beed49416c057b7,0.35732145647757463
1cc185c7cde5f29e,0.9089857790279732
635d0e269bd151c8,0.07580872011251757
9eb98f9a7202dfe8,0.12312861384591342
c224615f7e3ecda9,0.05027348023128614
f93a14286735bede,0.2090951711204876
c118092c44e808f2,0.7114549148304423
0972b7359cd12fb8,0.07879356149398342
22318b12ec6eb14f,0.6818409126426004
9c92d4068021c258,0.8215346147835599
053aaf6bcba9464c,0.2908892014377246
966f0341c7d1f5bb,0.2484919518674793
624826d8d4f7d476,0.3105485232067511
250e83ae550b1992,0.8141115799343648
9ff420d30b835836,0.6666510392248788
f74cb9754e9ea82c,0.49249882794186584
8ab5a2752e698725,0.3313955305516487
56957aca1f34dcea,0.7419909360837631
a6c0cf21bf0a1be2,0.005469604625722769
427e6266110ac72a,0.9062040943897484
7b84fe626f3ebccc,0.751273636505704
6abd9ee5808aa267,0.32580090639162373
15aaf86082111e4c,0.9052039381153305
afb1bcdc94b9bce3,0.05477418346616659
93a337e7b4fedfd4,0.4670729801531489
cddee4f1517d9dd4,0.41964369432723864
755140c7bd8e7223,0.4038756055633693
0ae88cec371ee0f0,0.09492108141897171
08a9f02754051fc8,0.9163150492264416
4bab179b9218d454,0.48595092983278637
2af9aad0b831d3ec,0.10815752461322081
7d330fd87e35ee09,0.5313642756680731
d79f0de699294b3b,0.8485544616346303
652a8c0826eb2609,0.7805594624160024
2ae2ef63a2565c3d,0.9286294733552117
1bcffad3764f7c4a,0.346960462572277
707e78f41fd82174,0.15507110486013442
e4824a55ce76b702,0.09603062978590404
993182bb80730c31,0.5406938584153773
dd67c105d030f636,0.7611814345991561
3dc4dceeeecb58eb,0.5983903734958587
90a67d119116b976,0.8092358180965775
a483f8d40e026f5d,0.03245819659321769
3d24648e710fafb4,0.2224566338490389
9104c44e8910b122,0.1514455383653696
47b77ad7aec9f1dd,0.18435693077043291
a66cc4155a0edaca,0.6172995780590718
1f4dcc29503e1a4d,0.6195811845600875
0a295834d6044914,0.3127988748241912
bdce8615df21ee2f,0.03227066729176434
694b4d3b1ed04c61,0.18581028285669637
ffd75ff5c92f624d,0.6264416315049226
717e992041e77d9a,0.6535552430067197
eb5157274916100f,0.6729332708235662
b77c5c610fc74da8,0.09201437724644475
41d2ba14e653bbad,0.6779340521956556
f2b612c9be07aabe,0.4966244725738397
3451e892c310a998,0.4692295671198625
2ab24c04722d8bf6,0.1518205969682763
38ded7c17115e7e6,0.8134239724957024
afed8219aa70efeb,0.41751836224410066
1e9c4d7d2de01fba,0.6997187060478198
c1bda90e9a3b9ec3,0.36976090014064694
d406fda410e7c177,0.9178777934052196
f49753bbcfabdaff,0.5483356774496015
4daee2e232e58a56,0.9779027973120801
858a9c1611f558cb,0.5757462103453665
05b0a9e8b1444d99,0.38074699171745585
8b2ac5da79a42e4a,0.697452726988592
222fc0675ea28b67,0.14860134395999375
77cb5f88dff15921,0.532364431942491
947d5752d88dc00c,0.849570245350836
309a531dddebb471,0.8949679637443351
7e5f9d7d0cdf5a81,0.1301765900922019
6dfe2ff41e67b01d,0.3972026879199875
9a51f7696f388499,0.5742616033755275
9c5cb5a9b9b2b4cb,0.8294577277699641
bc7e89abddb2aa54,0.9990310986091576
5d3eff0bafcd186f,0.7623222378496641
d592e9d5579075d5,0.32875449288951397
475f765f9fa22959,0.854102203469292
71d36204d6040aaa,0.7037662134708549
78119b8ffb9aa8ab,0.12950461009532738
09d1e9b9b858fe18,0.7631348648226286
ba5f5f59e3b0b755,0.8360681356461946
3b7344f40bf64734,0.4650570401625254
1f72c876a5e3738a,0.7565244569463978
86262f7438a90d1d,0.5130645413345836
3f6e10ed3e6a6303,0.6767463666197844
ada42e94aae1a58f,0.8742928582591031
b5320e4cd134414b,0.6044381934677294
ef83ac91e80ddd9d,0.36407251132989527
b8a457f0c9f14bef,0.43577121425222687
74947cda3decdbb1,0.5044694483513048
a39392c735bde1ac,0.41637755899359274
afb321701a74d5b0,0.06994842944210033
df401b9701e04299,0.23717768401312705
c9b67772b4c4f44b,0.813314580403188
b5665177cd7b6c5d,0.01093920925144554
1d621e5fa6b0c45f,0.5125488357555867
2d595ec6f4c2524c,0.413455227379278
6a96a53512d24696,0.2609626504141272
b3a68808640b25da,0.06235349273323957
cd9f2b2346e70af7,0.22062822315986874
d78d162e0d903e67,0.8524456946397876
512b0444982361f4,0.8398187216752617
36f4f9a58e05409e,0.13705266447882483
e4b4fc878504822b,0.49018596655727453
d2c6c32ea3387653,0.09067041725269573
62d5596d1fe892ad,0.6337552742616034
8756eb85074bbf32,0.1989529614002188
9120f37fb674d8d5,0.6434911704953898
ad529a51765d4ec3,0.2859978121581497
f5e98c69a45e4a76,0.8547741834661666
4e8ecc5a6ef67336,0.36215033598999846
e26f37d892f837e3,0.7255664947648071
377bd33e8a9d5e7b,0.30600093764650727
7277e822016a05a5,0.4668698234099078
94fed9a4092a19bd,0.539162369120175
28d304cf97ca614c,0.729113924050633
5a5195df47e373d6,0.06941709642131583
ebc9acfa1d364336,0.23431786216596343
5d76c6de5ee62843,0.5952180028129395
511d1dd15e99184d,0.6199406157212065
b6d744f202fb4a14,0.637458977965307
43c3e8abee7ceeda,0.662744178777934
41afcd725afd0bb9,0.5594624160025004
bd4f0c1a61da90cc,0.9699015471167369
ac5e8e6812e3a526,0.7672292545710268
61843635f4d407cc,0.8850914205344586
d643d4e6d84db59f,0.686466635411783
5c0b8bce49a0a773,0.8065791529926551
7c6020b2e5dae41a,0.7246757305829036
4a6f26c4ccfa8a2a,0.21961243944366304
f5ff436197b8129d,0.46727613689639
27b8587241bf56d8,0.34489764025629005
a198a7b963854e6e,0.04075636818252852
8661667952751501,0.9422409751523675
282a1321ef8c1306,0.3562431629942178
db3dd0b21b03ce9e,0.7072667604313173
3bdc9a83d65a78f8,0.6281450226597906
2983651d59dfaedd,0.7817315205500859
ba2be23d69668658,0.22739490545397717
89d58eb00d13e4fd,0.26880762619159243
d2caeec36f4769a6,0.513533364588217
dc23c7fae5f57288,0.17046413502109706
c6e284593c89d176,0.6313330207844976
523464c4f48eb02d,0.7067666822941084
cc7624fbfc77736e,0.896608845132052
6b0c371df7cfc676,0.6256446319737459
986e8a5497d243a9,0.9314111579934365
0880ed3a1a77013a,0.6916236912017503
791d60ceeffd7ccc,0.9675261759649945
1fb2b452cb819b3a,0.7854508516955774
6e683e5731d8aac7,0.6522112830129707
d752f92de2b858c1,0.29087357399593683
91654f6c88bcc480,0.2934521018909204
308caeebcc6bc059,0.3541803406782309
0a092e2b8c9c06c5,0.6732145647757461
e29749c7cbb0ef48,0.0863884982028442
02521319f8872bf9,0.11465854039693701
f699494da66c4efe,0.6202375371151743
060f874ec99eadc4,0.5117205813408345
1a2ea8a74fd54c2b,0.5606032192530084
a98b83e132c75465,0.10592280043756835
0fe8ca7c247fab07,0.6468510704797625
c8d9bcea59632f23,0.6217533989685888
0ab0d9c2a040f32e,0.09295202375371152
a03fc647d8141fd3,0.9512423816221284
1036e1cd53a850ec,0.1084075636818253
519d3f96c9895253,0.24125644631973747
28df6bdb66f8e09b,0.8183778715424286
89713786047cfd0e,0.4960150023441163
6389830954a0227d,0.5174871073605251
8a5f2d2c5004dead,0.08295046100953274
19d4cd44aecb29c7,0.6049695264885139
2ed9718fa269e456,0.6471636193155181
31d0832c9b203b46,0.2918893577121425
e21b68ce26bfc500,0.6908110642287858
cf8783ddc0b9bf95,0.14081887794967962
fcd44919c1b3f412,0.847804344428817
c6e50665e7bf8738,0.44991404907016724
ce0179fa676d128e,0.9646507266760431
423e064e247fe04c,0.8329582747304266
0ebb4ab2c338fde0,0.6108766994842945
37337cc831e40a2d,0.6748710736052509
04eb53517170d936,0.3198155961869042
dac684a7b8635061,0.4882794186591655
a2f354d17d1431d3,0.6231754961712768
8a42e6579214e167,0.5577590248476324
c35d24cd26008161,0.5722769182684795
077789ab8d103e29,0.6544928895139865
5deb9f3705c67be7,0.6861228316924519
dc531f502bccc4fd,0.49421784653852163
ab4b4d6c12291a2a,0.4142678543522425
47b284804faf97e4,0.5930770432880138
d46bd1fa92be695e,0.1767776215033599
11c536ec56a47156,0.1666354117830911
d5bd7d0c4a297748,0.06896390060947022
d30e6ef239a13f14,0.870323488045007
8be010237b513256,0.807157368338803
e3ed18d3d53d8aed,0.31242381622128457
a9f5c2f8c5922e10,0.914095952492577
05a75c012be2ab6b,0.9845444600718862
a068617fc089ad48,0.6677762150335991
687932e8fcf71376,0.07190185966557273
fedeffd4ef29f976,0.19937490232848884
5d3e23d9b2256c27,0.4366932333177059
c6544d7502deea99,0.3528363806844819
096cba9bc78d7637,0.6811376777621503
76b587348b5c4d59,0.733067666822941
62185555ed060f0b,0.5107360525082044
b538966eb4ce164f,0.10315674324113143
8dfc12a6712b0903,0.6964525707141741
3ab52adc4b1c1768,0.2465697765275824
463847f9a1f414b6,0.755368026254102
e93e14d11fc793e7,0.1702766057196437
2cd7ea4ff0b97ed6,0.5136427566807313
3cf1ec0a8c671d61,0.10640725113298953
e39df281ee7e153e,0.2646194717924676
272a6816ce2c7c9d,0.34120956399437413
f56230f889018c95,0.813314580403188
4119f28f6d4d40eb,0.45733708391936245
3e744e15c1c6600a,0.5737458977965307
7975b8ce43d7163f,0.6130176590092202
76519a1ae0dba3b0,0.4277230817315205
6f6aca7dc35afbbe,0.4540865760275043
658aa810bdae773d,0.9837474605407095
41c3618b9180e8e2,0.4126269729645257
7cd53693b2b3a4b3,0.18927957493358338
a450a4bce9f2cac2,0.7377246444756993
05bd9ec45ff54b8b,0.12970776683856852
0d67ef8a9dd3249f,0.6622597280825129
514cfc846a144390,0.75496171276762
2856a2a0114ba55e,0.9469292076887013
ebe02c0b1c116ac9,0.19145178934208468
cc31cb4421bd54a5,0.4972651976871386
d63593c7bd5f72a9,0.7685107047976246
962b8c33b5be069b,0.24916393186435382
40e508ceed1116f3,0.2547898109079544
668eca9c4cdf1507,0.37905922800437564
c15735bac7d4e6bd,0.2581965932176903
09d2cd5ccb05a325,0.41631504922644164
71ed58a8f5d479e3,0.7521175183622442
56fd1ce474cc243a,0.965369588998281
4c4fc4fe6dea340b,0.5330364119393656
68fcea284ddff8ff,0.7360837630879824
8913329e85f873f7,0.5819971870604783
7a210b4ff6c29678,0.7299265510235975
91bd2a01c0384263,0.9325675886857322
14e4e31c9bd8d90b,0.14238162212845756
410f92d0f317cc8e,0.5632286294733553
780cd523f303a8ba,0.40007813720893887
77ae2af1842fa5b4,0.3431161118924832
eebeb3dc997eab87,0.6077355836849507
fa6c4d5205fdd5db,0.9681356461947179
f1798e22aeb3b385,0.9224253789654635
8af0df5286089649,0.45693077043288016
6e224e4033db63b7,0.12153461478355994
b8624ae03bb7e7d7,0.03503672448820128
52ca2f9cf118011b,0.9305047663697453
52c5dee14f8320fc,0.7807469917174558
43a4ed5577b3346d,0.6392873886544773
332563e196c7a1ee,0.6516330676668229
cc4b32b77225218c,0.7522894202219097
0b34a503e14e5271,0.8598374746054072
33100c4fe51f7435,0.6176746366619785
6de5ffe2b6664d73,0.05186747929363963
ba39076152cb0ee3,0.40265666510392245
aed179ff9c81f4f1,0.12400375058602907
ea1a9bf792fb6a7e,0.2764807001093921
2f06ce2d10fe3866,0.8008907641819034
11855575a4718674,0.43974058446632286
06d39de4f0e13f3b,0.6388029379590561
5fd7c68abce444af,0.7449601500234413
d464bbc0a2f6ec7f,0.9182372245663385
86a7d5c47fa116f8,0.05966557274574153
a260e587d0fd3fdc,0.972589467104235
6c07a18d9f02a585,0.8024222534771057
8fd3d88e27ef7240,0.3366463509923425
80dd9757384d7ae3,0.3457727769964057
00a0f9038422aeb4,0.5034536646350992
dd38ea8c63c0a90b,0.4721831536177528
e23a165731b18098,0.8199406157212065
9bef89bb8b6e707d,0.10875136740115643
db5779805bc9128a,0.6078449757774653
13c6185147e496ca,0.9182528520081263
c23ad10e1020a370,0.38779496796374435
cdc252e1304b3741,0.3333177058915456
c9866843a2ca38c5,0.4673542741053289
1193dd7feb2e1c1f,0.016236912017502735
145626c411263ea0,0.40415689951554934
b2bb6e4261a0a280,0.8798874824191281
ce6c9830339e8d23,0.6607751211126738
e5a315b7bb844af6,0.6900453195811846
d85cacbda54cea30,0.39493670886075954
ec609eb2e4100b33,0.8364431942491014
0d785515807808bd,0.8682137834036568
6bcfa2aeebd0236f,0.2322862947335521
9ed83fa2f828fbc3,0.17621503359899984
f596ac3c62688ee6,0.8040631348648226
654c4ca75e7a6d56,0.7620565713392717
162146e83243572d,0.8075324269417097
9878dbf0860838fa,0.6634942959837475
332ca627787dd758,0.791498671667448
679ad425e74f2477,0.31942491014220975
df5a276859dd4308,0.7940771995624316
e1f7d0ae0443184d,0.7865291451789342
a6434286f4234aba,0.843694327238631
3351a9314dfcaa5e,0.08951398656040006
e19b22778dcddf3d,0.3996874511642444
a98a59904fcba403,0.5175496171276762
efe47bc01bf23b67,0.4861228316924519
a1a862c811a320f0,0.5318956086888575
bdef7203033a959e,0.7531645569620253
0fa3fd428635e63e,0.3269885919674949
8ed23ba67702fe54,0.9480543834974215
ece14f4f1731d91c,0.9257383966244725
ca20fb73d0c544ac,0.34922644163150496
927bbcf7fa67bfb8,0.8537583997499609
deffe32d78bf8a82,0.6556336927644945
319944ea096b3a65,0.1370057821534615
19bd6f94f36d44a1,0.40901703391154864
6e7447b72d462201,0.29921862791061105
be6959210f99dd41,0.9855758712298797
bc1a4abb3dbcab55,0.392280043756837
41032395ff67eef0,0.9160650101578371
2b4004b2678cf0a1,0.4578840443819347
469658e2c6728fd1,0.512814502265979
e67a54cb89e72744,0.13867791842475385
0a1aa269dba98abf,0.3455696202531645
746e977975fa2166,0.0331301765900922
ca51e1b6ef04fd43,0.28627910611032975
dd96408688197b1f,0.7213783403656822
23b5530f05f1d9e5,0.7257383966244726
da29e21770225527,0.3240506329113924
adb83a06bb93e782,0.25385216440068764
0e4d2b4f26be08db,0.9396311923738083
6ece7a74dc7701ed,0.05647757462103454
e5306d42c50fcc55,0.08818565400843881
4381dd659292aa24,0.36660415689951553
e31ebedf532c25cb,0.6347398030942335
853b98dd483b98b9,0.342850445382091
2e54b76182ee44e1,0.7220815752461323
338f6834e70af5fa,0.02059696827629317
b5abaa739dbebcbc,0.9193311454914831
5a8bb8464a290761,0.7698702922331614
f0e90b285061c449,0.074433505235193
e66581f055ee3b78,0.7341147054227223
0a21004c4d12a011,0.39923425535239876
04cee8b938d82d19,0.2301765900922019
c2eb2ef42ef59006,0.4942959837474605
4db76ad147f6dde7,0.6151742459759337
388d2efe55423a29,0.9370057821534614
b9875250f7ce8623,0.6194561650257853
e354d93aaeda004f,0.9851851851851854
39e7b31ad6490a4b,0.7480075011720582
a31878efea02ed42,0.31795593061415844
4db06f2609831909,0.535833724019378
e23ceacf623bf244,0.6185497734020942
5b30a3dce1e3fc54,0.8915768088763869
9b09b933e5488d29,0.5532114392873886
64f0282d10422cde,0.3863416158774809
d171c9bf0e731793,0.661540865760275
699a9d5c734b80f3,0.5175496171276762
79281527b5fd74b9,0.3107204250664166
63b9f2af8362641a,0.6666197843413033
8e20990222b8b1d1,0.46091576808876383
cbfad4f1f811ddcf,0.747382403500547
a6dde1511fe8d47d,0.30004688232536336
54e8815e9966bb51,0.7298327863728709
cda24d31d8c08104,0.6266916705735271
2e41b0e18fd08067,0.10504766369745272
6e8f4f5c6e28c26a,0.7261447101109547
1f4157812e2bb339,0.7518987341772152
c2d3133094dc0fad,0.09071729957805907
e7e2da8351240636,0.4303953742772308
ef2946985749757f,0.28482575402406624
ae735efdf3a84f05,0.7750117205813408
8a459d7c2b588a93,0.47851226754180337
df0d35696f4b164e,0.4387091733083294
8f745cf8cd93face,0.061134552273792775
7aef10c8e6aae208,0.23797468354430382
706e881832fde05c,0.9499453039537428
03a6674f904defe8,0.2725425847788717
f00500b8110dde92,0.8229723394280356
1475216e327695c5,0.8053914674167839
3fc20688817559fa,0.07169870292233162
70df3ece5d814a70,0.19562431629942179
bcf591e552b3ba82,0.024394436630723552
a04e514a6ca8156d,0.9632130020315675
f83e082f10dc4f9a,0.15829035786841694
21a0898a3f0c502a,0.23036411939365525
c9afe9c2efa6168d,0.286826066572902
9423152627c5de85,0.8340834505391468
fc5761df1ee97d2a,0.22861384591342396
b51c1517f2b27082,0.2736833880293796
966bd6f4b801db6c,0.8182372245663384
c39f09a3a7ee5d1a,0.7186435380528207
cd4ab667a784a10d,0.910470385997812
053911f801591901,0.6484294421003283
4c12cd87dc745584,0.8271136115017971
f0c4df4801e5dd7b,0.04807001093920925
1cdb9e6374b25c46,0.24797624628848258
55a04d93184e2087,0.6554930457884045
b0259adc08c321ab,0.5003438037193312
3ebefad692cdc413,0.40082825441475234
83d05a33f78392ef,0.36421315830598533
57e746a1c420f866,0.7723394280356305
7086b53e09fe17c0,0.6609001406469761
2cefa5982f1e5321,0.6161744022503516
c4a61e6a8fa1704b,0.6685888420065635
cf3db8bd220d5bdf,0.7560712611345523
75c651d11c0a0337,0.23264572589467103
10dca6cd4d946194,0.537396468198156
316d771ed9f0b6a1,0.29537427723081733
ef64650ddba7c539,0.06771370526644788
721f58982ee85da8,0.9028441944053759
e8f08bd5b06f41ef,0.020487576183778715
8c2e815ac865660d,0.8970151586185342
8191fefedc6afd32,0.1739021722144085
15c9fc425aed1fd5,0.7935927488670105
52f896a602e74ef9,0.728754492889514
c8a94bf1f874596b,0.6424285044538209
64024839f91aaea9,0.7225503984997655
23a06e4e391dfcaf,0.30561025160181277
76fc88367fd4b329,0.14794499140490702
e7ffd70d1007bf31,0.20825128926394748
4df67b2b4764df2b,0.9026566651039225
5e23b5ebcc3c7201,0.8074230348491951
97c325c9980b0ab2,0.14903891233005157
3c8bace911db4b05,0.8157993436474449
d3af2a4f1b0513ef,0.7535864978902953
8a66145d22484a10,0.7155961869042038
f501884aa3b0a2bf,0.08040318799812471
21f8710a682b6ca8,0.597796530707923
67addba46911ef5a,0.8144553836536959
cd5a8d124051f2a9,0.7437255821222066
a1acde423d140030,0.06924519456165026
6284cf5236839f36,0.4113142678543522
37f720257a8a7a33,0.7627910611032973
acc257668dc46b34,0.882294108454446
23424057c8458694,0.4015627441787779
418a7b8fddf172d2,0.5192217533989686
dc356b2589e04c87,0.8178465385216439
f64eef65821a8f3e,0.3503203625566495
9fce647d5b47563a,0.8879356149398344
52f9976ea5b478fc,0.19654633536490076
d240c91989c04146,0.9728082512892641
47ef036d29375b9b,0.9771526801062667
8808a12bef546809,0.33392717612126893
d3a20f2bcf2db8fe,0.514517893420847
a451d8e451fac918,0.303750586029067
9826735b01a08344,0.45291451789342085
c4a29152e2eacc8a,0.03817784028754493
631690ed30cc1631,0.8986404125644631
d84d8a6e6ca5eec8,0.19526488513830287
efbafec85fb00cc9,0.922878574777309
24556c1044963c8b,0.9300359431161118
5dfe6e2137dc82e7,0.1046257227691827
b2400c3aa22283d6,0.26941709642131584
71602580e012f168,0.8749492108141897
cf01eb3e54442236,0.0835130489138928
1a07d25426f87edf,0.5233317705891546
13b3d3fe65bea413,0.3422878574777309
059edd840763fd81,0.8202687919987497
48288e044d74e7cd,0.6898734177215189
add068ffe0671cf6,0.12576965150804814
c99de47efecac792,0.6437568370057822
11cef543afe62f88,0.36390060947022973
e512156389905eec,0.19278012189404592
138703e658867a2c,0.9116736990154712
454c3092e6edd433,0.04416315049226442
dd957118652b5ed5,0.6851070479762462
af01fa5eafb4602a,0.3135021097046413
7bffcfd2a9da1725,0.7898421628379435
24f3f1ab071df78b,0.204391311142366
3ec7c9ebab0a4a2f,0.8450070323488046
3c1d10f4646f69fa,0.3062197218315362
9c5f959e1195fc54,0.08451320518831068
cda81aae0a16f97a,0.8235974370995468
2bf6c949fa0b6053,0.6038443506797937
546683ea9e5995f2,0.7165494608532583
c4563254d849a8c2,0.40018752930145335
e9e85a92d9ed5065,0.3411783091107986
fc9fd5a085f168e9,0.6108923269260822
54049d409156afd1,0.8496640100015627
e4c0d5c0b9045e4b,0.7052195655571183
058f290d4016fd11,0.06502578527894984
e14cd74f951c3910,0.30854821065791527
05018e18dc83e13e,0.9556962025316456
763ff25fb3a65368,0.2217690264103766
eb5cf6bf7c8b4e5a,0.6518362244100642
013351fb7667dab2,0.3341772151898734
e08181f896cfb680,0.24685107047976246
e65d39ec9e3de422,0.8483825597749648
9cf499aa7626f14a,0.5270354742928582
f203a5ba78b7389f,0.6799031098609157
8ea386546c0f8c96,0.9245350836068136
0391f48a6955106e,0.12800437568370057
d2f70a0377eebc5c,0.18055946241600251
b96e54496b6a6713,0.6459759337396469
1ecd7d7fc32cc874,0.6413658384122519
a91fae320445e22f,0.173370839193624
7f7f8d9e95bc3227,0.773589623378653
8ed9c9b27ed7229d,0.3587435536802625
19862b4c0d2f34b9,0.3302859821847164
e5b1c6b3822addb0,0.7785278949835912
191edcd8d76cb951,0.8077980934521019
6b08a1554cdf28c8,0.2618377871542429
706610ca333da138,0.574714799187373
5cb5f8466022eb46,0.6867010470385998
acb3a526d9921b55,0.30707923112986407
947db252e781ab55,0.47899671823722456
e94881433d15d819,0.26563525550867323
34439005f71e07fd,0.16674480387560559
989a2593307d72e3,0.5794342866072824
ec8f1d04cffddc96,0.501000156274418
11dd5f5d722fb0e0,0.7529457727769964
d6738bf320835a10,0.3433817784028754
025b09a306181a55,0.5323956868260666
e5e3f5fbf93a1918,0.8069698390373496
2d60731de40ca5ec,0.3905141428348179
96789dc76cce8bb4,0.7248320050007814
e04c2f21eb86c30b,0.21154867948116896
eb4f7827e27f3e50,0.9993749023284888
c72cafb3b0ed2058,0.09609313955305517
38e789ce64afac4f,0.5600406313486483
961a36d1522e6ffe,0.3446944835130489
d915888ab3fe3241,0.4255508673230192
6d047ff0d07fd1a2,0.26930770432880136
96212cff04501fdf,0.8659165494608534
6cb30ccf0384596a,0.7804969526488513
1878cf5a842e6727,0.5897171433036412
47adc8c9afbd6fad,0.18246601031411158
bcecb579dcba782a,0.2999531176746366
24fe0dc9ab19be83,0.08391936240037506
d56cbf99a17acafd,0.3234099077980935
5caed519a777c666,0.10806375996249415
de3dd7a6a4564414,0.6443506797937177
3ddc28164f664050,0.3104703859978122
45693136342888df,0.09789029535864979
143c3caf6eb25742,0.480168776371308
9295c919e27237a6,0.4320987654320988
0dc756a818dc5d9e,0.7078137208938897
67a0ca3f82ae78c6,0.13545866541647134
cbd51c3558265f5b,0.3471636193155181
b6df5050c31c7287,0.26657290201593997
73f20d006cfc47e6,0.2551179871854977
2de69b9443d4fc52,0.2321456477574621
1ea20c09b6c79a3d,0.4056415064853883
ea1427791f675329,0.5992186279106111
cd6c9a86e5c13535,0.7094702297233944
fe03f010fd99f729,0.9645257071417409
3cac934a5e569272,0.6980934521018909
1f9c8c5a31c38592,0.5189560868885763
325d3152d318ac6a,0.408423191123613
c796149ae059bd36,0.778684169401469
139b95acad0d8500,0.1700578215346148
ef8ca6e1ad6cbc40,0.8254727301140803
738b1f5edad8bc5e,0.027457415221128302
00b5753c64f3aa5e,0.8388341928426316
7509e02d19e2f87e,0.209845288326301
a85aa8068fa925c9,0.8811533052039382
f8ff744430f73aa6,0.7222378496640101
4106129a02383134,0.0875293014533521
3be6495b6e47bbe8,0.649929676511955
d58d8cb98c5344c3,0.38677918424753865
72c32db073874592,0.3367244882012814
b33541a9535d3cb6,0.6007657446476011
f117d4aad78b524a,0.4421784653852165
5e48da846d46eabc,0.8436005625879044
b0b266000f2d6b03,0.814799187373027
2aa63d23f11f3aa0,0.08398187216752617
7ca15ff99bdc719f,0.32748867010470384
286e550605b2d970,0.1817784028754493
140d123f8919309f,0.9011408032505079
5406d7c0119b8b77,0.7609939052977027
feb8f158efc528af,0.6703547429285825
20e9295f7f1b6809,0.32198781059540554
8c67df2b06a8af30,0.4470698546647914
0b5100f2d589252d,0.8356461947179248
a7dff4879e1f2c8f,0.7592123769338959
6b9c17dec469153c,0.8883731833098921
b064e718f3825ae0,0.11600250039068605
633aa423117b483a,0.39965619628066884
2bd2dc8cda610b2b,0.7375214877324583
16b4f1b4b30d7a5f,0.7996249413970933
7ce520db2bb5b181,0.8103609939052976
359fc18aad246386,0.5871229879668698
4040467f440a4681,0.4469604625722769
ba27a17c66a28567,0.6432567588685731
5e4bef63f0b3974c,0.7406469760900141
849863283a0793dc,0.7486794811689327
aa9c499ad44baf78,0.6499453039537428
a3fd494842016ae7,0.6498515393030161
5f079c78614b8a83,0.8755274261603375
7420f14669961a6a,0.7581184560087514
0a083c164a874ea9,0.18793561493983435
396f04d4bed14a3c,0.6350992342553523
bda29126d66debaf,0.3475699328020003
8d5ece395c6a6b60,0.5451633067666823
9ea22d08386ce3ae,0.16711986247851227
1a277b47ca192cc3,0.11870604781997186
5534d1ac3ad47ca1,0.5321612751992499
164e32a2b96ed3eb,0.7620878262228472
cdea1d25f481df1c,0.33227066729176435
37e1f37cd163cc12,0.9011564306922957
4f896e74ddfe48f5,0.7561806532270667
ec881c0b42489ba6,0.5533364588216909
6cbbc142e3b6532d,0.29396780746991713
af58eeb2cce1b1d8,0.2646507266760431
3792b407d3147240,0.43034849195186753
44abea18902dcc6f,0.29920300046882325
f174b76e8c589bc7,0.5879043600562588
d5cb1d76e26e865f,0.9837005782153463
c953fc1a52b6d2ae,0.9025003906860447
dd9860c103eaa486,0.09882794186591654
1a338e9358b4b71c,0.011751836224410065
28a055a15e2bee63,0.6280043756837006
d810129e88130889,0.4894358493514612
20b2f55f0ebfeb9c,0.5586497890295359
2dbfb79bb9d5d576,0.9822628535708704
a4f168601004a705,0.4856696358806063
7419f46f112678b9,0.8334739803094234
7d0ff708b6d6752f,0.8972495702453509
cbb85fa489a893cf,0.12551961243944365
c46a723fbfa594f7,0.3101578371620566
2104390897549457,0.329676511954993
75c276f7d0f29aa9,0.7957649632755118
01a679a23b212287,0.9200031254883576
6cc58651b88eadb4,0.3471948741990936
14cf1ac65f8ca02b,0.12755117987185496
2a5d42d92966192f,0.25149242069073297
2010478948b9aef8,0.38452883263009846
31542ae607bdb59f,0.8618690420378184
783c99f058bdb723,0.45049226441631507
8e49ec786a6d5abd,0.5594624160025004
d2b9a740ddba79a2,0.21364275668073135
47c1231311a7aaaf,0.4811845600875137
c7937d0c63ca6a92,0.45268010626660415
64628bdb8224fe18,0.15791529926551023
49cbb2ff9274a4cd,0.22180028129395218
a4dbc0e728a780d5,0.8704641350210971
54a5b82f046318b5,0.8307079231129864
daa0b6896a1749ca,0.3107516799499922
4a251ebb1de72153,0.77734020940772
edc7eab7534ce904,0.5110642287857478
0d31a18c31d12329,0.9251601812783248
ef643ea0ac629b95,0.33513048913892796
39049e24be5a4306,0.911408032505079
f41fb0591a5b1902,0.08238787310517268
ef3add49907eb895,0.2870604781997187
3c80e6a34fb3e4ce,0.7997968432567588
681bbfb8c5372f79,0.8244256915142991
007f4be9a3f6e89f,0.1597280825128926
25144a9b2bed9be3,0.8511329895296139
61233f40c0cdaa2b,0.2838099703078606
73a058838f6b7f2a,0.9729957805907172
cbc20660739af678,0.9421784653852163
8fc723bf625337ee,0.7998749804656977
3ba49bd9e60f519a,0.11403344272542586
6a3b3033fdfe94b2,0.5104391311142367
c8ed653c9f871795,0.8113611501797156
2f6d48d7acb127aa,0.7808095014846069
92ff64a44efeaa6d,0.34700734489764024
d7169f20999bc93f,0.8672605094546023
53604f2aaf701357,0.6171120487576184
a7001845bc2108a4,0.8821222065947804
e1c8d84bbb8add74,0.09367088607594937
0b6ec467b5610434,0.19192061259571808
8ac52d2ec127a096,0.36168151273636506
b10baee15fb9d01e,0.8478668541959681
221ebe5d40d467ff,0.7357868416940148
4fe55b114acc6ade,0.5065635255508674
d8482a667d8a69cf,0.016768245038287232
53ade36e2a1b1e97,0.8492420690732927
23415b9cfe9e209c,0.708782622284732
280c7808d94b9763,0.8165182059696827
de5885c6a7c6423d,0.923659946866698
38de0e8716fdf6cc,0.3433505235192999
55bc25143589b254,0.6595718080950148
957e73c37d447545,0.19943741209563995
af84b2641d1c74b3,0.34816377558993594
e7be7f3fe2a831bb,0.03142678543522426
841f7e8235380174,0.7981872167526176
63d88f28c2a5df22,0.7092983278637287
8dad4fd4df5c221c,0.7513986560400063
3572ebf75eb17942,0.4544303797468354
25a1a550572c1f93,0.0658071573683388
6ae06440fe74b44d,0.8563369276449445
b4bf088ea90582b9,0.4463978746679169
6b9449d16e81079b,0.2288326300984529
4ff7c9e8a089b94d,0.6240350054696047
aa5c5648b80a1a3a,0.5776371308016878
5dc1f3d49bbbe4c7,0.746601031411158
99546cb325e5dc06,0.6508673230192218
220c843637482425,0.6088295046100953
6608fca5b64d440e,0.8448351304891389
f29988dc0a3c0243,0.7076261915924363
51058b99b395787f,0.1965150804813252
ed1bbe11677f7bca,0.38988904516330675
9f9b85620fbc0cf4,0.31178309110798563
8aaeef3315304e45,0.3886388498202844
5d92173cdb00c0c4,0.42059696827629317
acbcfbef3b1946c1,0.22448820128145025
73cb612fe6d23320,0.8662916080637599
4216594871a36761,0.18015314892952022
1c2bf4927779574e,0.7007188623222379
1498d0dff1fb5394,0.13641193936552587
53f47e8f08b91aad,0.4831692451945616
c4229a0ce07e83b9,0.10273480231286139
bf61a06ee47b2027,0.062212845757149554
8aef635fd1b3a740,0.06987029223316144
0f6a8a20e3587b09,0.08280981403344272
75d7914477c996b1,0.2989217065166432
7b1790935e6cb838,0.05486794811689326
d680549ede3f6dc9,0.2780903266135334
f3bf39cd2ab5bd9b,0.408923269260822
0b0930b54070750a,0.1548366932333177
3d97f118d250279a,0.6994061572120643
e9de0ad29a82a54b,0.3681669010782935
9485f200c4e02805,0.44992967651195503
12d95850d018d3a3,0.3987498046569776
ddc866b96dfc3aa3,0.8571182997343335
45a33a8161cb4b46,0.226207219878106
990eb9e1c61c80b9,0.17458977965307076
378b6aac03179007,0.20828254414752306
b6ce4df0bfb4d3c4,0.136896390060947
a50653ff586cd76a,0.6356461947179247
65cd9ee07cfab83a,0.5759024847632443
d2bbc0c9f79df720,0.9663072355055478
82ce816296a1512d,0.016408813877168305
e502c517a223aa14,0.27816846382247223
71d19ea693604e1d,0.3743397405844663
0d037e649d83d735,0.5479918737302705
6ba6991213384d83,0.7684325675886858
4cac0de9485495fc,0.7866385372714486
9a0be358e968c623,0.03820909517112049
f1ca34616439cd54,0.12830129707766835
e301cf1f2e4c3681,0.7579934364744492
d614ef3ad50cc2bd,0.7642756680731364
c0b33846eed21da4,0.49287388654477265
d4e499c8cbcbf2c7,0.574933583372402
112d556866bfa77d,0.9035943116111893
3f5b776bac1c2a71,0.43141115799343643
97fe9a981d0717bf,0.5280512580090639
ce3280649c6eb5c9,0.6472573839662448
7ae7079159ced82d,0.42828566963588055
f1eb50e28869a50f,0.2757930926707298
52c8dc366cde6d2f,0.22265979059228003
ef14064579612c4d,0.7130489138927958
7897eec02201ca6e,0.3529301453352086
321d33ef853c8fb7,0.850210970464135
96766da6bd7c3998,0.096671354899203
fdccd120c1ead149,0.8005157055789968
288252f0e770ce50,0.7182997343334896
d4d977f5a3d8f01e,0.6573995936865136
62ea4677a492334c,0.886388498202844
d1f182b83a420b6b,0.18548210657915298
0a8ea601fcc75d1c,0.6987498046569776
27930c385742439f,0.7853258321612752
13d12d929ca71339,0.7895139865604
159b4f9fc1efcb55,0.11744022503516174
94ffb2f9a90b358c,0.5718393498984217
68615d70615e3b37,0.1795749335833724
d4a40bf8afd7e4b4,0.4001562744178778
e3dcfffec2d51e7e,0.22106579152992656
10366fd321e0ad43,0.2868885763400531
80e3f13b4e86e5f9,0.8759181122050321
6272a9e176561590,0.6576808876386935
14ead2f08e775ba6,0.6122831692451945
08ecd3e0061305ed,0.8129238943584935
b91abfe0273da79d,0.9825128926394748
0c3efbd8c39177b8,0.8288013752148773
e9e21b290009d63a,0.3563681825285201
c188505410fa547d,0.6787779340521956
768d9e0553a1399e,0.025582122206594782
a9370f34870acac0,0.6625722769182685
9f6dbe29c2020549,0.26205657133927174
6da7088fbbdbdec4,0.5118143459915612
944a046635530efe,0.8982653539615564
55a97e1488c333a9,0.2238318487263635
bba6644aefeb263d,0.868276293170808
750f5d2c63709654,0.8789498359118613
b7f5c550aeab6fa4,0.6374746054070949
bf2efa05075a9f6e,0.36821378340365685
2987973344ab04ce,0.49551492420690735
a97d19edf8f608bd,0.3124706985466479
6138ff6754f14dc4,0.30879824972651976
87522437573af7c1,0.7447413658384122
57cc4278d6b67c5a,0.16047819971870603
8f29d789ebf40f9f,0.15675886857321458
15e17422c43ac280,0.3911079856227535
57faf77cf5f72f53,0.6066885450851696
febc8ada0a8d768d,0.23136427566807313
86ab68be69241db5,0.668057508985779
5fcfe942606240bd,0.05918112205032036
31bf257f6a4a70d1,0.8328488826379121
a09897cadb789dba,0.030270354742928583
328299ca9da15ccb,0.45947804344428816
c95184d7971b2960,0.9145022659790591
6ba9df085d34410d,0.8112205032036255
396ed8ae6d33d2bd,0.8372245663384903
b058bc3c8a9fe33f,0.7685107047976247
77b29cbb7ea1ac6b,0.884857008907642
c8d191e05666d6f5,0.9285513361462728
c4d716a53ad99b70,0.7398656040006251
31d17f992245249a,0.37118299734333493
aa459cbd8c781f76,0.19656196280668856
7ba0185e8220f22c,0.18051258009063917
eb077a940d0bbcbe,0.5268166901078293
9298c80a21191034,0.47787154242850444
037747626ac5db4a,0.21517424597593374
8ee7aa8b54022319,0.6768713861540866
a2b57b918f2661db,0.32384747616815124
e703b056b17c6038,0.15939990623534928
5d760ec696eac629,0.5943741209563995
68589cc32366dc9a,0.5315518049695265
83d1d02b456e13c0,0.5649163931864354
f5ea6585ff5edb0b,0.8825128926394749
32290819a9b6b754,0.454742928582591
f0cddec42ddbe07d,0.027332395686826067
41d5134ef4aa43c6,0.39484294421003285
9a422d8246e3f97d,0.5986716674480388
341cbe1cbd51048e,0.26782309735896237
3d2c0583f01cd72c,0.6644944522581653
870996e4835ca83f,0.27326144710110956
28b09161f3b17dab,0.73230192217534
051b367d8fe91233,0.05868104391311143
9b8aba50b3ab95c1,0.7691514299109236
ff5577bdd79bcd6b,0.32098765432098764
92e4eb0a0d4c41e0,0.8834817940303172
575ace0896b22257,0.9161118924832006
a16f31da04bf60c4,0.4389748398187217
cbc13a2671d3578b,0.07665260196905767
876ba2c5e443fd41,0.930239099859353
5d5689e87dee129a,0.8186747929363963
71a60a6dfa7e1760,0.6104391311142365
f2a38a0b81dc90e3,0.8906391623691202
ec97de286c2686f9,0.2809188935771214
b77b633a5106f906,0.3718706047819972
972df202456969d5,0.3119237380840757
5d7f4e9617d1e7a2,0.09981247069854667
196dc3655d9d1d79,0.038568526332239415
7b9da0adcf1bf365,0.1039381153305204
b9d78de840ab100c,0.12981715893108298
803868566ffdbdc1,0.09584310048445069
cc5f60c8c3c2b5e2,0.29102984841381463
88919e17cce1dcd0,0.11379903109860916
88bff82c05879a44,0.19134239724957025
aa64759c290cdf84,0.5109235818096578
b224a7d8b6f39ab3,0.4093608376308798
ef11b15a28910cae,0.2772620721987811
7e08eb8d4482e7e0,0.8204875761837787
609b606891c6ff2c,0.04270979840600094
07ecd08d07bac830,0.4587279262384748
aea578dbbc154142,0.8621972183153618
9c702ee77f731a28,0.5132989529614003
74a102877446027d,0.6693858415377403
dd13d150ff97f653,0.9617909048288795
36157f72f10981f7,0.5190029692139397
808639f0db0c51a9,0.18196593217690266
d809389ba1350646,0.6434599156118143
353512ba78ee6085,0.09867166744803876
207ae6c9e8f4fabf,0.38013752148773244
333ed3894f0f2865,0.8237537115174246
c8e41f868f963ff6,0.6091733083294265
c0436a45e3cdfea0,0.04310048445069542
497bc4409ccbba90,0.8428191904985154
b29f7d1224fd0321,0.48259102984841384
7795ac2497824361,0.6726676043131739
28bd2f25cefc0467,0.018096577590248478
7a5268c2c0ad3fb2,0.44636661978434133
9335e306e6ef6c17,0.284419440537584
380dbd85787bd38f,0.8759962494139709
4df3a358e7ec87b0,0.06644788248163776
b423d03461c67e1f,0.7645569620253165
8d6c8b00790579fe,0.5234567901234568
75302981ca660bf5,0.7112517580872011
34fae39e3b6350ef,0.5867791842475387
47ee9553918d83bb,0.824160025003907
525eb09cf01d4422,0.4704328801375215
f285090a9d6de2ea,0.9191748710736052
9a015d0a0e9dca3f,0.3759337396468198
5b9ec24c9cacd921,0.47202687919987496
80f6887bba571ef8,0.45377402719174864
a0121be4cb97ee81,0.17713705266447882
98bbb1d875be50a8,0.9105954055321144
d13d14d73f638740,0.44060009376465076
b2c1f66103087339,0.38649789029535864
ed544070c1558a6e,0.504110017190186
6dd8a5af5647059e,0.5717455852476949
ec707e8be77e5bf3,0.4256290045319582
435ba973814b0e29,0.5303484919518675
a003759cbad0ca72,0.4520393811533052
4c1f413aeaaeca8d,0.2284419440537584
febaa69039e2d424,0.5836224410064073
1a7702c55d1c3c6c,0.7126582278481013
747b48174e7e8cc5,0.11615877480856385
e73a38787bc7abf6,0.4345522737927801
591163e5c881643c,0.8761212689482731
95f08a028b009350,0.1912955149242069
74cf8eff69e3ee73,0.0894045944678856
44639b509c809540,0.6296921393967807
abcf4a1f567f5b1e,0.4904047507423035
987d6ffc23a79a57,0.5548523206751055
e7aea6a6f0d83afb,0.5984528832630098
d9d2d9b2890a7999,0.21787779340521957
deeaee8dc56ee2e3,0.45017971558055947
ed44fe0714d05825,0.7721675261759651
68d0096d6964bebf,0.21661197062040943
8d52d8ee49e4e8ec,0.6941709642131584
b877123e88a6a266,0.43906860446944834
8aae92b438c0c262,0.08451320518831068
40864f11272e903b,0.31889357712142524
7583bd973a7787bf,0.9679481168932647
209764663e3680ab,0.46571339271761214
1802828e130f444f,0.7067823097358963
c7226e4c37f1c216,0.9236443194249102
cd0110875b4d057e,0.44369432723863106
b66e634d66bc8033,0.13105172683231756
644bd7580a1fab58,0.4159712455071105
ceed54b1129eb356,0.25388341928426317
4a02d907bb4803fd,0.15835286763556805
d09af6dce02bcd02,0.18454446007188624
c81869bf2ef1408e,0.698937333958431
455bd62f0c9a8b18,0.8619159243631818
8c648fe7475ba2a1,0.7005157055789968
e7c1606cda3f50ca,0.30489138927957493
386a0c809777aa8b,0.43148929520237533
882d6e6250d5d648,0.790436005625879
e73fd396a2d7e661,0.2791998749804657
e1293605384c5923,0.03706829192061259
d8e5a75d55957e5b,0.7878262228473198
75e6395a1cc7d878,0.6112830129707767
ecc995a8d29cc898,0.46152523831848724
ba27e43ae6b021c3,0.38176277543366144
075b11725eefed48,0.9066416627598062
16e06a6abad58f9f,0.417987185497734
039a18d8a9005443,0.9536021253320832
166eabcb1845baea,0.1994842944210033
150f221c402f471f,0.7185966557274575
2af5183224226208,0.5676199406157212
30a31bbf87301908,0.13111423659946866
95c87aa909d557a9,0.06027504297546491
d70eb57711fa415b,0.9168151273636505
9464555817eb4951,0.926910454758556
8d4e5d5935a1a663,0.12852008126269732
289e3f76cc551091,0.3683075480543835
8646ded190e78433,0.5615408657602751
f2e3c326fd923449,0.3005157055789967
83f8985c38ecf25c,0.40720425066416627
8b698836d194ab64,0.26857321456477573
74a48ddff930321f,0.17369901547116734
79a5efbbc2b4f8ec,0.3829504610095327
6e88ede348b8871c,0.6951867479293641
d98b06d0f7e1b8d0,0.25711829973433353
dc56b06363e3abc1,0.6190342240975152
b5355653b987b958,0.349288951398656
e5bc532f235bc0d5,0.10814189717143304
153cb69740320d37,0.27298015314892954
30ad5d4441533a6c,0.5179403031723707
05ba774a4ce6ab73,0.9464135021097047
ba467da19b1f2810,0.04988279418659165
9ad04a6b621bfaf3,0.7803875605563368
f605e43b08e76847,0.6994686669792156
fe2d494aa36b099a,0.3828098140334427
1e5a8f5e21430d42,0.49704641350210965
9b28fcb2ee487967,0.8464291295514925
2f1c0ef6d36a75c4,0.45935302390998595
37fc5525bb7de5e9,0.1072667604313174
d6538f0dbb2a123b,0.5471479918737303
7dde59a4542325aa,0.18631036099390527
20c617dcbd71f357,0.25713392717612127
77f00b5e8f833d41,0.8092358180965775
869a14428379a740,0.4742772308173152
5fe5544f8e236559,0.6975621190811065
2d3681cba05bb562,0.7596968276293171
499be0abf97d1597,0.29596812001875294
5b423761773c3a6b,0.9328801375214878
57cfb14bc788cf66,0.7806063447413658
bf8ee8443882eb4a,0.7997187060478199
400e3c9ccfed951c,0.3988591967494921
95c34bd334691146,0.8577121425222691
441b99f616030e70,0.40792311298640416
d6449401e78d3385,0.4443506797937178
ee04b5380c7d4f07,0.8652758243475542
47350f4648bd6090,0.08657602750429755
3d184c420016986f,0.3218784185028911
2525af5583075cac,0.6342240975152367
37055ef29f0a3dd1,0.4215971245507111
741ca2e53f728930,0.8589310829817158
c2060532831835cd,0.7496015002344116
bdf51afd82ed739b,0.5610251601812783
87516eb4863191a1,0.7677918424753867
034a25e098498861,0.0636974527269886
2beaa963f217969a,0.9685107047976246
6b03ea3eb3783933,0.3422722300359432
99cd56ca4ca12f1f,0.13500546960462573
42288d86bd56d80a,0.4504297546491639
a5497f531ca73858,0.2145491483044226
6b8797ea062ce398,0.435552430067198
1514a9ebdc630056,0.49453039537427723
6a47264adc77dad4,0.41940928270042194
4cbd1cfe1be11280,0.7153930301609626
555f489d111c7db7,0.36374433505235193
d3d1d52e817c754c,0.12437880918893576
80c2b83979b319eb,0.1565088295046101
b601ede8f1d5ecc9,0.04836693233317706
ac4e394f11848f01,0.7117674636661979
a5d564228af285dc,0.4155961869042038
872eaff0cae2acee,0.32378496640100013
ca524fe71b6054b7,0.4867010470385998
092fdb93d96ab75e,0.0799499921862791
b1224feb365fa8bf,0.38015314892952023
b5883c6e74b0ff0b,0.12941084544460071
7aade43a31d09f8a,0.4105172683231755
585ac3a63ccab1a8,0.1901703391154868
e4933222bb492af7,0.6144710110954836
d4fff28089f09f7a,0.7371620565713393
1faffaa35ce84d77,0.705172683231755
27afb6fd6aac442b,0.08684169401468979
847a053fb85c500b,0.25752461322081577
9ad6971bd0ebf223,0.43211439287388653
a14e1a04f336c6c8,0.23413033286451007
50698da7b2db2350,0.45955618065322706
15655e2cf84c9cb7,0.8727457415221128
ef796da1e5967ff4,0.9471948741990935
9331c7e2dd294fef,0.6573527113611501
b7796a59af546a3e,0.3337240193780278
d9279cd811aae7c0,0.39512423816221287
df81c08c47af6c59,0.9163775589935927
1b9dcbf8b65b1a52,0.7748710736052509
dd377f760a65ba2e,0.7235349273323957
995b4a4b97e53e5d,0.581231442412877
13b533f79e5a5caf,0.5492576965150806
d4c903b8efe43c13,0.8213002031567433
4fb9e1bf5a2f571f,0.823441162681669
ed595c03e7747694,0.18135646194717925
73e9645c3d48fbb5,0.05411783091107987
a4b5405b00736981,0.8162369120175027
2a653776755ba7b8,0.06572902015939991
158fa97bf999e010,0.6144397562119082
a95d0a261a3bb142,0.4310048445069542
ea46e88a59d4fe5f,0.030457884044381933
6496d7761a0c6190,0.31401781528363804
6f4ba984b6dc3289,0.4182684794499141
5afad3e6c2fda712,0.29656196280668856
02effb9a084a466f,0.4686826066572902
f43a5e53fd455d87,0.9445225816533833
49bcb75b2ef9551f,0.06007188623222379
b21c8167caedde33,0.003859978121581497
15d2bbcb8c316442,0.11751836224410064
523bc8b194fc69ce,0.16435380528207533
d7b8e5c99743aab4,0.5738865447726207
3ad43bd42075bb8b,0.8792623847476169
812b9840da2dccbb,0.9321612751992499
e70b5a521c308e83,0.8397874667916863
3c45ba8ca9f6f412,0.11714330364119394
7f616f8d83b3eb18,0.36468198155961873
26c592e1845bb489,0.24852320675105485
68d37c0a802b47e7,0.6852945772776997
d8934f60893849d4,0.14141272073761527
2a3dc482e2f9765b,0.4931864353805282
016da23592d81da0,0.06907329270198469
4fdfd4d0c0f506a0,0.8751679949992186
729fc49d981fa3bd,0.33111423659946865
15deccf643c21df1,0.4458040318799812
7daf2f242a027468,0.18591967494921083
d51a0a86350f7add,0.09074855446163463
52fa3a33f632aec0,0.7228942022190967
bb4d95ad5da1ac87,0.54560087513674
cd23dbd0e165834e,0.23914674167838726
ba39191a07cf9e7f,0.636896390060947
9ba5cac296310d3a,0.9010314111579933
d322c51efb437d17,0.021518987341772152
3af739b2f776287d,0.7656196280668854
85804c2e9c6d680a,0.03838099703078606
cb0cd20b25649838,0.3087982497265198
12c942ad8a277403,0.5212533208313799
289e502cd91b1547,0.8553523988123144
31c382a7004fe972,0.46615096108766996
d169a1c279a46015,0.6691514299109236
f9b4abfb6291393e,0.313173933427098
6717d92d92048fbb,0.441928426316612
469f41c8da1eeb41,0.5979840600093764
769314bb014d1235,0.6126426004063135
ff2e280d521989fe,0.25157055789967186
1d52653d4f3c35fc,0.0382716049382716
4c0ebdf6c9dd9fb9,0.26515080481325204
8e182e2e4650cebd,0.7574464760118769
f55714d17852a183,0.3093139553055165
f2e291daed34f717,0.8235661822159712
2fedf01adbad6180,0.04861697140178153
7079029a20553569,0.76657290201594
7214daf28cec2f25,0.37682450382872323
3037ee52ce757f35,0.04496015002344117
301594a1fbd58308,0.6582434755430535
971dbbb99046d9fb,0.8808095014846069
c7647059905f4dd4,0.10418815439912486
796f7cb75fc0eb55,0.7846382247226129
bcf00da3386bb946,0.7579621815908735
9fde66ee9b59f95d,0.029723394280356304
752d3e65ebd63369,0.12447257383966245
1a6bbae0cb804476,0.3644788248163776
03cac4272e7b8e63,0.81062666041569
055fecf2717f29a3,0.7567432411314268
a2aa85d0e1bc4e6b,0.3852633223941241
ef9db57cac44e529,0.5140178152836381
8c91442db55d9d64,0.6382716049382716
7cfa3fef2d1a1dfe,0.22464447569932802
56ede8d9842e0590,0.17813720893889667
fc74e63ad196960c,0.4326926082200344
342867ccf7337815,0.11687763713080168
866f7ea3c4be20e6,0.4348023128613846
f45494a74c712731,0.4895139865604
414228464c8b74af,0.6749492108141897
e4a3f7a35452e28c,0.7564306922956712
c1eccbf012d9a361,0.20012501953430223
a715e394b41f3a16,0.1078762306610408
26a24b8218ee00b6,0.9555399281137678
db4b58e70acde06b,0.14052195655571184
deaf015c1e137149,0.04344428817002657
9d4fbfbf523a0472,0.820596968276293
ff7e2911a22e8008,0.8648382559774964
30449ce55b14d344,0.07580872011251757
b930073e02948360,0.6618221597124552
9326674b4c828c15,0.6299734333489608
a9b474db35164846,0.549148304422566
9183d88dcf308c8d,0.29799968745116423
47c8c6f64cdc0a43,0.41429910923581814
2ee4722095033329,0.5363806844819503
cb8a02ecca44027a,0.07519924988279418
1925e9dc63237314,0.593420847007345
dd36f08b99fcfa16,0.9750273480231286
9bbd43f6f760c243,0.7518049695264886
a766359aef66a25f,0.3817002656665104
4d10a4698fff400a,0.5627754336615096
44a6285639d7fcc7,0.7186435380528208
a64ce0de598f4714,0.7402562900453196
8c887a6a554fcff6,0.0012970776683856856
ef3f3402f7530e37,0.0013908423191123615
e9cf43bab751f410,0.012892639474917957
1245634a78a3136a,0.02055008595092983
7c5ed75e73c20133,0.3531958118456009
ff7628423503cb61,0.22991092358180967
55df3baf4cb22442,0.12945772776996406
20497b1ff5df51bd,0.8386466635411783
fe1c1e2e166d6943,0.5441787779340521
0a6a2ebc3b004ba8,0.4814971089232693
ba16bc573e1d9a6e,0.7630098452883263
41ae92fc5f37cdc1,0.28348179403031726
ae05071f58d92774,0.2048288795124238
a8d4083bb2383da5,0.8633692764494452
92cf17c3d59c9b61,0.03863103609939053
f591caedceef4268,0.22339428035630565
e3d006785a8a409d,0.3784185028910767
dcbc913499301796,0.13170807938740428
b630e1af9fc1f3b9,0.7629785904047508
7d6a1e459131bf25,0.7795436786997967
5f891649affd8c18,0.5039693702140959
7dc102adb7ad6667,0.592842631661197
1b8c16064d0dc4d7,0.4348335677449601
8e5286a9c7d73ad0,0.09048288795124237
147e554cda420ba2,0.16515080481325206
18517e2df9cc10ea,0.501781528363807
54ca2e9aaea55320,0.9228316924519457
a923278148853286,0.50084388185654
cfb35f11977c3be6,0.36340053133302075
aef8a4667274a47a,0.05572745741522113
2c51172cc4d5eba0,0.08760743866229098
494446d84318c9ee,0.5805438349742147
aa652d97612fe50e,0.06110329739021722
baecb9e5cd4b2907,0.8123613064541335
c29488c64d211da8,0.36390060947022973
28746b4c4b26d721,0.04967963744335052
8a45d03fa3989bff,0.2418502891076731
462b3e544fe612a2,0.7188623222378496
359614f152fbbc2d,0.5136896390060948
5e953db789137f0e,0.7798249726519768
2a99aaa9555b3dab,0.44997655883731835
aa37a77bc447fc0a,0.8460853258321612
8c0d7f3ade155e48,0.10917330832942648
45b05dd1071039ab,0.8042819190498516
7e037c271c23576a,0.2633692764494452
9adb38d0576dec06,0.6770432880137522
532c84dea557da7a,0.7383966244725738
6c302b9662d3b5c1,0.38029379590561024
666231af023e8fd6,0.14769495233630253
9c06ef2fdb037a79,0.6620721987810595
65230a28464587f9,0.3056258790436006
b3ea4baf43182919,0.696812001875293
c1f297271ef8cab3,0.06268166901078294
7c58e1fb77913d4c,0.9372401937802781
00ece1c11b40f8ce,0.045460228160650096
a820b5633583bac7,0.7386622909829661
b4e9165d8e2aebad,0.23317705891545554
85f20d358a8d6ce8,0.4903734958587279
148fdf734e431091,0.29126426004063133
67708062cc529759,0.5986091576808876
d764e50c36756862,0.9104391311142366
dc093657cc4bfbc2,0.5904985153930302
08c0597e111a2388,0.4926082200343803
58fc68c0720d8cbe,0.32809814033442725
387b7309eb20b505,0.7387091733083293
cca31a05a820ea88,0.8910142209720269
be7e5b7b5839a348,0.5197062040943898
ef7aa159ba83917c,0.5739490545397719
3dbaccedf2355696,0.18230973589623378
3774263bf5c9a393,0.25925925925925924
e830f76f4667709e,0.6175652445694639
c96965b10fe9e8ba,0.12673855289889047
aea0b2d75bb410f5,0.4866541647132364
892d778bace3f693,0.48477887169870293
f46440975132762e,0.9102828566963588
6084fc419fc10f1d,0.785904047507423
c6fb1852daad742d,0.28390373495858734
2bd09ffffa247f82,0.2513986560400062
5ded576ceda86075,0.5474292858259102
c066afacb3fe3a52,0.7710736052508205
21e99c194e94917b,0.09024847632442569
7f4eef61767e4c67,0.04447569932802
dd19efa057bdb4b9,0.1696827629317081
2b309ca794e9b11f,0.9695577433974059
8428fd508cf86cb1,0.5388029379590562
bd059d7efcd14494,0.5677137052664478
7fcd9aa10e5ab5aa,0.4330520393811533
9398c438c5fe8b90,0.30276605719643696
7401e49aee3edc69,0.6189560868885764
0520f17da71602b5,0.26647913736521334
efeb31befebbeedb,0.24320987654320989
df3fd48fd3b3331d,0.698015314892952
14e14e2218536077,0.7109392092514455
1f92d25274d4f038,0.4805594624160025
7170ea34f6161e69,0.5890607907485546
04b0152464b775d6,0.5569932802000312
7653ee403f88ff26,0.4845757149554618
ee84092d5d680f67,0.9464135021097047
c41b6329fa5e7012,0.11373652133145805
1514f652f00c3b36,0.3300359431161119
0c6d11c69bcc6f46,0.3854195968120019
382f75d2edb9f457,0.8857008907641819
ab482dbf08ad90d2,0.6150023441162682
5ecd94cb7901e72e,0.2384278793561494
176da975d008461e,0.5634317862165964
882d984b9b9d8fb6,0.36393186435380526
efecedca199bc74e,0.7572902015939991
5f185fd802f0c00c,0.5802156586966714
b7be75c69ddcfdc9,0.04925769651508048
4da0a9696b2e9612,0.35800906391623694
755bd669f9bccb8e,0.42347241756524456
dc744a1038657389,0.4467104235036724
f5565f23a877bd69,0.6979371776840131
45485cf629983a40,0.7571026722925457
9d8248668d721756,0.5899671823722457
7e637102a104b616,0.12886388498202844
b9095cbbb40751d4,0.946601031411158
b6f5bc351054c7df,0.16227535552430067
d08fe94fcb0dabad,0.1811689326457259
edb4aa5de0832a92,0.3567901234567901
b142c9c1185e5f66,0.2767151117362088
1473309b954d71f3,0.8801844038130958
b604a5e504b627c0,0.9869667135489921
d5d6a72d9d2c827c,0.11873730270354743
aac5a801e8926a83,0.405094546022816
45b600cd20830ac1,0.6522425378965464
8b6f8e193f28c495,0.2377402719174871
9cbdc55a60ad3994,0.08579465541490858
59cc8f62d55aab98,0.03788091889357712
42f81ab5abcba09f,0.5905453977183934
758524a5d6a74122,0.6786529145178934
0acada29c4de07eb,0.5644006876074388
6bf56d0ceb2c1ab7,0.179746835443038
03b29070bb68828a,0.06441631504922644
2f553bd8ba413efa,0.05957180809501485
c3ea0fbb29a15317,0.4437412095639943
797edeb1c8a9c95a,0.5322081575246133
beb71749be71fd3b,0.37321456477574616
c660714dc6059849,0.5177371464291296
549961b37bef9764,0.022894202219096736
dfac78eae9821675,0.05389904672605094
588c204b822eb2c2,0.6551961243944366
e96e43deab9b69f6,0.6867010470385998
9c9a726ae65647b0,0.1440068760743866
58f635ddafc61c78,0.8659165494608533
d40624f11c720afd,0.7565400843881855
73575ac328053efd,0.35830598531020474
809a4127b076294c,0.8516955774339741
d476e643d990be24,0.08054383497421472
4d04534027759be4,0.5001250195343022
72c2c7664c8294e1,0.7938896702609783
d3bea4fa475618cf,0.618409126426004
7af7100957117fae,0.4082044069385842
bfeae03c16252052,0.27308954524144397
dab19b0b61104952,0.6571182997343336
8b72f86a4e6a970d,0.6989998437255821
c775b6de816c5092,0.7037349585872792
0de6dca19e114646,0.4546491639318643
0ee2b0fc31b7cbb6,0.16799499921862793
3363b132efc51b9f,0.9333802156586967
ee924a0428a40a76,0.07663697452726989
ac3726dc72e71ad0,0.319331145491483
374584473bf4cec4,0.3271604938271605
e6b8e496d903523d,0.5593686513517737
8fe009970d6cbeca,0.08066885450851696
b03e574c8770e9d1,0.13670886075949368
27905f95e6931f22,0.3946397874667917
8099a0f72ee1a1b1,0.3324425691514299
5fbbd8a6f4ba3669,0.26561962806688544
24033a02989369f5,0.5721518987341772
223faad452bc6598,0.8974058446632287
c5c13adedfefc67d,0.4056883888107517
ec24ebbbc53f73ce,0.12898890451633066
3a3e4d31cbad45e5,0.15843100484450695
79763f9ebecaea1d,0.7493827160493827
46806e41926c192e,0.5655102359743711
a5cfdf6746ec5cbf,0.8137052664478825
0ddbe3ef0aed551c,0.24957024535083605
b641fe7061b46442,0.021675261759649945
be98835c447eea49,0.9398343491170496
98aa4160c7876f0e,0.9590873573995937
0753638b45dfacf0,0.5105328957649633
e938301ba66e78e1,0.7924050632911392
64b695db5b68b91c,0.510548523206751
2797a5b06b8c68ee,0.19081106422878574
aee53ec38b7eb6f0,0.359493670886076
d59b57f46a383c1f,0.5468823253633379
8c3a505dd927009e,0.2702766057196437
436e01defb530baa,0.021534614783559933
2f54c0acfcbfd646,0.9018440381309579
20f15dad96dc92a0,0.14367869979684325
8a16a230e343a296,0.5336771370526645
fc511072e8631203,0.7258946710423504
5d976c71ca9049f3,0.7746054070948585
b207e579713d5841,0.8774496015002344
ac03eddc2e2fd2ca,0.48954524144397565
6b1e6ff0118fe59b,0.5088295046100952
2cc92c1f6bdd93d0,0.5110486013439599
f651266acfce6c0d,0.34899203000468826
c3b49d19c43acd64,0.219831223628692
05a27ebb8a82cea7,0.7262541022034693
f32c511446a68874,0.2724644475699328
108d6b400d52aa73,0.6640568838881076
7e3cd0895bbfcd9e,0.8779184247538678
2245ed07ee31662f,0.7115955618065323
c81aede118be0e5a,0.4221597124550711
d664a113973613cf,0.6050945460228161
2899dbe3769e8b1c,0.5071729957805907
164d8c33239c5511,0.626347866854196
e753bb93c30cfba0,0.7905297702766056
4493eab669361ba7,0.24891389279574933
4e55ed26dc79c3e0,0.48220034380371934
1d2f7db4504f10b9,0.06260353180184404
9749ddc8b2a3a385,0.12748867010470386
9aab93db4ffdba7e,0.814736677605876
88558205521546f1,0.4080793874042819
02a8e05f667b2fa4,0.27294889826535396
f95b0bb67413dff1,0.7180496952648852
b821f8fa7a26d286,0.21184560087513674
bed1456aa64d60fb,0.7886075949367088
685b1294dc5f8cbe,0.7611658071573683
79a0510c936f5eb5,0.7827629317080794
07f28f119366b484,0.2774808563838099
949af0edccb8d159,0.7555868104391311
9965f63ba2d41ed4,0.19099859353023912
f635cdb577ae5471,0.7213783403656822
6419d144df4c87de,0.8073605250820441
bc7f2dd2340df372,0.08007501172058133
cd35e912794bda2e,0.2520237537115174
abf3b6dbce73db98,0.31084544460071883
4eeba8a4c17e4351,0.5223472417565245
f612b9af4ce98bda,0.8872011251758087
d8120911733689b5,0.2798562275355524
723bd2532e39f731,0.5196280668854508
3889ee7a1f5fd62a,0.42272230035943115
66ffb196fbbb4006,0.26962025316455696
53a1c51ae93d0e81,0.6990779809345211
0a4f5ec5f9339110,0.19476480700109391
34416b6b8b600a61,0.20706360368807625
1e0b561b5df0447d,0.6496015002344118
43e848bf56ec0bb2,0.5705578996718237
1ace2be427eaf92b,0.15985310204719488
e24ea459233ec078,0.9837630879824973
e019c487befa7761,0.03083294264728864
7734ddeb14b3d277,0.11676824503828723
1961aba76570acf7,0.3269885919674949
276265c86a0e2a26,0.2474761681512736
4fc5594c301766d5,0.6354586654164713
bfd20f3d76573073,0.6025472730114081
8526753e065f5b50,0.7865760275042977
5c03ad68783d0d61,0.19968745116424438
9c83e80d019e0f5c,0.6557118299734334
4e6019e87ab5ac6c,0.6378027816846381
dbf6023ccc73b0e7,0.2189248320050008
fb35b29ad551c9c9,0.2682919206125957
3ab9a4e335cdfda6,0.40811064228785754
86fa9d51e632ae1d,0.47949679637443354
ab30ffa9ef0220dd,0.9330520393811533
ebfe496544b5a6af,0.8079231129864041
4cb026b93d1e4edd,0.2845288326300985
426a41478cfcfc22,0.3024222534771058
3e16e5f885a5764e,0.324222534771058
dab52f137b1ba008,0.8883419284263164
a7e545c29eee2bf1,0.38046569776527583
6a50159c50f7f9d0,0.06427566807313642
ded3c69308607da3,0.9372401937802781
921388faeaacbc80,0.9944210032817627
8c90e1ab4a546bcd,0.4680106266604157
31b1827fce88917c,0.194405375839975
d97cfaa40be224a1,0.15929051414283482
b4dae0ea6d15a25f,0.39989060790748554
ffb033e54895ee3d,0.8876543209876544
2b625e5d9c22b0cc,0.3619471792467573
87605745817d0ffd,0.029692139396780746
9717417666a66daa,0.2851070479762463
3267d4ecd26e96f1,0.25904047507423034
3399800c4f113d8d,0.7390529770276606
f457366f48f27702,0.36382247226129083
5a6c4f9b661a0ab2,0.8152367557430849
76628bf9d8b6b0e6,0.941787779340522
997a5333179da7c1,0.23408345053914675
044dbb2023ecc53f,0.9545241443975622
737497734f709843,0.9363806844819502
fc7d05c3ca74b0fe,0.31425222691045473
f5b74bbaa8085255,0.4095327394905454
c1d1e5c41f539d03,0.6111579934364744
86f9c72ffb536f2d,0.5704953899046725
95b9d46eff640109,0.36343178621659633
3aff516939a3de92,0.3466947960618847
23c1d6b14d960725,0.003703703703703704
0b0950c974175a86,0.3864353805282076
e94d8ce0ed816caf,0.293202062822316
037bc4751346a482,0.7060009376465073
d43c5617c5e69df5,0.9384591342397249
82c6f27cdcf850e2,0.8990310986091576
7652727437cf5e6b,0.29671823722456636
86f089e7c7ae0d75,0.20185966557274576
b9d7751ccd00d9c9,0.8993436474449132
0a079836e9e1ac2f,0.38727926238474764
90461cd0e33baa56,0.7040943897483982
825b16c4984f4382,0.6194717924675731
9054cbcd60dd433c,0.4254414752305048
770e4ea8a1273a1c,0.6799343647444913
518ad8ed2ff052f7,0.4535552430067198
f12c4df4f05fb6c3,0.25014846069698393
95a9d1c987aae5f2,0.4767463666197843
1d60b64e1441c91d,0.6179715580559463
84ed70c1cda568a6,0.3199874980465698
3d6e8f3a5d06c7a4,0.17762150335989996
eb1779538632b044,0.20496952648851385
bcf84068bc4b5615,0.47191748710736053
3dceaab87e5bd6cb,0.4415377402719175
c86b418e43874d34,0.5270823566182217
95397751cf365c4c,0.6624785122675418
e80b64dbd916f780,0.26719799968745117
d2a231ba481924eb,0.5080793874042819
e86aab1a495bc94e,0.06733864666354118
4c088c5147f6cc2a,0.5865291451789342
746c9771aa5c751d,0.458993592748867
90005adf46be6af1,0.02575402406626035
78338f5a63e742f5,0.6797155805594624
9c3f2d29681d0d34,0.718987341772152
f93fd851b68279a6,0.9367869979684326
afed2c838b247303,0.9496171276761993
995d752a3bf1fbb2,0.38579465541490854
33609320e5c7578f,0.27523050476636973
1ecda15121ffa27d,0.23649007657446475
47b2accb2f516cd3,0.7975464916393187
5571f2482997d163,0.7349429598374746
32897e94a9feeb0f,0.9147054227223004
3d5fedc7f245d35f,0.32889513986560404
1b4707947519036f,0.5346616658852945
3cee4d33cd4686de,0.5430223472417566
155f6d74191258a2,0.5116736990154711
3ae6a0b3d379dce4,0.3299109235818096
dab9de12664f7b0b,0.41492420690732923
cc73e04980d2167e,0.24477262072198783
be7f0f5d2c65bf06,0.5364275668073136
dea114b428048ebf,0.07410532895764962
deece306851a2a78,0.30926707298015316
d1ce358b8f732eb4,0.32126894827316765
e025d916d395fc1e,0.6986091576808877
f50d9be3d733fdc9,0.3281762775433662
a6c0d8fd193f76fe,0.40976715111736206
569e045332c790a0,0.7585403969370215
977114ec6d208ff4,0.08449757774652289
17faede0e698eb93,0.43061415846225976
0610c3287750d822,0.5634630411001719
58e6e26dd56a60a1,0.11648695108610718
bc263b5b32d9ae07,0.1370682919206126
8894323cc5f185da,0.03461478355993124
e8229221a1595393,0.26665103922487887
63c589b1e27997d2,0.8227066729176433
fe21e0f0344dfca8,0.7792623847476168
7e0194535136acfe,0.3716361931551805
cc859709caaa52f9,0.020362556649476483
56e7153dc35c0573,0.21894045944678858
c76e1ab42940cee5,0.32514455383653695
2ed46ca4b8d10516,0.5347085482106579
ae2f86a0a6c3b696,0.41778402875449294
a05d11d463a21a32,0.2261759649945304
89e7dc0647f4db8e,0.41101734646038446
80934ce845013628,0.5436161900296921
f66422247e89d830,0.6244725738396624
b0a301739cfa2228,0.09215502422253477
42b93c5a8b628ba5,0.3727301140803251
f74f1673a45ce9b3,0.6493358337240194
2b76aa4b82e23768,0.4037818409126426
0d6190a27ee0d6ad,0.8773558368495077
7492fbffda1eb950,0.33250507891858105
35355c2d5692cdbb,0.6080325050789186
de976dafed9c0fc3,0.8112205032036256
e2601be919261723,0.05813408345053915
f56a91dde5defb60,0.24852320675105485
1a9c207021895aad,0.8639318643538053
86ec8e715d2efa2f,0.5943272386310361
7762b73652848f92,0.5526801062666041
ccd34b74bb18d71e,0.7348179403031725
eb6c259855aee52d,0.6759493670886076
7bfe956eabaf5f10,0.4317549617127676
38c6063d22fa4f9e,0.8531489295202375
46b7352aa3c8a1ba,0.4860759493670886
049fa3f6cc3a62a7,0.6002969213939677
5f77b44deef47d28,0.19154555399281137
27462f3d6cf43575,0.38641975308641974
ca854373b937b419,0.7525863416158775
1f6eb5f2da254111,0.7892014377246444
9262bb44aa7937b7,0.38321612751992495
d81678051b65ebc4,0.6678230973589623
0edc1ad07f4aa86e,0.9481950304735114
a8e836b90034f123,0.26919831223628693
c729d0e49b2411cc,0.8921706516643226
db925a43365c86f3,0.3945303953742772
1cda28c15e8e4170,0.7072823878731052
ef5a97a20c5118bb,0.9430223472417566
4b990b98ec734989,0.8430067197999688
a96f328dda3bc98f,0.5615096108766995
b467b21cee5c9a57,0.1126269729645257
8c1694e84b06dad7,0.25697765275824347
7b038881fb7ec965,0.635552430067198
60e46ceca8ca6531,0.2874980465697765
be2e51dc6bf61727,0.8100953273949054
f1063bee63d2cbd4,0.42387873105172685
1a3d53e660017625,0.4243788091889358
6db1dc15ad1e28e3,0.9071886232223786
34f0bfc533c2a23c,0.454602281606501
76e738496305310c,0.35318018440381316
a76e95f0a09b03d4,0.03233317705891546
6a0d13d3e413c0e5,0.1946241600250039
e002702b095c4d9b,0.4826535396155649
435eb85f778a69f5,0.19254571026722928
5584a339491f1a03,0.4536333802156587
9a06cac14b623965,0.37162056571339275
b199a982f9480beb,0.7690264103766213
e32add368c6de44a,0.34703859978121576
34824decbc66688c,0.36593217690264107
070711d7fd9b7ea3,0.6686826066572902
a1656b509ebf749c,0.9197687138615409
ee96df140d42129a,0.7162369120175027
09fb51e0fded24ab,0.4507423034849195
77e04872ab10bf20,0.671167369901547
6b34ce0940c8c237,0.8639631192373808
8b94f16483f351e9,0.7111892483200499
a7d4f13860590306,0.08218471636193155
66537bdf81c41f46,0.9465854039693702
3014fd36c07b8950,0.8263478668541959
789380ce86c031af,0.9545710267229255
dbaee9defc780591,0.6253164556962025
bad0375f198257db,0.23217690264103766
a7b766569c6f66fe,0.3704485075793093
efd3fc92b86b90cb,0.5275668073136428
3ca6e7825d948c12,0.6185966557274574
5c73fed8f1d584c0,0.2819815596186904
cb7f45c4ee30e84d,0.5927644944522581
aac70ac68209f1cb,0.785341459603063
fb253a15132c7c36,0.7488357555868105
4f1ad3d1864799f9,0.9242694170964213
06cc890b7c3abdd8,0.17444913267698076
48f5b50b05af6685,0.07393342709798406
8abc163b25fe8f16,0.1363025472730114
5220ee550d303425,0.7934364744491327
8f7e85307eb35706,0.5463978746679168
dec525eaa4588cc8,0.7182684794499141
8a7aa7c3acead22b,0.6016252539459291
0618f0627df67711,0.6863103609939052
5d9929a965640bc0,0.5198781059540554
b45f8124eea44b5f,0.07191748710736053
32e371f83b148fb6,0.8829192061259572
83b9c322c9febec6,0.5288951398656041
8bb4d82df107f45e,0.5813877168307549
cc28d0d6ace393b0,0.42905141428348176
29c17f03906ad1f0,0.3784497577746523
b10cf30c243ed8c4,0.7392248788873261
85c180d755530692,0.19390529770276607
e9478d4c11f48523,0.012267541803406782
329d63bfe65d67f5,0.33795905610251603
4e7c7fbcb6fde9af,0.0785278949835912
1f2d4ca7586d9ef4,0.21600250039068603
04ff2418e503eb55,0.8582434755430536
5807d02f74d22963,0.737959056102516
23aa15ff2408a5ed,0.20711048601343957
5c3fe62807fba6c3,0.16410376621347086
c97a3c1357c537a3,0.6791686200968902
bde91246f16123d6,0.07093295827473042
dfcf3493677dd9ae,0.06421315830598531
4a0cb390212d6320,0.8043600562587904
dd48f98a0e7c2640,0.24958587279262384
21669e26853a5beb,0.7465697765275825
c4c279dadffc28bf,0.8329582747304267
27f99b00db0702b4,0.11720581340834504
823a471435809e0c,0.9121268948273167
36d9872df73f0208,0.7545710267229254
69b691bd3b11f565,0.5693545866541647
051aab7c376493bc,0.038537271448663854
897a042cdd939f4a,0.9190654789810908
16e574aceb37758f,0.8251914361619004
7acdad670c7e177e,0.6636193155180496
af7211a4b66028fa,0.08763869354586654
3b768875237c8195,0.7481325207063604
a9e4e55b286f1971,0.640443819346773
1e42f2e9ad67815d,0.28945147679324895
0d527f8f008f8efe,0.01612751992498828
4c2ccade1925c5d7,0.6677918424753868
b3a98dacc0702405,0.2969213939678075
9b8e0f7bf05d953d,0.09523363025472731
7968527b42656286,0.2749335833724019
caf14438584b43fa,0.06765119549929677
31e140000e0bf36b,0.5557430848570089
336acc52a893cf2f,0.42076887013595876
bce6e39fc4407c93,0.14197530864197533
d5e58bdbf23f01f5,0.19781215814971087
1ff7a8ec347ef2c7,0.2583684950773558
ce432d29b214887d,0.19135802469135804
44e820df9233e162,0.5660259415533677
fd036d6641276c78,0.4387560556336928
45c36909115a7b3d,0.825925925925926
0c18ad3d4c7f25b8,0.7280200031254884
4502d8fecdca43ef,0.6544460071886232
9bf5cf3ace55851d,0.4683075480543835
0e04a1cc15af0b5c,0.08188779496796375
86bc772734133e12,0.5739021722144084
76fda8694024d3e9,0.8256290045319581
d244839566b6672e,0.379465541490858
e165495e76c8691b,0.44574152211283014
18e8d9f4f0ed1ffc,0.2588998280981404
c198ddc9a1a0f0a3,0.04786685419596812
4f15b2cd5370863e,0.44155336771370524
5b71a33a75b4b41a,0.48863884982028444
85211a41d91dfa68,0.608220034380372
31c3ad8e554acb99,0.5689482731676825
f05e3b467a207ea7,0.0017971558055946244
20eea1cacbacd917,0.8570714174089701
338ac2331272bb7c,0.5298171589310829
e6740f272d44da83,0.8939209251445539
9368ba44560c50d9,0.5465854039693703
18e4039723086124,0.6350367244882014
c935d65cb1c5cfc1,0.2712767619940616
dd819f141dcc8319,0.11909673386466635
90488975d041fada,0.5143147366776059
a5aa463adede1f1b,0.6750273480231286
872ac9ef6cc6a618,0.2540084388185654
ae4040a11f651b1b,0.49156118143459915
468c82067304eb0a,0.844413189560869
cb460a2bc70974da,0.16460384435067976
366ae30bce6f5b98,0.2741522112830129
7638518d282a3163,0.8972651976871386
633878cd7103f469,0.4722925457102672
73b8cda0da8e3c6c,0.4434911704953899
b24a01610939d7fc,0.08159087357399594
99024e3163df7833,0.8588685732145647
f67fd1bdae4a88b9,0.5807938740428192
bed6a87757540498,0.4039381153305204
97afe9a3ddc497f7,0.06524456946397875
dd9f348a3e019188,0.46544772620721986
34946df4f3dcb0b6,0.5343022347241757
9444819c9eb0c9d9,0.8002812939521801
fb4483e1ad010ba7,0.007766838568526333
00c68b30c299654d,0.4026566651039225
72515cd3d8b3aa9a,0.746382247226129
908510f96be347b0,0.8436474449132676
99a21c81b1b48573,0.5685263322394124
22f68a423b09a5d9,0.07699640568838881
e7f04cb37080c9fa,0.02422253477105798
dc02fa202a12aa6d,0.33328645100797
10d0b7f586529eff,0.11057977809032661
ffd7b011eb85f998,0.4716987029223317
e621dd32e1b264df,0.248726363494296
4af1a1f24964fe8a,0.23483356774496014
811ce0830dbadcca,0.11636193155180496
19f0e848aacfeb93,0.6656196280668853
8d3f02ada61029a5,0.845679012345679
1e2a07a17f935db5,0.0946241600250039
32328db851b10b18,0.298015314892952
9ee145457cc792ea,0.7140021878418503
ad8df560233793e0,0.17840287544928893
d22762aa0ca69d56,0.5863259884356931
f8355291593dca46,0.7989060790748554
0c612654e51e01fc,0.07407407407407407
ae7e23426e25bea2,0.14421003281762776
e009b5beb1619a81,0.8232067510548523
520faa13a8c7065c,0.8716361931551806
b5f1a39aded71e0d,0.06200968901390842
de6cb6bc5b8d1640,0.5370057821534615
d51fb6ba7bb6913b,0.8770901703391154
a1375923af03ec27,0.6408501328332552
8c4b7d8e2bf037d3,0.30618846694796065
681405cfbc0dd97d,0.5247851226754181
992164c7365bc333,0.8578684169401469
4814a10f30ed6822,0.6256602594155336
f125562b955f34ac,0.30686044694483516
8665c174c23e0232,0.36555711829973436
c03010cc5ef028ec,0.9767932489451476
d2cbd396091301dd,0.3403969370214096
c5b700f429ada2a9,0.2549304578840444
07d97ad7c5757563,0.11442412877012034
abe88bd25b74cec2,0.9950148460696985
b5242ec51fa10803,0.219049851539303
504c204a4b07adc1,0.18159087357399595
eb3e885ca8381431,0.44781997187060474
88019e77a7570235,0.9195968120018754
4f5b5ab494b7fa3c,0.638740428191905
ff857c8685376696,0.783559931239256
c97ffff5899cdd5b,0.7895139865604
06d8545946fb794f,0.8666666666666666
86a18a847664c8db,0.6131895608688858
236b7caf60e83702,0.16582278481012658
b7362d1c5e6ea485,0.48938896702609785
75a194abbc3951a6,0.7816846382247227
0739352b03f43601,0.5874355368026254
d5fb0ad6dfbebd36,0.04946085325832161
ab3267950cbf32e4,0.56544772620722
061b96409f1ecea5,0.2186122831692452
77507cbfe35570ee,0.07801218940459446
a36af5b550eaa873,0.5369120175027348
9ea7c406af2ba7ab,0.6284419440537583
f67f1e53508bf00a,0.8440068760743866
c1e4dc287c41d581,0.22425378965463355
a53a53e86b02f37d,0.3150804813252071
608291782c527827,0.5026410376621347
d0ad07399c84455b,0.5709329582747305
fc8986567718f61a,0.9343803719331145
5dc1fc6a5d643435,0.6933270823566182
5c05741c61417dc3,0.386544772620722
d702bbe78e1fa189,0.0626972964525707
e781540ac8518204,0.14588216908892015
7dfe0b8686f2f32d,0.6860134395999375
150a93d31aae72a3,0.31139240506329113
6eef12e9a09066d4,0.900922019065479
636152d21bd16667,0.6512111267385529
c7f6af439da950c2,0.0718549773402094
27acdee466fcf485,0.8950617283950617
a8804fe9eee0fa90,0.08845132051883106
6192ee4938021f38,0.803250507891858
fc02f9550afeac41,0.06572902015939991
7c9ba87d30178a3e,0.8220659478043444
a17444b2e1cdd78a,0.5623066104078762
83df6fde56cebe4a,0.23227066729176432
b35110acb0de3b77,0.8537271448663853
9fc1dd40acc8bff1,0.8627598062197219
0c521eb5fabcd49d,0.3188154399124863
e081802079fcf55a,0.8702922331614316
12aedbe868f79776,0.021472105016408814
be8a2586f0738799,0.7515393030160963
077d63174223dbbb,0.22941084544460072
bf95a5f9268fccfc,0.10426629160806376
51ac7bebc69eaad3,0.8051570557899672
823b8b0cbed56665,0.66671354899203
7b06037a7dc44eab,0.6494452258165337
c3468f13ce305a3e,0.9786060321925301
82906bbb278815e9,0.13609939052977027
26d93d94ea19b1b9,0.46102516018127826
d59469ecf7c3bb29,0.536755743084857
7db5fdf7d9e7b81b,0.37523050476636977
251dd43cde3297db,0.5094858571651821
cb1945985d64f4de,0.32265979059228
4eeb92e907af170f,0.40679793717768403
feb8fa429dd67ef4,0.6546179090482889
4de67c2419537ea6,0.17093295827473043
538e4f56402af36b,0.8176121268948273
a4cf878441380a52,0.7001250195343023
96be7b3de04ff62a,0.6513674011564308
39c3d3887c8c1a94,0.12545710267229254
1921999c1eb2c5c0,0.44544460071886227
d57e9b30000ad4ad,0.45408657602750435
7c4dea060b3cac3b,0.6561025160181277
b72576d562bd56cf,0.8787310517268323
e1b21c89aa287e10,0.30376621347085486
ea91d426f07b035a,0.37790279731208
e3fe0ea3b0e68165,0.3047038599781216
733a4e55740edd52,0.8630098452883262
e3ec47884acfc533,0.9687919987498046
8b4fc284f4d71fb3,0.7354430379746836
ecc8c2db5ddf594a,0.05602437880918894
6a2e9bd8a0f89c66,0.4245350836068136
330cb959caca2412,0.9366619784341303
d9ec4fb651c85ebe,0.3221909673386466
059f9fe46af8bf1c,0.4387248007501172
3a4738e51c5cab59,0.6012658227848101
2defc05f8aab4fc1,0.927113611501797
5eff676251527676,0.04360056258790436
fbe244ca19447d90,0.5491951867479294
6a795f7ddcc9922b,0.13344272542584779
31e47d59215b37f6,0.37069854664791374
dc507cec24e10ba0,0.6701672136271293
a6bb01f0933df044,0.09740584466322863
8d856f853ce1deca,0.5213314580403188
6da96325a4517519,0.5045788404438193
1154f92cf57d2532,0.07029223316143147
f6f5511b39bec2b4,0.057915299265510235
52b72c128d8d91b3,0.6861384591342398
75e7fc7c7ea0f472,0.6142834817940304
197817ba33606b5a,0.5490232848882638
c1951ebb86cb1446,0.9329426472886388
c4c41b18d788438d,0.7949054539771839
aa26bb9dcc890fe2,0.7396624472573841
c2c4703ee4c876c6,0.832505078918581
4c5d7e0beffa310b,0.21994061572120643
83c908bdb66cb2b3,0.48974839818721677
f5402da16c14957e,0.35538365369589
2ab80ba80d56a41d,0.719549929676512
1c6b71fcf804ee07,0.6259415533677136
2f3e4501cfcf6dfb,0.30936083763087985
e6dae542e381015e,0.21965932176902642
eec4124d10360067,0.0785122675418034
9105a2588a4a2770,0.6453820909517112
130f75788d8a46aa,0.3512423816221284
8835b5e539659c18,0.3677605875918112
d219e6e0ab855f68,0.6530395374277231
0723230fe86de14f,0.6803563056727614
e81853b0b0f8c271,0.1380528207532427
979af46a1f611253,0.7750429754649164
945f78f066a99193,0.4310829817158931
9fd22540f39891b0,0.03314580403187998
2631c1e94bf99eb0,0.885982184716362
41d6c34577272404,0.27219878105954054
13285c2b73770aa9,0.39499921862791065
1d2b2b68357f4992,0.175636818252852
5e3172665089f4f1,0.8626504141272073
9f7be9231e3552f7,0.748726363494296
6e458ab88b4204e1,0.09724957024535083
10739a7eee3e87cc,0.2027035474292858
a326839f328dce7e,0.7843881856540085
2e706184335e4bfb,0.9492420690732928
e10da35ed5233e23,0.029989060790748555
85df2a159bcafca0,0.7460696983903736
7e459f89aae58555,0.3392873886544773
c5733fd52fad180c,0.6905141428348179
d78be06de4424dc7,0.05539928113767777
af782e55eeec3b26,0.8681669010782935
a5428b7d3e5eb0a2,0.39678074699171745
8d920a6bdb004f92,0.9826222847319894
f4be0e405024df8e,0.875074230348492
d5059f8f88290d5d,0.5725582122206594
e368d0170d51ce4b,0.35117987185497734
d8ddb30bad626df3,0.3005157055789967
d1e892e5a070ad3b,0.1378965463353649
8a30b24e45c8dd56,0.5551336146272856
7616820e7f2f060c,0.08640412564463198
35bf1de33ef37b4e,0.6656040006250976
7fc73341974a9c57,0.916080637599625
9f5bd41b72cee0ab,0.2868416940146898
44e5daba8a615664,0.7908579465541491
6a29aa78116608ee,0.7352086263478669
74c36fa527d5e914,0.2688857634005314
65e5065a97a00477,0.5270667291764338
2bb9d6b7e64b8108,0.08663853727144866
297129de9133a71a,0.18229410845444602
e6233ca37ff20ae1,0.6778559149867167
e6c230b1db202085,0.8330364119393656
042447db024700a4,0.17768401312705112
5347f880cf1bb93b,0.36993280200031253
f7f2f5d41652f6cc,0.04696046257227692
71ccebe269774017,0.05524300671979997
5d89474915222841,0.23674011564306927
583b0f485ee37a28,0.167776215033599
cc5a91f4a1b878cf,0.8291451789342086
636604af09feb6f9,0.05769651508048133
9149bfd2414e1f06,0.7900922019065479
69c71a71af3a6a93,0.2674792936396312
5cab1ef744ae1f07,0.5125957180809502
2c01a13c5bd11b48,0.46183778715424284
3dd5148c39f554e1,0.16110329739021723
e55b6c8712632bca,0.5116580715736834
1e70f997f11d309b,0.4027035474292858
0b5140a69c454fd2,0.2025785278949836
bf3433f1790ded45,0.7132833255196124
848bb9f5e15ea664,0.39734333489607754
ddec6d5fb5e1d8e6,0.911829973433349
483be22ba816efd7,0.35416471323644316
c5e5341d9853e204,0.3000312548835755
21afeb4d02745cb0,0.24513205188310674
214573582fdadc69,0.40901703391154864
1584cb670481cd0c,0.8551336146272854
a5b74fec60dff97f,0.8716361931551805
500761048fa68af7,0.6058134083450539
17911ade8f9db4a9,0.586185341459603
0d5e4ec73265e718,0.7234880450070323
9a23b511d19c5b74,0.5540709485857165
b0a68b6e9b5aa0fc,0.7149242069073294
f2408ea825dab651,0.39118612283169246
c46a0253ce15db70,0.6327707454289733
280ee758ffb1d1f5,0.5182372245663385
f120c6f37766ad60,0.11031411157993437
f0bd6e897436f50f,0.31845600875136737
d9838a74cd5c15d2,0.06979215502422254
ef4f4beebb23098c,0.8101109548366933
81e1191f9eeac89d,0.5678699796843256
38a4b85540a1d008,0.21917487107360523
583c98e432bf450e,0.4891076730739178
9319566dff410e11,0.45296140021878417
967a61a65ca3958f,0.022597280825128928
78d063e4b7ce7f7e,0.3398812314424129
d2f8e62df2e4ba25,0.6242850445382091
810d2f780629077a,0.8543991248632599
3515d882b6639805,0.5165338334114705
11e50493155c9e73,0.845116424441319
4ed708372af004b4,0.8977027660571965
c4e45da34ddf3b44,0.6591967494921082
c8a93dd49c2a92bb,0.9192061259571809
0db19fe44a9a780e,0.06252539459290514
2b3538d47f1c15b4,0.22095639943741208
c3310c72d9734462,0.4240662603531802
14085746773f19af,0.10948585716518205
556db80d967a1693,0.41915924363181745
43fc5ae409f4f500,0.5939365525863416
081a87f22c3b38c2,0.8125019534302235
d375cbc133ed4f4e,0.6338490389123301
5ad546feb694ad21,0.40087513674011566
4f93720827de0ed1,0.3756680731364276
3aa17624d6ff3bda,0.08566963588060635
9242e8dc12c52248,0.7381934677293327
6842dfe6284804e1,0.8186435380528209
0d73a6a834744d44,0.4211126738552899
0830204cd861c6bf,0.09865604000625097
66161f0924e78225,0.5963275511798718
496464a4d50db8c5,0.629176433817784
06324bbe66728955,0.8399749960931396
14f78d4e391911eb,0.02500390686044695
2b82c80f72759096,0.31104860134395995
098ac1d81b9e8c1e,0.8637130801687765
1b76ea6cbf734ce4,0.07794967963744334
0500bc92e5b55537,0.15111736208782622
ac5aed573f280b25,0.34735114861697136
ea03975f1d5baea3,0.33911548679481174
88b17a552fbab232,0.6588216908892015
b8de7af9fcdbf382,0.8582747304266292
1200abef5b424cb7,0.055993123925613376
31b60e9d8cfa862c,0.13195811845600874
893db3bdf6bcd36a,0.740725113298953
ceb6b035da1d3d7a,0.6295827473042663
4ec436f2d7284b90,0.24611658071573683
8aed9038981199a5,0.3603219253008283
0004c2d09b2a5399,0.5992186279106111
5205db0c297b51cf,0.43670886075949367
fa00a8d5645e29e8,0.12861384591342395
e059a125b2f75271,0.8695108610720426
0a245e9039a475ae,0.46885450851695576
f6dd2588e26ea334,0.7844350679793719
973b401c5b3a29bc,0.40407876230661044
3c3d0acff02d8d77,0.779106110329739
29614e0f15db6e61,0.631239256133771
59556138531e1193,0.2321456477574621
6864e194fe467f06,0.5496640100015628
92d1a78a0805f085,0.6285669635880606
673c83d5875338f6,0.7920612595718081
97b9da49283296e1,0.25647757462103454
8e266443d27cb222,0.5203469292076888
01740ec6cd7d3fe6,0.7941865916549461
bf22ef3c96b1cf8c,0.20329739021722146
eceff6a46e6bb846,0.27348023128613846
595cd3775c548381,0.16932333177058914
dc88015ad74c395c,0.26668229410845445
1d829ac1fba966c2,0.2969995311767464
7af5a547c0ff87df,0.22569151429910922
42082090188c20fe,0.7801218940459447
f7c6df36a4354bbd,0.45139865604000623
fa583dbce17dca3f,0.5555086732301922
31b430017b021b90,0.8838099703078606
7efc9cb13b2def86,0.9093764650726676
d06fda4e5bcfc129,0.9753242694170964
72cb2bb85767bcac,0.9371464291295515
50f1226e03b9f878,0.3188623222378497
24eed0e6d7789047,0.6115643069229567
d026da38fc55bfdd,0.2423659946866698
47c591c2bae2052d,0.5540240662603532
92966f857e0e8aaf,0.25607126113455225
56b22e07fb9e4c9f,0.9568526332239413
95e7a0024d29a8e8,0.606375996249414
77413f2ce0fc0b0d,0.4079387404281919
169ad5f354082bda,0.47235505547741835
cb6a3ddb00bb4caf,0.9314736677605876
c1351ef23bdee19f,0.3103141115799344
23e0eeea647bf809,0.5659790592280043
52cb9f8084c2979d,0.727769964056884
7f071403034451bd,0.8584622597280825
64c6b8a675d8d210,0.5370057821534615
25bcfd9c6c4bc119,0.45596186904203784
68234d071437f6c1,0.10017190185966558
cdba54b09ad0a5e0,0.19370214095952493
8b2a453d25a9793d,0.6177527738709173
379b3cf15b5cd618,0.13409907798093454
04f8b3d8fbcd3c09,0.19853102047194873
8db2aa7a87a0b0b0,0.667916862009689
09904cf5297e4c52,0.8404907016721361
e5d6021439d46003,0.8325207063603688
87a2e4212129d19c,0.8499609313955305
e218c57596992271,0.5310986091576809
18b98da5b42722da,0.5552430067198
449920a89db3ac7d,0.8235036724488201
9ce041cdc0639315,0.7397093295827473
722f357fdbd5c880,0.5199093608376308
d468cd43dc6a08bd,0.837959056102516
9700c7a3ef819ef3,0.9082044069385842
b7f1d881f8c72980,0.11787779340521957
b23236c476c94144,0.9291295514924207
18dd1046074e1b37,0.4225347710579778
55f227029ee88bf8,0.4157368338802938
5e3b8e365345db58,0.21136115017971557
d97a5d6269148ed6,0.20026566651039224
ec6dfb974b3c0b88,0.8012814502265979
7ff4153e9bc66bd5,0.8632598843569307
70ade30377aa52d0,0.5397562119081106
e81c74c9a5e64310,0.9331301765900921
27609b892f19ce38,0.20379746835443038
665fe4d9e267c32d,0.7690264103766214
e4efa861a25c36f2,0.8047819971870606
707cf306deb0ca20,0.3682294108454446
53a0fc682407a107,0.6672917643381779
4bd91ec011ba7743,0.15496171276761994
3b7c880189ffdf65,0.6125019534302235
c5f1834657b1d9a8,0.659415533677137
60a043d7036ea402,0.25594624160025004
d69dc65f9a8e3647,0.4686357243319269
c3978282c1335961,0.7370214095952493
248bcc5d97740cb9,0.47748085638381
ba074101d0551828,0.520612595718081
f22fd6cc76b9eb99,0.030739177996561964
cad3b5acbccd1a75,0.0932645725894671
4e3d749c5d0d8b99,0.7034067823097359
1024028ec93908ac,0.996171276761994
db5f96700f81e32e,0.684060009376465
d00456f5c537affe,0.24671042350367245
ae6c9a4ac1923d77,0.22120643850601657
5c4ef0457f9b795e,0.44178777934052194
a36087b510ed1bbe,0.9073917799656196
9700dc3668cb0d40,0.05055477418346617
e404394c28efb780,0.5670573527113612
0720a1b755cf55ed,0.6017190185966558
035439e10d353f33,0.46055633692764497
53421be12c0c7d0a,0.8005157055789967
c76422f9c7f1c224,0.045413345835286764
ca75e192477ae30e,0.3258634161587748
480e9e2f5f6eac7f,0.7228942022190967
b1b0c9414a07e81e,0.049163931864353805
e09f31da0edae6b7,0.2843100484450695
9386dbd09f1eea31,0.46221284575714955
4027ad13f744ab47,0.9300984528832631
dd57f9a9617410f2,0.7897015158618534
53816ae08db4500d,0.4884200656352555
d39479f04b318c0d,0.558993592748867
5223cd189c2850d3,0.42420690732927024
8c0a9ec776187a0a,0.052977027660571954
387c460bf9c82eed,0.6426316611970619
1fd31e1faa118ee6,0.13942803563056727
49fba05cb591b00c,0.06236912017502735
bd80ada68eebd0b9,0.4382559774964838
0e3f686f072a8a0c,0.28512267541803404
84925d826d461c4d,0.8228942022190967
a7badd0bb8ead7cc,0.38963900609470226
e2c838fd32fbb729,0.42662916080637603
3a6cf220f53b4cb4,0.6185028910767307
9dacb79ad9fcf34d,0.38160650101578375
92aa4c1f7f258a86,0.8311454914830443
c85e22a117db207d,0.07721518987341772
c5acfefdb9e64f54,0.3095796218159087
26015640e05a3378,0.28287232380059385
834b3501453f5c5c,0.7363181747147991
42af151534cbcca4,0.23969370214095953
6342222ab4bd07c5,0.9068448195030474
cec95d0eb86b553d,0.5741365838412252
b4129a57f4c5c1ca,0.5164869510861072
8b51d76d9c838743,0.22381622128457573
36d6124fdfb6b5fe,0.4357087044850758
2212f9196bf749b0,0.9493358337240194
fe9345df75362fb9,0.7482419127988749
75774ccf0b19e8bd,0.03570870448507579
026c096720d1702d,0.7602906704172527
6aca91fcef83cdf6,0.4801218940459447
8fc4c42ef85eb9e6,0.9293952180028129
1b64496c26985a3d,0.11473667760587591
591d0017ec185df0,0.5290357868416941
028968c773b11f62,0.7209251445538366
3a09eb47d1ba4acc,0.04471011095483669
000019235d24a363,0.49746835443037973
ac5122e50d1ce8c3,0.5147210501640881
7d4feba02220abf7,0.03012970776683857
e59a3b16b4a6d416,0.7491014220972027
84a820be4f12f7cf,0.08795124238162214
2f535756a73607c7,0.9442725425847789
fe5a15197d453416,0.03739646819815596
dfe7a446a8aeb1c9,0.07124550711048602
0ba28eeeb91393c6,0.5846069698390374
6cbf1767b759c6cd,0.446319737458978
a6e42b03d097a184,0.669120175027348
da6efa9d56a293d8,0.7182528520081262
20eb958ac40ae3ec,0.11139240506329115
861472b884b8b80b,0.8860290670417252
83313fb5d3e30121,0.2871386154086576
75c00015b88462e9,0.8003594311611189
abad9a6070f32056,0.48948273167682455
dbb0ac574180786c,0.7730114080325051
1ff23956ddb48080,0.9797780903266134
1030748990c873e0,0.6979059228004376
3b392b51ebbe98a8,0.8959837474605407
9bd3ce96b5220545,0.11198624785122677
e80afbedc991fe85,0.9104391311142366
b892e30bd65f1cf7,0.07096421315830598
45be6aeb64cd6e75,0.3068760743866229
10b2dab220d2112a,0.8073605250820441
397e2c46ae990a0c,0.37197999687451166
19d3b02c14e869e0,0.15289889045163307
cd4dc389be000277,0.9075167994999219
fddeaaa21cf9f333,0.40290670417252694
c73cf810b1eec5b7,0.16824503828723236
2d89c6930c494b36,0.6085169557743397
731c1ccc4e036603,0.16801062666041566
a9448f44773fe67d,0.6855289889045164
89d7d09573e87744,0.7878105954055322
09a1c2b53c31bc10,0.6972026879199875
6c6319f9764e8514,0.7840756368182529
f56bb1ad09aacd4d,0.790795436786998
a49d99323a265849,0.10862634786685418
3ee9be6434e0e715,0.47527738709173306
875debef7413e1cb,0.5344272542584778
a2d775ceeadd24c4,0.9094702297233943
18c8aaea7c834671,0.9001719018596656
df0c46251bada9cd,0.6629942178465384
aab9add2fbc56aa9,0.16208782622284734
a6fc3e9da5c8e555,0.22842631661197063
f637661db81b90bf,0.9210189092045633
33f67c649066e956,0.3836849507735584
86c73cb2d30683cb,0.6556805750898578
b5c00f8557fcf692,0.5198937333958431
a2c9a8f18d345227,0.8879199874980466
5ec5cdcb7ea71186,0.4561181434599156
0f3e463f9177f7f5,0.6681043913111424
4e7f08dff5d4d708,0.5935302390998594
3bf84009bb5fc3d5,0.8995311767463666
51395fde52e82c96,0.6503047351148618
11111626d4279259,0.4248632598843569
ae179d72addf4dc6,0.14517893420847006
e88ef89c0abd640c,0.08104391311142366
c514af589b1c5c49,0.2158931082981716
ff07eef5fb056c81,0.8694170964213159
96fcc4e5d6f59237,0.6969839037349586
28c21a0768568fe3,0.8496015002344117
73627db8491905c4,0.37788716987029225
99467bd1e0347c4f,0.05455539928113767
f68ba1afefa7c356,0.8264728863884981
f2dc825ecdbac412,0.31137677762150334
4aba146c1a03941e,0.09048288795124237
80d5d6de30bce75a,0.580528207532427
07139bc3c4fbcf8e,0.8013439599937491
e20fe10aec859d4a,0.9886544772620722
7ede37b476b9198b,0.629817158931083
13f259dd7b600fe1,0.22298796686982342
351f432cde665f41,0.14478824816377558
a0721905432fac03,0.9249882794186592
c64298a4451fa34e,0.5966088451320519
4498869b991b879d,0.7580559462416003
17636075cadd05b7,0.3784185028910767
f1a1bbb6f878a877,0.4762462884825754
0eb6903ad4fa3f90,0.4611814345991561
3188bea8d6f5b35b,0.7069073292701984
c4c409536eb6c51a,0.13059853102047195
d280dab3667294dd,0.6264103766213471
52c6f5f136513403,0.39026410376621345
5090d67fa1877997,0.279887482419128
16b61b14def64393,0.7628848257540239
baafe2fb18314839,0.056086888576340053
4dd870bba94a4e61,0.3979215502422253
09dc62cfe943169d,0.11253320831379904
c479d440fcf7aa16,0.7923894358493515
8afc03aa50ceaa11,0.7299265510235975
edde45a77638faf8,0.03164556962025317
6d7692d9c32c3019,0.4744022503516174
5732b6767099399b,0.35128926394749177
17d91b5e97f3116f,0.2096265041412721
0d8f39533be9f182,0.7794342866072824
fde5949373183adb,0.9683700578215346
958e0e17661293ac,0.8284106891701829
c5216e7c4a482059,0.20276605719643698
903c649790deba31,0.13030160962650414
4a0069fc3386e06c,0.648445069542116
a8ed067c70e68299,0.7683856852633224
2739c45027efcd82,0.4638224722612908
9cebb6633780881d,0.9842475386779184
61795ee62a8075d9,0.06232223784966401
58f2b934b0d49345,0.7542897327707454
dae79d85843b121b,0.013205188310673542
2a1568df2de08c44,0.6469448351304892
ee4fd2a6e3a78dff,0.5715111736208782
b757cce25b9c26a4,0.150070323488045
66ff45cad74a6679,0.3265666510392249
b0017bdcd541c6d4,0.22598843569307703
a3f277c9b5c91e67,0.3954211595561807
a5cf1cd034f1cbe7,0.9365525863416159
68c1e518bbf4e77b,0.2972964525707142
39bc60ddd2106538,0.5044069385841538
6efa72d0df99c34d,0.774996093139553
ba7209f117ae9238,0.7732614471011094
7c5bee138819f339,0.6868416940146898
0a18482d62e5cb36,0.5708391936240037
8e35efabb244500d,0.2646350992342553
43a9275d59ca040c,0.7147991873730271
481df5704a84657c,0.031942491014220975
4d8d82c65a5b6227,0.10557899671823723
f93eec03effd7d38,0.7441787779340523
3ffdcb2a25a0754d,0.5310517268323176
95109279ae9a6a9e,0.7474292858259103
d6ee9c0efd68efce,0.5185185185185185
74c4894e7bd0708d,0.10862634786685418
d33fec8f45769c79,0.7073448976402562
8fa4532d6a6caae1,0.08791998749804658
3dff5467e3be88a2,0.8093139553055164
fc6d9a8363c4609c,0.08182528520081263
c9cec12908a9bfc4,0.2581809657759025
a971fe519809a939,0.23419284263166124
5ef5d379d20d65e1,0.5731833098921706
e3fb799669853199,0.7170339115486795
6f8c415e8466353c,0.43494295983747455
6a84824f0fe20d4b,0.3699484294421003
8cfc43e4b7c26f14,0.2248788873261447
de7c6a12dea21dcb,0.7736833880293796
d478e64abc5e2623,0.6068604469448351
437101bfe8957347,0.45691514299109237
6e285e3b9740ddd7,0.7205032036255665
c3ad227a535c2fe2,0.8897015158618534
8f43b3a85065f086,0.8972495702453509
90aa3a900822f96a,0.63384903891233
c9000a6868faa0ce,0.7239881231442412
32a000ae2024ab05,0.14917955930614157
c4605d1a5e5e5f5a,0.6358180965775901
892acb659d8cf3f0,0.3458665416471324
c69855f3bb4ca032,0.009814033442725426
edf73aedf6b35217,0.47941865916549464
8877ec8e52d1ecc5,0.19620253164556964
fa3630178cfa8ffa,0.060009376465072664
9f5f7129d1af2116,0.3065010157837162
5e7e17e9ef20547d,0.7139709329582747
a0bb691eee0adcbc,0.09284263166119706
47aa950ec1d03709,0.27188623222378494
89b3fd466c092666,0.07499609313955305
f58ae0404d156690,0.10879824972651977
766c4ba6be3c0785,0.536896390060947
eb2e4b71d64f3173,0.8756680731364275
4912ee4332177555,0.751836224410064
2bef19c70fa1eb95,0.2152836380684482
c6686c6fb6297feb,0.7929051414283481
67508ac580fa166b,0.5447413658384123
ff311f69cd822985,0.3719956243162994
bfff1dc879c76509,0.5610876699484295
3d1fb3f5ce631cd6,0.8935458665416471
cc268338bd6cf9ca,0.8342866072823878
d5798960a3e8183a,0.48771683075480543
11d573b74ae9ba82,0.6709017033911548
8c8705f908dede75,0.9738865447726207
ed2bfbed36ac2b84,0.7227535552430067
89361517fc2f10d5,0.9183934989842162
1626bf6a9e33402d,0.6678230973589623
549de17e617d4cb1,0.06227535552430067
241acccc8c4c5c98,0.8598062197218315
ea3cd2074cfdd18b,0.018409126426004063
3482477cef332442,0.7728082512892639
4f0e6d903964496b,0.2335208626347867
55f5ac50a1704cc5,0.4337552742616034
2754a911af5ae6ac,0.2518674792936396
f2e293367584282c,0.9197687138615408
2efb3cb92bcc9b98,0.08588842006563527
5896699316dc3ab8,0.3792311298640413
2d0483ceb9c643bb,0.5942491014220972
efc8974e6723a58f,0.31217377715268013
a6a0006f726c94b1,0.6443037974683543
6f5c59612f3c92fc,0.95341459603063
c78209036cd357a4,0.8128926394749179
db9a3030e417457d,0.1112673855289889
99988b482a1d195f,0.8192373808407564
52e13ab6586efd97,0.9410220346929208
3e8fbcc54eca7fca,0.39809345210189095
5bd1113a10668c30,0.3096733864666354
4bef48512ade85b6,0.15719643694327237
2882464c483cd0f8,0.2909517112048758
079b1ed9350bf75b,0.7682137834036569
7063caa968c586c4,0.3086732301922175
ec19c34addb8624f,0.3133927176121269
8cbafbdb15a9de28,0.3472886388498203
a38115fdbf75c1c5,0.5935614939834348
6d8390c7927568de,0.11276761994061572
00981f14236ef71d,0.8461947179246756
12f84fa2b4c572e1,0.05964994530395373
ca5bb700586628a5,0.12155024222534772
4a7058a9b89ae975,0.25069542115955623
878bc0b3326ea889,0.07596499453039537
57f748e3454293d9,0.564447569932802
07949795ad3e2e93,0.6280200031254883
8cfaf8d91ea4f1c0,0.32734802312861383
0973b331fb200feb,0.8087201125175809
fe33cc8c6e5126c9,0.1295046100953274
95338421b02d6100,0.8322237849664009
6d14e413603d239b,0.6010157837162058
8dd0a5354bcc36ad,0.7224878887326145
73e26e96853b1101,0.07648070010939209
1d9173dbd30bfa8b,0.7850757930926707
b8164626d047cbb3,0.6670104703859978
0fb7907993c4b37f,0.3822472261290827
59ee8f98bf511a26,0.7727769964056883
0c3008cd7e493e83,0.8771370526644788
ca16172c325cea2f,0.11701828410689172
2bca85f81b167432,0.8392248788873261
22fee0166c140a09,0.9754336615096109
e2724c0840a5145f,0.4241600250039068
f36672a2c0e1cfac,0.04317862165963432
1fb583d94ee99482,0.8187216752617597
02f264a344c830ab,0.5578840443819347
4da6645d6969cd52,0.18490389123300516
44dc081e8f45104c,0.48220034380371934
2c2b2f0c44e4f0d6,0.27258946710423504
36b10927a5ef8124,0.9413033286451008
c1aaa1a11b02c7a6,0.3498984216283795
052a4c4d54a4bc92,0.7990936083763088
d52322d3a4091590,0.11900296921393969
836f3b0ea82976dd,0.4276136896390061
76fb069dc8449b55,0.6860290670417253
9c73e1140fc59c02,0.2403031723706829
ae6c780a01769bbd,0.5017190185966557
ef3be0cbdd14848e,0.14641350210970464
3599f0b9c0feb095,0.056883888107516795
88664205bb714f9a,0.10132833255196125
b978ad9fbc2debb9,0.6578684169401467
c82c9b618c165d10,0.3614783559931239
0b15c07bf352553a,0.7314267854352242
7891a28610913711,0.7474292858259104
ad4639fd4e49662d,0.21087669948429444
08bf7df7a564e646,0.43655258634161587
7ed362e9d16716d9,0.14494452258165336
0ad5b72ef7c0ed2b,0.5395061728395061
511e654ff2a5008d,0.41770589154555393
c2cd9bde4b5e7a21,0.7674011564306923
5b3e02e26bec5e7b,0.653117674636662
89c64c8f9efcecb3,0.5987810595405533
a8f6c6e3e62d6b71,0.24836693233317705
019cc0b8962f5cc0,0.8074386622909829
bc4e4242db6ccd37,0.10837630879824972
3fff2ee4dbde3d85,0.4534145960306298
dc37fcbe553235d5,0.376980778246601
3bd0b86bbb97a337,0.33042662916080634
4992d9bc07447302,0.3066729176433818
bfdf1c0f0ba7cdac,0.9345835286763557
a6ab2d1d53fe912a,0.19045163306766683
1891df3302c7b348,0.0997030786060322
b9959e103e10b920,0.5157368338802938
0ef3c10f8c9072d3,0.3311767463666198
a10619d97fb76c2d,0.20454758556024377
0863a38392b70b67,0.3964994530395374
60b64acaf466a536,0.7249413970932959
12e3e5d6d9c41e98,0.7606188466947961
9523154e7d045c29,0.887607438662291
c75a93ff5b4249af,0.1208001250195343
254953a015ac6eeb,0.9514767932489451
800fca2f6db1274a,0.11939365525863417
495cb7b810650027,0.10534458509142053
32f2ab9bccd62523,0.34530395374277234
710c1a24eaeead5b,0.30187529301453353
bc05e8a0b1a36967,0.4391779965619628
7f9c858cee39c32f,0.41337709017033913
d943890ab2a0dabc,0.5716830754805438
e8365a58644b452e,0.6969057665260198
8b6555b1e2375ec2,0.5109860915768089
2d05b7a2752c3cd7,0.31648695108610725
cae674aba0ce36bd,0.7953273949054539
ded2185f98f5d222,0.759493670886076
5aa4335a084d6172,0.6097671511173621
ea84e8283949a22b,0.7355368026254102
e05b38abdcb5ba20,0.0659634317862166
1a8232cb16668217,0.05574308485700891
964453e5682c98dc,0.45619628066885454
6220fee3bc1e75ff,0.9208782622284731
44c74ce2f7dfda22,0.9155024222534771
0e420abbb67f6653,0.9506641662759805
381d753868abf15f,0.218768557587123
c90e0c45f7fc22d0,0.12078449757774652
28cc75a35f51a8f5,0.7781997187060478
3ec9f6c06061e5fe,0.9199249882794187
b014ddae55b634f3,0.10848570089076418
90879b42c1e54236,0.6746522894202218
7e62b4fce61bbae5,0.5295671198624785
6e384e2ddbb3399a,0.45375839974996096
6f07849a73f44a97,0.9573839662447258
f48a2f5d095509de,0.597171433036412
ba999a22ce5b3fa3,0.928332551961244
ba9181802cbd9401,0.8706516643225504
bd73bd26225890fa,0.17780903266135334
64c38fe6742e3036,0.1937333958431005
df243043992dea1a,0.5970307860603219
0119114d3ccf9eba,0.9187529301453352
f21453041c1dbfb2,0.1468979528051258
65850a53164c135e,0.18556024378809188
48527244bf10d792,0.4231754961712767
cd4848b0c5d09b82,0.571104860134396
d29250c293d24f3b,0.7360212533208315
8e49853ead7a7782,0.22298796686982342
c4468c09563855e0,0.4169401468979528
06fbbe29034b7d22,0.11628379434286606
85f4de85a28f72e5,0.6156586966713549
61a2fd323396df30,0.33302078449757777
57131a5c1fd27b0a,0.36760431317393344
97148caf47baee80,0.6643538052820754
bc00a7f9820c18b9,0.23148929520237538
0774fb3a81023543,0.6148616971401781
26fce92bc23cb74d,0.7325675886857321
c97cd71a9a738f03,0.4848726363494296
e241738a2d4f1fbd,0.8155180496952649
da7df03e550c90ab,0.3655727457415221
35c07da89ceda890,0.7675418034067822
5cf499e1908cd296,0.4597749648382559
d8e67e20d907c472,0.37062040943897484
f3135343f9e7c1fc,0.918409126426004
35e24477ff3e4121,0.5304422566025941
ad3c1d21283a66e7,0.6340990779809346
fa88a2d04837aa67,0.7976558837318332
3d8cc5538995bbb1,0.01018909204563213
2cd57b0959ffa8b8,0.31528363806844817
abf05406b1a91bf6,0.9109704641350211
0f7b3fdc5d781296,0.94363181747148
03365bdfcc4be998,0.3046257227691827
b46302fe840c3d5c,0.4341303328645101
b1f966468fc49840,0.3495546179090483
6adafe7e6a6e6865,0.9585872792623847
e92c7a5333472aa1,0.6670104703859978
7eabeacacbf8b37c,0.46452570714174085
655d9a938cd682a0,0.7288482575402406
a26607cfecac0d77,0.35255508673230196
8d29e784c2fbc4ca,0.9074699171745586
0552a72825b82f4f,0.29929676511954995
8db26f10038d6705,0.33692764494452254
0eb4f40d8b4a0e29,0.39010782934833566
a1caff7700882d18,0.7287076105641506
ee70a37197156928,0.13303641193936555
6de1b2f62b6369e2,0.8734646038443505
9c2d074867b45c86,0.3208157524613221
36c975ccff63cd9a,0.6405375839974996
eac85b26c054de88,0.7543366150961088
318d374ee2d57a71,0.5499453039537427
ea743176167975bc,0.48095014846069706
3ab9fd28956b4c1d,0.14320987654320988
478582ec139d868b,0.6835130489138929
fb9d44e71840eb0a,0.2367401156430692
bd4fd0a37b2b9312,0.6527738709173307
5dffe03302a0fce9,0.8954211595561806
d94e1f4138ee9631,0.4597280825128926
298ced22f474a1c7,0.5744178777934053
0268d1d90c8858ff,0.4447882481637756
84cf6eb7514ea305,0.1534145960306298
95d0de11255bad7e,0.09654633536490076
9df308f6f0758e94,0.6038599781215814
b0fb6fef1f3a5762,0.567354274105329
3fe46d292459737f,0.09320206282231598
6bf62b52eaee324d,0.1956711986247851
8b6a50f8f0d1474f,0.815518049695265
89833118f346eb37,0.2391154867948117
48fd781830adf147,0.937818409126426
209845b666a00820,0.2643850601656509
f23faebe09506cb7,0.701703391154868
5f9584bc58bae0e2,0.17826222847319895
a08d713f9ab75910,0.6160962650414127
5c4f577995e30921,0.9221597124550711
db21d37dde61a7e5,0.48007501172058137
d22dc3977ccf9208,0.3549617127676199
d0fab5e12cd60c77,0.1491639318643538
5293676c6774f75b,0.20918893577121428
d3ae1f0b7031a78a,0.22625410220346928
bf57f1265cfe2fc2,0.35835286763556806
468b54d83b570a50,0.2570714174089701
134c07b69f25f030,0.5752617596499453
2cfa14158d7d3661,0.5828723238005938
a87b1a98b2c48b05,0.2870292233161431
c0bed62168e9892d,0.6769026410376621
fc44e0d5137363f1,0.3628691983122363
1247308f81ebf41c,0.03017659009220191
083caac4b6cb4eba,0.7155493045788405
a9d470ae3ce0af34,0.04502265979059228
935c423d001e7dda,0.2823722456633849
d096b8795c71a6e2,0.9215033598999844
2acc0dd1e03e59b3,0.4528520081262697
bdba30d6e4c5095a,0.3060947022972339
57b0ac86659a9329,0.6642444131895608
23d831dd1ba487be,0.07554305360212532
628b14a47b392334,0.7630098452883263
76a400c7177ea365,0.34796061884669477
86ab9bf8f20612b3,0.5056102516018128
fb26e948e7444ee8,0.8089701515861853
367ec7e6bfbfc6a1,0.8994374120956399
efb297fa666f7cca,0.8775746210345365
0a0f715a63ed4738,0.44750742303484925
00b759c30fbbcbd4,0.8923269260822004
4c133deea22458f5,0.86727613689639
b354cc89789a3136,0.6906079074855447
f3595bdad2050118,0.2943741209563995
2171a4f574746f33,0.5076730739177997
ce89301fff62a739,0.2517424597593374
f4786178a6026169,0.426769807782466
e1db1fa3be2d2bde,0.5793405219565557
05b896a0d6b00e98,0.00237537115174246
89658e4ea0b49c47,0.8888420065635256
db78c841ae5796ca,0.19390529770276604
6af4698b636d1c84,0.36985466479137363
be3f82b0567a0962,0.21500234411626815
1dbeb642447425a9,0.06783872480075012
eec325cdb9dc0154,0.6976402562900453
cab58c1297ee8294,0.38990467260509454
97e9bafef493dc0c,0.31081418971714325
c738edb5352110f8,0.41312705110173464
fe298587b58a6ac7,0.7777777777777778
b01b2bff457f7030,0.34413189560868884
599065c0cda14c65,0.7422878574777309
feb91e47c3d327b0,0.4279418659165495
1b0d5c427077f7e9,0.5524456946397874
6c1338d0338c0bca,0.8735583684950773
aec29f6d68d9e001,0.09974996093139554
c6567adae6722bc2,0.6846382247226129
c6e04efe9811e16f,0.1799812470698547
eb86688c957ec913,0.6327082356618221
a450a6576dc20dbd,0.5004063134864822
b700f2322066f731,0.9229098296608846
a4302475b7326abd,0.9079856227535552
af5f8038b513a4c1,0.37341772151898733
0d73ab8c4cb1fa9d,0.926207219878106
8ca59ee3a85773df,0.1665416471323644
e3f7ceafab0856f5,0.17554305360212535
2445f30cdcdf58f8,0.47605875918112206
23b0f57c015407cb,0.18523206751054855
2750f1a3f3525b16,0.14161587748085638
4d1502e6806c5f5f,0.34978902953586494
9cd2cc7d553443cf,0.45541490857946554
5e314b952cc18869,0.28884200656352554
e8851ddb49233587,0.7627754336615096
6339c240bbb14c01,0.39726519768713864
196ca6bac51b24e0,0.4958743553680262
ff664b7817ef187d,0.04628848257540241
1f50f2cb8e01a9d2,0.5137208938896702
f655a99b43cc6c6f,0.15236755743084857
2dc6d88fd87d67db,0.3962025316455696
b61c9fd4a46a6bff,0.037458977965307075
478a862e9bd10007,0.5866072823878732
0b9c9bb9e3bd1c5c,0.2543053602125332
8ba72175f80e2cb8,0.5013283325519613
80bd1c42bca86409,0.4980465697765276
ee7025a20728385f,0.4213002031567432
a94a734822cd1066,0.4209095171120487
9e445d829547acdf,0.4240350054696046
d08fa8b4d19b0300,0.7948898265353961
8ef8adecee83165a,0.8340990779809345
476933f8311d441a,0.66741678387248
fd9f323abdfccd58,0.40937646507266756
fde943f5062e49d2,0.874917955930614
32e1723a53483290,0.3300515705578997
3189ae9ce5829fb1,0.8797624628848257
a691ae869c7c7c20,0.8757462103453665
aec6a61870dceefa,0.5897015158618535
301339e42c2fd935,0.6098296608845132
33bdb599f03ad3cc,0.08257540240662603
ef958079692354ec,0.9642444131895609
6b9de167c2e2a382,0.7453508360681356
81a3aaebe87a402c,0.3368182528520081
78734bb73a549d35,0.5704485075793093
801a31247ebc0426,0.5367244882012814
703c72ed057e80ad,0.7970307860603218
d512ce41ff14126d,0.14947648070010938
b14adfc6f2de5274,0.4840756368182529
3ffc252e11d8a5c7,0.28262228473198936
dd94c4e414636803,0.35975933739646815
089a1dca65e44b84,0.5577433974058446
95e32e732db3ccdb,0.3760118768557587
aca38e8f736ef297,0.048695108610720426
78b2b40abd748fc2,0.7097202687919987
2595c73b081498d2,0.16427566807313643
4821901eb98463cf,0.7259415533677137
81f36fdaf2813666,0.12736365057040164
1e80444ce87788eb,0.6424285044538209
47c976d0b2db324a,0.08084075636818253
76e7956f7212a4d7,0.18779496796374434
2f42d37419bdab8f,0.9580559462416003
460717034c7c127a,0.9337552742616033
f46b154a36f88b49,0.5578840443819346
af4a2f1334861acc,0.8246913580246913
cf562fd6a1ec6763,0.5697765275824348
a58fda4597ded16e,0.3786060321925301
7c5b545797c724f6,0.9032036255664948
cd2d2cade053f8e7,0.8754336615096108
0d42478d5f847ddc,0.04197530864197531
fcdbc1ca107a390e,0.8406313486482262
4a6cd78198d5a5ce,0.9042350367244882
13c39c2f8d3cd810,0.05471167369901547
c79d8a5d80e7f04c,0.07108923269260822
51a701717aef4136,0.9479293639631193
4e8d630667c21f23,0.5673855289889045
9b8e9dc382061f91,0.37824660103141117
fddd94710360c28b,0.5235349273323957
2c33fa5f3f2d5e24,0.09960931395530552
3ca87064dc34dde6,0.576980778246601
c9d8edd3fb7bf971,0.424503828723238
d582a1a34b5b977c,0.9428348179403032
2fd593bbcde3caa3,0.7031567432411314
d2f2308d5fd09adb,0.30309423347398035
dc6fdbb3f28f8f2f,0.7158931082981717
ba8e32a15085aa3a,0.7280668854508517
3ecab659633b8be1,0.8516955774339741
80f14a6b7deb5266,0.3668854508516956
6809016a071b3b5e,0.8309423347398031
d26156516af475ee,0.4985466479137366
7946e76f5438edcc,0.6985310204719487
b11ee2ead8527494,0.6922644163150493
03e49d963acfe851,0.30881387716830755
4a3e2db752cc071f,0.9807938740428193
6e5157888073a37b,0.8656352555086733
1f7bd653103f1863,0.49023284888263785
5cc0f066c9d8a28c,0.71062666041569
61240fe8a4dc9a2d,0.4905297702766057
ab6cae9885409088,0.6513986560400062
c4e40432b0ffcfda,0.6767932489451477
1f7fbe6992fe8f33,0.7889670260978279
94953e6bc4d48c7a,0.3891076730739178
e1f4fd779b279dca,0.9335833724019378
38ccb655faf1cbcc,0.26046257227691827
dcc976ac3a08e676,0.015236755743084857
8a586d58683ab8fd,0.7103141115799344
9d1f98568599273a,0.03327082356618222
f5a4bf16401623fa,0.9353649007657446
42c6f25951f7db7b,0.35818096577590247
673b99f498fb7880,0.5136583841225191
e4f2c6820273bf2b,0.8910923581809658
8e7d37f34a1f3efa,0.9586497890295359
ec4bdd78abd81c4d,0.5830129707766838
a15343296b9f6f42,0.8382247226129083
dd76563555eb67b5,0.7605250820440693
3ce8de8291ffa6a6,0.9687138615408658
1d036919bb298ab6,0.3080481325207064
9579b233e83fe284,0.1974996093139553
be5c561435858f1c,0.9144397562119082
5cf1d9bf22b73559,0.8842631661197062
d5e3e7616edfb5bc,0.12930145335208626
ad00da3aa56f4d7b,0.24469448351304895
0ccceb1154debc59,0.7278168463822472
8e2c8545bf82cc60,0.9061259571808095
d62e1e8938e1c97a,0.9192842631661197
a8dc86e602a746d3,0.9862009689013909
c4329a7f54415286,0.551492420690733
04ec4184a6a2f40e,0.7327394905453977
a8874aa6ff7ddd20,0.3241912798874824
c9a607048a5bc5dc,0.8335364900765744
002c27108f6666f6,0.24719487419909364
e4f6a20915cb1601,0.3371464291295515
bb014c28cd6924bc,0.6880137521487732
196e2f507f594bbd,0.31115799343647443
9f1be9fcf021fb5b,0.09815596186904203
9391d5f366da4c40,0.7152680106266605
3453a5ca3d904777,0.5333802156586966
686ba22e52de9068,0.1828254414752305
3553eafc050e9c0b,0.7015471167369902
edab086e1fc56c68,0.9238318487263635
d79a009be9287b82,0.6002187841850288
b86e1b1f8503684e,0.7049226441631505
9ad70763cc07c36c,0.9486951086107205
419885390abac7a1,0.02414439756211908
70bb28465e350bba,0.8003281762775434
d2fe3be15c7a040c,0.48729488982653535
df051580b1fd88ae,0.28912330051570556
799dbb3bc5de0bff,0.813392717612127
c18575ea64f02a42,0.8646663541178309
bc265e458d29169e,0.9174714799187373
d59c94219a63b100,0.8506797937177684
0b79c6776df906c4,0.7477105797780903
1bbd089c39955fe1,0.426769807782466
e07ee63645347087,0.4592748867010471
6795923abfe3b196,0.8166119706204095
f23bdf1e94c91124,0.3369432723863104
a1fbaeecebb55865,0.10281293952180028
bc95d3915a49249a,0.5221440850132832
c565efbb2d18144b,0.8785435224253791
321866d63b3b1b00,0.7474605407094859
50ef5d8288aabf7e,0.3321769026410376
3948549457628975,0.8552586341615878
b958074c10bc601c,0.4510548523206751
f075bd7b8efbf058,0.6215814971089233
f05a42508ffff350,0.694264728863885
3c1c900935bc3285,0.10520393811533052
cba59c1afecb3734,0.5841068917018284
013e1691ae9f7898,0.11750273480231287
ff4fafab1f01bf0d,0.9617909048288795
16a52132c026c176,0.30987654320987656
7e6dc3264a60f3c6,0.14280356305672762
fde7be20171bb23d,0.07952805125800907
4709ae8a61f423da,0.7914517893420847
f2f7edc4fdecd842,0.02442569151429911
81421fdc47bf7d1e,0.521737771526801
e130b6363bcbe974,0.26879199874980464
8b5dc994eb4224ef,0.4605094546022816
ced09e40d6cdb2ec,0.34422566025941553
b65873d2d6509482,0.33392717612126893
d663eee7b55b1c09,0.32251914361619005
e8ac634318c1c070,0.6510861072042505
9861a481912689da,0.15629004531958118
c170f4b630a3b239,0.9968745116424441
31f66aa5ebaf2ad8,0.6895139865604001
31bc47bb1448c433,0.06704172526957336
79eacc58c9cd0f29,0.9699640568838881
32cb3b1b23ea545b,0.30520393811533053
89357b6904f7d6ab,0.48451320518831065
0d9d1cf89bcda082,0.8714486638537271
7c15e3fb5080a6af,0.42831692451945613
a8580d9f4b1f100b,0.8353180184403812
ba1c0d81b8bfcda3,0.42889513986560396
d5c76d632f469288,0.9086263478668541
4faeee72bb8b4acc,0.3200968901390842
10875f7f7d53acdc,0.18376308798249724
3fb5a4da63283ba6,0.7884200656352556
6551e600570cb09a,0.9701828410689171
6b4949612595764e,0.29549929676511955
d45b6491898d0fdc,0.3491951867479294
0c40fcc6d696a66c,0.47652758243475546
74607a92b5ef932a,0.11084544460071886
e7bf586ef35ff70a,0.2615408657602751
65e0da070f27aa66,0.19424910142209723
38a09fd79a425aac,0.49359274886701043
aed136202b0b58d4,0.33880293795905614
5f5b7b68b01d1299,0.9757462103453665
cc5db835afffd307,0.44233473980309423
d8842b37f5416b48,0.5386779184247539
d8aee4335af252d3,0.33902172214408505
00494862dd9b9e04,0.5947960618846695
95d5441c82b1c46c,0.9523050476636974
c6e492bd428631d5,0.43120800125019537
598200ada2678880,0.7593999062353494
8094f4dc74add0aa,0.21847163619315518
6831a0024a1dd23a,0.15941553367713704
d56926e610462f66,0.2511173620878262
bbe39148bfc2e434,0.7322550398499765
1a07a83f589de802,0.6204563213002032
8210d5a233d3d65f,0.03870917330832943
ef4e598f566c9558,0.34480387560556336
c02b919584ea5cd9,0.19381153305203935
68bc1f08eb5258a7,0.8061728395061728
d57a9ae04f68912b,0.7573370839193624
fa41a48959374ae3,0.2532270667291764
5e725dcb74b4e75e,0.23774027191748712
121dbf76a9cf73a8,0.9227535552430068
a2383e552a5f2313,0.15260196905766527
378738808b201e0f,0.4092358180965776
9642ee1e267eee82,0.562666041568995
e55cdf82fcc57177,0.31954992967651197
2103c3d1e5063e3d,0.15949367088607597
02004dc8e2729e0a,0.45596186904203784
95ae4af4bade5009,0.38323175496171275
8a4e103c92d62a5e,0.8585247694952337
c4414b2ee31b7e94,0.4615096108766995
0866387e16259486,0.5993749023284888
f0b7e616767a0197,0.4412251914361619
a86d2f80a3468f5f,0.3716518205969682
691f9a97e9645bce,0.08040318799812471
2f2e7662f26d0933,0.3631348648226285
72cbdcef4a6b4f07,0.6678074699171745
3ca15eac9b7ce8d7,0.6691201750273481
d9f713c872a26c76,0.6290982966088451
38c5cae3c23f24a9,0.23197374589779657
80e12c9a6e625e7a,0.8790748554461634
78211c4fb5585628,0.8993905297702767
59e71eb2f5c7c432,0.7793248945147679
b7abc4b3e6ff0e3c,0.22151898734177217
42eaa77ee15f2ca3,0.02225347710579778
bb8ed5a0931148f7,0.15821222065947804
2ca7468532706e2e,0.2920768870135959
98791c70677eb76c,0.5601031411157994
e7ec6ff3f296ed38,0.2803719331145491
7845f67130f900d3,0.6238318487263634
fcec4d0ce44eda40,0.6079543678699797
0ac91fd23085433d,0.7897015158618534
ff61891d90f930cb,0.3528051258009064
41fb4a2210a6066c,0.7256602594155336
4c7ebaf834966e32,0.030223472417565244
81aef88d712fdd5b,0.42265979059228004
36b0ae34db90ecd7,0.9323175496171276
72fff2ad28f42426,0.7887013595874355
717207649c078f67,0.25297702766057195
925d6e357d7ec158,0.8743553680262541
effe2d48627efbe4,0.40845444600718867
0577c43390d4bf43,0.9911548679481169
546cd9bb6f2ba820,0.37632442569151436
8a47c92c6443e7e9,0.7249570245350836
bc9467bdc8642922,0.4354742928582591
af91160b63f1bc90,0.8985466479137365
464ea9bea5384944,0.7380997030786061
b838b4792a3c540a,0.5162212845757149
11fd6e717c95ce29,0.7782934833567745
b1e2e5a1c0f42f8f,0.5707454289732771
222e74272be1ccd2,0.4397874667916862
21a85a0b474e45d8,0.5370839193624004
5c5c76ce21ac9a03,0.1156586966713549
98c3f3c5243d4fc6,0.12467573058290359
745be7354fe05a2c,0.039381153305203934
ebf17df229daa6aa,0.4940771995624316
14929f1035ed296c,0.4560556336927645
af1bc354186d653b,0.024285044538209094
88e44f6549d78a5c,0.19348335677449602
1a5119861af7675c,0.2005313330207845
4675a1f396e095ac,0.6233161431473668
306fd63061172f24,0.042631661197062035
68fb9067ffff02de,0.7328488826379123
93665736b22ae558,0.41034536646350994
2f3252e131fb28c1,0.6597124550711049
a90bb7ef537f3ccc,0.5947022972339429
f8c47e6a1ab0bf1f,0.5709954680418816
7f335ac0ff549013,0.2942334739803094
e9c7c37b6584e68a,0.18466947960618846
e2f8c99b54c930c0,0.1012814502265979
4f0ffae34b450b85,0.7006094702297234
94e27d2dbdf9010f,0.9264572589467104
db05b31fda1c2b1b,0.5991717455852478
af64ad7d713d5a93,0.5416158774808564
4d1462da71b0efa9,0.20550085950929836
04fbab7984c52c30,0.7249726519768713
c01a62e78e6d8a2c,0.6965150804813252
74f8579fc40b2d7b,0.2333020784497578
0eb2d3b71cf2b61a,0.8100328176277543
57788504ce4c82b2,0.6699953117674635
9e7dfd444a9f30e7,0.5074230348491953
0cd8b38e5a4b74cf,0.306797937177684
e8c1c982ff8a6704,0.42053445850914206
36bfe943ee63fe65,0.420893889670261
998d9f62a717ccd1,0.09363963119237381
8069d4397377adbc,0.11745585247694951
ba8f312910226da5,0.7877793405219565
37faa0207a18eb20,0.7873417721518987
c16962d752780184,0.9230817315205501
f1d62e28f903e96c,0.48482575402406625
8cab416d1f2bc624,0.7172995780590716
b791af74c95ffa06,0.9366776058759181
05b113e465a98080,0.47063603688076266
b17d9630e851487a,0.5027348023128614
92981268f9d56f38,0.7847163619315518
76775e095989aebc,0.05605563369276449
a07f4266c4b1cb5a,0.22644163150492264
7b5b1f94772d1b60,0.28441944053758395
4f8ef604a40bca4d,0.2692920768870136
673f3a4c0bd90267,0.31268948273167685
58139d3ae9373ae0,0.841787779340522
c24d1452d22e8db4,0.5893577121425223
441d9763fdc1b0df,0.8263478668541959
d2987a3199c1109d,0.7451945616502578
cab99a91ac2562ca,0.8769338959212376
df1222f0cc1e08bf,0.5965619628066885
bdb610f14d1f9c0a,0.15474292858259103
d63652d83092f4cc,0.1475074230348492
dc121e137a206780,0.4266604156899516
e5fde6a720ffea60,0.15677449601500232
52f7118d77a951d2,0.2590717299578059
1b60cd7738483c77,0.7450695421159557
c7ef81c5ec66b855,0.9622909829660884
42a4005911b6abb2,0.9505860290670418
926e4ef2979d43ba,0.18407563681825287
936393261928dd44,0.6671979996874512
90b3943086a67cf1,0.4095014846069699
80b6c2497708cc79,0.5624003750586029
dc880492a16f61a0,0.5802000312548836
363fa6d193ea1791,0.23300515705578995
11443cec444ffbdd,0.9209720268791999
174e280d8c42163e,0.8384903891233004
d7fddec00bcd1345,0.4811689326457259
2f2a0292483de945,0.9600718862322237
2638757dc8ccf105,0.10728238787310518
af967b1ba12837c7,0.42201906547898105
6cf0ebd8925305ad,0.9426316611970622
0307e7dd94f223c0,0.05313330207844976
d86f818a421d896a,0.8505391467416784
95c76aa135d94e8b,0.21245507110486012
dfb2dc72331615e7,0.893202062822316
b488c877787792d6,0.5332708235661823
5864514fce7556aa,0.5607282387873105
7db51b9dfaa6c3be,0.0651195499296765
475afd5ca8082909,0.5858102828566963
aef3fd34396adfe2,0.13922487888732615
e93ef7b1eb85a270,0.36985466479137363
e643f5e629c7ab40,0.02953586497890295
e9234451a7ebfa5b,0.4729957805907173
e8b95693607a1af6,0.9295202375371151
362e59ee5f24ba56,0.47848101265822784
760d3c489cbc2365,0.24731989373339583
cdc43a10fec587b7,0.9334114705422722
436bfce1b2e96ebc,0.8333645882169088
8364b88b9aee50f6,0.67860603219253
49b33a422ea5bc22,0.8978434130332864
7c87edf2fa4449ce,0.004016252539459291
ae4d87302f77418e,0.27966869823409907
80504f5553a663cd,0.3716518205969683
285102ab56c81c9a,0.5789810907954368
ce75929520b6600d,0.9239724957024534
90e157fa590bed49,0.9181747147991873
72308a9b8ed351ac,0.5272698859196749
67da97f4bf5a43aa,0.15793092670729802
7a2c3503f50e758b,0.6967494921081419
7c277b093ca6e70a,0.16622909829660884
e17cdb698e7793a0,0.4859821847163619
304f33ed70c9905c,0.7129864041256446
f671940234873df5,0.697874667916862
4c60ff51f1a98ddb,0.35896233786529147
357333ab581b26a4,0.5547898109079544
c12b50c410a56d62,0.16865135177371465
280ee73ea3f9a150,0.6232536333802157
9794f61f2b35c374,0.18115330520393808
99bef954535737b8,0.9175183622441007
164deb1fbf6d3d15,0.5029692139396781
17f64dfc919c257d,0.32158149710892325
177f1a78be284fe4,0.3514299109235818
6575a6e55c3aa52b,0.8203000468823254
e1ceb3cf89c78b04,0.46576027504297546
2787d14ba4491e60,0.6013908423191123
47283a11f402ab9e,0.7406626035318018
3e13ab75e759c66d,0.8152680106266605
565632830f202280,0.7247382403500546
c60dd36532e24523,0.655305516486951
1bbb760f70ac35fd,0.2578996718237225
5952ee73f64f8e8d,0.5394436630723551
0d2e12deb5dc05bb,0.4970151586185341
93cf50cff9e70197,0.6923269260822004
71a0f1d3a79f9279,0.46793248945147675
ff1b97bfbc1de495,0.7915455539928113
152d66dccd700ae2,0.7220815752461323
af9475d72cb09bff,0.3003281762775434
50c6ae4f3f0c520f,0.5326144710110955
53277c274f93827c,0.7592123769338959
65c28bc2a138b604,0.8638224722612908
ab3f36de97ff5288,0.11442412877012034
6e673b3e05a86556,0.10815752461322081
29ade739f5ac47ef,0.5984216283794344
d6c96030b8564b06,0.7085482106579153
5ffe88ee98e246bd,0.09595249257696514
b75847a46dbc7758,0.2012970776683857
fd4f072e7db648e2,0.8814033442725426
3b600a791eee47c3,0.5350210970464135
3205c60644f3310a,0.17423034849195188
37edd7d198365da8,0.774355368026254
4aed77bb42b6c35b,0.0565088295046101
70b9c5d2c47a6231,0.7347554305360213
5aee71b30cf4e773,0.03530239099859353
3b6034955fe901a7,0.050414127207376154
53f7e37ad065a1ff,0.5843256758868574
8249af221f0dfc62,0.3794811689326457
4a798f098b3ac80e,0.8565869667135488
7859a3365dc11f7e,0.6558368495077356
0d6ab61f58e22d8b,0.38270042194092824
d90f47b845ad8044,0.5746366619784341
908f76b67c5d77d6,0.386826066572902
2e13d0c9efbac24d,0.4939052977027661
fbd3509fdc1e2fe3,0.11695577433974058
d0c07aa05dbee8c0,0.2086732301922175
e2066400c0c997d5,0.5846851070479763
9d002016fad484c4,0.9766213470854821
18105a09ff042e04,0.46157212064385056
97dbf62f03867f4e,0.402125332083138
008e7b56ab9053c6,0.9644319424910142
e382e61b69858e84,0.03784966401000156
a02b2c12a9b232a6,0.34116268166901076
5d4eefc602f1a815,0.5894827316768245
8c8faef5bff7b3c9,0.06983903734958587
8ea4fb1f9e66fa76,0.05977496483825598
22a32bb8f8bde6fe,0.8735583684950774
6a655866f90d61e3,0.6032973902172214
b15548596622ebdc,0.21765900922019066
e6426b5a54e4a972,0.7447101109548366
2bb1ea15970a2de4,0.1618065322706673
5b2c1fc3ca8dca34,0.16963588060634477
b26bc3d1078e5a5f,0.1901703391154868
9db2f38d40ccfed4,0.2485075793092671
8481c054b0537a7b,0.857790279731208
c4016925a614e39a,0.6868573214564775
a6145b00b87ffbfc,0.9590092201906547
856c1f1b7a16dccc,0.06791686200968902
5db9aa657576b123,0.03364588216908892
e6c91e69fe022b81,0.9736208782622284
18323213899682a7,0.11765900922019065
84aeda77a9eaf7a8,0.5914361619002969
60aa7eb39a1066d5,0.8935302390998594
011908fe41b2ead8,0.8794499140490701
95a236faf4cbd0c8,0.7242225347710579
c58d93928c4b43a9,0.09093608376308798
e3d5116d0ddea646,0.9187529301453352
3d33771711b587e9,0.712392561337709
ca902179e21ff302,0.789592123769339
4b2142ee3d149d15,0.41876855758712295
d78803f699e1394d,0.7383653695889982
ef2d9881a6438977,0.09549929676511956
3b5fc032ae2a290c,0.34852320675105486
9d5473cf79999f4a,0.6112048757618378
9aefa72a94558b66,0.5992342553523988
78cc36a16e5afd3f,0.29876543209876544
0628d45dc33a5639,0.7762306610407876
bc63ee6da23c5dc0,0.9118143459915612
5a69761001b7342a,0.5657290201594
f5384c1b33a306d5,0.2156430692295671
9f4fb39fb6e8b6a8,0.8688232536333802
f7787ed37e4b9d05,0.7110486013439601
eecdd457b6c7edb2,0.8209720268791998
f36c01f2f7fefef6,0.8622597280825128
abe3d414c510a7dd,0.5082356618221597
d1f7dc9b905e0fb1,0.2044538209095171
a97c23cf1c8d474e,0.479606188466948
fa77ebf418dd2361,0.1270823566182216
4fa91df3f09b649a,0.8512111267385529
4c40bd5075d26ea1,0.9382090951711205
559cb0c10ea413cf,0.6734489764025628
b07714f5d0a305a3,0.7180496952648852
ac26d06332fffb35,0.24941397093295828
f3a18a7976f15c5b,0.17476168151273638
bd610a8daf3173f8,0.03291139240506329
b4db2ea448a373cd,0.12256602594155337
a9e601aca0377220,0.8153930301609627
7580e5af192dbd01,0.8166744803875605
3b50e09f1d1584b8,0.5562119081106423
e752099897ef3c84,0.11715893108298173
9e556374eb31bdcc,0.3954055321143929
09bf3001382d4d51,0.18016877637130801
ac4f9d21db6d0551,0.4333645882169089
bab162c780dd5d3c,0.4698390373495859
1ac05275c95e2b9b,0.17598062197218314
ba53d76ac3815303,0.8193311454914831
731194026ddc8a00,0.8831536177527739
565ccf55ce0f19b3,0.2323175496171277
c610846e274513ff,0.336474449132677
4f2f55e6f8f022f8,0.479606188466948
171594c12d4f22c7,0.05739959368651352
fd9a29be83f07915,0.19557743397405844
0e69e13d2585552f,0.8274417877793405
8458a25c7d299656,0.28666979215502425
36510a7e2e8cf5e6,0.8761056415064854
4c689c2ab0b1e458,0.7673699015471167
bbbb01b896a60659,0.4376465072667604
95a6091ed902a1c0,0.5254414752305048
226f1fdbdf45c3f3,0.2385685263322394
b3776535f92034c1,0.14494452258165338
e136a41bbd9d2ebb,0.8155493045788406
2acab7498f95984e,0.14280356305672762
5a97d6bb500166e9,0.4537740271917487
53ad75887ce27a2f,0.15191436161900296
4bbccacfaab6a76f,0.5925925925925926
8d5dbeff654a20b3,0.05546179090482889
885918cc4b58a92d,0.5615564932020628
c33b954ec9e9d53a,0.17976246288482575
c73aa72e6960366b,0.48235661822159714
28c265c8e738031b,0.9233630254727301
16f59244fa16b9c5,0.6917955930614159
ab1bbd20f2288ef0,0.2869510861072042
21ce9f486720b00d,0.6849038912330052
ea98936cd5a062ef,0.5339740584466323
092b99905affadc7,0.7070479762462885
f8a1935cbff0e3e2,0.5674324113142679
557ff2105e2227eb,0.11597124550711048
e28b4c1e7eede953,0.20911079856227535
afcd2875196e3514,0.62336302547273
622d0c5c885e5d67,0.5413033286451008
5ab123deb8c8e0b9,0.7764807001093921
d70f7077ffdc3675,0.5657759024847633
ec0e23575480409a,0.6581028285669636
c42b1312f2466d13,0.2877637130801688
58f7c9cedf508963,0.9452726988591967
483a6a2fc6820e34,0.28202844194405374
9a410bdaf99ab250,0.8342709798406001
27d8448c7743312d,0.6536646350992342
d22510648b60b80f,0.9997499609313956
cf71cc1d5beaf427,0.8863728707610564
b16d96c422e7686d,0.7152523831848727
f3bb00d62eddf347,0.16797937177684014
e7ad214e8e1b87e3,0.5673230192217534
a149a81fa46121c8,0.27623066104078764
954ac0304d013ceb,0.8429442100328177
5fb61c8caa291bb7,0.22872323800593847
b3e6b65c022e07a8,0.7386310360993906
014590f5ad393d98,0.46263478668541963
fd3098a48d0565da,0.006501015783716205
597dfb91140f7a43,0.13353649007657448
29c72ad86d92588c,0.06255664947648071
46403e8726688e63,0.09626504141272074
586f9bad93615a9e,0.9477105797780903
518268ad7eaad020,0.3981715893108298
eb68006674ff7853,0.603328645100797
829bf94f3c7511b9,0.3764025629004532
472338feab38fd63,0.08409126426004063
e2eb7c00452da3bf,0.41211126738552895
264d5eac0a3db4c1,0.7506329113924051
5dd40ed8f6931f40,0.5649945303953743
ea07294f7b9321f6,0.48149710892326925
800d5b199211d908,0.22780121894045946
c26171ff73291cde,0.8722769182684794
9b039401395029d1,0.25364900765744647
149773fc93e82e0b,0.8440381309579622
377962b226c4354c,0.21720581340834505
b33ace47f8c9cce3,0.09696827629317081
5898aee0357167ae,0.2738865447726207
5011475bc46160b0,0.2392561337709017
49403fb05b28bdc1,0.7868104391311141
d64f9b8328cadfcf,0.7890139084231911
8347b5a18bb84a35,0.41562744178777933
a72c9158377598af,0.4248632598843569
346932f67e7d808f,0.6169401468979528
e4962aaff0cf97fc,0.7057821534614783
d63549a6e599cc24,0.04208470073448976
d013eaf626e99575,0.5184560087513674
a7c0072db3d224b7,0.6688857634005313
b87493b15c6b1e21,0.32906704172526957
cd6d6ab0bf1601eb,0.5379121737771526
fc7b0d78438f45bc,0.6482887951242382
b53e88867e63ec5f,0.5454133458352868
1e1e7de7f17a14fe,0.5238005938427879
fff1df28cf047de8,0.39657759024847633
9a4279b8c94a438c,0.09076418190342242
d1a19d29c2aa4b9a,0.7809657759024848
ea65ca7ec57132e3,0.7936552586341616
35cc6e8b29ac28d6,0.965369588998281
35cebb20cef64701,0.7462259728082513
03c27c6fa94b88b1,0.12367557430848572
654a7847a4c3d0a9,0.8384435067979372
d82da976d107c4ef,0.9205969682762931
0f7cdda5aab7cb9b,0.46979215502422256
511e61b096246922,0.2959993749023285
9bd56be8ba9524b8,0.8844975777465229
08980e1d210b6aa6,0.8590248476324426
c84430f350b3a159,0.4630723550554774
152edc8f6b8762bb,0.8471011095483669
a4a8682aa22552a5,0.7107047976246288
5448387d25232e4f,0.08913892795749334
86b5af3c99c2229f,0.18557587122987967
a243c84e17ad5313,0.5893889670260979
1cd4111d9e2c14af,0.07596499453039537
d6596bfbfd4cc049,0.8786685419596811
5f6669357f9d2602,0.801984685107048
8ce4d3415fe4440d,0.5481168932645726
b7804e0aef5425ac,0.11925300828254415
a68ac8503924dfd3,0.7954211595561806
0ee54a169cddc5a0,0.41411157993436476
91e67962d58a2196,0.4767151117362088
337f92313341198c,0.43666197843413035
62fdb17735fc24f2,0.28046569776527586
32070e417cceeade,0.600640725113299
d10e86cc3232dbc9,0.6634005313330208
9e379ff80b817265,0.9079074855446163
cfff3503c56dab5b,0.02470698546647914
9f21d3f021ded79b,0.2977183934989842
5fe69ac7610324ba,0.5922175339896858
fda80e0f061a2a2b,0.5494921081418971
e5f50a39b4e83fe7,0.6136115017971557
b7ac8ea60b369ad0,0.1552898890451633
f4aefa9fc2e0d241,0.8298640412564463
0f32bcb05a22709a,0.7232380059384278
13334ae771ee01a2,0.6313642756680731
d2596a53564c0b21,0.45221128301297076
1a90578444c1c9a4,0.29332708235661825
38767f6c13ad1bfc,0.5105172683231756
8d312d36ba150056,0.28556024378809186
c4e9fb7cce4bc726,0.5361462728551336
9ff220beebc71a5e,0.12694170964213158
24bb5e20d933da44,0.5458821690889202
42f6ebdc63da37de,0.5273480231286138
39f065a3b51d8011,0.12434755430536021
adfccf4de2f8f9e4,0.375214877324582
bb73756443a5eee4,0.44391311142365997
0d9c7ad016175e4c,0.45855602437880916
01d6dee3fee929b0,0.16307235505547743
4c94ce26b7eb0794,0.6366463509923426
184edb2637a41d50,0.43427097984060004
b14c8ed6d2ad7039,0.029535864978902954
efdd1d7495765245,0.28618534145960306
affe3b0f590fae77,0.9174871073605251
3edd7de677b91b05,0.618065322706673
ba9e4528463c5dbd,0.4437724644475699
8be8330f2029f548,0.2949367088607595
df6e6d77a02918af,0.3595718080950149
33d9746c24d2c070,0.35729020159399905
e51c785618029ad1,0.8793561493983435
d53ca1e375f1420d,0.7663853727144867
d4133e84363708fa,0.9089545241443976
094a4df459f84f9c,0.19207688701359588
c95b97cbc9622e38,0.1831379903109861
8a243d50081a0a41,0.718909204563213
f6f2fd05daf66b4d,0.2061884669479606
3b5e52e54ed29ece,0.7067197999687451
144d292add5f41e9,0.6397562119081106
49aedb77fa2fb4fc,0.7548366932333177
81e5d80b657413b9,0.8046882325363338
fb21fa126522b6e2,0.6025629004531958
3451b921fd37a93f,0.7846069698390374
e25080fc68263c8a,0.9263166119706204
64f0448c8bc4b1eb,0.04481950304735115
ed89496194aa19dc,0.4179246757305829
fb22f7c013b24779,0.756586966713549
1590a07714e8a656,0.11765900922019067
54ae2ffdf139cc38,0.13670886075949368
96bf13f3fa835169,0.5365838412251914
559cc1345795571a,0.19932802000312547
325ad194b9f588f7,0.6761994061572121
13ff609306472199,0.7572902015939991
3c87f31b6953fbbb,0.05675886857321456
2dd14f20786549ef,0.5336927644944522
be72fb5da729ec70,0.1371308016877637
dea2b01ff6868477,0.6665572745741523
c7ffc036c6fcf66f,0.6179090482887952
67b0cdefddff90ef,0.6008595092983279
eb949d7c7beb6354,0.5821222065947804
72dbbe8ab710128c,0.5660571964369433
fe50a3aa77d27195,0.055758712298796684
b7dea5f446a371e0,0.3504453820909517
3b6627fce4fa7c6e,0.06222847319893734
5766e8d8c783a487,0.6971401781528364
818813e68f11c85d,0.6015002344116268
4efd1ededeb6af5b,0.4134239724957025
7339d8d336c0728a,0.5298952961400218
5932b86b513569c7,0.6860290670417253
667e3c34655efebc,0.8329895296140022
211cf2ea67620b3e,0.8994842944210032
73ddd41ae18acb03,0.3505235192998906
b7d7b9bb940bf7b0,0.8389279574933584
672de9994012beff,0.3377715268010627
1fcb989eab73caf4,0.04283481794030318
1a8eef4f4936cf0b,0.31578371620565715
181bfbae0ed5b503,0.00687607438662291
0144b06a9d5772ce,0.9036880762619159
a6d79b35c359d2ca,0.9243944366307235
adb1f5a83ffc8956,0.9254571026722925
7fe7578307634c36,0.9762462884825754
ef916f6bd9bbf8f3,0.741068917018284
261b4b9303f16955,0.7677449601500235
bdd3d57f2dcbf24e,0.15789967182372244
87478ecab9990b69,0.44305360212533207
00903281b49f7885,0.9203625566494764
faa54ef489380476,0.8894358493514611
afd67495e65ca43e,0.22165963431786218
3cfeab5f2a521bd7,0.8265666510392249
f889243e554a57b9,0.8208782622284732
1633226e5baee1a0,0.9188466947960618
09429539f12260dd,0.3081887794967964
4642f19a02b65fbc,0.1894983591186123
454379600a0d58ae,0.6258165338334114
806b67c9407deaf5,0.12223784966401001
64147a091385f1dd,0.19445225816533834
410684a9ca496c4c,0.1325207063603688
198aca03e558bad7,0.14550711048601345
19112c76b72e70ac,0.14261603375527426
33cdd595d6f64465,0.22164400687607438
b678efa350251d1a,0.9461634630411002
2773ef74c8379c3e,0.918909204563213
21a85668c56f4a28,0.6052664478824816
ad44c67c941b730b,0.1047038599781216
afafaec6ed7cb894,0.80042194092827
7b2afaaec11da7c6,0.4932958274730426
14f8df83cb5fb959,0.6741990936083764
2fa6287a9d075ec1,0.4639162369120175
a20301029a5e8b78,0.6555399281137678
64c226150b42ee5c,0.6450226597905924
7012b66ec38b6038,0.009188935771214251
334a43b3d7746442,0.5728082512892639
3e39b50358f01b64,0.6336458821690889
dd424dd258080c0f,0.5669323331770589
b6815449a050c02f,0.3761056415064854
786b0bb1d7a4dfb8,0.14466322862947337
bfadd1b4779947e6,0.8392873886544774
23bda92c60bb92e1,0.8645100796999531
20f374eb224e1a7c,0.13239568682606656
04bc6e2ce35edb4c,0.8223472417565244
f5fe2d58beb86d40,0.4225503984997656
203f3df885ff03b3,0.07102672292545711
ac5388e6680db6ba,0.1683231754961713
20a190db150bd0a2,0.43353649007657447
03b8f432ac8e3226,0.5068917018284107
800d13aa581dc05a,0.7433505235192999
32ad97494e39788e,0.8429442100328177
762f69f875d0a0a7,0.6473511486169714
7102288564065a58,0.8246132208157524
a244d35bd0a46b86,0.7227848101265824
9fd85d10d8d80cd1,0.3428191904985154
cd37f417a290a412,0.7633692764494452
087a61efb373df95,0.2616346304110017
5cc1bb67fc9fa495,0.075496171276762
38260167161be0f4,0.5035786841694014
377d6156aea5f7b3,0.7116736990154712
de73631ba462d9d8,0.047163619315518046
c6ad617675fc82bf,0.9574777308954525
53c0301b075c4edb,0.3165182059696828
d5d5bb7bc7475a6d,0.41673699015471166
2785f7c003032f79,0.4687919987498046
bacabfcb41e851d5,0.9409126426004063
930620d9c45cfc16,0.7041725269573371
a2253bc60bd26111,0.51104860134396
48be98b0da47a60d,0.16149398343491173
4192611de72c647f,0.5385372714486638
0a3e55a0415cf1db,0.00923581809657759
94a41eaf6c166f8a,0.13838099703078605
65c588ff0e6a0940,0.6103609939052977
7316f0f5207cff7d,0.7356149398343491
fb48d6120d40241e,0.0036099390529770277
83e835be4b7da5bf,0.28943584935146116
be007ff41dfe8e33,0.9351929989060791
ae762981ec3e2222,0.93356774496015
9cde4da63a470364,0.33939678074699176
1e641e6a0e15cb0a,0.8956243162994217
f1e1bfceceaf5b3d,0.16691670573527112
b33a9dd2d6116451,0.6845444600718862
6a00f8682a96e6c2,0.3135177371464291
4889bb3fafff04a6,0.033333333333333326
d83965adda3948e8,0.8589779653070793
35ebd3eb17d43331,0.828895139865604
4fddbddae3f8c321,0.27349585872792626
279f5d02ec1d4618,0.7781684638224722
18dc05e08437b19d,0.5872792623847476
fd5e41a3afe867c6,0.46297859040475076
4dfc9b4693d64425,0.6241600250039069
38efe84b2371909b,0.00781372089388967
d5ab3634461fbdba,0.7319268635724332
88ee52d04ccee47b,0.803547429285826
311d0a7d1bc40182,0.5377402719174871
ca3eabbb86d9d394,0.6545553992811377
0839345320590491,0.42095639943741214
3166da0225b35bf6,0.528113767776215
4fdcce92f68b7529,0.8646038443506798
4c0a03f188fa9938,0.4147523050476637
efd671b84d562241,0.1339584310048445
a1be96b06611a4a7,0.4832317549617128
7c15209ba7808ba2,0.7446788560712612
b4fb7e75679d28cb,0.8320206282231599
095adfc07a65ed27,0.40917330832942644
a19e6a028348c708,0.02395686826066573
bb5e510a6639b43f,0.6851383028598219
fcf27b9cd834eeab,0.14185028910767308
dd9e809656743e04,0.29052977027660576
9cf20fc9b8513a03,0.8047194874199093
d929256e10f5e94b,0.6036255664947648
c7372107d1356264,0.8282700421940928
fb002ae965e2435b,0.43223941240818875
891d7ae2edccb735,0.8265666510392249
33b3795f9d4a8ef6,0.04888263791217378
bd1c976bfd04983e,0.6760900140646975
22d26961eaf80875,0.7892170651664323
3267d0aa9600286c,0.7070948585716519
f85b98ab9c2071aa,0.15527426160337554
4b4c86d64f258caa,0.6552273792780121
af271d6d690a0b0b,0.0786685419596812
8b1bdd0f68e6ab19,0.22006563525550868
aca740ec2df56ecd,0.7276449445225817
66cae06936335046,0.8038443506797937
8aa96ed1f09b6e82,0.947304266291608
fb089d648c0fd719,0.49134239724957024
b3b39f3310bed9f2,0.5027191748710735
4c9ddb6a1c08a7ae,0.022644163150492266
8dafb6cdb58233f8,0.9858415377402718
8512f25e0995f115,0.8334583528676356
3e89b24f6780dfad,0.4936552586341616
811b5cd3d60f8f01,0.5198468510704798
8cecb78a9a20021d,0.3900922019065479
c726d19506a1a864,0.2603688076261916
bb71d5690f654fab,0.7531176746366619
01fddb547603eef0,0.5398499765588374
c6592de36f791128,0.39496796374433507
ccde7fc6a8ec59a5,0.2357087044850758
ba6d1493e3a1c1ad,0.7547429285825911
7dfaf88276d52a5e,0.8059853102047195
c09d65931e21624b,0.8785435224253789
f9544a6dbd4caa2f,0.10176590092201906
b374ef23d5ca3b3c,0.5549617127676199
c51f8b67a66b5aa4,0.9623066104078762
4793cb7dc1d36c4d,0.7664322550398499
c4a77a4226cf0e3f,0.44814814814814813
11b46e06959d7824,0.8717299578059072
75083fbf03436018,0.725988435693077
44cc96b7436e60fb,0.92125332083138
9c78ab8c7f52b1ad,0.4049226441631505
27c3ba5b3d6374ec,0.15475855602437882
09bad77cec8a0ea7,0.473089545241444
7e5eaee69f7e8e60,0.25022659790592283
9701beed4cb2fd40,0.0962962962962963
a886ee5f5e57d356,0.009767151117362089
43322ba6466f83ae,0.505453977183935
39ac7a6c910dc826,0.42977027660571965
a7624810eab99b39,0.554039693702141
27ce336c13dd7f0e,0.19401468979528053
35ec56371ec7bab3,0.7911392405063291
1033972a8d27b8f3,0.8103297390217221
246fdf152b78ea45,0.16711986247851227
67db089b7a0697c3,0.10711048601343962
51541de4865fee3b,0.434208470073449
2e0ffa5c733d2a47,0.9580872011251758
c307a7a1d2e93ae9,0.8865916549460854
60775afc974d2192,0.3732458196593218
1af8370aec8adce1,0.6988904516330677
7adaed59e375f94a,0.26215033598999843
d3f971f17d9ab0d0,0.13153617752773872
f1eff57932ef0f4a,0.541147054227223
b41ea8380984305d,0.6285669635880606
dac2137cd3aface7,0.7941709642131582
48da40bf199dedce,0.24722612908266917
2c36f80cd8d50da4,0.05652445694639788
e45c5c285ae25a13,0.6973589623378652
d57fa89c692abe6a,0.6489920300046882
0d5b889f910953e2,0.09734333489607752
a2bb73ef62a1fa41,0.8279418659165495
161e450caac64b0b,0.37702766057196435
870239c07fe84d59,0.9241287701203313
1a510d36c73a9190,0.5434599156118143
6365e056680facbe,0.5914049070167213
7e5efd56e82bc148,0.26951086107204253
8ddf8d226ddfa267,0.07040162525394593
aa2927ee663efd7e,0.3137990310986092
1969a71e6c309cce,0.5124863259884357
33e3103e2045fa64,0.16083763087982497
79d3953d4c100b9d,0.8940771995624316
8a0bec565c237aae,0.41545553992811374
e7b2425696ad04e1,0.13050476636974528
1585c48da5187cc9,0.7474761681512736
b508d898d174eb05,0.78909204563213
ae96ed3d88eb7aed,0.306516643225504
3780b01a20d9aafc,0.8358024691358026
5d2ea0bc3f49f99f,0.7191592436318175
609566c49b16621d,0.1020471948741991
52a50658bfe832ee,0.4806375996249414
76655f684bc2518a,0.3038130957962182
507aa51e38d00459,0.362181590873574
e7edc5fb783b818a,0.2084700734489764
3488c9b765c1219f,0.13398968588842008
60726ee6707bab89,0.7885607126113456
724b704c54783fd3,0.029801531489295204
23405c43202f489c,0.39174871073605255
0a275c8c3adc1e3b,0.24320987654320989
ad727a83295f79c1,0.9130176590092203
9fcd517a3727524e,0.5370839193624004
c1a15f34e5189a8f,0.45544616346304106
ee586308edeeb5fd,0.6504453820909517
61323c4c907b9667,0.9020159399906235
dc6ad9b2ea237556,0.9615877480856383
fc261535991f079a,0.1360056258790436
199f8696fe22e8f6,0.3472261290826692
80c803fed1e7b815,0.11398656040006253
b3645ff1881e6181,0.25949367088607594
f077bcf8ba579026,0.6468979528051257
c98984325495234b,0.38807626191592437
2b1acfb2885f0207,0.2319268635724332
58aea5fe94bdc9f0,0.4136896390060947
13ce2e76f9ac9797,0.7263634942959838
585b1ae5f2fdf9d8,0.8817784028754494
c02d00f3c935fac9,0.2843881856540084
961c1ecf22020dd7,0.5382247226129082
34a2c0730076cd51,0.7602906704172527
f08c72208c842a80,0.9083137990310985
3d0365b300b08d12,0.8379434286607284
7698d1646b1160a7,0.2797312080012502
46fe0812a4d6a0e5,0.36093139553055165
1992a8cfd9dcd0a4,0.8655571182997343
234824681fe92370,0.202125332083138
66dae8fb83f01cda,0.19849976558837318
565a8741e734fb66,0.3228160650101578
85796d3a4623f1b4,0.2508360681356462
980c038df259aca4,0.223019221753399
847d49fff22ffac8,0.8957962181590874
3ab579aad87803f2,0.0751992498827942
7c287939d256c04a,0.3478668541959681
9b56b63c1ce61e36,0.22244100640725112
2b2beb4ade849fe5,0.8122987966869823
ca97e3a639d0f212,0.39559306141584627
cdf0a515724936f7,0.3031098609157681
f0d9600d63271cb1,0.9230973589623379
61f6d6cd6e8ebecb,0.4672292545710267
66bb128d75c1a31d,0.656868260665729
ff6ace3df2f93fd8,0.02086263478668542
174f6de5e6fd0ce6,0.7766057196436944
f629016e686c93c7,0.7338177840287544
8a5cd96071aee653,0.024910142209720265
47a56fcce1a48c57,0.8743709954680419
bc218a229f6dd8a3,0.3440850132833255
6700a0d8cc03fd40,0.7144241287701203
bf07422782deaa4e,0.9059540553211438
67e5b268a06fc16c,0.2646038443506798
775246a31de87040,0.41925300828254414
a8c96679585190f7,0.07393342709798406
85e8b073ae9d6cb6,0.6326926082200344
8d783fa9a84a2016,0.6992498827941867
afa9ef8b36efca27,0.050117205813408346
292ad72f433b2ec4,0.24416315049226442
543a382acb950efa,0.29490545397718393
97eee667e12fac11,0.16727613689639004
f1594e042dbd4135,0.18023128613845912
c4acac79bfd54ae4,0.3873730270354743
f1bc5cee7cfbe74f,0.46179090482887947
25e346e1b0340347,0.5001250195343022
53b71602a81f5c52,0.57776215033599
6d2d4b17736e595e,0.4185497734020941
f652427f39b6f10d,0.978762306610408
1437d0c59eca00af,0.1585560243788092
d8980b5b1d68a4ee,0.8456633849038913
442b8a915014e871,0.6274261603375527
6a1e5bce20cbbd53,0.9220346929207688
ec75dfc7e578543f,0.0799499921862791
94cd35193b228a90,0.7874511642444131
15617a2281e76896,0.6847788716987029
ae22b29ad0d98702,0.16730739177996562
3e5ee530dd802ab2,0.40003125488357555
9304c1771978ab05,0.09392092514455383
635d5bab100147aa,0.2840443819346773
cf12cab6ff5fa6dc,0.6746054070948585
cc7ce49efd47f0a0,0.1254883575558681
20c507d578183dfc,0.8226597905922801
e29e2bc7c3e6ef41,0.66629160806376
61e270d51cee0fe8,0.49499921862791063
a1cf27e43a150760,0.5423816221284576
9bdddc292578558b,0.2643225503984998
fa0f0cb920abdb0c,0.6490232848882638
95dc87b7553104b2,0.9215033598999843
c268681605733a6e,0.4807626191592437
57f8444d376ead3c,0.7885763400531333
1eb08c4e2e2d0a0a,0.6311298640412564
65f04a475e60bc71,0.642209720268792
54b86d86b2c582db,0.29253008282544146
ac660728eb9adcbe,0.6543053602125332
9dc70760c7a65427,0.8552586341615878
707fa7577b28c00b,0.18687294889826533
dfc0ad3ac006f7dc,0.6602281606501015
d02c60d97c52824d,0.16783872480075013
68735cd4123d2c31,0.806094702297234
e7fa76e1a52159ec,0.15300828254414753
8e2a48702b61cf4b,0.08651351773714644
7b4d442d12660d2e,0.3174714799187373
1879fdf1618adb5c,0.5811064228785747
28331b7b0b1598fa,0.14867948116893265
c27a3cd35a718f85,0.5428035630567276
003398b630719a7d,0.10284419440537584
70b9137733db97b6,0.612111267385529
f0ea5635eb777479,0.7277699640568839
e80ca1e08210095b,0.7436630723550555
033b8feb5aaae03b,0.10995468041881543
ac6a54139c7c9d37,0.8287701203313018
ebc95757b2947172,0.20096890139084234
2fcf426035785728,0.5059853102047195
78996a14f02ebbe3,0.12614471011095485
a87e26d221511c94,0.010064072511329895
c5eddf448403ab6e,0.10965775902484763
e8da0e67e35aa293,0.39709329582747305
88b632eaf9356d3a,0.34769495233630254
85571b011c6fcfaa,0.9800593842787935
9013d63ab473f952,0.6209407719956243
960cad37cffe68eb,0.36724488201281447
e247eb8f78f75a9f,0.27955930614158464
80eaa51c4c8a00ee,0.17240193780278168
35849a3326fb87fa,0.23944366307235507
d95e6b933db44247,0.15994686669792155
c8d99c2ec6082321,0.13703703703703704
c9aea5e1048b2e51,0.7638380997030786
e01947dd147cbbce,0.21154867948116896
ae79b75a13c928bf,0.20229723394280358
ce571fad3257b3f6,0.07959056102516018
a95633f51ef3a7b0,0.12258165338334115
297c6928439e696a,0.9314580403187998
a4d78fd9f9ffb303,0.3579465541490858
2dbf5dac4bc14af2,0.8749648382559775
484f57153280140c,0.5698077824660104
db3d92a2887ed53d,0.7713236443194249
0fcc2eaacbd92a61,0.02862947335521175
3b06de421485ddad,0.6912798874824191
3ab1395e200e5b42,0.8575558681043913
8b607b6592065a8e,0.2989217065166432
a58b1c259179dc09,0.825925925925926
a84f2ec64cddb96d,0.9766369745272699
794ec7ff88727529,0.2207219878105954
7bec4fd7e9a158f2,0.43392717612126896
bb364b5bbcd978f4,0.9416002500390686
89b648a5f0f0ab12,0.37088607594936707
63de8d6c54817aa3,0.009313955305516486
f379e9f71ba0c23e,0.512533208313799
a4d79f83a661fa2e,0.6462884825754025
211b21d15b3b91a0,0.2784966401000156
1186f6b426beed22,0.35596186904203775
8dbf55afa93fb576,0.6552898890451634
4c37d40f77654769,0.11358024691358024
282449c18b62e5e6,0.8764963275511799
12472f1c83854116,0.803187998124707
eb624c530d058714,0.3102984841381466
916aa0618dc412d3,0.705235192998906
b9f7f01f0c234a62,0.9557899671823723
d6a72e0c5f8c9277,0.12170651664322552
888195334e946eb0,0.09021722144085012
f1aaca6b558ffaf2,0.27240193780278166
cfd7c6655e63d480,0.9807626191592436
d54c579db2ee74b5,0.06855758712298796
3d05c28ee2849928,0.9425847788716987
88653ba09b9797ff,0.07273011408032505
270649bc52035cbd,0.13081731520550088
164c0240a44d6755,0.33878731051726835
71d79d68a2b92f27,0.7708391936240038
9bb25aadd2b3bdb4,0.9075636818252852
b3c62935a53d8997,0.32462884825754024
e850d24192f9e415,0.0653539615564932
0834b059b33fe386,0.8716674480387561
57cca7c7ea10b6ab,0.3360525082044069
39483c2d8174f1ed,0.8910298484138147
4df07eb70c71ec51,0.914799187373027
771b30a38c390789,0.4762306610407876
65037a69f9336b3b,0.6253477105797781
97bf39056279f7fa,0.35897796530707926
1a2d12af54623039,0.3763713080168777
e649d739e4cbe4eb,0.9536490076574464
7c35e8ece8dd52b2,0.9030004688232537
4f679f800c6abb6d,0.8674324113142678
42a8a8ccd4f9f9e2,0.030004688232536332
662eb31e5ca29cb7,0.7089388967026098
39a75d0fc9a932b4,0.5144710110954837
f80b6c96f9ca16ca,0.06568213783403656
d1112438bc117eb4,0.5882794186591656
2a23256f8a1b1dad,0.7536646350992343
e3da84e292717dd8,0.3603531801844038
b3da0bcad91df631,0.8736208782622285
b7317d34b8035aa3,0.40706360368807626
263b44530f890156,0.6784966401000156
4908216a464f51c6,0.8360993905297702
d0b576af5fedd973,0.5944210032817627
d53abab056eabccb,0.6794030317237069
9947a71c07c08013,0.8466947960618847
e3f83e6765042b60,0.6399593686513517
b5e1fe2cd612caf7,0.3630567276136897
2c979dd3ae786b0b,0.021706516643225503
37ebd133842ac652,0.7063603688076262
8d7452fc00bad24b,0.7366776058759181
be4d73360ad37873,0.46211908110642286
40b14de62d50cd96,0.9982809814033444
e8b95e5aac14d285,0.04864822628535709
545aeb4e5c2808c7,0.06765119549929677
3ea943e815e609c3,0.26508829504610093
9c3663c00fb99ff6,0.36982340990779805
6806a16705d54743,0.6856852633223942
9658ef3f8e3ed080,0.6639318643538054
72aca7fa36feebdf,0.6995155493045788
dfe86e43c4930991,0.734911704953899
4f82ff5b5651d2f0,0.2780121894045945
d13da56afbdee207,0.6831536177527738
0dcdbb940af66121,0.1811689326457259
0e09773245767eac,0.274292858259103
b186bc9610e2b533,0.8611501797155806
d54841a2e0a4cca8,0.7731833098921705
166c017caddab251,0.7795749335833724
a23f0288384f2f2d,0.5335833724019378
4886d310e5914363,0.4054383497421472
41edfc6111e88f1f,0.18904516330676668
0f33a4c86170e40b,0.49378027816846387
19bac5bcc4414e66,0.04997655883731833
88ddba34446d1ade,0.44581965932176904
a8dfc97deea7f5fa,0.628676355680575
fbe5da4001a21c4a,0.14422566025941552
8ea535444187b6ac,0.1935927488670105
1be66765efbe9174,0.5595249257696515
05f16b595e33f77b,0.30982966088451325
3fb3259efef9eda0,0.2225347710579778
43836f5657b092dc,0.8032036255664948
26ac42441170201f,0.9162369120175027
12a4ec2031ef6174,0.1760275042975465
d8e7f33605a80ae3,0.6803719331145491
d6bde3bc380d8735,0.5852945772776996
9e0c178f3e852551,0.9327238631036099
88a6149ecfb1f651,0.37771526801062666
54a33fc8125490a9,0.4236130645413346
2930f4f063583542,0.23927176121268948
5092541f5024187c,0.23477105797780903
e78a593c9b385330,0.5048132520706361
a09be3a8eeceee6f,0.8552586341615878
7010ac1b44772de3,0.36430692295671196
49a17880c454c7c3,0.2531645569620253
4e36cc0f1383ebd3,0.8000937646507267
ebdb25864f6ce1b9,0.13370839193624004
bdb72360a5581c6d,0.7205657133927177
8c698e0fbcb6a090,0.20723550554774184
9c350ea7550d8378,0.2111111111111111
a8b88f7bb8ca6361,0.29154555399281135
3d326c98287fba6f,0.3571495546179091
f42c01d8b045f708,0.8041412720737615
8e5d62b3ab696aaa,0.07277699640568838
6224caf3c72e7ee3,0.4461634630411001
926fddd6b2ee63aa,0.008657602750429755
922cf50522b3b88b,0.7835130489138928
7d0fb10204af6166,0.8478512267541802
1a76fbd031e39a6b,0.9505860290670417
fd68ea29d356dd75,0.21450226597905922
03cc36191251ada1,0.4735739959368651
99b5bb0b92d8a55a,0.17890295358649788
aac02a9d632924f3,0.06555711829973433
5d220b8e18201d3a,0.3659165494608533
14fc1d6fe2d4e69a,0.8736208782622286
35e119f52196b1ba,0.11170495389904672
40f1234b5a30403c,0.7000937646507266
d59ccb5d557c022e,0.7860134395999374
0c385e728de38f99,0.3300671979996875
f8683477a2ab2ade,0.87804344428817
511fe8f39056b9f0,0.5614939834349117
c99c5d897170f156,0.5199249882794186
9d753071d21e6c36,0.34327238631036094
9e9289f66961c664,0.6489607751211126
5f8b0d75fdfecea0,0.19571808095014845
9dc13c482e059e6f,0.44680418815439915
3f87fc97c66a3191,0.8859821847163618
1b3f3ffb589858e3,0.1530864197530864
5358785efbcfdaaa,0.22514455383653695
57193bdf5b9a6b42,0.7055789967182372
4ba6c061c5bcb057,0.5366932333177059
218a85cad268eab4,0.910189092045632
f93dbe2cfff78101,0.5796530707923113
a8481146cd533ccd,0.788888888888889
84b0e8fa750b7a33,0.365510235974371
fdcc76060f099b01,0.08665416471323645
300a47eca14f8974,0.7797312080012502
14218faebac40dda,0.3284106891701828
6df2c2d2e3c3a7a8,0.7086263478668542
73b49cfc1f3e9dfe,0.11669010782934833
7f686a76e0a43e5a,0.40040631348648226
bf81324a27520bde,0.6923894358493514
f5d463ec64cf0b0d,0.46185341459603063
7b0554b8ca04f697,0.33089545241443974
e1b2fbbaa6be8596,0.5467104235036725
1b881aaa4217102a,0.4145960306297859
c212840fd1764342,0.3721050164088139
ef314439dbb365d6,0.21026722925457103
1772dc13f02d39b7,0.47288638849820286
b9ed04801fc7a354,0.2735583684950773
105a3d1544b0f94b,0.7438818565400844
78654baca9d1378e,0.9210032817627756
9bc2056512b6d4b6,0.2761837787154243
09c4cf78e2e7adc5,0.4129238943584935
b2555ae21207d05b,0.7786997968432567
ae348fe15c764802,0.26472886388498207
f0124c71b8a4ad33,0.6608376308798249
b56dc4e690b38942,0.2740740740740741
f780521ce14740f3,0.1893420847007345
dc6f043604dd54fe,0.34828879512423816
e07db4ab9d64f3ee,0.7905766526019691
8afd23b140e4bcb6,0.74405375839975
11bdf36dc7a35404,0.22358180965775903
4996a5c048b055d5,0.7931864353805282
623d8021b7d32292,0.7201593999062355
9eaa2f70288d4b3f,0.28676355680575094
9b0054be7988059a,0.3235974370995468
3952d82f6df456f1,0.10093764650726676
8533f9a63a9367b1,0.3558681043913111
391d9fb2c3bd6fbe,0.06794811689326458
101b529dd70a1e11,0.2258009063916237
85b19b6a46b45156,0.15671198624785124
a4b17c05d90ca2b2,0.49887482419127993
194ecba02d51bfb5,0.20550085950929833
20a12da2d8890e93,0.20329739021722143
2df9214ba1de660d,0.420112517580872
bd7e307eb75933e1,0.520753242694171
5e0b0dbe5ffe6e83,0.9989060790748554
bf3a6cfc9a1f3c80,0.42964525707141743
82ae8090ca11b2e6,0.4205813408345054
4901ed9747386ca7,0.7227848101265822
53084b49be13c52f,0.8540553211439288
0263cc51aa1acd4c,0.6245350836068135
41e313f2355b137c,0.6905610251601813
51a37cfce403f12f,0.29640568838881076
df4f484e6719459f,0.2711673699015471
de7f255e061d07f9,0.5386154086576027
741683772f1576c7,0.7368182528520082
54c7fb2af01e96d6,0.8984216283794344
24c542dab399c685,0.05764963275511799
a1230bf06c58290d,0.2771057977809033
900e15461a12870f,0.836474449132677
c089536a25834f70,0.18379434286607282
afc3286b544f0040,0.33999062353492737
c61465243a2221a5,0.6864978902953587
cb1f20d4bb93c243,0.37390217221440847
30725d20e5558b56,0.3794499140490702
94ce3e10e75f90a6,0.029457727769964054
48d0b89d569495d8,0.5511017346460384
ff1ad6d36283f697,0.35700890764181903
72be68b75d2c814b,0.14336615096108768
e4b90062b12b7030,0.837662134708548
d6323a665e446722,0.22631661197062042
2d37f4baed1667c1,0.6846538521644007
05781aee37a18dac,0.246601031411158
de24d558a18a9f32,0.2997030786060322
cb44379989560ff1,0.06636974527269886
eb333ca8ccdad2c8,0.3562119081106423
1d5cf29e044bf468,0.7955618065322707
172401cbfcd665a3,0.689873417721519
8247761544773a90,0.04613220815752461
5f2c0797f7cb831e,0.10253164556962024
a7edbfd2acdf8ad0,0.31986247851226757
fdcb685349aaef9b,0.7396468198155961
1568e5a308c50e7b,0.9064541334583529
53f5f1c7014efbaf,0.6183153617752775
e992034fc58854a7,0.27734020940772
b1fc334e48e20c8a,0.0717143303641194
ca9f6168acd90b8b,0.07607438662290983
929bd47a71c6b958,0.9541334583528676
f7ee05e2b2ea34e4,0.3600406313486482
2f3fdc90e73536d0,0.19126426004063135
b43f6d156041778c,0.16440068760743864
6b0740f130757056,0.26065010157837165
9f1200bd8ef18393,0.36902641037662137
bf0849396acf9180,0.1566494764807001
58f62b02898dcd7c,0.4846382247226129
825b360a284d4a2e,0.10540709485857164
0274228343b0c7cc,0.8886857321456478
746ca6b736caea7b,0.1921237693389592
69cadc81ce7e015c,0.2911704953899047
295dc3bdd969b7cf,0.6811845600875137
e0c7aeb2471c9ba6,0.906579152992655
a7c128e7baf08587,0.46718237224566334
74ac5ce19092de45,0.6088138771683076
5642496d768456f0,0.9354742928582591
9568d09b37d48147,0.7340834505391467
687eb07ac1ec9aba,0.3302859821847164
1131d59f818ebfc7,0.2386622909829661
70d46c4ad271dfcf,0.5425691514299109
333d8235e3bd1acc,0.31848726363494295
f9dc0ee30937f393,0.5806532270667292
e2e48b863ea7d61c,0.6278012189404595
96ad67d29a15ec47,0.7242381622128458
998b0ea49069c858,0.09574933583372403
cbf500fe483dca27,0.2862322237849664
32889f39f5c7e4e1,0.3525394592905141
f87241418df6147d,0.5675418034067823
afed174cf13b9d7f,0.4521487732458197
d52f3c40480519e8,0.859556180653227
67306d595867bdca,0.07377715268010626
dc439b5c79486948,0.4042975464916393
35089dcee9e9ba1c,0.23964681981559618
61b5d6ef5f241490,0.09729645257071418
45f5713dcef10264,0.5924988279418659
2a3053d58302242a,0.09348335677449601
0998f38d4d069491,0.7054852320675105
accc2c8ae67e6063,0.10201593999062354
9f5292cbd3806d79,0.27530864197530863
1fb85b95e91ae45e,0.46685419596812006
faa0394464cef2e8,0.03148929520237537
af95309c63fadc79,0.5320362556649477
b8b45d6732b08fb5,0.2900765744647601
66966f55862259dc,0.4247226129082669
608333309da6527a,0.7782153461478356
36dc5921a7d84ed1,0.6427566807313643
27813742ebfe2b33,0.6058602906704172
211d5db960ca61c8,0.0751211126738553
5b186ac0d11513b9,0.9722612908266917
832d1c008bc3ef2b,0.8389904672605094
7d4e4f8d7d40dcfc,0.2844663228629474
f0dfb22c3a27665d,0.8563838099703078
407451c452cc5d17,0.9547741834661666
56928312feff0ba3,0.43975621190811065
9454541a6582c13a,0.25983747460540707
e6e2f33f21d593de,0.07379278012189405
eaa2910769614f8e,0.05172683231754962
127bd9796d970cc9,0.4065791529926551
169858f0ea055525,0.2549304578840444
47a3a9c393a619bb,0.1699796843256759
d25e98683c74aa8c,0.45949367088607596
4f2ec1f813538809,0.7162681669010782
8e5753d72777a9ac,0.36071261134552274
d9cef172341ac628,0.7269260822003438
d2c6b2e087495365,0.8892014377246446
5aab483da67d16b3,0.5314267854352243
ad319fa45d964c5e,0.9116111892483201
730d677b8c968e37,0.2496171276761994
b1e38b684248bd0f,0.6893889670260979
ccd097c32d7ca7c0,0.37063603688076263
4cb0f5de29f8b8a8,0.5456633849038912
902aa8ae7819a527,0.059790592280043756
36cc1fd78eea46be,0.8700265666510392
5b8a6b0aae157e06,0.8720581340834506
d371f4cddd5ab580,0.2900296921393968
a07311ae113f1cc7,0.929895296140022
8ff382f017152a6b,0.7400218784185029
bfe18fe096f61209,0.38776371308016877
97f3a3f55f767d91,0.3379278012189405
a4058a2e4bbcaddc,0.5526644788248163
6dbcfd20040642cf,0.09885919674949212
42a6b3c10ef18f02,0.5824191279887482
9d7f6f4e136504fc,0.27046413502109706
0165f411bc818cb0,0.6279418659165494
bffe1b12bbe69fb2,0.6215502422253478
e01b40b1d6f30df0,0.8898890451633068
3201c568d1d26470,0.8843881856540083
0affa4eadbf1db83,0.8970307860603219
ddd3b7b0ab9f40d9,0.8337240193780278
ec738c2ec1bfcd80,0.014502265979059226
906a954f8e1fea07,0.9729801531489295
cdbfc59fb04fc180,0.8440068760743866
2d4770eef88200b3,0.08357555868104391
3d18600bcebb32aa,0.5303484919518675
3e050322f92541d9,0.4709017033911549
1221e13593768788,0.34767932489451475
e7ea980a9b3cc8c4,0.47252695733708383
398953f786ac4845,0.8134708548210658
e8efc32edeaa174c,0.7219253008282545
49f061e869ee997d,0.5604156899515549
17668415b4ad9f20,0.3321769026410376
81e71cda520c7c11,0.7092670729801531
7c48e5537ec69161,0.45968120018752934
7b6ba45bf7c43e21,0.568901390842319
9cdc08694020bc45,0.6353649007657447
60a026b4a766753d,0.2743866229098297
719db72fef47ca30,0.2386779184247539
c0b5b808eb068fc6,0.3071417408970152
b20616efa1e51758,0.14777308954524143
d1c2190b7e54ae51,0.1340365682137834
88d71cf388b60bf4,0.75594624160025
c2394a42025bd869,0.7933895921237694
19b165b652dbcda4,0.8408970151586186
c17841139e5914a5,0.8409438974839819
5549a53bbf9d24be,0.7612126894827317
2da830aa5b2812cb,0.29467104235036723
fb36e8ea3112744a,0.4534927332395686
3dcfee7f0efc084a,0.8568995155493047
16a97d3860c22e1c,0.8972651976871386
6322b2e3f7dca7db,0.456727613689639
a48ff3331f89fc6d,0.5185966557274575
e07a96472008d97e,0.9574152211283014
42af4fb223127bc3,0.15808720112517582
4aa484762f1d25ae,0.531723706829192
c414fb964c9cbb8f,0.6353023909985935
397cb89e6ab8a959,0.8285513361462729
2e9d9d9e0a6af0ff,0.6430067197999687
fc32ff9c59a22f95,0.009860915768088764
5783d334ad7f831b,0.8103297390217221
dbaa31f9fbbb6219,0.23775589935927488
93eb228beb06de30,0.11933114549148305
482d6bc5204e5ae1,0.3341772151898734
7128efa4863f0362,0.5749335833724019
ba5809f410734a94,0.5798093452101891
a571eb5010a2e299,0.24235036724488201
ad6cdd09fea09683,0.8170807938740428
fa9d2cf12e72efce,0.7767463666197844
a8ae0f9ef30ce81a,0.6491326769807783
3b234a17219db0b1,0.21744022503516175
25b24a0734045bd8,0.9127207376152524
771f41a483c9f8a5,0.49118612283169244
22a6c4ec274869d7,0.7273480231286138
e48895820558223a,0.1170964213158306
02c11767f29d0426,0.06230661040787623
d686fd200c65923c,0.9599781215814971
adfe117f01ca698a,0.012267541803406782
69f3b49837e76dc6,0.45947804344428816
2e72632e2ea73631,0.23966244725738398
3207b91e24e27568,0.338599781215815
95f22517cd16a7c2,0.41583059853102045
543936caa0e83a72,0.3184716361931552
58c5c659df736b0b,0.1323019221753399
997b65e2ca34d529,0.37902797312080017
75bd9c566434eae8,0.22122206594780436
14088d0f66d091e7,0.9636036880762618
4014d97b63499622,0.5740271917487108
f9d10471eb47111f,0.6563681825285201
545fffb7628e26bd,0.10185966557274574
9c45d75bebd4d820,0.0534771057977809
f710caef77284ef1,0.9025003906860447
e4bc3c14c4f4b1a8,0.7040006250976716
392b17be6354d3a9,0.43867791842475384
9cc8d07ee090f377,0.9098140334427254
b2fbccdb690a2b84,0.6649476480700109
291257ccaccf9d11,0.7120643850601656
c9022a6ee3a5d7d8,0.18681043913111425
19a688707e160732,0.11397093295827473
84bef4f5323ebd93,0.8533052039381153
a3e5e1903e0e9682,0.49117049538990465
3b0297530613b732,0.12942647288638848
ca0fa3062d6f947a,0.6525082044069386
aba2a7eb167c6548,0.6825441475230505
7dace0a49f811059,0.7685419596812002
522ed32d9fdf2d72,0.4032817627754336
8771c418cc219aa1,0.6095014846069697
1b8f8b528f041137,0.011283012970776683
a9112add272578cc,0.38391936240037505
e722b584b816d2f4,0.7649789029535865
324dcb8fa3962b96,0.5890295358649789
ee84f939a7ab4e14,0.8976558837318331
f7a5683abeeb512e,0.3232536333802156
788dec8bb41081b9,0.1208001250195343
20880910f50c0159,0.7144553836536958
a55d2babd6ac6e05,0.1631661197062041
7c5af2b41b2f1889,0.5900453195811846
af9599e0e687edff,0.24236599468666978
96de608fb997caee,0.08384122519143616
ef99f60d68f58a7e,0.7282231598687294
59d2159096523cdb,0.8753711517424597
606abd74dcfa442e,0.6865135177371464
20fdb4917e7e9401,0.23997499609313955
a3a5ff27339bb075,0.6368182528520081
b5ecb5c63b48ec75,0.9423816221284576
0a039166594e063a,0.1361619002969214
62bfe04683f51a3c,0.6530551648695109
b430c4d5161b59db,0.9042662916080637
a385f4145be5f5d0,0.028020003125488357
904e0bfdad64bd43,0.7785591498671668
0f4074528657c491,0.8173620878262229
39e4468b2f4b7935,0.4421159556180654
9125b00413b353d6,0.073370839193624
fafd8063bc5f5cec,0.754039693702141
6b06401ff364064a,0.028817002656665102
e5c9addac3faca6d,0.13241131426785435
d12807d748517f6e,0.3306766682294108
828de307532bb29a,0.9229879668698234
2799da617b3128ab,0.10450070323488045
7b6d6ea6d9feff86,0.07619940615721206
0627c402fd75fb9d,0.8487263634942961
a1bb99f3b749279f,0.40320362556649475
ceac2c53c27234d5,0.0251132989529614
9b3de1b793447910,0.26916705735271135
76a426cfc81a4d2d,0.4353961556493202
abac3cc21ba1b309,0.19634317862165962
4e8b9323fa254334,0.667916862009689
1a4205578a28486e,0.8916080637599625
fa7dfc3f7d4a1344,0.8903578684169402
340b1651b36c8645,0.4614471011095484
73cf2e26157ed703,0.7413970932958274
87add43c2ce1b06e,0.621034536646351
01717bfb5b3542c8,0.5842631661197062
70ca05c9213444aa,0.5960462572276919
0684a9a80bfd34b3,0.3127207376152524
8c2ae373e2809c29,0.3755274261603376
331341a7f1c33272,0.7339740584466323
97078c12c161c701,0.4465385216440068
4ddffb1d8861cc54,0.05602437880918894
2dbc5e3027b4817b,0.6591967494921082
8fcb717c71bb3cfc,0.2828723238005938
58ed220fa88a029b,0.09090482887951243
fcad4ebd837b0031,0.19432723863103613
0792e52fe2c9b711,0.7667604313173934
576de6970c4ba90c,0.5942022190967339
930888a00b16e315,0.646319737458978
bb00b59f720aadc8,0.7257540240662603
05aad23e028bea27,0.5168776371308017
0ccaef7346d2eebe,0.47398030942334735
bc31c0a97c89dac1,0.8034224097515237
239478b0c695aad2,0.547022972339428
6d59238e91d3c6d6,0.5947648070010939
02b6f6002980042e,0.8004688232536334
0164fc5fb575ee2b,0.4595874355368026
d8ba5ce01fe8a09d,0.7828410689170182
173b378df818b167,0.026160337552742614
7f5edae9b09a208c,0.7008595092983279
0b5662c2a594c20c,0.7469135802469136
55ba1dbed1a641ea,0.7992030004688232
c944ecb134192652,0.9469448351304891
3984b7d478aec2b1,0.8304266291608065
f6ff304e4f459ab4,0.7493045788404438
a49951ac9b42ceab,0.3797937177684013
4b48ddb6a65e584b,0.9568838881075168
624009526008e265,0.43141115799343643
9ca1f3fd0ed031b3,0.8131895608688857
dd7e10345355a17c,0.37855914986716677
a324ae18d57bb12f,0.5789185810282856
f3aede6892999fdd,0.36197843413033287
798f779dbd13fb6c,0.933645882169089
21481b4c28f91b47,0.2220190654789811
8529066c088169cd,0.05218002812939522
7e93ed2093de4112,0.3210189092045632
51687c7ba8a553be,0.6785278949835911
4ad8b585409698e6,0.1464291295514924
eca2dbbd4829118c,0.7929051414283481
7a9bea3f50549e57,0.5169245194561649
e53cb4d81fe012e8,0.5934208470073449
25e3af07b73ccb43,0.48313799031098603
939b59f220b94ec8,0.3601656508829505
9618c75bab14bdc4,0.8669010782934834
2ac483615d4696d4,0.928113767776215
b357b45b22852d5f,0.1362556649476481
eed158b983054ab2,0.14996093139553057
25b699ec3d33020b,0.9802781684638224
fabe692869cbf6a8,0.2185028910767307
e30cdc55701f891d,0.764369432723863
4e247c59738e0754,0.6384747616815127
eb6c93bf83ef9f01,0.7222534771057978
4b2a51b89182eb2f,0.5938584153774027
920800c7a752c35e,0.060040631348648225
00e3f3638706ad20,0.46915142991092357
3b68344f608e8cf6,0.2053758399749961
bd0092d0e87dd02b,0.4828098140334427
d3020752ddea13e5,0.3719643694327238
679a41beeaebf503,0.8388967026097828
7fcec9e71dcf18cc,0.313736521331458
735724a234bf2816,0.6369432723863103
31cdf3e24ce53af5,0.6025785278949836
58b83792be0f6321,0.8768713861540864
2a84a58cf96025f5,0.08837318330989218
9fcedeea63586bf0,0.7594311611189248
d9de7aba8c682fda,0.1030942334739803
08572215a3892815,0.42256602594155335
b488884763d551a2,0.8939521800281295
c30e80405d6e58b2,0.09387404281919048
0c86a250e70f6eb2,0.5171276761994061
a11c15fcf4597f82,0.6954524144397563
2caedcb4ee1a4103,0.9517268323175496
f91d05eaa3df539e,0.6015471167369901
8bba0a98ae140af5,0.7544303797468355
a987e81632676043,0.4862478512267542
f50807d17b5c038f,0.836255664947648
ee12454070596716,0.7141897171433036
b6e0190c3e5766ef,0.6869510861072041
a57b30735e272a29,0.03375527426160338
ca66fe2ee058013e,0.7557430848570089
1969a8349757d32d,0.5207219878105954
a5bad4f4702eb96b,0.2156430692295671
2f4ee5ef7a9e32ab,0.9572120643850602
abb1f9350d96ed70,0.2671823722456634
8a663152856f606b,0.1546179090482888
5965e2be33eecfc3,0.09388967026097828
75414a1e69d6f205,0.44758556024378804
0d6362f82430762d,0.6694170964213159
cded8976cdbec569,0.7117362087826222
2f21d9cb88d7004a,0.8382716049382717
bd0809d01c93396d,0.8934208470073448
d368fd4152e904a0,0.8691514299109235
7a088b0bef4cb74c,0.2753242694170964
dad9460a25f9913b,0.9061103297390216
50f138449e3fe2e8,0.4118143459915612
53eecae41b9614fd,0.8639631192373809
c88755b5796bc0c9,0.9057196436943273
1b2bf22690f55b23,0.3464135021097046
4c0b6078692f7c89,0.6598999843725583
d310596293c8f04c,0.4004531958118456
3a724ceda4c76f9c,0.0799499921862791
57c2219b4f1a0a5a,0.650851695577434
6069a9ccdba45516,0.5244725738396624
504a8185dad726d7,0.5711204875761837
c950477e87d58094,0.21042350367244883
9f1e86207b2be555,0.8724175652445695
69051b19215e3e0a,0.49207688701359587
7f70b72d97083c7b,0.7453508360681356
61279ec74a6d3645,0.26619784341303326
4a35368f7daabf53,0.601562744178778
8730f5f1237b818b,0.003172370682919206
f9492b545b552f5b,0.7309735896233787
a5e99c4117b486a0,0.4072667604313174
c10ccbadcdafc1cc,0.08731051726832317
e0d15a865fdfb988,0.242350367244882
eb916f460ee1b545,0.562119081106423
1b7bb61fe350c5ec,0.1962181590873574
03e5516590f20096,0.45386779184247544
18e0a9eb3145a82b,0.25744647601187687
39cab30b8f09a081,0.6717768401312705
dd47b13d3aa2de79,0.09324894514767934
6a431bf1b07deab0,0.9081106422878574
2b0db9b43f8d905b,0.4649320206282232
363b638b117d0e37,0.02809814033442725
87518c28a26f4d41,0.04138146585403969
3e73b6c86098ef20,0.7662603531801844
f7580d024f627389,0.38468510704797626
626946bf85055423,0.18015314892952022
1d4ec81574db910c,0.5433974058446632
eb3384eb6ec0ee10,0.1854195968120019
ba1a0a18164d2ed4,0.20615721206438506
8736a356e18687f9,0.3000937646507267
f66ad6f9a0d13057,0.19142053445850915
6781beeb2a94c80b,0.46932333177058916
45ec50d9e9b762dc,0.15929051414283482
f993d49be31858db,0.5305047663697453
68630d40b3d8c8a7,0.5606188466947961
790d0e863cbc896c,0.21243944366307235
6b9f40e1b5440454,0.136615096108767
5bd12aaf1d87cfb6,0.47505860290670415
9593f8af8e49622c,0.19626504141272072
7787873ef39eb65f,0.6527894983591187
3b43be2428bd133c,0.47452726988591964
51614174133f7405,0.6338802937959056
90ef1be7933c7d32,0.283997499609314
b9b0bc5968838ca2,0.30812626972964524
34854ac0b59be9cb,0.8050789185810282
552972fc397a3d7b,0.6018127832473824
538cce811be930f6,0.9262853570870448
3684947575a87995,0.8006719799968744
3458934dca749c27,0.7351773714642913
777593519303d6bc,0.7237068291920614
c998d0d7e544f18a,0.34175652445694643
a23ad55fcdc44126,0.6623847476168152
628f59b52e0f1abb,0.811408032505079
f55fd4a896009b37,0.20671979996874512
891966bf8125b263,0.19949992186279103
31a036f4acb27daa,0.616502578527895
b329a2756c4e7e5c,0.048491951867479295
4abec7b3aa11b00d,0.33674011564306927
506d7e6eca5fce8a,0.2648070010939209
93767eb66242b1fc,0.8849195186747929
f07f619af08f71e3,0.9688857634005313
067779ad870efb29,0.3994530395374277
5772509431f3d5d1,0.6612439443663072
562161d24bca87e5,0.044350679793717776
f3e2eded68a25564,0.41769026410376625
4e9f50f16ba04465,0.28543522425378964
a4208a55db792b95,0.3686357243319269
9540d1c34ce10213,0.40976715111736206
3b047ea1a379c251,0.33902172214408505
90c24520deb11d2d,0.31617440225035165
174bf54853f8e212,0.3770120331301766
e32af9607e1574ac,0.1713236443194249
177d7eaf2ebe4bb3,0.039162369120175025
1d3872dea5918cf8,0.7930770432880139
b6641f418df5107a,0.5492420690732926
7b0a91f0c2754446,0.886826066572902
3074d01b6d512da1,0.5702297233942804
a1ded8ab2ac8cbc3,0.3102828566963588
99d24231acc81bda,0.8935146116580716
ff0efc6b635f0dfe,0.485622753555243
4b26bc2a5271e828,0.3859821847163619
323cc294321346a4,0.7113611501797155
1c5da1e20342a0bf,0.5024535083606814
4f414677966cf8e5,0.4014377246444757
a08962f7cf8ef6ea,0.9611658071573683
e6778d3ce59810c5,0.2653227066729177
944d32b8f9e9db1a,0.8966244725738396
e5c8bee2002b6ca3,0.8182528520081263
fcc9190b336ccdc9,0.23389592123769337
d8c0de2ec20dd583,0.6779184247538679
fb55a45c51379250,0.10931395530551649
d6e81f789123be62,0.31276761994061575
2653ffee6d9f5abd,0.8469604625722769
daf885e44112d6f2,0.6516955774339741
a75fbb195a5c31b4,0.9695577433974059
d6946d6a1e5de8e0,0.36699484294421003
262eea09fa9fdd15,0.08870135958743555
0661f0f9daa76a96,0.6402406626035319
3796742963319893,0.9831848726363495
b7d31b3502739b04,0.5984372558212221
ca3ab2b2441679fe,0.5340209407719956
6ff3c95261a2e60c,0.13539615564932023
296198ef516bccfc,0.017424597593373965
fd7387d23f2c2e12,0.4484919518674793
705f7c9f6f9a1ddb,0.07255821222065949
664080d9a44e09d5,0.12589467104235036
d7bfb116b3f0171e,0.4545866541647132
df7650f2e15b685c,0.6568838881075167
13d553333a49e1fc,0.08185654008438817
d60997f0da2b3161,0.13442725425847787
e3dc5b0748d9d1be,0.9010314111579936
126cc7a3354c3a59,0.20203156743241132
68c831e307f80c40,0.0346460384435068
4c10437c6f1f749e,0.9131583059853101
4de56fff18170df4,0.2977183934989842
93ee64e43ea9b0ac,0.6118612283169246
622e27b7a834d371,0.9865604000625098
8283fa9a80b68052,0.3377402719174871
3cbb48910802e9b0,0.8447882481637756
898c4451fed60e39,0.5667135489920301
560b7b7af9fe8dd1,0.6641037662134708
bcc595e893e2a797,0.3174871073605251
cb2fa098224a9f0b,0.60014064697609
9e2a88f835bbb5df,0.5794342866072824
07e1bd9a166bc257,0.7884044381934676
10fdd890be2462d8,0.14858571651820598
34a7adccbdf4dbe6,0.8736052508204406
5dca94f6e13922ed,0.3928582591029849
be032af3265ed2f8,0.9286138459134239
afebc493854ff065,0.014471011095483668
755bf2132b96ea88,0.06632286294733553
11b6872eb913fe4d,0.032145647757462106
5a73131a74b5e6f1,0.24270979840600093
a1445f34ce4c970c,0.8025003906860447
c84303c64f096b4d,0.5503672448820127
ee5a57da13fbcab4,0.8269729645257071
9e237fe51b937f8b,0.4899203000468823
04c0ce452fa54511,0.6334427254258478
e4cc4cfb493c102c,0.7109548366932333
13ec6848e5d8c7ec,0.33133302078449756
8b117511fb3c0bb5,0.8955149242069073
45109a7dafad71a4,0.584560087513674
be5d51769b283a70,0.8086263478668543
4b049c030fc355f2,0.5802469135802468
e1b125afa19663b9,0.5131583059853102
7f5ee99bec52fb31,0.9716830754805439
0ea477a7bb524c43,0.5101734646038443
b2ef814029a4593b,0.6398812314424128
54642bb90de7c651,0.24414752305047663
5562db51544efda6,0.5409438974839819
8c3fc61ec6b0570c,0.80112517580872
19990ada3d732a59,0.7687763713080169
d4a097538c2270df,0.5629785904047508
a8e6780d12272bb2,0.6640725113298953
0de7c0afdf2ac64d,0.49731208001250193
ec3a682eb391eb7a,0.4515861853414596
de499b3d3aa77620,0.39910923581809654
bb95d7738f26c137,0.44367869979684327
76de6c48fb303a99,0.8570870448507579
f54db052a2c1bf61,0.6390686044694484
d2b45f024d0f9012,0.8533052039381154
26693e446f60e43c,0.3552898890451633
00fedb2a014dd220,0.467776215033599
8b353042d65300c8,0.42315986872948896
90c55b1f3ca98c5b,0.12561337709017034
b874c35d79d74f6c,0.5635880606344741
d482eb847a0a40c6,0.3725113298952962
fc4d3a97478802f1,0.44975777465228944
0a7a2b85838db506,0.08459134239724957
c697f27fe38b040c,0.2969839037349586
a4d2009627d556d9,0.7289263947491795
1c403f2124470ed4,0.22520706360368808
33627e42df750fa3,0.0915299265510236
ba9bd925e360f225,0.530739177996562
ea28b791d0295ad0,0.625207063603688
d149d439304c8705,0.08665416471323645
536b709bf5515eeb,0.13334896077512112
88c0a8061e7a3795,0.7442412877012033
8764acb490f19b62,0.28543522425378964
417f76acebadcb48,0.9295202375371152
475869c5be3c507b,0.5408813877168308
3ef8009767c7fa25,0.8942178465385215
b554efed5fb706fa,0.9259571808095015
84da50183b024285,0.22350367244882013
a4b1d18f46aa981c,0.14763244256915142
9b47e555a004cdae,0.3760743866229098
ef262814960ff13f,0.7081106422878575
5c0868ac8eafc7f9,0.3986716674480387
db15a0f6f796aefc,0.055789967182372245
9e813d48e7fed678,0.703125488357556
7e45e93f027eadd9,0.7818096577590249
bba24189518e4411,0.8687138615408658
80cba429bade3fd1,0.09545241443975622
ea2c64045d0a1c12,0.8166275980621973
6eea65bf31a2bde4,0.13256758868573215
986a532aee033e7a,0.2205813408345054
d254bc6437766f3e,0.22234724175652443
3c2c4044a5a205b7,0.45871229879668696
d1698b7f7ce2ac63,0.8000468823253633
5615043a1f36b137,0.02578527894983591
fcb9321c88377fa5,0.26704172526957337
885250c55edfcb6f,0.5001093920925144
f48232723a1bd05d,0.9847163619315518
27b4eb77530a112c,0.10078137208938896
98a1669bde0eac7b,0.9756837005782153
c85cfc3341c8708c,0.14589779653070795
8043ae38af9b3ce5,0.674292858259103
babccd7388fd8c21,0.38323175496171275
28aeae730b623cab,0.2155024222534771
4bf1da87dd838f3f,0.09756211908110643
8da93da167404e45,0.6375839974996094
4a0a3077b5581645,0.5877949679637443
bfa2d19017923568,0.4559462416002501
5f6e00c966c5f59f,0.7714799187373027
52c9dbfce9f1b95b,0.1619471792467573
cdfc3b9f626b0845,0.7475699328020002
5e6ad4f66342dce9,0.6900140646976091
42b0a534c0da50ab,0.17712142522269103
e454a16a94a43530,0.44742928582591024
1b6c9c3629bff42e,0.9549929676511955
3d4ea2f562e04d67,0.16524456946397875
e5e88946dd245e5b,0.5908110642287857
7c08fe11ea59472e,0.4931864353805282
48716b8ef3837856,0.18802937959056104
22cb220fb3d03ef0,0.9175183622441007
ad38c3a4c4f92dd2,0.1563369276449445
439506f46710d418,0.5739177996561964
e6d46d90ae71b635,0.4757149554617909
cc306ba2474886f5,0.09463978746679168
c3dbfacba8b29888,0.17766838568526333
3349746bf536b40c,0.2807626191592436
254dff7f2f5e27da,0.08609157680887639
5f715d9d99d8aef8,0.7387091733083294
28877bba74273a2c,0.10840756368182529
0837f11e1dc53f72,0.9032348804500704
700d9c6e6406ca13,0.8497421472105016
6e0d475eeeff64fb,0.5720425066416628
36ba7c400d24c8ad,0.08596655727457415
8c371f8737f1a2dc,0.9627129238943585
163b4afe1f475ea0,0.7811220503203626
2e2c632a9af9b807,0.9326769807782467
a891091666dc0643,0.673730270354743
a990b188a8200e9e,0.035443037974683546
e0da7835cc3694da,0.6064072511329897
6965bd28dc460b44,0.03338021565869667
84b4fd2717d4bf2c,0.20253164556962025
0544118474e570be,0.5588842006563526
2437b2d4a2e8ae82,0.927191748710736
647299fb2ba00e43,0.10661040787623066
7372537f1eba1dab,0.8753711517424596
8854c27e996efd14,0.4766057196436943
380235b034a986da,0.8625722769182684
a2d407f16ff373fe,0.9026722925457104
0ed19a3a868aaa3c,0.4386466635411783
c173b6242dff9b1c,0.43386466635411786
2043889f64f744b8,0.6398656040006252
19989bc6ef928517,0.7218159087357399
d0665c65b0cf8d5d,0.6849038912330051
2b072792e895a81c,0.172589467104235
c531857150c9674b,0.5888732614471011
bb56bbe97134a4d1,0.19238943584935145
3e062b6117c4918a,0.38971714330364116
a58a4c24d35bd7fa,0.7659478043444288
4ea7721e8c059b2e,0.35144553836536957
32a75809119cf7bc,0.54433505235193
e4794a0287930fdc,0.29331145491483046
028903129d296567,0.675714955461791
910a3bc19a45f893,0.7270979840600094
afb4e9017f94d52b,0.09324894514767933
8c75ef81ac907000,0.6242850445382091
de995213b69871cd,0.2591654946085326
593b54413b1695ee,0.6002031567432411
d68b798f72ec2a7b,0.07499609313955305
2abd97afe8848116,0.16141584622597283
b80ebde982296428,0.6070323488045007
dbe8ab13dd1f44f4,0.17749648382559774
db6b5f2104046f55,0.6883419284263166
1f67c146861efa15,0.049898421628379444
38f490199f1306b5,0.2382872323800594
dce69a47bd1feb56,0.3310673542741053
12cd790efb4486a6,0.8265041412720737
d5806dd0784560a5,0.08909204563213002
207f45be2fb83671,0.8416002500390687
848e2c11fd115b35,0.7368182528520082
0f9d093c9db25458,0.6004844506954212
13e9da15ed290868,0.4003125488357556
8c584f6c1538beaa,0.014033442725425848
5fcd3e5896568513,0.8504453820909517
aa1f013ff05a59f3,0.4965775902484763
eb2bbf6f740d132f,0.11736208782622284
51fcfaba58d7f511,0.9467729332708235
abfff37a1f178105,0.7667760587591811
918258103a71c3ab,0.22894202219096738
99beaa8c134356ed,0.7741209563994372
f3d97c979517c08d,0.6762931708079387
577a00d787373595,0.7922956711986248
d71bd663eab2681d,0.7387716830754805
3b59c956b239b3db,0.27180809501484604
9115eeed93f30a1c,0.10540709485857165
3d992bc625e7dad1,0.05738396624472575
4db07f6033192f9b,0.2443194249101422
a58a45e9afd5b405,0.7588998280981403
519774a276bdada6,0.9116893264572589
50bc50ed77a01d75,0.6967651195499298
d608451c67dc5cfb,0.43705266447882485
2856ffa4f0a1ce80,0.719127988748242
2bdff8f74778c4ea,0.12248788873261446
068acd67c99550cd,0.6390529770276606
6123220972766a4a,0.4512892639474918
c4d534fff3fc5628,0.5727457415221129
9fc3fdf14ea045ac,0.5119237380840755
3f86edfd0be75ecf,0.4051101734646038
c36573a6175092a9,0.6821690889201438
7c4df8c2f29666ee,0.1306922956711986
3c791b72118b74a6,0.5659165494608532
747b04b604c95fc1,0.18777934052195655
e780dca0db5520a5,0.17104235036724488
af83daec6d450e57,0.5358806063447414
5d4ff9f52e2e4f34,0.7132676980778248
b2b8e551d87be54f,0.998796686982341
203b6e0e0fcaa971,0.47469917174558524
eb36b4336605a7d6,0.4768870135958744
14713adcc060333a,0.4671511173620879
251c0c9a3789eff9,0.8217690264103766
0d0e059449af50d6,0.2709173308329426
63b1850f6f5df5d3,0.3193780278168464
90ace0c383247390,0.1237537115174246
1ba1d1cb2d6d1bb9,0.4126113455227379
dcb2cbe56ba92129,0.15227379278012187
88b8fdeb6d82597c,0.1927488670104704
0ccfe20a4b77ea6e,0.12945772776996406
3482a5b15357f00e,0.15003906860446942
6d71348fed8b9c4f,0.35380528207532425
f8723e3306bf7c43,0.9882950461009533
7ef77b74f9baecb6,0.2759493670886076
bc80f01834269376,0.29867166744803875
18da383af4fa3cb8,0.8932333177058915
b474ff492fb9a94d,0.2047507423034849
d157b8492ffba0dc,0.22351929989060793
cbd2d4eb5123804b,0.3864197530864198
0f9515404031e965,0.29177996561962805
4f1dcb8a1669a31c,0.7057665260196906
28c27ce346a7a7b7,0.9057040162525395
58928eff8cb29089,0.569760900140647
8069cea0e02052d2,0.14219409282700424
3b583c05db5ea4a6,0.07137052664478824
36384df41240d0c1,0.4335989998437256
15e9a245d6d06a3e,0.8842944210032818
d2dba561c29b817d,0.553461478355993
2a507f7014709986,0.8755274261603376
a27e43abacf3b1f2,0.9505391467416784
686019b683e849d6,0.9176121268948273
9a3663eadae7822e,0.7294577277699641
f4857bb0e0b52a47,0.3932958274730426
29f988f929e638a6,0.25361775277387094
cc08f5318b40d7b5,0.28962337865291454
3aa8c59d9c5dc7ac,0.49062353492733235
eeeb124ea0b0d51f,0.2716830754805438
c422bdf822a0dc56,0.7680262541022034
98269904767a2636,0.24625722769182684
e6cbd02151c72662,0.8110486013439601
5e7bd880681d9f61,0.6302078449757774
fbe456da262eaa3b,0.49437412095639943
dfe3e7968ec080ba,0.3376152523831849
0e9ef351ddbc9ab1,0.3521644006876074
2902b3339eeca5e3,0.5540709485857165
a7137a063b883e92,0.6056727613689639
b733ad3dd8899d06,0.3435693077043288
44fe9234ab115e2f,0.9257227691826848
000b03fc8664c7d1,0.11323644319424911
9020a01496eaf633,0.7495389904672605
53b7a21b0f4cc200,0.13622441006407252
20cc306cbb1c6bcc,0.796249413970933
debcfcb981ae0125,0.16757305829035787
802bd1039c3e6a1b,0.1009845288326301
5f5c21e0b6a4d4a7,0.3122050320362556
4e1d92bfbc009b58,0.6103609939052976
644c03f056f3bf9e,0.7732145647757462
3b4855d86d450661,0.12312861384591342
dbe1c9a9d3e563ac,0.24646038443506801
2fb49e6e63bbe8f6,0.7145960306297858
2347ddad2e1b095f,0.45707141740897017
e315a627d1ca8573,0.8908423191123613
0558a476ace81c15,0.5365682137834037
4426fc96456aa43d,0.9063916236912017
ee5092888f963b26,0.3484919518674793
57886ec9ac1bcba7,0.8057040162525395
69e1947ef1a19192,0.81175183622441
af29d6fac97c87a3,0.34832005000781374
6952926383750b48,0.48516955774339743
b6e14b919c7ad1f2,0.24219409282700421
8d09ba7da0267580,0.8524769495233631
40e7e13ba421c25f,0.21003281762775433
c3d8677083122b80,0.8946397874667917
e41366313db49145,0.21261134552273792
ed95e31015c5959c,0.5687451164244413
64f0bef89a702494,0.11193936552586342
81918dc774b899ca,0.09996874511642445
dc9dc895fc8368b6,0.5112205032036256
ea0dcc9add9ba8c9,0.6109548366932334
c45a009981cf2faf,0.7983747460540709
ee4eee5c2cad18b3,0.21415846225972807
4b8886ccb99d4b95,0.4879668698234099
a11b7637d21059b0,0.25982184716361933
ae6bfde3685ef5dd,0.0829817158931083
095f96ba3b90f727,0.5595405532114393
c800465fabd83658,0.1471479918737303
c75993f60039bc22,0.5934208470073448
15b2e13c51d54758,0.49776527582434754
cef343af7e936391,0.5162525394592905
bb9e37137f42fad4,0.4757930926707298
b6f54b152f0f2c28,0.5245507110486013
54548a1370ae962d,0.6633536490076575
774675091e96f38e,0.07404281919049852
64db0198c907fdc5,0.1471948741990936
ee3a2eba79a61cd2,0.24391311142365996
d87ea92ca2504e8e,0.8338646663541178
493f68967d2931dd,0.30765744647601184
33c5bd3953cad989,0.48779496796374433
31719675e9834500,0.20329739021722143
283d0d3d8afdcd48,0.8050789185810283
0954b46131527b56,0.1491639318643538
c7f99cdcd74ddfb2,0.8200031254883575
89e81b0750c67025,0.6795749335833723
ef2e114a293d6051,0.22986404125644633
3eaa82eb74b0d2b9,0.9191436161900296
f115b5827c53fdae,0.8953273949054541
5b981d50572234ec,0.5070323488045008
bc2a7ac2fb6ad312,0.7960618846694797
cabb5fa14742de79,0.9025316455696202
9dcd899d3120d04e,0.1471167369901547
5bf75dc153469005,0.7593373964681982
a99c57a3cfd238a9,0.9636974527269886
7d3c73f6e6251236,0.7527894983591187
79c824cab095ef0e,0.4578684169401469
50457f03b19ce000,0.7667448038756055
72ea29c850f97747,0.4443663072355055
949aabf35ccb0c4c,0.6512736365057041
bd3b7b9b5cc3a346,0.5295202375371152
581ae7bcf533000a,0.16297859040475074
f944b728b8eb9aac,0.6457571495546179
6add937f4476df2c,0.5334270979840601
478be273b158fbf1,0.12472261290826693
43c1856ef31d1073,0.9245975933739647
8f97466fd3810c1f,0.33458352867635566
3ae22b8a964781ec,0.5128770120331302
82ba55bfceb0ffbd,0.4027504297546492
5966bfc14b304d05,0.5463509923425536
eedd90867e3cd9d4,0.013377090170339116
99db9ab5fdf84102,0.10429754649163933
6c6761878fa11c78,0.675074230348492
731bd2e8496a9b0e,0.15253945929051416
9f1fd83e49b82f88,0.8362087826222846
51a2cc12286941ac,0.7639474917955931
7b60067efe8e7c4a,0.9342709798406001
7ba8d7a5a2f30106,0.9431161118924831
677aebcf5c57a29d,0.4415064853883419
c2e6810f10057ffc,0.5830911079856227
f770bf49e8b32f7d,0.7843100484450696
d999d97cecc80f08,0.7712767619940615
225695249568ef3d,0.8470542272230036
64c347ce204607a2,0.7925925925925926
8b972fc1665f8aff,0.20459446788560712
fd3a180f558ad235,0.5725113298952962
f24ea2f162b99780,0.7226910454758555
71edcfb193fa3be3,0.7625566494764806
4507c7c846e862ed,0.2462103453664635
ac51d145f495fdf8,0.5886388498202844
3ab5c54552e9add3,0.6444600718862322
0e545a1fa4aecf83,0.1702609782778559
19eb7f93e53f33d0,0.3942491014220972
f4653f53352a740c,0.6250507891858104
c716d718820e66c0,0.2088607594936709
a8a2778b42759e84,0.7839662447257384
d632ca08f997e38d,0.14480387560556335
47c56ea6034205ca,0.15641506485388343
f436395245784b88,0.9590717299578059
ddb7078278325022,0.18365369588998282
1c24525f31c1953f,0.832364431942491
7c7e6ee56d6ea5c1,0.9223159868729489
0e67b9cedd55f492,0.285060165650883
a585afa6cc802221,0.29664010001562746
132bdb2d81abf434,0.5044225660259416
cdafcf3dcd774b36,0.5145335208626347
5694f780d2c8e463,0.06461947179246758
317ba4057a04aa16,0.8306766682294109
a92ae25f2defd1f4,0.7236286919831223
ff0073be9d8669a3,0.8990779809345211
2c4d6fd16e7da4d0,0.692139396780747
e8b93ecfcfcf69bf,0.5347241756524457
aecdf632644c9922,0.8232223784966402
0f4ac8759cecccb4,0.0419127988748242
ae0ed79b3f56091e,0.6456633849038913
492dcb545fd160e3,0.4570557899671823
b6feaae9a6963540,0.33248945147679326
10bc80bca38b6418,0.31859665572745743
d8bf52f15b58b474,0.1908579465541491
d590d13d8a0daf0a,0.6101890920456321
bafce96906ba0c73,0.3462416002500391
15a89b9d9a174795,0.48899828098140335
3c895a00e202bc6e,0.8232848882637912
62100baf87d531c1,0.7664635099234256
8ea52f2642c87cd9,0.38952961400218783
78bf3db367f46ea8,0.8147835599312394
7303626be6419b04,0.24181903422409753
86f2e3f9f88bf00e,0.9085325832161275
39921131b7d48cf3,0.6962025316455696
7c06255c489ce455,0.9719487419909361
2a0f68fcd60099b6,0.8039849976558837
968f899504b28211,0.6663228629473356
98dd9df8fdcb29f4,0.3791529926551024
ed55728c47c8b666,0.1696515080481325
0e54abd540000681,0.9001093920925145
2687ae2ad26c6497,0.6917487107360525
afe3e3f4edc8f7b7,0.5019378027816846
3d8ff2a3976b69b9,0.4372714486638537
13e6deb5f77cd1f5,0.6208626347866855
8c8711be796262dc,0.37985622753555237
8eb1ab06839664b5,0.30886075949367087
dbd58b32bf776c26,0.20912642600406314
4be0c2fba004271c,0.6997655883731833
a0f6b49ec1b86bc1,0.739162369120175
3b33e5fb16341fe1,0.6827316768245038
d39f326ae61cb937,0.05525863416158776
00e28c2a11d38c61,0.7406000937646506
a55c74a9759fd56a,0.11875293014533521
8bfd04b0788122e2,0.8814971089232694
895776a9cf9c8d43,0.4286451007969995
7ff187535e206416,0.9778402875449289
b2d991e4147a68e0,0.09142053445850915
b62ae246269c58c4,0.9263791217377715
b8af731f19b5c84d,0.015564932020628223
19f5143484b38101,0.6112361306454134
982f6a3f1bccc6d4,0.26571339271761213
2cdfb20347feec4e,0.922456633849039
5b2d62e736467c16,0.39459290514142836
f85bf07959deae92,0.24358493514611657
8e923fa1dedcd01b,0.5525394592905142
93b3dea6a99fe31a,0.5138146585403969
8bc3af23b3d5ba85,0.23752148773245818
91db39152bd6ad50,0.8282231598687294
d911a9c74b505826,0.7844663228629474
0e53e628826772d6,0.08355993123925613
14d7b607e5e3f0cc,0.3953586497890295
f3e8e3469f0aab7b,0.17768401312705112
b9c36eb092bb275d,0.6415533677137053
9cff3e265921dfed,0.5755274261603376
585bc81acbe5b1ec,0.08918581028285669
15f8e68c7ac23dec,0.33686513517737143
a37b05bbb09f8496,0.9410689170182841
4f31f80a263d61dd,0.16286919831223629
6a3987a9bab31c44,0.10590717299578059
9f59a5ca5ae6d119,0.47229254571026724
afc6cb824b3596c7,0.08406000937646507
64dcbe6f4ac8de61,0.9639631192373808
1fcaa5c3533f63ca,0.3468666979215503
a266793e0c2619d2,0.6811845600875137
598af3378495839d,0.4081731520550086
b40ecfcda1506387,0.18040318799812471
22537a4c1f1cb22f,0.257508985779028
8c5b78cda30c225e,0.5809657759024848
3239189122d043fe,0.47271448663853727
4b34859a41dd8627,0.4024691358024691
7577c8941b2e888b,0.08313799031098609
8ef15229dd291883,0.07807469917174559
3332780ef14cd99b,0.7360993905297704
f93d1a6ecd62d897,0.5178309110798562
9505f55ac00dbadb,0.9115799343647445
7c1831bf48bd728b,0.034130332864510074
17cf81ec2dede54e,0.7932020628223159
e84c6f3155ec9762,0.8672605094546022
e894ec9e0ac2e7a5,0.9364119393655259
c307472500eaf782,0.8853102047194874
96de47679c4cb6b6,0.22453508360681357
e0dd44e7040c3168,0.4863259884356931
bd9e6bd2fcf5a54e,0.7138302859821848
0382e0d155285962,0.5069073292701984
509eccae9abde09a,0.7169245194561651
f2147e0be04acf5c,0.7485700890764182
f3a6b01cc0938196,0.8329739021722145
c1956069b7309004,0.23017659009220193
2292dd5e617286e5,0.6838412251914361
3644d81639ce9f29,0.7859821847163619
4a5bf3e5c85dbfe9,0.16877637130801687
095a4f241c64795f,0.8741053289576497
aa45545b6df75be3,0.5877637130801687
ffda21a7e2973492,0.7199874980465698
662adc1ed3e8fd43,0.5827941865916549
218ae6cc5968ab6e,0.9283794342866072
316379f30810e1c6,0.45918112205032036
eef8a37b8fe20ec4,0.7292858259102986
d9a0aead3407db9e,0.7239099859353024
f0c65e7320950a84,0.7306141584622596
4625132a59dcda74,0.8218471636193155
ab1c8b0c3967b656,0.8830285982184716
f00224def382933b,0.6304266291608064
090051f10ebcb768,0.42098765432098767
2a0c37f157e82f1b,0.45682137834036574
61914ca3afe42c15,0.2611032973902172
a9fc0e9ff5b0e706,0.164306922956712
f548f7ed3074067e,0.40020315674324114
9aec70578372daed,0.1258165338334115
fbb0734a4e985290,0.14971089232692608
a8cd11786e7fe2b1,0.5057977809032661
6a4338f210f336ad,0.4080481325207064
cdb63c81014bd072,0.42514455383653693
2c5a98b60450efca,0.3688232536333802
2337a75838293036,0.15941553367713707
a0ed386ea018cce6,0.6137677762150335
db76609f02b3bb31,0.7064228785747773
597bd387a63987b9,0.9561181434599155
bc7571c47a54ce9b,0.420112517580872
547510d3ce221301,0.7232380059384278
8e84181f60b3ec91,0.44552273792780117
13880ba898b8f597,0.8441006407251134
9ee1fb0201512e8b,0.9298327863728708
48aefa3d80da5764,0.4280200031254884
498d517a667856a7,0.6295983747460541
f07b0e35881505f2,0.2978121581497109
1df225f3addcce26,0.026597905922800435
84a772cbe6d216a1,0.3736052508204407
f0e4a70f82f01004,0.5580246913580247
3b639af3777f4c39,0.058024691358024696
b9f77a4295400abe,0.09528051258009064
7d646e2fd78953af,0.10095327394905454
4127b246e0beff6c,0.08760743866229097
2321d1fdb21c809d,0.3117987185497734
9936f8d7184f5e10,0.07583997499609314
e2e9ef0520d08656,0.18693545866541647
0aa9b948dc8766c5,0.1718549773402094
d96df85b5160b1a8,0.26594780434442883
3bef9584524abbef,0.7757618377871542
806989faeae50571,0.06118143459915612
6fedd263e1290110,0.7544460071886232
5762314e60a560e2,0.9785435224253791
748cd550549c514c,0.4743553680262541
58a8e997e2757de6,0.03167682450382872
c13887db4b2ded8d,0.7504766369745273
eba0106899e8fdf1,0.9066416627598062
a947c7f89cb176bf,0.9732458196593217
4ac4a17692a2a70b,0.07585560243788092
2fa4409e1b6a3d85,0.9062353492733239
a783eca691369f3a,0.5588685732145648
e6e45dc137aa0511,0.054461634630410996
c589fb4e517e579b,0.40878262228473206
0535f48557a68402,0.6629785904047507
48e423add1624f2d,0.7129238943584936
d20110b1a6f20e55,0.1494608532583216
739f7cc76c78d0bb,0.7569932802000312
2d439083c11f62ae,0.6490389123300515
0c74bc780e465296,0.20781372089388966
52294576789c8ec1,0.6274886701047038
99b2421c51d37084,0.14916393186435378
de49e465a4c970c4,0.9426785435224253
4c88fb93b8d12270,0.0758712298796687
dcce15e3b59d9796,0.15996249413970934
b8e0e09067432f1c,0.9242069073292702
962f882f18c11d46,0.37437099546804187
34753ee28116af4d,0.7204406938584154
7c71a6fe87ccd6e2,0.12847319893733397
7ff97e6a175132ea,0.4769338959212377
d84022bd67943384,0.5492576965150805
c270a677c7614aa6,0.28759181122050315
1266e1b58e87a761,0.7440381309579621
9fc631524aa3372e,0.26116580715736837
88da969d80daabce,0.8237380840756368
9c5cf1807334358b,0.34977340209407726
0e5706f9560fdbf7,0.37369901547116735
d9db7cf658a35e31,0.6051101734646038
38bb0629e63b6590,0.6312548835755587
726236f75c9de724,0.6488201281450227
47ff559912cb3714,0.2781059540553211
bd567ce69cb8cb62,0.19051414283481793
6b7338c16e1db627,0.10329739021722144
2e47f13eecf939c0,0.3320675105485232
7e001225afcdc58c,0.6162681669010783
b0ba287dc9f94b2c,0.5730582903578685
07be300260466f0d,0.11503359899984372
49e2abe2ca234745,0.8010314111579935
bf163922b4b12745,0.8893577121425222
aef9d385e9ff8518,0.75510235974371
3e364e82bc780650,0.9566494764807001
393a9aece2867c5d,0.4924363181747148
b0519105b55d4bc5,0.7662447257383967
c5a4b1418dc4e412,0.6461790904828879
ae000e40b4cdbc49,0.2772776996405688
bdb4932474ae13dc,0.9360837630879825
54ab20f1339d0955,0.24333489607751213
bb6cce3b0b6744fe,0.2531020471948742
0d04ac4d48d1e700,0.9615252383184872
6e3f51731aaa2c77,0.5201593999062353
783b7b163b234e5e,0.7864978902953588
bb6501e8f6ab95a2,0.11964369432723862
e5f20b7a540b7472,0.4376152523831849
726e2ec81830f724,0.862103453664635
e8dc50204900e975,0.09018596655727457
1334006b9c4f4ffd,0.8947335521175184
3553330b5c7e6092,0.6916705735271137
e1a3e161c8b2e221,0.3772620721987811
44e747740cb4260b,0.05360212533208314
00202304b4481207,0.7796530707923113
931eab5e85d6e3fc,0.17937177684013128
e4b8ca3da3eff8e6,0.35549304578840446
103e5a44f9c30ed7,0.5158462259728083
448d40536e9c5670,0.4869354586654165
1b4d4b42760e781e,0.8263791217377716
e0b110d4f6844bbb,0.7387091733083294
0d928dd7f13b92dc,0.6915611814345992
1bf6e2dae324cf0e,0.6647601187685576
b2a17e2a9337f111,0.9665103922487889
564d7ef8fb681d94,0.3884356930770433
a2088d882fb6d77d,0.9041881543991248
3fe22caa380445a9,0.6206438506016565
2b3c171024a98155,0.8529926551023597
2014d23cd7792183,0.6826379121737772
fc996643d63f02d7,0.25332083137990313
c8d5c605e447f4fd,0.48577902797312084
634298df42266b22,0.22405063291139238
5c8cbaf8b4d39f57,0.9380059384278794
a688ddfeb76eb78c,0.9522581653383342
85a12cd29f47007e,0.11926863572433193
a5e1a3f8e312e1a0,0.04103766213470855
29e076c93c2b7fab,0.8955305516486951
71b7b90e9a0b70ae,0.7080481325207063
11583aaab15330e4,0.04103766213470855
5b34705855c1c880,0.23950617283950618
26361ce2a06897d2,0.2636036880762619
2be888bcb74be336,0.3630723550554774
fd96abe884c43d6c,0.9005938427879356
165fc0b6a160dbd9,0.946100953273949
b8c8c114a79ff453,0.16411939365525863
e22746fcf084642c,0.08171589310829817
3fc60942cef4b9f8,0.8496952648851384
c78a85aab85debf8,0.562666041568995
9c2166227724c80c,0.13408345053914675
e0291b12205c2c68,0.8775433661509611
307b5de4b89748c8,0.0782153461478356
b83469a7d7ed138a,0.878902953586498
4726c5e084cb6f1c,0.7169870292233161
33795c308f648269,0.9617440225035161
d44b56532551df1f,0.8122675418034068
7db689f550f62666,0.42061259571808096
c64b1df6de24f982,0.17549617127676198
d9685a6aeee511e7,0.283356774496015
2c867c13048a2311,0.929895296140022
b3f36f5f67857959,0.3445538365369589
c8dbafacc0fb77d3,0.6653539615564933
3a1b2137777bcba5,0.08915455539928113
c9627e77fcbdd360,0.666651039224879
cf4f6641c91382ed,0.37263634942959833
fb519c3fdb753245,0.9748867010470386
035449e62c90677f,0.5468979528051258
5201d1bc5a7cf0ef,0.6460228160650102
01ef09b451cbddb0,0.5282231598687295
b98e367af7c0158c,0.0931082981715893
bec6844244ad0aa4,0.5754180340678231
ed82262b135c6e4f,0.8780903266135334
67637bf7061cb7b0,0.10820440693858416
96ef8b85b60392d5,0.934489764025629
fc1b0a61b9dd082c,0.5339584310048444
c408b4beae948cc1,0.3912798874824191
f26323206d284ed1,0.6121268948273166
9214caa6c1a0dc02,0.1896390060947023
591a28a3c195b6f1,0.8816065010157838
9cd8a8ffb7a9e96e,0.10753242694170966
7ce580a49450111c,0.2641350210970464
abccd8c43775abd4,0.19149867166744805
5c6acd44464d3db3,0.7495546179090483
b0e58b3d4a2a773c,0.9762150335989999
eff75fe4ffdcb49f,0.9419284263166119
06ac1908fb89960e,0.7566182215971246
6e61df7259588c80,0.5337552742616034
87752778bf4206ba,0.7132676980778246
2fecec0b55303222,0.3571964369432724
d57c0fad9eabe24a,0.7710579778090327
93cc7546b8c345e6,0.9518831067354274
eb76de6938c4c38e,0.6517112048757618
0e733a579e63472e,0.30314111579934366
e7dff8305acefcd5,0.2748085638380997
23423479e34fc441,0.8776371308016878
3f66f582c2bdc24a,0.48832630098452884
d312e4d7fce5fa01,0.6585091420534458
c04cd9fa54077b8e,0.31811220503203624
04b68ab2f6458e33,0.4973745897796531
35665b0fc6847811,0.7669010782934834
9028f284365c7863,0.46232223784966403
fa23926a88284b39,0.8478981090795437
ff5e27f506ba1ffc,0.6914205344585092
e6a04e92205e9e33,0.820112517580872
934c2e26775faaec,0.10531333020784497
35403697fd72709d,0.51161118924832
fdc814fd85f237e4,0.7988435693077043
bf4ee2f20859884d,0.25682137834036567
d2d10af48a354c4a,0.48220034380371934
a38e463e1b086d42,0.6919049851539303
ba49ce0117002110,0.4638849820284419
d5393f1776772d2b,0.523519299890608
80a6b6e9f65aa3ae,0.4714486638537272
d84698a77b768899,0.05319581184560088
8d09ae0709d01465,0.9137208938896701
0ac53b64e16a0efa,0.6082044069385841
a632a91a07ac8406,0.76741678387248
1f2437c787ad39e6,0.8987654320987652
beb116a0a3ad4f5d,0.8655727457415221
c38f343ecf8e9527,0.33403656821378336
d04bd8d61ac99c5e,0.31456477574621033
6a279faa81d0684e,0.4634161587748086
1b49b1154407ea05,0.49828098140334426
b71746f211be0a24,0.033067666822941086
bbe0b7fa6d60f17d,0.8647444913267698
c9117e785fa1cd68,0.11748710736052509
a700a6b3a689a18f,0.3846851070479762
d998a004d828aadf,0.7367869979684326
54cfb8bb56897eb5,0.8315361775277388
bafd504785d302a8,0.9097984060009376
3f45db97b95a3352,0.3265041412720738
2364a75ca729f899,0.8837162056571339
9387acf4770f549f,0.7548366932333177
a434422326289b00,0.0881231442412877
8bbcd05afad8573e,0.9637443350523519
82fc48f10b8d7cc9,0.25691514299109236
65dd24b31c0c4067,0.7025316455696202
b25ccb8b682acbeb,0.613814658540397
291117008b4408ee,0.6183309892170652
aae3422dfbb55bf7,0.5029692139396781
d436224afb38b7e2,0.5449132676980779
1287c0ffa2f14635,0.4115486794811689
4feb7edca163def2,0.8493358337240194
00df2416e72cdbc8,0.19678074699171744
e51c757048ea36b0,0.1840443819346773
59e45992c3fccfa8,0.6212220659478044
7b44475e4e2e3b92,0.8423659946866697
be457ea8112e2391,0.7111892483200499
1e4fd1293a611d2f,0.6079074855446165
343371989bd61c74,0.7631661197062042
6bb985812e990044,0.2846069698390373
c0be9996bfb5270b,0.4410376621347086
bb367ec1a239b8c8,0.6519768713861541
91fc9ee0920431a2,0.1345679012345679
82f2985fe6157914,0.25654008438818565
eaad7a9709bacd50,0.6408501328332552
1bb729bdda8eab4b,0.0925144553836537
35320f198f2157d7,0.17855914986716676
74cd9018fd2aa194,0.5056883888107517
fd091b5e49f8138b,0.4253477105797781
917e088d530b042e,0.9233473980309423
b0e606a7344aea7b,0.762962962962963
c220230ca6b46d2e,0.4646350992342554
2174f0850e20c2b1,0.10884513205188312
3bfea4a031f46e50,0.17730895452414439
22199945c8b6f01d,0.8715893108298172
efd4e993a8d94f5e,0.4677918424753868
acad3b0b2e72b212,0.6676043131739333
1a33438ea9b6ba09,0.44414752305047667
c9a22295bdb2b49c,0.97719956243163
0a24b5a0c164f36d,0.4226910454758556
12b662eae7ad89fd,0.3561337709017034
788a4a1a340ccebd,0.926551023597437
0b6ebec97e53c571,0.3622909829660884
be4269de80d8b34b,0.9725582122206594
ae99dff2a596c7fd,0.8575558681043913
1cc563af87248566,0.7991873730270355
95b03e2a8add3a08,0.5039068604469448
bde7f9ddcf827170,0.17962181590873574
e24c4af855561b6d,0.46350992342553526
a1ef8a44aeab6af5,0.9923738084075637
2bf2e0d5f713e9ea,0.06916705735271136
6585c55605f3d692,0.8363494295983748
4a44bfcf3c8bea26,0.044772620721987816
78a21d5aa40bf4bd,0.37643381778402873
d208a68d90d83d1b,0.4418034067823098
fabf07be02cadf0d,0.8030473511486169
3fc8a4ec51114a77,0.7210814189717143
d8da2f9a640f4e03,0.6607282387873106
f7a8212a941af65b,0.0029067041725269575
836c933a5cb4ecbc,0.852117518362244
e292f252eebf817f,0.42186279106110336
ae7e8b931e0ade53,0.8957024535083608
c937062a293ea0e5,0.10292233161431474
673793020f42eaf0,0.17163619315518053
531a753aa5a10879,0.2378965463353649
65613b893147c771,0.7773089545241445
a3609d34533ca6b4,0.503328645100797
c9eecf5329211123,0.6217533989685888
4e6d4f733588a212,0.758071573683388
95e0d5ddca2118d4,0.940084388185654
4b071534952c920b,0.3667760587591811
f333221664eda263,0.29573370839193625
8627e41026f74eaa,0.5671667448038755
789f4695cdd6a417,0.5590404750742304
908034eabc372b99,0.29301453352086265
984bfa387795ef76,0.7401312705110175
91c8e8e6f637fb1f,0.7309423347398032
363aeba9c072e960,0.8762462884825755
5cd6915b98d723ff,0.5601187685575871
20f027368dbc60fa,0.11548679481168933
a58841827e8017bb,0.3369276449445226
ad9e6a299aee4827,0.6144553836536959
fad46bf569ac7443,0.5850914205344586
0bdec115af64e996,0.6089545241443975
e78e15a02aa6163b,0.9633380215658698
94c1b40d53f1c78b,0.4676980778246601
c1dee5b6d55fd7c1,0.6886701047038599
502f0c8494138feb,0.047960618846694794
316c5e9c86bbb645,0.27049538990467265
c5624991cdcf670d,0.3264572589467104
e000077bf8c8b49b,0.5712767619940615
9a36d5ad49081233,0.11712767619940616
e4ac16a92daba7e8,0.7311142365994687
caf1ce5141ffb34e,0.08627910611032974
d07bf091bf998e0c,0.6041881543991249
f230be64e9f003ae,0.8683544303797468
fcfe55e0768ab257,0.20554774183466168
ad04ef9c94f25ea7,0.2671042350367245
b6c3dc163008115f,0.36022816065010155
2a0af6ff3489e003,0.3811533052039381
5c098958dc2a26c1,0.0701203313017659
a802f6f7cd6d7b2d,0.42348804500703235
f0897866ed523f60,0.6635880606344742
3c1071f1773cc7f2,0.005360212533208314
5fb77ed43c58e517,0.2374277230817315
3fbcf72648af3500,0.4044850757930927
64964fe3e34849fb,0.32439443663072354
3d3b19b2da76dc78,0.7969057665260196
69eb4e47c0f3104f,0.706938584153774
1b55daf09e9f129f,0.4264572589467104
853fa0b67eda4e6c,0.2187373027035474
636b3bfe96c8c67a,0.28904516330676666
51b24fbdde490535,0.2589154555399281
b80f84359d81c98d,0.6176121268948274
a865666aeb2b82d1,0.08607594936708861
08fd3d5f06273089,0.07477730895452414
cdac52f8c24b9616,0.8567119862478512
bdc841da585c4a1d,0.8444288170026567
8858154c3efe65ff,0.63272386310361
29f989d45429b9ee,0.7489295202375371
b97dff4909968aa8,0.07848101265822784
69c86328a89e4898,0.10615721206438505
2d50759601edb9c3,0.8065010157837162
134be78ce02d48e1,0.6492576965150805
53b540f7c8d16cfe,0.055914986716674484
76d2e83b30cca3f9,0.44227223003594307
062167d4ccf76346,0.916002500390686
84cc2a48661e807d,0.0907016721362713
60f1e251520005f8,0.6665885294577278
781115a32396b4cb,0.27076105641506487
4c1e17c82f4cc326,0.8412720737615251
b602ad5debd51028,0.7325988435693077
4d9da053a872a970,0.7423659946866699
95f7ebe4304bd2e4,0.9544460071886232
67a8207cfef9f011,0.8700109392092515
b1c3468185b9514e,0.7853727144866385
f80ccd7ace26ae4d,0.926488513830286
3ac147039aaf4499,0.27555868104391307
fe5cd175ea7fc09b,0.10190654789810907
9026d2936cf2bda8,0.8092670729801532
a4b0e01784fc7cf8,0.8401781528363808
43c462b48d97dd20,0.7285200812626973
e36d0189d20a7617,0.27404281919049855
43c3586991f4b403,0.29318643538052824
009e48f2b32be557,0.09101422097202688
a1689ef168f2f333,0.9262697296452571
dc310fc66470ab07,0.5420690732927019
bc654d187751fe04,0.48266916705735274
247e62af046a99a5,0.4970151586185342
48f2f9556bb2ad1c,0.6206438506016565
e604b921624a200f,0.7396311923738084
e46765e152f7daef,0.7385685263322395
3d183f0c812b6d09,0.6074230348491952
3a7275f9aeda8305,0.08001250195343022
1d994aeb47ff952e,0.2128613845913424
75dd9cd1bcd35d05,0.07696515080481325
a976b4932381b300,0.056586966713549
da2e39ced8c0afd6,0.1825910298484138
c77fd47bb1683f58,0.8489451476793248
ceeddee046f39ae0,0.11500234411626817
cc50dd12d1f23bac,0.5687451164244414
8b73f447d60fc992,0.5855289889045163
dba1029662f0c412,0.5181278324738241
ab65e0876504bba1,0.8045632130020315
00754e6b5a7298f1,0.2491639318643538
082f192c053e5283,0.15972808251289264
4cee8c7c13d1afe2,0.5763087982497266
9ea9e3c8cb3df9aa,0.29318643538052813
2caa75dd78c01d17,0.973152055008595
42ca39ab5466bd19,0.8600093764650727
939ed128e268f834,0.16644788248163775
e452cd65ed19c900,0.6597593373964682
e5ee2d79d0c49d1d,0.9161587748085639
ce0d423deb82f2f5,0.21954992967651193
3c30319ed1684972,0.5781684638224723
18968bda98628242,0.5394124081887794
9566631a173d48de,0.894546022816065
01d78d3ab164da20,0.24661665885294576
7245800926a4112f,0.649148304422566
3fffc62471c1f18a,0.7992498827941865
3b530b29e9f5617f,0.6859353023909986
65305594301ba50f,0.7319581184560088
593ee003a4981c15,0.5470385997812158
f79985b30220adb1,0.3258321612751992
60dd8dcd3a1d1839,0.8939521800281294
288aaae44688b015,0.8053445850914205
8a16369cb4554d3e,0.1671042350367245
4e49cf49f79e1181,0.8816065010157836
1a6026c94f49058a,0.2588060634474137
8c29813aa363f889,0.5768245038287232
5fcc5826d5f8db34,0.6649632755117987
b002c58138c724fb,0.19995311767463667
62a918db11ef3076,0.8965150804813251
8fb91f382ae2782d,0.9183153617752774
af730eb0035cf0d3,0.5587748085638381
546fef357d2bcd57,0.8589779653070793
c6129c4b99d7f4c6,0.6939521800281294
7596069ac38eadb8,0.43509923425535235
9560c8310cf23dab,0.07038599781215815
ca1acdabe94e042f,0.7286138459134239
521f9d2193473fd0,0.2811220503203626
617eda3b96abb577,0.420112517580872
8d735b59dd0a4270,0.9417408970151586
1b405139fc287a40,0.30857946554149085
e621733719a2d775,0.8884825754024066
95f4b0d76e779b43,0.8057665260196906
bd6a23cab176ffec,0.15316455696202533
3c5fadc2c957c7ce,0.905172683231755
37cae1b2dd3c1330,0.5573370839193623
0fc2ffbd9370b121,0.40661040787623065
b31de0d8e304eeab,0.8055477418346617
5738bf5ea59fcb0a,0.5794811689326458
402c7edae37bcf39,0.8051883106735427
1d79e32040c6b05f,0.8887638693545866
bf493f6f4a48b2ff,0.11358024691358025
8530681352913ce0,0.1083919362400375
c79cb0e184ac42c1,0.31456477574621033
32ecd92eb352979d,0.8045788404438193
c9a54261284070bb,0.10667291764338177
e6c2ba81e397e33d,0.29785904047507417
955bdf4fc9420404,0.3923581809657759
b180a78e50608ab9,0.43052039381153306
69484ff0bdf4b104,0.4838099703078606
8d62a01ddfa11fe9,0.8389592123769338
12c3df9b72ef96e5,0.1468198155961869
12ccc513557a0656,0.4903109860915768
2aaa9bc35f4acee2,0.9091576808876387
e31d14248a98a72e,0.7828410689170183
1058c1f47fca2b81,0.35893108298171583
02ab14036929f70f,0.5544928895139865
6880fd1518aecd04,0.5069073292701984
580068eee74ae5d6,0.07385528988904516
fedf1e1bd320672b,0.36222847319893736
d47c1d43f9dbdf92,0.3357087044850758
8a7fa6c84cb2b0fe,0.453258321612752
089bead0dc0d7c16,0.7248788873261447
3f12eac5d776ac9b,0.2829660884513205
2b55254bb421a326,0.590514142834818
16721efb42f49e40,0.9174089701515862
87ada6cbd040d527,0.5230348491951867
c5c4d8e14015f4e3,0.6674324113142678
5d499b0e085f025c,0.8157055789967183
183039182079fa48,0.8907016721362713
05d6c8a5d3db19c4,0.9296140021878417
4477fb4e0a476ae4,0.7460696983903735
3965182266dda565,0.5177684013127051
72bafef29554438a,0.578762306610408
1b31f23c3e55dcb7,0.5529614002187841
66c42c9008125f10,0.7411314267854352
5bf14b82c919f706,0.5615721206438506
2c7401c2798c92bd,0.42614471011095484
4adf517216b1dd47,0.11987810595405532
26348c70727fc713,0.9152680106266603
82c1c6b9b0ad498d,0.6038912330051571
1365ca92c2e04031,0.3175339896858884
9edbc98e397ab4c2,0.48205969682762934
1059c066d6e0626d,0.07197999687451165
af993cc3ac374b83,0.29984372558212224
f32194afe634dbba,0.735771214252227
29de97ac80feb956,0.5941553367713706
e5fb185d8c6181d7,0.4905297702766057
632347c0452d889a,0.860337552742616
35ad7b818afa2cc9,0.964666354117831
0e9b47d072e9f5d9,0.3724175652445695
4b2ee7a5a4d7d797,0.5791998749804657
793b579534d59c3e,0.5042350367244882
3b23c46e8aebaa25,0.7884825754024066
f68b741461469ae2,0.03383341147054227
79e144db8265864c,0.0841068917018284
09c4fd90bed2d748,0.8495389904672604
2215efb176105acd,0.704531958118456
b4a9877c6c234878,0.5309110798562275
529f75ff399c033b,0.7392717612126896
ad20741d26dac628,0.9526644788248164
abee4fe9fcb49deb,0.1571026722925457
80bf7ea1dfa6b569,0.6760431317393343
7d637676608f51cb,0.2551023597437099
79855154621f663c,0.10773558368495077
db630a696b94324c,0.5815283638068448
2c87f55f1bd853bf,0.14917955930614157
05466a89f589fe04,0.7892483200500078
073f9b06f7bf95f5,0.19399906235349273
d8c52af1d9a0ab94,0.16666666666666669
170df691b9758d76,0.5084544460071886
098c223fa7ac1f73,0.7006563525550867
947d4f80370f0b58,0.4112830129707767
66196fa0af9abe3f,0.7610407876230662
356513b3059ae50f,0.6377246444756993
a951ca23d4bdcc33,0.7344741365838413
defaffd4e20a4c47,0.1535552430067198
9aeb8ce75c56fcce,0.15160181278324736
0e52e6d570d8f008,0.07221440850132832
d177a330dadb2707,0.09203000468823253
4acf903d98d08aa8,0.995686826066573
673bd4205f6635b8,0.7727301140803251
17b635201a20862b,0.6535864978902953
e31cdafcb4337eef,0.19890607907485544
2f57ad23a2ad21f5,0.8181122050320362
8c76f3fa81c149a4,0.3941865916549461
7448092b980edcbb,0.8082669167057352
cc3891e28dd031fb,0.1789029535864979
05d416ef906cddf6,0.1862947335521175
d5cdb3c4f4965afa,0.26932333177058915
bc40575e98475699,0.10040631348648225
7227a9d91f309e1e,0.365650882950461
f83295ed727a429c,0.22209720268792
44f16ce1d7899c02,0.14333489607751213
219b4d22a5bcceb7,0.12175339896858885
5684d434bf545e82,0.14102203469292077
03d5ff6b9db6a1ce,0.4093139553055165
c402ad00c62dd803,0.2991717455852477
d384f2bb50d7321e,0.773589623378653
865ca8dbe8ae9927,0.5327551179871854
0cfaded78f4c55c4,0.7926551023597437
c1f9c03f1f673cb2,0.941865916549461
80784aef1b00a337,0.8095014846069699
2cc7c6c16592cbf5,0.304250664166276
f816697d9e23576b,0.40992342553523986
e0a3063ee410875f,0.34181903422409754
187c083474d62911,0.4829348335677449
32fe8606c8a5cb67,0.8936396311923738
e3b603a450f69271,0.17813720893889667
13ea25fe500d74e1,0.5006719799968745
3465f2b92e5411a4,0.15746210345366463
f84c04deab8f0a53,0.7571339271761213
ce64b825ce5f48e0,0.10682919206125957
a03d161faa6231d7,0.1365369588998281
7b73399454d06d9d,0.15925925925925927
726ce1fc6c05064c,0.6838255977496484
0e660e2441745329,0.3628535708704485
d4373d25e109dcb5,0.931801844038131
6c8ad2f1018079fb,0.06491639318643538
485cc002fda9b938,0.10542272230035943
840b1b00c51f87cb,0.01398656040006251
e7c9e19e247f843b,0.6113611501797156
4f97589fa05c40f1,0.8964369432723864
41919c492d55190b,0.8026566651039224
8fc6cb3936ed4ac6,0.5128613845913423
75e3076bf4b29ba8,0.3206282231598687
8357351f6977683d,0.5474292858259102
1a6590aa6c3d2a06,0.7917487107360526
6b0dae5047e0ba12,0.7031723706829192
6f8bc4fa3d91a3dc,0.3310829817158931
e4aecbadc139b9ec,0.43192686357243315
7616bb2872e18231,0.7984997655883731
f97102e411194f18,0.18502891076730738
4f25e4f4959ce4e1,0.3862947335521175
46d34ae6f3e900ba,0.5343491170495389
73e3288eeb552e3f,0.1792780121894046
e7010fbb2150676d,0.3493045788404438
cc2c1c680ac82832,0.0996874511642444
d025b02417a63fbb,0.5820440693858415
08070948781ecfb5,0.20240662603531803
2bdbf073750d4864,0.5897483981872168
2783928eaba81305,0.8176746366619785
51bcbc84c0f437ad,0.25736833880293797
dbecf7b9325b78d3,0.9692295671198625
39b3096dbfceade4,0.48051258009063913
4299599a54525066,0.8675105485232067
ccd92654fb1f721f,0.5545241443975621
ee1170819ca7d594,0.13445850914205346
c30ab4f74d33afa9,0.09067041725269573
40f10fad12afb51f,0.617283950617284
f4e63fba51ec3896,0.9287388654477262
60ad4f8eda2cf6d5,0.9536333802156587
4dfcb17aa4236952,0.6557274574152212
2e54d9b1b4e00337,0.26715111736208785
47a9e135733c2ab4,0.49282700421940934
4b3c22d3da587d59,0.5450226597905923
ef89abef9807c003,0.3005469604625723
e7530eb737c85931,0.3458352867635568
dea26fe32dbe26a7,0.6172995780590718
08133a148f3d4ed6,0.7982028441944053
d39b177320bf091f,0.6967807469917174
c2eeafe05948ccae,0.6995624316299421
73c8d1e2bc9f517f,0.24195968120018752
0dd4da33e5e18c44,0.5813877168307549
25e076876a1fb6c3,0.830739177996562
873d0ca47a7ce61e,0.6232380059384279
930d090798b9ad8e,0.6263322394124082
98e38baebfb97bcd,0.8030004688232537
9c779fba6fe0839e,0.06479137365213314
5bb1f9fc76a02c1b,0.40110954836693236
f83de39c4e518f6b,0.6784185028910767
10bbab1f08d2e6c2,0.06802625410220346
ffe63eebf605244b,0.930879824972652
1e55e67dbb9fa1ef,0.48759181122050316
e53426cca968ebd9,0.8148616971401781
51bba86dd8aaec50,0.7624003750586028
582102afed3c818c,0.2705422722300359
b280a8fb8ffb9bf1,0.5435849351461166
e8e7ee8589574a45,0.3510548523206751
228ac1a17bade85a,0.5267385528988905
2bb37b0ac11a0c2b,0.8350992342553524
5588a1f5d8da9c77,0.24070948585716517
a46d657f4c9bc8ca,0.3139553055164869
7373ad47c61f558c,0.9460540709485856
0f1fcadf13eee28b,0.7676043131739334
1f8603bf90774382,0.9184716361931553
b0dc746e7f7ac87b,0.41690889201437725
82107223b7ff9788,0.6119862478512267
a38cbc0aecaa644c,0.4421940928270042
61dbaab39e7dbc01,0.05403969370214096
85064aac24d665cd,0.06719799968745116
48be998c9a3000d0,0.5012501953430224
26b2daccb2b045e0,0.8985466479137365
95198d21e3fae237,0.2934052195655571
b2a2d7a18404d7a4,0.8376621347085481
6b178de020b8598f,0.34836693233317706
38c1b19633279892,0.6410845444600719
186d5468edde7455,0.9424597593373965
4f33d36d7b629852,0.514939834349117
b955eeaecbe25ef7,0.8270042194092827
39ad39dbe012b34a,0.9544460071886232
929e8e2af2403da0,0.3186904203781842
fa22cc093dcf1822,0.17232380059384278
f56ff6b1c2817475,0.3004844506954211
56b30f44349ddb92,0.5724800750117206
617dd77adea9e711,0.5904672605094546
4cd7a91de7bacdd1,0.6953430223472418
c07844f4e94ce116,0.9891076730739179
692bbfe3fde429f2,0.8296140021878418
6e8117bf11d2b904,0.36061884669479605
27efca94126fb8ff,0.08240350054696047
4d2a406b540c41f9,0.9640725113298954
5ca9c8756c163b0e,0.16863572433192686
c10aad8b54af6017,0.6180496952648852
60798b007f7b4637,0.3226910454758556
805031b5ab834e54,0.49195186747929365
fea6be92744b0c40,0.9746210345366464
284e4bea4a96494c,0.42620721987810595
4db0c35a634d4fb9,0.22647288638849822
351dca6bfd544a21,0.8922487888732614
c36cc7323d4f4de5,0.8463041100171902
78c350098097af6d,0.0512111267385529
1404eca61a3105b6,0.13467729332708234
2472a09a3e602f48,0.6884825754024066
5f9d50958df392e6,0.7208782622284733
ab8fde4ac70ac766,0.9568057508985779
6649908e57ee98c0,0.08846694796061885
6f6b426a42753b8f,0.3821378340365682
9f89dd1b9ea145e9,0.7798718549773402
d56cce1c1c4c9780,0.36721362712923894
fd794932c3ad58d3,0.024722612908266918
901c8562d025f79d,0.25318018440381307
2460966f3ca7d3bd,0.8072355055477418
41c6149d1848cad1,0.4080168776371308
2c948ba95eb3128a,0.851414283481794
0263f07afc6e71f9,0.1156586966713549
59520bb39396ae13,0.7909204563213001
096e1b740c779095,0.5724957024535082
13bcd446b5b75780,0.0785122675418034
82652e7aaa1e423f,0.08609157680887639
b4c2a047510b1d1d,0.0964525707141741
8e95fe1172cfd49b,0.5039693702140959
8b3b319f1bf34127,0.9035005469604627
8e876b9274c5930f,0.11848726363494295
74c8dbccca14e4c9,0.951273636505704
a13d2861af1b8b95,0.7154086576027504
3d0443784b9008d8,0.7239412408188779
30a6c22faea5d219,0.7928582591029849
8ccaf0cd13ec8d69,0.9384435067979371
ea79b75b6fa4e024,0.5556180653227067
df41150fbde2201f,0.5204406938584154
6bfaf27148ca783a,0.8446632286294734
016b24ffbde9f2e6,0.8493983434911705
c7f17aea0b57c810,0.10531333020784497
1974cb4a4a5105f9,0.5725113298952962
ed6fb2d892b20325,0.36668229410845443
029aa7e7739f68f3,0.31254883575558684
1499ced0a7fec031,0.36010314111579933
1da835ae2069715d,0.16549460853258322
3b48789ebdae6cf1,0.5990623534927333
b2501a34b4204e11,0.29318643538052824
4e1bde0d2fdb1719,0.5559149867166745
bd42c11dc1ea52c1,0.08207532426941709
dcdd441194892326,0.42706672917643385
890cf601bcb4d1fc,0.8336771370526644
efcfd07026d6f75c,0.7508204406938583
6e5921c9eaa0bbae,0.3975621190811064
076e6b937f9e0f1e,0.9617127676199406
fe7aa6148631a52b,0.3571808095014847
0204709b122147fa,0.19554617909048289
3bf87c4ce9af3343,0.09268635724331928
e5d3cf73e07cb881,0.7320987654320987
d79da024e674f570,0.5970151586185342
f137410611053710,0.5185185185185185
4b48a5ea7d8db38d,0.14483513048913893
6e5b5708c1bbde63,0.8137990310986092
2e21f1e2f4f0d11b,0.2517580872011252
2fcb7b875a97fd67,0.621034536646351
c9c50dcabb2aaebd,0.05324269417096421
ade709965be588c6,0.37448038756055635
e99ce68035fd1383,0.6566494764807003
9abdf47140639086,0.9932020628223159
c0370f3f688a69d3,0.9357555868104391
023ecf078fbcbe04,0.5877012033130176
9366b2145d9ffbaa,0.6615564932020628
907dcd98979cefc5,0.18037193311454913
1430d1f8417967a9,0.635052351929989
12cf954bc6f7953f,0.950289107673074
9f439978c3ff1caf,0.6771995624316299
3d566b52640665bf,0.9319268635724332
1da24b04359879c2,0.24652289420221907
5fb8e8cdc5a458af,0.5829973433348961
69f63de79af9dd49,0.7506016565088295
078cef5b5f6aff6f,0.7801375214877324
ee64ad3ef7cbc727,0.10087513674011564
30f789de29e44c84,0.9220815752461322
ed6dc35d0f6c3f4b,0.9524613220815752
24171dc6016596e0,0.5838881075167994
d9753be4a4ac4d5f,0.8946710423503672
08b18f56dc4a9978,0.5052820753242694
2fe99f58d73a842b,0.1438662290982966
231cb4b19f8ddc4a,0.032864510079699955
a0f57bb92842d2c6,0.32103453664635095
b451e5af95310e52,0.7775746210345367
4d5e3c273bff2df6,0.7046882325363337
69445874395ad7f7,0.13136427566807313
72d5eb4d04446c06,0.3736208782622285
676277c834acaafa,0.24431942491014225
345fac6fcbfce3ac,0.4553211439287389
77268d80339453f4,0.40737615252383186
0a3d332e3608b10c,0.937537115174246
3d3e247d278aad6c,0.9158462259728083
c6d0f1503380066c,0.5676199406157212
a7ccb8ff054ea663,0.7781528363806844
d3b3fd3963b35751,0.8203625566494765
e361e82e1559efea,0.7544303797468355
94f03a339108fe12,0.050929832786372864
0d6b47fe3047807f,0.5742928582591029
f0d2a9398458201f,0.24660103141115802
8189ef648444f31a,0.9232067510548524
b341aa9047a23001,0.37460540709485857
0b603f589ffe5334,0.9041256446319736
dfcd5836b6d7807c,0.9082981715893108
c69510f82760fc8e,0.3882012814502266
bc2b0e3b0279f394,0.12675418034067823
9e59359a937dc386,0.3282075324269417
9bd6fbbffc3029b7,0.3460540709485857
78533ed0a4d75031,0.6676668229410845
24d3b857d9ec7516,0.8258946710423504
d9f1874f6346d786,0.6454758556024378
6588a72e611a860f,0.05303953742772308
52fef00321899df1,0.8597593373964683
b3c2a81210323102,0.3102828566963588
c1501d30afd688d2,0.5265041412720738
2bd1f2fa8a7cdbba,0.27216752617596496
7472a7ac18cd8ab0,0.9515393030160962
b1dcab1c1027e375,0.34124081887794966
2add558fb5890d0f,0.23581809657759023
51a6b2ebff82bb8d,0.7028754492889514
3486d76917d26380,0.7466479137365214
7d9915dadeee6dc0,0.6548679481168933
1a5e5859e62a5ff4,0.04789810907954368
ba7cc06ca707247c,0.5234255352398812
3c42318ad81df936,0.14517893420847006
e7f32c62736ba8ec,0.3681981559618691
01970049a1d79ee3,0.8389123300515706
c34d08417ccc14e1,0.7139396780746992
dd08d7511ab95a7c,0.5223472417565245
147c9ed162930636,0.7867166744803876
4d55d8c7e32d9a9c,0.4481012658227848
1df22e6d0f4be856,0.5382090951711205
29e5cfdbc9735f7b,0.7792780121894046
529dfd620d6ee22a,0.4153461478355993
22b829fba260c24a,0.2863103609939053
712c502ecc45cac8,0.183356774496015
2806f2b7f968844a,0.7300515705578996
1ff716c957da8f4c,0.03852164400687608
33a651d1e2266900,0.8243944366307235
01aa41460821647d,0.49935927488670107
2728591ac3aaa7f9,0.8780590717299579
62153e0ba99bfdc4,0.8685263322394123
a336835871390b27,0.39081106422878575
66040815dd14bdc6,0.3893420847007345
e0d8f324ffe3e925,0.6550085950929833
e7d245b8d234167a,0.25025785278949836
b30acd5fe8990b03,0.7401312705110173
8b87df65e3f61018,0.6019221753398969
92d913128fc856dd,0.5091264260040631
c1aa97bf3aa49c01,0.2483513048913893
37b85ed57524087b,0.9260822003438037
fbbd2368a21a9e6b,0.5339271761212689
39795c53fb16d719,0.41678387248007503
6d637bbe837caf77,0.7343022347241757
ac09426ca8b44dc8,0.7637287076105642
0007a5bb7310d604,0.7406313486482263
f8c5400d321751bb,0.948523206751055
5c5d74b2ed3fe0b2,0.10451633067666824
a0d70afd5aebab39,0.5442256602594155
dab67f5669ab1b4a,0.6712142522269106
b094a6aee2983e4b,0.5358806063447414
76eceb39e4bbf598,0.6148304422566027
08792ceaef2278a0,0.3381622128457572
421639eb32096298,0.7705266447882482
3732446a2dc0ff2c,0.3183622441006407
f42e7bbaae983e33,0.6828410689170182
1d7a33be5e41401e,0.51118924832005
c94efe294bf687bc,0.9131895608688858
54153bda194f6353,0.15908735739959368
275f14633d4a7de0,0.15419596812001873
7a750521e7810b4b,0.8979840600093765
b94bc2b4bd62e236,0.6365994686669793
3c2076842f11afcb,0.20206282231598688
53c3d245534bdda0,0.053070792311298645
bee1ce38b4653a33,0.2009063916236912
7fcd7a8a7c44d7f7,0.17841850289107675
60fc2edd396bed1b,0.5804031879981247
df7a1a739d1e3d31,0.879746835443038
293173b622ae6047,0.5331145491483044
c18a9f29b23ca49b,0.21479918737302706
4497cca94390df91,0.3857477730895452
40d9096835771f2f,0.93356774496015
ba30e997b8338d76,0.8819190498515393
56d89283c0f5c7c8,0.3799499921862791
f460984ca4f4f1a0,0.28037193311454917
63585cd6e35862a2,0.3163306766682294
26e41712e705d5ad,0.7239881231442413
0a056eacd56539b4,0.11125175808720113
9060dd63376b8616,0.507719956243163
f11e51ec27009738,0.7355680575089858
d0496dc870887d72,0.7764181903422409
65fef6d3fb26ca70,0.10043756837005782
a586684b41fa9769,0.22386310360993905
3bb2f0950e70a234,0.6522581653383341
6c6a97e3ad10abbf,0.7760743866229098
ede33053b334b03e,0.5737615252383185
0dfab1673fe84ab2,0.26394749179559307
f65b0230673c2e76,0.5469448351304891
5618ac6872992ff3,0.962103453664635
77febd71dc7777e6,0.9008438818565401
7f54b45c8c0b9310,0.9203000468823255
9273e3e5412cfeae,0.7446007188623223
52087475796918f7,0.2859196749492108
643455f14aa1df04,0.07223003594311611
d1b24b005a16d2e7,0.7382872323800593
88788f98d41f9611,0.849992186279106
bbbe50af555f1d68,0.5957024535083607
1bfe964817713a25,0.8357868416940146
40d6df07da814020,0.6760431317393343
8a96d0eccabff7b3,0.08230973589623379
439300a43f735490,0.055086732301922174
bfaf88448d1869a5,0.7420221909673387
1eb331ca2d61f16e,0.7242850445382092
5ad8f23386d2ce42,0.9196436943272386
69ddf95fb1e28199,0.8403813095796219
6c224fe2f90a4ac6,0.41070479762462886
7d2d81f3b2e16bb2,0.8703078606032193
306bcc14dd7bcd69,0.942069073292702
db0b579d4d6c3202,0.033239568682606656
5e7670a553fae63c,0.7029379590561025
999f8c054ed84981,0.30242225347710583
645969c8fdeb22a1,0.012423816221284575
6158cad9f5117a45,0.39757774652289424
3717d43b0bfbe61e,0.699796843256759
8ffc981637d61bb9,0.2483200500078137
8b934f4c25070ad8,0.42359743709954684
15701cad20890a02,0.443975621190811
4a22e527eecd22b2,0.7804031879981246
6b7e69ddbeb27f14,0.8487576183778716
c44f66a5254d5ede,0.9470385997812159
1dd06cc994df91c5,0.8409126426004063
43da23e0c905b332,0.55510235974371
cef6bb5fbd6d7d4c,0.0829817158931083
74e65522686e974b,0.41379903109860916
b2ec41e4d4e17991,0.3424597593373965
7adfda5837586ee5,0.4643694327238631
7be7cd83da184778,0.5539771839349898
331453c919db4a8a,0.17202687919987497
1ad90b2ad8ec5751,0.09474917955930615
06f305aa47e1f3e5,0.8605875918112206
5d77b6a032a98222,0.5451164244413189
2fadc388cbe136d8,0.07176121268948274
3a64f59d79eebaa0,0.47158931082981714
e9d4d3a03ce54237,0.7894358493514612
5bc032bc2d4db536,0.2369901547116737
42afab27f6d63b09,0.5985310204719487
0ce59aff9d61ddc0,0.7696515080481325
c4b23b3e64f8fa59,0.10528207532426942
df5826f4adc2407c,0.6421003281762775
1006c7d207337c5d,0.2518674792936396
74f20f15f7388f9c,0.10929832786372871
e8c69436b1cb3320,0.3364588216908892
609680f04da9fb46,0.0966088451320519
060d99e1fde9dc79,0.07499609313955305
6555f0c293c5a1f9,0.8136740115643069
cc835ba475e9656e,0.6230504766369745
960c65dd29d3417b,0.43614627285513363
c7596c71a0f505bf,0.08585716518205969
3f3297df319604e8,0.5853258321612752
21c886bdfaeba657,0.9189560868885763
4c47eb742008376f,0.6203000468823254
0360ab7e3c03e1d6,0.36158774808563837
106e8c5cc993ce96,0.5622909829660885
3f189ef767336273,0.6807938740428192
d87c2b5ea60e2e70,0.1911548679481169
924a02ba0ace2e0f,0.17940303172370684
e0a93aee5351fc40,0.8100640725113298
60036012aab0d68e,0.6422566025941553
92196298fd1f0a2c,0.5225347710579777
2c9507cd32c0dc32,0.1371464291295515
f138d3401d1ef8d3,0.05660259415533676
0550e84ce3342ea2,0.9363181747147991
433b7b91aefd0d89,0.07996561962806689
2f084abde9824f95,0.2202687919987498
aec34c208a4086e3,0.9269573370839195
77832263f798d3db,0.6264728863884982
423646a4264a51ea,0.581872167526176
99a11463587499b5,0.8578996718237224
5666dcd2f61e1fdc,0.493342709798406
414bb3e31a06b128,0.9443819346772933
9825bfe27f61ead1,0.49434286607282385
3e8b0ac764ba974f,0.029614002187841854
f494e58fc4f527c1,0.3603688076261916
4b3ed9d300487cc2,0.7376152523831848
064d5daca103bb1b,0.4685107047976246
1a4b5aa55f664cd7,0.38867010470386
65fae5433da58938,0.3548054383497421
77df36f32951641e,0.15202375371151744
2734faa9175621e1,0.9145022659790591
6952ae6c0325e147,0.07538677918424753
bc49ff32a733b5b3,0.6470229723394281
ddb437f22bdce5ad,0.9287544928895141
ad2ca89540526e80,0.9340209407719957
8eb86976f1f7faeb,0.9028910767307392
351b2cac3bb60649,0.8503984997655885
f3685748a7717d4b,0.08340365682137835
af64f4a787a28c01,0.23602125332083138
e41d8e72f6a6da64,0.24867948116893265
43199fd3cad0d080,0.6614471011095484
08639490dad5a32a,0.9413502109704641
251545c20caf2d9a,0.5407876230661042
657fbf140a397f3b,0.47263634942959837
d28dd01372e08f90,0.6192842631661197
fb9bccbf5affc835,0.08280981403344273
0c3e0f0e422bc214,0.8342397249570246
b6fe616b3ee4f983,0.5851226754180341
1a05d9b0ab2c483b,0.41175183622441003
be053c37d8d326fd,0.4899203000468823
b0cc45542dd09eba,0.4135802469135802
0d1c9ebdc72b57f6,0.4832005000781372
926a38d305ede2ee,0.9018440381309579
381047d838351f95,0.3495546179090483
5afb977a1eeba5b5,0.3268948273167682
1ef7c785c8633cc8,0.44903891233005155
2f0bd78e22c8874e,0.8360993905297702
2765e2bdf659e633,0.051492420690732926
31756eaf193dde51,0.25974370995468044
ba5f5a3df72c6be8,0.9278168463822473
90e87591d24ae44e,0.38612283169245193
f9f063e55d3db8b4,0.5613845913423973
3ef90711b7e5d86b,0.8588373183309892
ec0a6ecd2422c215,0.8100796999531177
2a75009bf5006a5b,0.2679793717768401
9edf622febac0e4b,0.6539771839349898
9cee551773541f4f,0.4865916549460853
2a07f1c2d7378d29,0.6221284575714956
aacdb09c08c9a960,0.09521800281293952
df9753fd02aeca78,0.40740740740740744
ecc853e05f1891ac,0.6620253164556962
859bd8582d3d2811,0.5179246757305829
a124273d56f60796,0.4443975621190811
9cd33034524d6b66,0.462322237849664
9e58973154c42431,0.19659321769026408
fe78518186335668,0.15147679324894514
0c195b45f68a8952,0.30907954367869983
bb6b109cc9317218,0.047241756524456946
a58342d3aee051b5,0.34696046257227686
48f975291ebf9397,0.9285825910298484
672604676c29d735,0.7501797155805594
144b0a7e9cb057ed,0.8805907172995782
02ea6c1ef4cf0b61,0.0595249257696515
fe3c47193f742bd1,0.25635255508673227
782fd306b790e8b4,0.4653383341147054
53f0ab0c206a7f5b,0.8485857165182059
2d15bf73a2700357,0.3954211595561806
569b34b568032161,0.8653852164400688
d98474765b2d7880,0.6293795905610252
f3088caf81ec54f5,0.959853102047195
884de3bae564118d,0.9373964681981559
5b62a55571d795f7,0.7927488670104703
e860976e6aaf78f3,0.3232848882637912
bc5f8d0b2f9683ba,0.07723081731520551
92555d85c6369cfd,0.9403344272542584
189861fc294e0daf,0.5719174871073605
b8212e2222eb4313,0.054117830911079856
53afc56ddcd63d8d,0.6254571026722926
0592b0cab7becf5c,0.5506641662759806
ac4cbdd76a84da91,0.35388341928426315
f2eeb139d518ca60,0.6459603062978589
e02fcc8b8b63c0cb,0.32272230035943117
a7f194a18e15e185,0.42072198781059533
b9b57b5beadd1490,0.7878418502891077
357c4988d289017f,0.3696515080481325
f0d98c09bd71837f,0.7052664478824816
b1c0df4bb0c82383,0.6394124081887795
5bb361813a233522,0.22917643381778402
c3eeda7b200e2c92,0.32933270823566185
db0460b8a23a94e3,0.5273949054539773
3c80f795a35190af,0.15486794811689325
ecf5824d8b392491,0.34730426629160804
5fc7a11376239e12,0.05213314580403188
2008fba1ef946ecb,0.7555711829973433
e2aa59fe541e0ac8,0.3062978590404751
09b5c7802e6b561b,0.12806688545085168
988df0719acbb76e,0.5420534458509142
48d79ec301d31948,0.4118143459915612
d288ed9b89b3675c,0.38337240193780275
75abd1caba2694a1,0.19140490701672136
3660f3c735d8a187,0.5178621659634318
0440ac4598276f6f,0.919471792467573
836bbb09e4831df8,0.49798406000937645
51432ea27e463eb4,0.30920456321300205
3fd99194e4efb12e,0.24752305047663697
ef1b4ca1f2c1e357,0.19853102047194876
70c464af7e1cea4a,0.2025785278949836
54c64f47d761f86d,0.7856383809970308
333dcb05411a601b,0.3037818409126426
11861d1571dcc3a1,0.29612439443663074
20e00d08f625d409,0.7521644006876075
8574c4f5b2db8c92,0.7028129395218004
95feb433faa8520b,0.833927176121269
1dd496796a5dadff,0.32212845757149555
c1c248e8483e9ef8,0.3238005938427879
5e0dc0f0f0ea48f3,0.28465385216440064
7ecca4d6c9eac123,0.4301453352086263
58dbf7650b2286e5,0.18118456008751366
4c62224901fd183c,0.6127676199406158
affa636fe0cafb15,0.8091107985622754
c9f2c416d003a925,0.031911236130645414
c19024a709757f11,0.3526801062666042
d3444b15af3a9536,0.5596343178621659
2f54cc2167b0cfdb,0.33167682450382874
d974c7d47092679a,0.36868260665729025
1f04a25da2b17ee9,0.7510235974370996
f133299dc49c2bf2,0.06288482575402407
9542ec8d29575b20,0.9072980153148928
6e476b773a15e2f7,0.19492108141897171
c468f0fe05876276,0.3102359743709955
1bdf15bc47508221,0.6045163306766682
687b1d6eaf1bb287,0.7526488513830286
fc8590ee9d55c5db,0.14647601187685577
a4379a3efec7361a,0.07016721362712924
30a2e56d4d608b28,0.5968276293170809
4b400d52635e28ff,0.9741522112830129
992d4d4846551047,0.8708860759493671
b91c089133d42f62,0.3727926238474762
c98879c523da912b,0.11789342084700735
7c8f510d8af822b4,0.7611658071573684
9d674a6212b3431c,0.13933427097984058
d3da05b2f284cb87,0.5355211751836224
853ab873686c227e,0.857649632755118
ee0d55e13012503e,0.08471636193155181
fed761caa06202e1,0.24281919049851539
7750406f980f78c8,0.7414752305047663
e8770d9a28fdaeaf,0.9590404750742304
4025856444b9ab51,0.2980153148929521
1d0cc87631f52974,0.9693545866541649
f87d2af1aa151b69,0.6097984060009376
e2746f6359714da0,0.36018127832473823
6b20c519964ca8fe,0.3802937959056102
ac0ef70a6dbe1ce0,0.10340678230973589
29219b6baa3ffa60,0.5612283169245195
ef5245dc0733939e,0.44988279418659166
26d625d3997169dc,0.18967026097827785
ff9580c0b2b1a370,0.7167213627129239
bdad383d41eac454,0.015268010626660417
a6bebd6247dce4a2,0.8376933895921237
846ab5063b60d099,0.970823566182216
1e342d4cd0cd2bac,0.5301297077668385
b111d554bd56dcf7,0.5487576183778715
9ddbb649643fc0ee,0.8656352555086733
0dc9c8998b42da67,0.8360056258790436
80444594c0d4b5b8,0.40678230973589624
9bf8b2752ad4d752,0.7644006876074387
794812675f553fb1,0.7008282544147524
c60c7cf09844c202,0.40937646507266756
06559b4012a85953,0.14256915142991092
dde7362e34a81ac2,0.4078918581028285
fa1ccff8a7481b47,0.8457102672292546
89c1eb286bad23b4,0.04927332395686826
b389067306356b78,0.6018909204563213
a4328554fc4a45e3,0.7607594936708861
fe2ff0422ecd1440,0.42623847476168153
e1f0e9e0dd1f6a8e,0.6275511798718549
e431bdc8db1622e3,0.6671823722456635
54d5ddd4fde3db7e,0.08801375214877324
d6a2262fc314d2a8,0.3799031098609158
e7039d9ed0ec0c39,0.08799812470698545
357fb25344e0d8ef,0.3694483513048914
8479ceedf945cd0b,0.379246757305829
30e12f447d932d19,0.7812001875293015
a33acfadc007c5d3,0.852555086732302
32b72fee7f2bc37f,0.4584935146116581
e2ef0cf7c0138e95,0.8370995468041882
c53a5098d3feab43,0.7568995155493046
2d1a504956a9bc59,0.05925925925925926
5b9d63bb61f11842,0.18185654008438817
f8fbcd4440a074e6,0.5581653383341147
c18b0ab8490d1c66,0.37516799499921866
18cc6b0ca558d790,0.972651976871386
c78d6d8adb708879,0.2643225503984998
928fe114a90feded,0.6907016721362713
806b11fae1f6bd45,0.2933583372401938
ac8d5b4456a25f98,0.13323956868260667
0de3b4e998fb61e4,0.07493358337240194
0344ee3e70daaee8,0.7556962025316456
9459a694f708e7cc,0.04713236443194249
f8f24bc3cf3562cb,0.3045944678856072
fca0d01a476eb58c,0.29646819815596187
ef25fb3354e1c732,0.6717299578059072
83ce56a22c714f81,0.8064228785747773
781864846ec190fd,0.1629160806375996
99c27791616e6a14,0.5811376777621504
f00a56545441ae1e,0.1795124238162213
160c77c56d0bc3b3,0.18215346147835598
6bc7f7e6a8dbe398,0.4633380215658697
565c31dc34339cb6,0.7936083763087982
d47a57dc58d8cfca,0.5648851383028599
7d91fd093f331634,0.9326926082200344
a33fd6143896a064,0.15999374902328486
af6776fae916125c,0.892842631661197
eb63791dfd566fd7,0.7139084231911236
fd94632e98a57fd7,0.8402875449288951
7afa48755b2905cd,0.9326144710110955
cbfe89a23b516339,0.8381778402875448
bc9eb4d602b27458,0.4568057508985779
fb8b7e3482eaa33f,0.46161900296921393
0d172dce11eeef53,0.04139709329582747
6cb7efe2f15a8b1f,0.36096265041412723
0b234c8955fa5560,0.37569932802000316
1564bc14da2389b8,0.718768557587123
11d440c4ffeb2e60,0.27305829035786844
fa46240b99291663,0.6709329582747304
52eb5978e0a48397,0.912392561337709
bb2cb3fc47f785b4,0.8045007032348805
bd402ae2e81bc456,0.1341928426316612
5b2c73c3c2fab67b,0.024019378027816847
558785e2cd64bd4e,0.6884669479606188
d8d0cdd0e630be6e,0.9260509454602281
54a5cf67504e37cf,0.7643225503984998
b7225c4787addde6,0.13141115799343647
2e444cb3f4217098,0.20323488045007032
ae6ea7b6c44fe6f5,0.6718549773402095
8917e3ac1e161b77,0.40268791998749803
ca8e1b8f4b045be2,0.9338802937959055
b16a002c43cda488,0.8804344428817003
38988311c0c8e2b7,0.9106266604156898
40ac9a289f991b8c,0.6287076105641507
83dbe87c0f3ff118,0.4203625566494765
d8412746401ef6ff,0.19396780746991718
95a1b17435300c3e,0.5107047976246288
9576e0a63d76b324,0.39268635724331924
8e43c1faf8514a42,0.02162837943428661
64462847893bb0c3,0.6278637287076105
2e8d60596fe0288d,0.03764650726676043
e3064eb18f25f417,0.8853727144866386
5c24da1b9f2ac392,0.011204875761837787
ad26aaf8f4bdaf41,0.7288013752148774
a21097bbd8645f25,0.13500546960462573
cffe1ff942479449,0.2006876074386623
39170ff154aa8058,0.7682606657290202
0e2b77f6fe4d94af,0.5903578684169402
4fb4ed274c87cfd9,0.22028441944053756
dbe218b606bf3cff,0.5392092514455384
b1ff3f405ab15e62,0.5374902328488826
b77bd0eb977bfde6,0.05225816533833411
c65c01d13c9051fb,0.8899984372558212
9f7d2bd32579e9b3,0.2902015939990623
1d42bbb95380256d,0.8104391311142367
799c5bdb519f3962,0.5270198468510705
af54b26cbb15ae3e,0.539021722144085
9ce958c47b1e7d3c,0.6816846382247226
d39bba0520b226fe,0.48723238005938424
c4923735c16e8881,0.01062666041568995
43506b20fd8ac430,0.3513361462728551
685b0ab35ff084e8,0.9401937802781685
03212fcbf4fcc22d,0.9287232380059384
7aff26a87411e8ee,0.7219565557118299
9af789cec1453f89,0.0748867010470386
41f2ebd04afb728d,0.782294108454446
a3a3009c55baa210,0.9653227066729175
688382bd40810598,0.42258165338334114
42cce10beb6c55b1,0.19248320050007814
59fe211f9aa2b83d,0.81175183622441
86466c925086fe3c,0.8335989998437257
cd36f54626e83a21,0.26985466479137366
ded728c05e20539a,0.7927019846851071
0c7fd3a164040b3f,0.9497421472105017
614f526f552a972f,0.3240193780278169
cf076cf42abbd2a6,0.2941865916549461
e20135d1136fb289,0.2916393186435381
2b40340f15b07950,0.7980309423347398
92ea7f3ec80af25f,0.776558837318331
1de6db095fe81c3a,0.8289107673073918
e13432ce761076fd,0.41208001250195336
ae126eb3da41487a,0.04688232536333802
05436df37c119ff6,0.6089857790279731
b9203ce854a26300,0.6690576652601969
e39f8336b7fa1f6e,0.757368338802938
2d031b0318ea5a02,0.38909204563213007
54304b5c419290ad,0.2706985466479137
e9b3e8a0a4077e28,0.06882325363338022
1dced917867d765e,0.8746835443037975
c004a070a93054de,0.8006563525550867
3fa194a91f4562c5,0.42298796686982343
76d5a2300ca56933,0.1142991092358181
993bd3c445b80c92,0.558352867635568
16eff5adf0cf07a9,0.8814345991561181
19f4c91cd1038cc8,0.1457727769964057
4ace42dbd199d1b2,0.40995468041881544
8232534ba45ef07e,0.5867010470385998
a2eb06ecbdb56bd2,0.14827316768245039
e33ca091fb503e03,0.5369901547116738
8b65603997a5d0ae,0.17249570245350837
c4702fc1a3b838e1,0.3142678543522426
0a2ca915437c9a04,0.2827629317080794
6e4d60a1e5913350,0.1423034849195187
0eb4def034c0e542,0.9373495858727927
0dc7bc6ce45f37c8,0.10362556649476481
69c1bc9b1691880f,0.3066885450851695
249619e3bba248c5,0.6099077980934522
8a0925f386616243,0.3519768713861541
c609c9019d1d7b32,0.8667916862009689
dea132cdd56b9c8f,0.8994530395374276
24c6ff18b883edd2,0.9076105641506484
06ea151cc4ea5974,0.1144397562119081
dde1072c2340c07c,0.0317705891545554
bf6234d11406ea49,0.3201906547898109
610c0fee53d0cf9e,0.7898890451633067
fc0691273040fddb,0.8061572120643851
46bbaf2bcdf5a362,0.4948429442100328
6f4198d004803569,0.3236286919831224
3f726ca9a49e022b,0.18329426472886387
2263ab08ec01d546,0.26218159087357396
dc2a61d22023b42b,0.9420221909673386
9cb03c429bd54976,0.10160962650414128
d3d5427c6c9640bd,0.8536021253320831
a356aac05b7d44bf,0.30784497577746517
2c28820cf1ae8254,0.8334114705422722
cf49994228b74e3d,0.33950617283950624
ea984ee0501b30dd,0.6154711673699016
3639d96562366ada,0.10706360368807627
007d989968211b0c,0.4882950461009533
47b004a1df7ac9c9,0.5972964525707142
f09cbcb79049a436,0.9011251758087201
d3e17fc998bf6787,0.6184091264260041
0c6c8663f624c58e,0.1128613845913424
52720efef03dc54f,0.970604781997187
c6a5cca33f57da61,0.29170182841068915
b1208369a0074122,0.22758243475543055
b0563e971ad0dbda,0.10834505391467417
a0bb9373f1dff1b6,0.8682294108454446
607b5d747f350fa9,0.8488513830285982
8945214e2c9cda71,0.7601500234411627
7fdea294906af44c,0.9558837318330989
1f3c2f31d844d10a,0.15571182997343336
248eb5a4a5179bb0,0.9666354117830911
f7522ca250fc8477,0.24822628535708707
3ac3d9675fc09e64,0.7537583997499608
b65116a131be84cf,0.8617440225035161
7cba939dfaa4fb1c,0.88895139865604
4e484a321de70373,0.7590092201906549
48c00464ee810da7,0.6861072042506642
11c760a8108e0ab5,0.7518831067354274
4ece5849758d2bbf,0.4947022972339428
2d34cfaba66dade6,0.949226441631505
597b3aa023ec1731,0.1373652133145804
65e095698c6b2018,0.7921081418971715
d4685373bfa64d8c,0.33702140959524923
b2a24aac339b046a,0.4943116111892484
d018e1502c830522,0.7505391467416784
b4a5d705266bfd48,0.3374902328488827
1bc1ad21db736edf,0.2513674011564307
3584862144963b16,0.36074386622909826
64acc3b4a0341a38,0.06549460853258322
ae1b7c2913418b6f,0.03628691983122363
5ff184c18b029b7c,0.10837630879824972
d407cc2c1f68ef5b,0.9753242694170965
10610f40d2c4beb2,0.12400375058602908
a8e72b280bf38b81,0.21208001250195344
4802ee9701571a2d,0.9486794811689326
c0ba503ad79cb130,0.9259259259259259
a428e18a2571696e,0.5532426941709643
d973ea3bf88a0f3e,0.8322862947335521
cca48a6fecdefbfd,0.5752305047663697
387eb4b1c9690ed5,0.2581184560087514
f9b045f246df515e,0.7204406938584154
b8aa274fe0062de8,0.6784028754492889
9d67fee3adf9e1fb,0.9342553523988124
3196cf2ddaa8893c,0.8514299109235819
c6cb67394ff79930,0.411970620409439
b713b9f13a1a825f,0.3258790436005626
0c55301e8a9a0e8b,0.7505547741834662
06cf6a66edc51d64,0.6994530395374277
73877568d5adcb7f,0.09831223628691982
6e713b6c6d9ff701,0.8508516955774339
35b98290788b0e15,0.9174245975933739
c1699d21d21f249c,0.2248007501172058
4d4b1f0d9defbbe6,0.9145804031879982
c1eb4bc9fb4e0c7f,0.7474136583841224
ac64ea4bb93cb2ae,0.9098296608845133
a6c0198d0ade9eda,0.5642444131895609
4ee5d36590d4f29e,0.5999531176746367
39d7718a5529cc62,0.05699328020003126
4f6e36e222d122b1,0.45875918112205033
f7b65c4533428cbf,0.793342709798406
32839e57f8e1ec72,0.4675105485232067
0a631a26c3a1a8ef,0.8011251758087201
42ae365efff05b84,0.4105328957649633
aaf16c83ac07884a,0.5586029067041725
e3fe57ec38bc0cae,0.3605094546022816
a269d748b94103bf,0.47452726988591964
29320c0461eae48c,0.07116736990154712
98b75056b390e87d,0.7850289107673074
a18aa53890bd84ac,0.8995468041881545
fc5a2a2354cb11ed,0.13117674636661977
912408725cfa628f,0.5911704953899046
6453b1a068b68ddb,0.8852633223941241
d95e854d614ff5a3,0.7288482575402406
85a79337144b2a84,0.3447726207219878
b5e18d3eb66f6250,0.05322706672917644
3b90fc3f1087e3d5,0.0375214877324582
36f89bae0e5df26e,0.47718393498984224
7de9a21c9a6df7bc,0.8252852008126269
4ad662d48155a76d,0.6172214408501329
1016d05cc8d07dfe,0.5946554149085794
b0a028857d9a81dd,0.5496327551179871
c7da65ddda5ab002,0.7859196749492108
8faf1048140782ab,0.6903891233005157
d0f1cbe5f5c2cc97,0.7917643381778403
766a85256e2db000,0.13899046726050945
83f8495a5ff0fc2d,0.07710579778090328
a57ac84facc6651c,0.8945772776996406
3e18333d2d1812a0,0.10667291764338177
2e2c93c0b28242d7,0.901484606969839
290025e556e7a964,0.3851539303016096
34abf7197c7817bf,0.702265979059228
4c990af23095a8ad,0.8015471167369902
b30f0e7ab6ef02e6,0.4830129707766838
955f054ef8ac2a98,0.8645413345835287
efdde8377abe8fe4,0.7778090326613534
cbfaa9b940f4c2cf,0.9079856227535552
51e64153531937a9,0.6959056102516018
3b7b80317148399b,0.7043756837005781
b1de8383db45dfc8,0.5732614471011095
0d3f9429ecf4d4c2,0.18215346147835598
c4499c39e29ecf53,0.41928426316611966
7800f7a3f936332b,0.2511954992967651
b837532e3fdf4a50,0.532505078918581
c681da0099cefd6a,0.2092514455383654
c7acb3b5705e68f2,0.16690107829348336
7072f5cd32c791ed,0.9430379746835442
00b5216b2f2dfa33,0.9993280200031255
b2ae02f82d15b4ad,0.6428348179403032
5ddd4c1db54b9114,0.6861228316924519
3e6fa59b53549aa5,0.4449445225816534
6b853eda68180bf6,0.9231754961712768
0ee247af650122c3,0.9662603531801843
9e2c6c5193f21067,0.19965619628066886
6cb5b3e20565dfc2,0.8029535864978903
dedaeeed301662dc,0.22692608220034377
7244a91f3ecd611f,0.030160962650414125
d5447b494619e05f,0.4947491795593062
d114e64d8dfca5ca,0.07754336615096108
762e061721ae89c2,0.08385685263322394
0359613691f7c01f,0.4843413033286451
ca90a47bd789f6fd,0.551132989529614
b43584123f43b018,0.27637130801687765
0770e000ee552df7,0.6935146116580715
b396a1df0d592f4f,0.21406469760900138
51ffd9a173cdec87,0.9792155024222535
38e628d583de2dcc,0.0671667448038756
5e444909efb4f076,0.5531020471948742
147047e5cda600ea,0.5410689170182841
02f5e786b6ca732f,0.3215189873417721
b29abac474eba51d,0.9951711204875762
14f09256775b5595,0.6664791373652132
4132a178395f2d42,0.48795124238162213
3ecf5a5ba7668082,0.2145960306297859
f7b8ef9f4baa3954,0.9304110017190186
344ae6cefc6e5e28,0.22197218315361775
9f8993a4d3fd8c66,0.4524300671979997
02fb2d64b2963430,0.7138146585403969
cc3e88fc10db73fd,0.8270979840600095
e1b25ee0d1bded29,0.9263009845288326
6811aeda7c48195f,0.6749960931395531
2caefea2089d3348,0.8155649320206283
06624c42e6f173c4,0.9263791217377716
18d0862452891d30,0.6746522894202219
aeff78b9acbf4d71,0.2150335989998437
3c4fb720d11f542d,0.21403344272542585
ccf649ea4bfee844,0.30665729020159405
72bca5a449e85cd9,0.2643694327238631
fd6a74697a1a9ec1,0.16100953273949054
a629bcd8e7727428,0.14799187373027034
4234c32600399d7b,0.759915611814346
dbf0f354d6059039,0.2288795124238162
3807b180f301e7e0,0.6839037349585873
5cff8cd0dc4c326d,0.3166588529457728
a28550e03a14c9e2,0.9045007032348804
244915cbbfabaa93,0.10784497577746524
f5d28c37e1483258,0.38382559774964836
625d0351dedf957b,0.6307079231129864
daa98d98f6971d07,0.5995311767463667
aac141e3478df5f8,0.26241600250039065
6e2d6b44bfbd409b,0.8005625879043601
34a46acb36dc8ef8,0.06015002344116269
f709bf78e6f0fe9a,0.3465541490857947
573ce0864f1f1a1e,0.21572120643850604
d6421a369f95b35a,0.45550867323019223
6c74b5b293b1b97b,0.19307704328801373
51cf0713d5fbc070,0.7543991248632599
062ba7304652bc27,0.22845757149554619
930853397c388814,0.03606813564619472
2e48c840c19e48bf,0.7715424285044539
2a51f116e23cffb3,0.4898890451633068
070669d7057f8aa5,0.9866229098296608
967936eb15802a83,0.59971870604782
83ec0a0ff919a926,0.13878731051726834
a35f4a25719a4b95,0.14789810907954368
e646bad2986e850e,0.7688701359587435
8b488afbcc578dfc,0.08171589310829816
13ea6594c14a4026,0.316502578527895
d0e536523f93f64c,0.44147523050476634
0e5ca22bcfd8c5db,0.8425535239881231
9fb1e891c08b715f,0.10973589623378653
7199fd0ada65fcc2,0.35008595092983275
2275f9dac244010e,0.06540084388185655
24e5ed05f908296f,0.2524925769651508
6cb602b86bec19a4,0.7303016096265043
9325343b0fd3d676,0.35060165650882946
644e5f81463951ba,0.4522269104547585
37046a2dda9e5889,0.1443975621190811
c7df199599dc296d,0.4069698390373496
54e463d760c0c6af,0.13067666822941082
9bde8f101bdb4095,0.4713392717612127
bc5c320666ed7ca3,0.07699640568838881
4e44d72109230bfd,0.7576340053133302
235aebae2ca0d45e,0.8377715268010626
55a1d48711c4359f,0.28967026097827786
c1ec685fcc48d91e,0.5773714642912955
a51c93906bd78ab7,0.7114705422722299
207c0a6423cf7a33,0.6332395686826067
c7693bad80c482e1,0.526129082669167
36b92309f6e5618a,0.5465072667604314
26ee6d56130da0fc,0.8663228629473356
587c7d36156381d1,0.11328332551961243
50d432d2b52052b2,0.624222534771058
b738afb14f60d587,0.9585247694952337
1157c08c11e901e9,0.6426004063134865
cfaea6958357ef1d,0.33900609470229726
d8b3ec80ec080d08,0.718627910611033
809c8f80468b1337,0.7273011408032506
1bdded460bb636a5,0.76615096108767
96cc52a1a3f13e6b,0.3300828254414752
c97a25af08369f73,0.20682919206125958
0de5d7bc5b46bdc6,0.34386622909829656
c6eca151f8576037,0.5274886701047039
7ef7f606745e05ec,0.07993436474449132
c5ea9ba7fa065f8d,0.9948429442100327
63142c0d75cf9aa4,0.06419753086419754
c396e609d01a9bcc,0.18137208938896704
7c9db70c27860a32,0.6870761056415065
8dd4bb6eda603b43,0.33500546960462574
d5eb724b5ea43bba,0.9132989529614003
e7e9bc7d5e2e5674,0.6387091733083294
24b3176d5020b612,0.8815596186904204
6fed295aff782896,0.9640881387716831
12d17a3ef6b47faa,0.879746835443038
2c550aa9cd671368,0.0902484763244257
df00e28247baf9ff,0.6437880918893577
9449a45c9d7b914f,0.14722612908266916
9a8393310d9b352a,0.5810439131114237
e1b1b6a194b4b1d6,0.3212845757149555
7097d3e397e94525,0.21026722925457103
e3d1f895e94e8bbf,0.6346304110017189
6c46ce4b2303ecb9,0.5541490857946554
999760aff655cfad,0.05855602437880919
6d526f4593563124,0.3822159712455071
467801b5de42246d,0.6700109392092515
81c9cccf75c1503c,0.06586966713548992
bd1aa64c7a5dcc06,0.0340365682137834
df1a75c489d95957,0.13483356774496014
7e6ebb5b237b817e,0.15019534302234724
1aeecba2c7866fb9,0.6550242225347711
14269028868b89d2,0.26571339271761213
5ec456826b243dcb,0.3369120175027348
e574a546f8e193c1,0.9603531801844039
b0ce65cf243f3ae1,0.7411470542272229
8b8e8a00e6e1fdc9,0.2089388967026098
4a87b2b000e87686,0.7746679168620096
1175204fe5f8cb6b,0.2746366619784341
50a79bbfcd719a29,0.6083606813564619
0d8c215cc600c1f5,0.29887482419127986
3ceb989ec05cb0ef,0.8609939052977027
c7ea3f3ae516dbc5,0.14292858259102986
060631dc9f8845f2,0.6767776215033598
4ccc3fe421151149,0.14724175652445692
fd51240f58f2ec0a,0.0657446476011877
9bb25b00d30f4ce0,0.04055321143928739
1e633867010ad35c,0.08051258009063916
90da0c9b099080e2,0.37802781684638226
f3ba8015df41ef05,0.8375839974996093
7006c751c11cdc01,0.670964213158306
db5b922ab7ac849c,0.39065478981090795
8ed9c5e3ceb94d30,0.4636036880762619
32bc573af0d063e6,0.16030629785904046
b6f5ace9b32140b2,0.5065791529926551
2acea7857a236b62,0.5746679168620097
2dd5886a7dff0caf,0.6236599468666979
cec7e9631578eacf,0.9215658696671355
aa1276a52bb96bae,0.7345053914674168
f90658bc8d521271,0.5201281450226598
8b65638e31a74f80,0.7237537115174246
233d4e0eb18d8449,0.9176433817784029
95e779988eaf54f9,0.627832473824035
ce033e0586a41f4e,0.17855914986716676
29007abfebc6bd71,0.6845444600718862
37555eedf932eb41,0.5047194874199094
43f0b7fdd64e4d62,0.48312236286919835
48d11190742f10b8,0.9243319268635724
54167e2d347acd9f,0.0965150804813252
adf2b2540dad8766,0.7325363338021567
aa4854b6b5329860,0.9997655883731833
371dbcc2d3dab4d7,0.46849507735583684
29fd5cd58cb38dfb,0.7056258790436005
276d786a03dacf69,0.5173933427097984
90290aaf619cb77b,0.3317705891545554
80904c6eddcf06db,0.0518205969682763
5232eeb9a1fa8f60,0.7148616971401782
6205daeed9459b81,0.24011564306922956
6b4abc5da4e3aad2,0.7318487263634942
ecce281c5f6153c3,0.85721206438506
926feb1c20abd0b8,0.15871229879668697
64874c60d39dc86d,0.8115955618065323
1868aaf30c77d6e0,0.6445069542115955
52e964be6dd475ed,0.9856696358806063
4404ade20ca8acab,0.837740271917487
f6bbde7cdf6430cf,0.9994217846538521
6f9ac9a8227bf174,0.6487107360525082
e4afa0c3ef07f2b8,0.2826691670573527
a85d4f04f63f1f8b,0.24317862165963433
7f3411e87c2708d7,0.5413502109704642
5be924d7d731a308,0.4442881700265666
41ea202bf96f7295,0.31853414596030627
e7d3e68c097838d3,0.8389435849351461
c21ded045b04b1d7,0.4250820440693859
a87de56d4f2dc966,0.09573370839193623
b073cc5a7d5d1fc4,0.4644788248163776
cdbbb57088163b02,0.21734646038443506
97a093dfe9e1eb64,0.9076261915924363
68aafe54d00b3081,0.5754649163931864
dca611f4099c1df7,0.302687919987498
068c9856fb6bfd0f,0.18507579309267072
ccec2927e56ab3d2,0.03570870448507579
f4239e382087c8d0,0.951273636505704
a37f1921e2ae64c3,0.6497577746522895
abc7d40ccad7d04c,0.0990154711673699
7be1ba405f826136,0.8827473042662917
82f1ae3eff7b57d1,0.30542272230035944
64bcb6835fcb93ff,0.8514611658071574
8a7d498479d37ffe,0.42967651195499296
ddd893f6f7c67340,0.20681356461947176
63438b2313c7cb87,0.05138302859821847
