id,label
6403a3f8d07557bc,0.06556358365954841
1b1d097ff5b144e1,0.07648463298587657
08c7c3c71a02ca8a,0.1313083945855179
7f09e9039629a38a,0.0813202536722896
1fecfdee265e685f,0.1612183794830847
2b1b1ab99f54e1a7,0.08419649330736939
f893cdb025b56c89,0.12719013770404242
84466d5fc69b1dd1,0.15034918081185594
e0f419be2a81cbff,0.0552621516668694
d9e55e1259c7c29e,0.158816710401547
602d7f4b0882ec4b,0.11627033670302966
67f2f87cc129d7da,0.13003684949799668
eec96ea0e1c9f7cf,0.03170042006076129
d85127e773ec4820,0.12418168773085556
9e96822b06b0f7f3,0.045514751653649564
c6489148a3f9498b,0.08333175217603042
ad5ca801b22a4eb2,0.03258526386331033
22e01b671e9f12bc,0.0491293757981708
4953dbf3e113fbdc,0.042850929607665546
95397470f084bc6e,0.4666225257288362
ff39045f375a9792,0.059882248423546044
893575902a76b6bf,0.06668445909547394
4d9211d2b44f7d9f,0.09167745831847414
8205441451789e41,0.030161238704490494
5ade617aad761daa,0.4303327952662902
7d8bd74eaaf831a8,0.11963093157923421
3a4abb16616fb838,0.03789577622410927
6e14ae545a54ec6b,0.1508765829298746
a6d127f7b7a19a79,0.11118284396149317
e29e33c4a6eaf6fb,0.08869581946646196
42b296aec3a400d2,0.09450902502707431
238a42187f0c12de,0.054875092148810714
4c99d80ab952e272,0.14185758355539396
ef909ea8db65784b,0.12193992118497683
53283f9869842cd5,0.21334442641352902
fa99ef0b96b51157,0.11640123588632438
3cdaa31c37582a6d,0.18099164906817378
e007009eea08f15e,0.08348028349432837
e46769b586a6b83b,0.12972387276516323
c77497b63a864028,0.06895034643398462
bceeb0086c625fac,0.04555422915967361
5abf8e5791e5fa94,0.22137619591610758
0b7d89ea3694651f,0.13820153370187357
ce60477eea0a9007,0.2137096685531451
847baeeadbaba41a,0.07177814717759262
aefefeee7da6b616,0.18804352350725276
321cc4b04985f915,0.06998287462186129
590cfafdd102ec19,0.11258171740124343
0a3027ad8dd82438,0.05323747826742937
01e58c9ae88cd390,0.05614981264947025
8f5eb2d903aad722,0.05409891654105708
3f1b90f008fcd5d0,0.18117802122714602
9e55098b34909114,0.15234608743773587
ed3723d6f0b305ec,0.11421394802260378
e1d77367315c8c64,0.09661518500354906
b97a34687794c3cc,0.036836532616770536
2d9a8bda25c031b1,0.042019139726299226
367427e76fbb967a,0.1128303848063279
2d1de7cf3363aa2c,0.05925859959135105
d69cf5bc1f0112f9,0.029646320627852288
2a75c552e6a0103c,0.25235048423503725
943114c642b7e30a,0.047399631307186316
5f4258edf6c1b382,0.04066666642510926
ff0a817eba03cc6b,0.1360529497568706
c77fe2a4fb942f02,0.1529093831101963
df587d726667a5fb,0.13631714046980914
8c09d6fdeb48dfe5,0.035638730381334194
564e16bfb829c7a8,0.03436045953345477
e592482dff2b62bb,0.033283986076182506
33319a7020313788,0.12058601692255558
4700a73d634e28f5,0.19108795430425773
e5d9aee597bb4052,0.08012276715378285
b93533776029ab4e,0.24090097973793592
e9274894e7ca5d48,0.025007279049093976
37e126228f093cb2,0.039398310876544954
ee5e8daf19a62436,0.19218201369044402
5c2af7cb33fcb9b8,0.0742919402201556
dd6cf914fd458758,0.04065589990145982
7943edf1ba3d08c4,0.05145065095374836
50dccf68b6d84c9a,0.06743951627711098
71b1d024ea8e0791,0.08320868432293525
a8ccfbc903739855,0.04931897999443967
bbf9130a10bb2e61,0.03156243621729089
41a2cd1fb3af1f62,0.0851092637172875
e5b00c5e94bb1efc,0.11097961337561275
8a2951b875e32f95,0.038658750638185205
4b4241c32f2ae2c3,0.05001678992443563
8beed49416c057b7,0.0613870797519423
1cc185c7cde5f29e,0.18381267019138953
635d0e269bd151c8,0.03670061157454768
9eb98f9a7202dfe8,0.030779768928321453
c224615f7e3ecda9,0.030553160261765328
f93a14286735bede,0.05911678264687601
c118092c44e808f2,0.11530572480385919
0972b7359cd12fb8,0.026864492624072804
22318b12ec6eb14f,0.15143786592747904
9c92d4068021c258,0.15973544217913907
053aaf6bcba9464c,0.06961555801338576
966f0341c7d1f5bb,0.04750254967770423
624826d8d4f7d476,0.06881755645431356
250e83ae550b1992,0.26982689635661317
9ff420d30b835836,0.12056332634849327
f74cb9754e9ea82c,0.077912559842859
8ab5a2752e698725,0.06483355108015228
56957aca1f34dcea,0.1185741858715715
a6c0cf21bf0a1be2,0.021430807189603773
427e6266110ac72a,0.15960519762024752
7b84fe626f3ebccc,0.1341061389731712
6abd9ee5808aa267,0.051652694792604495
15aaf86082111e4c,0.14883409518920862
afb1bcdc94b9bce3,0.028187421680106205
93a337e7b4fedfd4,0.10766979240992489
cddee4f1517d9dd4,0.07900389787251728
755140c7bd8e7223,0.08400775812609548
0ae88cec371ee0f0,0.04603118698675536
08a9f02754051fc8,0.2422349495477079
4bab179b9218d454,0.07714323266565515
2af9aad0b831d3ec,0.0273034607057523
7d330fd87e35ee09,0.0880531283926953
d79f0de699294b3b,0.12568079311493874
652a8c0826eb2609,0.1145737228269175
2ae2ef63a2565c3d,0.1431993544675785
1bcffad3764f7c4a,0.0731961573818355
707e78f41fd82174,0.03184917952327826
e4824a55ce76b702,0.03599354656676096
993182bb80730c31,0.0941875818964662
dd67c105d030f636,0.1398965763465123
3dc4dceeeecb58eb,0.11197877963396305
90a67d119116b976,0.15465786459692382
a483f8d40e026f5d,0.02280855911883794
3d24648e710fafb4,0.04856685355207638
9104c44e8910b122,0.04886458637395739
47b77ad7aec9f1dd,0.04313283679996141
a66cc4155a0edaca,0.1175181829317549
1f4dcc29503e1a4d,0.11651404288443834
0a295834d6044914,0.05327884873716146
bdce8615df21ee2f,0.031036051737514246
694b4d3b1ed04c61,0.034659627716025675
ffd75ff5c92f624d,0.11368015678365753
717e992041e77d9a,0.11660474731528063
eb5157274916100f,0.12338824981282853
b77c5c610fc74da8,0.03870084128481033
41d2ba14e653bbad,0.14797361125157837
f2b612c9be07aabe,0.14350132562968976
3451e892c310a998,0.12146154482112853
2ab24c04722d8bf6,0.06494733708202169
38ded7c17115e7e6,0.15396336404171496
afed8219aa70efeb,0.0759457497486793
1e9c4d7d2de01fba,0.1265213391986747
c1bda90e9a3b9ec3,0.06761914339089241
d406fda410e7c177,0.17449816111113603
f49753bbcfabdaff,0.09943014872456643
4daee2e232e58a56,0.19046645897094988
858a9c1611f558cb,0.08552140405895364
05b0a9e8b1444d99,0.10126165288979791
8b2ac5da79a42e4a,0.1669245109796227
222fc0675ea28b67,0.03712105083160919
77cb5f88dff15921,0.10376596617397382
947d5752d88dc00c,0.21589428242440384
309a531dddebb471,0.14856096593434392
7e5f9d7d0cdf5a81,0.0363386954453859
6dfe2ff41e67b01d,0.05717592975295034
9a51f7696f388499,0.08908227559339801
9c5cb5a9b9b2b4cb,0.1509650713112769
bc7e89abddb2aa54,0.7735197251667996
5d3eff0bafcd186f,0.12508425899208245
d592e9d5579075d5,0.06052528427511204
475f765f9fa22959,0.17453713509407337
71d36204d6040aaa,0.13039536521426048
78119b8ffb9aa8ab,0.036045676116702986
09d1e9b9b858fe18,0.12687867343516315
ba5f5f59e3b0b755,0.1261835475717023
3b7344f40bf64734,0.09324469155285478
1f72c876a5e3738a,0.11861050069132245
86262f7438a90d1d,0.07006330466258719
3f6e10ed3e6a6303,0.2954145195464276
ada42e94aae1a58f,0.14394055596833594
b5320e4cd134414b,0.10856266086321824
ef83ac91e80ddd9d,0.07594856634237465
b8a457f0c9f14bef,0.0660772469975828
74947cda3decdbb1,0.0800104176590475
a39392c735bde1ac,0.06469288367462483
afb321701a74d5b0,0.03155177686472879
df401b9701e04299,0.06044138100481066
c9b67772b4c4f44b,0.15372550279180713
b5665177cd7b6c5d,0.018428402558241908
1d621e5fa6b0c45f,0.09383730448757933
2d595ec6f4c2524c,0.06769400050007107
6a96a53512d24696,0.07874864472532606
b3a68808640b25da,0.031853525144714456
cd9f2b2346e70af7,0.04206924275428599
d78d162e0d903e67,0.1554606478995162
512b0444982361f4,0.14994266074529133
36f4f9a58e05409e,0.05212798457104635
e4b4fc878504822b,0.08029712231841674
d2c6c32ea3387653,0.03408382257010513
62d5596d1fe892ad,0.21483565093788404
8756eb85074bbf32,0.03939837878968688
9120f37fb674d8d5,0.09161198402934101
ad529a51765d4ec3,0.03791171455599692
f5e98c69a45e4a76,0.1475646460183582
4e8ecc5a6ef67336,0.06448961428367324
e26f37d892f837e3,0.12885995618840435
377bd33e8a9d5e7b,0.062623345346876
7277e822016a05a5,0.13280607100540354
94fed9a4092a19bd,0.07712882694900575
28d304cf97ca614c,0.1167194493472904
5a5195df47e373d6,0.03337165671245447
ebc9acfa1d364336,0.05015038624101695
5d76c6de5ee62843,0.10396599824915417
511d1dd15e99184d,0.08938812624568351
b6d744f202fb4a14,0.14296508456676038
43c3e8abee7ceeda,0.132844359646263
41afcd725afd0bb9,0.14180038572337875
bd4f0c1a61da90cc,0.28121259209770744
ac5e8e6812e3a526,0.12998213885825535
61843635f4d407cc,0.15000135215049942
d643d4e6d84db59f,0.12055110173174557
5c0b8bce49a0a773,0.1140304851286556
7c6020b2e5dae41a,0.11895537564552974
4a6f26c4ccfa8a2a,0.03850350628812424
f5ff436197b8129d,0.08977883686734361
27b8587241bf56d8,0.05871225459263424
a198a7b963854e6e,0.05065928869856499
8661667952751501,0.17313455678880607
282a1321ef8c1306,0.07018365204880471
db3dd0b21b03ce9e,0.12109980828890603
3bdc9a83d65a78f8,0.10812540503322926
2983651d59dfaedd,0.176518889970266
ba2be23d69668658,0.0450546672616015
89d58eb00d13e4fd,0.045046620206861454
d2caeec36f4769a6,0.07354442103483344
dc23c7fae5f57288,0.05516387723932983
c6e284593c89d176,0.12651988733312175
523464c4f48eb02d,0.23774731101644342
cc7624fbfc77736e,0.14804500484166516
6b0c371df7cfc676,0.1060285288902164
986e8a5497d243a9,0.17006568134028835
0880ed3a1a77013a,0.10997325646676466
791d60ceeffd7ccc,0.20513169793613106
1fb2b452cb819b3a,0.1293162953655903
6e683e5731d8aac7,0.10882887453044186
d752f92de2b858c1,0.04915997727952455
91654f6c88bcc480,0.04769963631505916
308caeebcc6bc059,0.06338712477995977
0a092e2b8c9c06c5,0.12466356218131092
e29749c7cbb0ef48,0.03659090716886382
02521319f8872bf9,0.029533619874449815
f699494da66c4efe,0.10332242392678867
060f874ec99eadc4,0.07364570618653485
1a2ea8a74fd54c2b,0.08529892784332224
a98b83e132c75465,0.03258759934208444
0fe8ca7c247fab07,0.1054074422659481
c8d9bcea59632f23,0.1122090433342727
0ab0d9c2a040f32e,0.036282187605230984
a03fc647d8141fd3,0.1774459726134508
1036e1cd53a850ec,0.039813105898809334
519d3f96c9895253,0.04527081560603196
28df6bdb66f8e09b,0.23793768210475585
89713786047cfd0e,0.089855652852913
6389830954a0227d,0.08026661880903135
8a5f2d2c5004dead,0.03359925013473315
19d4cd44aecb29c7,0.09304041775056329
2ed9718fa269e456,0.11041159655757618
31d0832c9b203b46,0.06302007342713001
e21b68ce26bfc500,0.12524974854395496
cf8783ddc0b9bf95,0.028717606976745552
fcd44919c1b3f412,0.1834943843477827
c6e50665e7bf8738,0.08685821270603879
ce0179fa676d128e,0.27315629951438136
423e064e247fe04c,0.13274279653784637
0ebb4ab2c338fde0,0.09115017976538115
37337cc831e40a2d,0.09873005272385181
04eb53517170d936,0.07194527188441191
dac684a7b8635061,0.06612847237880698
a2f354d17d1431d3,0.10997139393311323
8a42e6579214e167,0.08238034640167144
c35d24cd26008161,0.09273940685364904
077789ab8d103e29,0.10762342117016718
5deb9f3705c67be7,0.1059153363163729
dc531f502bccc4fd,0.09683357343850063
ab4b4d6c12291a2a,0.05125908143672596
47b284804faf97e4,0.08421104873632793
d46bd1fa92be695e,0.036953209058939014
11c536ec56a47156,0.06962142311916392
d5bd7d0c4a297748,0.035709731814581244
d30e6ef239a13f14,0.14590147651121868
8be010237b513256,0.1259407787292568
e3ed18d3d53d8aed,0.05137832032649818
a9f5c2f8c5922e10,0.15926226155548656
05a75c012be2ab6b,0.3166475394617406
a068617fc089ad48,0.08095425667730032
687932e8fcf71376,0.03460384310699171
fedeffd4ef29f976,0.039696302359417485
5d3e23d9b2256c27,0.07001425861282395
c6544d7502deea99,0.05644094336155958
096cba9bc78d7637,0.15009388901914472
76b587348b5c4d59,0.12246990071529279
62185555ed060f0b,0.10827316936212297
b538966eb4ce164f,0.029440540523942658
8dfc12a6712b0903,0.1355110159175471
3ab52adc4b1c1768,0.04352284645994096
463847f9a1f414b6,0.11261483248167414
e93e14d11fc793e7,0.03807225889920049
2cd7ea4ff0b97ed6,0.1000162545684308
3cf1ec0a8c671d61,0.02768415180367602
e39df281ee7e153e,0.05326551098579216
272a6816ce2c7c9d,0.06355468125039555
f56230f889018c95,0.15086300394380048
4119f28f6d4d40eb,0.1189645280699473
3e744e15c1c6600a,0.08108565506446419
7975b8ce43d7163f,0.11724709181885981
76519a1ae0dba3b0,0.08433803904706447
6f6aca7dc35afbbe,0.1203883431540885
658aa810bdae773d,0.30083434380913476
41c3618b9180e8e2,0.06469502963781926
7cd53693b2b3a4b3,0.044328935721221555
a450a4bce9f2cac2,0.13124363761909366
05bd9ec45ff54b8b,0.03605729832627506
0d67ef8a9dd3249f,0.10059256835799896
514cfc846a144390,0.13010632922539783
2856a2a0114ba55e,0.16617981359078815
ebe02c0b1c116ac9,0.047283811043446936
cc31cb4421bd54a5,0.11121165421575777
d63593c7bd5f72a9,0.1341296366370738
962b8c33b5be069b,0.037551446916548575
40e508ceed1116f3,0.04364344853505839
668eca9c4cdf1507,0.15308183132817627
c15735bac7d4e6bd,0.04634684948289812
09d2cd5ccb05a325,0.06568269147314064
71ed58a8f5d479e3,0.13616490559460323
56fd1ce474cc243a,0.17545030812972734
4c4fc4fe6dea340b,0.1661262972089781
68fcea284ddff8ff,0.11881509511565849
8913329e85f873f7,0.10732694360899896
7a210b4ff6c29678,0.12090196354102188
91bd2a01c0384263,0.15854045647506154
14e4e31c9bd8d90b,0.03542450085398872
410f92d0f317cc8e,0.11275410357788017
780cd523f303a8ba,0.08660687188410783
77ae2af1842fa5b4,0.061011745779674734
eebeb3dc997eab87,0.1098006955936467
fa6c4d5205fdd5db,0.32608952348051357
f1798e22aeb3b385,0.3689196740639036
8af0df5286089649,0.08820247809100094
6e224e4033db63b7,0.033208840584395466
b8624ae03bb7e7d7,0.03701162704004239
52ca2f9cf118011b,0.3255691426218785
52c5dee14f8320fc,0.12449226051770565
43a4ed5577b3346d,0.10766551723286027
332563e196c7a1ee,0.26381076021338257
cc4b32b77225218c,0.12299141123798485
0b34a503e14e5271,0.20281380772552215
33100c4fe51f7435,0.08359131166192245
6de5ffe2b6664d73,0.03448139064854135
ba39076152cb0ee3,0.08031133904013174
aed179ff9c81f4f1,0.024163588746454467
ea1a9bf792fb6a7e,0.06989445622620731
2f06ce2d10fe3866,0.11969469936167593
11855575a4718674,0.07039901336738093
06d39de4f0e13f3b,0.09878404552317913
5fd7c68abce444af,0.13933128957118746
d464bbc0a2f6ec7f,0.175191091048515
86a7d5c47fa116f8,0.028557774217688764
a260e587d0fd3fdc,0.23579148925393897
6c07a18d9f02a585,0.1783997238201515
8fd3d88e27ef7240,0.05493249843681739
80dd9757384d7ae3,0.05316917756228856
00a0f9038422aeb4,0.1048487811811748
dd38ea8c63c0a90b,0.09798486085920817
e23a165731b18098,0.2216303025173053
9bef89bb8b6e707d,0.03705047042867948
db5779805bc9128a,0.2635923109657772
13c6185147e496ca,0.21884768518553882
c23ad10e1020a370,0.09132837945176692
cdc252e1304b3741,0.06968781770586209
c9866843a2ca38c5,0.07658822004777255
1193dd7feb2e1c1f,0.03235934984593993
145626c411263ea0,0.08703873892970537
b2bb6e4261a0a280,0.24022855834685308
ce6c9830339e8d23,0.12150360735147292
e5a315b7bb844af6,0.11971951922966745
d85cacbda54cea30,0.05987254753193804
ec609eb2e4100b33,0.15810157354737392
0d785515807808bd,0.13760077673763205
6bcfa2aeebd0236f,0.05792505111866056
9ed83fa2f828fbc3,0.03633981908697621
f596ac3c62688ee6,0.16800680976008148
654c4ca75e7a6d56,0.13340461422353764
162146e83243572d,0.1281973561322612
9878dbf0860838fa,0.09594144174549654
332ca627787dd758,0.1595661879651854
679ad425e74f2477,0.05153890060011017
df5a276859dd4308,0.12048511721483703
e1f7d0ae0443184d,0.1214750364678426
a6434286f4234aba,0.12499380036485988
3351a9314dfcaa5e,0.028992341191238995
e19b22778dcddf3d,0.06362920087880487
a98a59904fcba403,0.07481135407158518
efe47bc01bf23b67,0.07400095804889585
a1a862c811a320f0,0.08913383025753491
bdef7203033a959e,0.12405410626103308
0fa3fd428635e63e,0.04521997383751837
8ed23ba67702fe54,0.2025739992703824
ece14f4f1731d91c,0.14279920760714138
ca20fb73d0c544ac,0.045947647774410405
927bbcf7fa67bfb8,0.15841499774590023
deffe32d78bf8a82,0.09685490529745824
319944ea096b3a65,0.0388193297890255
19bd6f94f36d44a1,0.07000297787477713
6e7447b72d462201,0.06187846721758514
be6959210f99dd41,0.252894063332856
bc1a4abb3dbcab55,0.06254499954965574
41032395ff67eef0,0.17663365810128312
2b4004b2678cf0a1,0.08524400746547872
469658e2c6728fd1,0.06085419860284495
e67a54cb89e72744,0.03795384810569651
0a1aa269dba98abf,0.05882865398786794
746e977975fa2166,0.02516799605747922
ca51e1b6ef04fd43,0.06261208814365717
dd96408688197b1f,0.09012387792096083
23b5530f05f1d9e5,0.12082360040058887
da29e21770225527,0.05780157642610374
adb83a06bb93e782,0.04265815843106187
0e4d2b4f26be08db,0.16009471479372728
6ece7a74dc7701ed,0.028450198467674364
e5306d42c50fcc55,0.03662369962372393
4381dd659292aa24,0.0799296458379855
e31ebedf532c25cb,0.10260126929589061
853b98dd483b98b9,0.07052534698986455
2e54b76182ee44e1,0.10987285339807389
338f6834e70af5fa,0.02079178102695367
b5abaa739dbebcbc,0.1607580674451793
5a8bb8464a290761,0.115237005960943
f0e90b285061c449,0.03923182568907532
e66581f055ee3b78,0.12195179022399019
0a21004c4d12a011,0.05914830354522736
04cee8b938d82d19,0.03510094742994796
c2eb2ef42ef59006,0.07786091444826528
4db76ad147f6dde7,0.10138609215934226
388d2efe55423a29,0.20428949936529658
b9875250f7ce8623,0.1503148827864386
e354d93aaeda004f,0.31365785388089135
39e7b31ad6490a4b,0.10811304400616212
a31878efea02ed42,0.05332106117190429
4db06f2609831909,0.12745066852926956
e23ceacf623bf244,0.09883060707831681
5b30a3dce1e3fc54,0.1884771521509417
9b09b933e5488d29,0.09556368079174124
64f0282d10422cde,0.06414901600294662
d171c9bf0e731793,0.09808025297761164
699a9d5c734b80f3,0.0839626204246533
79281527b5fd74b9,0.048790391628391716
63b9f2af8362641a,0.10788641944249089
8e20990222b8b1d1,0.08216699471165559
cbfad4f1f811ddcf,0.17460366829913015
a6dde1511fe8d47d,0.05267932711940687
54e8815e9966bb51,0.22621979541460893
cda24d31d8c08104,0.10209088146910726
2e41b0e18fd08067,0.029769366986182384
6e8f4f5c6e28c26a,0.12259380614415216
1f4157812e2bb339,0.11828507218149628
c2d3133094dc0fad,0.023096822028926448
e7e2da8351240636,0.05114586853511846
ef2946985749757f,0.06547492953207351
ae735efdf3a84f05,0.12616368517426116
8a459d7c2b588a93,0.20834811333215608
df0d35696f4b164e,0.08109925946156735
8f745cf8cd93face,0.031126693817344862
7aef10c8e6aae208,0.044179621633226196
706e881832fde05c,0.19086470092289776
03a6674f904defe8,0.059720355670963995
f00500b8110dde92,0.12682235419118065
1475216e327695c5,0.1346127967065448
3fc20688817559fa,0.025114087356626326
70df3ece5d814a70,0.03338434177046236
bcf591e552b3ba82,0.019847444065658425
a04e514a6ca8156d,0.1839149555806831
f83e082f10dc4f9a,0.04161212612090805
21a0898a3f0c502a,0.048745917043905074
c9afe9c2efa6168d,0.04226242352230944
9423152627c5de85,0.15712493296112762
fc5761df1ee97d2a,0.04911470423595229
b51c1517f2b27082,0.05341412802970369
966bd6f4b801db6c,0.14727083253564635
c39f09a3a7ee5d1a,0.12727029135033213
cd4ab667a784a10d,0.16820206758767448
053911f801591901,0.1117739261807181
4c12cd87dc745584,0.12916375147272807
f0c4df4801e5dd7b,0.03632392984057168
1cdb9e6374b25c46,0.04257069819967029
55a04d93184e2087,0.11482074285172081
b0259adc08c321ab,0.09228247506941965
3ebefad692cdc413,0.07066108217893041
83d05a33f78392ef,0.056603545220402424
57e746a1c420f866,0.1374131825435656
7086b53e09fe17c0,0.12486918600531749
2cefa5982f1e5321,0.08967249184990303
c4a61e6a8fa1704b,0.1053828064986521
cf3db8bd220d5bdf,0.12449899120680105
75c651d11c0a0337,0.04933631134745031
10dca6cd4d946194,0.08319441229046748
316d771ed9f0b6a1,0.08666394777618397
ef64650ddba7c539,0.03409334946354243
721f58982ee85da8,0.16235119158368522
e8f08bd5b06f41ef,0.024891152806604182
8c2e815ac865660d,0.14748256601156662
8191fefedc6afd32,0.03530525139571272
15c9fc425aed1fd5,0.11383602867701646
52f896a602e74ef9,0.1623004495192845
c8a94bf1f874596b,0.1052906534255802
64024839f91aaea9,0.12335586127826997
23a06e4e391dfcaf,0.12900714828074664
76fc88367fd4b329,0.0446815319830243
e7ffd70d1007bf31,0.05222076709859973
4df67b2b4764df2b,0.3356949350749101
5e23b5ebcc3c7201,0.15720781346025098
97c325c9980b0ab2,0.03613629735351785
3c8bace911db4b05,0.16170834131045586
d3af2a4f1b0513ef,0.11302093384739421
8a66145d22484a10,0.1458785373181439
f501884aa3b0a2bf,0.02872473869859643
21f8710a682b6ca8,0.09716576399851129
67addba46911ef5a,0.14487418419203552
cd5a8d124051f2a9,0.13704721446995694
a1acde423d140030,0.02981342113652008
6284cf5236839f36,0.08921145460535694
37f720257a8a7a33,0.13357947622818284
acc257668dc46b34,0.16668872139303814
23424057c8458694,0.07008735375373466
418a7b8fddf172d2,0.344216941462101
dc356b2589e04c87,0.1390017312078185
f64eef65821a8f3e,0.05675190980071573
9fce647d5b47563a,0.2023306808696094
52f9976ea5b478fc,0.04436367072061866
d240c91989c04146,0.21942782361617907
47ef036d29375b9b,0.21627495932520793
8808a12bef546809,0.061083305758763154
d3a20f2bcf2db8fe,0.0969603202405574
a451d8e451fac918,0.0584669258604935
9826735b01a08344,0.0752406920685377
c4a29152e2eacc8a,0.020904503145647
631690ed30cc1631,0.20605556540790004
d84d8a6e6ca5eec8,0.03598172602606284
efbafec85fb00cc9,0.21538396862511133
24556c1044963c8b,0.1859199775944937
5dfe6e2137dc82e7,0.03103859937023431
b2400c3aa22283d6,0.051868884111323274
71602580e012f168,0.16736462375684844
cf01eb3e54442236,0.027165341001459415
1a07d25426f87edf,0.12156934101006922
13b3d3fe65bea413,0.05739466346955213
059edd840763fd81,0.14577566558309984
48288e044d74e7cd,0.10180522319662597
add068ffe0671cf6,0.03512281752906386
c99de47efecac792,0.2705725398818506
11cef543afe62f88,0.06525130889603105
e512156389905eec,0.049596396506654164
138703e658867a2c,0.16513665529817415
454c3092e6edd433,0.028832792202542888
dd957118652b5ed5,0.12960938068102296
af01fa5eafb4602a,0.08385004557763884
7bffcfd2a9da1725,0.15199990088116083
24f3f1ab071df78b,0.040311026433248874
3ec7c9ebab0a4a2f,0.152665937779835
3c1d10f4646f69fa,0.05425293009657124
9c5f959e1195fc54,0.03153346966375082
cda81aae0a16f97a,0.12885247500565958
2bf6c949fa0b6053,0.10600523959718205
546683ea9e5995f2,0.12423939623649405
c4563254d849a8c2,0.10491894995352155
e9e85a92d9ed5065,0.05609547613439697
fc9fd5a085f168e9,0.08935042698898842
54049d409156afd1,0.1608503942147911
e4c0d5c0b9045e4b,0.1058359599935588
058f290d4016fd11,0.051056033161495276
e14cd74f951c3910,0.05277115864920959
05018e18dc83e13e,0.28625150825750284
763ff25fb3a65368,0.03953494733265889
eb5cf6bf7c8b4e5a,0.15094130183076337
013351fb7667dab2,0.08388447228191358
e08181f896cfb680,0.050893840310498206
e65d39ec9e3de422,0.139466282575477
9cf499aa7626f14a,0.1103461648355045
f203a5ba78b7389f,0.17454840370161023
8ea386546c0f8c96,0.19919178474745622
0391f48a6955106e,0.03654776687255462
d2f70a0377eebc5c,0.03924420610613866
b96e54496b6a6713,0.13718558911105466
1ecd7d7fc32cc874,0.09856516222383735
a91fae320445e22f,0.04130330338256481
7f7f8d9e95bc3227,0.12218642058775628
8ed9c9b27ed7229d,0.06401720079109359
19862b4c0d2f34b9,0.06634758560062023
e5b1c6b3822addb0,0.13686956833960603
191edcd8d76cb951,0.38464206397199635
6b08a1554cdf28c8,0.045098454835270696
706610ca333da138,0.09588458478622566
5cb5f8466022eb46,0.0943473268960629
acb3a526d9921b55,0.05460696238507619
947db252e781ab55,0.07908813389277512
e94881433d15d819,0.04990506099690092
34439005f71e07fd,0.11530150118047117
989a2593307d72e3,0.08486824631789149
ec8f1d04cffddc96,0.1482516516641585
11dd5f5d722fb0e0,0.1224619325112798
d6738bf320835a10,0.05426166822234807
025b09a306181a55,0.07443542122541744
e5e3f5fbf93a1918,0.110396337985806
2d60731de40ca5ec,0.0643801703855245
96789dc76cce8bb4,0.12245526930728505
e04c2f21eb86c30b,0.04471264888256819
eb4f7827e27f3e50,0.7985625959800575
c72cafb3b0ed2058,0.035231853293894125
38e789ce64afac4f,0.08288430668451921
961a36d1522e6ffe,0.06609514668062268
d915888ab3fe3241,0.0844089457529894
6d047ff0d07fd1a2,0.05272957892454133
96212cff04501fdf,0.16484388153462087
6cb30ccf0384596a,0.15159101861116425
1878cf5a842e6727,0.0934215118419342
47adc8c9afbd6fad,0.039617242023156994
bcecb579dcba782a,0.053442543730777364
24fe0dc9ab19be83,0.028722778041957504
d56cbf99a17acafd,0.06447077311029858
5caed519a777c666,0.033931924771229104
de3dd7a6a4564414,0.12290041336746782
3ddc28164f664050,0.11515618332581565
45693136342888df,0.05025188612606645
143c3caf6eb25742,0.11616888058167602
9295c919e27237a6,0.07013215577677867
0dc756a818dc5d9e,0.15898343277833232
67a0ca3f82ae78c6,0.03378906390015156
cbd51c3558265f5b,0.10937107369086693
b6df5050c31c7287,0.05447572531202144
73f20d006cfc47e6,0.05462935892215552
2de69b9443d4fc52,0.053639965721859126
1ea20c09b6c79a3d,0.0637623316251445
ea1427791f675329,0.1183216379881192
cd6c9a86e5c13535,0.10978311583328876
fe03f010fd99f729,0.20716216334187676
3cac934a5e569272,0.11655916321197163
1f9c8c5a31c38592,0.09145673312620656
325d3152d318ac6a,0.06351868222852894
c796149ae059bd36,0.1365618162886715
139b95acad0d8500,0.039206467814984554
ef8ca6e1ad6cbc40,0.13647672592702406
738b1f5edad8bc5e,0.03282425367591451
00b5753c64f3aa5e,0.1215176980674576
7509e02d19e2f87e,0.041677689456071254
a85aa8068fa925c9,0.1560032055293086
f8ff744430f73aa6,0.10876111901769313
4106129a02383134,0.031012016388657963
3be6495b6e47bbe8,0.10059536315341007
d58d8cb98c5344c3,0.054601127602455224
72c32db073874592,0.06454580096736337
b33541a9535d3cb6,0.08088413698870539
f117d4aad78b524a,0.11732605552113645
5e48da846d46eabc,0.15744333451151182
b0b266000f2d6b03,0.1607635957964072
2aa63d23f11f3aa0,0.028689616421347118
7ca15ff99bdc719f,0.05012513089623821
286e550605b2d970,0.041370677080010076
140d123f8919309f,0.1779782412262848
5406d7c0119b8b77,0.12258956874639658
feb8f158efc528af,0.11310302129034833
20e9295f7f1b6809,0.058903879960747446
8c67df2b06a8af30,0.11771557539010857
0b5100f2d589252d,0.14936810631587621
a7dff4879e1f2c8f,0.20151098579830867
6b9c17dec469153c,0.1498421398026211
b064e718f3825ae0,0.031036412170107455
633aa423117b483a,0.06342519451617679
2bd2dc8cda610b2b,0.14985580283489366
16b4f1b4b30d7a5f,0.2038183023419618
7ce520db2bb5b181,0.16517190240937296
359fc18aad246386,0.1123526620686971
4040467f440a4681,0.08601896978148303
ba27a17c66a28567,0.08939654001970827
5e4bef63f0b3974c,0.12976260020539787
849863283a0793dc,0.10477860933287192
aa9c499ad44baf78,0.12685510178066733
a3fd494842016ae7,0.10844385460231733
5f079c78614b8a83,0.1882680477474058
7420f14669961a6a,0.14986143646200661
0a083c164a874ea9,0.03824746693784965
396f04d4bed14a3c,0.1041369452404826
bda29126d66debaf,0.05644678183304489
8d5ece395c6a6b60,0.09554290035924146
9ea22d08386ce3ae,0.05775901669239271
1a277b47ca192cc3,0.03277720862132001
5534d1ac3ad47ca1,0.09478260971478275
164e32a2b96ed3eb,0.15689542571365606
cdea1d25f481df1c,0.05675229786991379
37e1f37cd163cc12,0.16748850285690098
4f896e74ddfe48f5,0.13721675608528056
ec881c0b42489ba6,0.10126311028258742
6cbbc142e3b6532d,0.05535240073548439
af58eeb2cce1b1d8,0.05000563730791217
3792b407d3147240,0.07029637735270441
44abea18902dcc6f,0.06070087358938653
f174b76e8c589bc7,0.06729280429962517
d5cb1d76e26e865f,0.1952753005081888
c953fc1a52b6d2ae,0.15916339323113562
dd9860c103eaa486,0.02765339153379421
1a338e9358b4b71c,0.028777841920781675
28a055a15e2bee63,0.08537328344318985
d810129e88130889,0.068409365317402
20b2f55f0ebfeb9c,0.09527954660950691
2dbfb79bb9d5d576,0.22580684943037604
a4f168601004a705,0.07865293031263221
7419f46f112678b9,0.12991911444445808
7d0ff708b6d6752f,0.15656694693860745
cbb85fa489a893cf,0.054511773607543945
c46a723fbfa594f7,0.0588964059534285
2104390897549457,0.08870760112348972
75c276f7d0f29aa9,0.21482796308952312
01a679a23b212287,0.18536565528975293
6cc58651b88eadb4,0.045506223361603815
14cf1ac65f8ca02b,0.03232337366479327
2a5d42d92966192f,0.0439838806838652
2010478948b9aef8,0.10154597387704105
31542ae607bdb59f,0.15486381935086269
783c99f058bdb723,0.07438643901622216
8e49ec786a6d5abd,0.09027730720296734
d2b9a740ddba79a2,0.04736805522227114
47c1231311a7aaaf,0.07320491565817423
c7937d0c63ca6a92,0.10113423820471833
64628bdb8224fe18,0.06993286195214093
49cbb2ff9274a4cd,0.0486711943972078
a4dbc0e728a780d5,0.18944653515852522
54a5b82f046318b5,0.1483380299495114
daa0b6896a1749ca,0.05682605963020301
4a251ebb1de72153,0.1538374142622096
edc7eab7534ce904,0.06216010109601115
0d31a18c31d12329,0.16946606514059145
ef643ea0ac629b95,0.07178803749902515
39049e24be5a4306,0.25541857403436596
f41fb0591a5b1902,0.04401007068597805
ef3add49907eb895,0.09405119637856109
3c80e6a34fb3e4ce,0.1440686630860219
681bbfb8c5372f79,0.13633710169048283
007f4be9a3f6e89f,0.03407820596126185
25144a9b2bed9be3,0.13690023173503973
61233f40c0cdaa2b,0.055068519409204486
73a058838f6b7f2a,0.2151957655081377
cbc20660739af678,0.2226015376966024
8fc723bf625337ee,0.16815860438433516
3ba49bd9e60f519a,0.03936202189209584
6a3b3033fdfe94b2,0.07883166091560788
c8ed653c9f871795,0.1359220646851636
2f6d48d7acb127aa,0.10714960283533785
92ff64a44efeaa6d,0.0756559412925834
d7169f20999bc93f,0.6869778824763848
53604f2aaf701357,0.09219201423402337
a7001845bc2108a4,0.151628064004586
e1c8d84bbb8add74,0.028979675189984663
0b6ec467b5610434,0.03917135834040857
8ac52d2ec127a096,0.05606245083041662
b10baee15fb9d01e,0.15789376255028797
221ebe5d40d467ff,0.11969510215831052
4fe55b114acc6ade,0.07423430961307223
d8482a667d8a69cf,0.02925471792265027
53ade36e2a1b1e97,0.159627304487229
23415b9cfe9e209c,0.10898164403470084
280c7808d94b9763,0.15372210861252383
de5885c6a7c6423d,0.23283662673316782
38de0e8716fdf6cc,0.07804949000808259
55bc25143589b254,0.1555119018713991
957e73c37d447545,0.0392637470661821
af84b2641d1c74b3,0.06359932576359632
e7be7f3fe2a831bb,0.03138735927495743
841f7e8235380174,0.2654126836937132
63d88f28c2a5df22,0.14633900966142707
8dad4fd4df5c221c,0.12953034171932107
3572ebf75eb17942,0.09270619856008722
25a1a550572c1f93,0.03124073876154814
6ae06440fe74b44d,0.28480817023299343
b4bf088ea90582b9,0.07623929859071557
6b9449d16e81079b,0.043281871137412026
4ff7c9e8a089b94d,0.11206159832492081
aa5c5648b80a1a3a,0.08793919246627753
5dc1f3d49bbbe4c7,0.11553056571244213
99546cb325e5dc06,0.15326406526155206
220c843637482425,0.09747552970430008
6608fca5b64d440e,0.12165685214174954
f29988dc0a3c0243,0.12359882308119922
51058b99b395787f,0.08660162565483369
ed1bbe11677f7bca,0.06966458659184518
9f9b85620fbc0cf4,0.05774050999959023
8aaeef3315304e45,0.09112820944571058
5d92173cdb00c0c4,0.09088354735685181
acbcfbef3b1946c1,0.04534554694561357
73cb612fe6d23320,0.14849202535461103
4216594871a36761,0.10644952164593546
1c2bf4927779574e,0.19625409140323535
1498d0dff1fb5394,0.0484595958495056
53f47e8f08b91aad,0.06056579128851886
c4229a0ce07e83b9,0.030641666302647773
bf61a06ee47b2027,0.029097157906658774
8aef635fd1b3a740,0.03293750351705496
0f6a8a20e3587b09,0.038933306349538274
75d7914477c996b1,0.05974074957492819
7b1790935e6cb838,0.033970519290437345
d680549ede3f6dc9,0.05278636161949802
f3bf39cd2ab5bd9b,0.0701375343570989
0b0930b54070750a,0.040707387396001916
3d97f118d250279a,0.18366832520350712
e9de0ad29a82a54b,0.08570266840188571
9485f200c4e02805,0.11347811393200212
12d95850d018d3a3,0.051989585746106945
ddc866b96dfc3aa3,0.1489378163439764
45a33a8161cb4b46,0.04894054939369347
990eb9e1c61c80b9,0.04061733881371504
378b6aac03179007,0.03875468054579144
b6ce4df0bfb4d3c4,0.03451021615340898
a50653ff586cd76a,0.09525818733230082
65cd9ee07cfab83a,0.09105665888026597
d2bbc0c9f79df720,0.17146417093867455
82ce816296a1512d,0.023647951898873892
e502c517a223aa14,0.05320158626127926
71d19ea693604e1d,0.06506350419244868
0d037e649d83d735,0.09659447604614695
6ba6991213384d83,0.11375106271658655
4cac0de9485495fc,0.12527997902648424
9a0be358e968c623,0.10296455570302651
f1ca34616439cd54,0.0365446257543903
e301cf1f2e4c3681,0.10924652014428826
d614ef3ad50cc2bd,0.12801270132009612
c0b33846eed21da4,0.0779999325589893
d4e499c8cbcbf2c7,0.08837120498522441
112d556866bfa77d,0.1551332612114119
3f5b776bac1c2a71,0.0846190373691483
97fe9a981d0717bf,0.09562937208449782
ce3280649c6eb5c9,0.12151457383495912
7ae7079159ced82d,0.06778369533133291
f1eb50e28869a50f,0.05604437909580025
52c8dc366cde6d2f,0.04278535752860978
ef14064579612c4d,0.1293100653290444
7897eec02201ca6e,0.06242583486044721
321d33ef853c8fb7,0.1639449805763047
96766da6bd7c3998,0.03463488665096655
fdccd120c1ead149,0.11909109898581358
288252f0e770ce50,0.16452462836346027
d4d977f5a3d8f01e,0.09451847071907614
62ea4677a492334c,0.15985324199230055
d1f182b83a420b6b,0.06885556423445766
0a8ea601fcc75d1c,0.11064317717125978
27930c385742439f,0.127776508995487
13d12d929ca71339,0.2140704094472773
159b4f9fc1efcb55,0.040319247459684605
94ffb2f9a90b358c,0.09505633049269208
68615d70615e3b37,0.034813745148365424
d4a40bf8afd7e4b4,0.04897613137043827
e3dcfffec2d51e7e,0.06476028871566819
10366fd321e0ad43,0.0436304426452752
80e3f13b4e86e5f9,0.19105637333474307
6272a9e176561590,0.1221906733173795
14ead2f08e775ba6,0.1073489603972587
08ecd3e0061305ed,0.1109734186333009
b91abfe0273da79d,0.24081460064682442
0c3efbd8c39177b8,0.6692151128934647
e9e21b290009d63a,0.05808101711555534
c188505410fa547d,0.11010142667357425
768d9e0553a1399e,0.03123268454513787
a9370f34870acac0,0.13063188263682152
9f6dbe29c2020549,0.04866679859440211
6da7088fbbdbdec4,0.072483311306699
944a046635530efe,0.16152621582618965
55a97e1488c333a9,0.04531310355435475
bba6644aefeb263d,0.13526055050710994
750f5d2c63709654,0.16815312722323694
b7f5c550aeab6fa4,0.09364752552016484
bf2efa05075a9f6e,0.057905591928078745
2987973344ab04ce,0.07350977662683492
a97d19edf8f608bd,0.05158218219814721
6138ff6754f14dc4,0.04588800326137099
87522437573af7c1,0.13441259572708342
57cc4278d6b67c5a,0.038189098106545416
8f29d789ebf40f9f,0.04030764064183548
15e17422c43ac280,0.06924378397689371
57faf77cf5f72f53,0.10930402638782223
febc8ada0a8d768d,0.04512628101998231
86ab68be69241db5,0.10358307970974406
5fcfe942606240bd,0.03592558108217898
31bf257f6a4a70d1,0.12305213565387665
a09897cadb789dba,0.032615376197270195
328299ca9da15ccb,0.0592102455393058
c95184d7971b2960,0.17777824870974052
6ba9df085d34410d,0.4384678938751159
396ed8ae6d33d2bd,0.1668866426308059
b058bc3c8a9fe33f,0.15548406758670053
77b29cbb7ea1ac6b,0.13994371078956067
c8d191e05666d6f5,0.16079707983815017
c4d716a53ad99b70,0.11064365155276584
31d17f992245249a,0.08202251058892021
aa459cbd8c781f76,0.10403762020259216
7ba0185e8220f22c,0.036524089982843455
eb077a940d0bbcbe,0.12212698635422034
9298c80a21191034,0.09357462198282365
037747626ac5db4a,0.05639691727779661
8ee7aa8b54022319,0.17984668513308122
a2b57b918f2661db,0.06070043550881565
e703b056b17c6038,0.053552702920195094
5d760ec696eac629,0.09710964961641896
68589cc32366dc9a,0.08222283075496022
83d1d02b456e13c0,0.08542277373710656
f5ea6585ff5edb0b,0.16910942948902952
32290819a9b6b754,0.07190342546241467
f0cddec42ddbe07d,0.022745846841594412
41d5134ef4aa43c6,0.06562166914470687
9a422d8246e3f97d,0.08956092069969493
341cbe1cbd51048e,0.0428335863656217
3d2c0583f01cd72c,0.09992489166809307
870996e4835ca83f,0.04311963518181713
28b09161f3b17dab,0.11271878501216709
051b367d8fe91233,0.024311581362675763
9b8aba50b3ab95c1,0.14708586014504926
ff5577bdd79bcd6b,0.07671588517281118
92e4eb0a0d4c41e0,0.25788859812676695
575ace0896b22257,0.2115196819685503
a16f31da04bf60c4,0.08278773983702148
cbc13a2671d3578b,0.02863093122829163
876ba2c5e443fd41,0.1724277743369158
5d5689e87dee129a,0.19777905499944057
71a60a6dfa7e1760,0.2358152599525188
f2a38a0b81dc90e3,0.1468157406297465
ec97de286c2686f9,0.0541118117021596
b77b633a5106f906,0.07541033575112743
972df202456969d5,0.05910936587512469
5d7f4e9617d1e7a2,0.035384847989404514
196dc3655d9d1d79,0.04801040069686014
7b9da0adcf1bf365,0.0514513219896182
b9d78de840ab100c,0.0456103638876761
803868566ffdbdc1,0.03384513011426899
cc5f60c8c3c2b5e2,0.053691871515995
88919e17cce1dcd0,0.031181230804108458
88bff82c05879a44,0.03499081292763301
aa64759c290cdf84,0.08083502272114007
b224a7d8b6f39ab3,0.09265529289138955
ef11b15a28910cae,0.04022273269143274
7e08eb8d4482e7e0,0.14887597765554916
609b606891c6ff2c,0.03520488689418769
07ecd08d07bac830,0.0875927269825047
aea578dbbc154142,0.14480227159626896
9c702ee77f731a28,0.08486699639598934
74a102877446027d,0.12628156606238344
dd13d150ff97f653,0.17444673794655619
36157f72f10981f7,0.06873646111489568
808639f0db0c51a9,0.08063623869148466
d809389ba1350646,0.09056292275620755
353512ba78ee6085,0.08610667023899893
207ae6c9e8f4fabf,0.06033897411712921
333ed3894f0f2865,0.14348349154766504
c8e41f868f963ff6,0.13525441385261808
c0436a45e3cdfea0,0.03687402278098562
497bc4409ccbba90,0.14061070882647914
b29f7d1224fd0321,0.08219914777069187
7795ac2497824361,0.1065732939585608
28bd2f25cefc0467,0.035378819041520265
7a5268c2c0ad3fb2,0.06489838766671387
9335e306e6ef6c17,0.05580869034469062
380dbd85787bd38f,0.16987331710127823
4df3a358e7ec87b0,0.0302898231747031
b423d03461c67e1f,0.15826194968489743
8d6c8b00790579fe,0.0670966584484764
75302981ca660bf5,0.12423131026747747
34fae39e3b6350ef,0.07140398397757841
47ee9553918d83bb,0.13685870025116736
525eb09cf01d4422,0.06784284674666052
f285090a9d6de2ea,0.16591041983686944
9a015d0a0e9dca3f,0.05873377273265968
5b9ec24c9cacd921,0.08704632115731756
80f6887bba571ef8,0.07623815583074117
a0121be4cb97ee81,0.03915437405994694
98bbb1d875be50a8,0.16087457678006278
d13d14d73f638740,0.08622668227895705
b2c1f66103087339,0.05943734972515466
ed544070c1558a6e,0.08204896919247462
6dd8a5af5647059e,0.08319668781291094
ec707e8be77e5bf3,0.09579652836369776
435ba973814b0e29,0.09783012406748129
a003759cbad0ca72,0.07754155237273336
4c1f413aeaaeca8d,0.05582743812342046
febaa69039e2d424,0.1228670762240668
1a7702c55d1c3c6c,0.1197454943505205
747b48174e7e8cc5,0.04601809568224224
e73a38787bc7abf6,0.0792319654542312
591163e5c881643c,0.15464690056447172
95f08a028b009350,0.038303032575554966
74cf8eff69e3ee73,0.03431841381323818
44639b509c809540,0.09532409232563675
abcf4a1f567f5b1e,0.1025417089183431
987d6ffc23a79a57,0.06993733891998355
e7aea6a6f0d83afb,0.09418793822236844
d9d2d9b2890a7999,0.07431216398407109
deeaee8dc56ee2e3,0.10830113917094084
ed44fe0714d05825,0.13890374249688164
68d0096d6964bebf,0.05143581541453093
8d52d8ee49e4e8ec,0.15729117733780668
b877123e88a6a266,0.07567297632698256
8aae92b438c0c262,0.03639900308343474
40864f11272e903b,0.04774997054750796
7583bd973a7787bf,0.23821371535586627
209764663e3680ab,0.07254144518159297
1802828e130f444f,0.130597004888473
c7226e4c37f1c216,0.16745377921669452
cd0110875b4d057e,0.09270914393197854
b66e634d66bc8033,0.03722863954737296
644bd7580a1fab58,0.06851684082455253
ceed54b1129eb356,0.07735549765517236
4a02d907bb4803fd,0.04273907365600908
d09af6dce02bcd02,0.041241006428460264
c81869bf2ef1408e,0.14415631496403325
455bd62f0c9a8b18,0.1611685547142775
8c648fe7475ba2a1,0.10985189426997413
e7c1606cda3f50ca,0.0595368505750805
386a0c809777aa8b,0.07389308304275397
882d6e6250d5d648,0.12089947182626215
e73fd396a2d7e661,0.051652530505811325
e1293605384c5923,0.020978751499093624
d8e5a75d55957e5b,0.1323045796479891
75e6395a1cc7d878,0.10526791338479669
ecc995a8d29cc898,0.11137231541613231
ba27e43ae6b021c3,0.06752979308226842
075b11725eefed48,0.1463382514172361
16e06a6abad58f9f,0.05865990814198374
039a18d8a9005443,0.21788405466141042
166eabcb1845baea,0.047378628947463516
150f221c402f471f,0.14758675787230174
2af5183224226208,0.10064079613910176
30a31bbf87301908,0.02840311792783528
95c87aa909d557a9,0.031137009994773403
d70eb57711fa415b,0.16012962223694238
9464555817eb4951,0.16549607661918675
8d4e5d5935a1a663,0.03234636292132969
289e3f76cc551091,0.08236909012764257
8646ded190e78433,0.09616336575501935
f2e3c326fd923449,0.04933543737292348
83f8985c38ecf25c,0.06217335211226013
8b698836d194ab64,0.04818160525250618
74a48ddff930321f,0.04154163947396456
79a5efbbc2b4f8ec,0.08027852883462036
6e88ede348b8871c,0.11860583023821963
d98b06d0f7e1b8d0,0.08817537360352141
dc56b06363e3abc1,0.08480448064340113
b5355653b987b958,0.07437688742519316
e5bc532f235bc0d5,0.031725698172600784
153cb69740320d37,0.05877827729841746
30ad5d4441533a6c,0.10098442713074263
05ba774a4ce6ab73,0.18912405178802077
ba467da19b1f2810,0.027511688176074037
9ad04a6b621bfaf3,0.12078691629149134
f605e43b08e76847,0.1333597279821616
fe2d494aa36b099a,0.05559266923585289
1e5a8f5e21430d42,0.09101306794382992
9b28fcb2ee487967,0.23827621143197292
2f1c0ef6d36a75c4,0.06749576140411043
37fc5525bb7de5e9,0.030774059191707448
d6538f0dbb2a123b,0.11429311663311993
7dde59a4542325aa,0.03381723526518589
20c617dcbd71f357,0.057854060214016165
77f00b5e8f833d41,0.13695324099848488
869a14428379a740,0.064980861435929
5fe5544f8e236559,0.09917010972945542
2d3681cba05bb562,0.19947991176338126
499be0abf97d1597,0.05162543723141198
5b423761773c3a6b,0.19589019789938045
57cfb14bc788cf66,0.1299526996573056
bf8ee8443882eb4a,0.13095635538524109
400e3c9ccfed951c,0.07216530080739281
95c34bd334691146,0.1432743290812563
441b99f616030e70,0.06955932090077348
d6449401e78d3385,0.0736396363875542
ee04b5380c7d4f07,0.17527135604982824
47350f4648bd6090,0.032647540237127716
3d184c420016986f,0.05519944975294082
2525af5583075cac,0.1302707086738222
37055ef29f0a3dd1,0.10452661197812058
741ca2e53f728930,0.1892488324361805
c2060532831835cd,0.10889557065349836
bdf51afd82ed739b,0.08292277406611662
87516eb4863191a1,0.10577217670138603
034a25e098498861,0.03285940114478453
2beaa963f217969a,0.2252176616250943
6b03ea3eb3783933,0.05187018645624601
99cd56ca4ca12f1f,0.04289164603432122
42288d86bd56d80a,0.07162006895618908
a5497f531ca73858,0.053469942844540784
6b8797ea062ce398,0.10148919126127559
1514a9ebdc630056,0.08519615331588315
6a47264adc77dad4,0.08594518857489034
4cbd1cfe1be11280,0.18912497269465273
555f489d111c7db7,0.061293012282671276
d3d1d52e817c754c,0.035142321623928746
80c2b83979b319eb,0.04688597727774922
b601ede8f1d5ecc9,0.02420171623411488
ac4e394f11848f01,0.15407746703807343
a5d564228af285dc,0.06773696388722537
872eaff0cae2acee,0.047671959473441196
ca524fe71b6054b7,0.08324066486649735
092fdb93d96ab75e,0.03185536442676741
b1224feb365fa8bf,0.06046339347396394
b5883c6e74b0ff0b,0.04754240919612511
7aade43a31d09f8a,0.0770898717924951
585ac3a63ccab1a8,0.05038946468856867
e4933222bb492af7,0.10587600176460489
d4fff28089f09f7a,0.12298202314667932
1faffaa35ce84d77,0.10250441011156713
27afb6fd6aac442b,0.04556151810629774
847a053fb85c500b,0.039849938654925636
9ad6971bd0ebf223,0.07043956597429021
a14e1a04f336c6c8,0.047015480246066034
50698da7b2db2350,0.07406274956073579
15655e2cf84c9cb7,0.14990851680095907
ef796da1e5967ff4,0.1753320490867749
9331c7e2dd294fef,0.0958049199311078
b7796a59af546a3e,0.06864305954549377
d9279cd811aae7c0,0.0678407660045979
df81c08c47af6c59,0.16083154478282363
1b9dcbf8b65b1a52,0.11433117280267252
dd377f760a65ba2e,0.13388071091374035
995b4a4b97e53e5d,0.08629957861511356
13b533f79e5a5caf,0.12499033098079633
d4c903b8efe43c13,0.23831153254708431
4fb9e1bf5a2f571f,0.14985884671132543
ed595c03e7747694,0.043304501640521124
73e9645c3d48fbb5,0.029392348052664802
a4b5405b00736981,0.1509538070020368
2a653776755ba7b8,0.031211401581363818
158fa97bf999e010,0.12273647259136246
a95d0a261a3bb142,0.0675630920524298
ea46e88a59d4fe5f,0.030523026275633566
6496d7761a0c6190,0.052491795523783163
6f4ba984b6dc3289,0.07134242101881633
5afad3e6c2fda712,0.05236960372523375
02effb9a084a466f,0.07009153759555778
f43a5e53fd455d87,0.18266545749820806
49bcb75b2ef9551f,0.033340498286518826
b21c8167caedde33,0.017695704278458773
15d2bbcb8c316442,0.03488933822532749
523bc8b194fc69ce,0.06663904440310447
d7b8e5c99743aab4,0.08716807352092207
3ad43bd42075bb8b,0.14569968947255335
812b9840da2dccbb,0.2677558408153811
e70b5a521c308e83,0.13670481536862322
3c45ba8ca9f6f412,0.03330217483883744
7f616f8d83b3eb18,0.0665093047226697
26c592e1845bb489,0.052750276992920876
68d37c0a802b47e7,0.1223658786708973
d8934f60893849d4,0.0315542091511522
2a3dc482e2f9765b,0.10020843315255548
016da23592d81da0,0.03568078100945693
4fdfd4d0c0f506a0,0.15917393399527968
729fc49d981fa3bd,0.060620003120513744
15deccf643c21df1,0.07966747191694351
7daf2f242a027468,0.04577940636262816
d51a0a86350f7add,0.03332325049041725
52fa3a33f632aec0,0.10618644890591639
bb4d95ad5da1ac87,0.09057193089583868
cd23dbd0e165834e,0.04812799293479747
ba39191a07cf9e7f,0.10391930079600269
9ba5cac296310d3a,0.1898934478363774
d322c51efb437d17,0.021579454905148555
3af739b2f776287d,0.13824970409346365
85804c2e9c6d680a,0.04336719728833603
cb0cd20b25649838,0.05349442451816202
12c942ad8a277403,0.10185138960412954
289e502cd91b1547,0.14390599234141632
31c382a7004fe972,0.07458590645490806
d169a1c279a46015,0.5069899645812141
f9b4abfb6291393e,0.06871655102339863
6717d92d92048fbb,0.10183686211597727
469f41c8da1eeb41,0.08716665709113419
769314bb014d1235,0.11802684194342918
ff2e280d521989fe,0.05904369947598834
1d52653d4f3c35fc,0.034298949454317634
4c0ebdf6c9dd9fb9,0.0445854403046391
8e182e2e4650cebd,0.15818655458585792
f55714d17852a183,0.05212876320216703
f2e291daed34f717,0.14925467439420018
2fedf01adbad6180,0.03441886393318034
7079029a20553569,0.1109811992788989
7214daf28cec2f25,0.11906846437244277
3037ee52ce757f35,0.028738704093627075
301594a1fbd58308,0.09011375368225136
971dbbb99046d9fb,0.1450479158996677
c7647059905f4dd4,0.036462492517532974
796f7cb75fc0eb55,0.17203773645260967
bcf00da3386bb946,0.12457504220231869
9fde66ee9b59f95d,0.0242247343930442
752d3e65ebd63369,0.032860401051807805
1a6bbae0cb804476,0.06140365842798676
03cac4272e7b8e63,0.13642457313149248
055fecf2717f29a3,0.12541291383484363
a2aa85d0e1bc4e6b,0.06621007588880422
ef9db57cac44e529,0.07758708264647102
8c91442db55d9d64,0.0941642689076896
7cfa3fef2d1a1dfe,0.053470447933748694
56ede8d9842e0590,0.05820853163519271
fc74e63ad196960c,0.2545679946708254
342867ccf7337815,0.03045501675063972
866f7ea3c4be20e6,0.08098838182374302
f45494a74c712731,0.12604033693166358
414228464c8b74af,0.10656505751306036
e4a3f7a35452e28c,0.1254259222102153
c1eccbf012d9a361,0.042481457564964784
a715e394b41f3a16,0.032589927485463806
26a24b8218ee00b6,0.18474369221486664
db4b58e70acde06b,0.04101487535292761
deaf015c1e137149,0.03144036749825577
9d4fbfbf523a0472,0.23601600559985425
ff7e2911a22e8008,0.16925644793886746
30449ce55b14d344,0.03552837757477774
b930073e02948360,0.0970084984553346
9326674b4c828c15,0.08760145901874147
a9b474db35164846,0.11279079265307973
9183d88dcf308c8d,0.05751963385720006
47c8c6f64cdc0a43,0.05678060887299152
2ee4722095033329,0.08149385396859202
cb8a02ecca44027a,0.024292875597729614
1925e9dc63237314,0.10832595920374313
dd36f08b99fcfa16,0.22154220423553278
9bbd43f6f760c243,0.11454650342196843
a766359aef66a25f,0.08878147251302568
4d10a4698fff400a,0.08224692352462708
44a6285639d7fcc7,0.11515465016399834
a64ce0de598f4714,0.12600880632038805
8c887a6a554fcff6,0.01719763773128567
ef3f3402f7530e37,0.02834517826926195
e9cf43bab751f410,0.016215135718514538
1245634a78a3136a,0.035633943556134216
7c5ed75e73c20133,0.05954387613403382
ff7628423503cb61,0.042398262564663405
55df3baf4cb22442,0.03165549381007164
20497b1ff5df51bd,0.1481909935379243
fe1c1e2e166d6943,0.0849019403945536
0a6a2ebc3b004ba8,0.07264338703969542
ba16bc573e1d9a6e,0.13605924047006304
41ae92fc5f37cdc1,0.042041060381523256
ae05071f58d92774,0.053292556466245714
a8d4083bb2383da5,0.14242198764228536
92cf17c3d59c9b61,0.030655512896630252
f591caedceef4268,0.03952111153578905
e3d006785a8a409d,0.07369534684918416
dcbc913499301796,0.033952523059633595
b630e1af9fc1f3b9,0.12261866871658555
7d6a1e459131bf25,0.15978718099762002
5f891649affd8c18,0.07920296693428588
7dc102adb7ad6667,0.08559573033576309
1b8c16064d0dc4d7,0.0638507364497293
8e5286a9c7d73ad0,0.03262638236744677
147e554cda420ba2,0.042567090618335704
18517e2df9cc10ea,0.07196478472430395
54ca2e9aaea55320,0.5140358768301451
a923278148853286,0.09689507889788321
cfb35f11977c3be6,0.07636123706533415
aef8a4667274a47a,0.030178028787235175
2c51172cc4d5eba0,0.037653623105587
494446d84318c9ee,0.08567785467391503
aa652d97612fe50e,0.02632391278773247
baecb9e5cd4b2907,0.13540096353137154
c29488c64d211da8,0.059024457110587944
28746b4c4b26d721,0.028592036952463904
8a45d03fa3989bff,0.07253258038837726
462b3e544fe612a2,0.10153368620876632
359614f152fbbc2d,0.07404059652017714
5e953db789137f0e,0.13539685494947098
2a99aaa9555b3dab,0.11877958023792738
aa37a77bc447fc0a,0.19436660624250468
8c0d7f3ade155e48,0.034715090418356354
45b05dd1071039ab,0.3459781680041445
7e037c271c23576a,0.05767911919624787
9adb38d0576dec06,0.10790612787637219
532c84dea557da7a,0.12164854553787391
6c302b9662d3b5c1,0.06251198306604337
666231af023e8fd6,0.046621959363548716
9c06ef2fdb037a79,0.09200561907185441
65230a28464587f9,0.05143165360964008
b3ea4baf43182919,0.12509678536412216
c1f297271ef8cab3,0.04054497364950473
7c58e1fb77913d4c,0.18033245686349264
00ece1c11b40f8ce,0.024383085089246845
a820b5633583bac7,0.14785449153447838
b4e9165d8e2aebad,0.04616421383146804
85f20d358a8d6ce8,0.0987359051336486
148fdf734e431091,0.06436420858120614
67708062cc529759,0.09481308395100942
d764e50c36756862,0.23791376244502646
dc093657cc4bfbc2,0.08299953182507686
08c0597e111a2388,0.10212070033199158
58fc68c0720d8cbe,0.06099779652994135
387b7309eb20b505,0.1077733221755537
cca31a05a820ea88,0.15408688226093858
be7e5b7b5839a348,0.10073911936216715
ef7aa159ba83917c,0.11052051373996563
3dbaccedf2355696,0.04390797093832703
3774263bf5c9a393,0.07577472735516648
e830f76f4667709e,0.08807819555246796
c96965b10fe9e8ba,0.02876875400199616
aea0b2d75bb410f5,0.11110133757965102
892d778bace3f693,0.10704541395222082
f46440975132762e,0.20117082767926348
6084fc419fc10f1d,0.15620207636824504
c6fb1852daad742d,0.05905006727605358
2bd09ffffa247f82,0.049287404489226916
5ded576ceda86075,0.10066706102684868
c066afacb3fe3a52,0.11190320205375054
21e99c194e94917b,0.03349184692692096
7f4eef61767e4c67,0.026205755773337926
dd19efa057bdb4b9,0.04150340444321987
2b309ca794e9b11f,0.22873396858637446
8428fd508cf86cb1,0.08957399707344117
bd059d7efcd14494,0.11660878767372171
7fcd9aa10e5ab5aa,0.0861937296912117
9398c438c5fe8b90,0.04354670869443353
7401e49aee3edc69,0.09505790387275703
0520f17da71602b5,0.05785672907316074
efeb31befebbeedb,0.0450308734464642
df3fd48fd3b3331d,0.08850029250052463
14e14e2218536077,0.11306822051470831
1f92d25274d4f038,0.07502087798393162
7170ea34f6161e69,0.09355473228745549
04b0152464b775d6,0.06093989260233138
7653ee403f88ff26,0.086441153817754
ee84092d5d680f67,0.16949195014249385
c41b6329fa5e7012,0.0366409349122907
1514f652f00c3b36,0.04921198663983398
0c6d11c69bcc6f46,0.0629954924563921
382f75d2edb9f457,0.13952509108505898
ab482dbf08ad90d2,0.09594327210425524
5ecd94cb7901e72e,0.05233940204383493
176da975d008461e,0.08683435227465972
882d984b9b9d8fb6,0.060485941991827955
efecedca199bc74e,0.16271290174103575
5f185fd802f0c00c,0.09001543674772935
b7be75c69ddcfdc9,0.022341284820840877
4da0a9696b2e9612,0.053053328170652114
755bd669f9bccb8e,0.07747352278336737
dc744a1038657389,0.06341280096617918
f5565f23a877bd69,0.09611751333101473
45485cf629983a40,0.18314340550855546
9d8248668d721756,0.08072555379545779
7e637102a104b616,0.03924091629252259
b9095cbbb40751d4,0.16358805485308267
b6f5bc351054c7df,0.07932714283711734
d08fe94fcb0dabad,0.041836133392389695
edb4aa5de0832a92,0.05968696307595175
b142c9c1185e5f66,0.054808100335317925
1473309b954d71f3,0.14455344229241565
b604a5e504b627c0,0.221635200985046
d5d6a72d9d2c827c,0.03643177520126124
aac5a801e8926a83,0.07804666364170267
45b600cd20830ac1,0.12450632469390069
8b6f8e193f28c495,0.05001813615513318
9cbdc55a60ad3994,0.028953969552928886
59cc8f62d55aab98,0.024499349322022503
42f81ab5abcba09f,0.08372808888702393
758524a5d6a74122,0.11555643166369176
0acada29c4de07eb,0.08309150571140658
6bf56d0ceb2c1ab7,0.03832510287809173
03b29070bb68828a,0.030589321419133182
2f553bd8ba413efa,0.029807953361850097
c3ea0fbb29a15317,0.07363297229485069
797edeb1c8a9c95a,0.07013861961888924
beb71749be71fd3b,0.11128417318564635
c660714dc6059849,0.0646539218146514
549961b37bef9764,0.02825876948713326
dfac78eae9821675,0.026892464402446473
588c204b822eb2c2,0.11435338773983576
e96e43deab9b69f6,0.16190796070281777
9c9a726ae65647b0,0.03695279215854935
58f635ddafc61c78,0.2695790649991281
d40624f11c720afd,0.1483383095133975
73575ac328053efd,0.07804529413432545
809a4127b076294c,0.23386000305971388
d476e643d990be24,0.02929415916108547
4d04534027759be4,0.06844886295493541
72c2c7664c8294e1,0.13223007770114908
d3bea4fa475618cf,0.08620055824305256
7af7100957117fae,0.06761478148493591
bfeae03c16252052,0.051062895588924885
dab19b0b61104952,0.16652614220567147
8b72f86a4e6a970d,0.13063819145412514
c775b6de816c5092,0.1527997944438815
0de6dca19e114646,0.07521964290958238
0ee2b0fc31b7cbb6,0.04211117885451976
3363b132efc51b9f,0.23097583771430372
ee924a0428a40a76,0.036587876261097566
ac3726dc72e71ad0,0.08737033659620559
374584473bf4cec4,0.05676536544170628
e6b8e496d903523d,0.0803859367916658
8fe009970d6cbeca,0.037761819895460694
b03e574c8770e9d1,0.04993115054477097
27905f95e6931f22,0.06760386432720625
8099a0f72ee1a1b1,0.04897993359237842
5fbbd8a6f4ba3669,0.04114605094252978
24033a02989369f5,0.1422834295555111
223faad452bc6598,0.14562220119919622
c5c13adedfefc67d,0.0638300495286423
ec24ebbbc53f73ce,0.03484883672005032
3a3e4d31cbad45e5,0.03822251231780159
79763f9ebecaea1d,0.11251676907546572
46806e41926c192e,0.10197271010859425
a5cfdf6746ec5cbf,0.13625738459525533
0ddbe3ef0aed551c,0.043957158494391635
b641fe7061b46442,0.022574068900685904
be98835c447eea49,0.15986926997595258
98aa4160c7876f0e,0.1846466347180304
0753638b45dfacf0,0.11333570088738895
e938301ba66e78e1,0.12817208850017192
64b695db5b68b91c,0.10388306371790709
2797a5b06b8c68ee,0.03633063334788043
aee53ec38b7eb6f0,0.1383480455491303
d59b57f46a383c1f,0.08312938674606718
8c3a505dd927009e,0.055050077131365095
436e01defb530baa,0.023188634691560905
2f54c0acfcbfd646,0.1408853936783056
20f15dad96dc92a0,0.042635037627203186
8a16a230e343a296,0.059563851456756564
fc511072e8631203,0.10960921346437807
5d976c71ca9049f3,0.12183955537742791
b207e579713d5841,0.589837023792864
ac03eddc2e2fd2ca,0.1388450585825841
6b1e6ff0118fe59b,0.11803178940531256
2cc92c1f6bdd93d0,0.0764019572056584
f651266acfce6c0d,0.051570631119730065
c3b49d19c43acd64,0.042348978639455734
05a27ebb8a82cea7,0.40099310555044465
f32c511446a68874,0.057608622359418715
108d6b400d52aa73,0.12786150368801585
7e3cd0895bbfcd9e,0.15070689371246232
2245ed07ee31662f,0.1183607728318446
c81aede118be0e5a,0.07152910878597901
d664a113973613cf,0.07699118127615973
2899dbe3769e8b1c,0.07660013752268018
164d8c33239c5511,0.10884683152563199
e753bb93c30cfba0,0.13548808249715158
4493eab669361ba7,0.055666960443963104
4e55ed26dc79c3e0,0.07960848048304334
1d2f7db4504f10b9,0.031385020867072254
9749ddc8b2a3a385,0.03532193542944091
9aab93db4ffdba7e,0.15294260208947164
88558205521546f1,0.07124860810375586
02a8e05f667b2fa4,0.057287240369230844
f95b0bb67413dff1,0.10641911830802031
b821f8fa7a26d286,0.042573597116417575
bed1456aa64d60fb,0.1324684142525093
685b1294dc5f8cbe,0.13878034656853372
79a0510c936f5eb5,0.1319428235522902
07f28f119366b484,0.05080865438199103
949af0edccb8d159,0.1485052947216771
9965f63ba2d41ed4,0.037205070512874465
f635cdb577ae5471,0.1209341425430712
6419d144df4c87de,0.13826585253578202
bc7f2dd2340df372,0.023388441708936766
cd35e912794bda2e,0.0601260122395824
abf3b6dbce73db98,0.054547848715518654
4eeba8a4c17e4351,0.07944243472793455
f612b9af4ce98bda,0.15585325871444006
d8120911733689b5,0.054439731220632864
723bd2532e39f731,0.08082030995120187
3889ee7a1f5fd62a,0.11068862146947583
66ffb196fbbb4006,0.04921613482294974
53a1c51ae93d0e81,0.10669007716672048
0a4f5ec5f9339110,0.03981988549591909
34416b6b8b600a61,0.04163594024887193
1e0b561b5df0447d,0.1537417940782409
43e848bf56ec0bb2,0.08815371204657466
1ace2be427eaf92b,0.04464480862682226
e24ea459233ec078,0.18760487609484464
e019c487befa7761,0.023711541705188854
7734ddeb14b3d277,0.04455166602797031
1961aba76570acf7,0.06351341484359609
276265c86a0e2a26,0.042112961330550674
4fc5594c301766d5,0.12299094419581794
bfd20f3d76573073,0.1006424974412373
8526753e065f5b50,0.22377186619069234
5c03ad68783d0d61,0.03541190494885574
9c83e80d019e0f5c,0.1016666008486312
4e6019e87ab5ac6c,0.12278386616850377
dbf6023ccc73b0e7,0.03525560071675113
fb35b29ad551c9c9,0.05190740262818429
3ab9a4e335cdfda6,0.06990262580273537
86fa9d51e632ae1d,0.08441439227390626
ab30ffa9ef0220dd,0.23301174025854035
ebfe496544b5a6af,0.13432610876897774
4cb026b93d1e4edd,0.043538929733262344
426a41478cfcfc22,0.05369466705648951
3e16e5f885a5764e,0.051895177517025715
dab52f137b1ba008,0.16064785535441556
a7e545c29eee2bf1,0.054847711335068494
6a50159c50f7f9d0,0.0323956659131686
ded3c69308607da3,0.18215290993043945
921388faeaacbc80,0.2325992718597884
8c90e1ab4a546bcd,0.0711949497028729
31b1827fce88917c,0.039332113220490315
d97cfaa40be224a1,0.036717698277612704
b4dae0ea6d15a25f,0.08985365526198551
ffb033e54895ee3d,0.14735582429109845
2b625e5d9c22b0cc,0.05365253290138773
87605745817d0ffd,0.019070339639969486
9717417666a66daa,0.04861094520158665
3267d4ecd26e96f1,0.046777605657581184
3399800c4f113d8d,0.10017970067271906
f457366f48f27702,0.062454685226831994
5a6c4f9b661a0ab2,0.12356699224737108
76628bf9d8b6b0e6,0.4332684197383764
997a5333179da7c1,0.05535858315291263
044dbb2023ecc53f,0.2082140613126361
737497734f709843,0.1606221252360355
fc7d05c3ca74b0fe,0.06127955397678765
f5b74bbaa8085255,0.06550933854944285
c1d1e5c41f539d03,0.10965893767196563
86f9c72ffb536f2d,0.3341416843275342
95b9d46eff640109,0.059475398274289326
3aff516939a3de92,0.06623711980957467
23c1d6b14d960725,0.03851982485441847
0b0950c974175a86,0.05201111578125477
e94d8ce0ed816caf,0.059814166375815436
037bc4751346a482,0.12556749699385314
d43c5617c5e69df5,0.2910368969221918
82c6f27cdcf850e2,0.1715432914407788
7652727437cf5e6b,0.05703152529664604
86f089e7c7ae0d75,0.060681030364649086
b9d7751ccd00d9c9,0.17251446941914964
0a079836e9e1ac2f,0.06562209055412421
90461cd0e33baa56,0.11644390817913744
825b16c4984f4382,0.11618210966172293
9054cbcd60dd433c,0.06919627186430785
770e4ea8a1273a1c,0.08988458774075708
518ad8ed2ff052f7,0.09348229139114095
f12c4df4f05fb6c3,0.049148645453709644
95a9d1c987aae5f2,0.10973642746273515
1d60b64e1441c91d,0.09803649697835992
84ed70c1cda568a6,0.08843965935281067
3d6e8f3a5d06c7a4,0.04312711756079059
eb1779538632b044,0.041091537016585855
bcf84068bc4b5615,0.07658501161731382
3dceaab87e5bd6cb,0.08450606852794457
c86b418e43874d34,0.09762468347533922
95397751cf365c4c,0.0988110030334487
e80b64dbd916f780,0.0555488057352551
d2a231ba481924eb,0.09911663359103322
e86aab1a495bc94e,0.026252105530913682
4c088c5147f6cc2a,0.09565658650633518
746c9771aa5c751d,0.07533559437682766
90005adf46be6af1,0.019849317268102504
78338f5a63e742f5,0.10794019779588541
9c3f2d29681d0d34,0.12457457878827201
f93fd851b68279a6,0.19611863499072324
afed2c838b247303,0.1747988825619976
995d752a3bf1fbb2,0.08902783650846868
33609320e5c7578f,0.04501168844540522
1ecda15121ffa27d,0.05204651185763605
47b2accb2f516cd3,0.1372148626873794
5571f2482997d163,0.13581462862537172
32897e94a9feeb0f,0.19741895760532774
3d5fedc7f245d35f,0.0630282689799112
1b4707947519036f,0.07901197462042259
3cee4d33cd4686de,0.08272480079300043
155f6d74191258a2,0.11852658173336336
3ae6a0b3d379dce4,0.07114831939835178
dab9de12664f7b0b,0.08766653640114822
cc73e04980d2167e,0.060822748595829215
be7f0f5d2c65bf06,0.09042489712108015
dea114b428048ebf,0.03013807634870916
deece306851a2a78,0.08053649799975521
d1ce358b8f732eb4,0.05382249909937196
e025d916d395fc1e,0.12097857951620553
f50d9be3d733fdc9,0.05271217629853642
a6c0d8fd193f76fe,0.07349353643486524
569e045332c790a0,0.11410866114565357
977114ec6d208ff4,0.029732082961165487
17faede0e698eb93,0.06876405135868603
0610c3287750d822,0.09330030689096697
58e6e26dd56a60a1,0.0364562174687494
bc263b5b32d9ae07,0.03931560502659838
8894323cc5f185da,0.03153115499103453
e8229221a1595393,0.04717615474933193
63c589b1e27997d2,0.12392539589777704
fe21e0f0344dfca8,0.1160437788413999
7e0194535136acfe,0.059154779391600035
cc859709caaa52f9,0.03196977658814115
56e7153dc35c0573,0.03773967119016704
c76e1ab42940cee5,0.11779000908380367
2ed46ca4b8d10516,0.09231578498298723
ae2f86a0a6c3b696,0.07447588854294093
a05d11d463a21a32,0.0492667936145669
89e7dc0647f4db8e,0.15818430989409937
80934ce845013628,0.07887468553934006
f66422247e89d830,0.0988113174363759
b0a301739cfa2228,0.035804517899117455
42b93c5a8b628ba5,0.0628358332254084
f74f1673a45ce9b3,0.08933929132092594
2b76aa4b82e23768,0.06789978223305868
0d6190a27ee0d6ad,0.15700217867554578
7492fbffda1eb950,0.06254735992070767
35355c2d5692cdbb,0.15892373492481637
de976dafed9c0fc3,0.10939779238883607
e2601be919261723,0.03144398051816314
f56a91dde5defb60,0.06533165133059952
1a9c207021895aad,0.1425425572862224
86ec8e715d2efa2f,0.09258316502847727
7762b73652848f92,0.08174946186823934
ccd34b74bb18d71e,0.12076350121278784
eb6c259855aee52d,0.10575018615570148
7bfe956eabaf5f10,0.06794293397388693
38c6063d22fa4f9e,0.14793920247176784
46b7352aa3c8a1ba,0.11500572712882884
049fa3f6cc3a62a7,0.206211375494886
5f77b44deef47d28,0.033990404555651485
27462f3d6cf43575,0.06635585552251058
ca854373b937b419,0.13328790439873897
1f6eb5f2da254111,0.13535306666038058
9262bb44aa7937b7,0.07530737201460772
d81678051b65ebc4,0.10208799344460237
0edc1ad07f4aa86e,0.17008769740549526
a8e836b90034f123,0.042214966871701926
c729d0e49b2411cc,0.3915228749182764
db925a43365c86f3,0.08764252557787394
1cda28c15e8e4170,0.1423382943078945
ef5a97a20c5118bb,0.18859021302691975
4b990b98ec734989,0.1432701026709926
a96f328dda3bc98f,0.09885119603022985
b467b21cee5c9a57,0.03591274385779167
8c1694e84b06dad7,0.049123242156356606
7b038881fb7ec965,0.09789598790738362
60e46ceca8ca6531,0.04613597649464864
be2e51dc6bf61727,0.14513119829215088
f1063bee63d2cbd4,0.06873493763364814
1a3d53e660017625,0.07566293589983153
6db1dc15ad1e28e3,0.15481115491098696
34f0bfc533c2a23c,0.08409308845701635
76e738496305310c,0.0845120523780274
a76e95f0a09b03d4,0.025196008078906214
6a0d13d3e413c0e5,0.032247340823656455
e002702b095c4d9b,0.061094081640121076
435eb85f778a69f5,0.045639548172938554
5584a339491f1a03,0.11053828736400989
9a06cac14b623965,0.09174373371668479
b199a982f9480beb,0.21638883077462495
e32add368c6de44a,0.05452601851023765
34824decbc66688c,0.06934168650344508
070711d7fd9b7ea3,0.10799178714429541
a1656b509ebf749c,0.25416213374087426
ee96df140d42129a,0.3405259440695718
09fb51e0fded24ab,0.07818434524655338
77e04872ab10bf20,0.12016706426743233
6b34ce0940c8c237,0.13736902259174738
8b94f16483f351e9,0.11999392110826818
a7d4f13860590306,0.02784492852270131
66537bdf81c41f46,0.18123446158361167
3014fd36c07b8950,0.1120750641029919
789380ce86c031af,0.17822976228542858
dbaee9defc780591,0.10261098743267798
bad0375f198257db,0.051287200814823006
a7b766569c6f66fe,0.06065158402663473
efd3fc92b86b90cb,0.08096490717609121
3ca6e7825d948c12,0.11182650863994423
5c73fed8f1d584c0,0.05820993302585424
cb7f45c4ee30e84d,0.1117771941262779
aac70ac68209f1cb,0.15438540200819667
fb253a15132c7c36,0.10011130242741723
4f1ad3d1864799f9,0.17710472689147605
06cc890b7c3abdd8,0.03586507682118685
48f5b50b05af6685,0.03345475230933584
8abc163b25fe8f16,0.0323206642646773
5220ee550d303425,0.14644598528708336
8f7e85307eb35706,0.09211060283925668
dec525eaa4588cc8,0.13674249379619755
8a7aa7c3acead22b,0.09359302155347415
0618f0627df67711,0.12237840155947333
5d9929a965640bc0,0.07654024944559842
b45f8124eea44b5f,0.04241620724468301
32e371f83b148fb6,0.16583027697677344
83b9c322c9febec6,0.0849041638549285
8bb4d82df107f45e,0.08905928282494871
cc28d0d6ace393b0,0.07325698557449167
29c17f03906ad1f0,0.06762707140824162
b10cf30c243ed8c4,0.17992823147715656
85c180d755530692,0.04350888698756128
e9478d4c11f48523,0.022624584461155388
329d63bfe65d67f5,0.07200714113188869
4e7c7fbcb6fde9af,0.027718985067585817
1f2d4ca7586d9ef4,0.038864860206291985
04ff2418e503eb55,0.1177007945478962
5807d02f74d22963,0.11965305990067439
23aa15ff2408a5ed,0.03765747669187278
5c3fe62807fba6c3,0.03807286113412357
c97a3c1357c537a3,0.12948393388891336
bde91246f16123d6,0.0357942299290452
dfcf3493677dd9ae,0.029549840705809058
4a0cb390212d6320,0.12676437129151785
dd48f98a0e7c2640,0.06797147374411334
21669e26853a5beb,0.1150054845865429
c4c279dadffc28bf,0.13065448519531503
27f99b00db0702b4,0.03402450317789556
823a471435809e0c,0.1578901040349259
36d9872df73f0208,0.1049215632038008
69b691bd3b11f565,0.08421601875019659
051aab7c376493bc,0.021884220439126724
897a042cdd939f4a,0.23535749009760026
16e574aceb37758f,0.16484436293190108
7acdad670c7e177e,0.11031767691211572
af7211a4b66028fa,0.04041811890681636
3b768875237c8195,0.12272719337390844
a9e4e55b286f1971,0.11360236537366988
1e42f2e9ad67815d,0.07000888465973772
0d527f8f008f8efe,0.02453838022917472
4c2ccade1925c5d7,0.08588715925081791
b3a98dacc0702405,0.05003743664431637
9b8e0f7bf05d953d,0.030753585280839914
7968527b42656286,0.04706351393755498
caf14438584b43fa,0.030321725225698103
31e140000e0bf36b,0.06491570303386329
336acc52a893cf2f,0.07439807789673816
bce6e39fc4407c93,0.036930385878146926
d5e58bdbf23f01f5,0.04448748472135583
1ff7a8ec347ef2c7,0.0466584577252798
ce432d29b214887d,0.04192520884359299
44e820df9233e162,0.1030333782230686
fd036d6641276c78,0.0667590104365674
45c36909115a7b3d,0.14170278609108294
0c18ad3d4c7f25b8,0.13043170500485274
4502d8fecdca43ef,0.10125699409955365
9bf5cf3ace55851d,0.06275966179303259
0e04a1cc15af0b5c,0.02693980102334742
86bc772734133e12,0.11803207935806326
76fda8694024d3e9,0.14421767687112333
d244839566b6672e,0.0803163366964145
e165495e76c8691b,0.07107298871650256
18e8d9f4f0ed1ffc,0.045365650958193476
c198ddc9a1a0f0a3,0.034146057083820944
4f15b2cd5370863e,0.07143408038838339
5b71a33a75b4b41a,0.2324257158067764
85211a41d91dfa68,0.10497267564586205
31c3ad8e554acb99,0.07782535378994872
f05e3b467a207ea7,0.01846982114246277
20eea1cacbacd917,0.13045879218994727
338ac2331272bb7c,0.10481567049723087
e6740f272d44da83,0.1537474770565721
9368ba44560c50d9,0.08551824088238266
18e4039723086124,0.09721856006946863
c935d65cb1c5cfc1,0.04977282955970627
dd819f141dcc8319,0.03933233973764956
90488975d041fada,0.08642374729049712
a5aa463adede1f1b,0.10710322032476235
872ac9ef6cc6a618,0.038623169244919625
ae4040a11f651b1b,0.07825832734983537
468c82067304eb0a,0.12698292718472326
cb460a2bc70974da,0.037845542990464075
366ae30bce6f5b98,0.052520229790205444
7638518d282a3163,0.17127894266369326
633878cd7103f469,0.07266793513164652
73b8cda0da8e3c6c,0.08949329242436263
b24a01610939d7fc,0.03137071418012692
99024e3163df7833,0.15272259261782878
f67fd1bdae4a88b9,0.08810440411180591
bed6a87757540498,0.07478738456917364
97afe9a3ddc497f7,0.05059935957757927
dd9f348a3e019188,0.09291085477356886
34946df4f3dcb0b6,0.16285546676747809
9444819c9eb0c9d9,0.16433050888002554
fb4483e1ad010ba7,0.02583008524561177
00c68b30c299654d,0.10478278205229241
72515cd3d8b3aa9a,0.1273974115716338
908510f96be347b0,0.1418560014994375
99a21c81b1b48573,0.08447998954176508
22f68a423b09a5d9,0.02902284024575894
e7f04cb37080c9fa,0.019340558005610377
dc02fa202a12aa6d,0.050730874801064016
10d0b7f586529eff,0.024126542931965478
ffd7b011eb85f998,0.1055317002015192
e621dd32e1b264df,0.04132088389618349
4af1a1f24964fe8a,0.04615187776273888
811ce0830dbadcca,0.030382636363110296
19f0e848aacfeb93,0.10567964698305324
8d3f02ada61029a5,0.143922543256012
1e2a07a17f935db5,0.03459036312384587
32328db851b10b18,0.055423078838030146
9ee145457cc792ea,0.1924903056340821
ad8df560233793e0,0.04109731978953571
d22762aa0ca69d56,0.09018674983179623
f8355291593dca46,0.18650753504572182
0c612654e51e01fc,0.029157681160327895
ae7e23426e25bea2,0.032300564504515
e009b5beb1619a81,0.15070606384581978
520faa13a8c7065c,0.16149653737113207
b5f1a39aded71e0d,0.026050710965186456
de6cb6bc5b8d1640,0.10711537637313602
d51fb6ba7bb6913b,0.1653802475728714
a1375923af03ec27,0.11522660089677655
8c4b7d8e2bf037d3,0.0923172527471487
681405cfbc0dd97d,0.06302603193973692
992164c7365bc333,0.1435756808589928
4814a10f30ed6822,0.08681564037272055
f125562b955f34ac,0.0663641147317365
8665c174c23e0232,0.05485535472829925
c03010cc5ef028ec,0.20516422932384082
d2cbd396091301dd,0.051184524264533945
c5b700f429ada2a9,0.05870882390023702
07d97ad7c5757563,0.034132992315863926
abe88bd25b74cec2,0.24435365723188013
b5242ec51fa10803,0.05185736556986309
504c204a4b07adc1,0.04267727692358253
eb3e885ca8381431,0.07158995620523381
88019e77a7570235,0.17650241524204013
4f5b5ab494b7fa3c,0.09703277726045097
ff857c8685376696,0.15076741725365225
c97ffff5899cdd5b,0.2140404611780809
06d8545946fb794f,0.1417666477476121
86a18a847664c8db,0.09752398002195559
236b7caf60e83702,0.04335564595817551
b7362d1c5e6ea485,0.07541620778660711
75a194abbc3951a6,0.14072043561836312
0739352b03f43601,0.07663663859339419
d5fb0ad6dfbebd36,0.051560081180636215
ab3267950cbf32e4,0.12570574735006898
061b96409f1ecea5,0.04553459611269499
77507cbfe35570ee,0.032901616857542865
a36af5b550eaa873,0.07280079330187836
9ea7c406af2ba7ab,0.134214559347636
f67f1e53508bf00a,0.2021455390599089
c1e4dc287c41d581,0.03862966316472552
a53a53e86b02f37d,0.0476445914133774
608291782c527827,0.08195992137843769
d0ad07399c84455b,0.08743795052457447
fc8986567718f61a,0.19080207445701491
5dc1fc6a5d643435,0.11222711641330105
5c05741c61417dc3,0.0685540318173433
d702bbe78e1fa189,0.02930585202895305
e781540ac8518204,0.04940491624411167
7dfe0b8686f2f32d,0.10912771150956138
150a93d31aae72a3,0.053836010005497495
6eef12e9a09066d4,0.18092479219126606
636152d21bd16667,0.13971104755524258
c7f6af439da950c2,0.035788843655805924
27acdee466fcf485,0.5279719313025633
a8804fe9eee0fa90,0.030068477420229608
6192ee4938021f38,0.1731585820476379
fc02f9550afeac41,0.02598531723568684
7c9ba87d30178a3e,0.18267550368296656
a17444b2e1cdd78a,0.12062036438066702
83df6fde56cebe4a,0.058523276322468024
b35110acb0de3b77,0.142060936257634
9fc1dd40acc8bff1,0.13376756419271868
0c521eb5fabcd49d,0.06616683677329818
e081802079fcf55a,0.1478425075659942
12aedbe868f79776,0.025519989956652715
be8a2586f0738799,0.13688024762043932
077d63174223dbbb,0.043704762190572045
bf95a5f9268fccfc,0.030012354182404565
51ac7bebc69eaad3,0.13040235246037296
823b8b0cbed56665,0.09843534224071365
7b06037a7dc44eab,0.28335638871861185
c3468f13ce305a3e,0.20568534258292387
82906bbb278815e9,0.0369956662417073
26d93d94ea19b1b9,0.07616801514089991
d59469ecf7c3bb29,0.07398128261454573
7db5fdf7d9e7b81b,0.09978159354341076
251dd43cde3297db,0.08476980817934285
cb1945985d64f4de,0.08563217084158771
4eeb92e907af170f,0.0960660755968119
feb8fa429dd67ef4,0.10488839152183156
4de67c2419537ea6,0.04289067238422848
538e4f56402af36b,0.14916295351001507
a4cf878441380a52,0.1313901170955774
96be7b3de04ff62a,0.12306865770317957
39c3d3887c8c1a94,0.036951676554694626
1921999c1eb2c5c0,0.08999616127066691
d57e9b30000ad4ad,0.12549265666823936
7c4dea060b3cac3b,0.14425910053411753
b72576d562bd56cf,0.1485985457029788
e1b21c89aa287e10,0.05228216205305232
ea91d426f07b035a,0.06445888015602963
e3fe0ea3b0e68165,0.05974340927598718
733a4e55740edd52,0.1534440161357179
e3ec47884acfc533,0.2271663498735648
8b4fc284f4d71fb3,0.13131946413045487
ecc8c2db5ddf594a,0.025694236060503115
6a2e9bd8a0f89c66,0.10319745069433148
330cb959caca2412,0.16894131998282216
d9ec4fb651c85ebe,0.06260304853252475
059f9fe46af8bf1c,0.05954345872122061
3a4738e51c5cab59,0.10360949394889338
2defc05f8aab4fc1,0.18078666849619143
5eff676251527676,0.024854202310190393
fbe244ca19447d90,0.09929346514658474
6a795f7ddcc9922b,0.035424452145254894
31e47d59215b37f6,0.06780141974455876
dc507cec24e10ba0,0.14175793782487003
a6bb01f0933df044,0.0319192365932163
8d856f853ce1deca,0.07448551085393698
6da96325a4517519,0.09118677249257101
1154f92cf57d2532,0.026965876435850966
f6f5511b39bec2b4,0.04615028366189721
52b72c128d8d91b3,0.11575330888219498
75e7fc7c7ea0f472,0.11080907730163038
197817ba33606b5a,0.08528474937152028
c1951ebb86cb1446,0.15352566232392414
c4c41b18d788438d,0.13364923126968065
aa26bb9dcc890fe2,0.12720404837584362
c2c4703ee4c876c6,0.15521586436785995
4c5d7e0beffa310b,0.03403226548069866
83c908bdb66cb2b3,0.11734442840966333
f5402da16c14957e,0.06062563057770887
2ab80ba80d56a41d,0.11103065530641609
1c6b71fcf804ee07,0.12902958670200762
2f3e4501cfcf6dfb,0.10533338606516512
e6dae542e381015e,0.04019974629344857
eec4124d10360067,0.036951366408475975
9105a2588a4a2770,0.1083757861130627
130f75788d8a46aa,0.054732757366557215
8835b5e539659c18,0.10665677350887756
d219e6e0ab855f68,0.10178897182034036
0723230fe86de14f,0.10050553003697349
e81853b0b0f8c271,0.04891755690571811
979af46a1f611253,0.11177278426550882
945f78f066a99193,0.09539928726197858
9fd22540f39891b0,0.03478719213189074
2631c1e94bf99eb0,0.148996942178936
41d6c34577272404,0.051607042722601526
13285c2b73770aa9,0.06896457292753358
1d2b2b68357f4992,0.0435397288751206
5e3172665089f4f1,0.16005790233735484
9f7be9231e3552f7,0.12605092374911514
6e458ab88b4204e1,0.03558039886573726
10739a7eee3e87cc,0.05362308384910922
a326839f328dce7e,0.20950616123492732
2e706184335e4bfb,0.179259334728743
e10da35ed5233e23,0.02808122498604754
85df2a159bcafca0,0.11435480259475528
7e459f89aae58555,0.05763865561080614
c5733fd52fad180c,0.1502533315639472
d78be06de4424dc7,0.026970381847253748
af782e55eeec3b26,0.1779261407721559
a5428b7d3e5eb0a2,0.057188431586279356
8d920a6bdb004f92,0.21132815343770195
f4be0e405024df8e,0.15753580544335627
d5059f8f88290d5d,0.11167348180033068
e368d0170d51ce4b,0.10330299173677697
d8ddb30bad626df3,0.051234702455297085
d1e892e5a070ad3b,0.04731163665965943
8a30b24e45c8dd56,0.0842878870813295
7616820e7f2f060c,0.029728645164086943
35bf1de33ef37b4e,0.1983572803485532
7fc73341974a9c57,0.161789271302458
9f5bd41b72cee0ab,0.051306429481670524
44e5daba8a615664,0.1293816041943108
6a29aa78116608ee,0.12023620200309115
74c36fa527d5e914,0.0733457256465964
65e5065a97a00477,0.07937218306735308
2bb9d6b7e64b8108,0.03698788089104013
297129de9133a71a,0.03732373933249002
e6233ca37ff20ae1,0.1129715756195983
e6c230b1db202085,0.1499852091540705
042447db024700a4,0.035188107088204745
5347f880cf1bb93b,0.06990313176393582
f7f2f5d41652f6cc,0.033096495816363
71ccebe269774017,0.027555443055474367
5d89474915222841,0.053641366444532795
583b0f485ee37a28,0.04883432753200318
cc5a91f4a1b878cf,0.2981717382665251
636604af09feb6f9,0.02916412251381944
9149bfd2414e1f06,0.1262922726727509
69c71a71af3a6a93,0.052851553029056725
5cab1ef744ae1f07,0.08988007563181294
2c01a13c5bd11b48,0.11831832993563393
3dd5148c39f554e1,0.05214030153527785
e55b6c8712632bca,0.07202300863029898
1e70f997f11d309b,0.0622309800556179
0b5140a69c454fd2,0.04556541594803026
bf3433f1790ded45,0.11670270762329835
848bb9f5e15ea664,0.06689097194526268
ddec6d5fb5e1d8e6,0.148009363069673
483be22ba816efd7,0.051149928301778294
c5e5341d9853e204,0.0674227679204611
21afeb4d02745cb0,0.04439925240470821
214573582fdadc69,0.05926417175945183
1584cb670481cd0c,0.140480048106579
a5b74fec60dff97f,0.2119347510561917
500761048fa68af7,0.08874507137292083
17911ade8f9db4a9,0.11005157031734272
0d5e4ec73265e718,0.12519030541615925
9a23b511d19c5b74,0.08592753791031443
b0a68b6e9b5aa0fc,0.10058790484682176
f2408ea825dab651,0.08003629903356609
c46a0253ce15db70,0.10540998910259874
280ee758ffb1d1f5,0.08114262472815581
f120c6f37766ad60,0.044058807514316664
f0bd6e897436f50f,0.07854813719249285
d9838a74cd5c15d2,0.022302853424388272
ef4f4beebb23098c,0.12001727878065234
81e1191f9eeac89d,0.09061610741842421
38a4b85540a1d008,0.039263912077274275
583c98e432bf450e,0.07799428378846998
9319566dff410e11,0.10948648433723925
967a61a65ca3958f,0.0283137220360855
78d063e4b7ce7f7e,0.05551628217792587
d2f8e62df2e4ba25,0.11523909320609999
810d2f780629077a,0.15630558489257124
3515d882b6639805,0.09825670791361224
11e50493155c9e73,0.2621212707912183
4ed708372af004b4,0.18108983550810295
c4e45da34ddf3b44,0.11495381754214554
c8a93dd49c2a92bb,0.1746888548765779
0db19fe44a9a780e,0.02825878675961486
2b3538d47f1c15b4,0.03742058061244817
c3310c72d9734462,0.06209795852040973
14085746773f19af,0.04219013126941508
556db80d967a1693,0.08140236848931003
43fc5ae409f4f500,0.22414424335530236
081a87f22c3b38c2,0.1284240570609737
d375cbc133ed4f4e,0.11361627574372714
5ad546feb694ad21,0.08923797724063842
4f93720827de0ed1,0.07197097830646337
3aa17624d6ff3bda,0.027113859773706395
9242e8dc12c52248,0.10226074779054828
6842dfe6284804e1,0.20475064154127148
0d73a6a834744d44,0.07398906175707728
0830204cd861c6bf,0.03364520412812771
66161f0924e78225,0.11846421405546384
496464a4d50db8c5,0.11094720527682489
06324bbe66728955,0.1490464674841521
14f78d4e391911eb,0.03667457645884281
2b82c80f72759096,0.0522427286169085
098ac1d81b9e8c1e,0.13589760695315228
1b76ea6cbf734ce4,0.030439949200817017
0500bc92e5b55537,0.041914461251044505
ac5aed573f280b25,0.06050196364013424
ea03975f1d5baea3,0.05737429885304156
88b17a552fbab232,0.09980518732391888
b8de7af9fcdbf382,0.14610640452491963
1200abef5b424cb7,0.026961700810061953
31b60e9d8cfa862c,0.10925009174725722
893db3bdf6bcd36a,0.12032516374995682
ceb6b035da1d3d7a,0.10496909866417124
4ec436f2d7284b90,0.05611363917796631
8aed9038981199a5,0.05655358851341047
0004c2d09b2a5399,0.09588562983425471
5205db0c297b51cf,0.08886155402669085
fa00a8d5645e29e8,0.03825418111635336
e059a125b2f75271,0.14819480345036604
0a245e9039a475ae,0.08661346781257998
f6dd2588e26ea334,0.12360453029344884
973b401c5b3a29bc,0.07503539048872077
3c3d0acff02d8d77,0.10469932829479496
29614e0f15db6e61,0.09299350266195908
59556138531e1193,0.05042250850307698
6864e194fe467f06,0.08095382644245083
92d1a78a0805f085,0.09868567905482477
673c83d5875338f6,0.14467679989913995
97b9da49283296e1,0.048243862290542824
8e266443d27cb222,0.06944839905472747
01740ec6cd7d3fe6,0.13014134603504612
bf22ef3c96b1cf8c,0.04052315407450134
eceff6a46e6bb846,0.06902230881659413
595cd3775c548381,0.04486949735199828
dc88015ad74c395c,0.046582633421271155
1d829ac1fba966c2,0.044366869931639255
7af5a547c0ff87df,0.038546603346752736
42082090188c20fe,0.1810824700905156
f7c6df36a4354bbd,0.05196514160794152
fa583dbce17dca3f,0.11046003785608688
31b430017b021b90,0.16270298763573948
7efc9cb13b2def86,0.17948815076960498
d06fda4e5bcfc129,0.23569571744402215
72cb2bb85767bcac,0.1710252457236235
50f1226e03b9f878,0.047564557552171205
24eed0e6d7789047,0.08563640330640908
d026da38fc55bfdd,0.05530912416922347
47c591c2bae2052d,0.11291607783147331
92966f857e0e8aaf,0.05755794031882727
56b22e07fb9e4c9f,0.31900251449158024
95e7a0024d29a8e8,0.15037037071260195
77413f2ce0fc0b0d,0.06592396875812606
169ad5f354082bda,0.06769071764687373
cb6a3ddb00bb4caf,0.16672622805358295
c1351ef23bdee19f,0.057107178612014343
23e0eeea647bf809,0.0913790715909127
52cb9f8084c2979d,0.11332748837317283
7f071403034451bd,0.19864058784377875
64c6b8a675d8d210,0.07959970725576916
25bcfd9c6c4bc119,0.10352147341250856
68234d071437f6c1,0.03131462464610496
cdba54b09ad0a5e0,0.03709642987100601
8b2a453d25a9793d,0.27249033599875194
379b3cf15b5cd618,0.03238481817351773
04f8b3d8fbcd3c09,0.03815938531386771
8db2aa7a87a0b0b0,0.11173541298998979
09904cf5297e4c52,0.1363572718732079
e5d6021439d46003,0.12965934816387426
87a2e4212129d19c,0.16173926516062148
e218c57596992271,0.07601791538384038
18b98da5b42722da,0.08655641295194805
449920a89db3ac7d,0.212871700902642
9ce041cdc0639315,0.11933039153980227
722f357fdbd5c880,0.09124428294951943
d468cd43dc6a08bd,0.22378350761251692
9700c7a3ef819ef3,0.15681991159311465
b7f1d881f8c72980,0.03887286397205891
b23236c476c94144,0.2583915719639308
18dd1046074e1b37,0.09901596260299221
55f227029ee88bf8,0.04558447459001753
5e3b8e365345db58,0.045130427506858126
d97a5d6269148ed6,0.06272727341696863
ec6dfb974b3c0b88,0.1559087392935808
7ff4153e9bc66bd5,0.15340676995294822
70ade30377aa52d0,0.12455657919786597
e81c74c9a5e64310,0.1990321400062601
27609b892f19ce38,0.04288695058251012
665fe4d9e267c32d,0.1872663955667645
e4efa861a25c36f2,0.1367947471584856
707cf306deb0ca20,0.053523126315910635
53a0fc682407a107,0.10042126831712772
4bd91ec011ba7743,0.028015092435515247
3b7c880189ffdf65,0.11473291597468788
c5f1834657b1d9a8,0.10491775720747595
60a043d7036ea402,0.05021222012184379
d69dc65f9a8e3647,0.09814866129224428
c3978282c1335961,0.11958561817036809
248bcc5d97740cb9,0.07492948773855213
ba074101d0551828,0.07881448057339106
f22fd6cc76b9eb99,0.02922683470544377
cad3b5acbccd1a75,0.03274348286165878
4e3d749c5d0d8b99,0.11016820505224786
1024028ec93908ac,0.30713463031734256
db5f96700f81e32e,0.14658365840025864
d00456f5c537affe,0.04329130894310572
ae6c9a4ac1923d77,0.04662017197417105
5c4ef0457f9b795e,0.08561100013759837
a36087b510ed1bbe,0.19353936418818032
9700dc3668cb0d40,0.026324932719356126
e404394c28efb780,0.08312551960411932
0720a1b755cf55ed,0.15262958011259437
035439e10d353f33,0.07118313056394024
53421be12c0c7d0a,0.12703708040823175
c76422f9c7f1c224,0.02397471282138367
ca75e192477ae30e,0.0540352908417488
480e9e2f5f6eac7f,0.0906380187311585
b1b0c9414a07e81e,0.027818934701491847
e09f31da0edae6b7,0.07331822455395828
9386dbd09f1eea31,0.05298044588623054
4027ad13f744ab47,0.16760622635312847
dd57f9a9617410f2,0.13323147342586264
53816ae08db4500d,0.06985441308092347
d39479f04b318c0d,0.12283058595126184
5223cd189c2850d3,0.07530255865323816
8c0a9ec776187a0a,0.029174091706060536
387c460bf9c82eed,0.0975520776691381
1fd31e1faa118ee6,0.03315987949616813
49fba05cb591b00c,0.0354301656113893
bd80ada68eebd0b9,0.061298965917484974
0e3f686f072a8a0c,0.07315760879023564
84925d826d461c4d,0.12752524774984308
a7badd0bb8ead7cc,0.08611020932881785
e2c838fd32fbb729,0.06762550581730163
3a6cf220f53b4cb4,0.10560045877707278
9dacb79ad9fcf34d,0.06920746673501865
92aa4c1f7f258a86,0.14140148905783662
c85e22a117db207d,0.0371123052515142
c5acfefdb9e64f54,0.05697295627855532
26015640e05a3378,0.06943475265960852
834b3501453f5c5c,0.103862619031
42af151534cbcca4,0.06389707195442726
6342222ab4bd07c5,0.1532967293316636
cec95d0eb86b553d,0.11842853705125414
b4129a57f4c5c1ca,0.08115711578628129
8b51d76d9c838743,0.08848967609083558
36d6124fdfb6b5fe,0.07130255108473547
2212f9196bf749b0,0.1915588851867241
fe9345df75362fb9,0.11074911907692742
75774ccf0b19e8bd,0.029588320629908342
026c096720d1702d,0.12349818137309965
6aca91fcef83cdf6,0.08489151237897721
8fc4c42ef85eb9e6,0.20686458920418815
1b64496c26985a3d,0.03268668236239916
591d0017ec185df0,0.08640013006715587
028968c773b11f62,0.10850474779404007
3a09eb47d1ba4acc,0.02476855869574405
000019235d24a363,0.07516504335123884
ac5122e50d1ce8c3,0.10188390567490617
7d4feba02220abf7,0.03424561429915076
e59a3b16b4a6d416,0.1630619620311336
84a820be4f12f7cf,0.031054412199307373
2f535756a73607c7,0.26347418224414054
fe5a15197d453416,0.022219446233791802
dfe7a446a8aeb1c9,0.0277143443118728
0ba28eeeb91393c6,0.08374425850522785
6cbf1767b759c6cd,0.09722279730717698
a6e42b03d097a184,0.10646790643396638
da6efa9d56a293d8,0.10953798484611993
20eb958ac40ae3ec,0.03339787624704348
861472b884b8b80b,0.1814599718585893
83313fb5d3e30121,0.053359356865934515
75c00015b88462e9,0.27506502226717944
abad9a6070f32056,0.08646576005442227
dbb0ac574180786c,0.12434676059221045
1ff23956ddb48080,0.2047109102840657
1030748990c873e0,0.10260564319245585
3b392b51ebbe98a8,0.22536445880099806
9bd3ce96b5220545,0.037526349944478316
e80afbedc991fe85,0.18749077568845596
b892e30bd65f1cf7,0.11723236643387074
45be6aeb64cd6e75,0.06700954035051666
10b2dab220d2112a,0.14256953756792984
397e2c46ae990a0c,0.04753209390363905
19d3b02c14e869e0,0.040655812467784325
cd4dc389be000277,0.1824037882253344
fddeaaa21cf9f333,0.05518340780754605
c73cf810b1eec5b7,0.06690646688388507
2d89c6930c494b36,0.103016350149189
731c1ccc4e036603,0.03527921806230434
a9448f44773fe67d,0.09690839796273612
89d7d09573e87744,0.17291641049308992
09a1c2b53c31bc10,0.12664530418571723
6c6319f9764e8514,0.32579470769640845
f56bb1ad09aacd4d,0.13321283965268696
a49d99323a265849,0.032382391660608384
3ee9be6434e0e715,0.09836707872722183
875debef7413e1cb,0.11336463730798811
a2d775ceeadd24c4,0.15692696716726004
18c8aaea7c834671,0.26076238396766066
df0c46251bada9cd,0.11943384344887498
aab9add2fbc56aa9,0.03695408675099647
a6fc3e9da5c8e555,0.054987443460455164
f637661db81b90bf,0.32595858051127746
33f67c649066e956,0.06911046048872702
86c73cb2d30683cb,0.09940647445664053
b5c00f8557fcf692,0.07354424320627552
a2c9a8f18d345227,0.16861716253601322
5ec5cdcb7ea71186,0.06854721372349919
0f3e463f9177f7f5,0.10596519907106863
4e7f08dff5d4d708,0.0894253130348701
3bf84009bb5fc3d5,0.17236581704962267
51395fde52e82c96,0.13736435433923777
11111626d4279259,0.06619392539935295
ae179d72addf4dc6,0.038698640742481645
e88ef89c0abd640c,0.03643394624709448
c514af589b1c5c49,0.05005942565183291
ff07eef5fb056c81,0.15060543177734864
96fcc4e5d6f59237,0.34082373974305513
28c21a0768568fe3,0.13382785143690662
73627db8491905c4,0.05770286177859964
99467bd1e0347c4f,0.022092059345926448
f68ba1afefa7c356,0.17332611178581564
f2dc825ecdbac412,0.047702208732304775
4aba146c1a03941e,0.031129043483810275
80d5d6de30bce75a,0.08681940099600455
07139bc3c4fbcf8e,0.1281031277496285
e20fe10aec859d4a,0.2110570617433875
7ede37b476b9198b,0.1021263722650135
13f259dd7b600fe1,0.05761157513174536
351f432cde665f41,0.034227884812800306
a0721905432fac03,0.25651692529641007
c64298a4451fa34e,0.089890751062307
4498869b991b879d,0.12928846975301292
17636075cadd05b7,0.08017875974408822
f1a1bbb6f878a877,0.07687094020489402
0eb6903ad4fa3f90,0.08864105670401326
3188bea8d6f5b35b,0.13635637811743592
c4c409536eb6c51a,0.03121352953688354
d280dab3667294dd,0.09851499700961414
52c6f5f136513403,0.07344504012434336
5090d67fa1877997,0.07137927924754059
16b61b14def64393,0.10169840467445201
baafe2fb18314839,0.09403495387770215
4dd870bba94a4e61,0.06375051661252289
09dc62cfe943169d,0.03316042900389678
c479d440fcf7aa16,0.12937444170033308
8afc03aa50ceaa11,0.12218977517139473
edde45a77638faf8,0.030957236788998865
6d7692d9c32c3019,0.06670784414263951
5732b6767099399b,0.05559285313567745
17d91b5e97f3116f,0.040570427861131686
0d8f39533be9f182,0.13112240860670707
fde5949373183adb,0.1785795623977637
958e0e17661293ac,0.1730233775480478
c5216e7c4a482059,0.04216361808106518
903c649790deba31,0.0352726570185407
4a0069fc3386e06c,0.09975966456112889
a8ed067c70e68299,0.17527740306078582
2739c45027efcd82,0.11302562289777579
9cebb6633780881d,0.23028592040468276
61795ee62a8075d9,0.035470558720837375
58f2b934b0d49345,0.12235915161988967
dae79d85843b121b,0.018542403340818747
2a1568df2de08c44,0.10473154415981692
ee4fd2a6e3a78dff,0.07333988168051105
b757cce25b9c26a4,0.03683883743201309
66ff45cad74a6679,0.05652607716311557
b0017bdcd541c6d4,0.05755034096872178
a3f277c9b5c91e67,0.05529859972397843
a5cf1cd034f1cbe7,0.20110261718968836
68c1e518bbf4e77b,0.0547592719046029
39bc60ddd2106538,0.08443585901280178
6efa72d0df99c34d,0.1331576307411251
ba7209f117ae9238,0.13254945640362292
7c5bee138819f339,0.11760174091317396
0a18482d62e5cb36,0.08717768165996327
8e35efabb244500d,0.04478248327195018
43a9275d59ca040c,0.11797528230396301
481df5704a84657c,0.04499862171800684
4d8d82c65a5b6227,0.03483263306722875
f93eec03effd7d38,0.3872612210629279
3ffdcb2a25a0754d,0.10063885066019035
95109279ae9a6a9e,0.11947913694394721
d6ee9c0efd68efce,0.08650603225756029
74c4894e7bd0708d,0.12974413662704445
d33fec8f45769c79,0.10626815268539688
8fa4532d6a6caae1,0.02727298619606943
3dff5467e3be88a2,0.13295742912636038
fc6d9a8363c4609c,0.026819602040415697
c9cec12908a9bfc4,0.04920031667728013
a971fe519809a939,0.05233686529945755
5ef5d379d20d65e1,0.08035220357025469
e3fb799669853199,0.14568893961402
6f8c415e8466353c,0.07348159795348086
6a84824f0fe20d4b,0.05175332887680527
8cfc43e4b7c26f14,0.04579401774995287
de7c6a12dea21dcb,0.11336732482028805
d478e64abc5e2623,0.11601923492964678
437101bfe8957347,0.07344440240792219
6e285e3b9740ddd7,0.10787204962069571
c3ad227a535c2fe2,0.18032487170165676
8f43b3a85065f086,0.1566687781741144
90aa3a900822f96a,0.09450225790770542
c9000a6868faa0ce,0.17397215547405107
32a000ae2024ab05,0.031089250513494326
c4605d1a5e5e5f5a,0.1278398656333162
892acb659d8cf3f0,0.057809791167622755
c69855f3bb4ca032,0.02078334626517178
edf73aedf6b35217,0.07265674227957476
8877ec8e52d1ecc5,0.04362711654056063
fa3630178cfa8ffa,0.03801737802555073
9f5f7129d1af2116,0.12632738634326726
5e7e17e9ef20547d,0.12932954205373617
a0bb691eee0adcbc,0.04018504555905934
47aa950ec1d03709,0.05394270218675776
89b3fd466c092666,0.030528000987479445
f58ae0404d156690,0.03496925868355297
766c4ba6be3c0785,0.12191122007975279
eb2e4b71d64f3173,0.18721265188881042
4912ee4332177555,0.13229090217723144
2bef19c70fa1eb95,0.05306205379653152
c6686c6fb6297feb,0.19752127144286014
67508ac580fa166b,0.12923491762576508
ff311f69cd822985,0.055844042667612705
bfff1dc879c76509,0.12321966600041254
3d1fb3f5ce631cd6,0.16805119844660804
cc268338bd6cf9ca,0.14391366705950298
d5798960a3e8183a,0.07914426639528815
11d573b74ae9ba82,0.11919724389019054
8c8705f908dede75,0.19887841689901992
ed2bfbed36ac2b84,0.11812065493587048
89361517fc2f10d5,0.17260244618320175
1626bf6a9e33402d,0.1429046841568708
549de17e617d4cb1,0.032641432728346284
241acccc8c4c5c98,0.13714987884496924
ea3cd2074cfdd18b,0.03221002429474076
3482477cef332442,0.12086316982859878
4f0e6d903964496b,0.0425942806887347
55f5ac50a1704cc5,0.10649699601642545
2754a911af5ae6ac,0.03938624956231759
f2e293367584282c,0.20704887528250615
2efb3cb92bcc9b98,0.028194290078118217
5896699316dc3ab8,0.059893049760923384
2d0483ceb9c643bb,0.10730439074583843
efc8974e6723a58f,0.09047294860817819
a6a0006f726c94b1,0.11482012571539096
6f5c59612f3c92fc,0.44692388250331094
c78209036cd357a4,0.22219185062303848
db9a3030e417457d,0.038515099781456084
99988b482a1d195f,0.13444033764581415
52e13ab6586efd97,0.1731941194636426
3e8fbcc54eca7fca,0.057560159108693144
5bd1113a10668c30,0.07752849179796169
4bef48512ade85b6,0.033481200680494975
2882464c483cd0f8,0.05534232856655608
079b1ed9350bf75b,0.1168648963537754
7063caa968c586c4,0.045968267778405764
ec19c34addb8624f,0.06920259854728505
8cbafbdb15a9de28,0.05085524846796578
a38115fdbf75c1c5,0.11759205053846397
6d8390c7927568de,0.03733646885763445
00981f14236ef71d,0.1529109084489011
12f84fa2b4c572e1,0.021632948143862962
ca5bb700586628a5,0.04047423031497418
4a7058a9b89ae975,0.04745583593007929
878bc0b3326ea889,0.030649158339182955
57f748e3454293d9,0.09659483610129271
07949795ad3e2e93,0.11215212306966532
8cfaf8d91ea4f1c0,0.05424453758832164
0973b331fb200feb,0.5546837827229456
fe33cc8c6e5126c9,0.033941019092677896
95338421b02d6100,0.13703762291892088
6d14e413603d239b,0.13812795608883516
8dd0a5354bcc36ad,0.12800723556055857
73e26e96853b1101,0.027687805407916776
1d9173dbd30bfa8b,0.44348506016099604
b8164626d047cbb3,0.10752305434688139
0fb7907993c4b37f,0.36067903702082904
59ee8f98bf511a26,0.12026944710070575
0c3008cd7e493e83,0.15942610352707842
ca16172c325cea2f,0.03324540229269215
2bca85f81b167432,0.14665091151117068
22fee0166c140a09,0.2015412483993599
e2724c0840a5145f,0.052105836605451455
f36672a2c0e1cfac,0.08571352218628883
1fb583d94ee99482,0.1499285390989571
02f264a344c830ab,0.09222161146095012
4da6645d6969cd52,0.04035009602960239
44dc081e8f45104c,0.11104214420872283
2c2b2f0c44e4f0d6,0.049508518829943324
36b10927a5ef8124,0.16088427957971002
c1aaa1a11b02c7a6,0.075940498057748
052a4c4d54a4bc92,0.13647856944320227
d52322d3a4091590,0.03586274217703923
836f3b0ea82976dd,0.08764209506190032
76fb069dc8449b55,0.11442571758114925
9c73e1140fc59c02,0.053549018062326176
ae6c780a01769bbd,0.08152731454815206
ef3be0cbdd14848e,0.040446568610859844
3599f0b9c0feb095,0.021613465365255387
88664205bb714f9a,0.0393723159992829
b978ad9fbc2debb9,0.10216037697131504
c82c9b618c165d10,0.06727401741644425
0b15c07bf352553a,0.1485247864774409
7891a28610913711,0.12287771492162303
ad4639fd4e49662d,0.03784071016635619
08bf7df7a564e646,0.06703756046396964
7ed362e9d16716d9,0.03547172419740365
0ad5b72ef7c0ed2b,0.07496665284145383
511e654ff2a5008d,0.07550215097113787
c2cd9bde4b5e7a21,0.1314179043007581
5b3e02e26bec5e7b,0.11864132812080891
89c64c8f9efcecb3,0.07292784292381932
a8f6c6e3e62d6b71,0.0438742801632361
019cc0b8962f5cc0,0.11654245333266842
bc4e4242db6ccd37,0.03432862330182662
3fff2ee4dbde3d85,0.10171401177275206
dc37fcbe553235d5,0.052522973959070664
3bd0b86bbb97a337,0.056617335374960456
4992d9bc07447302,0.0473248242657589
bfdf1c0f0ba7cdac,0.16292023578088388
a6ab2d1d53fe912a,0.04026595677057643
1891df3302c7b348,0.03486157871062854
b9959e103e10b920,0.07770004236147948
0ef3c10f8c9072d3,0.06927245356225371
a10619d97fb76c2d,0.04152895224352626
0863a38392b70b67,0.059429460707488675
60b64acaf466a536,0.11952855650900457
12e3e5d6d9c41e98,0.15589485866151104
9523154e7d045c29,0.12973509080368553
c75a93ff5b4249af,0.03336811081658523
254953a015ac6eeb,0.1774739701049601
800fca2f6db1274a,0.11538845109767827
495cb7b810650027,0.037479573844372435
32f2ab9bccd62523,0.055460012221047496
710c1a24eaeead5b,0.04462827878801913
bc05e8a0b1a36967,0.0995512691522697
7f9c858cee39c32f,0.07273560477220563
d943890ab2a0dabc,0.11064320800135877
e8365a58644b452e,0.11724529183669363
8b6555b1e2375ec2,0.08486152711061423
2d05b7a2752c3cd7,0.05265357437574167
cae674aba0ce36bd,0.12539513469941976
ded2185f98f5d222,0.20654219891172415
5aa4335a084d6172,0.10616784942331381
ea84e8283949a22b,0.13827262575791513
e05b38abdcb5ba20,0.02771672868981523
1a8232cb16668217,0.024953513798099854
964453e5682c98dc,0.050336555387854254
6220fee3bc1e75ff,0.16440603306151608
44c74ce2f7dfda22,0.20002568867988002
0e420abbb67f6653,0.26897120178926576
381d753868abf15f,0.037035931449841505
c90e0c45f7fc22d0,0.03535833827836904
28cc75a35f51a8f5,0.1264968101342675
3ec9f6c06061e5fe,0.14856917871216363
b014ddae55b634f3,0.031974827944586295
90879b42c1e54236,0.10690203569666949
7e62b4fce61bbae5,0.12100829307290283
6e384e2ddbb3399a,0.06660007217574097
6f07849a73f44a97,0.21553931801464438
f48a2f5d095509de,0.1024626236906816
ba999a22ce5b3fa3,0.3380232615107775
ba9181802cbd9401,0.15135463123653858
bd73bd26225890fa,0.03693671305467299
64c38fe6742e3036,0.04979430064551111
df243043992dea1a,0.09863288923574637
0119114d3ccf9eba,0.17191653943167978
f21453041c1dbfb2,0.14754901644901713
65850a53164c135e,0.03662041777111972
48527244bf10d792,0.11811795264420838
cd4848b0c5d09b82,0.09893572737541535
d29250c293d24f3b,0.08789429119739936
8e49853ead7a7782,0.04719990918962792
c4468c09563855e0,0.07021984576879405
06fbbe29034b7d22,0.04202302390539854
85f4de85a28f72e5,0.19493970701248875
61a2fd323396df30,0.045286813173908314
57131a5c1fd27b0a,0.06680491878719204
97148caf47baee80,0.10700056687458204
bc00a7f9820c18b9,0.046878828319894955
0774fb3a81023543,0.09554535973071407
26fce92bc23cb74d,0.10844131202525202
c97cd71a9a738f03,0.06992825849534395
e241738a2d4f1fbd,0.1466407030356652
da7df03e550c90ab,0.06409274603515747
35c07da89ceda890,0.1606858770608618
5cf499e1908cd296,0.08780606710714595
d8e67e20d907c472,0.07418068802142483
f3135343f9e7c1fc,0.203833189710001
35e24477ff3e4121,0.07814068836076982
ad3c1d21283a66e7,0.08810180419987265
fa88a2d04837aa67,0.12623552178039024
3d8cc5538995bbb1,0.017721458916143497
2cd57b0959ffa8b8,0.061403623237612906
abf05406b1a91bf6,0.5147809424750374
0f7b3fdc5d781296,0.16359962793870894
03365bdfcc4be998,0.05941055987871067
b46302fe840c3d5c,0.09806391521788507
b1f966468fc49840,0.05977501505818647
6adafe7e6a6e6865,0.1758841771692063
e92c7a5333472aa1,0.16338842207878607
7eabeacacbf8b37c,0.08161111039055531
655d9a938cd682a0,0.47431870951907806
a26607cfecac0d77,0.05307913842824134
8d29e784c2fbc4ca,0.1771986205346755
0552a72825b82f4f,0.054135576525160226
8db26f10038d6705,0.05689958440663962
0eb4f40d8b4a0e29,0.054682499337907794
a1caff7700882d18,0.18340015184482905
ee70a37197156928,0.06295185288286302
6de1b2f62b6369e2,0.1763449447405971
9c2d074867b45c86,0.04837147292357306
36c975ccff63cd9a,0.12052499012844149
eac85b26c054de88,0.10086731150003742
318d374ee2d57a71,0.11776452374522983
ea743176167975bc,0.08097917052927278
3ab9fd28956b4c1d,0.044179592151130195
478582ec139d868b,0.11509102736665452
fb9d44e71840eb0a,0.07229880855320427
bd4fd0a37b2b9312,0.10343954383357129
5dffe03302a0fce9,0.23610078077779584
d94e1f4138ee9631,0.07119990953198156
298ced22f474a1c7,0.10316981903204198
0268d1d90c8858ff,0.0639505529322739
84cf6eb7514ea305,0.036402699888559306
95d0de11255bad7e,0.04170247551949423
9df308f6f0758e94,0.13547034693769328
b0fb6fef1f3a5762,0.08935230056328838
3fe46d292459737f,0.0399014340476785
6bf62b52eaee324d,0.060866045120476844
8b6a50f8f0d1474f,0.1682401368474587
89833118f346eb37,0.067589035675994
48fd781830adf147,0.1970471558846383
209845b666a00820,0.04723035528711396
f23faebe09506cb7,0.10759967482637102
5f9584bc58bae0e2,0.0396332755670184
a08d713f9ab75910,0.0961618675078361
5c4f577995e30921,0.16507020158356217
db21d37dde61a7e5,0.07431644217902783
d22dc3977ccf9208,0.0696670033025282
d0fab5e12cd60c77,0.03381022560977552
5293676c6774f75b,0.044629944145179984
d3ae1f0b7031a78a,0.03947301199077539
bf57f1265cfe2fc2,0.06479170587084038
468b54d83b570a50,0.04014677926082123
134c07b69f25f030,0.100573346832578
2cfa14158d7d3661,0.0951690159809514
a87b1a98b2c48b05,0.08796147661063562
c0bed62168e9892d,0.1017324912261191
fc44e0d5137363f1,0.1177703797508281
1247308f81ebf41c,0.020581124360094176
083caac4b6cb4eba,0.1513940618484223
a9d470ae3ce0af34,0.027897672907161317
935c423d001e7dda,0.05583042561163566
d096b8795c71a6e2,0.1700883495278177
2acc0dd1e03e59b3,0.08499144829222795
bdba30d6e4c5095a,0.06825119376327757
57b0ac86659a9329,0.11629538889893007
23d831dd1ba487be,0.028611872168182444
628b14a47b392334,0.11325544845727976
76a400c7177ea365,0.053030628516972
86ab9bf8f20612b3,0.11777736024810502
fb26e948e7444ee8,0.1296900819717521
367ec7e6bfbfc6a1,0.22595948644003697
efb297fa666f7cca,0.1454809621885867
0a0f715a63ed4738,0.06767743662429429
00b759c30fbbcbd4,0.15974298062095432
4c133deea22458f5,0.14700970480366324
b354cc89789a3136,0.12693421342241176
f3595bdad2050118,0.058395678351402414
2171a4f574746f33,0.1019083139132391
ce89301fff62a739,0.04668367645266787
f4786178a6026169,0.08412936755923603
e1db1fa3be2d2bde,0.09451679795251137
05b896a0d6b00e98,0.029318205658647727
89658e4ea0b49c47,0.1556853958883825
db78c841ae5796ca,0.05442154223048516
6af4698b636d1c84,0.06407986006109824
be3f82b0567a0962,0.038414656716583784
1dbeb642447425a9,0.026100948219070767
eec325cdb9dc0154,0.0976236743921371
cab58c1297ee8294,0.1076512830085784
97e9bafef493dc0c,0.09392142790077171
c738edb5352110f8,0.058099445655039834
fe298587b58a6ac7,0.19682029237339554
b01b2bff457f7030,0.05853109412813605
599065c0cda14c65,0.129233164410438
feb91e47c3d327b0,0.058613918624842366
1b0d5c427077f7e9,0.08392433333277599
6c1338d0338c0bca,0.1554278279933591
aec29f6d68d9e001,0.030578404528331903
c6567adae6722bc2,0.098352913361961
c6e04efe9811e16f,0.04500534321950611
eb86688c957ec913,0.0805375547172489
a450a6576dc20dbd,0.07226007036530224
b700f2322066f731,0.15827497439875005
a4302475b7326abd,0.16868089168795655
af5f8038b513a4c1,0.0702331618301461
0d73ab8c4cb1fa9d,0.16358099612894628
8ca59ee3a85773df,0.06089238089070756
e3f7ceafab0856f5,0.04555549370802206
2445f30cdcdf58f8,0.10921895912035884
23b0f57c015407cb,0.03746519761169134
2750f1a3f3525b16,0.03435814844915766
4d1502e6806c5f5f,0.09222271246130351
9cd2cc7d553443cf,0.07249457762990899
5e314b952cc18869,0.05606496119909672
e8851ddb49233587,0.168362167384416
6339c240bbb14c01,0.06809197063762976
196ca6bac51b24e0,0.17090474621055135
ff664b7817ef187d,0.02028189869596872
1f50f2cb8e01a9d2,0.08391367008445415
f655a99b43cc6c6f,0.03419464614087925
2dc6d88fd87d67db,0.07412140072296056
b61c9fd4a46a6bff,0.034960056638949744
478a862e9bd10007,0.08645628473069414
0b9c9bb9e3bd1c5c,0.04083255367273377
8ba72175f80e2cb8,0.07802796045083701
80bd1c42bca86409,0.07851254285466852
ee7025a20728385f,0.06104928324264154
a94a734822cd1066,0.07672116793152976
9e445d829547acdf,0.090676621395756
d08fa8b4d19b0300,0.15151476764238364
8ef8adecee83165a,0.1259460093185459
476933f8311d441a,0.0921021587285229
fd9f323abdfccd58,0.07738959615239138
fde943f5062e49d2,0.15010595423139805
32e1723a53483290,0.06237319297877629
3189ae9ce5829fb1,0.1740982281372967
a691ae869c7c7c20,0.2147508683718812
aec6a61870dceefa,0.08098141061355713
301339e42c2fd935,0.09632737303237521
33bdb599f03ad3cc,0.029992778393352675
ef958079692354ec,0.34648360861565797
6b9de167c2e2a382,0.12169799034197946
81a3aaebe87a402c,0.05354446083290625
78734bb73a549d35,0.0964010438755642
801a31247ebc0426,0.09025830348571981
703c72ed057e80ad,0.1403520542240006
d512ce41ff14126d,0.03374956306933711
b14adfc6f2de5274,0.082068408056539
3ffc252e11d8a5c7,0.049345436890857144
dd94c4e414636803,0.0624058646520739
089a1dca65e44b84,0.07400905653335653
95e32e732db3ccdb,0.0757033829256003
aca38e8f736ef297,0.02699763548977
78b2b40abd748fc2,0.1034773742255568
2595c73b081498d2,0.0343598393049943
4821901eb98463cf,0.10347492362108213
81f36fdaf2813666,0.03806126700915122
1e80444ce87788eb,0.09559926745627831
47c976d0b2db324a,0.029784796817416456
76e7956f7212a4d7,0.0438195963435516
2f42d37419bdab8f,0.21681273841650264
460717034c7c127a,0.20699500202822518
f46b154a36f88b49,0.09690321994339143
af4a2f1334861acc,0.16798777723204236
cf562fd6a1ec6763,0.09052509229625749
a58fda4597ded16e,0.06926391846452792
7c5b545797c724f6,0.19134030372130642
cd2d2cade053f8e7,0.14661528372517207
0d42478d5f847ddc,0.029063644692413692
fcdbc1ca107a390e,0.1402806759035813
4a6cd78198d5a5ce,0.155690453164008
13c39c2f8d3cd810,0.09706578322782738
c79d8a5d80e7f04c,0.029391360628769018
51a701717aef4136,0.184224932226809
4e8d630667c21f23,0.11076272507499708
9b8e9dc382061f91,0.062390483555155814
fddd94710360c28b,0.09230132768204286
2c33fa5f3f2d5e24,0.06555007330390869
3ca87064dc34dde6,0.11608350374802717
c9d8edd3fb7bf971,0.08326378966101511
d582a1a34b5b977c,0.20164718735228843
2fd593bbcde3caa3,0.17401594146773502
d2f2308d5fd09adb,0.057645682523936884
dc6fdbb3f28f8f2f,0.12359537068900198
ba8e32a15085aa3a,0.10753162839742714
3ecab659633b8be1,0.14910052726601383
80f14a6b7deb5266,0.08053531681193954
6809016a071b3b5e,0.13920456265767778
d26156516af475ee,0.07323532031322497
7946e76f5438edcc,0.11502087084439983
b11ee2ead8527494,0.12642872222797424
03e49d963acfe851,0.061382105094155495
4a3e2db752cc071f,0.21573957316723658
6e5157888073a37b,0.13301772948652482
1f7bd653103f1863,0.09590439236228233
5cc0f066c9d8a28c,0.12491100003957026
61240fe8a4dc9a2d,0.07759920698611059
ab6cae9885409088,0.3522515093414398
c4e40432b0ffcfda,0.1432804535588943
1f7fbe6992fe8f33,0.1683627791717902
94953e6bc4d48c7a,0.07748356505294815
e1f4fd779b279dca,0.15262646135371635
38ccb655faf1cbcc,0.0483261875966345
dcc976ac3a08e676,0.029294074243843296
8a586d58683ab8fd,0.12899165929356568
9d1f98568599273a,0.02906589259624781
f5a4bf16401623fa,0.18886106549093312
42c6f25951f7db7b,0.053075882749333544
673b99f498fb7880,0.10306997345436587
e4f2c6820273bf2b,0.23112987677881547
8e7d37f34a1f3efa,0.1820055673718742
ec4bdd78abd81c4d,0.09173618211237095
a15343296b9f6f42,0.14917708784638178
dd76563555eb67b5,0.11969464531155735
3ce8de8291ffa6a6,0.18754183354736448
1d036919bb298ab6,0.0502945747028698
9579b233e83fe284,0.043416555306364596
be5c561435858f1c,0.2210582908800358
5cf1d9bf22b73559,0.13761176403725328
d5e3e7616edfb5bc,0.034321396628273784
ad00da3aa56f4d7b,0.04097116341001161
0ccceb1154debc59,0.11692234684192981
8e2c8545bf82cc60,0.19178016763240407
d62e1e8938e1c97a,0.21476590151572159
a8dc86e602a746d3,0.3210595297945783
c4329a7f54415286,0.09931349157184027
04ec4184a6a2f40e,0.11756185436286146
a8874aa6ff7ddd20,0.060308587276540745
c9a607048a5bc5dc,0.1488925483529903
002c27108f6666f6,0.08480594780874709
e4f6a20915cb1601,0.05362448593443782
bb014c28cd6924bc,0.1051001587037132
196e2f507f594bbd,0.07355399920697084
9f1be9fcf021fb5b,0.030429731836711237
9391d5f366da4c40,0.15170172184519676
3453a5ca3d904777,0.0875432912533134
686ba22e52de9068,0.04924809809075763
3553eafc050e9c0b,0.13263516610407705
edab086e1fc56c68,0.16514736264133106
d79a009be9287b82,0.08154833471545184
b86e1b1f8503684e,0.12446457879200856
9ad70763cc07c36c,0.18036554648079695
419885390abac7a1,0.02778061305401796
70bb28465e350bba,0.15543737339188968
d2fe3be15c7a040c,0.10627644969960749
df051580b1fd88ae,0.05209522634978494
799dbb3bc5de0bff,0.15289184932025401
c18575ea64f02a42,0.18529270195230513
bc265e458d29169e,0.1815278465865261
d59c94219a63b100,0.16925243629429254
0b79c6776df906c4,0.10984818318340622
1bbd089c39955fe1,0.06404923810371087
e07ee63645347087,0.08645737240392104
6795923abfe3b196,0.30224219117470463
f23bdf1e94c91124,0.05905487166562913
a1fbaeecebb55865,0.051239081895575245
bc95d3915a49249a,0.10069840341027059
c565efbb2d18144b,0.1608519788919975
321866d63b3b1b00,0.12753338138139086
50ef5d8288aabf7e,0.05621757169746654
3948549457628975,0.14754735579807898
b958074c10bc601c,0.07698528122978718
f075bd7b8efbf058,0.10040906984153986
f05a42508ffff350,0.1543709842485223
3c1c900935bc3285,0.033078410448717024
cba59c1afecb3734,0.07900972437919779
013e1691ae9f7898,0.03387727615591158
ff4fafab1f01bf0d,0.1953817944678477
16a52132c026c176,0.09038899746780668
7e6dc3264a60f3c6,0.03447467358277028
fde7be20171bb23d,0.03161788651750704
4709ae8a61f423da,0.13685732433081366
f2f7edc4fdecd842,0.031514127680149495
81421fdc47bf7d1e,0.09337780191054007
e130b6363bcbe974,0.050311845434276165
8b5dc994eb4224ef,0.08464939548365416
ced09e40d6cdb2ec,0.05775757979395957
b65873d2d6509482,0.06035241306564568
d663eee7b55b1c09,0.05284993720463042
e8ac634318c1c070,0.11820081834345347
9861a481912689da,0.03802683954676453
c170f4b630a3b239,0.399671534516964
31f66aa5ebaf2ad8,0.1081082554476622
31bc47bb1448c433,0.03521884736925317
79eacc58c9cd0f29,0.1816298808605739
32cb3b1b23ea545b,0.06620911914676639
89357b6904f7d6ab,0.07557737064644093
0d9d1cf89bcda082,0.14842827755646662
7c15e3fb5080a6af,0.054731594384465065
a8580d9f4b1f100b,0.2967856431081054
ba1c0d81b8bfcda3,0.07580779420864063
d5c76d632f469288,0.16456320326399035
4faeee72bb8b4acc,0.05164442984017609
10875f7f7d53acdc,0.08525117205044977
3fb5a4da63283ba6,0.19996112440831482
6551e600570cb09a,0.19057767011850976
6b4949612595764e,0.057962129453675404
d45b6491898d0fdc,0.06466300337661443
0c40fcc6d696a66c,0.05556270423622278
74607a92b5ef932a,0.045603402983281825
e7bf586ef35ff70a,0.04938669620736348
65e0da070f27aa66,0.05280422357598666
38a09fd79a425aac,0.10325607786096194
aed136202b0b58d4,0.055872572186501296
5f5b7b68b01d1299,0.4932560543226597
cc5db835afffd307,0.06077144617716773
d8842b37f5416b48,0.09796000474875147
d8aee4335af252d3,0.05862485548027885
00494862dd9b9e04,0.10340895453366818
95d5441c82b1c46c,0.3074950963142001
c6e492bd428631d5,0.06956628640261617
598200ada2678880,0.23941175528822273
8094f4dc74add0aa,0.03974097497286713
6831a0024a1dd23a,0.03135082680673735
d56926e610462f66,0.04610298761940293
bbe39148bfc2e434,0.16729449935741003
1a07a83f589de802,0.10415238939409864
8210d5a233d3d65f,0.018366323461877526
ef4e598f566c9558,0.09645755462785036
c02b919584ea5cd9,0.06322191811358714
68bc1f08eb5258a7,0.21671913059333514
d57a9ae04f68912b,0.11485264935270523
fa41a48959374ae3,0.046520344115832626
5e725dcb74b4e75e,0.051048987318861816
121dbf76a9cf73a8,0.18085324389277857
a2383e552a5f2313,0.03680605207456711
378738808b201e0f,0.06721729921581897
9642ee1e267eee82,0.09711768860274517
e55cdf82fcc57177,0.05562681234803224
2103c3d1e5063e3d,0.041902174678416754
02004dc8e2729e0a,0.0734564668226427
95ae4af4bade5009,0.10101086412098002
8a4e103c92d62a5e,0.1453846117399632
c4414b2ee31b7e94,0.06409508855156115
0866387e16259486,0.11185330275765426
f0b7e616767a0197,0.12492526402940826
a86d2f80a3468f5f,0.0654841386404015
691f9a97e9645bce,0.02824377795379631
2f2e7662f26d0933,0.06389322895102624
72cbdcef4a6b4f07,0.11450703958494234
3ca15eac9b7ce8d7,0.13352218438580793
d9f713c872a26c76,0.09791601569144695
38c5cae3c23f24a9,0.04858661440614471
80e12c9a6e625e7a,0.1633332024909274
78211c4fb5585628,0.15389987695713553
59e71eb2f5c7c432,0.12582267689945653
b7abc4b3e6ff0e3c,0.042229223195903484
42eaa77ee15f2ca3,0.030235748590005704
bb8ed5a0931148f7,0.04063792703241996
2ca7468532706e2e,0.09387816509394933
98791c70677eb76c,0.13264261168244415
e7ec6ff3f296ed38,0.05609081434921128
7845f67130f900d3,0.11055003743769179
fcec4d0ce44eda40,0.1075028920628216
0ac91fd23085433d,0.11332559290127533
ff61891d90f930cb,0.09628559200031359
41fb4a2210a6066c,0.11890676086786293
4c7ebaf834966e32,0.026651019933418577
81aef88d712fdd5b,0.07446832352222088
36b0ae34db90ecd7,0.18387286314581244
72fff2ad28f42426,0.1261419066115523
717207649c078f67,0.04142417479948423
925d6e357d7ec158,0.13677410647976754
effe2d48627efbe4,0.110951153215504
0577c43390d4bf43,0.616337999967818
546cd9bb6f2ba820,0.12265631452929261
8a47c92c6443e7e9,0.13562894800543285
bc9467bdc8642922,0.055195889299477774
af91160b63f1bc90,0.1618146625747704
464ea9bea5384944,0.11927745317136487
b838b4792a3c540a,0.08391980946061116
11fd6e717c95ce29,0.13406865186792694
b1e2e5a1c0f42f8f,0.11469375794396951
222e74272be1ccd2,0.07897341644928663
21a85a0b474e45d8,0.08129305822380983
5c5c76ce21ac9a03,0.03571483139018984
98c3f3c5243d4fc6,0.03750532320000528
745be7354fe05a2c,0.029032467691420944
ebf17df229daa6aa,0.10622766435945047
14929f1035ed296c,0.3572015566549993
af1bc354186d653b,0.0250662507197097
88e44f6549d78a5c,0.04533340797619094
1a5119861af7675c,0.037492111608072545
4675a1f396e095ac,0.11792951806687443
306fd63061172f24,0.03208541683321735
68fb9067ffff02de,0.1539718069357049
93665736b22ae558,0.0582647387306599
2f3252e131fb28c1,0.1009570798741138
a90bb7ef537f3ccc,0.117523628052179
f8c47e6a1ab0bf1f,0.09324862892795571
7f335ac0ff549013,0.04967593481431821
e9c7c37b6584e68a,0.03916326415296774
e2f8c99b54c930c0,0.028403871976467793
4f0ffae34b450b85,0.12580728070854574
94e27d2dbdf9010f,0.1902675412567736
db05b31fda1c2b1b,0.08779976022414866
af64ad7d713d5a93,0.0754147586772457
4d1462da71b0efa9,0.044560327644069725
04fbab7984c52c30,0.14820218490917256
c01a62e78e6d8a2c,0.10571616742727352
74f8579fc40b2d7b,0.04147657751516817
0eb2d3b71cf2b61a,0.14445489727032998
57788504ce4c82b2,0.12706671278708517
9e7dfd444a9f30e7,0.08461394432188656
0cd8b38e5a4b74cf,0.06294737046107667
e8c1c982ff8a6704,0.07200607456368689
36bfe943ee63fe65,0.09119554036154848
998d9f62a717ccd1,0.03105963530929541
8069d4397377adbc,0.037906478888317816
ba8f312910226da5,0.15342113390757997
37faa0207a18eb20,0.12267646053629722
c16962d752780184,0.16384846820791457
f1d62e28f903e96c,0.09628894741975934
8cab416d1f2bc624,0.11022049564958855
b791af74c95ffa06,0.2546711579595331
05b113e465a98080,0.07583228097598259
b17d9630e851487a,0.10801540914650519
92981268f9d56f38,0.12782048708279486
76775e095989aebc,0.02500268206804947
a07f4266c4b1cb5a,0.041009940201920655
7b5b1f94772d1b60,0.05058957211152311
4f8ef604a40bca4d,0.05242363831977602
673f3a4c0bd90267,0.060439713340429926
58139d3ae9373ae0,0.1294764105035963
c24d1452d22e8db4,0.08802788497882559
441d9763fdc1b0df,0.16972975847882893
d2987a3199c1109d,0.12297874481054911
cab99a91ac2562ca,0.15356263653286362
df1222f0cc1e08bf,0.09417278221521311
bdb610f14d1f9c0a,0.05333228278933723
d63652d83092f4cc,0.03152920435856118
dc121e137a206780,0.07250100287950942
e5fde6a720ffea60,0.0436307151946003
52f7118d77a951d2,0.04991373198194939
1b60cd7738483c77,0.1386870072963596
c7ef81c5ec66b855,0.2787976498971386
42a4005911b6abb2,0.16462105146437095
926e4ef2979d43ba,0.04056257017982086
936393261928dd44,0.10497810993536968
90b3943086a67cf1,0.06267861287831511
80b6c2497708cc79,0.08851175595489133
dc880492a16f61a0,0.09482883480417993
363fa6d193ea1791,0.053779857575307885
11443cec444ffbdd,0.22270967266276512
174e280d8c42163e,0.14386291277862168
d7fddec00bcd1345,0.08644628892277882
2f2a0292483de945,0.24107919273265407
2638757dc8ccf105,0.026143082577067656
af967b1ba12837c7,0.07084828814480912
6cf0ebd8925305ad,0.2248471431038139
0307e7dd94f223c0,0.03041501281890592
d86f818a421d896a,0.14299340624869494
95c76aa135d94e8b,0.049577975674288385
dfb2dc72331615e7,0.1422901847885591
b488c877787792d6,0.10360545975404334
5864514fce7556aa,0.09437577437018416
7db51b9dfaa6c3be,0.037648619438670886
475afd5ca8082909,0.0915234358992206
aef3fd34396adfe2,0.0330578529438468
e93ef7b1eb85a270,0.06790608768191707
e643f5e629c7ab40,0.025268413448356973
e9234451a7ebfa5b,0.11920626243569522
e8b95693607a1af6,0.19135432160029045
362e59ee5f24ba56,0.07670507194198935
760d3c489cbc2365,0.038773293045050984
cdc43a10fec587b7,0.17643196950349638
436bfce1b2e96ebc,0.13371174438815225
8364b88b9aee50f6,0.11088532575643863
49b33a422ea5bc22,0.2443652249747034
7c87edf2fa4449ce,0.022322952063489998
ae4d87302f77418e,0.05456010718537528
80504f5553a663cd,0.04748475970466842
285102ab56c81c9a,0.10572005406449154
ce75929520b6600d,0.17013496012278934
90e157fa590bed49,0.16651283140971418
72308a9b8ed351ac,0.21270814270902705
67da97f4bf5a43aa,0.03970861307844027
7a2c3503f50e758b,0.1169985480770156
7c277b093ca6e70a,0.03694245131031308
e17cdb698e7793a0,0.09091104293844282
304f33ed70c9905c,0.11659227541464766
f671940234873df5,0.13313598504797694
4c60ff51f1a98ddb,0.05741431052431007
357333ab581b26a4,0.09056745802902735
c12b50c410a56d62,0.03546612136460027
280ee73ea3f9a150,0.09741506801587693
9794f61f2b35c374,0.041310047743800024
99bef954535737b8,0.1564551457213344
164deb1fbf6d3d15,0.09125693868482326
17f64dfc919c257d,0.05209778813555599
177f1a78be284fe4,0.06948326465787188
6575a6e55c3aa52b,0.12147325390415514
e1ceb3cf89c78b04,0.07423005705013555
2787d14ba4491e60,0.08305322943552068
47283a11f402ab9e,0.12298224316652216
3e13ab75e759c66d,0.13762200285190382
565632830f202280,0.09944959248535577
c60dd36532e24523,0.09317518190309645
1bbb760f70ac35fd,0.060911910292615376
5952ee73f64f8e8d,0.08939621702684658
0d2e12deb5dc05bb,0.08564529368006676
93cf50cff9e70197,0.11360468713329874
71a0f1d3a79f9279,0.07965511090008706
ff1b97bfbc1de495,0.13810029917272112
152d66dccd700ae2,0.11458594483280674
af9475d72cb09bff,0.06892675192578207
50c6ae4f3f0c520f,0.1546922104315281
53277c274f93827c,0.11642243582688984
65c28bc2a138b604,0.15883902149151147
ab3f36de97ff5288,0.028729876333654508
6e673b3e05a86556,0.035998425566148365
29ade739f5ac47ef,0.1375208986348811
d6c96030b8564b06,0.10901421153120108
5ffe88ee98e246bd,0.037096577730114655
b75847a46dbc7758,0.04718460573983939
fd4f072e7db648e2,0.15859310732211906
3b600a791eee47c3,0.10437218818304897
3205c60644f3310a,0.045797242619725904
37edd7d198365da8,0.3197772060751618
4aed77bb42b6c35b,0.0454810366828488
70b9c5d2c47a6231,0.1753466972619153
5aee71b30cf4e773,0.021015762545093342
3b6034955fe901a7,0.028440943067494433
53f7e37ad065a1ff,0.13326521181393847
8249af221f0dfc62,0.06340667576073476
4a798f098b3ac80e,0.1333475687909762
7859a3365dc11f7e,0.13988476450349277
0d6ab61f58e22d8b,0.05647283320414948
d90f47b845ad8044,0.10529541421545846
908f76b67c5d77d6,0.08051312218232827
2e13d0c9efbac24d,0.08780804794731673
fbd3509fdc1e2fe3,0.034814749517152285
d0c07aa05dbee8c0,0.04948330150851693
e2066400c0c997d5,0.12086825627741844
9d002016fad484c4,0.4644936506151708
18105a09ff042e04,0.051359489066252914
97dbf62f03867f4e,0.09409125505728778
008e7b56ab9053c6,0.1899408688548425
e382e61b69858e84,0.023919642504400103
a02b2c12a9b232a6,0.046137057172658494
5d4eefc602f1a815,0.13199717363282146
8c8faef5bff7b3c9,0.05676411022014935
8ea4fb1f9e66fa76,0.022940087184272165
22a32bb8f8bde6fe,0.14603229818236566
6a655866f90d61e3,0.09874273470175046
b15548596622ebdc,0.05588018875449967
e6426b5a54e4a972,0.134991898907386
2bb1ea15970a2de4,0.04878805856067084
5b2c1fc3ca8dca34,0.04489324507270312
b26bc3d1078e5a5f,0.05428724541498876
9db2f38d40ccfed4,0.04911293631451266
8481c054b0537a7b,0.12655044027432494
c4016925a614e39a,0.10723350233356634
a6145b00b87ffbfc,0.19227069594531462
856c1f1b7a16dccc,0.027976871121232365
5db9aa657576b123,0.02137283101666302
e6c91e69fe022b81,0.49400379071134004
18323213899682a7,0.028644924876258474
84aeda77a9eaf7a8,0.12176048639810752
60aa7eb39a1066d5,0.15598314773576172
011908fe41b2ead8,0.24852021465928759
95a236faf4cbd0c8,0.10630160095091803
c58d93928c4b43a9,0.029958191659647825
e3d5116d0ddea646,0.18447840002518298
3d33771711b587e9,0.1264831203641021
ca902179e21ff302,0.14908808053981626
4b2142ee3d149d15,0.06465448351246349
d78803f699e1394d,0.14785422561184786
ef2d9881a6438977,0.03054557297795602
3b5fc032ae2a290c,0.0561802806420682
9d5473cf79999f4a,0.09491219507495255
9aefa72a94558b66,0.09394214859702094
78cc36a16e5afd3f,0.06472737656140817
0628d45dc33a5639,0.11935259873303475
bc63ee6da23c5dc0,0.16696140060933445
5a69761001b7342a,0.07755777421327131
f5384c1b33a306d5,0.04160955799297886
9f4fb39fb6e8b6a8,0.13613786466552505
f7787ed37e4b9d05,0.11842453321062582
eecdd457b6c7edb2,0.13954154767468804
f36c01f2f7fefef6,0.1445686715170335
abe3d414c510a7dd,0.0794291028361787
d1f7dc9b905e0fb1,0.04180369042846134
a97c23cf1c8d474e,0.08659035019036981
fa77ebf418dd2361,0.03230695070068765
4fa91df3f09b649a,0.1297737578224253
4c40bd5075d26ea1,0.16291750900087962
559cb0c10ea413cf,0.09311433627605607
b07714f5d0a305a3,0.15118662900753038
ac26d06332fffb35,0.04341254315351454
f3a18a7976f15c5b,0.052182485173571935
bd610a8daf3173f8,0.019893363808429855
b4db2ea448a373cd,0.0348111677666214
a9e601aca0377220,0.13910346764036474
7580e5af192dbd01,0.25915523886118086
3b50e09f1d1584b8,0.08875808795578968
e752099897ef3c84,0.037646783896060576
9e556374eb31bdcc,0.11966649532938822
09bf3001382d4d51,0.05074201375067332
ac4f9d21db6d0551,0.07147558351710849
bab162c780dd5d3c,0.08348077780305245
1ac05275c95e2b9b,0.04315093065357463
ba53d76ac3815303,0.13557344876422533
731194026ddc8a00,0.14231742471207312
565ccf55ce0f19b3,0.04548276762038611
c610846e274513ff,0.08462042667285335
4f2f55e6f8f022f8,0.11540792548262785
171594c12d4f22c7,0.026043476481978405
fd9a29be83f07915,0.05890273394298319
0e69e13d2585552f,0.3058646010406424
8458a25c7d299656,0.055467384522901744
36510a7e2e8cf5e6,0.1432726525126935
4c689c2ab0b1e458,0.25649254247322356
bbbb01b896a60659,0.07176929628492434
95a6091ed902a1c0,0.08896247544834672
226f1fdbdf45c3f3,0.04970137391569474
b3776535f92034c1,0.03392718204872051
e136a41bbd9d2ebb,0.1506776200100331
2acab7498f95984e,0.04583361306700686
5a97d6bb500166e9,0.0790978310129764
53ad75887ce27a2f,0.03925856115206319
4bbccacfaab6a76f,0.11238526877189589
8d5dbeff654a20b3,0.028780238632861256
885918cc4b58a92d,0.09547249027713597
c33b954ec9e9d53a,0.05362413277425655
c73aa72e6960366b,0.08341244672961473
28c265c8e738031b,0.14783544053964404
16f59244fa16b9c5,0.15824464550790143
ab1bbd20f2288ef0,0.05086191319074494
21ce9f486720b00d,0.1106710336287062
ea98936cd5a062ef,0.1310841719158885
092b99905affadc7,0.14717137090814536
f8a1935cbff0e3e2,0.11582459815960872
557ff2105e2227eb,0.0345520868250806
e28b4c1e7eede953,0.0448148419895309
afcd2875196e3514,0.07971321969326609
622d0c5c885e5d67,0.10299453548138757
5ab123deb8c8e0b9,0.13870028303660253
d70f7077ffdc3675,0.11251421742770101
ec0e23575480409a,0.13465670708310934
c42b1312f2466d13,0.058787460181559115
58f7c9cedf508963,0.3040166552605876
483a6a2fc6820e34,0.053852488630602414
9a410bdaf99ab250,0.17328586389818473
27d8448c7743312d,0.10752098708469865
d22510648b60b80f,0.813763359316805
cf71cc1d5beaf427,0.15780810323779673
b16d96c422e7686d,0.1243957389826898
f3bb00d62eddf347,0.036396474624999973
e7ad214e8e1b87e3,0.09949490675116722
a149a81fa46121c8,0.05035597507106262
954ac0304d013ceb,0.152575082601742
5fb61c8caa291bb7,0.047443137768099455
b3e6b65c022e07a8,0.12088090920206615
014590f5ad393d98,0.07147616186916807
fd3098a48d0565da,0.01775453192860437
597dfb91140f7a43,0.08768951682737694
29c72ad86d92588c,0.03737216087464592
46403e8726688e63,0.03180215650769027
586f9bad93615a9e,0.20544217367911471
518268ad7eaad020,0.06978972721043537
eb68006674ff7853,0.09651695793514439
829bf94f3c7511b9,0.09158984037010237
472338feab38fd63,0.026312554458325674
e2eb7c00452da3bf,0.07036252936730875
264d5eac0a3db4c1,0.13653369898001655
5dd40ed8f6931f40,0.12491454801926372
ea07294f7b9321f6,0.07563612981188128
800d5b199211d908,0.0472977411240523
c26171ff73291cde,0.14618751949896985
9b039401395029d1,0.04857526618342485
149773fc93e82e0b,0.19659393213399343
377962b226c4354c,0.06121517673860548
b33ace47f8c9cce3,0.03493057504806049
5898aee0357167ae,0.05233853518622474
5011475bc46160b0,0.04158888426601988
49403fb05b28bdc1,0.13053516992457062
d64f9b8328cadfcf,0.13727215128955947
8347b5a18bb84a35,0.07845525603512819
a72c9158377598af,0.08306723407376697
346932f67e7d808f,0.09981404616977271
e4962aaff0cf97fc,0.12975438884640042
d63549a6e599cc24,0.025529612667158808
d013eaf626e99575,0.08045947434342232
a7c0072db3d224b7,0.10425809586137305
b87493b15c6b1e21,0.07449508148738962
cd6d6ab0bf1601eb,0.09175290652137731
fc7b0d78438f45bc,0.13219431382419747
b53e88867e63ec5f,0.08496224816631023
1e1e7de7f17a14fe,0.07646960902807046
fff1df28cf047de8,0.06216958010740647
9a4279b8c94a438c,0.03418414434268442
d1a19d29c2aa4b9a,0.12621922274967173
ea65ca7ec57132e3,0.1328085091476629
35cc6e8b29ac28d6,0.21680269888432693
35cebb20cef64701,0.15107491184686772
03c27c6fa94b88b1,0.03537500489399971
654a7847a4c3d0a9,0.24248948714068552
d82da976d107c4ef,0.18657997874885246
0f7cdda5aab7cb9b,0.07512724279308927
511e61b096246922,0.05281598735924754
9bd56be8ba9524b8,0.1377670813971773
08980e1d210b6aa6,0.14413821360282336
c84430f350b3a159,0.07069666015077958
152edc8f6b8762bb,0.13676673284451635
a4a8682aa22552a5,0.10782638852145268
5448387d25232e4f,0.04643140162605247
86b5af3c99c2229f,0.043954794962414334
a243c84e17ad5313,0.10391962587898457
1cd4111d9e2c14af,0.03332091618886468
d6596bfbfd4cc049,0.14283836228393587
5f6669357f9d2602,0.11998945362557387
8ce4d3415fe4440d,0.08846712251166666
b7804e0aef5425ac,0.03727349488077278
a68ac8503924dfd3,0.12200023465369243
0ee54a169cddc5a0,0.07317170398751387
91e67962d58a2196,0.07105387444289578
337f92313341198c,0.08735498426272709
62fdb17735fc24f2,0.049718511640048035
32070e417cceeade,0.08857646814835793
d10e86cc3232dbc9,0.27596547478312605
9e379ff80b817265,0.15446745202338824
cfff3503c56dab5b,0.09855539353465902
9f21d3f021ded79b,0.05077275205989984
5fe69ac7610324ba,0.09235671575952847
fda80e0f061a2a2b,0.08064478254039634
e5f50a39b4e83fe7,0.13437549833429457
b7ac8ea60b369ad0,0.036453978429432515
f4aefa9fc2e0d241,0.25619189656781993
0f32bcb05a22709a,0.09723134335670121
13334ae771ee01a2,0.09730650226413481
d2596a53564c0b21,0.07120425995536936
1a90578444c1c9a4,0.058089256290458746
38767f6c13ad1bfc,0.06240733685973146
8d312d36ba150056,0.04543808329913225
c4e9fb7cce4bc726,0.08696781208005179
9ff220beebc71a5e,0.030193593220816876
24bb5e20d933da44,0.0875393140284112
42f6ebdc63da37de,0.1290382037535634
39f065a3b51d8011,0.03313727867560187
adfccf4de2f8f9e4,0.06564989624943152
bb73756443a5eee4,0.0682121254438673
0d9c7ad016175e4c,0.08014855646228079
01d6dee3fee929b0,0.06261067274477926
4c94ce26b7eb0794,0.13298276955051636
184edb2637a41d50,0.06692157260085824
b14c8ed6d2ad7039,0.027835955192901676
efdd1d7495765245,0.05249447579261882
affe3b0f590fae77,0.16677676628646282
3edd7de677b91b05,0.07678765516936914
ba9e4528463c5dbd,0.06947916149688155
8be8330f2029f548,0.060597294753433145
df6e6d77a02918af,0.05911409683111016
33d9746c24d2c070,0.1056248122296552
e51c785618029ad1,0.11897492144337257
d53ca1e375f1420d,0.11894729166511059
d4133e84363708fa,0.19112504803611458
094a4df459f84f9c,0.03978368266366105
c95b97cbc9622e38,0.03510848336714722
8a243d50081a0a41,0.12070564126445213
f6f2fd05daf66b4d,0.04097688450761726
3b5e52e54ed29ece,0.09540465030966411
144d292add5f41e9,0.12383589271883655
49aedb77fa2fb4fc,0.09357209469138023
81e5d80b657413b9,0.13498380764698054
fb21fa126522b6e2,0.09565959361533116
3451b921fd37a93f,0.1210399447564174
e25080fc68263c8a,0.1729525330646731
64f0448c8bc4b1eb,0.032217046782412856
ed89496194aa19dc,0.07619679718393924
fb22f7c013b24779,0.11519208581764077
1590a07714e8a656,0.029388424015662606
54ae2ffdf139cc38,0.035396774308179814
96bf13f3fa835169,0.09183667108417246
559cc1345795571a,0.04963913184632171
325ad194b9f588f7,0.11073136326114039
13ff609306472199,0.12839476664440314
3c87f31b6953fbbb,0.08911306365136157
2dd14f20786549ef,0.06532036908371718
be72fb5da729ec70,0.04352857493743856
dea2b01ff6868477,0.09288255451736488
c7ffc036c6fcf66f,0.11598626366067735
67b0cdefddff90ef,0.11565059077491072
eb949d7c7beb6354,0.08804120420481333
72dbbe8ab710128c,0.12799110838121008
fe50a3aa77d27195,0.020943785723459923
b7dea5f446a371e0,0.05690121863929955
3b6627fce4fa7c6e,0.02526315847255263
5766e8d8c783a487,0.11472004048791436
818813e68f11c85d,0.10117249372265638
4efd1ededeb6af5b,0.06661374235142184
7339d8d336c0728a,0.08596081801325589
5932b86b513569c7,0.10062766394431916
667e3c34655efebc,0.15214719285605732
211cf2ea67620b3e,0.19006091040120388
73ddd41ae18acb03,0.04719326130896917
b7d7b9bb940bf7b0,0.15358050507808457
672de9994012beff,0.09988820594830357
1fcb989eab73caf4,0.027775511830411933
1a8eef4f4936cf0b,0.06253582221963136
181bfbae0ed5b503,0.020933638653782224
0144b06a9d5772ce,0.16887059531304366
a6d79b35c359d2ca,0.17419102094074596
adb1f5a83ffc8956,0.1698733474652019
7fe7578307634c36,0.22379572770542594
ef916f6bd9bbf8f3,0.1065642919854855
261b4b9303f16955,0.13312780100491325
bdd3d57f2dcbf24e,0.03756287726739499
87478ecab9990b69,0.08433583562290992
00903281b49f7885,0.49258730199784734
faa54ef489380476,0.15405213393773493
afd67495e65ca43e,0.04454071386746858
3cfeab5f2a521bd7,0.35887865240015104
f889243e554a57b9,0.13780469846446367
1633226e5baee1a0,0.2586082392559479
09429539f12260dd,0.06270106278090559
4642f19a02b65fbc,0.02971700070237096
454379600a0d58ae,0.11416939649125657
806b67c9407deaf5,0.0365662980013276
64147a091385f1dd,0.04069147409366436
410684a9ca496c4c,0.040820215194994916
198aca03e558bad7,0.03388479306875359
19112c76b72e70ac,0.034264492400386495
33cdd595d6f64465,0.049388199939619216
b678efa350251d1a,0.17268181540296582
2773ef74c8379c3e,0.15710304823641383
21a85668c56f4a28,0.08288474678439989
ad44c67c941b730b,0.03406045358346679
afafaec6ed7cb894,0.12705437528345473
7b2afaaec11da7c6,0.10647271083758023
14f8df83cb5fb959,0.1265764367449595
2fa6287a9d075ec1,0.0723256371514032
a20301029a5e8b78,0.12419478485498378
64c226150b42ee5c,0.08764676158646156
7012b66ec38b6038,0.02120939443235554
334a43b3d7746442,0.12267740335473337
3e39b50358f01b64,0.10700420974951283
dd424dd258080c0f,0.11526345216145024
b6815449a050c02f,0.0629421738432415
786b0bb1d7a4dfb8,0.037380677035551035
bfadd1b4779947e6,0.20003769708438437
23bda92c60bb92e1,0.17538009708217586
20f374eb224e1a7c,0.04106110416484421
04bc6e2ce35edb4c,0.14526044151658365
f5fe2d58beb86d40,0.07164757799033544
203f3df885ff03b3,0.028697601963058712
ac5388e6680db6ba,0.040336965988784515
20a190db150bd0a2,0.082511256218091
03b8f432ac8e3226,0.08863982088407171
800d13aa581dc05a,0.13139513169587577
32ad97494e39788e,0.1374715561296189
762f69f875d0a0a7,0.11566702363027628
7102288564065a58,0.1359231733619901
a244d35bd0a46b86,0.09478410913927474
9fd85d10d8d80cd1,0.06130123113876282
cd37f417a290a412,0.13437097858199082
087a61efb373df95,0.040785992781622205
5cc1bb67fc9fa495,0.02776036975883163
38260167161be0f4,0.10351408926866698
377d6156aea5f7b3,0.15109919611292144
de73631ba462d9d8,0.03230099721453669
c6ad617675fc82bf,0.1706082487700447
53c0301b075c4edb,0.057231142419419
d5d5bb7bc7475a6d,0.06437522581002607
2785f7c003032f79,0.06584247410888563
bacabfcb41e851d5,0.20463190014258686
930620d9c45cfc16,0.11321903577155555
a2253bc60bd26111,0.0909688434554833
48be98b0da47a60d,0.03759082052326907
4192611de72c647f,0.18409905480030114
0a3e55a0415cf1db,0.024181605237236073
94a41eaf6c166f8a,0.03338864994648926
65c588ff0e6a0940,0.09571528450878772
7316f0f5207cff7d,0.20194011187712485
fb48d6120d40241e,0.026396856543272118
83e835be4b7da5bf,0.04976183967548968
be007ff41dfe8e33,0.16262667798430042
ae762981ec3e2222,0.20594807475870835
9cde4da63a470364,0.06852842544908441
1e641e6a0e15cb0a,0.24592488178587896
f1e1bfceceaf5b3d,0.047875051352603525
b33a9dd2d6116451,0.09639186419258272
6a00f8682a96e6c2,0.05714842566783476
4889bb3fafff04a6,0.027268746779215244
d83965adda3948e8,0.15195252618348215
35ebd3eb17d43331,0.12478201585891087
4fddbddae3f8c321,0.05609474765801495
279f5d02ec1d4618,0.13777070920568912
18dc05e08437b19d,0.08699699613934792
fd5e41a3afe867c6,0.0814203186236968
4dfc9b4693d64425,0.11531762855000291
38efe84b2371909b,0.024506586821602047
d5ab3634461fbdba,0.0945038856575896
88ee52d04ccee47b,0.1432254520948008
311d0a7d1bc40182,0.08163607508280929
ca3eabbb86d9d394,0.11789923309060524
0839345320590491,0.07729889173724483
3166da0225b35bf6,0.08400621766201824
4fdcce92f68b7529,0.1754518127497648
4c0a03f188fa9938,0.07325881918142034
efd671b84d562241,0.032719977160495954
a1be96b06611a4a7,0.08379166523418022
7c15209ba7808ba2,0.14406038116768294
b4fb7e75679d28cb,0.17210165974640962
095adfc07a65ed27,0.08152758988480725
a19e6a028348c708,0.020995098875368757
bb5e510a6639b43f,0.10513818746417014
fcf27b9cd834eeab,0.03063548258769428
dd9e809656743e04,0.10703970363930232
9cf20fc9b8513a03,0.16540617853697734
d929256e10f5e94b,0.0839790589800898
c7372107d1356264,0.16601956663722886
fb002ae965e2435b,0.06651713702451131
891d7ae2edccb735,0.1301498989151471
33b3795f9d4a8ef6,0.026031113968750443
bd1c976bfd04983e,0.10394322564570105
22d26961eaf80875,0.2046025124159587
3267d0aa9600286c,0.11090541650702324
f85b98ab9c2071aa,0.040372960132366756
4b4c86d64f258caa,0.1137585084160721
af271d6d690a0b0b,0.028996032030138015
8b1bdd0f68e6ab19,0.03717997045582196
aca740ec2df56ecd,0.11280252071603612
66cae06936335046,0.12511358558068694
8aa96ed1f09b6e82,0.17243701184247054
fb089d648c0fd719,0.07887640454934175
b3b39f3310bed9f2,0.08990390500624322
4c9ddb6a1c08a7ae,0.026716279377147684
8dafb6cdb58233f8,0.213549422115409
8512f25e0995f115,0.13461493784801407
3e89b24f6780dfad,0.14160022683655427
811b5cd3d60f8f01,0.0870505828138745
8cecb78a9a20021d,0.06136923981014515
c726d19506a1a864,0.047128711808607546
bb71d5690f654fab,0.13324329889070735
01fddb547603eef0,0.08694041177037903
c6592de36f791128,0.06554807508700018
ccde7fc6a8ec59a5,0.05805989841355359
ba6d1493e3a1c1ad,0.10906820176536991
7dfaf88276d52a5e,0.13642235886488138
c09d65931e21624b,0.1366493910590689
f9544a6dbd4caa2f,0.02985926616839841
b374ef23d5ca3b3c,0.07820405685496665
c51f8b67a66b5aa4,0.3099850292068309
4793cb7dc1d36c4d,0.12085564751238184
c4a77a4226cf0e3f,0.07673266834310283
11b46e06959d7824,0.16467954776945354
75083fbf03436018,0.10303214882176279
44cc96b7436e60fb,0.16250634867883068
9c78ab8c7f52b1ad,0.07031253521630863
27c3ba5b3d6374ec,0.054169769127168824
09bad77cec8a0ea7,0.10384211542908722
7e5eaee69f7e8e60,0.05298794869488138
9701beed4cb2fd40,0.029957413412333978
a886ee5f5e57d356,0.017473714463226417
43322ba6466f83ae,0.0766276020335693
39ac7a6c910dc826,0.07772019207952166
a7624810eab99b39,0.13313880688757135
27ce336c13dd7f0e,0.05667159631770763
35ec56371ec7bab3,0.11503402556226407
1033972a8d27b8f3,0.18417602861807358
246fdf152b78ea45,0.03889329699555246
67db089b7a0697c3,0.03356502303136428
51541de4865fee3b,0.07057011024508508
2e0ffa5c733d2a47,0.1657209884458158
c307a7a1d2e93ae9,0.1732230678004033
60775afc974d2192,0.0723687277826008
1af8370aec8adce1,0.135299891118556
7adaed59e375f94a,0.06571875597561193
d3f971f17d9ab0d0,0.037992220657063244
f1eff57932ef0f4a,0.11273601283054674
b41ea8380984305d,0.0936420916461564
dac2137cd3aface7,0.12602785929039861
48da40bf199dedce,0.05593894328805288
2c36f80cd8d50da4,0.027599325551551417
e45c5c285ae25a13,0.10101493529584762
d57fa89c692abe6a,0.13434864982871025
0d5b889f910953e2,0.032303878458298636
a2bb73ef62a1fa41,0.13596591408008624
161e450caac64b0b,0.056300960699019284
870239c07fe84d59,0.19345520385044207
1a510d36c73a9190,0.07687647877495618
6365e056680facbe,0.10198529133719306
7e5efd56e82bc148,0.0482435643693844
8ddf8d226ddfa267,0.025893450084005083
aa2927ee663efd7e,0.06689529217232003
1969a71e6c309cce,0.06039035226761244
33e3103e2045fa64,0.035907592028519494
79d3953d4c100b9d,0.24275816589604554
8a0bec565c237aae,0.07978370616560157
e7b2425696ad04e1,0.029707856807999533
1585c48da5187cc9,0.1324909132301393
b508d898d174eb05,0.12379537184641726
ae96ed3d88eb7aed,0.0535250984026836
3780b01a20d9aafc,0.13621400699947728
5d2ea0bc3f49f99f,0.12684676850763388
609566c49b16621d,0.03237210172031698
52a50658bfe832ee,0.12229965289967852
76655f684bc2518a,0.048194077639462866
507aa51e38d00459,0.045599885929632225
e7edc5fb783b818a,0.03561540165878963
3488c9b765c1219f,0.041593553424220026
60726ee6707bab89,0.1794473064906421
724b704c54783fd3,0.03583802399084042
23405c43202f489c,0.06608903565607303
0a275c8c3adc1e3b,0.05009736867895326
ad727a83295f79c1,0.1948072649152462
9fcd517a3727524e,0.0863857998780666
c1a15f34e5189a8f,0.0745373402524683
ee586308edeeb5fd,0.13598593630972433
61323c4c907b9667,0.1572840295623892
dc6ad9b2ea237556,0.23825108724204597
fc261535991f079a,0.042774283243845634
199f8696fe22e8f6,0.05112143986311843
80c803fed1e7b815,0.029119219962771593
b3645ff1881e6181,0.0459538095505817
f077bcf8ba579026,0.09939350068812022
c98984325495234b,0.06917325378881209
2b1acfb2885f0207,0.03584902464449083
58aea5fe94bdc9f0,0.0679746925726735
13ce2e76f9ac9797,0.12254872376214404
585b1ae5f2fdf9d8,0.21198452811406082
c02d00f3c935fac9,0.07335169694129276
961c1ecf22020dd7,0.07836757573743552
34a2c0730076cd51,0.17031586529161075
f08c72208c842a80,0.15714976814116416
3d0365b300b08d12,0.13908600535592436
7698d1646b1160a7,0.04876492681310808
46fe0812a4d6a0e5,0.06810830757734307
1992a8cfd9dcd0a4,0.16146054301016577
234824681fe92370,0.038149173889819726
66dae8fb83f01cda,0.039027445104541175
565a8741e734fb66,0.06672429809930114
85796d3a4623f1b4,0.04062317145856502
980c038df259aca4,0.042655675936870134
847d49fff22ffac8,0.16017778735114405
3ab579aad87803f2,0.036478961805359755
7c287939d256c04a,0.05472923110491463
9b56b63c1ce61e36,0.03717108671430163
2b2beb4ade849fe5,0.1161517283256788
ca97e3a639d0f212,0.05870860986740334
cdf0a515724936f7,0.09408986200491631
f0d9600d63271cb1,0.16169063520462312
61f6d6cd6e8ebecb,0.07574221587123513
66bb128d75c1a31d,0.09197729663560475
ff6ace3df2f93fd8,0.025725793511450545
174f6de5e6fd0ce6,0.15095679144726165
f629016e686c93c7,0.13717037135910085
8a5cd96071aee653,0.018410967674100904
47a56fcce1a48c57,0.17988005756145953
bc218a229f6dd8a3,0.06448707759911734
6700a0d8cc03fd40,0.11023611402667438
bf07422782deaa4e,0.21170118325235646
67e5b268a06fc16c,0.04254664238826241
775246a31de87040,0.06742092000204601
a8c96679585190f7,0.04156752100992004
85e8b073ae9d6cb6,0.12676244699945832
8d783fa9a84a2016,0.27665650304723266
afa9ef8b36efca27,0.03739313327153372
292ad72f433b2ec4,0.048075223903166736
543a382acb950efa,0.04655186277878756
97eee667e12fac11,0.06285271035847423
f1594e042dbd4135,0.03862086238726551
c4acac79bfd54ae4,0.057830882454422736
f1bc5cee7cfbe74f,0.07608502520105098
25e346e1b0340347,0.07128440849988726
53b71602a81f5c52,0.07213455365660776
6d2d4b17736e595e,0.07923221834851893
f652427f39b6f10d,0.355238207924141
1437d0c59eca00af,0.03909021631878733
d8980b5b1d68a4ee,0.1356214562266478
442b8a915014e871,0.09704656180430322
6a1e5bce20cbbd53,0.16821652473628973
ec75dfc7e578543f,0.029518687984632412
94cd35193b228a90,0.3361632535228814
15617a2281e76896,0.09472714137525914
ae22b29ad0d98702,0.041805912737987574
3e5ee530dd802ab2,0.06177855387318913
9304c1771978ab05,0.030327495432405815
635d5bab100147aa,0.09531162909724947
cf12cab6ff5fa6dc,0.11008106910252095
cc7ce49efd47f0a0,0.03438436915396856
20c507d578183dfc,0.13406914445291107
e29e2bc7c3e6ef41,0.21842645968154661
61e270d51cee0fe8,0.09828644947576361
a1cf27e43a150760,0.23063989811437385
9bdddc292578558b,0.046226077843669264
fa0f0cb920abdb0c,0.13592870622208858
95dc87b7553104b2,0.2002594526886816
c268681605733a6e,0.07805102077976436
57f8444d376ead3c,0.15919685680938134
1eb08c4e2e2d0a0a,0.10617028561555536
65f04a475e60bc71,0.10876753401165207
54b86d86b2c582db,0.05031417800379102
ac660728eb9adcbe,0.08719975501306126
9dc70760c7a65427,0.1766668472832293
707fa7577b28c00b,0.04366964981588533
dfc0ad3ac006f7dc,0.08831241759952554
d02c60d97c52824d,0.047520478952099286
68735cd4123d2c31,0.22752960588521948
e7fa76e1a52159ec,0.035130842155503744
8e2a48702b61cf4b,0.027416642970441135
7b4d442d12660d2e,0.05096660965262877
1879fdf1618adb5c,0.10414047528115783
28331b7b0b1598fa,0.041523858085950965
c27a3cd35a718f85,0.07093068350913236
003398b630719a7d,0.04114638355179338
70b9137733db97b6,0.09123465151988791
f0ea5635eb777479,0.12144678228884107
e80ca1e08210095b,0.11627231004951796
033b8feb5aaae03b,0.03866614702147654
ac6a54139c7c9d37,0.13632719273261398
ebc95757b2947172,0.05404391081274028
2fcf426035785728,0.08981492831647736
78996a14f02ebbe3,0.038716583683449934
a87e26d221511c94,0.018579489007206792
c5eddf448403ab6e,0.03457978930166087
e8da0e67e35aa293,0.09901929597142953
88b632eaf9356d3a,0.05999925726472145
85571b011c6fcfaa,0.2250046896478547
9013d63ab473f952,0.13470670699662593
960cad37cffe68eb,0.05811912307794749
e247eb8f78f75a9f,0.07205522887748265
80eaa51c4c8a00ee,0.03319309288104165
35849a3326fb87fa,0.047509850728114596
d95e6b933db44247,0.03623076760576564
c8d99c2ec6082321,0.033422583678307596
c9aea5e1048b2e51,0.11654631417939362
e01947dd147cbbce,0.062348957915449074
ae79b75a13c928bf,0.04234828195027171
ce571fad3257b3f6,0.03557925161525845
a95633f51ef3a7b0,0.036536904665626896
297c6928439e696a,0.17098059216520595
a4d78fd9f9ffb303,0.08081218931400072
2dbf5dac4bc14af2,0.1467381535681247
484f57153280140c,0.10311005805094342
db3d92a2887ed53d,0.12763250465895168
0fcc2eaacbd92a61,0.02333612646705951
3b06de421485ddad,0.11445676519879158
3ab1395e200e5b42,0.15474869605904987
8b607b6592065a8e,0.05461706234414723
a58b1c259179dc09,0.16930281721332724
a84f2ec64cddb96d,0.18841660848072306
794ec7ff88727529,0.051825343563836564
7bec4fd7e9a158f2,0.06279077582837367
bb364b5bbcd978f4,0.19819759975575701
89b648a5f0f0ab12,0.09970061903095237
63de8d6c54817aa3,0.019111960812611198
f379e9f71ba0c23e,0.08338375920509326
a4d79f83a661fa2e,0.10281665715307145
211b21d15b3b91a0,0.05050870201180549
1186f6b426beed22,0.07495280145434682
8dbf55afa93fb576,0.10677179671595241
4c37d40f77654769,0.0420478803471398
282449c18b62e5e6,0.16780336735364476
12472f1c83854116,0.13982958064803175
eb624c530d058714,0.07267294538500532
916aa0618dc412d3,0.18038060505643538
b9f7f01f0c234a62,0.157739988452124
d6a72e0c5f8c9277,0.03274016117129328
888195334e946eb0,0.026018177071210877
f1aaca6b558ffaf2,0.062387102952576975
cfd7c6655e63d480,0.20777569904029367
d54c579db2ee74b5,0.03212620212013473
3d05c28ee2849928,0.2479085077087324
88653ba09b9797ff,0.029699379478322418
270649bc52035cbd,0.0345065091768058
164c0240a44d6755,0.07689571330409205
71d79d68a2b92f27,0.10837709905270398
9bb25aadd2b3bdb4,0.17654829234542002
b3c62935a53d8997,0.0642683343209596
e850d24192f9e415,0.03483308684533864
0834b059b33fe386,0.13599831061370907
57cca7c7ea10b6ab,0.057097927634617546
39483c2d8174f1ed,0.1500252015089082
4df07eb70c71ec51,0.16816987380190299
771b30a38c390789,0.06478874314297971
65037a69f9336b3b,0.10806127784820899
97bf39056279f7fa,0.1070366955076116
1a2d12af54623039,0.07268582579867097
e649d739e4cbe4eb,0.2146183403262212
7c35e8ece8dd52b2,0.14163754464484346
4f679f800c6abb6d,0.1695820062467447
42a8a8ccd4f9f9e2,0.024543857669415886
662eb31e5ca29cb7,0.0872123736115138
39a75d0fc9a932b4,0.1267608656653481
f80b6c96f9ca16ca,0.03249615976326762
d1112438bc117eb4,0.10403425973560125
2a23256f8a1b1dad,0.11845117868851254
e3da84e292717dd8,0.05871278194207462
b3da0bcad91df631,0.16305427231507785
b7317d34b8035aa3,0.06769711654182925
263b44530f890156,0.09802559147554839
4908216a464f51c6,0.14833428740067195
d0b576af5fedd973,0.09860051715933166
d53abab056eabccb,0.09909941117706045
9947a71c07c08013,0.14494968686377166
e3f83e6765042b60,0.09417860899780456
b5e1fe2cd612caf7,0.05582236159135315
2c979dd3ae786b0b,0.02756172862193112
37ebd133842ac652,0.1272460077430402
8d7452fc00bad24b,0.10791644652942717
be4d73360ad37873,0.07293250454612935
40b14de62d50cd96,0.4581846923965721
e8b95e5aac14d285,0.0353434027615991
545aeb4e5c2808c7,0.055416948153913154
3ea943e815e609c3,0.04867233185046862
9c3663c00fb99ff6,0.06500742701420188
6806a16705d54743,0.13025464826485805
9658ef3f8e3ed080,0.10399683416493594
72aca7fa36feebdf,0.09716668336477208
dfe86e43c4930991,0.10669492361248356
4f82ff5b5651d2f0,0.04483800376860252
d13da56afbdee207,0.08250735650783264
0dcdbb940af66121,0.044954235478862514
0e09773245767eac,0.0393388318459518
b186bc9610e2b533,0.15146201405775203
d54841a2e0a4cca8,0.3702236490506725
166c017caddab251,0.1571277202136987
a23f0288384f2f2d,0.12563180771143376
4886d310e5914363,0.06477951544425864
41edfc6111e88f1f,0.04855177670207081
0f33a4c86170e40b,0.07439245569360109
19bac5bcc4414e66,0.031191004758598997
88ddba34446d1ade,0.0700557983779189
a8dfc97deea7f5fa,0.12182556703309746
fbe5da4001a21c4a,0.033943645416928896
8ea535444187b6ac,0.060872897929382205
1be66765efbe9174,0.07863421247929932
05f16b595e33f77b,0.05842371864149428
3fb3259efef9eda0,0.03743881126688778
43836f5657b092dc,0.16646832082859214
26ac42441170201f,0.1592808927014543
12a4ec2031ef6174,0.05937476398319976
d8e7f33605a80ae3,0.08064932299202603
d6bde3bc380d8735,0.08658707617485935
9e0c178f3e852551,0.19034367849807232
88a6149ecfb1f651,0.07531986416580058
54a33fc8125490a9,0.08246102099279609
2930f4f063583542,0.06025214259325691
5092541f5024187c,0.048576559692485186
e78a593c9b385330,0.10936065233334395
a09be3a8eeceee6f,0.15193455562616953
7010ac1b44772de3,0.0701599444215226
49a17880c454c7c3,0.04913119091482025
4e36cc0f1383ebd3,0.11984232795586174
ebdb25864f6ce1b9,0.03938428207290858
bdb72360a5581c6d,0.11199725786083611
8c698e0fbcb6a090,0.046776954878290755
9c350ea7550d8378,0.04155929705194483
a8b88f7bb8ca6361,0.052079112160686857
3d326c98287fba6f,0.0899624434090183
f42c01d8b045f708,0.12341265497810311
8e5d62b3ab696aaa,0.03393230156987338
6224caf3c72e7ee3,0.07660098076463479
926fddd6b2ee63aa,0.019813281966089658
922cf50522b3b88b,0.12999529307051982
7d0fb10204af6166,0.18315618172726755
1a76fbd031e39a6b,0.20900288370572825
fd68ea29d356dd75,0.033479486854140816
03cc36191251ada1,0.1228340568172509
99b5bb0b92d8a55a,0.046298473096408777
aac02a9d632924f3,0.038385490196693434
5d220b8e18201d3a,0.043527661084512205
14fc1d6fe2d4e69a,0.1685592488460719
35e119f52196b1ba,0.03578396477194627
40f1234b5a30403c,0.127806103352517
d59ccb5d557c022e,0.11554656613137612
0c385e728de38f99,0.06480622588054245
f8683477a2ab2ade,0.2166410914141137
511fe8f39056b9f0,0.07520257097851268
c99c5d897170f156,0.10501070101178764
9d753071d21e6c36,0.06024745267645419
9e9289f66961c664,0.11867162239102545
5f8b0d75fdfecea0,0.04349749154752863
9dc13c482e059e6f,0.07618842320673874
3f87fc97c66a3191,0.1549715429261635
1b3f3ffb589858e3,0.03740383518806488
5358785efbcfdaaa,0.07544204327053904
57193bdf5b9a6b42,0.12467657995686279
4ba6c061c5bcb057,0.5898790645078988
218a85cad268eab4,0.16862309755935997
f93dbe2cfff78101,0.12661157084838148
a8481146cd533ccd,0.12084723366801686
84b0e8fa750b7a33,0.11555105715037266
fdcc76060f099b01,0.031569991675613245
300a47eca14f8974,0.12209300646461335
14218faebac40dda,0.06841155023369344
6df2c2d2e3c3a7a8,0.1231565021068653
73b49cfc1f3e9dfe,0.027623291227418703
7f686a76e0a43e5a,0.09182775590687203
bf81324a27520bde,0.11670570071089706
f5d463ec64cf0b0d,0.09643004194718229
7b0554b8ca04f697,0.047775830114915915
e1b2fbbaa6be8596,0.08701769264350304
1b881aaa4217102a,0.09137405525804693
c212840fd1764342,0.059307342716005455
ef314439dbb365d6,0.04207838296697838
1772dc13f02d39b7,0.09315204386446674
b9ed04801fc7a354,0.05721172570790718
105a3d1544b0f94b,0.11940092274576171
78654baca9d1378e,0.20991239774457
9bc2056512b6d4b6,0.04886928367691506
09c4cf78e2e7adc5,0.0691594706113105
b2555ae21207d05b,0.12620426303248616
ae348fe15c764802,0.06838947312322909
f0124c71b8a4ad33,0.08832884888983644
b56dc4e690b38942,0.04908114617412532
f780521ce14740f3,0.04225165363249561
dc6f043604dd54fe,0.07993363647521143
e07db4ab9d64f3ee,0.10794208961451418
8afd23b140e4bcb6,0.12603703781107467
11bdf36dc7a35404,0.041922033508792575
4996a5c048b055d5,0.14513422007489213
623d8021b7d32292,0.11827268356663581
9eaa2f70288d4b3f,0.09120763852811525
9b0054be7988059a,0.08838699331210506
3952d82f6df456f1,0.0395046240277588
8533f9a63a9367b1,0.0686469964300181
391d9fb2c3bd6fbe,0.03498121483397545
101b529dd70a1e11,0.04777368274479414
85b19b6a46b45156,0.04205336894943093
a4b17c05d90ca2b2,0.08803216611884854
194ecba02d51bfb5,0.08644224876257653
20a12da2d8890e93,0.03927778029139761
2df9214ba1de660d,0.0792349652129764
bd7e307eb75933e1,0.10473216751082912
5e0b0dbe5ffe6e83,0.9535794232877843
bf3a6cfc9a1f3c80,0.06337752172149316
82ae8090ca11b2e6,0.12920977431997704
4901ed9747386ca7,0.12424134638481055
53084b49be13c52f,0.1435550742511507
0263cc51aa1acd4c,0.10673878498359221
41e313f2355b137c,0.11687459168919559
51a37cfce403f12f,0.05384346931215675
df4f484e6719459f,0.04692135576983937
de7f255e061d07f9,0.09827167547156429
741683772f1576c7,0.154837301895428
54c7fb2af01e96d6,0.16426214309032583
24c542dab399c685,0.03258533124415843
a1230bf06c58290d,0.04613093976794676
900e15461a12870f,0.16879672692237568
c089536a25834f70,0.06549917345487752
afc3286b544f0040,0.13362997753320668
c61465243a2221a5,0.139916674487647
cb1f20d4bb93c243,0.04869682941571202
30725d20e5558b56,0.06376381450241017
94ce3e10e75f90a6,0.03914896616233156
48d0b89d569495d8,0.10882309779600045
ff1ad6d36283f697,0.05098970314229495
72be68b75d2c814b,0.039075964922759374
e4b90062b12b7030,0.1466177430657895
d6323a665e446722,0.05472657149055432
2d37f4baed1667c1,0.09602939904020862
05781aee37a18dac,0.04784454284645917
de24d558a18a9f32,0.048776747121331156
cb44379989560ff1,0.04596591540057414
eb333ca8ccdad2c8,0.05515685725981648
1d5cf29e044bf468,0.14077818758805927
172401cbfcd665a3,0.14592496310605996
8247761544773a90,0.023466852232119542
5f2c0797f7cb831e,0.040528244319690224
a7edbfd2acdf8ad0,0.06519526842780414
fdcb685349aaef9b,0.11829623414551094
1568e5a308c50e7b,0.1367932112682557
53f5f1c7014efbaf,0.08918946210891077
e992034fc58854a7,0.060578935527721554
b1fc334e48e20c8a,0.0331345268516652
ca9f6168acd90b8b,0.04005495531609058
929bd47a71c6b958,0.2574855927530009
f7ee05e2b2ea34e4,0.06222725118369333
2f3fdc90e73536d0,0.03717151288296527
b43f6d156041778c,0.04148597520995147
6b0740f130757056,0.051941398085418734
9f1200bd8ef18393,0.07661271415672798
bf0849396acf9180,0.03580240902176157
58f62b02898dcd7c,0.2954512245887434
825b360a284d4a2e,0.03345364752544994
0274228343b0c7cc,0.2027629771483591
746ca6b736caea7b,0.043415085313652596
69cadc81ce7e015c,0.0522530237003728
295dc3bdd969b7cf,0.09861317455796267
e0c7aeb2471c9ba6,0.16486965233203696
a7c128e7baf08587,0.0665752414618475
74ac5ce19092de45,0.09511240636042284
5642496d768456f0,0.15763065872030044
9568d09b37d48147,0.11301135355614164
687eb07ac1ec9aba,0.0676888606939633
1131d59f818ebfc7,0.05031453260663969
70d46c4ad271dfcf,0.08358048531553303
333d8235e3bd1acc,0.060399266931670414
f9dc0ee30937f393,0.10017947712025133
e2e48b863ea7d61c,0.10967601306981893
96ad67d29a15ec47,0.1073254890100854
998b0ea49069c858,0.03591676507067726
cbf500fe483dca27,0.04757913439880716
32889f39f5c7e4e1,0.053842915628081134
f87241418df6147d,0.09438367778497173
afed174cf13b9d7f,0.09000495954692543
d52f3c40480519e8,0.14852457941461059
67306d595867bdca,0.03141492058361601
dc439b5c79486948,0.06935277630903683
35089dcee9e9ba1c,0.04705346511006285
61b5d6ef5f241490,0.04519261701738163
45f5713dcef10264,0.08449204562842266
2a3053d58302242a,0.04011896697661857
0998f38d4d069491,0.10713842608240579
accc2c8ae67e6063,0.028885342170356966
9f5292cbd3806d79,0.0475265931879369
1fb85b95e91ae45e,0.0575991964728554
faa0394464cef2e8,0.03012159414867029
af95309c63fadc79,0.08542464455184186
b8b45d6732b08fb5,0.06544382633572923
66966f55862259dc,0.07444748355184994
608333309da6527a,0.13559774752455928
36dc5921a7d84ed1,0.08110579747335317
27813742ebfe2b33,0.09137728779006069
211d5db960ca61c8,0.029337043567177368
5b186ac0d11513b9,0.2797602580450661
832d1c008bc3ef2b,0.13236113585433035
7d4e4f8d7d40dcfc,0.04505568762504116
f0dfb22c3a27665d,0.1659763999366113
407451c452cc5d17,0.1895037513704941
56928312feff0ba3,0.09610569560321966
9454541a6582c13a,0.06275944554598836
e6e2f33f21d593de,0.030152367465377264
eaa2910769614f8e,0.02162092694270229
127bd9796d970cc9,0.06735298080739525
169858f0ea055525,0.05586681504280129
47a3a9c393a619bb,0.03950078858305771
d25e98683c74aa8c,0.10465565370984978
4f2ec1f813538809,0.1048838180383572
8e5753d72777a9ac,0.060336412370422456
d9cef172341ac628,0.4215113822793541
d2c6b2e087495365,0.14494914348245908
5aab483da67d16b3,0.10950021591792403
ad319fa45d964c5e,0.1568898027020307
730d677b8c968e37,0.0463075622007435
b1e38b684248bd0f,0.1448760609213304
ccd097c32d7ca7c0,0.059617830864186816
4cb0f5de29f8b8a8,0.13093690348701847
902aa8ae7819a527,0.025114652933999743
36cc1fd78eea46be,0.138745420180321
5b8a6b0aae157e06,0.1319394283341982
d371f4cddd5ab580,0.05116987033856838
a07311ae113f1cc7,0.13151410204267047
8ff382f017152a6b,0.11368068408702858
bfe18fe096f61209,0.0630747341268988
97f3a3f55f767d91,0.04209437174980313
a4058a2e4bbcaddc,0.1554989652091463
6dbcfd20040642cf,0.03834432319391004
42a6b3c10ef18f02,0.09014106763101423
9d7f6f4e136504fc,0.05011744757975434
0165f411bc818cb0,0.11403741712048981
bffe1b12bbe69fb2,0.11310621381988752
e01b40b1d6f30df0,0.15661510103755039
3201c568d1d26470,0.14666335333430222
0affa4eadbf1db83,0.18800569481630663
ddd3b7b0ab9f40d9,0.129481109553987
ec738c2ec1bfcd80,0.0217494295838176
906a954f8e1fea07,0.213482130579588
cdbfc59fb04fc180,0.18566576455478223
2d4770eef88200b3,0.03521291913856556
3d18600bcebb32aa,0.08245875858940885
3e050322f92541d9,0.06737753241106985
1221e13593768788,0.06185998476304857
e7ea980a9b3cc8c4,0.09846518092635559
398953f786ac4845,0.1685962355812165
e8efc32edeaa174c,0.1450525097280952
49f061e869ee997d,0.09207397862719821
17668415b4ad9f20,0.04874461729743184
81e71cda520c7c11,0.12772260047829131
7c48e5537ec69161,0.057420820057492813
7b6ba45bf7c43e21,0.08750993580997025
9cdc08694020bc45,0.138698103372971
60a026b4a766753d,0.09291207227587912
719db72fef47ca30,0.04789614288645523
c0b5b808eb068fc6,0.12456659727400578
b20616efa1e51758,0.04014389669213052
d1c2190b7e54ae51,0.030232023746133756
88d71cf388b60bf4,0.1299288740684887
c2394a42025bd869,0.20987177665469986
19b165b652dbcda4,0.14925598037353283
c17841139e5914a5,0.131163465723155
5549a53bbf9d24be,0.12411170081509479
2da830aa5b2812cb,0.05295257034682675
fb36e8ea3112744a,0.07031914563104384
3dcfee7f0efc084a,0.13944296505157516
16a97d3860c22e1c,0.15835627745036188
6322b2e3f7dca7db,0.08694107656536107
a48ff3331f89fc6d,0.10248895242598755
e07a96472008d97e,0.22048281481789106
42af4fb223127bc3,0.04448519342722736
4aa484762f1d25ae,0.126003455227388
c414fb964c9cbb8f,0.1264641709002967
397cb89e6ab8a959,0.13884088152668494
2e9d9d9e0a6af0ff,0.10682772858968542
fc32ff9c59a22f95,0.02299258061583777
5783d334ad7f831b,0.1429582436441446
dbaa31f9fbbb6219,0.042680517485884126
93eb228beb06de30,0.03237300970861757
482d6bc5204e5ae1,0.060006289145336844
7128efa4863f0362,0.1026691215248063
ba5809f410734a94,0.0703545662249206
a571eb5010a2e299,0.05499392952077797
ad6cdd09fea09683,0.14689197457172992
fa9d2cf12e72efce,0.14912150755070802
a8ae0f9ef30ce81a,0.29843607340194
3b234a17219db0b1,0.04414846268229668
25b24a0734045bd8,0.16500412491701552
771f41a483c9f8a5,0.10902523249744678
22a6c4ec274869d7,0.1128275025639156
e48895820558223a,0.05703613138755071
02c11767f29d0426,0.023905030842014372
d686fd200c65923c,0.185626701239045
adfe117f01ca698a,0.020008227147149074
69f3b49837e76dc6,0.07744126319993289
2e72632e2ea73631,0.037410214814785396
3207b91e24e27568,0.042921538877865
95f22517cd16a7c2,0.0724277789633288
543936caa0e83a72,0.05476316274621491
58c5c659df736b0b,0.05165006079896688
997b65e2ca34d529,0.05762726622587546
75bd9c566434eae8,0.041975445071207235
14088d0f66d091e7,0.17158099751245448
4014d97b63499622,0.0745734277892604
f9d10471eb47111f,0.13166455937577523
545fffb7628e26bd,0.030159220719926653
9c45d75bebd4d820,0.02648877804499969
f710caef77284ef1,0.14972480179665293
e4bc3c14c4f4b1a8,0.11461738374375477
392b17be6354d3a9,0.11659341181073879
9cc8d07ee090f377,0.14949976365402629
b2fbccdb690a2b84,0.10330214301203891
291257ccaccf9d11,0.11866808891311614
c9022a6ee3a5d7d8,0.038056787451989926
19a688707e160732,0.04520331947976767
84bef4f5323ebd93,0.1365517884348264
a3e5e1903e0e9682,0.06794983887790779
3b0297530613b732,0.039754081685661816
ca0fa3062d6f947a,0.13866520101601465
aba2a7eb167c6548,0.13370594479319725
7dace0a49f811059,0.11565272113771634
522ed32d9fdf2d72,0.10963914716268551
8771c418cc219aa1,0.10213240171552768
1b8f8b528f041137,0.01841396019766978
a9112add272578cc,0.08908414380226123
e722b584b816d2f4,0.12589690275656118
324dcb8fa3962b96,0.09329747656861628
ee84f939a7ab4e14,0.15712155721011456
f7a5683abeeb512e,0.05728750037449521
788dec8bb41081b9,0.0353683907524002
20880910f50c0159,0.11324913711752974
a55d2babd6ac6e05,0.0378062765001739
7c5af2b41b2f1889,0.0899711255471916
af9599e0e687edff,0.07684277887414967
96de608fb997caee,0.03658724554237035
ef99f60d68f58a7e,0.26509975567973304
59d2159096523cdb,0.24404139078775383
606abd74dcfa442e,0.1560826078327699
20fdb4917e7e9401,0.04503156596557456
a3a5ff27339bb075,0.12960692549485725
b5ecb5c63b48ec75,0.2023638616094398
0a039166594e063a,0.0291981117641765
62bfe04683f51a3c,0.09944197826325732
b430c4d5161b59db,0.15621972741476575
a385f4145be5f5d0,0.027684175765902746
904e0bfdad64bd43,0.3034211331856872
0f4074528657c491,0.15410849069922783
39e4468b2f4b7935,0.09744901829969366
9125b00413b353d6,0.02818774779062372
fafd8063bc5f5cec,0.1330371246366599
6b06401ff364064a,0.026707956723720776
e5c9addac3faca6d,0.04031458124083347
d12807d748517f6e,0.06209783351997924
828de307532bb29a,0.17156634286525063
2799da617b3128ab,0.03644324094103874
7b6d6ea6d9feff86,0.03422036333394789
0627c402fd75fb9d,0.1528691525843811
a1bb99f3b749279f,0.07068309951828311
ceac2c53c27234d5,0.024849020491181616
9b3de1b793447910,0.04085559843557028
76a426cfc81a4d2d,0.13424112292915968
abac3cc21ba1b309,0.03540563198986712
4e8b9323fa254334,0.10181028664358524
1a4205578a28486e,0.14913535291101657
fa7dfc3f7d4a1344,0.15146888425900495
340b1651b36c8645,0.07465800392546108
73cf2e26157ed703,0.13266426563736877
87add43c2ce1b06e,0.11006497212174093
01717bfb5b3542c8,0.11468694075777147
70ca05c9213444aa,0.07713902714857081
0684a9a80bfd34b3,0.09961066218830394
8c2ae373e2809c29,0.060915736379491416
331341a7f1c33272,0.12395791904773633
97078c12c161c701,0.07069784530266918
4ddffb1d8861cc54,0.03665431144488829
2dbc5e3027b4817b,0.08921221556197906
8fcb717c71bb3cfc,0.04560220151792488
58ed220fa88a029b,0.028704777491733315
fcad4ebd837b0031,0.035142385724112477
0792e52fe2c9b711,0.1203700666172037
576de6970c4ba90c,0.11867265291013074
930888a00b16e315,0.10721760012189316
bb00b59f720aadc8,0.11148578973340577
05aad23e028bea27,0.0841050161466503
0ccaef7346d2eebe,0.06388813363670715
bc31c0a97c89dac1,0.12590163017998396
239478b0c695aad2,0.0789668300900664
6d59238e91d3c6d6,0.08519327913350755
02b6f6002980042e,0.11738213692500249
0164fc5fb575ee2b,0.09227357591364804
d8ba5ce01fe8a09d,0.10558612504906455
173b378df818b167,0.028217962403529147
7f5edae9b09a208c,0.1077096691575948
0b5662c2a594c20c,0.10572963921766484
55ba1dbed1a641ea,0.12839700016581643
c944ecb134192652,0.1704681462769671
3984b7d478aec2b1,0.14591214438783562
f6ff304e4f459ab4,0.1585823080151562
a49951ac9b42ceab,0.06639256262593539
4b48ddb6a65e584b,0.2010992577482178
624009526008e265,0.06965876530792647
9ca1f3fd0ed031b3,0.12035106513146376
dd7e10345355a17c,0.07211766780632894
a324ae18d57bb12f,0.13537881727506756
f3aede6892999fdd,0.059902583235630094
798f779dbd13fb6c,0.21496250917808482
21481b4c28f91b47,0.03460622307088786
8529066c088169cd,0.029759318508943616
7e93ed2093de4112,0.04912415330079817
51687c7ba8a553be,0.09889918063557436
4ad8b585409698e6,0.032333975200007595
eca2dbbd4829118c,0.1452037982234487
7a9bea3f50549e57,0.08167056800066294
e53cb4d81fe012e8,0.10219658453966302
25e3af07b73ccb43,0.06726092237607562
939b59f220b94ec8,0.06647537508013124
9618c75bab14bdc4,0.188439677604826
2ac483615d4696d4,0.1708769113026241
b357b45b22852d5f,0.033497984679751215
eed158b983054ab2,0.03900446181481693
25b699ec3d33020b,0.28163000555366724
fabe692869cbf6a8,0.04825117270519319
e30cdc55701f891d,0.11510544486377314
4e247c59738e0754,0.09996089000291787
eb6c93bf83ef9f01,0.1279365827021613
4b2a51b89182eb2f,0.09105324498009598
920800c7a752c35e,0.03331317490387072
00e3f3638706ad20,0.08950385249988028
3b68344f608e8cf6,0.04489124883190869
bd0092d0e87dd02b,0.07752588098242216
d3020752ddea13e5,0.10985863595991832
679a41beeaebf503,0.1468980549846794
7fcec9e71dcf18cc,0.05731752859113717
735724a234bf2816,0.10971313606868247
31cdf3e24ce53af5,0.08503240751872325
58b83792be0f6321,0.16099659195225058
2a84a58cf96025f5,0.03612404318904898
9fcedeea63586bf0,0.12492056673889634
d9de7aba8c682fda,0.028820209312474077
08572215a3892815,0.0627809165021009
b488884763d551a2,0.14232564537852285
c30e80405d6e58b2,0.036047828158715
0c86a250e70f6eb2,0.07856237256972468
a11c15fcf4597f82,0.11946612820815128
2caedcb4ee1a4103,0.24555177585843824
f91d05eaa3df539e,0.08898794426175814
8bba0a98ae140af5,0.1408630616244153
a987e81632676043,0.1157503923335139
f50807d17b5c038f,0.14288463663809858
ee12454070596716,0.11068395469302336
b6e0190c3e5766ef,0.2190244523018702
a57b30735e272a29,0.03017705058189125
ca66fe2ee058013e,0.1275415114117788
1969a8349757d32d,0.1085716395151651
a5bad4f4702eb96b,0.04478151888200767
2f4ee5ef7a9e32ab,0.18204243423820304
abb1f9350d96ed70,0.06712039729836533
8a663152856f606b,0.039698759164111024
5965e2be33eecfc3,0.034386562300330104
75414a1e69d6f205,0.07905883979067645
0d6362f82430762d,0.111051808348097
cded8976cdbec569,0.12298822543871302
2f21d9cb88d7004a,0.13186872159277074
bd0809d01c93396d,0.18144264319243275
d368fd4152e904a0,0.16279810563331215
7a088b0bef4cb74c,0.04961019292809324
dad9460a25f9913b,0.19493090333888402
50f138449e3fe2e8,0.10398268108191638
53eecae41b9614fd,0.1617377106296788
c88755b5796bc0c9,0.15686536477354707
1b2bf22690f55b23,0.07761084343352263
4c0b6078692f7c89,0.09714493751379338
d310596293c8f04c,0.09359061313695344
3a724ceda4c76f9c,0.028453413014863746
57c2219b4f1a0a5a,0.10565011591128881
6069a9ccdba45516,0.08937537446208475
504a8185dad726d7,0.10335956978403782
c950477e87d58094,0.040483943928577265
9f1e86207b2be555,0.17256863055686025
69051b19215e3e0a,0.0810300505956951
7f70b72d97083c7b,0.11164860997876078
61279ec74a6d3645,0.05174111197271465
4a35368f7daabf53,0.07966004052004895
8730f5f1237b818b,0.03805249202564644
f9492b545b552f5b,0.10096815534056117
a5e99c4117b486a0,0.06122686924977095
c10ccbadcdafc1cc,0.03605099019776202
e0d15a865fdfb988,0.04322089362715606
eb916f460ee1b545,0.0830224896407313
1b7bb61fe350c5ec,0.04227191988033695
03e5516590f20096,0.06524129218893122
18e0a9eb3145a82b,0.052246840568516535
39cab30b8f09a081,0.2779956484141012
dd47b13d3aa2de79,0.03994067715914344
6a431bf1b07deab0,0.1522988244473416
2b0db9b43f8d905b,0.09382720960511795
363b638b117d0e37,0.018703746630767806
87518c28a26f4d41,0.08454151252735549
3e73b6c86098ef20,0.11707898591292909
f7580d024f627389,0.05181082339884674
626946bf85055423,0.05198186702990931
1d4ec81574db910c,0.09026147642748752
eb3384eb6ec0ee10,0.036502348129781724
ba1a0a18164d2ed4,0.043560209599006625
8736a356e18687f9,0.06813712602571147
f66ad6f9a0d13057,0.06570659312474257
6781beeb2a94c80b,0.07113015408508754
45ec50d9e9b762dc,0.030617674288564004
f993d49be31858db,0.08861736556479516
68630d40b3d8c8a7,0.08355490086492248
790d0e863cbc896c,0.04836615617319322
6b9f40e1b5440454,0.03432237677646213
5bd12aaf1d87cfb6,0.0991770982646491
9593f8af8e49622c,0.03662512124718145
7787873ef39eb65f,0.13849672170606808
3b43be2428bd133c,0.06232817510146308
51614174133f7405,0.10669318578500539
90ef1be7933c7d32,0.05491687199805011
b9b0bc5968838ca2,0.052855303689590565
34854ac0b59be9cb,0.1186215164613412
552972fc397a3d7b,0.08998950937780348
538cce811be930f6,0.16218946317192726
3684947575a87995,0.26517691008179034
3458934dca749c27,0.10478235442335314
777593519303d6bc,0.10971850534732616
c998d0d7e544f18a,0.1178699520422567
a23ad55fcdc44126,0.1531309406582687
628f59b52e0f1abb,0.17645188277210072
f55fd4a896009b37,0.04478784529999249
891966bf8125b263,0.07038496413980508
31a036f4acb27daa,0.09290459154923761
b329a2756c4e7e5c,0.03654263249318819
4abec7b3aa11b00d,0.08673093723527889
506d7e6eca5fce8a,0.051779799017339354
93767eb66242b1fc,0.1637441531582095
f07f619af08f71e3,0.24573481992275314
067779ad870efb29,0.05218340575072586
5772509431f3d5d1,0.10824864790393521
562161d24bca87e5,0.02904434003480321
f3e2eded68a25564,0.08546678609737093
4e9f50f16ba04465,0.043610549898012496
a4208a55db792b95,0.09922415097669857
9540d1c34ce10213,0.06802674291117078
3b047ea1a379c251,0.06422858241755894
90c24520deb11d2d,0.05526304346657764
174bf54853f8e212,0.07014454160261266
e32af9607e1574ac,0.032424565649280986
177d7eaf2ebe4bb3,0.03099292074926556
1d3872dea5918cf8,0.1772417837968478
b6641f418df5107a,0.0954079639725339
7b0a91f0c2754446,0.13732596755826332
3074d01b6d512da1,0.08225181007594365
a1ded8ab2ac8cbc3,0.05724806427881583
99d24231acc81bda,0.1548509456172795
ff0efc6b635f0dfe,0.056608465555124485
4b26bc2a5271e828,0.0601189445060421
323cc294321346a4,0.09662602945052631
1c5da1e20342a0bf,0.0827047712818215
4f414677966cf8e5,0.07567649660341347
a08962f7cf8ef6ea,0.20396568390787834
e6778d3ce59810c5,0.05322029916236573
944d32b8f9e9db1a,0.22869137468599576
e5c8bee2002b6ca3,0.15725376333531535
fcc9190b336ccdc9,0.04280077815170428
d8c0de2ec20dd583,0.08779416011949051
fb55a45c51379250,0.05241802004294709
d6e81f789123be62,0.07918112823910663
2653ffee6d9f5abd,0.17996584071507274
daf885e44112d6f2,0.11513765599949848
a75fbb195a5c31b4,0.3211174240335809
d6946d6a1e5de8e0,0.0663233234313175
262eea09fa9fdd15,0.03117174312727794
0661f0f9daa76a96,0.10219954644995434
3796742963319893,0.2033747888028049
b7d31b3502739b04,0.09613419923660912
ca3ab2b2441679fe,0.09227938205039735
6ff3c95261a2e60c,0.03592838082060834
296198ef516bccfc,0.025735134530491754
fd7387d23f2c2e12,0.09605442800318942
705f7c9f6f9a1ddb,0.033326601729934874
664080d9a44e09d5,0.04145912916320636
d7bfb116b3f0171e,0.08523246586771616
df7650f2e15b685c,0.10117666767351795
13d553333a49e1fc,0.03961070234491489
d60997f0da2b3161,0.03233017208644216
e3dc5b0748d9d1be,0.38243979426183217
126cc7a3354c3a59,0.10700736466687623
68c831e307f80c40,0.044006182332752525
4c10437c6f1f749e,0.3399760637009943
4de56fff18170df4,0.051534266041710436
93ee64e43ea9b0ac,0.09042806125526315
622e27b7a834d371,0.2422253604132097
8283fa9a80b68052,0.055064121550259526
3cbb48910802e9b0,0.11175685626963283
898c4451fed60e39,0.08036447117641801
560b7b7af9fe8dd1,0.09810429837960541
bcc595e893e2a797,0.06492449362279606
cb2fa098224a9f0b,0.10009031201170406
9e2a88f835bbb5df,0.12105905146332777
07e1bd9a166bc257,0.16489647862622295
10fdd890be2462d8,0.03517722394787107
34a7adccbdf4dbe6,0.1407746861459464
5dca94f6e13922ed,0.06791292239904638
be032af3265ed2f8,0.2310749193551207
afebc493854ff065,0.026238021648633054
755bf2132b96ea88,0.027951710562519307
11b6872eb913fe4d,0.029480640426738362
5a73131a74b5e6f1,0.055826987913692186
a1445f34ce4c970c,0.1374625476775453
c84303c64f096b4d,0.10624206514453635
ee5a57da13fbcab4,0.1745709614903032
9e237fe51b937f8b,0.12161046581279683
04c0ce452fa54511,0.06964722478486696
e4cc4cfb493c102c,0.12085766255333796
13ec6848e5d8c7ec,0.06039598692540314
8b117511fb3c0bb5,0.15881135671624275
45109a7dafad71a4,0.26607229360478934
be5d51769b283a70,0.14766751065344974
4b049c030fc355f2,0.08919472979065128
e1b125afa19663b9,0.08168300768271824
7f5ee99bec52fb31,0.19758276636072425
0ea477a7bb524c43,0.07093905505928452
b2ef814029a4593b,0.11280219105761918
54642bb90de7c651,0.04285526052262685
5562db51544efda6,0.085581925222217
8c3fc61ec6b0570c,0.12251018110871867
19990ada3d732a59,0.13247600632267695
d4a097538c2270df,0.08866532971739187
a8e6780d12272bb2,0.13187901954175196
0de7c0afdf2ac64d,0.08058920461830078
ec3a682eb391eb7a,0.06863927153270005
de499b3d3aa77620,0.06105882366534452
bb95d7738f26c137,0.06763620326536658
76de6c48fb303a99,0.13848321094739657
f54db052a2c1bf61,0.17122006812631224
d2b45f024d0f9012,0.14269178731945523
26693e446f60e43c,0.06337021430316225
00fedb2a014dd220,0.07520332414423453
8b353042d65300c8,0.06972308164393812
90c55b1f3ca98c5b,0.030817531519726146
b874c35d79d74f6c,0.09631980694360992
d482eb847a0a40c6,0.06302185348796618
fc4d3a97478802f1,0.0903745100097337
0a7a2b85838db506,0.03125125048620978
c697f27fe38b040c,0.047181832497582545
a4d2009627d556d9,0.11352670775616311
1c403f2124470ed4,0.04853291815676321
33627e42df750fa3,0.029961903787459408
ba9bd925e360f225,0.06823724995502607
ea28b791d0295ad0,0.11338234046656576
d149d439304c8705,0.039619110696401796
536b709bf5515eeb,0.03797236477261763
88c0a8061e7a3795,0.11891465384311882
8764acb490f19b62,0.04209289843483388
417f76acebadcb48,0.16054615604213335
475869c5be3c507b,0.0762728729598244
3ef8009767c7fa25,0.1808041239270256
b554efed5fb706fa,0.15445769402379783
84da50183b024285,0.045718306934126235
a4b1d18f46aa981c,0.036031279673247624
9b47e555a004cdae,0.05906512351068326
ef262814960ff13f,0.12590818840568901
5c0868ac8eafc7f9,0.06862773699308979
db15a0f6f796aefc,0.030052943296017563
9e813d48e7fed678,0.10167829161558917
7e45e93f027eadd9,0.14578840661769327
bba24189518e4411,0.15334704918697378
80cba429bade3fd1,0.031743432070514194
ea2c64045d0a1c12,0.13721427264511749
6eea65bf31a2bde4,0.03402219309372208
986a532aee033e7a,0.048272459459440184
d254bc6437766f3e,0.05308988786025806
3c2c4044a5a205b7,0.06777784950167495
d1698b7f7ce2ac63,0.1499039732289411
5615043a1f36b137,0.04238845605734176
fcb9321c88377fa5,0.044000541394943415
885250c55edfcb6f,0.09745767786021267
f48232723a1bd05d,0.21487972982020598
27b4eb77530a112c,0.05703230520056565
98a1669bde0eac7b,0.2145631627312642
c85cfc3341c8708c,0.044406473827659415
8043ae38af9b3ce5,0.11725052305658813
babccd7388fd8c21,0.053138561170097964
28aeae730b623cab,0.045398522625600735
4bf1da87dd838f3f,0.03033490158832196
8da93da167404e45,0.10662509782791631
4a0a3077b5581645,0.08999164566602656
bfa2d19017923568,0.1015792190394544
5f6e00c966c5f59f,0.1532554442899421
52c9dbfce9f1b95b,0.032884673254643594
cdfc3b9f626b0845,0.1273917607799545
5e6ad4f66342dce9,0.11013439478601178
42b0a534c0da50ab,0.047425766310279255
e454a16a94a43530,0.08068802949021389
1b6c9c3629bff42e,0.16280338119389948
3d4ea2f562e04d67,0.03798628034479379
e5e88946dd245e5b,0.09262079668644779
7c08fe11ea59472e,0.11444624022828824
48716b8ef3837856,0.03865410070311141
22cb220fb3d03ef0,0.1396718356572943
ad38c3a4c4f92dd2,0.03645298618398134
439506f46710d418,0.09606001525808368
e6d46d90ae71b635,0.08565195570282988
cc306ba2474886f5,0.034658368186362795
c3dbfacba8b29888,0.04619700271117905
3349746bf536b40c,0.051593258319837534
254dff7f2f5e27da,0.03947061841202324
5f715d9d99d8aef8,0.12782995545612927
28877bba74273a2c,0.03188698990602751
0837f11e1dc53f72,0.14446654239837475
700d9c6e6406ca13,0.13204120519942755
6e0d475eeeff64fb,0.08969509854510524
36ba7c400d24c8ad,0.030454519942432357
8c371f8737f1a2dc,0.564776761082952
163b4afe1f475ea0,0.19750047904265244
2e2c632a9af9b807,0.19833586757432967
a891091666dc0643,0.13356915971688174
a990b188a8200e9e,0.035273724039254814
e0da7835cc3694da,0.1454760457332129
6965bd28dc460b44,0.034280599637011216
84b4fd2717d4bf2c,0.044892236577454406
0544118474e570be,0.0834919095170294
2437b2d4a2e8ae82,0.3190294936581536
647299fb2ba00e43,0.03534797134512471
7372537f1eba1dab,0.13902364382405763
8854c27e996efd14,0.07072148747127556
380235b034a986da,0.17313752846478858
a2d407f16ff373fe,0.16545181592024627
0ed19a3a868aaa3c,0.060991496281371405
c173b6242dff9b1c,0.06931424214195589
2043889f64f744b8,0.104937391703183
19989bc6ef928517,0.12432786693886104
d0665c65b0cf8d5d,0.18549278645020528
2b072792e895a81c,0.03394031942540696
c531857150c9674b,0.11435689325160951
bb56bbe97134a4d1,0.03885462744381682
3e062b6117c4918a,0.06594771395288668
a58a4c24d35bd7fa,0.1267191314803527
4ea7721e8c059b2e,0.06282493554923779
32a75809119cf7bc,0.13111418761883295
e4794a0287930fdc,0.0634774952223567
028903129d296567,0.10478563494926321
910a3bc19a45f893,0.1070533719413243
afb4e9017f94d52b,0.03054563471550897
8c75ef81ac907000,0.0921755675224815
de995213b69871cd,0.042561047770707544
593b54413b1695ee,0.11452030447699824
d68b798f72ec2a7b,0.03620266682567603
2abd97afe8848116,0.04115063846026766
b80ebde982296428,0.09063301520162609
dbe8ab13dd1f44f4,0.044963347383178295
db6b5f2104046f55,0.08654533962607357
1f67c146861efa15,0.02435318014345183
38f490199f1306b5,0.06556080256710307
dce69a47bd1feb56,0.06990140422414409
12cd790efb4486a6,0.12832140122197977
d5806dd0784560a5,0.03150407041559921
207f45be2fb83671,0.12776911587772855
848e2c11fd115b35,0.1143481890512449
0f9d093c9db25458,0.09069182755724292
13e9da15ed290868,0.10001124291516314
8c584f6c1538beaa,0.017298149123187556
5fcd3e5896568513,0.21111067069311518
aa1f013ff05a59f3,0.08454904523937934
eb2bbf6f740d132f,0.0318698104590915
51fcfaba58d7f511,0.17701226444063733
abfff37a1f178105,0.17559285007557895
918258103a71c3ab,0.047235743110364395
99beaa8c134356ed,0.11770876475936035
f3d97c979517c08d,0.12172676389253718
577a00d787373595,0.15745109419447337
d71bd663eab2681d,0.12484861384044656
3b59c956b239b3db,0.04105151234009588
9115eeed93f30a1c,0.06231432256211564
3d992bc625e7dad1,0.030001224799373605
4db07f6033192f9b,0.04242793492069835
a58a45e9afd5b405,0.12731594045259947
519774a276bdada6,0.14807453710180518
50bc50ed77a01d75,0.10609324925025806
d608451c67dc5cfb,0.07436915644929189
2856ffa4f0a1ce80,0.10960420706982871
2bdff8f74778c4ea,0.03638654511004329
068acd67c99550cd,0.13091542047441648
6123220972766a4a,0.09627428228518023
c4d534fff3fc5628,0.10170326187444347
9fc3fdf14ea045ac,0.09003425638922288
3f86edfd0be75ecf,0.0636540953823154
c36573a6175092a9,0.136724056206318
7c4df8c2f29666ee,0.1029100484254322
3c791b72118b74a6,0.09428530007168745
747b04b604c95fc1,0.04960757787786531
e780dca0db5520a5,0.04037624690964392
af83daec6d450e57,0.09742414676465182
5d4ff9f52e2e4f34,0.18411678888340424
b2b8e551d87be54f,0.5021253080191115
203b6e0e0fcaa971,0.10666476795703979
eb36b4336605a7d6,0.07146793677616295
14713adcc060333a,0.10267846167033387
251c0c9a3789eff9,0.15037034054572385
0d0e059449af50d6,0.052402358337887436
63b1850f6f5df5d3,0.056256163240339344
90ace0c383247390,0.036752061362756175
1ba1d1cb2d6d1bb9,0.07357350746287039
dcb2cbe56ba92129,0.03842849791930182
88b8fdeb6d82597c,0.03952350767058349
0ccfe20a4b77ea6e,0.03521415863130618
3482a5b15357f00e,0.03581273054898768
6d71348fed8b9c4f,0.12663410278101989
f8723e3306bf7c43,0.4388138785674984
7ef77b74f9baecb6,0.049389665157491436
bc80f01834269376,0.058438019073836514
18da383af4fa3cb8,0.24418515917818104
b474ff492fb9a94d,0.04029619475159788
d157b8492ffba0dc,0.038136563471385276
cbd2d4eb5123804b,0.12834913724313898
0f9515404031e965,0.052917517033482166
4f1dcb8a1669a31c,0.14786836266355327
28c27ce346a7a7b7,0.1522459108718167
58928eff8cb29089,0.08815701974824475
8069cea0e02052d2,0.034466718313585
3b583c05db5ea4a6,0.029531615802562278
36384df41240d0c1,0.07844095173370752
15e9a245d6d06a3e,0.15419387085320196
d2dba561c29b817d,0.09264674856282601
2a507f7014709986,0.1555628816849614
a27e43abacf3b1f2,0.1768308944953988
686019b683e849d6,0.1761939036131691
9a3663eadae7822e,0.10945339099202239
f4857bb0e0b52a47,0.07608524406727685
29f988f929e638a6,0.04731794239885427
cc08f5318b40d7b5,0.05028727938458802
3aa8c59d9c5dc7ac,0.11163148057420394
eeeb124ea0b0d51f,0.07843748791437505
c422bdf822a0dc56,0.11857198891180742
98269904767a2636,0.04700913040021917
e6cbd02151c72662,0.16566656597367557
5e7bd880681d9f61,0.1063328772141243
fbe456da262eaa3b,0.14113360273817274
dfe3e7968ec080ba,0.1015442790118691
0e9ef351ddbc9ab1,0.05465839946400888
2902b3339eeca5e3,0.08304084959548272
a7137a063b883e92,0.12076329142015703
b733ad3dd8899d06,0.0659362478881155
44fe9234ab115e2f,0.2590713567931852
000b03fc8664c7d1,0.03090784306313528
9020a01496eaf633,0.11983707892792843
53b7a21b0f4cc200,0.0878767049705042
20cc306cbb1c6bcc,0.17587651482786376
debcfcb981ae0125,0.036128400321315896
802bd1039c3e6a1b,0.0361307749353961
5f5c21e0b6a4d4a7,0.052405630634633736
4e1d92bfbc009b58,0.1380309548715623
644c03f056f3bf9e,0.15376611919046954
3b4855d86d450661,0.03283455429352121
dbe1c9a9d3e563ac,0.047505156312854166
2fb49e6e63bbe8f6,0.13807972827984222
2347ddad2e1b095f,0.0701684345463536
e315a627d1ca8573,0.14350696159173565
0558a476ace81c15,0.08773204462213054
4426fc96456aa43d,0.18663287950812815
ee5092888f963b26,0.0549633072711844
57886ec9ac1bcba7,0.17801487063937355
69e1947ef1a19192,0.12812549909988818
af29d6fac97c87a3,0.06268045240979458
6952926383750b48,0.07483176210016261
b6e14b919c7ad1f2,0.055413690449190936
8d09ba7da0267580,0.14536018053549435
40e7e13ba421c25f,0.04723272812998966
c3d8677083122b80,0.17383196141590018
e41366313db49145,0.04437600143972806
ed95e31015c5959c,0.14130374791393102
64f0bef89a702494,0.03658224124826965
81918dc774b899ca,0.030458361685150148
dc9dc895fc8368b6,0.08991592189425526
ea0dcc9add9ba8c9,0.09711131592007533
c45a009981cf2faf,0.13321580724667784
ee4eee5c2cad18b3,0.05876454150873141
4b8886ccb99d4b95,0.07073093832183325
a11b7637d21059b0,0.042142696495482024
ae6bfde3685ef5dd,0.03317610026033507
095f96ba3b90f727,0.08998365578768928
c800465fabd83658,0.06624093199908124
c75993f60039bc22,0.09474545579213639
15b2e13c51d54758,0.0745709600824177
cef343af7e936391,0.09079190405005981
bb9e37137f42fad4,0.07392333116940097
b6f54b152f0f2c28,0.08541107903136555
54548a1370ae962d,0.1164980226854139
774675091e96f38e,0.036395912808800626
64db0198c907fdc5,0.04106112189924621
ee3a2eba79a61cd2,0.04559497805693269
d87ea92ca2504e8e,0.2009714394897908
493f68967d2931dd,0.10463896238399943
33c5bd3953cad989,0.07489151496160615
31719675e9834500,0.05142661322107406
283d0d3d8afdcd48,0.13656322907763685
0954b46131527b56,0.10954334144342726
c7f99cdcd74ddfb2,0.15571332146269062
89e81b0750c67025,0.11570276330942775
ef2e114a293d6051,0.04930855725369571
3eaa82eb74b0d2b9,0.24613281980648744
f115b5827c53fdae,0.18531244932382387
5b981d50572234ec,0.08125034867337896
bc2a7ac2fb6ad312,0.14991851789990163
cabb5fa14742de79,0.17419039609914927
9dcd899d3120d04e,0.03433013941687739
5bf75dc153469005,0.10697877797556526
a99c57a3cfd238a9,0.22817324728597121
7d3c73f6e6251236,0.11896558683138209
79c824cab095ef0e,0.08125500995239099
50457f03b19ce000,0.13370265311607626
72ea29c850f97747,0.07035572877886244
949aabf35ccb0c4c,0.09845745490996034
bd3b7b9b5cc3a346,0.08161574123480739
581ae7bcf533000a,0.04763095120153813
f944b728b8eb9aac,0.09039624813934921
6add937f4476df2c,0.11901974920961342
478be273b158fbf1,0.0273467039292819
43c1856ef31d1073,0.16361295463716963
8f97466fd3810c1f,0.06008042476703647
3ae22b8a964781ec,0.10801027691979694
82ba55bfceb0ffbd,0.08025778406859274
5966bfc14b304d05,0.10339019980022573
eedd90867e3cd9d4,0.02165727801379988
99db9ab5fdf84102,0.03235287562425543
6c6761878fa11c78,0.0990055241829702
731bd2e8496a9b0e,0.03320726814031968
9f1fd83e49b82f88,0.25425690887438274
51a2cc12286941ac,0.28815732757782575
7b60067efe8e7c4a,0.1684178867028602
7ba8d7a5a2f30106,0.17406694286279406
677aebcf5c57a29d,0.11845388240168991
c2e6810f10057ffc,0.07189680027283456
f770bf49e8b32f7d,0.11956115176532203
d999d97cecc80f08,0.11802362451030397
225695249568ef3d,0.2003127326368483
64c347ce204607a2,0.14306499350301005
8b972fc1665f8aff,0.0459860782553083
fd3a180f558ad235,0.1345861641834715
f24ea2f162b99780,0.13305857936100263
71edcfb193fa3be3,0.14521590043140897
4507c7c846e862ed,0.059162852892672965
ac51d145f495fdf8,0.09876079079060425
3ab5c54552e9add3,0.14200325926644478
0e545a1fa4aecf83,0.03801530952444529
19eb7f93e53f33d0,0.06918164992354359
f4653f53352a740c,0.09371377424083434
c716d718820e66c0,0.04861819502983154
a8a2778b42759e84,0.12124476446226311
d632ca08f997e38d,0.04010452240364022
47c56ea6034205ca,0.03234123048434423
f436395245784b88,0.19610735635106272
ddb7078278325022,0.04827554371155838
1c24525f31c1953f,0.1401039070016989
7c7e6ee56d6ea5c1,0.17678276777122828
0e67b9cedd55f492,0.04844392025496734
a585afa6cc802221,0.0873962438930266
132bdb2d81abf434,0.12374913113810246
cdafcf3dcd774b36,0.11764206121051278
5694f780d2c8e463,0.04333392615683188
317ba4057a04aa16,0.16332845303122015
a92ae25f2defd1f4,0.09298006778818624
ff0073be9d8669a3,0.20692588092024028
2c4d6fd16e7da4d0,0.09367879384789872
e8b93ecfcfcf69bf,0.08262954750875313
aecdf632644c9922,0.12407619173334467
0f4ac8759cecccb4,0.028820225298628634
ae0ed79b3f56091e,0.11077271488316348
492dcb545fd160e3,0.062416196688353104
b6feaae9a6963540,0.06208233330314673
10bc80bca38b6418,0.08712844828439723
d8bf52f15b58b474,0.035317398131686245
d590d13d8a0daf0a,0.09907515988284063
bafce96906ba0c73,0.06234323899087313
15a89b9d9a174795,0.0699561146356654
3c895a00e202bc6e,0.1454633308606319
62100baf87d531c1,0.11507184137439497
8ea52f2642c87cd9,0.07028567709127895
78bf3db367f46ea8,0.21661753169220127
7303626be6419b04,0.13967589312389558
86f2e3f9f88bf00e,0.21828912131050515
39921131b7d48cf3,0.1698729694460283
7c06255c489ce455,0.20649858560827505
2a0f68fcd60099b6,0.13990368008667978
968f899504b28211,0.12798190776424567
98dd9df8fdcb29f4,0.07516336504725352
ed55728c47c8b666,0.05454662107651761
0e54abd540000681,0.19939921181858022
2687ae2ad26c6497,0.15377360967833859
afe3e3f4edc8f7b7,0.07414950328401623
3d8ff2a3976b69b9,0.13121517280099282
13e6deb5f77cd1f5,0.09417668124512794
8c8711be796262dc,0.05811273858111652
8eb1ab06839664b5,0.07426956105989449
dbd58b32bf776c26,0.09915961853511995
4be0c2fba004271c,0.10337391446760674
a0f6b49ec1b86bc1,0.22511699449773392
3b33e5fb16341fe1,0.13130835845902344
d39f326ae61cb937,0.021470878864486665
00e28c2a11d38c61,0.13358066242238603
a55c74a9759fd56a,0.030533619886807528
8bfd04b0788122e2,0.5648791749299824
895776a9cf9c8d43,0.0817222887825377
7ff187535e206416,0.2644431362749762
b2d991e4147a68e0,0.04108059321154463
b62ae246269c58c4,0.15824086522575237
b8af731f19b5c84d,0.02426241732062702
19f5143484b38101,0.11329040770084518
982f6a3f1bccc6d4,0.055569799862963475
2cdfb20347feec4e,0.1488220186424118
5b2d62e736467c16,0.05655510071151916
f85bf07959deae92,0.04560890940853754
8e923fa1dedcd01b,0.08355091282658741
93b3dea6a99fe31a,0.07337744334291266
8bc3af23b3d5ba85,0.05047815409381964
91db39152bd6ad50,0.2706668561119723
d911a9c74b505826,0.1281898745368523
0e53e628826772d6,0.054874292112953804
14d7b607e5e3f0cc,0.061718197647430445
f3e8e3469f0aab7b,0.043572738189374516
b9c36eb092bb275d,0.1045298054240484
9cff3e265921dfed,0.17341174608110305
585bc81acbe5b1ec,0.033262656837194496
15f8e68c7ac23dec,0.06814335741757048
a37b05bbb09f8496,0.17636359234681304
4f31f80a263d61dd,0.03344228439396168
6a3987a9bab31c44,0.0363328943373939
9f59a5ca5ae6d119,0.07527076550149323
afc6cb824b3596c7,0.03762640383457301
64dcbe6f4ac8de61,0.18949260661134332
1fcaa5c3533f63ca,0.06438589936065695
a266793e0c2619d2,0.11873815383322037
598af3378495839d,0.0903697912578673
b40ecfcda1506387,0.038451806905668205
22537a4c1f1cb22f,0.04920077212076451
8c5b78cda30c225e,0.09439276998406826
3239189122d043fe,0.0741234994933336
4b34859a41dd8627,0.06853492314095427
7577c8941b2e888b,0.04287809504261539
8ef15229dd291883,0.03607456797494458
3332780ef14cd99b,0.11635080701850398
f93d1a6ecd62d897,0.1077906160636054
9505f55ac00dbadb,0.1691992890868033
7c1831bf48bd728b,0.02122078966313374
17cf81ec2dede54e,0.1348330994766706
e84c6f3155ec9762,0.5115225003351629
e894ec9e0ac2e7a5,0.16305004767169806
c307472500eaf782,0.14796984411117337
96de47679c4cb6b6,0.03997772729068813
e0dd44e7040c3168,0.0862115953977882
bd9e6bd2fcf5a54e,0.1172872133616736
0382e0d155285962,0.08401158305561629
509eccae9abde09a,0.15375338141288136
f2147e0be04acf5c,0.11961813087787232
f3a6b01cc0938196,0.13177600266715347
c1956069b7309004,0.050993276572764173
2292dd5e617286e5,0.08772533890672785
3644d81639ce9f29,0.1654738547274801
4a5bf3e5c85dbfe9,0.04005466410200671
095a4f241c64795f,0.2040401488292738
aa45545b6df75be3,0.12728328757457513
ffda21a7e2973492,0.1389918257701093
662adc1ed3e8fd43,0.08188508229355573
218ae6cc5968ab6e,0.20655465300524378
316379f30810e1c6,0.08158132129023163
eef8a37b8fe20ec4,0.38284104574817884
d9a0aead3407db9e,0.11091532063291867
f0c65e7320950a84,0.10776517929957213
4625132a59dcda74,0.2514758179229519
ab1c8b0c3967b656,0.24777707728250925
f00224def382933b,0.09756556296745769
090051f10ebcb768,0.07200845127919864
2a0c37f157e82f1b,0.12956977463984495
61914ca3afe42c15,0.0532000041022281
a9fc0e9ff5b0e706,0.06337617651065619
f548f7ed3074067e,0.06278566032858528
9aec70578372daed,0.04235714299055908
fbb0734a4e985290,0.03786543112020333
a8cd11786e7fe2b1,0.08852547964768677
6a4338f210f336ad,0.055192863992522365
cdb63c81014bd072,0.06132451286397799
2c5a98b60450efca,0.06782815633682898
2337a75838293036,0.037123974212029676
a0ed386ea018cce6,0.08440981773531162
db76609f02b3bb31,0.10568825829334508
597bd387a63987b9,0.17204516737355463
bc7571c47a54ce9b,0.06729726356513954
547510d3ce221301,0.1024142362900177
8e84181f60b3ec91,0.06776196159343151
13880ba898b8f597,0.27379362023104226
9ee1fb0201512e8b,0.17565944973609768
48aefa3d80da5764,0.07389820451232848
498d517a667856a7,0.092007821400693
f07b0e35881505f2,0.051364737582056536
1df225f3addcce26,0.03710000413964979
84a772cbe6d216a1,0.0629362472663105
f0e4a70f82f01004,0.1070169474536804
3b639af3777f4c39,0.030031704457457904
b9f77a4295400abe,0.028121131337300015
7d646e2fd78953af,0.03498259706739925
4127b246e0beff6c,0.035333659111537366
2321d1fdb21c809d,0.05637104094658503
9936f8d7184f5e10,0.030047426421622482
e2e9ef0520d08656,0.0354231804880558
0aa9b948dc8766c5,0.04663209807955939
d96df85b5160b1a8,0.05663955679205845
3bef9584524abbef,0.11715465409716397
806989faeae50571,0.02827398585050571
6fedd263e1290110,0.13717552068650135
5762314e60a560e2,0.20457635220955633
748cd550549c514c,0.07968502901492254
58a8e997e2757de6,0.03462124605420602
c13887db4b2ded8d,0.11756715310960625
eba0106899e8fdf1,0.1544459830337806
a947c7f89cb176bf,0.19667186445867121
4ac4a17692a2a70b,0.09540751665447395
2fa4409e1b6a3d85,0.17428280184232298
a783eca691369f3a,0.08640693607455333
e6e45dc137aa0511,0.04204773226109459
c589fb4e517e579b,0.09602685850991316
0535f48557a68402,0.11773752828281037
48e423add1624f2d,0.12985983076412574
d20110b1a6f20e55,0.044541796471452774
739f7cc76c78d0bb,0.16351003540866121
2d439083c11f62ae,0.12110671538564996
0c74bc780e465296,0.042786630346047155
52294576789c8ec1,0.09939294146415553
99b2421c51d37084,0.03665047603504695
de49e465a4c970c4,0.24617874537899445
4c88fb93b8d12270,0.03369704732114897
dcce15e3b59d9796,0.03864043657548778
b8e0e09067432f1c,0.18592570823989613
962f882f18c11d46,0.062420370820544975
34753ee28116af4d,0.1066432123557293
7c71a6fe87ccd6e2,0.03503676578705637
7ff97e6a175132ea,0.10778357126831961
d84022bd67943384,0.11389236756099941
c270a677c7614aa6,0.07697315307339048
1266e1b58e87a761,0.12546815636233918
9fc631524aa3372e,0.04593828770369632
88da969d80daabce,0.11754497490299604
9c5cf1807334358b,0.059682234469102285
0e5706f9560fdbf7,0.06845070186729028
d9db7cf658a35e31,0.20068684431292272
38bb0629e63b6590,0.14155738436238874
726236f75c9de724,0.10465467265137068
47ff559912cb3714,0.048942807493027506
bd567ce69cb8cb62,0.0473340917232509
6b7338c16e1db627,0.02998594702928669
2e47f13eecf939c0,0.06188031327620261
7e001225afcdc58c,0.15173320817997973
b0ba287dc9f94b2c,0.12693398935107927
07be300260466f0d,0.04341542012371957
49e2abe2ca234745,0.16759924395737635
bf163922b4b12745,0.1531777710576412
aef9d385e9ff8518,0.17188430028945306
3e364e82bc780650,0.1984211524690047
393a9aece2867c5d,0.06687617937759179
b0519105b55d4bc5,0.13421427014733908
c5a4b1418dc4e412,0.11693413970232033
ae000e40b4cdbc49,0.0573003882456066
bdb4932474ae13dc,0.18693312401697204
54ab20f1339d0955,0.0709522824655564
bb6cce3b0b6744fe,0.05037863780607893
0d04ac4d48d1e700,0.20686280537852425
6e3f51731aaa2c77,0.0767436024941028
783b7b163b234e5e,0.11546660468893233
bb6501e8f6ab95a2,0.036466998120534964
e5f20b7a540b7472,0.0687224896394103
726e2ec81830f724,0.2552202926072784
e8dc50204900e975,0.03575787840454291
1334006b9c4f4ffd,0.1888890927149693
3553330b5c7e6092,0.09293192839314734
e1a3e161c8b2e221,0.07151909456557967
44e747740cb4260b,0.029092413746896667
00202304b4481207,0.1530290998923194
931eab5e85d6e3fc,0.03244755319455304
e4b8ca3da3eff8e6,0.05159797883651733
103e5a44f9c30ed7,0.08115410667633771
448d40536e9c5670,0.06664046539375372
1b4d4b42760e781e,0.27078521082716406
e0b110d4f6844bbb,0.11714473563137323
0d928dd7f13b92dc,0.11789755032169974
1bf6e2dae324cf0e,0.10449476924337125
b2a17e2a9337f111,0.22991654921139665
564d7ef8fb681d94,0.05662840604549447
a2088d882fb6d77d,0.2133113904558081
3fe22caa380445a9,0.10190423248037318
2b3c171024a98155,0.2803966801771586
2014d23cd7792183,0.11957395504023526
fc996643d63f02d7,0.04289280070731202
c8d5c605e447f4fd,0.07346045969069367
634298df42266b22,0.03932750367092256
5c8cbaf8b4d39f57,0.2154378824203472
a688ddfeb76eb78c,0.1658731418936163
85a12cd29f47007e,0.03809006006834277
a5e1a3f8e312e1a0,0.028075924222614897
29e076c93c2b7fab,0.15293248016192956
71b7b90e9a0b70ae,0.13841022623598698
11583aaab15330e4,0.028978405848913556
5b34705855c1c880,0.09085507787721595
26361ce2a06897d2,0.046310032172728346
2be888bcb74be336,0.05937815943726701
fd96abe884c43d6c,0.1521629722358445
165fc0b6a160dbd9,0.19567305758680975
b8c8c114a79ff453,0.036318704159606
e22746fcf084642c,0.030046163018034158
3fc60942cef4b9f8,0.1568108435736107
c78a85aab85debf8,0.10087571888368552
9c2166227724c80c,0.032288976495842295
e0291b12205c2c68,0.15884331760475878
307b5de4b89748c8,0.032967724819514745
b83469a7d7ed138a,0.13991747595213433
4726c5e084cb6f1c,0.11205146016927633
33795c308f648269,0.2662984997984663
d44b56532551df1f,0.14387978896640133
7db689f550f62666,0.06937367322505447
c64b1df6de24f982,0.040434837105148884
d9685a6aeee511e7,0.05397451329477597
2c867c13048a2311,0.16023882496603042
b3f36f5f67857959,0.08004420151504257
c8dbafacc0fb77d3,0.08720765059868185
3a1b2137777bcba5,0.03257705296569301
c9627e77fcbdd360,0.1193113885988194
cf4f6641c91382ed,0.08646455854940696
fb519c3fdb753245,0.1717434805754761
035449e62c90677f,0.09305999422969066
5201d1bc5a7cf0ef,0.09040630130496949
01ef09b451cbddb0,0.07734294521502358
b98e367af7c0158c,0.04136442493063257
bec6844244ad0aa4,0.08570506746955261
ed82262b135c6e4f,0.13849393371365043
67637bf7061cb7b0,0.039999892200638765
96ef8b85b60392d5,0.14155135293245533
fc1b0a61b9dd082c,0.2142858355465206
c408b4beae948cc1,0.05890932933153452
f26323206d284ed1,0.08706879859853063
9214caa6c1a0dc02,0.047316949532179554
591a28a3c195b6f1,0.1399574909816904
9cd8a8ffb7a9e96e,0.03530461433736348
7ce580a49450111c,0.04698265557037959
abccd8c43775abd4,0.04314778330482871
5c6acd44464d3db3,0.24154214464496604
b0e58b3d4a2a773c,0.19908445377679107
eff75fe4ffdcb49f,0.1536815123406142
06ac1908fb89960e,0.15203144422111958
6e61df7259588c80,0.35061937429318935
87752778bf4206ba,0.09650880692696234
2fecec0b55303222,0.0651168946734929
d57c0fad9eabe24a,0.15281243788871834
93cc7546b8c345e6,0.2192741560242305
eb76de6938c4c38e,0.09854131081034122
0e733a579e63472e,0.049092568228933466
e7dff8305acefcd5,0.05228541187868928
23423479e34fc441,0.16642282777422723
3f66f582c2bdc24a,0.0753097813427783
d312e4d7fce5fa01,0.09822065455550694
c04cd9fa54077b8e,0.06079007794599417
04b68ab2f6458e33,0.07555695267513694
35665b0fc6847811,0.13429061118345392
9028f284365c7863,0.06915972081928304
fa23926a88284b39,0.2830077112471046
ff5e27f506ba1ffc,0.10562920347220738
e6a04e92205e9e33,0.133991210601973
934c2e26775faaec,0.03906597613261274
35403697fd72709d,0.0811797956864444
fdc814fd85f237e4,0.13068959548428297
bf4ee2f20859884d,0.04489599754366994
d2d10af48a354c4a,0.10818567975623858
a38e463e1b086d42,0.14521035885121175
ba49ce0117002110,0.07215550905188195
d5393f1776772d2b,0.08425402463879234
80a6b6e9f65aa3ae,0.09917890277881605
d84698a77b768899,0.03455441474846177
8d09ae0709d01465,0.1693944985846951
0ac53b64e16a0efa,0.36213236838035046
a632a91a07ac8406,0.10469158409929222
1f2437c787ad39e6,0.14961607790831577
beb116a0a3ad4f5d,0.16269711985572236
c38f343ecf8e9527,0.047497183332504356
d04bd8d61ac99c5e,0.056112700827443004
6a279faa81d0684e,0.07385899354216788
1b49b1154407ea05,0.10934313634508852
b71746f211be0a24,0.028598351987595878
bbe0b7fa6d60f17d,0.16124966220376058
c9117e785fa1cd68,0.031099866228624054
a700a6b3a689a18f,0.06716222427181054
d998a004d828aadf,0.1645471426268114
54cfb8bb56897eb5,0.1488874988426336
bafd504785d302a8,0.20886098984117485
3f45db97b95a3352,0.0533185338091024
2364a75ca729f899,0.16544672907682362
9387acf4770f549f,0.12232037062688898
a434422326289b00,0.02553273111552639
8bbcd05afad8573e,0.1824973787514515
82fc48f10b8d7cc9,0.045242175229919274
65dd24b31c0c4067,0.10055416378004906
b25ccb8b682acbeb,0.11292946438433572
291117008b4408ee,0.10216957514262912
aae3422dfbb55bf7,0.124218213390669
d436224afb38b7e2,0.08258810671308167
1287c0ffa2f14635,0.06722799890122083
4feb7edca163def2,0.16835966384230255
00df2416e72cdbc8,0.052890970421684114
e51c757048ea36b0,0.062015522026844995
59e45992c3fccfa8,0.1471178322426498
7b44475e4e2e3b92,0.13718084788988785
be457ea8112e2391,0.08881840824246931
1e4fd1293a611d2f,0.13717793426776387
343371989bd61c74,0.1118714846726988
6bb985812e990044,0.05871343835729675
c0be9996bfb5270b,0.06895210403277308
bb367ec1a239b8c8,0.08853040229634496
91fc9ee0920431a2,0.03308111816435803
82f2985fe6157914,0.050396673547078844
eaad7a9709bacd50,0.08619348091367589
1bb729bdda8eab4b,0.03178644660365008
35320f198f2157d7,0.03970864924926992
74cd9018fd2aa194,0.07408653395972546
fd091b5e49f8138b,0.09506400861105176
917e088d530b042e,0.16278115517198943
b0e606a7344aea7b,0.10783294247549165
c220230ca6b46d2e,0.0687951363332513
2174f0850e20c2b1,0.037601838546082136
3bfea4a031f46e50,0.043967912865339756
22199945c8b6f01d,0.14238019659700263
efd4e993a8d94f5e,0.06695121747603494
acad3b0b2e72b212,0.09049489822460305
1a33438ea9b6ba09,0.0888765266305859
c9a22295bdb2b49c,0.2512805731894998
0a24b5a0c164f36d,0.06683047582791464
12b662eae7ad89fd,0.06939969788934934
788a4a1a340ccebd,0.15679517646193492
0b6ebec97e53c571,0.07167840976889375
be4269de80d8b34b,0.22401350552889743
ae99dff2a596c7fd,0.13765273079080537
1cc563af87248566,0.12067827818628836
95b03e2a8add3a08,0.06847357634522766
bde7f9ddcf827170,0.03630494492705041
e24c4af855561b6d,0.07026145222839353
a1ef8a44aeab6af5,0.27187541518307634
2bf2e0d5f713e9ea,0.030963078158956013
6585c55605f3d692,0.13125631479284428
4a44bfcf3c8bea26,0.029952259624410192
78a21d5aa40bf4bd,0.05989527418705736
d208a68d90d83d1b,0.08720954442425494
fabf07be02cadf0d,0.14147635234159595
3fc8a4ec51114a77,0.1201803512846199
d8da2f9a640f4e03,0.12399440128810475
f7a8212a941af65b,0.019552527353746386
836c933a5cb4ecbc,0.12599006469204183
e292f252eebf817f,0.10973838876474427
ae7e8b931e0ade53,0.16513848943853665
c937062a293ea0e5,0.11511806837124738
673793020f42eaf0,0.040232460690286354
531a753aa5a10879,0.04472120160820736
65613b893147c771,0.13891021368002957
a3609d34533ca6b4,0.11675528969778284
c9eecf5329211123,0.455035837413452
4e6d4f733588a212,0.12141307977423199
95e0d5ddca2118d4,0.3146442332125933
4b071534952c920b,0.08465758927089329
f333221664eda263,0.04935015925088362
8627e41026f74eaa,0.1275663496094754
789f4695cdd6a417,0.08827243665121165
908034eabc372b99,0.050526242599192195
984bfa387795ef76,0.14861372038265036
91c8e8e6f637fb1f,0.10030084254432811
363aeba9c072e960,0.14647328365586149
5cd6915b98d723ff,0.09345202941728228
20f027368dbc60fa,0.03007211732175677
a58841827e8017bb,0.04955942876955955
ad9e6a299aee4827,0.10268250046527398
fad46bf569ac7443,0.07345880130319588
0bdec115af64e996,0.10370476379622645
e78e15a02aa6163b,0.271599556552025
94c1b40d53f1c78b,0.08455187242055477
c1dee5b6d55fd7c1,0.2389721505843434
502f0c8494138feb,0.03168933573400621
316c5e9c86bbb645,0.04938076510184014
c5624991cdcf670d,0.04701506327169473
e000077bf8c8b49b,0.128038721574387
9a36d5ad49081233,0.031157567042089787
e4ac16a92daba7e8,0.11278850213323179
caf1ce5141ffb34e,0.02852260280124568
d07bf091bf998e0c,0.08729510890549723
f230be64e9f003ae,0.1506748316935187
fcfe55e0768ab257,0.04570476283460217
ad04ef9c94f25ea7,0.04642504821640728
b6c3dc163008115f,0.06012141327239001
2a0af6ff3489e003,0.09087590710235603
5c098958dc2a26c1,0.03501054406072498
a802f6f7cd6d7b2d,0.07714171716616541
f0897866ed523f60,0.187006164827227
3c1071f1773cc7f2,0.023989731555540066
5fb77ed43c58e517,0.04800824563404851
3fbcf72648af3500,0.050518623716298644
64964fe3e34849fb,0.055250293006091404
3d3b19b2da76dc78,0.14197728196659687
69eb4e47c0f3104f,0.18827334435908266
1b55daf09e9f129f,0.060697357538773776
853fa0b67eda4e6c,0.04416144767032451
636b3bfe96c8c67a,0.077907533080654
51b24fbdde490535,0.0501755366505183
b80f84359d81c98d,0.12342218890747841
a865666aeb2b82d1,0.029048582436838458
08fd3d5f06273089,0.033722282584853866
cdac52f8c24b9616,0.1614598665215733
bdc841da585c4a1d,0.19773809875888582
8858154c3efe65ff,0.09683562125584455
29f989d45429b9ee,0.11658118041734324
b97dff4909968aa8,0.030088149907747233
69c86328a89e4898,0.036175655217195374
2d50759601edb9c3,0.13973309976491102
134be78ce02d48e1,0.10559798428852671
53b540f7c8d16cfe,0.0259218058151042
76d2e83b30cca3f9,0.07034750292523682
062167d4ccf76346,0.13865904381213837
84cc2a48661e807d,0.04627619986140928
60f1e251520005f8,0.10682164592757964
781115a32396b4cb,0.054668150175769314
4c1e17c82f4cc326,0.19320179714911623
b602ad5debd51028,0.12134356599737212
4d9da053a872a970,0.12377801614361483
95f7ebe4304bd2e4,0.22158516217828975
67a8207cfef9f011,0.49310550826372096
b1c3468185b9514e,0.13423350161693767
f80ccd7ace26ae4d,0.6529455207530575
3ac147039aaf4499,0.04709952736439024
fe5cd175ea7fc09b,0.03851032734412055
9026d2936cf2bda8,0.13695087453477034
a4b0e01784fc7cf8,0.13787389614427012
43c462b48d97dd20,0.11698765274520259
e36d0189d20a7617,0.07442983359293058
43c3586991f4b403,0.05324427832402067
009e48f2b32be557,0.03301797152531294
a1689ef168f2f333,0.18314230637875817
dc310fc66470ab07,0.08521304669814186
bc654d187751fe04,0.07878669407530045
247e62af046a99a5,0.10393822512428103
48f2f9556bb2ad1c,0.09504487114089108
e604b921624a200f,0.15672472123449704
e46765e152f7daef,0.11252854140604063
3d183f0c812b6d09,0.11355874137237304
3a7275f9aeda8305,0.025471564090362588
1d994aeb47ff952e,0.09561175535303316
75dd9cd1bcd35d05,0.033624467176770666
a976b4932381b300,0.03246123428488347
da2e39ced8c0afd6,0.03862405878024604
c77fd47bb1683f58,0.12449539369658871
ceeddee046f39ae0,0.03173832180522216
cc50dd12d1f23bac,0.07905534517703386
8b73f447d60fc992,0.1078365772400842
dba1029662f0c412,0.07727487085404258
ab65e0876504bba1,0.1155119564791057
00754e6b5a7298f1,0.04980024931512881
082f192c053e5283,0.038016366186947745
4cee8c7c13d1afe2,0.0959767273246554
9ea9e3c8cb3df9aa,0.04752693451069104
2caa75dd78c01d17,0.19302468561618003
42ca39ab5466bd19,0.22806065156162142
939ed128e268f834,0.0467019836737228
e452cd65ed19c900,0.1404254381330564
e5ee2d79d0c49d1d,0.21217983909390975
ce0d423deb82f2f5,0.06596734962431548
3c30319ed1684972,0.1091368597716512
18968bda98628242,0.148129569112811
9566631a173d48de,0.16761538364098963
01d78d3ab164da20,0.05001114388327435
7245800926a4112f,0.13125063166772097
3fffc62471c1f18a,0.21155239223285588
3b530b29e9f5617f,0.14210049578870204
65305594301ba50f,0.1563529883746153
593ee003a4981c15,0.07925548404714028
f79985b30220adb1,0.11556056539301697
60dd8dcd3a1d1839,0.14414471665823253
288aaae44688b015,0.13141339190882612
8a16369cb4554d3e,0.06742982244260974
4e49cf49f79e1181,0.17452450624840626
1a6026c94f49058a,0.0639604338657925
8c29813aa363f889,0.08597803367197143
5fcc5826d5f8db34,0.12473255544441739
b002c58138c724fb,0.038656324002167564
62a918db11ef3076,0.2803883808051325
8fb91f382ae2782d,0.23293193048723393
af730eb0035cf0d3,0.20457221526762875
546fef357d2bcd57,0.16132024249825316
c6129c4b99d7f4c6,0.09197910903769381
7596069ac38eadb8,0.0640782930698126
9560c8310cf23dab,0.024742421755900634
ca1acdabe94e042f,0.09939454257494952
521f9d2193473fd0,0.06898334921344312
617eda3b96abb577,0.0644717807945749
8d735b59dd0a4270,0.18909678396740665
1b405139fc287a40,0.05374146072770592
e621733719a2d775,0.14906632786259155
95f4b0d76e779b43,0.12327468545261971
bd6a23cab176ffec,0.038884087337181
3c5fadc2c957c7ce,0.1710501945500964
37cae1b2dd3c1330,0.10086897619015489
0fc2ffbd9370b121,0.09807098563637863
b31de0d8e304eeab,0.14158946715342088
5738bf5ea59fcb0a,0.14035839702191805
402c7edae37bcf39,0.1120995205859095
1d79e32040c6b05f,0.2381420671115771
bf493f6f4a48b2ff,0.04545280810655988
8530681352913ce0,0.041117508298094005
c79cb0e184ac42c1,0.05783715582189197
32ecd92eb352979d,0.13356903833453448
c9a54261284070bb,0.03348796111864896
e6c2ba81e397e33d,0.05492410506504365
955bdf4fc9420404,0.06896568795963848
b180a78e50608ab9,0.12072039149218916
69484ff0bdf4b104,0.13301651407303794
8d62a01ddfa11fe9,0.14237900534169717
12c3df9b72ef96e5,0.04690478745161212
12ccc513557a0656,0.07787139706610863
2aaa9bc35f4acee2,0.418056046898271
e31d14248a98a72e,0.12313858154245783
1058c1f47fca2b81,0.05619907715308933
02ab14036929f70f,0.08240260247651338
6880fd1518aecd04,0.08030516161389087
580068eee74ae5d6,0.032923905983896995
fedf1e1bd320672b,0.07332511138632863
d47c1d43f9dbdf92,0.059660554110479574
8a7fa6c84cb2b0fe,0.09164361905773546
089bead0dc0d7c16,0.08680232889710929
3f12eac5d776ac9b,0.06870522829239586
2b55254bb421a326,0.0991236002904896
16721efb42f49e40,0.16999387114629272
87ada6cbd040d527,0.10342723139707095
c5c4d8e14015f4e3,0.0985535607085199
5d499b0e085f025c,0.14026907322092425
183039182079fa48,0.1523098782989606
05d6c8a5d3db19c4,0.18464271165543655
4477fb4e0a476ae4,0.12165248727243175
3965182266dda565,0.09091735680779817
72bafef29554438a,0.10160753600615648
1b31f23c3e55dcb7,0.13579108441209303
66c42c9008125f10,0.11982636947194066
5bf14b82c919f706,0.0994095282014491
2c7401c2798c92bd,0.06475812555249136
4adf517216b1dd47,0.032708627602055895
26348c70727fc713,0.17870230087452982
82c1c6b9b0ad498d,0.10726125367071473
1365ca92c2e04031,0.0504108751973623
9edbc98e397ab4c2,0.06807210814346623
1059c066d6e0626d,0.034323101843317515
af993cc3ac374b83,0.05535432679502535
f32194afe634dbba,0.1406866020414334
29de97ac80feb956,0.09706247246658917
e5fb185d8c6181d7,0.0745632673141434
632347c0452d889a,0.1841714067671122
35ad7b818afa2cc9,0.1834773044813211
0e9b47d072e9f5d9,0.09500461802997878
4b2ee7a5a4d7d797,0.12647138160725568
793b579534d59c3e,0.07420384276783717
3b23c46e8aebaa25,0.10528945948547447
f68b741461469ae2,0.031731537507685134
79e144db8265864c,0.03036418587348834
09c4fd90bed2d748,0.1366543126760176
2215efb176105acd,0.14213580849378307
b4a9877c6c234878,0.09206133934618323
529f75ff399c033b,0.16290839036598864
ad20741d26dac628,0.21219080092321763
abee4fe9fcb49deb,0.04219516479775018
80bf7ea1dfa6b569,0.12718606612425293
7d637676608f51cb,0.04920970549396343
79855154621f663c,0.036377918034576275
db630a696b94324c,0.06352913738562413
2c87f55f1bd853bf,0.0374088385092059
05466a89f589fe04,0.3780170959676333
073f9b06f7bf95f5,0.04176979409205421
d8c52af1d9a0ab94,0.03833408577365706
170df691b9758d76,0.12891062012684984
098c223fa7ac1f73,0.10479145721861913
947d4f80370f0b58,0.07130246616516735
66196fa0af9abe3f,0.1369889491275576
356513b3059ae50f,0.1261925581830591
a951ca23d4bdcc33,0.14913264464370737
defaffd4e20a4c47,0.04095915961111689
9aeb8ce75c56fcce,0.045599039123112944
0e52e6d570d8f008,0.03938488879700086
d177a330dadb2707,0.03266491233112624
4acf903d98d08aa8,0.23260627796462394
673bd4205f6635b8,0.1327220137803448
17b635201a20862b,0.08049839651446174
e31cdafcb4337eef,0.03898159387740061
2f57ad23a2ad21f5,0.13685336008403293
8c76f3fa81c149a4,0.06371056694075157
7448092b980edcbb,0.12842374248680555
cc3891e28dd031fb,0.043177665526516786
05d416ef906cddf6,0.04562907266722843
d5cdb3c4f4965afa,0.04615083460509024
bc40575e98475699,0.08616894003925113
7227a9d91f309e1e,0.08052601893735636
f83295ed727a429c,0.038972940150515153
44f16ce1d7899c02,0.03889288724480959
219b4d22a5bcceb7,0.035407118167499155
5684d434bf545e82,0.03532359038872955
03d5ff6b9db6a1ce,0.10234232276895297
c402ad00c62dd803,0.05097942618229226
d384f2bb50d7321e,0.11375062211606304
865ca8dbe8ae9927,0.07300004521270453
0cfaded78f4c55c4,0.12438610318719365
c1f9c03f1f673cb2,0.12962182912880252
80784aef1b00a337,0.14425431721991006
2cc7c6c16592cbf5,0.06080615168510925
f816697d9e23576b,0.05767987292048715
e0a3063ee410875f,0.06329076426954847
187c083474d62911,0.07476533506722326
32fe8606c8a5cb67,0.15574141458827084
e3b603a450f69271,0.05700554521180215
13ea25fe500d74e1,0.08175285100167767
3465f2b92e5411a4,0.03502527098028252
f84c04deab8f0a53,0.15868457517328974
ce64b825ce5f48e0,0.03844810805615456
a03d161faa6231d7,0.03721174478487921
7b73399454d06d9d,0.05524871180535027
726ce1fc6c05064c,0.11059346727134556
0e660e2441745329,0.12916155981997213
d4373d25e109dcb5,0.18680090201967303
6c8ad2f1018079fb,0.02894529473640143
485cc002fda9b938,0.030725360038664704
840b1b00c51f87cb,0.024353803803442556
e7c9e19e247f843b,0.08053357559794114
4f97589fa05c40f1,0.15828030790030753
41919c492d55190b,0.12025306175030348
8fc6cb3936ed4ac6,0.09297465722421845
75e3076bf4b29ba8,0.04742513209590811
8357351f6977683d,0.10597266182817681
1a6590aa6c3d2a06,0.141446884237305
6b0dae5047e0ba12,0.11372505559128272
6f8bc4fa3d91a3dc,0.11488430592463228
e4aecbadc139b9ec,0.0695920627362356
7616bb2872e18231,0.11913310419753104
f97102e411194f18,0.051071544535618345
4f25e4f4959ce4e1,0.09802860688100892
46d34ae6f3e900ba,0.0782466748313963
73e3288eeb552e3f,0.038392945661964745
e7010fbb2150676d,0.07832512157098635
cc2c1c680ac82832,0.024492502352514316
d025b02417a63fbb,0.09042668857948293
08070948781ecfb5,0.07102334115050404
2bdbf073750d4864,0.09726409829479835
2783928eaba81305,0.1387527624845339
51bcbc84c0f437ad,0.04123945960836309
dbecf7b9325b78d3,0.17858560867968293
39b3096dbfceade4,0.07627478355851768
4299599a54525066,0.15784833704343995
ccd92654fb1f721f,0.2676913064243631
ee1170819ca7d594,0.033690246857922095
c30ab4f74d33afa9,0.032092670283921695
40f10fad12afb51f,0.08674766179890711
f4e63fba51ec3896,0.16910552040343624
60ad4f8eda2cf6d5,0.18560394021856041
4dfcb17aa4236952,0.10394156557644033
2e54d9b1b4e00337,0.06585026433068712
47a9e135733c2ab4,0.07722349531156365
4b3c22d3da587d59,0.10421423035473966
ef89abef9807c003,0.05613614043791938
e7530eb737c85931,0.0654329032683032
dea26fe32dbe26a7,0.11405088185164997
08133a148f3d4ed6,0.10595897959996625
d39b177320bf091f,0.12861953343246213
c2eeafe05948ccae,0.11455574157899111
73c8d1e2bc9f517f,0.0679567087715674
0dd4da33e5e18c44,0.1275881685723646
25e076876a1fb6c3,0.14835636993871348
873d0ca47a7ce61e,0.11306525607283044
930d090798b9ad8e,0.13013932228950117
98e38baebfb97bcd,0.14513935098130454
9c779fba6fe0839e,0.03549279924487858
5bb1f9fc76a02c1b,0.07896309274662128
f83de39c4e518f6b,0.19925396086378674
10bbab1f08d2e6c2,0.0353126265434746
ffe63eebf605244b,0.4285947982766044
1e55e67dbb9fa1ef,0.0706533057903416
e53426cca968ebd9,0.13844636566460325
51bba86dd8aaec50,0.1511973214069155
582102afed3c818c,0.05285710425007262
b280a8fb8ffb9bf1,0.09621111170118091
e8e7ee8589574a45,0.055607172451639944
228ac1a17bade85a,0.0994371675829778
2bb37b0ac11a0c2b,0.13890660531114118
5588a1f5d8da9c77,0.04764138538592852
a46d657f4c9bc8ca,0.11559028006992361
7373ad47c61f558c,0.18365439904723002
0f1fcadf13eee28b,0.11619482986980681
1f8603bf90774382,0.3152061207949681
b0dc746e7f7ac87b,0.07198663049801585
82107223b7ff9788,0.11580417818646815
a38cbc0aecaa644c,0.07564912556602013
61dbaab39e7dbc01,0.03611763852820243
85064aac24d665cd,0.03730158741831803
48be998c9a3000d0,0.07192202136550449
26b2daccb2b045e0,0.22293155371933604
95198d21e3fae237,0.052754331601747556
b2a2d7a18404d7a4,0.12928698956281962
6b178de020b8598f,0.05706881764917701
38c1b19633279892,0.12136438186976156
186d5468edde7455,0.17679838057384298
4f33d36d7b629852,0.07986545706534828
b955eeaecbe25ef7,0.13537162395444174
39ad39dbe012b34a,0.26588059746379505
929e8e2af2403da0,0.06552214108659109
fa22cc093dcf1822,0.03849165743925139
f56ff6b1c2817475,0.04317807770391981
56b30f44349ddb92,0.08373802344403099
617dd77adea9e711,0.09628700810328994
4cd7a91de7bacdd1,0.10451673310202542
c07844f4e94ce116,0.2529959473848044
692bbfe3fde429f2,0.2234251007669263
6e8117bf11d2b904,0.07332530234174725
27efca94126fb8ff,0.04840765295035389
4d2a406b540c41f9,0.19011607441780712
5ca9c8756c163b0e,0.056731726116803854
c10aad8b54af6017,0.12405444642177063
60798b007f7b4637,0.09705186953285708
805031b5ab834e54,0.07906254662001891
fea6be92744b0c40,0.20393662015188335
284e4bea4a96494c,0.0689227425101764
4db0c35a634d4fb9,0.04142676009458334
351dca6bfd544a21,0.1712284598073281
c36cc7323d4f4de5,0.1311757913856922
78c350098097af6d,0.025053265152523742
1404eca61a3105b6,0.04489270046380447
2472a09a3e602f48,0.13051156338713263
5f9d50958df392e6,0.3145056966612371
ab8fde4ac70ac766,0.24375198751942528
6649908e57ee98c0,0.02823492144954566
6f6b426a42753b8f,0.06530540807289875
9f89dd1b9ea145e9,0.1348815995695412
d56cce1c1c4c9780,0.05433067165001562
fd794932c3ad58d3,0.0323720575367494
901c8562d025f79d,0.053781521895407185
2460966f3ca7d3bd,0.11441973623028567
41c6149d1848cad1,0.07252952508209637
2c948ba95eb3128a,0.14838763383909434
0263f07afc6e71f9,0.054511793217346366
59520bb39396ae13,0.12290652914740205
096e1b740c779095,0.09199683701921153
13bcd446b5b75780,0.03044988048476055
82652e7aaa1e423f,0.03627517635201555
b4c2a047510b1d1d,0.034030505986948775
8e95fe1172cfd49b,0.08757992640881973
8b3b319f1bf34127,0.1519878640810334
8e876b9274c5930f,0.04187514481047311
74c8dbccca14e4c9,0.18849941393332376
a13d2861af1b8b95,0.12819800787370872
3d0443784b9008d8,0.10749029218289499
30a6c22faea5d219,0.16036365399312028
8ccaf0cd13ec8d69,0.2133117429697764
ea79b75b6fa4e024,0.1225827365036008
df41150fbde2201f,0.09834486712956067
6bfaf27148ca783a,0.1295342969550009
016b24ffbde9f2e6,0.19924770046503618
c7f17aea0b57c810,0.03607975435263317
1974cb4a4a5105f9,0.06613306915585003
ed6fb2d892b20325,0.05297431564282469
029aa7e7739f68f3,0.053067032710314016
1499ced0a7fec031,0.05846073244740664
1da835ae2069715d,0.05528513321836381
3b48789ebdae6cf1,0.1183406526223772
b2501a34b4204e11,0.047328011753557137
4e1bde0d2fdb1719,0.07252199906055054
bd42c11dc1ea52c1,0.03281087283075274
dcdd441194892326,0.1074083007197255
890cf601bcb4d1fc,0.1639859894100042
efcfd07026d6f75c,0.11030507976908976
6e5921c9eaa0bbae,0.06740948177323297
076e6b937f9e0f1e,0.1630763169491231
fe7aa6148631a52b,0.06307418828725518
0204709b122147fa,0.041195586724371645
3bf87c4ce9af3343,0.028392559947857207
e5d3cf73e07cb881,0.13357930373744398
d79da024e674f570,0.13177648417639531
f137410611053710,0.06854959316509998
4b48a5ea7d8db38d,0.049915471443866016
6e5b5708c1bbde63,0.15562375669241002
2e21f1e2f4f0d11b,0.07464856293581329
2fcb7b875a97fd67,0.1204098791368355
c9c50dcabb2aaebd,0.03200269393540441
ade709965be588c6,0.07168583251775065
e99ce68035fd1383,0.09010425416443242
9abdf47140639086,0.2715575572985525
c0370f3f688a69d3,0.17382715051961944
023ecf078fbcbe04,0.06623137217578719
9366b2145d9ffbaa,0.21804731337320887
907dcd98979cefc5,0.03918824626909301
1430d1f8417967a9,0.10160644585147088
12cf954bc6f7953f,0.21133174011701034
9f439978c3ff1caf,0.13742262722809565
3d566b52640665bf,0.19058302436137883
1da24b04359879c2,0.05439750614028152
5fb8e8cdc5a458af,0.08023516190556762
69f63de79af9dd49,0.11341675406711788
078cef5b5f6aff6f,0.13854507519506903
ee64ad3ef7cbc727,0.033596539157069526
30f789de29e44c84,0.1898998923963979
ed6dc35d0f6c3f4b,0.28408618864749635
24171dc6016596e0,0.19665063651357112
d9753be4a4ac4d5f,0.18553105883476761
08b18f56dc4a9978,0.1023610044778781
2fe99f58d73a842b,0.03943427771814918
231cb4b19f8ddc4a,0.03905013628655701
a0f57bb92842d2c6,0.051320989909815
b451e5af95310e52,0.12674087443081072
4d5e3c273bff2df6,0.10389428558443421
69445874395ad7f7,0.03610870045392395
72d5eb4d04446c06,0.07027239073626948
676277c834acaafa,0.045229119459647894
345fac6fcbfce3ac,0.12866758038123244
77268d80339453f4,0.07517521592565114
0a3d332e3608b10c,0.17386849801353554
3d3e247d278aad6c,0.2111871111509268
c6d0f1503380066c,0.2225771654997887
a7ccb8ff054ea663,0.14581833528980231
d3b3fd3963b35751,0.14560237383453833
e361e82e1559efea,0.1159839901533165
94f03a339108fe12,0.034331825158062344
0d6b47fe3047807f,0.0983801716281015
f0d2a9398458201f,0.04047004279036012
8189ef648444f31a,0.17388144137742434
b341aa9047a23001,0.05492383941336973
0b603f589ffe5334,0.1653411895198164
dfcd5836b6d7807c,0.15520583049707395
c69510f82760fc8e,0.05921626065895492
bc2b0e3b0279f394,0.030570790546165225
9e59359a937dc386,0.04466335934461124
9bd6fbbffc3029b7,0.07471777726845896
78533ed0a4d75031,0.12653374764241113
24d3b857d9ec7516,0.1461017431304783
d9f1874f6346d786,0.12987485740544402
6588a72e611a860f,0.040517148644563336
52fef00321899df1,0.15585810799580396
b3c2a81210323102,0.051316919042935255
c1501d30afd688d2,0.10782665584462742
2bd1f2fa8a7cdbba,0.053645475229178154
7472a7ac18cd8ab0,0.17968475360768432
b1dcab1c1027e375,0.12641733332701352
2add558fb5890d0f,0.03416530954408122
51a6b2ebff82bb8d,0.1165794734454037
3486d76917d26380,0.1298269413181134
7d9915dadeee6dc0,0.10178849684040667
1a5e5859e62a5ff4,0.02552248304231966
ba7cc06ca707247c,0.11349536429799365
3c42318ad81df936,0.03564085527665546
e7f32c62736ba8ec,0.07215096125974278
01970049a1d79ee3,0.13718687963172843
c34d08417ccc14e1,0.12347126314868369
dd08d7511ab95a7c,0.08830158055318524
147c9ed162930636,0.10792694139288539
4d55d8c7e32d9a9c,0.06356162473263721
1df22e6d0f4be856,0.06624070581742077
29e5cfdbc9735f7b,0.10653292687177965
529dfd620d6ee22a,0.06215546650508394
22b829fba260c24a,0.04668972743369529
712c502ecc45cac8,0.04287769622656906
2806f2b7f968844a,0.12895947202708616
1ff716c957da8f4c,0.02456761999300263
33a651d1e2266900,0.22912575887496262
01aa41460821647d,0.11506413923721623
2728591ac3aaa7f9,0.14334990639252282
62153e0ba99bfdc4,0.1886380720820452
a336835871390b27,0.07513570354364951
66040815dd14bdc6,0.060257733834362365
e0d8f324ffe3e925,0.10470262135249422
e7d245b8d234167a,0.07170834861003214
b30acd5fe8990b03,0.39846134629164376
8b87df65e3f61018,0.0855399431107047
92d913128fc856dd,0.09238876294277015
c1aa97bf3aa49c01,0.04615144295612164
37b85ed57524087b,0.1579817322353105
fbbd2368a21a9e6b,0.07977727486873612
39795c53fb16d719,0.05842711974071042
6d637bbe837caf77,0.10883618490078781
ac09426ca8b44dc8,0.20250129877038547
0007a5bb7310d604,0.12350139605747358
f8c5400d321751bb,0.17067772417407234
5c5d74b2ed3fe0b2,0.03594410808914729
a0d70afd5aebab39,0.09242739984597784
dab67f5669ab1b4a,0.11766777629607433
b094a6aee2983e4b,0.13749573874005744
76eceb39e4bbf598,0.09364476559259782
08792ceaef2278a0,0.062154527125859955
421639eb32096298,0.11538799054047365
3732446a2dc0ff2c,0.11952576914223031
f42e7bbaae983e33,0.1623793578247535
1d7a33be5e41401e,0.08199789453659762
c94efe294bf687bc,0.15275963172918045
54153bda194f6353,0.04123351650689974
275f14633d4a7de0,0.039387998151860656
7a750521e7810b4b,0.19469706643383228
b94bc2b4bd62e236,0.12503974641594798
3c2076842f11afcb,0.04676034073224536
53c3d245534bdda0,0.03334881986172547
bee1ce38b4653a33,0.06877464982705746
7fcd7a8a7c44d7f7,0.03708319334387173
60fc2edd396bed1b,0.09247656006911159
df7a1a739d1e3d31,0.12661014857296898
293173b622ae6047,0.08777909294774319
c18a9f29b23ca49b,0.03753224912438157
4497cca94390df91,0.06117241198651382
40d9096835771f2f,0.17114743075749642
ba30e997b8338d76,0.1449734927880047
56d89283c0f5c7c8,0.07132976235210695
f460984ca4f4f1a0,0.0537991011575194
63585cd6e35862a2,0.0638276075320337
26e41712e705d5ad,0.12121622164296372
0a056eacd56539b4,0.042475996748220904
9060dd63376b8616,0.0772073512835271
f11e51ec27009738,0.14506291202768637
d0496dc870887d72,0.1115251493332515
65fef6d3fb26ca70,0.030756710496476172
a586684b41fa9769,0.19247327601162817
3bb2f0950e70a234,0.09096565374144765
6c6a97e3ad10abbf,0.1495905799004585
ede33053b334b03e,0.10930499815493913
0dfab1673fe84ab2,0.05519331157858566
f65b0230673c2e76,0.09233620181318072
5618ac6872992ff3,0.3017106489663802
77febd71dc7777e6,0.18309617844439385
7f54b45c8c0b9310,0.1602911246615492
9273e3e5412cfeae,0.11015178185650164
52087475796918f7,0.05180758162824557
643455f14aa1df04,0.022950223420473648
d1b24b005a16d2e7,0.09814372155521761
88788f98d41f9611,0.13117218635319347
bbbe50af555f1d68,0.1005359552265897
1bfe964817713a25,0.4900892499303941
40d6df07da814020,0.14753520081965435
8a96d0eccabff7b3,0.03158196158264286
439300a43f735490,0.02915685462295064
bfaf88448d1869a5,0.10561054010605804
1eb331ca2d61f16e,0.12169598764239407
5ad8f23386d2ce42,0.16025649403326175
69ddf95fb1e28199,0.13940862615789473
6c224fe2f90a4ac6,0.06276698575628376
7d2d81f3b2e16bb2,0.1580221973247919
306bcc14dd7bcd69,0.18335567329373353
db0b579d4d6c3202,0.023657329608159576
5e7670a553fae63c,0.11157160047280856
999f8c054ed84981,0.057176819935218906
645969c8fdeb22a1,0.018568328287723267
6158cad9f5117a45,0.0676118925898553
3717d43b0bfbe61e,0.11036544715463026
8ffc981637d61bb9,0.0932687934521433
8b934f4c25070ad8,0.06711661326238468
15701cad20890a02,0.07386540752877177
4a22e527eecd22b2,0.11721763160020147
6b7e69ddbeb27f14,0.1402560743489791
c44f66a5254d5ede,0.17191777849314893
1dd06cc994df91c5,0.16627936719590758
43da23e0c905b332,0.1051008181430136
cef6bb5fbd6d7d4c,0.029107812844605965
74e65522686e974b,0.06557150936353492
b2ec41e4d4e17991,0.055983976066441815
7adfda5837586ee5,0.07529528160141005
7be7cd83da184778,0.1681125623418102
331453c919db4a8a,0.035791895400909574
1ad90b2ad8ec5751,0.033594167213968476
06f305aa47e1f3e5,0.13976539378030156
5d77b6a032a98222,0.10134805959840748
2fadc388cbe136d8,0.03556575317554423
3a64f59d79eebaa0,0.08230574916919317
e9d4d3a03ce54237,0.1398711225322026
5bc032bc2d4db536,0.0496133852760598
42afab27f6d63b09,0.08700233346813122
0ce59aff9d61ddc0,0.1282354388736751
c4b23b3e64f8fa59,0.04901108627171521
df5826f4adc2407c,0.12720468989133074
1006c7d207337c5d,0.05212408578941004
74f20f15f7388f9c,0.03309270622626258
e8c69436b1cb3320,0.06638804639556467
609680f04da9fb46,0.03865776181728057
060d99e1fde9dc79,0.03618158773910839
6555f0c293c5a1f9,0.13404822226056345
cc835ba475e9656e,0.13395635724288543
960c65dd29d3417b,0.07928632279937797
c7596c71a0f505bf,0.04160175473341576
3f3297df319604e8,0.11800043801518582
21c886bdfaeba657,0.17293082726240286
4c47eb742008376f,0.0917480678068682
0360ab7e3c03e1d6,0.06500618206608297
106e8c5cc993ce96,0.09375261566199874
3f189ef767336273,0.09922274404964318
d87c2b5ea60e2e70,0.04538218097388201
924a02ba0ace2e0f,0.04684247312672428
e0a93aee5351fc40,0.15929861675801776
60036012aab0d68e,0.0827338670959871
92196298fd1f0a2c,0.0682691501810674
2c9507cd32c0dc32,0.04315369195300345
f138d3401d1ef8d3,0.028820606786788043
0550e84ce3342ea2,0.15753557108049035
433b7b91aefd0d89,0.03524994803601855
2f084abde9824f95,0.03931292032805924
aec34c208a4086e3,0.19951604827062436
77832263f798d3db,0.10178864480439073
423646a4264a51ea,0.09538770557569276
99a11463587499b5,0.13931622034566515
5666dcd2f61e1fdc,0.07433636769599342
414bb3e31a06b128,0.2137768976845254
9825bfe27f61ead1,0.08220335013321374
3e8b0ac764ba974f,0.03118812674879308
f494e58fc4f527c1,0.07215204122235226
4b3ed9d300487cc2,0.14963012372330925
064d5daca103bb1b,0.07088215869923088
1a4b5aa55f664cd7,0.08255409492360824
65fae5433da58938,0.06729921559394189
77df36f32951641e,0.03570031937271703
2734faa9175621e1,0.26679987968468194
6952ae6c0325e147,0.03779675986379472
bc49ff32a733b5b3,0.14988810596628788
ddb437f22bdce5ad,0.17835859005799748
ad2ca89540526e80,0.16152799945843044
8eb86976f1f7faeb,0.1950368462555539
351b2cac3bb60649,0.13336402847860454
f3685748a7717d4b,0.027481040414504457
af64f4a787a28c01,0.041584810221820215
e41d8e72f6a6da64,0.04537730491821218
43199fd3cad0d080,0.10187749313498007
08639490dad5a32a,0.14387478748318136
251545c20caf2d9a,0.09120534280213916
657fbf140a397f3b,0.06128842544492024
d28dd01372e08f90,0.10587499342310716
fb9bccbf5affc835,0.026305791802539127
0c3e0f0e422bc214,0.1466992156617247
b6fe616b3ee4f983,0.09779223919255095
1a05d9b0ab2c483b,0.06084864911481867
be053c37d8d326fd,0.10365710309514756
b0cc45542dd09eba,0.0706457821998221
0d1c9ebdc72b57f6,0.07918991025285119
926a38d305ede2ee,0.14675308136205484
381047d838351f95,0.1290884096972236
5afb977a1eeba5b5,0.07732725171767134
1ef7c785c8633cc8,0.06424025100165709
2f0bd78e22c8874e,0.1498356044501088
2765e2bdf659e633,0.037334275491268706
31756eaf193dde51,0.03860020111462703
ba5f5a3df72c6be8,0.2251249427323395
90e87591d24ae44e,0.06907485423810138
f9f063e55d3db8b4,0.09407051241758754
3ef90711b7e5d86b,0.13664185153336272
ec0a6ecd2422c215,0.11611973512952777
2a75009bf5006a5b,0.05696241451505871
9edf622febac0e4b,0.11255336730312063
9cee551773541f4f,0.08572739231995839
2a07f1c2d7378d29,0.13104056214246995
aacdb09c08c9a960,0.0318371409251403
df9753fd02aeca78,0.0754831167187682
ecc853e05f1891ac,0.10179323443156818
859bd8582d3d2811,0.07965391674616429
a124273d56f60796,0.09654999883894883
9cd33034524d6b66,0.07343614592861628
9e58973154c42431,0.04993839505694822
fe78518186335668,0.03256365149671969
0c195b45f68a8952,0.06154057855143175
bb6b109cc9317218,0.03404338598079281
a58342d3aee051b5,0.056217583842389666
48f975291ebf9397,0.16827464143279416
672604676c29d735,0.11386837217906323
144b0a7e9cb057ed,0.16928449022332043
02ea6c1ef4cf0b61,0.03306079058154522
fe3c47193f742bd1,0.040633682437370325
782fd306b790e8b4,0.09359516778014602
53f0ab0c206a7f5b,0.1538502183055826
2d15bf73a2700357,0.07173488369387891
569b34b568032161,0.13384117277304344
d98474765b2d7880,0.104971423445142
f3088caf81ec54f5,0.17756382693956752
884de3bae564118d,0.16727248246187804
5b62a55571d795f7,0.14292302409346042
e860976e6aaf78f3,0.1213990666374618
bc5f8d0b2f9683ba,0.03069121229822438
92555d85c6369cfd,0.16373316713300448
189861fc294e0daf,0.09133148943765312
b8212e2222eb4313,0.02880957825343853
53afc56ddcd63d8d,0.11254029780160829
0592b0cab7becf5c,0.07734976598984211
ac4cbdd76a84da91,0.11854414793076698
f2eeb139d518ca60,0.14277665306651327
e02fcc8b8b63c0cb,0.04643722357042393
a7f194a18e15e185,0.07052217802818372
b9b57b5beadd1490,0.13494972041636488
357c4988d289017f,0.0896362322450908
f0d98c09bd71837f,0.10822953915812081
b1c0df4bb0c82383,0.09119384301517267
5bb361813a233522,0.06406653788387284
c3eeda7b200e2c92,0.05714594430603985
db0460b8a23a94e3,0.09606789361274831
3c80f795a35190af,0.042408818075689435
ecf5824d8b392491,0.06155609284557197
5fc7a11376239e12,0.02913493481483248
2008fba1ef946ecb,0.11462744847238054
e2aa59fe541e0ac8,0.05311101569640721
09b5c7802e6b561b,0.032744389379961575
988df0719acbb76e,0.11250093187557471
48d79ec301d31948,0.07213250312458178
d288ed9b89b3675c,0.06185358376988899
75abd1caba2694a1,0.06153041845700142
3660f3c735d8a187,0.08078084637765537
0440ac4598276f6f,0.1609437233521631
836bbb09e4831df8,0.08092568393893287
51432ea27e463eb4,0.05192358350499239
3fd99194e4efb12e,0.04799208025408458
ef1b4ca1f2c1e357,0.03656950336124667
70c464af7e1cea4a,0.098894608120603
54c64f47d761f86d,0.13080895697080708
333dcb05411a601b,0.04625393269794621
11861d1571dcc3a1,0.05536505865595568
20e00d08f625d409,0.12365278005950159
8574c4f5b2db8c92,0.11267829949255084
95feb433faa8520b,0.12246232816928712
1dd496796a5dadff,0.05385121295577776
c1c248e8483e9ef8,0.11776005686320329
5e0dc0f0f0ea48f3,0.05435902886805369
7ecca4d6c9eac123,0.061254368015288004
58dbf7650b2286e5,0.0540518853737344
4c62224901fd183c,0.12002695171884545
affa636fe0cafb15,0.1473931567165928
c9f2c416d003a925,0.026247309587074906
c19024a709757f11,0.06315733296376856
d3444b15af3a9536,0.0982844606758182
2f54cc2167b0cfdb,0.07302770718958765
d974c7d47092679a,0.0636460524854359
1f04a25da2b17ee9,0.10697149134871575
f133299dc49c2bf2,0.03298596977891931
9542ec8d29575b20,0.15284395548673924
6e476b773a15e2f7,0.05095254445510916
c468f0fe05876276,0.05031755937852137
1bdf15bc47508221,0.13583460597162567
687b1d6eaf1bb287,0.11777960429511183
fc8590ee9d55c5db,0.05266981772206451
a4379a3efec7361a,0.03452913184177821
30a2e56d4d608b28,0.12488230619356491
4b400d52635e28ff,0.30125977396008097
992d4d4846551047,0.13297787943162007
b91c089133d42f62,0.06714962135591754
c98879c523da912b,0.04031460555820328
7c8f510d8af822b4,0.14868901181103597
9d674a6212b3431c,0.04160296817089508
d3da05b2f284cb87,0.09738967951650712
853ab873686c227e,0.141812846876387
ee0d55e13012503e,0.030094616327973042
fed761caa06202e1,0.051114711534966786
7750406f980f78c8,0.114131463489442
e8770d9a28fdaeaf,0.2449031456025561
4025856444b9ab51,0.04809177617469705
1d0cc87631f52974,0.3949259120042482
f87d2af1aa151b69,0.10183249737760539
e2746f6359714da0,0.06431284355534701
6b20c519964ca8fe,0.052306657419646976
ac0ef70a6dbe1ce0,0.036669213320968154
29219b6baa3ffa60,0.10817266208808203
ef5245dc0733939e,0.07351907796777063
26d625d3997169dc,0.041042631188617174
ff9580c0b2b1a370,0.11241713355480867
bdad383d41eac454,0.019818260214430995
a6bebd6247dce4a2,0.22585928416748685
846ab5063b60d099,0.19227510822564403
1e342d4cd0cd2bac,0.08098689792638386
b111d554bd56dcf7,0.12550106873018474
9ddbb649643fc0ee,0.1772288618011576
0dc9c8998b42da67,0.15452364181140676
80444594c0d4b5b8,0.063189543663266
9bf8b2752ad4d752,0.1790669855376083
794812675f553fb1,0.11260745521241305
c60c7cf09844c202,0.07208076951369177
06559b4012a85953,0.038302893723312983
dde7362e34a81ac2,0.06858431516433784
fa1ccff8a7481b47,0.13446592566861618
89c1eb286bad23b4,0.024498657843262293
b389067306356b78,0.0899868773393109
a4328554fc4a45e3,0.11205420134318833
fe2ff0422ecd1440,0.10260000178061854
e1f0e9e0dd1f6a8e,0.09639470417270601
e431bdc8db1622e3,0.12394187670229612
54d5ddd4fde3db7e,0.03084761408420158
d6a2262fc314d2a8,0.07334629296489548
e7039d9ed0ec0c39,0.028991681028554844
357fb25344e0d8ef,0.06427887552204732
8479ceedf945cd0b,0.07392687196716238
30e12f447d932d19,0.11761961013390045
a33acfadc007c5d3,0.14146918901843641
32b72fee7f2bc37f,0.07469410690818609
e2ef0cf7c0138e95,0.14226347870383316
c53a5098d3feab43,0.11885941219104487
2d1a504956a9bc59,0.03824111568099679
5b9d63bb61f11842,0.040065953314108026
f8fbcd4440a074e6,0.12281300983747043
c18b0ab8490d1c66,0.0575657682688033
18cc6b0ca558d790,0.21866517670636434
c78d6d8adb708879,0.044769464845038014
928fe114a90feded,0.1250575265347319
806b11fae1f6bd45,0.04981556834215113
ac8d5b4456a25f98,0.04519972565670505
0de3b4e998fb61e4,0.05169926203400052
0344ee3e70daaee8,0.15818970666606125
9459a694f708e7cc,0.045330001333281
f8f24bc3cf3562cb,0.06131032604143856
fca0d01a476eb58c,0.0528692381972016
ef25fb3354e1c732,0.12270284636029194
83ce56a22c714f81,0.1204952863877958
781864846ec190fd,0.03856238181570289
99c27791616e6a14,0.11743640681199813
f00a56545441ae1e,0.04554311895322492
160c77c56d0bc3b3,0.03871313557443298
6bc7f7e6a8dbe398,0.06561977567511515
565c31dc34339cb6,0.14732311918683516
d47a57dc58d8cfca,0.08932713218173617
7d91fd093f331634,0.18906998936203936
a33fd6143896a064,0.04040990940817724
af6776fae916125c,0.2787335926047455
eb63791dfd566fd7,0.10528095085768782
fd94632e98a57fd7,0.12705288236931464
7afa48755b2905cd,0.3132248685570815
cbfe89a23b516339,0.12588167630868513
bc9eb4d602b27458,0.0677804968847204
fb8b7e3482eaa33f,0.06984674990074316
0d172dce11eeef53,0.03702008222430905
6cb7efe2f15a8b1f,0.05800584824051824
0b234c8955fa5560,0.07045939594089258
1564bc14da2389b8,0.15275717539939374
11d440c4ffeb2e60,0.11034721647887646
fa46240b99291663,0.13247308612552694
52eb5978e0a48397,0.19854251100492815
bb2cb3fc47f785b4,0.1416117006514008
bd402ae2e81bc456,0.03720242834199831
5b2c73c3c2fab67b,0.026814067449195626
558785e2cd64bd4e,0.14376403963104717
d8d0cdd0e630be6e,0.3264573474419856
54a5cf67504e37cf,0.114699305951735
b7225c4787addde6,0.03790673349050218
2e444cb3f4217098,0.04353750822647094
ae6ea7b6c44fe6f5,0.11041298733827366
8917e3ac1e161b77,0.10727144481307746
ca8e1b8f4b045be2,0.20179818473383251
b16a002c43cda488,0.18518702572136694
38988311c0c8e2b7,0.12498145843625602
40ac9a289f991b8c,0.09168632413025077
83dbe87c0f3ff118,0.09179162686048467
d8412746401ef6ff,0.044190581390826975
95a1b17435300c3e,0.1110291100070866
9576e0a63d76b324,0.06567103356512238
8e43c1faf8514a42,0.019415334955419188
64462847893bb0c3,0.09774500028119379
2e8d60596fe0288d,0.027842914943061757
e3064eb18f25f417,0.1987633243593157
5c24da1b9f2ac392,0.029712986588468545
ad26aaf8f4bdaf41,0.09240192936614117
a21097bbd8645f25,0.037499596252276335
cffe1ff942479449,0.04144976242230208
39170ff154aa8058,0.113482842062812
0e2b77f6fe4d94af,0.15728766844227143
4fb4ed274c87cfd9,0.039518752960935245
dbe218b606bf3cff,0.08679978915235027
b1ff3f405ab15e62,0.08125164759537043
b77bd0eb977bfde6,0.026550897336276566
c65c01d13c9051fb,0.16967181960801522
9f7d2bd32579e9b3,0.05544763674506484
1d42bbb95380256d,0.13711302842784917
799c5bdb519f3962,0.09654353688494148
af54b26cbb15ae3e,0.09350461517027508
9ce958c47b1e7d3c,0.11546372959966444
d39bba0520b226fe,0.08230705751428931
c4923735c16e8881,0.023304409449587504
43506b20fd8ac430,0.06943135365806419
685b0ab35ff084e8,0.1856771677081166
03212fcbf4fcc22d,0.16638457916552488
7aff26a87411e8ee,0.12636082849758207
9af789cec1453f89,0.031035730372263606
41f2ebd04afb728d,0.14668449215998797
a3a3009c55baa210,0.2539586384873108
688382bd40810598,0.06384176349544254
42cce10beb6c55b1,0.04335894130971054
59fe211f9aa2b83d,0.11177166882607392
86466c925086fe3c,0.16862900435572714
cd36f54626e83a21,0.03969237699011263
ded728c05e20539a,0.1493154852025535
0c7fd3a164040b3f,0.16588075466328642
614f526f552a972f,0.07907372366391276
cf076cf42abbd2a6,0.04667558056275708
e20135d1136fb289,0.04846335330946808
2b40340f15b07950,0.12837901624148823
92ea7f3ec80af25f,0.14793799982548392
1de6db095fe81c3a,0.12468317735030218
e13432ce761076fd,0.08524994786009932
ae126eb3da41487a,0.03809608749869779
05436df37c119ff6,0.08576028929236948
b9203ce854a26300,0.12552759506315733
e39f8336b7fa1f6e,0.1440358372280785
2d031b0318ea5a02,0.07106679458810784
54304b5c419290ad,0.04831764927738255
e9b3e8a0a4077e28,0.036030449696417846
1dced917867d765e,0.153165854395452
c004a070a93054de,0.14857332052130118
3fa194a91f4562c5,0.06823156293563604
76d5a2300ca56933,0.03390848315633148
993bd3c445b80c92,0.09491340667616581
16eff5adf0cf07a9,0.18168169682152402
19f4c91cd1038cc8,0.03278632430348808
4ace42dbd199d1b2,0.09253120557019268
8232534ba45ef07e,0.10240809665358608
a2eb06ecbdb56bd2,0.033138545167707006
e33ca091fb503e03,0.09880322433743015
8b65603997a5d0ae,0.03821557912554852
c4702fc1a3b838e1,0.06554761384620679
0a2ca915437c9a04,0.055668689095942456
6e4d60a1e5913350,0.03893185837947892
0eb4def034c0e542,0.15675375111234485
0dc7bc6ce45f37c8,0.04087286055798849
69c1bc9b1691880f,0.10601078322095403
249619e3bba248c5,0.09642618203435227
8a0925f386616243,0.08343017892027964
c609c9019d1d7b32,0.1500546016021636
dea132cdd56b9c8f,0.15047406359996796
24c6ff18b883edd2,0.17419842282910758
06ea151cc4ea5974,0.04678909890191135
dde1072c2340c07c,0.029974957983013736
bf6234d11406ea49,0.07789960984911329
610c0fee53d0cf9e,0.11523538224669073
fc0691273040fddb,0.13818803535650026
46bbaf2bcdf5a362,0.08114991109111866
6f4198d004803569,0.07573800473614506
3f726ca9a49e022b,0.03430496761507881
2263ab08ec01d546,0.037281783619735054
dc2a61d22023b42b,0.39658710164664157
9cb03c429bd54976,0.027365381335272786
d3d5427c6c9640bd,0.14405753974132804
a356aac05b7d44bf,0.06179203404357138
2c28820cf1ae8254,0.13799758405746332
cf49994228b74e3d,0.05815489129153764
ea984ee0501b30dd,0.07886584883145932
3639d96562366ada,0.03351950200923282
007d989968211b0c,0.0738895410654471
47b004a1df7ac9c9,0.09036778095193834
f09cbcb79049a436,0.1577318322570948
d3e17fc998bf6787,0.1454659902651842
0c6c8663f624c58e,0.032184792740387526
52720efef03dc54f,0.20036276103826062
c6a5cca33f57da61,0.04375919024887483
b1208369a0074122,0.04973845593698454
b0563e971ad0dbda,0.027406190895117075
a0bb9373f1dff1b6,0.1495834056717543
607b5d747f350fa9,0.13458759606992296
8945214e2c9cda71,0.16633781781680254
7fdea294906af44c,0.17151457826333785
1f3c2f31d844d10a,0.03824259937963927
248eb5a4a5179bb0,0.2657121020686013
f7522ca250fc8477,0.049761767535928605
3ac3d9675fc09e64,0.11576378867225533
b65116a131be84cf,0.16200938224835945
7cba939dfaa4fb1c,0.1484812603781528
4e484a321de70373,0.11583577161082459
48c00464ee810da7,0.11386075173886487
11c760a8108e0ab5,0.1629920960819325
4ece5849758d2bbf,0.10054441836980291
2d34cfaba66dade6,0.18529970178174554
597b3aa023ec1731,0.033330963875720196
65e095698c6b2018,0.11246382646342484
d4685373bfa64d8c,0.04693111894750962
b2a24aac339b046a,0.11593589137937718
d018e1502c830522,0.11651914985162082
b4a5d705266bfd48,0.062091583231511684
1bc1ad21db736edf,0.05255520665943918
3584862144963b16,0.06116972338891526
64acc3b4a0341a38,0.030289711186760535
ae1b7c2913418b6f,0.02561937418852636
5ff184c18b029b7c,0.030637848052330795
d407cc2c1f68ef5b,0.20284311693714474
10610f40d2c4beb2,0.03628983087526495
a8e72b280bf38b81,0.04761252098893498
4802ee9701571a2d,0.47076704125040847
c0ba503ad79cb130,0.4182496668062674
a428e18a2571696e,0.12913478943736426
d973ea3bf88a0f3e,0.1393561692520265
cca48a6fecdefbfd,0.08987838679166726
387eb4b1c9690ed5,0.04373772241013809
f9b045f246df515e,0.102897932033167
b8aa274fe0062de8,0.16347009543371954
9d67fee3adf9e1fb,0.1635627436301827
3196cf2ddaa8893c,0.17256860396868717
c6cb67394ff79930,0.10869399303450142
b713b9f13a1a825f,0.06478612406801076
0c55301e8a9a0e8b,0.16123144462381972
06cf6a66edc51d64,0.44721438716584216
73877568d5adcb7f,0.11067765601061486
6e713b6c6d9ff701,0.18663601021224632
35b98290788b0e15,0.1722651304548297
c1699d21d21f249c,0.05988916526971726
4d4b1f0d9defbbe6,0.24085653409473468
c1eb4bc9fb4e0c7f,0.11111205961792048
ac64ea4bb93cb2ae,0.15422355288308942
a6c0198d0ade9eda,0.2677248832013506
4ee5d36590d4f29e,0.11696789007141135
39d7718a5529cc62,0.02844156449974563
4f6e36e222d122b1,0.07167633056299788
f7b65c4533428cbf,0.26223861332160814
32839e57f8e1ec72,0.11847040903402184
0a631a26c3a1a8ef,0.15252598708676907
42ae365efff05b84,0.0861283084023681
aaf16c83ac07884a,0.1307859595768547
e3fe57ec38bc0cae,0.06415793722452526
a269d748b94103bf,0.08791659566072302
29320c0461eae48c,0.035109598983762175
98b75056b390e87d,0.1292001688865587
a18aa53890bd84ac,0.14301061199493156
fc5a2a2354cb11ed,0.031143452416291253
912408725cfa628f,0.08935286637753168
6453b1a068b68ddb,0.11711274683519296
d95e854d614ff5a3,0.11586183173040984
85a79337144b2a84,0.06822405587981886
b5e18d3eb66f6250,0.0351075972126165
3b90fc3f1087e3d5,0.03523539070976894
36f89bae0e5df26e,0.0905554349908212
7de9a21c9a6df7bc,0.1554786977529053
4ad662d48155a76d,0.10456771844332872
1016d05cc8d07dfe,0.11106796488417228
b0a028857d9a81dd,0.1147222771216127
c7da65ddda5ab002,0.12196033295817668
8faf1048140782ab,0.10898712368783589
d0f1cbe5f5c2cc97,0.12471392752619895
766a85256e2db000,0.03669402046804953
83f8495a5ff0fc2d,0.0553057460372338
a57ac84facc6651c,0.16472430029884125
3e18333d2d1812a0,0.03608993708989003
2e2c93c0b28242d7,0.16245515109206238
290025e556e7a964,0.07245882866668871
34abf7197c7817bf,0.11687670634378602
4c990af23095a8ad,0.14301456013970726
b30f0e7ab6ef02e6,0.09587829225049113
955f054ef8ac2a98,0.3228367849000907
efdde8377abe8fe4,0.117856882371601
cbfaa9b940f4c2cf,0.15855556917208158
51e64153531937a9,0.24208655678611013
3b7b80317148399b,0.13775214735314362
b1de8383db45dfc8,0.1099364184504674
0d3f9429ecf4d4c2,0.039001001961069065
c4499c39e29ecf53,0.08925107724481213
7800f7a3f936332b,0.042831554226951174
b837532e3fdf4a50,0.0776550405604182
c681da0099cefd6a,0.040929818553193775
c7acb3b5705e68f2,0.03815850496730054
7072f5cd32c791ed,0.16317064155173083
00b5216b2f2dfa33,0.7354564023654673
b2ae02f82d15b4ad,0.10720646828347234
5ddd4c1db54b9114,0.0873867553455392
3e6fa59b53549aa5,0.06990516450276402
6b853eda68180bf6,0.12894196251724233
0ee247af650122c3,0.18697554241536274
9e2c6c5193f21067,0.04387273241992631
6cb5b3e20565dfc2,0.1305716000826173
dedaeeed301662dc,0.04645255591300433
7244a91f3ecd611f,0.03378768204928302
d5447b494619e05f,0.12766820274813634
d114e64d8dfca5ca,0.031364495176505705
762e061721ae89c2,0.032171106958368695
0359613691f7c01f,0.08556626582706761
ca90a47bd789f6fd,0.09732496643835584
b43584123f43b018,0.04794188265283435
0770e000ee552df7,0.14492102291495576
b396a1df0d592f4f,0.04625826422759996
51ffd9a173cdec87,0.19225222897779404
38e628d583de2dcc,0.036319811630631735
5e444909efb4f076,0.08643847559274515
147047e5cda600ea,0.09594317674651204
02f5e786b6ca732f,0.052746393997952126
b29abac474eba51d,0.23522763157614734
14f09256775b5595,0.09430677609409188
4132a178395f2d42,0.12422819134421778
3ecf5a5ba7668082,0.04735790078747053
f7b8ef9f4baa3954,0.172793252768211
344ae6cefc6e5e28,0.039398772589522256
9f8993a4d3fd8c66,0.07847347031129537
02fb2d64b2963430,0.10715237711794286
cc3e88fc10db73fd,0.12656777991185436
e1b25ee0d1bded29,0.18088201239444585
6811aeda7c48195f,0.12036935352352601
2caefea2089d3348,0.12736767725482423
06624c42e6f173c4,0.24770096225757027
18d0862452891d30,0.11053865310805151
aeff78b9acbf4d71,0.08783201704242814
3c4fb720d11f542d,0.04315159369895441
ccf649ea4bfee844,0.06236451869078434
72bca5a449e85cd9,0.05190257036884559
fd6a74697a1a9ec1,0.036142356682869164
a629bcd8e7727428,0.03411762609246658
4234c32600399d7b,0.12714405188800576
dbf0f354d6059039,0.03497301791781403
3807b180f301e7e0,0.11533114134565545
5cff8cd0dc4c326d,0.08376278626771214
a28550e03a14c9e2,0.14903580660835014
244915cbbfabaa93,0.03638656396298941
f5d28c37e1483258,0.06720775287267922
625d0351dedf957b,0.10684200505693209
daa98d98f6971d07,0.09763190058603477
aac141e3478df5f8,0.09705942860472327
6e2d6b44bfbd409b,0.14234615895446978
34a46acb36dc8ef8,0.03783022155072492
f709bf78e6f0fe9a,0.05796011661193112
573ce0864f1f1a1e,0.03948184665360949
d6421a369f95b35a,0.07240656841502055
6c74b5b293b1b97b,0.06725100455775593
51cf0713d5fbc070,0.10872899867031843
062ba7304652bc27,0.04092448527144948
930853397c388814,0.03076488755516453
2e48c840c19e48bf,0.12267204114182947
2a51f116e23cffb3,0.11768892018812552
070669d7057f8aa5,0.26326156736232054
967936eb15802a83,0.07504532425458948
83ec0a0ff919a926,0.03700897679261363
a35f4a25719a4b95,0.03361840771759651
e646bad2986e850e,0.1310764562676954
8b488afbcc578dfc,0.0637347858338645
13ea6594c14a4026,0.05736738227746796
d0e536523f93f64c,0.05898591876467557
0e5ca22bcfd8c5db,0.16432104661009617
9fb1e891c08b715f,0.02947175227035638
7199fd0ada65fcc2,0.045845411075259884
2275f9dac244010e,0.034719368592595286
24e5ed05f908296f,0.06180122904293289
6cb602b86bec19a4,0.1090548550149517
9325343b0fd3d676,0.06670248459700133
644e5f81463951ba,0.11741164192727985
37046a2dda9e5889,0.05902393868191975
c7df199599dc296d,0.08602672582078039
54e463d760c0c6af,0.04026022768362652
9bde8f101bdb4095,0.07741155649177349
bc5c320666ed7ca3,0.03241300207256921
4e44d72109230bfd,0.11000177960201904
235aebae2ca0d45e,0.13802603849335315
55a1d48711c4359f,0.07242904763269392
c1ec685fcc48d91e,0.0783928427839296
a51c93906bd78ab7,0.08751691823258806
207c0a6423cf7a33,0.09779250987749763
c7693bad80c482e1,0.1538416278899134
36b92309f6e5618a,0.07733149809626239
26ee6d56130da0fc,0.14070268329673002
587c7d36156381d1,0.03466830241561236
50d432d2b52052b2,0.1270115496118991
b738afb14f60d587,0.18531322825500163
1157c08c11e901e9,0.11200898934134107
cfaea6958357ef1d,0.054688956362025275
d8b3ec80ec080d08,0.13199948445614468
809c8f80468b1337,0.09994815592331249
1bdded460bb636a5,0.3536103328933578
96cc52a1a3f13e6b,0.052373227837143946
c97a25af08369f73,0.044837272532289224
0de5d7bc5b46bdc6,0.05911153085299532
c6eca151f8576037,0.1186424750063875
7ef7f606745e05ec,0.030242348390886072
c5ea9ba7fa065f8d,0.4229370508806317
63142c0d75cf9aa4,0.032772102681825635
c396e609d01a9bcc,0.05979014281325773
7c9db70c27860a32,0.10277164455402799
8dd4bb6eda603b43,0.051183138204739076
d5eb724b5ea43bba,0.1855082788200818
e7e9bc7d5e2e5674,0.1323701343018303
24b3176d5020b612,0.17265335912787644
6fed295aff782896,0.6176962453092126
12d17a3ef6b47faa,0.156888308072527
2c550aa9cd671368,0.03070884472567034
df00e28247baf9ff,0.13478483531625718
9449a45c9d7b914f,0.04202704828833838
9a8393310d9b352a,0.09506908720039753
e1b1b6a194b4b1d6,0.07836825728398993
7097d3e397e94525,0.04941721405283633
e3d1f895e94e8bbf,0.10553297557523816
6c46ce4b2303ecb9,0.08196524051858264
999760aff655cfad,0.026287536767006
6d526f4593563124,0.09251393465301026
467801b5de42246d,0.12223907745324122
81c9cccf75c1503c,0.037002777967720925
bd1aa64c7a5dcc06,0.036650388681007416
df1a75c489d95957,0.034083733557872316
7e6ebb5b237b817e,0.042678592049572646
1aeecba2c7866fb9,0.09698199787283154
14269028868b89d2,0.06730624101546638
5ec456826b243dcb,0.05016130033736297
e574a546f8e193c1,0.15934480690511288
b0ce65cf243f3ae1,0.09476421275187985
8b8e8a00e6e1fdc9,0.040000395410450355
4a87b2b000e87686,0.20293882463827412
1175204fe5f8cb6b,0.07405355400369559
50a79bbfcd719a29,0.11917782061926928
0d8c215cc600c1f5,0.05990552803190334
3ceb989ec05cb0ef,0.16331120669906932
c7ea3f3ae516dbc5,0.032947868641568345
060631dc9f8845f2,0.14997250206241286
4ccc3fe421151149,0.03574209463343113
fd51240f58f2ec0a,0.0358104430180035
9bb25b00d30f4ce0,0.020609168498897955
1e633867010ad35c,0.03226400654717918
90da0c9b099080e2,0.09331440698549676
f3ba8015df41ef05,0.13367183451291625
7006c751c11cdc01,0.137479063787078
db5b922ab7ac849c,0.046380047731915064
8ed9c5e3ceb94d30,0.08098654915739767
32bc573af0d063e6,0.03818717174252718
b6f5ace9b32140b2,0.18929327727627876
2acea7857a236b62,0.08407052679141239
2dd5886a7dff0caf,0.12363802514584499
cec7e9631578eacf,0.21846662715529855
aa1276a52bb96bae,0.13465737787202048
f90658bc8d521271,0.10969260583235921
8b65638e31a74f80,0.10464148109285029
233d4e0eb18d8449,0.16142850333251177
95e779988eaf54f9,0.08047822667352193
ce033e0586a41f4e,0.04775042986243022
29007abfebc6bd71,0.11776164913575743
37555eedf932eb41,0.08240823012952744
43f0b7fdd64e4d62,0.12093647378524754
48d11190742f10b8,0.23588415817685243
54167e2d347acd9f,0.04271728838420358
adf2b2540dad8766,0.13279694904413272
aa4854b6b5329860,0.9876932030240355
371dbcc2d3dab4d7,0.07328135932170232
29fd5cd58cb38dfb,0.15861208039815056
276d786a03dacf69,0.07326718700292778
90290aaf619cb77b,0.05112450956811451
80904c6eddcf06db,0.03248088080101097
5232eeb9a1fa8f60,0.10939631836220617
6205daeed9459b81,0.04196521605441767
6b4abc5da4e3aad2,0.11914120551290164
ecce281c5f6153c3,0.1507499179340791
926feb1c20abd0b8,0.04247100245871063
64874c60d39dc86d,0.18176286225902072
1868aaf30c77d6e0,0.10925176520812989
52e964be6dd475ed,0.41546714215605435
4404ade20ca8acab,0.20268339227462015
f6bbde7cdf6430cf,0.8758833394103906
6f9ac9a8227bf174,0.24233026749229322
e4afa0c3ef07f2b8,0.053493573565604614
a85d4f04f63f1f8b,0.0540227263719268
7f3411e87c2708d7,0.11362633526002228
5be924d7d731a308,0.07217793926050438
41ea202bf96f7295,0.053968944766014965
e7d3e68c097838d3,0.2149629569817159
c21ded045b04b1d7,0.04771417201314454
a87de56d4f2dc966,0.03065072534305959
b073cc5a7d5d1fc4,0.06958250937966025
cdbbb57088163b02,0.054853613295479706
97a093dfe9e1eb64,0.27194178947662584
68aafe54d00b3081,0.09108876576601224
dca611f4099c1df7,0.056618107233727566
068c9856fb6bfd0f,0.03861474615014083
ccec2927e56ab3d2,0.02805689748298895
f4239e382087c8d0,0.19398997263677364
a37f1921e2ae64c3,0.10740631031108
abc7d40ccad7d04c,0.04299588892070091
7be1ba405f826136,0.16911626888979325
82f1ae3eff7b57d1,0.06236729496050092
64bcb6835fcb93ff,0.18108304928251545
8a7d498479d37ffe,0.07807271826314888
ddd893f6f7c67340,0.039257970014629835
63438b2313c7cb87,0.03994417977416371
