id,label
6403a3f8d07557bc,0.07728413588740583
1b1d097ff5b144e1,0.07307128762573668
08c7c3c71a02ca8a,0.1479932880286294
7f09e9039629a38a,0.09555871690579175
1fecfdee265e685f,0.18605080645527733
2b1b1ab99f54e1a7,0.09739174640939116
f893cdb025b56c89,0.13608074177118476
84466d5fc69b1dd1,0.145935903337417
e0f419be2a81cbff,0.07016000310448153
d9e55e1259c7c29e,0.17469630878050313
602d7f4b0882ec4b,0.13598383406240425
67f2f87cc129d7da,0.12057447037772434
eec96ea0e1c9f7cf,0.02734063956865796
d85127e773ec4820,0.12517419910381386
9e96822b06b0f7f3,0.06935987812907728
c6489148a3f9498b,0.09827805776179172
ad5ca801b22a4eb2,0.036093850782955295
22e01b671e9f12bc,0.07513131396347388
4953dbf3e113fbdc,0.040668563183430484
95397470f084bc6e,0.22099283511021028
ff39045f375a9792,0.06232784195787214
893575902a76b6bf,0.05946343932296205
4d9211d2b44f7d9f,0.08701166997328247
8205441451789e41,0.03084720587450186
5ade617aad761daa,0.2068421996699582
7d8bd74eaaf831a8,0.12977936916585864
3a4abb16616fb838,0.048373328631420395
6e14ae545a54ec6b,0.15564751028207274
a6d127f7b7a19a79,0.12492667828826379
e29e33c4a6eaf6fb,0.08580918661396629
42b296aec3a400d2,0.0912136120462414
238a42187f0c12de,0.05837285042700155
4c99d80ab952e272,0.14982979155903262
ef909ea8db65784b,0.14279357510937557
53283f9869842cd5,0.15757767751463636
fa99ef0b96b51157,0.11651901200842477
3cdaa31c37582a6d,0.17845774492279665
e007009eea08f15e,0.07143311789689669
e46769b586a6b83b,0.1533192492624836
c77497b63a864028,0.057897292396891675
bceeb0086c625fac,0.06896432946327229
5abf8e5791e5fa94,0.20298909927401038
0b7d89ea3694651f,0.08614440743792279
ce60477eea0a9007,0.17946897093765907
847baeeadbaba41a,0.08687863347985869
aefefeee7da6b616,0.15942120371788104
321cc4b04985f915,0.08879448641272639
590cfafdd102ec19,0.11391400147594495
0a3027ad8dd82438,0.060631157144460546
01e58c9ae88cd390,0.03930552601749649
8f5eb2d903aad722,0.05673461304012579
3f1b90f008fcd5d0,0.16251541889599222
9e55098b34909114,0.1693073277578035
ed3723d6f0b305ec,0.1309342132333502
e1d77367315c8c64,0.08931723755470014
b97a34687794c3cc,0.03610876289665474
2d9a8bda25c031b1,0.05002192800326716
367427e76fbb967a,0.11751178789570804
2d1de7cf3363aa2c,0.05670937183141579
d69cf5bc1f0112f9,0.043121013036789044
2a75c552e6a0103c,0.18835056291491714
943114c642b7e30a,0.05696063344789476
5f4258edf6c1b382,0.0505004227984346
ff0a817eba03cc6b,0.1614877857792911
c77fe2a4fb942f02,0.15095643802686484
df587d726667a5fb,0.13306391253524175
8c09d6fdeb48dfe5,0.04642289368549531
564e16bfb829c7a8,0.036028285659004095
e592482dff2b62bb,0.03896996879011861
33319a7020313788,0.12757004272800593
4700a73d634e28f5,0.18515481243490822
e5d9aee597bb4052,0.062262447254885854
b93533776029ab4e,0.175747952781786
e9274894e7ca5d48,0.03180014596278354
37e126228f093cb2,0.04617833133756695
ee5e8daf19a62436,0.17311425303936456
5c2af7cb33fcb9b8,0.07443565041350914
dd6cf914fd458758,0.05088945231003585
7943edf1ba3d08c4,0.08116288181320078
50dccf68b6d84c9a,0.0749076152250514
71b1d024ea8e0791,0.11249601526095562
a8ccfbc903739855,0.049384985215449095
bbf9130a10bb2e61,0.03689769992064278
41a2cd1fb3af1f62,0.09452575602734829
e5b00c5e94bb1efc,0.09215001541329754
8a2951b875e32f95,0.04552667588752788
4b4241c32f2ae2c3,0.06143217687516835
8beed49416c057b7,0.06561998763545895
1cc185c7cde5f29e,0.17249211205125983
635d0e269bd151c8,0.034008940806056404
9eb98f9a7202dfe8,0.03835882463898411
c224615f7e3ecda9,0.0338985566943462
f93a14286735bede,0.05470682311436578
c118092c44e808f2,0.14541662182303008
0972b7359cd12fb8,0.04034403326507344
22318b12ec6eb14f,0.12996370866125254
9c92d4068021c258,0.1527655202904582
053aaf6bcba9464c,0.06329395659911889
966f0341c7d1f5bb,0.06069404873954752
624826d8d4f7d476,0.06532988157866998
250e83ae550b1992,0.14380989599035637
9ff420d30b835836,0.10447210786682207
f74cb9754e9ea82c,0.10085396078513015
8ab5a2752e698725,0.06655746805542652
56957aca1f34dcea,0.1280548372571237
a6c0cf21bf0a1be2,0.02613405681753666
427e6266110ac72a,0.1826066105871593
7b84fe626f3ebccc,0.1300878477744244
6abd9ee5808aa267,0.06327796100036524
15aaf86082111e4c,0.1577198441931543
afb1bcdc94b9bce3,0.03573763920789422
93a337e7b4fedfd4,0.08320584431661598
cddee4f1517d9dd4,0.08207310283293223
755140c7bd8e7223,0.08320176217416977
0ae88cec371ee0f0,0.03554524721277483
08a9f02754051fc8,0.17967049630197338
4bab179b9218d454,0.08949328476123494
2af9aad0b831d3ec,0.04418616439088344
7d330fd87e35ee09,0.10200038751015403
d79f0de699294b3b,0.14973113180804026
652a8c0826eb2609,0.11774206260836201
2ae2ef63a2565c3d,0.16689682469695613
1bcffad3764f7c4a,0.06575433178072632
707e78f41fd82174,0.047816685437312115
e4824a55ce76b702,0.03732894763872678
993182bb80730c31,0.10010497257923628
dd67c105d030f636,0.1425019127934964
3dc4dceeeecb58eb,0.11095752964806557
90a67d119116b976,0.1533137722734451
a483f8d40e026f5d,0.030631567904890977
3d24648e710fafb4,0.05714554122483226
9104c44e8910b122,0.04419863410123443
47b77ad7aec9f1dd,0.05025182416877749
a66cc4155a0edaca,0.1093189300531557
1f4dcc29503e1a4d,0.10178911931607809
0a295834d6044914,0.06774846648901654
bdce8615df21ee2f,0.029821661748531954
694b4d3b1ed04c61,0.04581350575865631
ffd75ff5c92f624d,0.11582009865800291
717e992041e77d9a,0.10830365588268061
eb5157274916100f,0.12243603095741838
b77c5c610fc74da8,0.04259303583377784
41d2ba14e653bbad,0.1122920395017522
f2b612c9be07aabe,0.09691205542190016
3451e892c310a998,0.0862673339529366
2ab24c04722d8bf6,0.05093557323116215
38ded7c17115e7e6,0.16049779292615518
afed8219aa70efeb,0.08382881090017906
1e9c4d7d2de01fba,0.12178870653457381
c1bda90e9a3b9ec3,0.07832447676348434
d406fda410e7c177,0.1649375794471227
f49753bbcfabdaff,0.09441212485642779
4daee2e232e58a56,0.19173316867437457
858a9c1611f558cb,0.09687061102938893
05b0a9e8b1444d99,0.07011413957675186
8b2ac5da79a42e4a,0.13310462810006718
222fc0675ea28b67,0.04249794625032689
77cb5f88dff15921,0.10536879127502696
947d5752d88dc00c,0.1595832743954172
309a531dddebb471,0.17623923886337073
7e5f9d7d0cdf5a81,0.054037205478677325
6dfe2ff41e67b01d,0.08581226566171073
9a51f7696f388499,0.1055071777809649
9c5cb5a9b9b2b4cb,0.14204567217335684
bc7e89abddb2aa54,0.6916458380327918
5d3eff0bafcd186f,0.13171348721056647
d592e9d5579075d5,0.06795790109735467
475f765f9fa22959,0.15625431052127797
71d36204d6040aaa,0.13185566060217646
78119b8ffb9aa8ab,0.04231035870852922
09d1e9b9b858fe18,0.1346063749209075
ba5f5f59e3b0b755,0.15762764251307151
3b7344f40bf64734,0.10068563509817208
1f72c876a5e3738a,0.12195157483367962
86262f7438a90d1d,0.08245728468757535
3f6e10ed3e6a6303,0.12391176051173487
ada42e94aae1a58f,0.16239085394543068
b5320e4cd134414b,0.10348344107651439
ef83ac91e80ddd9d,0.07317742314414742
b8a457f0c9f14bef,0.09111102033215296
74947cda3decdbb1,0.09763479383526415
a39392c735bde1ac,0.07526145699202366
afb321701a74d5b0,0.036579560355264495
df401b9701e04299,0.05859001613033725
c9b67772b4c4f44b,0.14938475956514158
b5665177cd7b6c5d,0.02802292696730655
1d621e5fa6b0c45f,0.08690461895111537
2d595ec6f4c2524c,0.08371587785689064
6a96a53512d24696,0.06058502417994865
b3a68808640b25da,0.04164613951753218
cd9f2b2346e70af7,0.04741286994147828
d78d162e0d903e67,0.161019701729522
512b0444982361f4,0.15376876331332168
36f4f9a58e05409e,0.04741991337631188
e4b4fc878504822b,0.08781347577743033
d2c6c32ea3387653,0.036058698541192494
62d5596d1fe892ad,0.12063052748779371
8756eb85074bbf32,0.049264422746727904
9120f37fb674d8d5,0.1077509054780066
ad529a51765d4ec3,0.056421794509693715
f5e98c69a45e4a76,0.16634265262140202
4e8ecc5a6ef67336,0.08711759961048973
e26f37d892f837e3,0.12620794596071944
377bd33e8a9d5e7b,0.06600854342778881
7277e822016a05a5,0.08352835028321837
94fed9a4092a19bd,0.08460174009366649
28d304cf97ca614c,0.1293914708436088
5a5195df47e373d6,0.03474084665781064
ebc9acfa1d364336,0.059061548073858335
5d76c6de5ee62843,0.10622022985435796
511d1dd15e99184d,0.10866949339808564
b6d744f202fb4a14,0.12567983079570627
43c3e8abee7ceeda,0.14934446233014903
41afcd725afd0bb9,0.1050650571208982
bd4f0c1a61da90cc,0.20576437114985313
ac5e8e6812e3a526,0.13818626536853856
61843635f4d407cc,0.17086891709156315
d643d4e6d84db59f,0.11505068546133748
5c0b8bce49a0a773,0.13838909550872483
7c6020b2e5dae41a,0.12484304034196729
4a6f26c4ccfa8a2a,0.05649612420509108
f5ff436197b8129d,0.10092560754618456
27b8587241bf56d8,0.06955261114134126
a198a7b963854e6e,0.03581740400363807
8661667952751501,0.19021132170274735
282a1321ef8c1306,0.07496973077017569
db3dd0b21b03ce9e,0.12853632657104444
3bdc9a83d65a78f8,0.10987478528375813
2983651d59dfaedd,0.1391551779283925
ba2be23d69668658,0.0546639682734955
89d58eb00d13e4fd,0.06050673514242884
d2caeec36f4769a6,0.09149493228610138
dc23c7fae5f57288,0.04907379740844589
c6e284593c89d176,0.11137825081080586
523464c4f48eb02d,0.12803979666023402
cc7624fbfc77736e,0.16421531094693703
6b0c371df7cfc676,0.10345615733986376
986e8a5497d243a9,0.17117261679915963
0880ed3a1a77013a,0.12803505815008626
791d60ceeffd7ccc,0.1979110169421871
1fb2b452cb819b3a,0.15223481998514254
6e683e5731d8aac7,0.11271888786809597
d752f92de2b858c1,0.05954233534529731
91654f6c88bcc480,0.06414430003211737
308caeebcc6bc059,0.0812038496300059
0a092e2b8c9c06c5,0.11959914035232783
e29749c7cbb0ef48,0.041411808301750654
02521319f8872bf9,0.042081297299071396
f699494da66c4efe,0.10921685744832871
060f874ec99eadc4,0.09748232884070919
1a2ea8a74fd54c2b,0.10443902621276592
a98b83e132c75465,0.0441793321110988
0fe8ca7c247fab07,0.11847900681616061
c8d9bcea59632f23,0.10846350792107691
0ab0d9c2a040f32e,0.04334649169743273
a03fc647d8141fd3,0.18889110702026074
1036e1cd53a850ec,0.04647656046191615
519d3f96c9895253,0.04611254293815227
28df6bdb66f8e09b,0.1651561219151868
89713786047cfd0e,0.0892424216799017
6389830954a0227d,0.10187499561005192
8a5f2d2c5004dead,0.043294546795525496
19d4cd44aecb29c7,0.11400170347251003
2ed9718fa269e456,0.125926490288993
31d0832c9b203b46,0.056261137056046885
e21b68ce26bfc500,0.12913386804523594
cf8783ddc0b9bf95,0.03973515332540226
fcd44919c1b3f412,0.1616284896727584
c6e50665e7bf8738,0.0915502822370202
ce0179fa676d128e,0.20185658283046887
423e064e247fe04c,0.13497735389268373
0ebb4ab2c338fde0,0.10464957662250282
37337cc831e40a2d,0.10761776402593774
04eb53517170d936,0.06722770663597831
dac684a7b8635061,0.09118291744498275
a2f354d17d1431d3,0.12220094587474728
8a42e6579214e167,0.10071409648610569
c35d24cd26008161,0.09668623092603473
077789ab8d103e29,0.11348491724582
5deb9f3705c67be7,0.11302816904864398
dc531f502bccc4fd,0.08763156401723322
ab4b4d6c12291a2a,0.08437382214667336
47b284804faf97e4,0.1076757029287276
d46bd1fa92be695e,0.05111682968360494
11c536ec56a47156,0.05314663101682707
d5bd7d0c4a297748,0.03438225254496469
d30e6ef239a13f14,0.15764465454299548
8be010237b513256,0.14433175898666883
e3ed18d3d53d8aed,0.07038509663495399
a9f5c2f8c5922e10,0.161984612758601
05a75c012be2ab6b,0.21556841603541882
a068617fc089ad48,0.09441274530953468
687932e8fcf71376,0.04047130125822294
fedeffd4ef29f976,0.0499961546555301
5d3e23d9b2256c27,0.0830065033430269
c6544d7502deea99,0.07860626248854222
096cba9bc78d7637,0.11260672571814544
76b587348b5c4d59,0.1361045716027896
62185555ed060f0b,0.09510440996340397
b538966eb4ce164f,0.03923494326643415
8dfc12a6712b0903,0.12661226233844894
3ab52adc4b1c1768,0.05212376896129378
463847f9a1f414b6,0.1246678753706946
e93e14d11fc793e7,0.04687032120432542
2cd7ea4ff0b97ed6,0.09572225722665809
3cf1ec0a8c671d61,0.038885496920323635
e39df281ee7e153e,0.05736378721998506
272a6816ce2c7c9d,0.07336302888837723
f56230f889018c95,0.16628163721404737
4119f28f6d4d40eb,0.08622007400686948
3e744e15c1c6600a,0.10952524059948196
7975b8ce43d7163f,0.11373565507044203
76519a1ae0dba3b0,0.08994286664772244
6f6aca7dc35afbbe,0.08371682029034737
658aa810bdae773d,0.23641417666956788
41c3618b9180e8e2,0.0751198784958105
7cd53693b2b3a4b3,0.04898838646648421
a450a4bce9f2cac2,0.14465726703525814
05bd9ec45ff54b8b,0.0432032924254295
0d67ef8a9dd3249f,0.11101077044975124
514cfc846a144390,0.1260822335292125
2856a2a0114ba55e,0.17115837517345914
ebe02c0b1c116ac9,0.05333351845047505
cc31cb4421bd54a5,0.1042098238184126
d63593c7bd5f72a9,0.1329117278016109
962b8c33b5be069b,0.06449711269973679
40e508ceed1116f3,0.05546794686629418
668eca9c4cdf1507,0.08900564903536538
c15735bac7d4e6bd,0.05424784314329689
09d2cd5ccb05a325,0.08301252739944066
71ed58a8f5d479e3,0.13167515876190689
56fd1ce474cc243a,0.18166514047792817
4c4fc4fe6dea340b,0.09760645053421152
68fcea284ddff8ff,0.12149726062873621
8913329e85f873f7,0.10536237116945305
7a210b4ff6c29678,0.1232157461464419
91bd2a01c0384263,0.16910025588034466
14e4e31c9bd8d90b,0.04189448290630465
410f92d0f317cc8e,0.10434417574084884
780cd523f303a8ba,0.07452118199338872
77ae2af1842fa5b4,0.06698219701506328
eebeb3dc997eab87,0.11057993426414389
fa6c4d5205fdd5db,0.20118924554818096
f1798e22aeb3b385,0.2009719092878205
8af0df5286089649,0.10038183488934746
6e224e4033db63b7,0.04469814232534801
b8624ae03bb7e7d7,0.042740415815844264
52ca2f9cf118011b,0.1829560109110386
52c5dee14f8320fc,0.13304510065711705
43a4ed5577b3346d,0.11149187920452588
332563e196c7a1ee,0.12847496077308176
cc4b32b77225218c,0.12275000776079652
0b34a503e14e5271,0.18135873973109334
33100c4fe51f7435,0.10716923820399335
6de5ffe2b6664d73,0.03646991940748696
ba39076152cb0ee3,0.08129863534334479
aed179ff9c81f4f1,0.04158656554666121
ea1a9bf792fb6a7e,0.061388910903412156
2f06ce2d10fe3866,0.13384841845425866
11855575a4718674,0.08330723721405611
06d39de4f0e13f3b,0.1158830621607809
5fd7c68abce444af,0.13221477841581802
d464bbc0a2f6ec7f,0.15888991836753596
86a7d5c47fa116f8,0.03515924574019394
a260e587d0fd3fdc,0.21132938375727994
6c07a18d9f02a585,0.14268808959885096
8fd3d88e27ef7240,0.07231462129225362
80dd9757384d7ae3,0.07323507553340622
00a0f9038422aeb4,0.10527051709679919
dd38ea8c63c0a90b,0.09136991897188373
e23a165731b18098,0.18125503858705844
9bef89bb8b6e707d,0.041344355616187003
db5779805bc9128a,0.10242213778084819
13c6185147e496ca,0.1951895084629876
c23ad10e1020a370,0.08013750329841572
cdc252e1304b3741,0.07040167987760348
c9866843a2ca38c5,0.08561974063868807
1193dd7feb2e1c1f,0.03201943840923295
145626c411263ea0,0.07662565812425501
b2bb6e4261a0a280,0.17948834211190953
ce6c9830339e8d23,0.11374042916464931
e5a315b7bb844af6,0.1251431522786476
d85cacbda54cea30,0.07450043006050226
ec609eb2e4100b33,0.14663721893250556
0d785515807808bd,0.17025249335005413
6bcfa2aeebd0236f,0.05951157693929136
9ed83fa2f828fbc3,0.0509925985914345
f596ac3c62688ee6,0.1635409364589061
654c4ca75e7a6d56,0.12336428175423567
162146e83243572d,0.14373008655837077
9878dbf0860838fa,0.11934546185101673
332ca627787dd758,0.14295678182155486
679ad425e74f2477,0.06416891845588499
df5a276859dd4308,0.15032581832121777
e1f7d0ae0443184d,0.13013124143765753
a6434286f4234aba,0.17207610019385605
3351a9314dfcaa5e,0.03755144298125474
e19b22778dcddf3d,0.0735443323449658
a98a59904fcba403,0.08557468050640833
efe47bc01bf23b67,0.0878801836051717
a1a862c811a320f0,0.08847397982970476
bdef7203033a959e,0.13820328970108378
0fa3fd428635e63e,0.06610688695041284
8ed23ba67702fe54,0.1915237431352574
ece14f4f1731d91c,0.16864908788176997
ca20fb73d0c544ac,0.06406611555351889
927bbcf7fa67bfb8,0.1332932413239682
deffe32d78bf8a82,0.11743381943740393
319944ea096b3a65,0.04824890879580019
19bd6f94f36d44a1,0.07557052709927689
6e7447b72d462201,0.05922425280903776
be6959210f99dd41,0.25207689498845587
bc1a4abb3dbcab55,0.06598866059030811
41032395ff67eef0,0.1810794332290804
2b4004b2678cf0a1,0.07757692385920692
469658e2c6728fd1,0.09841113195270851
e67a54cb89e72744,0.05053604030034875
0a1aa269dba98abf,0.07659523975374519
746e977975fa2166,0.03376086099351591
ca51e1b6ef04fd43,0.06616953656768026
dd96408688197b1f,0.12554849203863944
23b5530f05f1d9e5,0.13042778247524875
da29e21770225527,0.07284426771673352
adb83a06bb93e782,0.04888358579690698
0e4d2b4f26be08db,0.16460838017014262
6ece7a74dc7701ed,0.036085472491155485
e5306d42c50fcc55,0.051913190733404696
4381dd659292aa24,0.08380411234213134
e31ebedf532c25cb,0.11486927888502098
853b98dd483b98b9,0.06829195163590238
2e54b76182ee44e1,0.13981163247991585
338f6834e70af5fa,0.028625547145695106
b5abaa739dbebcbc,0.1609588897835893
5a8bb8464a290761,0.13354439623934683
f0e90b285061c449,0.03914718907245593
e66581f055ee3b78,0.12886970183274976
0a21004c4d12a011,0.07768422103716519
04cee8b938d82d19,0.05322858376579442
c2eb2ef42ef59006,0.07726021634844865
4db76ad147f6dde7,0.1240162801255926
388d2efe55423a29,0.1900674934891987
b9875250f7ce8623,0.11831947930364806
e354d93aaeda004f,0.2109074169318642
39e7b31ad6490a4b,0.11541332757714656
a31878efea02ed42,0.07697357014815406
4db06f2609831909,0.10578757424932196
e23ceacf623bf244,0.10915034785916637
5b30a3dce1e3fc54,0.16508669741439636
9b09b933e5488d29,0.10434729126491576
64f0282d10422cde,0.06929392707111591
d171c9bf0e731793,0.1131385357842627
699a9d5c734b80f3,0.09660805863829419
79281527b5fd74b9,0.06496017690192626
63b9f2af8362641a,0.11748478087715282
8e20990222b8b1d1,0.08079554404666466
cbfad4f1f811ddcf,0.15488927620499665
a6dde1511fe8d47d,0.06308249410355846
54e8815e9966bb51,0.16184188826470577
cda24d31d8c08104,0.11577679778899315
2e41b0e18fd08067,0.04063572433621286
6e8f4f5c6e28c26a,0.12319758297327812
1f4157812e2bb339,0.11536936318324988
c2d3133094dc0fad,0.03381769906101356
e7e2da8351240636,0.09022428748172387
ef2946985749757f,0.0650149226410156
ae735efdf3a84f05,0.13116715439145635
8a459d7c2b588a93,0.11307766904838171
df0d35696f4b164e,0.0798520072404411
8f745cf8cd93face,0.03950772947392466
7aef10c8e6aae208,0.05993900724744394
706e881832fde05c,0.1916233982995104
03a6674f904defe8,0.06522569669825187
f00500b8110dde92,0.147212687460499
1475216e327695c5,0.15476772095068853
3fc20688817559fa,0.040040406763392045
70df3ece5d814a70,0.052628354206040034
bcf591e552b3ba82,0.03062949487638777
a04e514a6ca8156d,0.18673108346755268
f83e082f10dc4f9a,0.044373460893441144
21a0898a3f0c502a,0.04990355531108025
c9afe9c2efa6168d,0.05604408080755903
9423152627c5de85,0.1552402750467185
fc5761df1ee97d2a,0.05027673604054964
b51c1517f2b27082,0.06546994517585336
966bd6f4b801db6c,0.15934336793224696
c39f09a3a7ee5d1a,0.13060206834793436
cd4ab667a784a10d,0.15590985817826405
053911f801591901,0.12088542305737035
4c12cd87dc745584,0.14972582330115003
f0c4df4801e5dd7b,0.040550644446959765
1cdb9e6374b25c46,0.0547271067449752
55a04d93184e2087,0.11333250288716094
b0259adc08c321ab,0.08491109699752653
3ebefad692cdc413,0.07806069722880182
83d05a33f78392ef,0.07378421407475491
57e746a1c420f866,0.13693748629691
7086b53e09fe17c0,0.11520055774975675
2cefa5982f1e5321,0.11332758309934896
c4a61e6a8fa1704b,0.11916634424443445
cf3db8bd220d5bdf,0.14075932451656906
75c651d11c0a0337,0.044553798881637276
10dca6cd4d946194,0.10043505102661816
316d771ed9f0b6a1,0.0783644971608133
ef64650ddba7c539,0.03494304680650499
721f58982ee85da8,0.1548559311858546
e8f08bd5b06f41ef,0.030474329164789475
8c2e815ac865660d,0.1595252185011243
8191fefedc6afd32,0.053273858646689286
15c9fc425aed1fd5,0.11600342431180377
52f896a602e74ef9,0.14080307079326942
c8a94bf1f874596b,0.11120509188749006
64024839f91aaea9,0.12726061485003662
23a06e4e391dfcaf,0.0688082328600846
76fc88367fd4b329,0.04355049666546685
e7ffd70d1007bf31,0.0641881418846201
4df67b2b4764df2b,0.17164089756802262
5e23b5ebcc3c7201,0.13508638144015994
97c325c9980b0ab2,0.04995625424861546
3c8bace911db4b05,0.149425540089963
d3af2a4f1b0513ef,0.12396902069046438
8a66145d22484a10,0.12305693722731094
f501884aa3b0a2bf,0.03990044337938662
21f8710a682b6ca8,0.11434617897374119
67addba46911ef5a,0.15208530085695698
cd5a8d124051f2a9,0.14403630355703292
a1acde423d140030,0.03406184858018791
6284cf5236839f36,0.07802720019333625
37f720257a8a7a33,0.12899673174355344
acc257668dc46b34,0.16519126801105802
23424057c8458694,0.07678702843822563
418a7b8fddf172d2,0.10139905782021237
dc356b2589e04c87,0.15136365862768472
f64eef65821a8f3e,0.07721873405369747
9fce647d5b47563a,0.18515271612707412
52f9976ea5b478fc,0.05165118406756327
d240c91989c04146,0.19356377280635356
47ef036d29375b9b,0.22545572179925716
8808a12bef546809,0.07164907002562473
d3a20f2bcf2db8fe,0.09638861662307871
a451d8e451fac918,0.0622764710999571
9826735b01a08344,0.07644551056416217
c4a29152e2eacc8a,0.03483636717792522
631690ed30cc1631,0.16013371162978962
d84d8a6e6ca5eec8,0.0418420046137536
efbafec85fb00cc9,0.18035625865593766
24556c1044963c8b,0.1870885319630937
5dfe6e2137dc82e7,0.043756938498036406
b2400c3aa22283d6,0.0692392379628753
71602580e012f168,0.1426762206320852
cf01eb3e54442236,0.03582484162740577
1a07d25426f87edf,0.09930627072391629
13b3d3fe65bea413,0.06881236392898753
059edd840763fd81,0.14092672830196853
48288e044d74e7cd,0.1140974204791049
add068ffe0671cf6,0.04223253333024247
c99de47efecac792,0.11369086820536434
11cef543afe62f88,0.06682968509041194
e512156389905eec,0.05984286225703757
138703e658867a2c,0.17218823499468616
454c3092e6edd433,0.037792367578997094
dd957118652b5ed5,0.12473450757058724
af01fa5eafb4602a,0.061462962064103045
7bffcfd2a9da1725,0.14018015409757112
24f3f1ab071df78b,0.04904373069419138
3ec7c9ebab0a4a2f,0.15858205752927873
3c1d10f4646f69fa,0.06868280588661219
9c5f959e1195fc54,0.037484108894999604
cda81aae0a16f97a,0.11293827279692677
2bf6c949fa0b6053,0.10718732796957073
546683ea9e5995f2,0.130848885974103
c4563254d849a8c2,0.082452114190728
e9e85a92d9ed5065,0.07480986009611942
fc9fd5a085f168e9,0.11132696670210415
54049d409156afd1,0.1707731373834792
e4c0d5c0b9045e4b,0.13267233435373665
058f290d4016fd11,0.039154158499879035
e14cd74f951c3910,0.05823601626193691
05018e18dc83e13e,0.20038683599947596
763ff25fb3a65368,0.05161115557529298
eb5cf6bf7c8b4e5a,0.12995118644664572
013351fb7667dab2,0.08253626720392697
e08181f896cfb680,0.05751603342793806
e65d39ec9e3de422,0.15083735448773916
9cf499aa7626f14a,0.08347653122184087
f203a5ba78b7389f,0.11765217103861951
8ea386546c0f8c96,0.1865272385853683
0391f48a6955106e,0.04095403017770101
d2f70a0377eebc5c,0.04331945727300698
b96e54496b6a6713,0.11958286552243141
1ecd7d7fc32cc874,0.11374812590717501
a91fae320445e22f,0.04723045279192895
7f7f8d9e95bc3227,0.12406042808701569
8ed9c9b27ed7229d,0.07507961579712641
19862b4c0d2f34b9,0.0700273212919871
e5b1c6b3822addb0,0.14455613171534162
191edcd8d76cb951,0.14566988023102245
6b08a1554cdf28c8,0.05874700328733629
706610ca333da138,0.10355935012707268
5cb5f8466022eb46,0.11205182060798433
acb3a526d9921b55,0.05700190721945229
947db252e781ab55,0.08706523449205904
e94881433d15d819,0.061023630335871715
34439005f71e07fd,0.04667289892935497
989a2593307d72e3,0.11172860349244107
ec8f1d04cffddc96,0.09258413955059955
11dd5f5d722fb0e0,0.13615457003868026
d6738bf320835a10,0.07728457967537825
025b09a306181a55,0.09605207202982992
e5e3f5fbf93a1918,0.14954157132856213
2d60731de40ca5ec,0.07512881429108922
96789dc76cce8bb4,0.12162969396159018
e04c2f21eb86c30b,0.0551861203422304
eb4f7827e27f3e50,0.7942437658674075
c72cafb3b0ed2058,0.039354829183905184
38e789ce64afac4f,0.096688695438498
961a36d1522e6ffe,0.06914390338316462
d915888ab3fe3241,0.08516423753841133
6d047ff0d07fd1a2,0.06586932531723234
96212cff04501fdf,0.15956895427396994
6cb30ccf0384596a,0.1400057812805024
1878cf5a842e6727,0.10997784627929182
47adc8c9afbd6fad,0.04878661175227269
bcecb579dcba782a,0.06990259609842292
24fe0dc9ab19be83,0.03893596242804418
d56cbf99a17acafd,0.07858793195728918
5caed519a777c666,0.040262092089874926
de3dd7a6a4564414,0.1206763128946128
3ddc28164f664050,0.06500181994760865
45693136342888df,0.04069983584267567
143c3caf6eb25742,0.09413239141914904
9295c919e27237a6,0.0875969324261748
0dc756a818dc5d9e,0.12230737063874145
67a0ca3f82ae78c6,0.04163345094812258
cbd51c3558265f5b,0.0649366512658773
b6df5050c31c7287,0.05121827401381639
73f20d006cfc47e6,0.06079114838823181
2de69b9443d4fc52,0.060439284133571095
1ea20c09b6c79a3d,0.07271730450884967
ea1427791f675329,0.11381626839304372
cd6c9a86e5c13535,0.12864598366548471
fe03f010fd99f729,0.1845222445173716
3cac934a5e569272,0.11873459658107434
1f9c8c5a31c38592,0.0971798640511865
325d3152d318ac6a,0.07168573899823363
c796149ae059bd36,0.15062217740130443
139b95acad0d8500,0.04470882742815906
ef8ca6e1ad6cbc40,0.15393321738050705
738b1f5edad8bc5e,0.03415568466930073
00b5753c64f3aa5e,0.15699029904460374
7509e02d19e2f87e,0.049187793822022985
a85aa8068fa925c9,0.17106000994262982
f8ff744430f73aa6,0.14750287710914714
4106129a02383134,0.03713661437570925
3be6495b6e47bbe8,0.1125513627755469
d58d8cb98c5344c3,0.08414685190740268
72c32db073874592,0.06892831098749393
b33541a9535d3cb6,0.09670475889077276
f117d4aad78b524a,0.08783201565379886
5e48da846d46eabc,0.14125603911405255
b0b266000f2d6b03,0.1498703374312407
2aa63d23f11f3aa0,0.03376000889191638
7ca15ff99bdc719f,0.06319355530656127
286e550605b2d970,0.04545399543845639
140d123f8919309f,0.1649188200032107
5406d7c0119b8b77,0.12201319417884612
feb8f158efc528af,0.11579367803962157
20e9295f7f1b6809,0.06869190622755122
8c67df2b06a8af30,0.09378547555919513
0b5100f2d589252d,0.1467254074239544
a7dff4879e1f2c8f,0.14270277609886695
6b9c17dec469153c,0.16427559575497694
b064e718f3825ae0,0.04524062596846289
633aa423117b483a,0.06028129298206141
2bd2dc8cda610b2b,0.12754878792458918
16b4f1b4b30d7a5f,0.13807002943739077
7ce520db2bb5b181,0.14028268716335124
359fc18aad246386,0.11178718838811674
4040467f440a4681,0.08046038050489783
ba27a17c66a28567,0.11264866056183266
5e4bef63f0b3974c,0.13251087054450222
849863283a0793dc,0.12562082585218928
aa9c499ad44baf78,0.10842733041673919
a3fd494842016ae7,0.11568599256467775
5f079c78614b8a83,0.18917945709528286
7420f14669961a6a,0.15038555389004488
0a083c164a874ea9,0.04622466428098948
396f04d4bed14a3c,0.10273316449360997
bda29126d66debaf,0.06114447403950045
8d5ece395c6a6b60,0.08930808428418041
9ea22d08386ce3ae,0.05247582223169825
1a277b47ca192cc3,0.045321815073170964
5534d1ac3ad47ca1,0.10258233783250578
164e32a2b96ed3eb,0.14357113452616674
cdea1d25f481df1c,0.06460190909771103
37e1f37cd163cc12,0.17221912097467496
4f896e74ddfe48f5,0.11165360016215758
ec881c0b42489ba6,0.09506385480947371
6cbbc142e3b6532d,0.060427904896457135
af58eeb2cce1b1d8,0.04972064614482472
3792b407d3147240,0.0813436961328893
44abea18902dcc6f,0.06241931047169396
f174b76e8c589bc7,0.10280565874579314
d5cb1d76e26e865f,0.2119540205982875
c953fc1a52b6d2ae,0.16030784929114952
dd9860c103eaa486,0.03544638099047321
1a338e9358b4b71c,0.027812258427718034
28a055a15e2bee63,0.10145171932499684
d810129e88130889,0.09344281760938286
20b2f55f0ebfeb9c,0.09979762715000232
2dbfb79bb9d5d576,0.20528592791668804
a4f168601004a705,0.09227256942808637
7419f46f112678b9,0.16862407769692456
7d0ff708b6d6752f,0.16397688314136055
cbb85fa489a893cf,0.04102862305642834
c46a723fbfa594f7,0.06430191680821916
2104390897549457,0.06741856083958184
75c276f7d0f29aa9,0.14150998529786218
01a679a23b212287,0.16519289781805335
6cc58651b88eadb4,0.06652928919815257
14cf1ac65f8ca02b,0.04568393407074983
2a5d42d92966192f,0.05222608844214571
2010478948b9aef8,0.07805951544831025
31542ae607bdb59f,0.13464406913340352
783c99f058bdb723,0.07502672726444956
8e49ec786a6d5abd,0.09179966981284565
d2b9a740ddba79a2,0.05243018817622434
47c1231311a7aaaf,0.0834673869235805
c7937d0c63ca6a92,0.08995156168858116
64628bdb8224fe18,0.049921556789390614
49cbb2ff9274a4cd,0.054341928091347504
a4dbc0e728a780d5,0.1731747985159049
54a5b82f046318b5,0.15401437176513322
daa0b6896a1749ca,0.060774561958949216
4a251ebb1de72153,0.1362999362214618
edc7eab7534ce904,0.09299367522326579
0d31a18c31d12329,0.17099819474132405
ef643ea0ac629b95,0.07719408780489367
39049e24be5a4306,0.1706182681432288
f41fb0591a5b1902,0.04974934001797599
ef3add49907eb895,0.06941038364762936
3c80e6a34fb3e4ce,0.15904635065805553
681bbfb8c5372f79,0.15379303893698054
007f4be9a3f6e89f,0.056889325587569255
25144a9b2bed9be3,0.13528727796051376
61233f40c0cdaa2b,0.05898989329943513
73a058838f6b7f2a,0.19204229901603503
cbc20660739af678,0.19394207011011863
8fc723bf625337ee,0.1465247086629171
3ba49bd9e60f519a,0.04332451290326681
6a3b3033fdfe94b2,0.09181774392465575
c8ed653c9f871795,0.1405524097007157
2f6d48d7acb127aa,0.14924040991890744
92ff64a44efeaa6d,0.07027861460041057
d7169f20999bc93f,0.18213447110144795
53604f2aaf701357,0.10506893504835207
a7001845bc2108a4,0.12977458719876878
e1c8d84bbb8add74,0.03540286848882163
0b6ec467b5610434,0.05690907617436931
8ac52d2ec127a096,0.07634362519920063
b10baee15fb9d01e,0.1513469070302859
221ebe5d40d467ff,0.13401685225923296
4fe55b114acc6ade,0.10023754185889294
d8482a667d8a69cf,0.03243565276420789
53ade36e2a1b1e97,0.164794919792915
23415b9cfe9e209c,0.12654680343827746
280c7808d94b9763,0.1568696990304021
de5885c6a7c6423d,0.19217577036221775
38de0e8716fdf6cc,0.06650407165390103
55bc25143589b254,0.1242057300447637
957e73c37d447545,0.04784103619664395
af84b2641d1c74b3,0.06945724843199616
e7be7f3fe2a831bb,0.03421819552910704
841f7e8235380174,0.14104808332569757
63d88f28c2a5df22,0.12121824509081344
8dad4fd4df5c221c,0.13089298864219687
3572ebf75eb17942,0.0930895975306361
25a1a550572c1f93,0.04802926781607511
6ae06440fe74b44d,0.1928669029723507
b4bf088ea90582b9,0.07893778840407818
6b9449d16e81079b,0.04913301506684803
4ff7c9e8a089b94d,0.11880977879852381
aa5c5648b80a1a3a,0.11811305244539266
5dc1f3d49bbbe4c7,0.13740195130364077
99546cb325e5dc06,0.11496148298532514
220c843637482425,0.10457875998865115
6608fca5b64d440e,0.15129960185927643
f29988dc0a3c0243,0.11402550271085166
51058b99b395787f,0.05080953403268723
ed1bbe11677f7bca,0.08431633882619717
9f9b85620fbc0cf4,0.06543801938058566
8aaeef3315304e45,0.06966545349352657
5d92173cdb00c0c4,0.07660730794710782
acbcfbef3b1946c1,0.059154569850471156
73cb612fe6d23320,0.14935117423378888
4216594871a36761,0.04715642210510554
1c2bf4927779574e,0.1516810393940488
1498d0dff1fb5394,0.046975215486645794
53f47e8f08b91aad,0.08789142740185923
c4229a0ce07e83b9,0.04451873006770386
bf61a06ee47b2027,0.03693170133466163
8aef635fd1b3a740,0.04125253234212493
0f6a8a20e3587b09,0.04536837187321932
75d7914477c996b1,0.06747160099711165
7b1790935e6cb838,0.033008849848418766
d680549ede3f6dc9,0.05666298388905125
f3bf39cd2ab5bd9b,0.07985468083487665
0b0930b54070750a,0.04863368467735989
3d97f118d250279a,0.12008298119847252
e9de0ad29a82a54b,0.08600833960046061
9485f200c4e02805,0.09660976858874838
12d95850d018d3a3,0.07835304863982959
ddc866b96dfc3aa3,0.14321953001958126
45a33a8161cb4b46,0.0614744536388252
990eb9e1c61c80b9,0.053650641468090766
378b6aac03179007,0.05918659347205268
b6ce4df0bfb4d3c4,0.04771640242819424
a50653ff586cd76a,0.10579086608243748
65cd9ee07cfab83a,0.09687104568817514
d2bbc0c9f79df720,0.18450077526067946
82ce816296a1512d,0.03275392977752235
e502c517a223aa14,0.055771970856238154
71d19ea693604e1d,0.07349793956630786
0d037e649d83d735,0.1160740852119799
6ba6991213384d83,0.13236110830603864
4cac0de9485495fc,0.14922997729178158
9a0be358e968c623,0.036116647192476294
f1ca34616439cd54,0.045766931528406385
e301cf1f2e4c3681,0.1275456764289039
d614ef3ad50cc2bd,0.14001331061195574
c0b33846eed21da4,0.08445712245290622
d4e499c8cbcbf2c7,0.09264544494985923
112d556866bfa77d,0.169627240109042
3f5b776bac1c2a71,0.09198746110225334
97fe9a981d0717bf,0.09250980593011378
ce3280649c6eb5c9,0.12620863845920707
7ae7079159ced82d,0.07937870667703162
f1eb50e28869a50f,0.06215772097897025
52c8dc366cde6d2f,0.05868369662894382
ef14064579612c4d,0.13011427344399695
7897eec02201ca6e,0.08583384656353692
321d33ef853c8fb7,0.15964673101653498
96766da6bd7c3998,0.0415072730926521
fdccd120c1ead149,0.13420380650913522
288252f0e770ce50,0.14341613726453328
d4d977f5a3d8f01e,0.11448877206901426
62ea4677a492334c,0.17491135945433095
d1f182b83a420b6b,0.053962210645182626
0a8ea601fcc75d1c,0.12738573295743127
27930c385742439f,0.13509491041713215
13d12d929ca71339,0.15248219721454911
159b4f9fc1efcb55,0.03726663834893165
94ffb2f9a90b358c,0.09264176391050523
68615d70615e3b37,0.044987422162594076
d4a40bf8afd7e4b4,0.0673587856823364
e3dcfffec2d51e7e,0.05042030351586432
10366fd321e0ad43,0.05488730609007879
80e3f13b4e86e5f9,0.15979946364991054
6272a9e176561590,0.12103641362282697
14ead2f08e775ba6,0.10377690485551852
08ecd3e0061305ed,0.16162221658051512
b91abfe0273da79d,0.2258697334416016
0c3efbd8c39177b8,0.1938098045603066
e9e21b290009d63a,0.0767116554398457
c188505410fa547d,0.10100308454627055
768d9e0553a1399e,0.029364393689972672
a9370f34870acac0,0.1234533635212811
9f6dbe29c2020549,0.05460722789864149
6da7088fbbdbdec4,0.09656419810670226
944a046635530efe,0.17215340527123413
55a97e1488c333a9,0.05124212898236723
bba6644aefeb263d,0.1571553672336816
750f5d2c63709654,0.14915909993499601
b7f5c550aeab6fa4,0.11730942025019306
bf2efa05075a9f6e,0.07670141671133374
2987973344ab04ce,0.09627514223956121
a97d19edf8f608bd,0.06615185012591715
6138ff6754f14dc4,0.056290551796524785
87522437573af7c1,0.123219813973415
57cc4278d6b67c5a,0.04930631894898465
8f29d789ebf40f9f,0.043480275627038406
15e17422c43ac280,0.07254066451679454
57faf77cf5f72f53,0.12124420327512914
febc8ada0a8d768d,0.05433810656020211
86ab68be69241db5,0.11404810915287401
5fcfe942606240bd,0.04155169257464839
31bf257f6a4a70d1,0.15864489372818602
a09897cadb789dba,0.03413462976756931
328299ca9da15ccb,0.08093536120077033
c95184d7971b2960,0.1719887399301427
6ba9df085d34410d,0.13241904324033985
396ed8ae6d33d2bd,0.15421957919392748
b058bc3c8a9fe33f,0.15620027788062002
77b29cbb7ea1ac6b,0.16615277856535843
c8d191e05666d6f5,0.20893744145597748
c4d716a53ad99b70,0.12606989698331117
31d17f992245249a,0.07218555676115175
aa459cbd8c781f76,0.05402779101550528
7ba0185e8220f22c,0.051100014500489885
eb077a940d0bbcbe,0.0914561621587042
9298c80a21191034,0.0912472121266718
037747626ac5db4a,0.05118340113584298
8ee7aa8b54022319,0.13995641130564154
a2b57b918f2661db,0.06691435212797797
e703b056b17c6038,0.056429827398119525
5d760ec696eac629,0.117192731780659
68589cc32366dc9a,0.09775666592770288
83d1d02b456e13c0,0.1045981891324374
f5ea6585ff5edb0b,0.17024608705885463
32290819a9b6b754,0.09406112714651174
f0cddec42ddbe07d,0.03094117612178479
41d5134ef4aa43c6,0.07937246970631251
9a422d8246e3f97d,0.09385621243536271
341cbe1cbd51048e,0.05804055698073648
3d2c0583f01cd72c,0.12163443654395667
870996e4835ca83f,0.06872486743282433
28b09161f3b17dab,0.10152513663882748
051b367d8fe91233,0.0334124012548828
9b8aba50b3ab95c1,0.14228497734038822
ff5577bdd79bcd6b,0.06477764031810088
92e4eb0a0d4c41e0,0.20260095714271953
575ace0896b22257,0.1798772181085886
a16f31da04bf60c4,0.08384216346671647
cbc13a2671d3578b,0.03675555266844003
876ba2c5e443fd41,0.15906431372368252
5d5689e87dee129a,0.15310162833711025
71a60a6dfa7e1760,0.11214464510723318
f2a38a0b81dc90e3,0.16346658984208678
ec97de286c2686f9,0.06217203073060732
b77b633a5106f906,0.08245497773649377
972df202456969d5,0.06256570363075818
5d7f4e9617d1e7a2,0.04206236768517625
196dc3655d9d1d79,0.03725478277320585
7b9da0adcf1bf365,0.04787690752622637
b9d78de840ab100c,0.05113489238673055
803868566ffdbdc1,0.03709510090048097
cc5f60c8c3c2b5e2,0.06847654416514443
88919e17cce1dcd0,0.037926906642711825
88bff82c05879a44,0.05604836563664699
aa64759c290cdf84,0.0949716110004896
b224a7d8b6f39ab3,0.07563689506119185
ef11b15a28910cae,0.06377611385331836
7e08eb8d4482e7e0,0.1437726899141683
609b606891c6ff2c,0.036464563853611735
07ecd08d07bac830,0.08766435171866782
aea578dbbc154142,0.15661227401605377
9c702ee77f731a28,0.09877796923611311
74a102877446027d,0.1124032351532614
dd13d150ff97f653,0.1996981130550616
36157f72f10981f7,0.09251088132807425
808639f0db0c51a9,0.04914625521992998
d809389ba1350646,0.10959445153671801
353512ba78ee6085,0.03800431192406428
207ae6c9e8f4fabf,0.05923500283449429
333ed3894f0f2865,0.14351180534914748
c8e41f868f963ff6,0.11168409298987193
c0436a45e3cdfea0,0.032500777805815034
497bc4409ccbba90,0.1525428014153688
b29f7d1224fd0321,0.092229157042094
7795ac2497824361,0.11579271864717268
28bd2f25cefc0467,0.03200738283450697
7a5268c2c0ad3fb2,0.07975148567859455
9335e306e6ef6c17,0.06743907984364014
380dbd85787bd38f,0.16926070742221597
4df3a358e7ec87b0,0.03604318448576735
b423d03461c67e1f,0.1364926353113585
8d6c8b00790579fe,0.0899784213928976
75302981ca660bf5,0.12440552293054101
34fae39e3b6350ef,0.1009143607952805
47ee9553918d83bb,0.16847895481389813
525eb09cf01d4422,0.07264286155334804
f285090a9d6de2ea,0.18201341673690252
9a015d0a0e9dca3f,0.06738641719303191
5b9ec24c9cacd921,0.07389101020239361
80f6887bba571ef8,0.09097210657766898
a0121be4cb97ee81,0.052852502736429066
98bbb1d875be50a8,0.1683036232860331
d13d14d73f638740,0.08044494256111334
b2c1f66103087339,0.06802240034469788
ed544070c1558a6e,0.09894956785808114
6dd8a5af5647059e,0.09821585585043645
ec707e8be77e5bf3,0.08131592333299252
435ba973814b0e29,0.10103061362653651
a003759cbad0ca72,0.08526428050797029
4c1f413aeaaeca8d,0.061635786609977775
febaa69039e2d424,0.11161909947935852
1a7702c55d1c3c6c,0.12539033066873453
747b48174e7e8cc5,0.034028182270402926
e73a38787bc7abf6,0.09232948608227268
591163e5c881643c,0.16194397233793406
95f08a028b009350,0.054335473915096535
74cf8eff69e3ee73,0.03715668128458252
44639b509c809540,0.10867576048869965
abcf4a1f567f5b1e,0.09254843855943391
987d6ffc23a79a57,0.1061916082460541
e7aea6a6f0d83afb,0.11218807312611231
d9d2d9b2890a7999,0.059853512500398484
deeaee8dc56ee2e3,0.09508704398087042
ed44fe0714d05825,0.13629033509473104
68d0096d6964bebf,0.05236775431723997
8d52d8ee49e4e8ec,0.1249531828774122
b877123e88a6a266,0.07175712163489507
8aae92b438c0c262,0.03683075102064644
40864f11272e903b,0.06803677918571394
7583bd973a7787bf,0.1977466034308609
209764663e3680ab,0.08238613593066804
1802828e130f444f,0.12345388897170657
c7226e4c37f1c216,0.17536523174430468
cd0110875b4d057e,0.0895769444081968
b66e634d66bc8033,0.04266703711783301
644bd7580a1fab58,0.08685872046411264
ceed54b1129eb356,0.06503771083602723
4a02d907bb4803fd,0.0471342321046145
d09af6dce02bcd02,0.04716851270452245
c81869bf2ef1408e,0.1239823646117506
455bd62f0c9a8b18,0.1604388748588314
8c648fe7475ba2a1,0.11868692092030024
e7c1606cda3f50ca,0.07437367420412994
386a0c809777aa8b,0.1003625392649114
882d6e6250d5d648,0.11588874456950529
e73fd396a2d7e661,0.06070295206256203
e1293605384c5923,0.03261238808998296
d8e5a75d55957e5b,0.14819397715027688
75e6395a1cc7d878,0.11894455394218961
ecc995a8d29cc898,0.09815216238694162
ba27e43ae6b021c3,0.07314624769986239
075b11725eefed48,0.1642338071278362
16e06a6abad58f9f,0.08382993269031351
039a18d8a9005443,0.18601765330811218
166eabcb1845baea,0.05594162123423783
150f221c402f471f,0.12841834315690015
2af5183224226208,0.09119522462740247
30a31bbf87301908,0.048373592737001515
95c87aa909d557a9,0.03529160815296256
d70eb57711fa415b,0.1593017856128479
9464555817eb4951,0.17275578549094306
8d4e5d5935a1a663,0.03819166605341602
289e3f76cc551091,0.0733066353227695
8646ded190e78433,0.10403418881426638
f2e3c326fd923449,0.06627188530569644
83f8985c38ecf25c,0.08440795784761834
8b698836d194ab64,0.05129294469254978
74a48ddff930321f,0.04189741881848082
79a5efbbc2b4f8ec,0.06307683694679399
6e88ede348b8871c,0.10773774672155903
d98b06d0f7e1b8d0,0.06241796881011252
dc56b06363e3abc1,0.09886456177648645
b5355653b987b958,0.06417438640939087
e5bc532f235bc0d5,0.03909321432514111
153cb69740320d37,0.05786498183956438
30ad5d4441533a6c,0.09912663973574094
05ba774a4ce6ab73,0.19572583409205074
ba467da19b1f2810,0.033984239295255264
9ad04a6b621bfaf3,0.12757821838457545
f605e43b08e76847,0.12290507380797977
fe2d494aa36b099a,0.07264950309082394
1e5a8f5e21430d42,0.08842985039431835
9b28fcb2ee487967,0.14757141867725684
2f1c0ef6d36a75c4,0.08271679982259628
37fc5525bb7de5e9,0.042457959492645976
d6538f0dbb2a123b,0.10185120328122299
7dde59a4542325aa,0.04116436220468855
20c617dcbd71f357,0.07069414193847205
77f00b5e8f833d41,0.14028862157399757
869a14428379a740,0.09062902047547652
5fe5544f8e236559,0.1164605708851924
2d3681cba05bb562,0.13102785516643745
499be0abf97d1597,0.057374574822971945
5b423761773c3a6b,0.2037464273570033
57cfb14bc788cf66,0.1364954061738528
bf8ee8443882eb4a,0.13706887716927113
400e3c9ccfed951c,0.06310884700161029
95c34bd334691146,0.16420390541480046
441b99f616030e70,0.07101665564688835
d6449401e78d3385,0.07512266026551224
ee04b5380c7d4f07,0.1626667181549129
47350f4648bd6090,0.03762071665228194
3d184c420016986f,0.05807386041696597
2525af5583075cac,0.11254791166702527
37055ef29f0a3dd1,0.08499839199857248
741ca2e53f728930,0.1694931896263264
c2060532831835cd,0.1293473112263922
bdf51afd82ed739b,0.10682899908232933
87516eb4863191a1,0.13367957749812398
034a25e098498861,0.03245560912641425
2beaa963f217969a,0.1953398817483337
6b03ea3eb3783933,0.0707301806879504
99cd56ca4ca12f1f,0.04214093447251927
42288d86bd56d80a,0.08542629869396062
a5497f531ca73858,0.05855762883386294
6b8797ea062ce398,0.07987924429256071
1514a9ebdc630056,0.08431504208614266
6a47264adc77dad4,0.06873608313958202
4cbd1cfe1be11280,0.1413313384593191
555f489d111c7db7,0.07921415878999008
d3d1d52e817c754c,0.041321984729937034
80c2b83979b319eb,0.04509802547921514
b601ede8f1d5ecc9,0.032196891765025076
ac4e394f11848f01,0.13395685680297026
a5d564228af285dc,0.0758444622862202
872eaff0cae2acee,0.06892636525567884
ca524fe71b6054b7,0.09427546218450453
092fdb93d96ab75e,0.03713139158701552
b1224feb365fa8bf,0.07380501143872176
b5883c6e74b0ff0b,0.03623143483533559
7aade43a31d09f8a,0.07760991360664679
585ac3a63ccab1a8,0.05298049306427093
e4933222bb492af7,0.11481908012936999
d4fff28089f09f7a,0.14506600188193153
1faffaa35ce84d77,0.11415375683325663
27afb6fd6aac442b,0.03970510006479755
847a053fb85c500b,0.0535980405692975
9ad6971bd0ebf223,0.07782636885715175
a14e1a04f336c6c8,0.0450557620390254
50698da7b2db2350,0.08418253323671036
15655e2cf84c9cb7,0.15245239240370134
ef796da1e5967ff4,0.19676108443575652
9331c7e2dd294fef,0.12426080441940726
b7796a59af546a3e,0.08832274223437069
d9279cd811aae7c0,0.08560539066999409
df81c08c47af6c59,0.15906922061235637
1b9dcbf8b65b1a52,0.12778609640953492
dd377f760a65ba2e,0.13823314449112073
995b4a4b97e53e5d,0.09985761937603879
13b533f79e5a5caf,0.12057997308680275
d4c903b8efe43c13,0.16712524365667736
4fb9e1bf5a2f571f,0.1451731697997012
ed595c03e7747694,0.04932077042723753
73e9645c3d48fbb5,0.035340747809244066
a4b5405b00736981,0.16541368024281516
2a653776755ba7b8,0.03596293458328241
158fa97bf999e010,0.11420614272149497
a95d0a261a3bb142,0.0840678423519704
ea46e88a59d4fe5f,0.031867318243107214
6496d7761a0c6190,0.06922261434376176
6f4ba984b6dc3289,0.07997567960035712
5afad3e6c2fda712,0.05745345058170493
02effb9a084a466f,0.09069719172065756
f43a5e53fd455d87,0.20057328139468977
49bcb75b2ef9551f,0.03844846295588347
b21c8167caedde33,0.025132510965971248
15d2bbcb8c316442,0.04843575153801789
523bc8b194fc69ce,0.047421209643653164
d7b8e5c99743aab4,0.10242240735548516
3ad43bd42075bb8b,0.15879084289779663
812b9840da2dccbb,0.18651384965916998
e70b5a521c308e83,0.14104878490679074
3c45ba8ca9f6f412,0.04049343998863397
7f616f8d83b3eb18,0.08104343586315023
26c592e1845bb489,0.0541927923769541
68d37c0a802b47e7,0.12074995555967943
d8934f60893849d4,0.04220540321227801
2a3dc482e2f9765b,0.09371036063535089
016da23592d81da0,0.04433521630150941
4fdfd4d0c0f506a0,0.17263480975822104
729fc49d981fa3bd,0.07063784751978974
15deccf643c21df1,0.07885018357687601
7daf2f242a027468,0.04736121412670081
d51a0a86350f7add,0.038723084614459696
52fa3a33f632aec0,0.12494252349796348
bb4d95ad5da1ac87,0.09852961845458817
cd23dbd0e165834e,0.05546470402801609
ba39191a07cf9e7f,0.10882230345813809
9ba5cac296310d3a,0.1785263718174128
d322c51efb437d17,0.028575601919329358
3af739b2f776287d,0.1386148533597944
85804c2e9c6d680a,0.04275161080169837
cb0cd20b25649838,0.05449218227394308
12c942ad8a277403,0.11257490565233999
289e502cd91b1547,0.15806401645247556
31c382a7004fe972,0.08398686990026949
d169a1c279a46015,0.117134418185466
f9b4abfb6291393e,0.0657060833044047
6717d92d92048fbb,0.08659219985552134
469f41c8da1eeb41,0.11242764224857725
769314bb014d1235,0.12702005119448495
ff2e280d521989fe,0.05671754103231369
1d52653d4f3c35fc,0.03598219143595791
4c0ebdf6c9dd9fb9,0.06340780168697431
8e182e2e4650cebd,0.13379243229997523
f55714d17852a183,0.06654209568748473
f2e291daed34f717,0.13640020435177855
2fedf01adbad6180,0.03497798573309743
7079029a20553569,0.13458562417758713
7214daf28cec2f25,0.07740481167173231
3037ee52ce757f35,0.03282228070617568
301594a1fbd58308,0.1061013143196856
971dbbb99046d9fb,0.15899762248363053
c7647059905f4dd4,0.04854259143455822
796f7cb75fc0eb55,0.13630801992603386
bcf00da3386bb946,0.13114095527127162
9fde66ee9b59f95d,0.030142364669306955
752d3e65ebd63369,0.044984706066559424
1a6bbae0cb804476,0.07075920821053436
03cac4272e7b8e63,0.14062826766563674
055fecf2717f29a3,0.12701657263112087
a2aa85d0e1bc4e6b,0.0857254005550514
ef9db57cac44e529,0.08545821440114254
8c91442db55d9d64,0.10459450076034227
7cfa3fef2d1a1dfe,0.04559150167058054
56ede8d9842e0590,0.043965338997158494
fc74e63ad196960c,0.10753904074159451
342867ccf7337815,0.04008952828623189
866f7ea3c4be20e6,0.09806906237200169
f45494a74c712731,0.09842275762774058
414228464c8b74af,0.12444120987321497
e4a3f7a35452e28c,0.1320504591183474
c1eccbf012d9a361,0.05025274112757093
a715e394b41f3a16,0.03776428200315005
26a24b8218ee00b6,0.18286697168603688
db4b58e70acde06b,0.05023811703371561
deaf015c1e137149,0.034406338855993535
9d4fbfbf523a0472,0.1652908375512342
ff7e2911a22e8008,0.15705755832424756
30449ce55b14d344,0.0371692932293089
b930073e02948360,0.11057678992604228
9326674b4c828c15,0.11144880421837401
a9b474db35164846,0.10517822855862066
9183d88dcf308c8d,0.06131527489188966
47c8c6f64cdc0a43,0.08532739738016519
2ee4722095033329,0.09244541873340224
cb8a02ecca44027a,0.03629281708371185
1925e9dc63237314,0.1085127672748951
dd36f08b99fcfa16,0.20222514569524672
9bbd43f6f760c243,0.13577238469905345
a766359aef66a25f,0.08115819714809969
4d10a4698fff400a,0.11578599222404637
44a6285639d7fcc7,0.11634873911668053
a64ce0de598f4714,0.13090387932221018
8c887a6a554fcff6,0.02169826480160181
ef3f3402f7530e37,0.023322094754143735
e9cf43bab751f410,0.026925362973188736
1245634a78a3136a,0.0331434649829813
7c5ed75e73c20133,0.07481215591158555
ff7628423503cb61,0.05337060205361479
55df3baf4cb22442,0.044831917801310905
20497b1ff5df51bd,0.14148701705079836
fe1c1e2e166d6943,0.10215804509306045
0a6a2ebc3b004ba8,0.08699059705264695
ba16bc573e1d9a6e,0.13417169153837885
41ae92fc5f37cdc1,0.05872706337512436
ae05071f58d92774,0.05403584713419327
a8d4083bb2383da5,0.1470464687096799
92cf17c3d59c9b61,0.03269536260901567
f591caedceef4268,0.05481415961245006
e3d006785a8a409d,0.08608206262534285
dcbc913499301796,0.04094512570965332
b630e1af9fc1f3b9,0.13806479754098577
7d6a1e459131bf25,0.15766728103387495
5f891649affd8c18,0.08774127125131419
7dc102adb7ad6667,0.09817686624144395
1b8c16064d0dc4d7,0.09585077322122908
8e5286a9c7d73ad0,0.04075729289461005
147e554cda420ba2,0.04370694424644134
18517e2df9cc10ea,0.09378404189740272
54ca2e9aaea55320,0.20824907271746154
a923278148853286,0.09724655869857045
cfb35f11977c3be6,0.07214259027169459
aef8a4667274a47a,0.035373597660189694
2c51172cc4d5eba0,0.037823075660719005
494446d84318c9ee,0.10269737735920252
aa652d97612fe50e,0.035251024044780234
baecb9e5cd4b2907,0.13733990509308006
c29488c64d211da8,0.06493965124404018
28746b4c4b26d721,0.03557292384644117
8a45d03fa3989bff,0.057694092426406905
462b3e544fe612a2,0.11430630343826781
359614f152fbbc2d,0.08849673118731562
5e953db789137f0e,0.1402695471771646
2a99aaa9555b3dab,0.098156007587212
aa37a77bc447fc0a,0.18331089284980445
8c0d7f3ade155e48,0.04345637511021228
45b05dd1071039ab,0.14445178263552283
7e037c271c23576a,0.07268141268477234
9adb38d0576dec06,0.1247378552060624
532c84dea557da7a,0.12211639000990823
6c302b9662d3b5c1,0.07564646414467513
666231af023e8fd6,0.0534571791916445
9c06ef2fdb037a79,0.11518229081663384
65230a28464587f9,0.06362448344220258
b3ea4baf43182919,0.12284193341740149
c1f297271ef8cab3,0.040332150575490895
7c58e1fb77913d4c,0.18768497018520847
00ece1c11b40f8ce,0.03195948075051561
a820b5633583bac7,0.1318693181121503
b4e9165d8e2aebad,0.05736127188565792
85f20d358a8d6ce8,0.09340795105723781
148fdf734e431091,0.0680875212839323
67708062cc529759,0.10741798355877688
d764e50c36756862,0.1744883331400439
dc093657cc4bfbc2,0.10659967439925247
08c0597e111a2388,0.0945964956190951
58fc68c0720d8cbe,0.07214748892536156
387b7309eb20b505,0.12581422692100924
cca31a05a820ea88,0.18181994627366715
be7e5b7b5839a348,0.09559771767883987
ef7aa159ba83917c,0.11196523576653067
3dbaccedf2355696,0.05568826402292591
3774263bf5c9a393,0.0640983343575149
e830f76f4667709e,0.1232869383461483
c96965b10fe9e8ba,0.03671261489344973
aea0b2d75bb410f5,0.08964638966769192
892d778bace3f693,0.09319667648859876
f46440975132762e,0.19714265003691067
6084fc419fc10f1d,0.14923649038972983
c6fb1852daad742d,0.05329036664028057
2bd09ffffa247f82,0.061281163113691264
5ded576ceda86075,0.10387815573391869
c066afacb3fe3a52,0.11273130842718923
21e99c194e94917b,0.03918550093189335
7f4eef61767e4c67,0.03276726124079839
dd19efa057bdb4b9,0.0438443779158092
2b309ca794e9b11f,0.17547162166164443
8428fd508cf86cb1,0.09600633648356283
bd059d7efcd14494,0.1099068076726111
7fcd9aa10e5ab5aa,0.08657163214840566
9398c438c5fe8b90,0.06440984920753942
7401e49aee3edc69,0.11816472254520063
0520f17da71602b5,0.059112695770967935
efeb31befebbeedb,0.056444186883613016
df3fd48fd3b3331d,0.10896411201669423
14e14e2218536077,0.12093363199562847
1f92d25274d4f038,0.08279161265655177
7170ea34f6161e69,0.10853878693295538
04b0152464b775d6,0.09329847560855546
7653ee403f88ff26,0.09184750058030096
ee84092d5d680f67,0.20327708067624226
c41b6329fa5e7012,0.03983419219185833
1514f652f00c3b36,0.0682241041261606
0c6d11c69bcc6f46,0.08416119969568964
382f75d2edb9f457,0.15305898967744885
ab482dbf08ad90d2,0.11652242744697963
5ecd94cb7901e72e,0.05027967387132744
176da975d008461e,0.1133047628936176
882d984b9b9d8fb6,0.06798832882030709
efecedca199bc74e,0.10174845549225885
5f185fd802f0c00c,0.10438396917879873
b7be75c69ddcfdc9,0.03525798262212816
4da0a9696b2e9612,0.0684038172626095
755bd669f9bccb8e,0.08281549449583275
dc744a1038657389,0.090575739908452
f5565f23a877bd69,0.11424867477356214
45485cf629983a40,0.14226933433398836
9d8248668d721756,0.09576103439854633
7e637102a104b616,0.039051452378112146
b9095cbbb40751d4,0.18255027534753712
b6f5bc351054c7df,0.05112851688825888
d08fe94fcb0dabad,0.04140037897786422
edb4aa5de0832a92,0.07491941342769544
b142c9c1185e5f66,0.06425379655939512
1473309b954d71f3,0.15759083396545723
b604a5e504b627c0,0.23555436460351753
d5d6a72d9d2c827c,0.043571877169961894
aac5a801e8926a83,0.08329418892345729
45b600cd20830ac1,0.11279301576682287
8b6f8e193f28c495,0.05769388344636165
9cbdc55a60ad3994,0.0385349965498071
59cc8f62d55aab98,0.035802746049877744
42f81ab5abcba09f,0.10154442886214443
758524a5d6a74122,0.13188285361439975
0acada29c4de07eb,0.11092502268174181
6bf56d0ceb2c1ab7,0.049831321010354854
03b29070bb68828a,0.039047146534319205
2f553bd8ba413efa,0.036687731235013885
c3ea0fbb29a15317,0.07948853985044099
797edeb1c8a9c95a,0.09632473987217895
beb71749be71fd3b,0.07653425516894133
c660714dc6059849,0.08954443226929669
549961b37bef9764,0.03305536009316469
dfac78eae9821675,0.03580756500780914
588c204b822eb2c2,0.12044021340844008
e96e43deab9b69f6,0.1277795979395688
9c9a726ae65647b0,0.044373111595657
58f635ddafc61c78,0.1876059244656822
d40624f11c720afd,0.14184232601143035
73575ac328053efd,0.07413044604933153
809a4127b076294c,0.158202804315374
d476e643d990be24,0.03947625182600043
4d04534027759be4,0.08511709755386773
72c2c7664c8294e1,0.1287028736809982
d3bea4fa475618cf,0.11704087566417638
7af7100957117fae,0.08638945600091581
bfeae03c16252052,0.07020525748824388
dab19b0b61104952,0.1533105680834384
8b72f86a4e6a970d,0.12530354380931277
c775b6de816c5092,0.12701244182519994
0de6dca19e114646,0.08919054150767552
0ee2b0fc31b7cbb6,0.04195142004766045
3363b132efc51b9f,0.20047513560889568
ee924a0428a40a76,0.03991336707034246
ac3726dc72e71ad0,0.07960523934049098
374584473bf4cec4,0.0712304009427954
e6b8e496d903523d,0.08976053557085266
8fe009970d6cbeca,0.03726317491917944
b03e574c8770e9d1,0.04847150320437896
27905f95e6931f22,0.08049316636659294
8099a0f72ee1a1b1,0.06989196464550312
5fbbd8a6f4ba3669,0.05454225082105174
24033a02989369f5,0.09907074104181082
223faad452bc6598,0.17559193625759775
c5c13adedfefc67d,0.07359108566282291
ec24ebbbc53f73ce,0.041781913190535605
3a3e4d31cbad45e5,0.03905224808327037
79763f9ebecaea1d,0.14110707974663772
46806e41926c192e,0.10721414919685675
a5cfdf6746ec5cbf,0.16448045165012073
0ddbe3ef0aed551c,0.05201719663818045
b641fe7061b46442,0.032336946043453836
be98835c447eea49,0.17959099655221644
98aa4160c7876f0e,0.19813655627895127
0753638b45dfacf0,0.09831305318729694
e938301ba66e78e1,0.14006218762064093
64b695db5b68b91c,0.10216375224293979
2797a5b06b8c68ee,0.045072766121957736
aee53ec38b7eb6f0,0.08383112042192649
d59b57f46a383c1f,0.0961901668352248
8c3a505dd927009e,0.06083860132986836
436e01defb530baa,0.02966348244389269
2f54c0acfcbfd646,0.1645828420751438
20f15dad96dc92a0,0.04993361959267191
8a16a230e343a296,0.08876604470015691
fc511072e8631203,0.1272317607604535
5d976c71ca9049f3,0.1275063955844982
b207e579713d5841,0.19971191117686232
ac03eddc2e2fd2ca,0.09282207711606673
6b1e6ff0118fe59b,0.11260236159837714
2cc92c1f6bdd93d0,0.10500163067370286
f651266acfce6c0d,0.06887421088269875
c3b49d19c43acd64,0.048004377980763305
05a27ebb8a82cea7,0.1155355837336281
f32c511446a68874,0.06291809993845465
108d6b400d52aa73,0.12128392236612885
7e3cd0895bbfcd9e,0.15875074770345565
2245ed07ee31662f,0.12451532197763147
c81aede118be0e5a,0.08748778743120901
d664a113973613cf,0.10012829656777114
2899dbe3769e8b1c,0.09673921284744968
164d8c33239c5511,0.11441272172673213
e753bb93c30cfba0,0.15689676046867906
4493eab669361ba7,0.05731387165751224
4e55ed26dc79c3e0,0.08138167729101112
1d2f7db4504f10b9,0.03545253619904992
9749ddc8b2a3a385,0.03808423203321842
9aab93db4ffdba7e,0.13621401127358396
88558205521546f1,0.08007049563964436
02a8e05f667b2fa4,0.06656846512175968
f95b0bb67413dff1,0.10391621952612796
b821f8fa7a26d286,0.05226188382456402
bed1456aa64d60fb,0.1546855309882166
685b1294dc5f8cbe,0.13508419989935594
79a0510c936f5eb5,0.13708409164077176
07f28f119366b484,0.06941235034346091
949af0edccb8d159,0.1371434899744821
9965f63ba2d41ed4,0.046766212850156766
f635cdb577ae5471,0.13207707743502298
6419d144df4c87de,0.13206857129800298
bc7f2dd2340df372,0.03355630070593223
cd35e912794bda2e,0.0556598719206062
abf3b6dbce73db98,0.06688730162486967
4eeba8a4c17e4351,0.09584500067042699
f612b9af4ce98bda,0.17509377707590834
d8120911733689b5,0.05306365651244567
723bd2532e39f731,0.09863206561980409
3889ee7a1f5fd62a,0.08489145368218101
66ffb196fbbb4006,0.059129413356094465
53a1c51ae93d0e81,0.11703763368010278
0a4f5ec5f9339110,0.051703840410176435
34416b6b8b600a61,0.05038552545306484
1e0b561b5df0447d,0.11107344046773973
43e848bf56ec0bb2,0.10063767913978205
1ace2be427eaf92b,0.04741600417473808
e24ea459233ec078,0.19789992624488364
e019c487befa7761,0.03144591796375175
7734ddeb14b3d277,0.04579655864795647
1961aba76570acf7,0.07057314737064575
276265c86a0e2a26,0.05308969728878628
4fc5594c301766d5,0.10972437062708026
bfd20f3d76573073,0.10220341236190769
8526753e065f5b50,0.13465050646907628
5c03ad68783d0d61,0.05115213086712052
9c83e80d019e0f5c,0.1138845712633135
4e6019e87ab5ac6c,0.10657974228663974
dbf6023ccc73b0e7,0.056923948028405405
fb35b29ad551c9c9,0.06222327735180784
3ab9a4e335cdfda6,0.07528959151944306
86fa9d51e632ae1d,0.09330880130302391
ab30ffa9ef0220dd,0.18207241315772396
ebfe496544b5a6af,0.13626207088755427
4cb026b93d1e4edd,0.05502397384251655
426a41478cfcfc22,0.07308612873275397
3e16e5f885a5764e,0.06733540667161893
dab52f137b1ba008,0.14454553132754064
a7e545c29eee2bf1,0.07307235833542321
6a50159c50f7f9d0,0.0341949794360134
ded3c69308607da3,0.17246921990900504
921388faeaacbc80,0.22217827825223377
8c90e1ab4a546bcd,0.09227414003646124
31b1827fce88917c,0.047658739819445795
d97cfaa40be224a1,0.03973342584756569
b4dae0ea6d15a25f,0.0853948809485052
ffb033e54895ee3d,0.16519343381416493
2b625e5d9c22b0cc,0.07085796670291326
87605745817d0ffd,0.02945042976545636
9717417666a66daa,0.06611578277605673
3267d4ecd26e96f1,0.052610369516611195
3399800c4f113d8d,0.13337418874898993
f457366f48f27702,0.06790490587974879
5a6c4f9b661a0ab2,0.13057565870060345
76628bf9d8b6b0e6,0.177107990059428
997a5333179da7c1,0.050217766929965844
044dbb2023ecc53f,0.18981269121433755
737497734f709843,0.17850259259582316
fc7d05c3ca74b0fe,0.05512782347185735
f5b74bbaa8085255,0.08619914113498008
c1d1e5c41f539d03,0.09615433398387299
86f9c72ffb536f2d,0.12048758519324299
95b9d46eff640109,0.06911935377732924
3aff516939a3de92,0.07833141521481077
23c1d6b14d960725,0.02667496150158704
0b0950c974175a86,0.07953409532681564
e94d8ce0ed816caf,0.06647036105418584
037bc4751346a482,0.12179697378987372
d43c5617c5e69df5,0.19318621409454206
82c6f27cdcf850e2,0.18092033829794832
7652727437cf5e6b,0.05883864845094283
86f089e7c7ae0d75,0.05975939432264955
b9d7751ccd00d9c9,0.17541489997625162
0a079836e9e1ac2f,0.08243322302672558
90461cd0e33baa56,0.11718643628242612
825b16c4984f4382,0.10791770550617402
9054cbcd60dd433c,0.08438016258156225
770e4ea8a1273a1c,0.131204002052504
518ad8ed2ff052f7,0.09498578957199783
f12c4df4f05fb6c3,0.051125466017497435
95a9d1c987aae5f2,0.09401757221754616
1d60b64e1441c91d,0.10901141427626673
84ed70c1cda568a6,0.06559548288952755
3d6e8f3a5d06c7a4,0.0445306932884043
eb1779538632b044,0.04831322255454687
bcf84068bc4b5615,0.08570162319043587
3dceaab87e5bd6cb,0.09963946956414495
c86b418e43874d34,0.10173199564558488
95397751cf365c4c,0.11188444129781812
e80b64dbd916f780,0.05892347568805954
d2a231ba481924eb,0.09732545491072932
e86aab1a495bc94e,0.03625076402306159
4c088c5147f6cc2a,0.09327816899534459
746c9771aa5c751d,0.07847388800542973
90005adf46be6af1,0.0287768979295275
78338f5a63e742f5,0.13421118475828894
9c3f2d29681d0d34,0.1340655696544846
f93fd851b68279a6,0.19312571492178005
afed2c838b247303,0.18847326365673622
995d752a3bf1fbb2,0.08470189542707474
33609320e5c7578f,0.06515291495504731
1ecda15121ffa27d,0.04548776945165699
47b2accb2f516cd3,0.14471259253071728
5571f2482997d163,0.14650223653278005
32897e94a9feeb0f,0.16601168476752476
3d5fedc7f245d35f,0.07121470420700131
1b4707947519036f,0.09891781031695596
3cee4d33cd4686de,0.10114297937342842
155f6d74191258a2,0.0973601619093039
3ae6a0b3d379dce4,0.07569643505307741
dab9de12664f7b0b,0.0858845919489804
cc73e04980d2167e,0.07132607483590167
be7f0f5d2c65bf06,0.09217409006893125
dea114b428048ebf,0.03677837700642616
deece306851a2a78,0.0621458931154675
d1ce358b8f732eb4,0.067767116171911
e025d916d395fc1e,0.12599560114483965
f50d9be3d733fdc9,0.06699136247000852
a6c0d8fd193f76fe,0.07770877888868952
569e045332c790a0,0.1372466782479901
977114ec6d208ff4,0.03730267438052236
17faede0e698eb93,0.0708225606235371
0610c3287750d822,0.10517364537885288
58e6e26dd56a60a1,0.04034683225873935
bc263b5b32d9ae07,0.04516749495106574
8894323cc5f185da,0.03540311982054294
e8229221a1595393,0.049683456933015326
63c589b1e27997d2,0.14656258785013665
fe21e0f0344dfca8,0.12949849516862078
7e0194535136acfe,0.06370978521475985
cc859709caaa52f9,0.03414948245150636
56e7153dc35c0573,0.05423464453524859
c76e1ab42940cee5,0.08047901661864831
2ed46ca4b8d10516,0.10256145960197016
ae2f86a0a6c3b696,0.07816411546794093
a05d11d463a21a32,0.05223846170387036
89e7dc0647f4db8e,0.08662110145676047
80934ce845013628,0.10138987109636005
f66422247e89d830,0.10735244275800186
b0a301739cfa2228,0.0470228188096648
42b93c5a8b628ba5,0.07061150328991213
f74f1673a45ce9b3,0.10834769482316521
2b76aa4b82e23768,0.07537868966447225
0d6190a27ee0d6ad,0.14679695023715944
7492fbffda1eb950,0.07051853667880884
35355c2d5692cdbb,0.12667795667877285
de976dafed9c0fc3,0.14174638707282855
e2601be919261723,0.03921522031868337
f56a91dde5defb60,0.05593106594391794
1a9c207021895aad,0.15537943183496397
86ec8e715d2efa2f,0.11344082958348531
7762b73652848f92,0.09172253491702574
ccd34b74bb18d71e,0.12548788733278807
eb6c259855aee52d,0.12660890437983036
7bfe956eabaf5f10,0.08798720326627951
38c6063d22fa4f9e,0.15021077619699652
46b7352aa3c8a1ba,0.09804475399186381
049fa3f6cc3a62a7,0.12446620354057557
5f77b44deef47d28,0.04637266887435694
27462f3d6cf43575,0.08454375835520841
ca854373b937b419,0.1361747726725666
1f6eb5f2da254111,0.14412891595192967
9262bb44aa7937b7,0.07842668029148256
d81678051b65ebc4,0.11885166947684458
0edc1ad07f4aa86e,0.19033372258684525
a8e836b90034f123,0.061217801183450854
c729d0e49b2411cc,0.1750349057711459
db925a43365c86f3,0.07556001773973159
1cda28c15e8e4170,0.1192743157207694
ef5a97a20c5118bb,0.18196712216309602
4b990b98ec734989,0.14981520784707647
a96f328dda3bc98f,0.09059358482741672
b467b21cee5c9a57,0.041218386098220136
8c1694e84b06dad7,0.06821588252118811
7b038881fb7ec965,0.12139328537268475
60e46ceca8ca6531,0.06639975855301543
be2e51dc6bf61727,0.16743718231687427
f1063bee63d2cbd4,0.07544687149012602
1a3d53e660017625,0.09546796256995371
6db1dc15ad1e28e3,0.17960269546645638
34f0bfc533c2a23c,0.10172576230184835
76e738496305310c,0.07190972965466316
a76e95f0a09b03d4,0.031618569147072416
6a0d13d3e413c0e5,0.04820450470940245
e002702b095c4d9b,0.08804757635421397
435eb85f778a69f5,0.04870670974527611
5584a339491f1a03,0.09445917191784224
9a06cac14b623965,0.07834513771400457
b199a982f9480beb,0.1243264964056726
e32add368c6de44a,0.0689121436266161
34824decbc66688c,0.0651232867351291
070711d7fd9b7ea3,0.11430576289625874
a1656b509ebf749c,0.18952693021469755
ee96df140d42129a,0.1427555327466104
09fb51e0fded24ab,0.08522615239492365
77e04872ab10bf20,0.12490787461716785
6b34ce0940c8c237,0.1554167352295478
8b94f16483f351e9,0.11633152540107519
a7d4f13860590306,0.038754654269049955
66537bdf81c41f46,0.1770556623018578
3014fd36c07b8950,0.12849013451010238
789380ce86c031af,0.17588120903994836
dbaee9defc780591,0.11647668053517922
bad0375f198257db,0.05732528553245199
a7b766569c6f66fe,0.06354618715231142
efd3fc92b86b90cb,0.10126795087530034
3ca6e7825d948c12,0.11267861152055061
5c73fed8f1d584c0,0.05930438392295799
cb7f45c4ee30e84d,0.10495818798414289
aac70ac68209f1cb,0.13284795897155607
fb253a15132c7c36,0.1303467444274238
4f1ad3d1864799f9,0.1635567152101765
06cc890b7c3abdd8,0.051406433481164526
48f5b50b05af6685,0.036052408029276055
8abc163b25fe8f16,0.04438689728622839
5220ee550d303425,0.14100561621880092
8f7e85307eb35706,0.10868209956463735
dec525eaa4588cc8,0.1284291521247452
8a7aa7c3acead22b,0.11426544356502108
0618f0627df67711,0.12538385146863265
5d9929a965640bc0,0.10128568061054288
b45f8124eea44b5f,0.03782229836147679
32e371f83b148fb6,0.17786352742296263
83b9c322c9febec6,0.09251668135979713
8bb4d82df107f45e,0.10633901594659848
cc28d0d6ace393b0,0.08873241781494687
29c17f03906ad1f0,0.08394905930973301
b10cf30c243ed8c4,0.13269958122104508
85c180d755530692,0.04824249145557139
e9478d4c11f48523,0.02626028395062296
329d63bfe65d67f5,0.06719467749950171
4e7c7fbcb6fde9af,0.03984033050955958
1f2d4ca7586d9ef4,0.05699948798430508
04ff2418e503eb55,0.13558721738656054
5807d02f74d22963,0.13405160692031887
23aa15ff2408a5ed,0.05676963430916698
5c3fe62807fba6c3,0.051607724865117104
c97a3c1357c537a3,0.11210595109446275
bde91246f16123d6,0.03871095419803357
dfcf3493677dd9ae,0.030723443967155987
4a0cb390212d6320,0.144503809516447
dd48f98a0e7c2640,0.06821682279185942
21669e26853a5beb,0.12463300043491274
c4c279dadffc28bf,0.17004680057557753
27f99b00db0702b4,0.04211217405491593
823a471435809e0c,0.17418341682419072
36d9872df73f0208,0.12750268944053625
69b691bd3b11f565,0.0988382693956151
051aab7c376493bc,0.02999987207447158
897a042cdd939f4a,0.15929750644683363
16e574aceb37758f,0.14922752234755793
7acdad670c7e177e,0.11133439717865198
af7211a4b66028fa,0.049047027058808326
3b768875237c8195,0.12859318710502982
a9e4e55b286f1971,0.126671752979311
1e42f2e9ad67815d,0.0634472185347349
0d527f8f008f8efe,0.028406017917300946
4c2ccade1925c5d7,0.11403077160088494
b3a98dacc0702405,0.054066465440744324
9b8e0f7bf05d953d,0.03733899237776223
7968527b42656286,0.052200675205601704
caf14438584b43fa,0.038511907716157825
31e140000e0bf36b,0.09142846013227203
336acc52a893cf2f,0.08390651009197811
bce6e39fc4407c93,0.0413846498686358
d5e58bdbf23f01f5,0.04704575964270142
1ff7a8ec347ef2c7,0.0646697585685866
ce432d29b214887d,0.06141564352603639
44e820df9233e162,0.10925423725549295
fd036d6641276c78,0.0841359997626432
45c36909115a7b3d,0.14031374600400873
0c18ad3d4c7f25b8,0.13294566757450524
4502d8fecdca43ef,0.11175720912961548
9bf5cf3ace55851d,0.08959226404507983
0e04a1cc15af0b5c,0.037680368240682646
86bc772734133e12,0.09618634441146648
76fda8694024d3e9,0.14731104498346528
d244839566b6672e,0.08838658405580863
e165495e76c8691b,0.08344524374344853
18e8d9f4f0ed1ffc,0.04950507621712233
c198ddc9a1a0f0a3,0.03523532632388056
4f15b2cd5370863e,0.07383683641177376
5b71a33a75b4b41a,0.08955505973164582
85211a41d91dfa68,0.11681337413399992
31c3ad8e554acb99,0.09559058772173862
f05e3b467a207ea7,0.022221724862344534
20eea1cacbacd917,0.14754182782057687
338ac2331272bb7c,0.09636985007851306
e6740f272d44da83,0.16490938408688344
9368ba44560c50d9,0.0939176011430132
18e4039723086124,0.09479337807115754
c935d65cb1c5cfc1,0.062469724128490195
dd819f141dcc8319,0.04167356182670354
90488975d041fada,0.08790334415845802
a5aa463adede1f1b,0.12412525118511937
872ac9ef6cc6a618,0.06585921579323437
ae4040a11f651b1b,0.08381272345870096
468c82067304eb0a,0.15796330979068648
cb460a2bc70974da,0.050229438180198496
366ae30bce6f5b98,0.05936932205699098
7638518d282a3163,0.17239463303458802
633878cd7103f469,0.10989976182376193
73b8cda0da8e3c6c,0.07714674386452902
b24a01610939d7fc,0.039089858379388095
99024e3163df7833,0.1660473578506689
f67fd1bdae4a88b9,0.10225318022353024
bed6a87757540498,0.07599307124458798
97afe9a3ddc497f7,0.037849650224087684
dd9f348a3e019188,0.10218361915866961
34946df4f3dcb0b6,0.08944205880398064
9444819c9eb0c9d9,0.15223380430072825
fb4483e1ad010ba7,0.028404292775711118
00c68b30c299654d,0.0843158315246448
72515cd3d8b3aa9a,0.13689393084661
908510f96be347b0,0.14777226959674167
99a21c81b1b48573,0.10550449101274947
22f68a423b09a5d9,0.04210947183877214
e7f04cb37080c9fa,0.030346348514598914
dc02fa202a12aa6d,0.06164065660750642
10d0b7f586529eff,0.040017854626477015
ffd7b011eb85f998,0.1006856934186201
e621dd32e1b264df,0.054093919234461205
4af1a1f24964fe8a,0.05392092541082661
811ce0830dbadcca,0.04032944931916753
19f0e848aacfeb93,0.1241772006161603
8d3f02ada61029a5,0.152864316517817
1e2a07a17f935db5,0.040772848873150816
32328db851b10b18,0.06802740687623807
9ee145457cc792ea,0.13483281253085766
ad8df560233793e0,0.06235150057679929
d22762aa0ca69d56,0.11780079215021338
f8355291593dca46,0.1483106220876667
0c612654e51e01fc,0.04073714158552445
ae7e23426e25bea2,0.04749981179642855
e009b5beb1619a81,0.1355728050563635
520faa13a8c7065c,0.1684364428265439
b5f1a39aded71e0d,0.033434977769354564
de6cb6bc5b8d1640,0.09781171666066349
d51fb6ba7bb6913b,0.1557869924645589
a1375923af03ec27,0.11702457000070526
8c4b7d8e2bf037d3,0.060852417547904554
681405cfbc0dd97d,0.09282686365150081
992164c7365bc333,0.1704132753259121
4814a10f30ed6822,0.10425527186643202
f125562b955f34ac,0.07274129717425162
8665c174c23e0232,0.07395084152585939
c03010cc5ef028ec,0.19464378652133857
d2cbd396091301dd,0.06665871233074837
c5b700f429ada2a9,0.061243358710300094
07d97ad7c5757563,0.03873731763462043
abe88bd25b74cec2,0.2516438051218233
b5242ec51fa10803,0.05729556962886932
504c204a4b07adc1,0.05496654405887831
eb3e885ca8381431,0.0888355152377009
88019e77a7570235,0.18442792150954898
4f5b5ab494b7fa3c,0.10449466965439391
ff857c8685376696,0.14539140252900998
c97ffff5899cdd5b,0.15065854615334026
06d8545946fb794f,0.14682364020762373
86a18a847664c8db,0.11184287262104778
236b7caf60e83702,0.051403612297222886
b7362d1c5e6ea485,0.08826635301505528
75a194abbc3951a6,0.13379054584471417
0739352b03f43601,0.10579791978550918
d5fb0ad6dfbebd36,0.039140784857144395
ab3267950cbf32e4,0.10611197954593843
061b96409f1ecea5,0.052567624171198826
77507cbfe35570ee,0.034567201365784915
a36af5b550eaa873,0.09743039218640503
9ea7c406af2ba7ab,0.11598354810587926
f67f1e53508bf00a,0.1549978229082934
c1e4dc287c41d581,0.05695612131112877
a53a53e86b02f37d,0.057484849518723596
608291782c527827,0.09636205544060678
d0ad07399c84455b,0.09634544274736825
fc8986567718f61a,0.18192863672102313
5dc1fc6a5d643435,0.12451420467173652
5c05741c61417dc3,0.07245551964054235
d702bbe78e1fa189,0.0387099719577992
e781540ac8518204,0.044653956916782145
7dfe0b8686f2f32d,0.11678397563658899
150a93d31aae72a3,0.06973305699402918
6eef12e9a09066d4,0.17936867897343253
636152d21bd16667,0.1217243646740658
c7f6af439da950c2,0.037062461218582025
27acdee466fcf485,0.1790539352952495
a8804fe9eee0fa90,0.03990743170554746
6192ee4938021f38,0.1276176379039004
fc02f9550afeac41,0.035937969568997266
7c9ba87d30178a3e,0.14611449703655768
a17444b2e1cdd78a,0.10958764604075924
83df6fde56cebe4a,0.06152074855008266
b35110acb0de3b77,0.16225931998767626
9fc1dd40acc8bff1,0.15098206928837202
0c521eb5fabcd49d,0.07471219644561705
e081802079fcf55a,0.16326433247006591
12aedbe868f79776,0.030638326715332988
be8a2586f0738799,0.14175932205075706
077d63174223dbbb,0.050009676015857554
bf95a5f9268fccfc,0.0399487237315325
51ac7bebc69eaad3,0.16379929968179607
823b8b0cbed56665,0.12381398794283388
7b06037a7dc44eab,0.12987267940811267
c3468f13ce305a3e,0.19776069627899842
82906bbb278815e9,0.04198864236231062
26d93d94ea19b1b9,0.09669337101269827
d59469ecf7c3bb29,0.08374297486484752
7db5fdf7d9e7b81b,0.08657569571828845
251dd43cde3297db,0.08792560642045594
cb1945985d64f4de,0.06626818810662617
4eeb92e907af170f,0.08999765721875895
feb8fa429dd67ef4,0.10928259341425207
4de67c2419537ea6,0.040590655434171646
538e4f56402af36b,0.15790932053904194
a4cf878441380a52,0.12291481171013421
96be7b3de04ff62a,0.10766257073885716
39c3d3887c8c1a94,0.042535021290578456
1921999c1eb2c5c0,0.08637633987008084
d57e9b30000ad4ad,0.09835764002847924
7c4dea060b3cac3b,0.12731475644037307
b72576d562bd56cf,0.17623472229107487
e1b21c89aa287e10,0.052112008522164854
ea91d426f07b035a,0.06004254926744598
e3fe0ea3b0e68165,0.06136187529040804
733a4e55740edd52,0.14089334502545367
e3ec47884acfc533,0.22594296578817913
8b4fc284f4d71fb3,0.13875108516092471
ecc8c2db5ddf594a,0.033966118656072346
6a2e9bd8a0f89c66,0.07634131470440125
330cb959caca2412,0.16972154811471402
d9ec4fb651c85ebe,0.07720589747057299
059f9fe46af8bf1c,0.07920848890233471
3a4738e51c5cab59,0.10014680314483565
2defc05f8aab4fc1,0.18241275464787882
5eff676251527676,0.033992519472965506
fbe244ca19447d90,0.10505565170199879
6a795f7ddcc9922b,0.04249018448227247
31e47d59215b37f6,0.0706611648730275
dc507cec24e10ba0,0.1219217129855977
a6bb01f0933df044,0.04341372510842634
8d856f853ce1deca,0.09624894248809457
6da96325a4517519,0.07733862824669407
1154f92cf57d2532,0.034162806713021056
f6f5511b39bec2b4,0.036469648684460704
52b72c128d8d91b3,0.13412661114034552
75e7fc7c7ea0f472,0.11551282645326566
197817ba33606b5a,0.09027789994605849
c1951ebb86cb1446,0.15477730119758315
c4c41b18d788438d,0.1331192680136668
aa26bb9dcc890fe2,0.11861679539016196
c2c4703ee4c876c6,0.14644717578773014
4c5d7e0beffa310b,0.04499965059292843
83c908bdb66cb2b3,0.09870581594157428
f5402da16c14957e,0.0720845487223925
2ab80ba80d56a41d,0.12663481715290928
1c6b71fcf804ee07,0.12005126868837986
2f3e4501cfcf6dfb,0.07179795693414245
e6dae542e381015e,0.043276130796070095
eec4124d10360067,0.03647228676405847
9105a2588a4a2770,0.11297895881704859
130f75788d8a46aa,0.06760888815526693
8835b5e539659c18,0.07265671263617834
d219e6e0ab855f68,0.11257628918153167
0723230fe86de14f,0.12018393678725771
e81853b0b0f8c271,0.048723639924946396
979af46a1f611253,0.12751299021018508
945f78f066a99193,0.0718759927802123
9fd22540f39891b0,0.0351627758120423
2631c1e94bf99eb0,0.1534025309090712
41d6c34577272404,0.05090180791403226
13285c2b73770aa9,0.09398346902049097
1d2b2b68357f4992,0.05173792300219067
5e3172665089f4f1,0.1518819089994991
9f7be9231e3552f7,0.13533827670047482
6e458ab88b4204e1,0.04444458101760176
10739a7eee3e87cc,0.050656149322001257
a326839f328dce7e,0.16862591075416306
2e706184335e4bfb,0.18723860964209257
e10da35ed5233e23,0.034410170490689354
85df2a159bcafca0,0.11894740063443178
7e459f89aae58555,0.05524528822130844
c5733fd52fad180c,0.12268680700873148
d78be06de4424dc7,0.03759516506929815
af782e55eeec3b26,0.16012848899383927
a5428b7d3e5eb0a2,0.08704331804681406
8d920a6bdb004f92,0.21111508830212092
f4be0e405024df8e,0.1565103982913997
d5059f8f88290d5d,0.0977558582840099
e368d0170d51ce4b,0.06721462380124349
d8ddb30bad626df3,0.06227603752519933
d1e892e5a070ad3b,0.05923463153562322
8a30b24e45c8dd56,0.09965022582182714
7616820e7f2f060c,0.03627380976354383
35bf1de33ef37b4e,0.1142868435466311
7fc73341974a9c57,0.17669299693947746
9f5bd41b72cee0ab,0.06712881086851973
44e5daba8a615664,0.14302630653072446
6a29aa78116608ee,0.12350520640394921
74c36fa527d5e914,0.0553215817464262
65e5065a97a00477,0.09513414868710213
2bb9d6b7e64b8108,0.034440618000525954
297129de9133a71a,0.043222165361609347
e6233ca37ff20ae1,0.11902718827061898
e6c230b1db202085,0.16653121940881715
042447db024700a4,0.051844002816092055
5347f880cf1bb93b,0.08501453439065049
f7f2f5d41652f6cc,0.0344830994690667
71ccebe269774017,0.03226872547529833
5d89474915222841,0.054866378922305274
583b0f485ee37a28,0.054612204279619575
cc5a91f4a1b878cf,0.11855175179504564
636604af09feb6f9,0.037474306473600436
9149bfd2414e1f06,0.12412711683305415
69c71a71af3a6a93,0.05897147207864691
5cab1ef744ae1f07,0.08751111498015397
2c01a13c5bd11b48,0.09843858342811432
3dd5148c39f554e1,0.05487046819833307
e55b6c8712632bca,0.09244849098231711
1e70f997f11d309b,0.07440029414623747
0b5140a69c454fd2,0.04788145772131765
bf3433f1790ded45,0.13024072459289465
848bb9f5e15ea664,0.07134315651135177
ddec6d5fb5e1d8e6,0.172115303213147
483be22ba816efd7,0.062228629594580864
c5e5341d9853e204,0.06688223940583986
21afeb4d02745cb0,0.055669355858230116
214573582fdadc69,0.07815194627227315
1584cb670481cd0c,0.1621233015436983
a5b74fec60dff97f,0.18254503008560347
500761048fa68af7,0.11331637883239856
17911ade8f9db4a9,0.11545080626832237
0d5e4ec73265e718,0.14414878960166622
9a23b511d19c5b74,0.08644891616058197
b0a68b6e9b5aa0fc,0.12137456400318286
f2408ea825dab651,0.0850767684595804
c46a0253ce15db70,0.10298174422991745
280ee758ffb1d1f5,0.09468885692867038
f120c6f37766ad60,0.04675238375907999
f0bd6e897436f50f,0.06656895439428935
d9838a74cd5c15d2,0.03360830485419209
ef4f4beebb23098c,0.13788372240712976
81e1191f9eeac89d,0.09826614438795865
38a4b85540a1d008,0.05799830459607966
583c98e432bf450e,0.09104935823662766
9319566dff410e11,0.08705225163846447
967a61a65ca3958f,0.03033863314470728
78d063e4b7ce7f7e,0.07200613692224002
d2f8e62df2e4ba25,0.11582756759855137
810d2f780629077a,0.16454841636192957
3515d882b6639805,0.09986900795922922
11e50493155c9e73,0.14668949408004348
4ed708372af004b4,0.16415816301774933
c4e45da34ddf3b44,0.11951215990087286
c8a93dd49c2a92bb,0.17444695433778218
0db19fe44a9a780e,0.03624264607693754
2b3538d47f1c15b4,0.05474856946993009
c3310c72d9734462,0.07804640623702427
14085746773f19af,0.03739363706739782
556db80d967a1693,0.0712047652181349
43fc5ae409f4f500,0.11253672496327122
081a87f22c3b38c2,0.1444867913474845
d375cbc133ed4f4e,0.13049616688991372
5ad546feb694ad21,0.09137446642348393
4f93720827de0ed1,0.08603487498409139
3aa17624d6ff3bda,0.04016270080290809
9242e8dc12c52248,0.12310769804666422
6842dfe6284804e1,0.13881491676872054
0d73a6a834744d44,0.08936551271142046
0830204cd861c6bf,0.038095425234634044
66161f0924e78225,0.12549923423328035
496464a4d50db8c5,0.11825329094451333
06324bbe66728955,0.16188120483610613
14f78d4e391911eb,0.035580753970608926
2b82c80f72759096,0.0734667660354235
098ac1d81b9e8c1e,0.14523562741864632
1b76ea6cbf734ce4,0.04144032983176618
0500bc92e5b55537,0.05103607838149607
ac5aed573f280b25,0.0766410354052908
ea03975f1d5baea3,0.0751827763619492
88b17a552fbab232,0.10876734578780967
b8de7af9fcdbf382,0.162710663145051
1200abef5b424cb7,0.0348359544161756
31b60e9d8cfa862c,0.04127032099235297
893db3bdf6bcd36a,0.12750665125963234
ceb6b035da1d3d7a,0.10698185672866295
4ec436f2d7284b90,0.056054478741733915
8aed9038981199a5,0.07244364860191144
0004c2d09b2a5399,0.1026157375728784
5205db0c297b51cf,0.09108399946344026
fa00a8d5645e29e8,0.04784689974992712
e059a125b2f75271,0.15784522375834215
0a245e9039a475ae,0.09334981614405496
f6dd2588e26ea334,0.1416566347606475
973b401c5b3a29bc,0.07745632967691238
3c3d0acff02d8d77,0.141076431352436
29614e0f15db6e61,0.10798411191251421
59556138531e1193,0.05079453272101282
6864e194fe467f06,0.10132539288150028
92d1a78a0805f085,0.10665968644747763
673c83d5875338f6,0.1392485403532957
97b9da49283296e1,0.06323779176015935
8e266443d27cb222,0.07021986942010575
01740ec6cd7d3fe6,0.15002995158834564
bf22ef3c96b1cf8c,0.046644724616013676
eceff6a46e6bb846,0.06092694785339829
595cd3775c548381,0.04686937203159299
dc88015ad74c395c,0.060502086565498894
1d829ac1fba966c2,0.06771968377655424
7af5a547c0ff87df,0.054862997216159115
42082090188c20fe,0.14944006597445542
f7c6df36a4354bbd,0.08849928278816294
fa583dbce17dca3f,0.0978516773006976
31b430017b021b90,0.17890726604262774
7efc9cb13b2def86,0.17048323405419125
d06fda4e5bcfc129,0.2046675688784776
72cb2bb85767bcac,0.17301054210417888
50f1226e03b9f878,0.0635730560883426
24eed0e6d7789047,0.10517782655480043
d026da38fc55bfdd,0.059324113291893875
47c591c2bae2052d,0.09564220167835782
92966f857e0e8aaf,0.06105614439675555
56b22e07fb9e4c9f,0.20929204518296607
95e7a0024d29a8e8,0.10810248898676458
77413f2ce0fc0b0d,0.07659231258753071
169ad5f354082bda,0.08412884089225203
cb6a3ddb00bb4caf,0.1813574296002385
c1351ef23bdee19f,0.07386242765287582
23e0eeea647bf809,0.09324547675805411
52cb9f8084c2979d,0.12382772710866316
7f071403034451bd,0.17531746049127095
64c6b8a675d8d210,0.09403420996202633
25bcfd9c6c4bc119,0.07277655357181397
68234d071437f6c1,0.04494092192707885
cdba54b09ad0a5e0,0.04908700122995949
8b2a453d25a9793d,0.12657013841643547
379b3cf15b5cd618,0.04452221210445115
04f8b3d8fbcd3c09,0.04992693900517715
8db2aa7a87a0b0b0,0.11128028627269111
09904cf5297e4c52,0.15041667690918656
e5d6021439d46003,0.12005378367379761
87a2e4212129d19c,0.16950618944527526
e218c57596992271,0.1081272952738211
18b98da5b42722da,0.09443610897423257
449920a89db3ac7d,0.15352223278445773
9ce041cdc0639315,0.12985552185394114
722f357fdbd5c880,0.09601131970860077
d468cd43dc6a08bd,0.15140070074442163
9700c7a3ef819ef3,0.15653925424171686
b7f1d881f8c72980,0.03796674329737971
b23236c476c94144,0.1843758300662356
18dd1046074e1b37,0.07418262991951996
55f227029ee88bf8,0.07178415645542376
5e3b8e365345db58,0.0606170097013815
d97a5d6269148ed6,0.05862081762528387
ec6dfb974b3c0b88,0.1372904203448599
7ff4153e9bc66bd5,0.1642524544615432
70ade30377aa52d0,0.10008904419943174
e81c74c9a5e64310,0.15514297050438064
27609b892f19ce38,0.056865852259565655
665fe4d9e267c32d,0.13396750482238196
e4efa861a25c36f2,0.1415135226239932
707cf306deb0ca20,0.06786359201254336
53a0fc682407a107,0.12233660084274489
4bd91ec011ba7743,0.045087646967734256
3b7c880189ffdf65,0.11106843263678769
c5f1834657b1d9a8,0.11605898776779099
60a043d7036ea402,0.06102273431528611
d69dc65f9a8e3647,0.07755836351744792
c3978282c1335961,0.12763041562508637
248bcc5d97740cb9,0.07878225354091051
ba074101d0551828,0.08886564928174874
f22fd6cc76b9eb99,0.03722357875008267
cad3b5acbccd1a75,0.03828623702498001
4e3d749c5d0d8b99,0.13484076513397922
1024028ec93908ac,0.2603341807248365
db5f96700f81e32e,0.13077068864466207
d00456f5c537affe,0.05196818089562115
ae6c9a4ac1923d77,0.06191123994608659
5c4ef0457f9b795e,0.08325406945079405
a36087b510ed1bbe,0.1744606017776
9700dc3668cb0d40,0.033008233835367065
e404394c28efb780,0.09748625830763227
0720a1b755cf55ed,0.11939929835080489
035439e10d353f33,0.08099292229807753
53421be12c0c7d0a,0.14583649909299856
c76422f9c7f1c224,0.034957436306383226
ca75e192477ae30e,0.06585572048047292
480e9e2f5f6eac7f,0.13096816821987722
b1b0c9414a07e81e,0.03332855622445217
e09f31da0edae6b7,0.05042750897812337
9386dbd09f1eea31,0.08172729113653267
4027ad13f744ab47,0.16538484641953655
dd57f9a9617410f2,0.13864778738078914
53816ae08db4500d,0.08631657703195816
d39479f04b318c0d,0.11325720659277372
5223cd189c2850d3,0.07557078590021102
8c0a9ec776187a0a,0.03485506239696143
387c460bf9c82eed,0.10122007824074104
1fd31e1faa118ee6,0.04142320802234769
49fba05cb591b00c,0.04177761341781788
bd80ada68eebd0b9,0.08083333095303899
0e3f686f072a8a0c,0.06513621921579353
84925d826d461c4d,0.14382642518052408
a7badd0bb8ead7cc,0.07673413601679989
e2c838fd32fbb729,0.07326155258466005
3a6cf220f53b4cb4,0.11829903928080428
9dacb79ad9fcf34d,0.0776427384485005
92aa4c1f7f258a86,0.1410448331749572
c85e22a117db207d,0.04119149039293607
c5acfefdb9e64f54,0.062176312744671655
26015640e05a3378,0.07899656061331103
834b3501453f5c5c,0.1173376268535159
42af151534cbcca4,0.044933737800556386
6342222ab4bd07c5,0.16622851684822534
cec95d0eb86b553d,0.11123731859801053
b4129a57f4c5c1ca,0.09305877608763756
8b51d76d9c838743,0.05284194170141259
36d6124fdfb6b5fe,0.08754553393538153
2212f9196bf749b0,0.1949860945705954
fe9345df75362fb9,0.12719771397740412
75774ccf0b19e8bd,0.03243768903279457
026c096720d1702d,0.14543848122954778
6aca91fcef83cdf6,0.10434555620759252
8fc4c42ef85eb9e6,0.1788180865529184
1b64496c26985a3d,0.038944548450613355
591d0017ec185df0,0.08777197589674957
028968c773b11f62,0.1289166326568757
3a09eb47d1ba4acc,0.03502941846372849
000019235d24a363,0.09219305928023963
ac5122e50d1ce8c3,0.09389629760625025
7d4feba02220abf7,0.03794091100455611
e59a3b16b4a6d416,0.1360407674875102
84a820be4f12f7cf,0.03900494158703636
2f535756a73607c7,0.19571057149430193
fe5a15197d453416,0.03538951384551522
dfe7a446a8aeb1c9,0.03840729724071579
0ba28eeeb91393c6,0.0989484773720256
6cbf1767b759c6cd,0.10120536981448688
a6e42b03d097a184,0.11234300591033847
da6efa9d56a293d8,0.12902913503729146
20eb958ac40ae3ec,0.035441265579920805
861472b884b8b80b,0.1476782749604696
83313fb5d3e30121,0.05795743645118333
75c00015b88462e9,0.13784325510943646
abad9a6070f32056,0.09667046958339477
dbb0ac574180786c,0.12575297201534688
1ff23956ddb48080,0.20786434148212124
1030748990c873e0,0.11840898525947781
3b392b51ebbe98a8,0.17378304859757548
9bd3ce96b5220545,0.046155477119747435
e80afbedc991fe85,0.18494447992448537
b892e30bd65f1cf7,0.037488236429881555
45be6aeb64cd6e75,0.06519718240490736
10b2dab220d2112a,0.14592862300695858
397e2c46ae990a0c,0.07454080083033027
19d3b02c14e869e0,0.04586196032083224
cd4dc389be000277,0.18163444066710416
fddeaaa21cf9f333,0.07254528387286555
c73cf810b1eec5b7,0.05347035788418939
2d89c6930c494b36,0.1070677340766437
731c1ccc4e036603,0.04863179788896735
a9448f44773fe67d,0.12828226726161138
89d7d09573e87744,0.1398244681084561
09a1c2b53c31bc10,0.1194036925142527
6c6319f9764e8514,0.15076886127250247
f56bb1ad09aacd4d,0.13849096410533357
a49d99323a265849,0.037311391564400026
3ee9be6434e0e715,0.09826395090749174
875debef7413e1cb,0.10461139946045918
a2d775ceeadd24c4,0.14748326668046657
18c8aaea7c834671,0.20793260919456114
df0c46251bada9cd,0.11279928160731044
aab9add2fbc56aa9,0.052834599639934324
a6fc3e9da5c8e555,0.053709477135394146
f637661db81b90bf,0.1834865336507938
33f67c649066e956,0.07073900950934418
86c73cb2d30683cb,0.10991882648572987
b5c00f8557fcf692,0.09084098211694008
a2c9a8f18d345227,0.13905221299929008
5ec5cdcb7ea71186,0.08230607389607332
0f3e463f9177f7f5,0.14212083768862127
4e7f08dff5d4d708,0.11841719408201713
3bf84009bb5fc3d5,0.16142132226746436
51395fde52e82c96,0.11956310777932763
11111626d4279259,0.07466644401227361
ae179d72addf4dc6,0.050782245227225624
e88ef89c0abd640c,0.04253190295528278
c514af589b1c5c49,0.060012394826225106
ff07eef5fb056c81,0.1564487259854121
96fcc4e5d6f59237,0.12250660125776022
28c21a0768568fe3,0.14178926444441875
73627db8491905c4,0.07396146205406945
99467bd1e0347c4f,0.036023238949458976
f68ba1afefa7c356,0.1703648804577803
f2dc825ecdbac412,0.06416849944634956
4aba146c1a03941e,0.03662440572347277
80d5d6de30bce75a,0.09735620703812284
07139bc3c4fbcf8e,0.1525211331292507
e20fe10aec859d4a,0.22709784873001365
7ede37b476b9198b,0.11358438658437457
13f259dd7b600fe1,0.06984944535837984
351f432cde665f41,0.04456847463376119
a0721905432fac03,0.1864682145521107
c64298a4451fa34e,0.10472719235299446
4498869b991b879d,0.13944570845217424
17636075cadd05b7,0.09338690954131404
f1a1bbb6f878a877,0.07786552082451771
0eb6903ad4fa3f90,0.08299146554694915
3188bea8d6f5b35b,0.13785474414958848
c4c409536eb6c51a,0.04358004427709213
d280dab3667294dd,0.10840365069288711
52c6f5f136513403,0.07554471610779898
5090d67fa1877997,0.06497383472746603
16b61b14def64393,0.12486892972146493
baafe2fb18314839,0.032399440710128485
4dd870bba94a4e61,0.09064989110063175
09dc62cfe943169d,0.047102568092253314
c479d440fcf7aa16,0.14444498572608755
8afc03aa50ceaa11,0.14539941133854228
edde45a77638faf8,0.029946109689315027
6d7692d9c32c3019,0.09107749537698069
5732b6767099399b,0.06718361841341736
17d91b5e97f3116f,0.05820279545839615
0d8f39533be9f182,0.13281275531960207
fde5949373183adb,0.19428364755392394
958e0e17661293ac,0.16274823007826297
c5216e7c4a482059,0.050903285630451614
903c649790deba31,0.04261505602568062
4a0069fc3386e06c,0.11770028287880677
a8ed067c70e68299,0.1482604746707796
2739c45027efcd82,0.08866781355369714
9cebb6633780881d,0.20713024325768878
61795ee62a8075d9,0.03947916690481711
58f2b934b0d49345,0.1374939667456461
dae79d85843b121b,0.026697372329461587
2a1568df2de08c44,0.12239167416932707
ee4fd2a6e3a78dff,0.10846603833781385
b757cce25b9c26a4,0.05417267097466626
66ff45cad74a6679,0.06801671666783549
b0017bdcd541c6d4,0.05655450566084734
a3f277c9b5c91e67,0.07639604907269794
a5cf1cd034f1cbe7,0.18179554653450297
68c1e518bbf4e77b,0.06520028167978417
39bc60ddd2106538,0.08641680972350053
6efa72d0df99c34d,0.14429256371687543
ba7209f117ae9238,0.13838198964275925
7c5bee138819f339,0.1197729820092018
0a18482d62e5cb36,0.10376144766124296
8e35efabb244500d,0.06288935820229195
43a9275d59ca040c,0.1395965195712129
481df5704a84657c,0.03350631607969979
4d8d82c65a5b6227,0.04240458311425066
f93eec03effd7d38,0.1560032787738326
3ffdcb2a25a0754d,0.10558955515855817
95109279ae9a6a9e,0.13345975793141732
d6ee9c0efd68efce,0.10087649444888369
74c4894e7bd0708d,0.05283603948599022
d33fec8f45769c79,0.10737248114049834
8fa4532d6a6caae1,0.036302172046809675
3dff5467e3be88a2,0.1393448299559525
fc6d9a8363c4609c,0.04313443211291084
c9cec12908a9bfc4,0.05656244053344302
a971fe519809a939,0.06173553100731567
5ef5d379d20d65e1,0.09838515327255491
e3fb799669853199,0.14417265307213473
6f8c415e8466353c,0.08089468584615295
6a84824f0fe20d4b,0.07531536146437429
8cfc43e4b7c26f14,0.05195726523660691
de7c6a12dea21dcb,0.13311645229955565
d478e64abc5e2623,0.10578731867037824
437101bfe8957347,0.0831855130729005
6e285e3b9740ddd7,0.13435693221321096
c3ad227a535c2fe2,0.17584729954091075
8f43b3a85065f086,0.1619730638925885
90aa3a900822f96a,0.1149152765863282
c9000a6868faa0ce,0.13838606854041224
32a000ae2024ab05,0.05032792742583689
c4605d1a5e5e5f5a,0.11060055611177014
892acb659d8cf3f0,0.07884980497065885
c69855f3bb4ca032,0.032070021270658576
edf73aedf6b35217,0.07007898832677782
8877ec8e52d1ecc5,0.052938095310059025
fa3630178cfa8ffa,0.035921482716881586
9f5f7129d1af2116,0.06438161367974352
5e7e17e9ef20547d,0.1368956404245268
a0bb691eee0adcbc,0.03904676042831716
47aa950ec1d03709,0.06911273333621781
89b3fd466c092666,0.03626681882887617
f58ae0404d156690,0.03754567327101062
766c4ba6be3c0785,0.11067955378923916
eb2e4b71d64f3173,0.1859907880659796
4912ee4332177555,0.14818398272926886
2bef19c70fa1eb95,0.05584104953307868
c6686c6fb6297feb,0.14743728319046534
67508ac580fa166b,0.10558953157772734
ff311f69cd822985,0.07220944600022174
bfff1dc879c76509,0.0991178630517228
3d1fb3f5ce631cd6,0.1616420462853657
cc268338bd6cf9ca,0.1475320979007981
d5798960a3e8183a,0.09200272812295918
11d573b74ae9ba82,0.11859345312997717
8c8705f908dede75,0.1935371642676173
ed2bfbed36ac2b84,0.11150742134356376
89361517fc2f10d5,0.15964178200277507
1626bf6a9e33402d,0.12948059232158743
549de17e617d4cb1,0.03309020958844742
241acccc8c4c5c98,0.16445067017171242
ea3cd2074cfdd18b,0.029686661283825612
3482477cef332442,0.13520601967630028
4f0e6d903964496b,0.0535746091415047
55f5ac50a1704cc5,0.08623390294237405
2754a911af5ae6ac,0.05479902701286488
f2e293367584282c,0.1984553617529565
2efb3cb92bcc9b98,0.037494565275778574
5896699316dc3ab8,0.07658320459738516
2d0483ceb9c643bb,0.10837856305504867
efc8974e6723a58f,0.07400611556510181
a6a0006f726c94b1,0.1342842287132254
6f5c59612f3c92fc,0.21197227373557956
c78209036cd357a4,0.13151682451129998
db9a3030e417457d,0.040796784863263824
99988b482a1d195f,0.1466115913499147
52e13ab6586efd97,0.16997999895333743
3e8fbcc54eca7fca,0.07497815716946449
5bd1113a10668c30,0.06007777247996551
4bef48512ade85b6,0.042195962827889635
2882464c483cd0f8,0.060306128477188206
079b1ed9350bf75b,0.12937322975998183
7063caa968c586c4,0.06176639795658662
ec19c34addb8624f,0.07575338729894168
8cbafbdb15a9de28,0.0698862430562998
a38115fdbf75c1c5,0.11131811164094575
6d8390c7927568de,0.04426112345618511
00981f14236ef71d,0.15168949085445224
12f84fa2b4c572e1,0.03221355507652268
ca5bb700586628a5,0.04129570707541916
4a7058a9b89ae975,0.05677589253009429
878bc0b3326ea889,0.0354917604373568
57f748e3454293d9,0.0994942312935596
07949795ad3e2e93,0.11560519124356418
8cfaf8d91ea4f1c0,0.06388630987787337
0973b331fb200feb,0.180380035083845
fe33cc8c6e5126c9,0.04139515211006001
95338421b02d6100,0.14608996909562322
6d14e413603d239b,0.11145289517995957
8dd0a5354bcc36ad,0.12990059742543408
73e26e96853b1101,0.0355948445444924
1d9173dbd30bfa8b,0.14991584426465748
b8164626d047cbb3,0.11631761638736812
0fb7907993c4b37f,0.08989082983466176
59ee8f98bf511a26,0.12918013574878545
0c3008cd7e493e83,0.17021062667833284
ca16172c325cea2f,0.03926045274205124
2bca85f81b167432,0.14420388642838156
22fee0166c140a09,0.1887018488805633
e2724c0840a5145f,0.08401272848396155
f36672a2c0e1cfac,0.03544799126865687
1fb583d94ee99482,0.14143463292935374
02f264a344c830ab,0.10579923802044185
4da6645d6969cd52,0.05738912223731855
44dc081e8f45104c,0.09624206395143134
2c2b2f0c44e4f0d6,0.0594808179918422
36b10927a5ef8124,0.1728053948200103
c1aaa1a11b02c7a6,0.05820004360025282
052a4c4d54a4bc92,0.134456375818951
d52322d3a4091590,0.04906256700033432
836f3b0ea82976dd,0.08797402308166491
76fb069dc8449b55,0.11480127672089283
9c73e1140fc59c02,0.055466187112201734
ae6c780a01769bbd,0.09556022468122793
ef3be0cbdd14848e,0.045357123260216285
3599f0b9c0feb095,0.0371594198016848
88664205bb714f9a,0.04475702968492834
b978ad9fbc2debb9,0.11278741498414262
c82c9b618c165d10,0.07724296342278904
0b15c07bf352553a,0.13527294109199126
7891a28610913711,0.13154923844287286
ad4639fd4e49662d,0.04955440775021189
08bf7df7a564e646,0.07832706504542006
7ed362e9d16716d9,0.04334730567005208
0ad5b72ef7c0ed2b,0.088346816505706
511e654ff2a5008d,0.09299945202055737
c2cd9bde4b5e7a21,0.1342961989313932
5b3e02e26bec5e7b,0.12974858858526178
89c64c8f9efcecb3,0.10523717281844142
a8f6c6e3e62d6b71,0.061478204808611894
019cc0b8962f5cc0,0.14659556358403594
bc4e4242db6ccd37,0.0401303046805386
3fff2ee4dbde3d85,0.09257826516730647
dc37fcbe553235d5,0.07416947137446617
3bd0b86bbb97a337,0.05996110189209446
4992d9bc07447302,0.06729941510230994
bfdf1c0f0ba7cdac,0.18298701877763385
a6ab2d1d53fe912a,0.04532102152454244
1891df3302c7b348,0.04194213957315694
b9959e103e10b920,0.09214765123688708
0ef3c10f8c9072d3,0.07207460409238398
a10619d97fb76c2d,0.044115733841435786
0863a38392b70b67,0.07198860531042364
60b64acaf466a536,0.12908674473756687
12e3e5d6d9c41e98,0.13121425608209128
9523154e7d045c29,0.15990020733991694
c75a93ff5b4249af,0.04216728522355434
254953a015ac6eeb,0.17914998226515844
800fca2f6db1274a,0.03995034483826443
495cb7b810650027,0.043862098090984875
32f2ab9bccd62523,0.0696853954575044
710c1a24eaeead5b,0.06196953406339685
bc05e8a0b1a36967,0.08881937461605968
7f9c858cee39c32f,0.07554369511309511
d943890ab2a0dabc,0.1136731169556696
e8365a58644b452e,0.1289886865907668
8b6555b1e2375ec2,0.11184510242487684
2d05b7a2752c3cd7,0.07055857822150137
cae674aba0ce36bd,0.1371217464579866
ded2185f98f5d222,0.13425080133443568
5aa4335a084d6172,0.12809973412259357
ea84e8283949a22b,0.11528325809488936
e05b38abdcb5ba20,0.035644228788983344
1a8232cb16668217,0.03176474360125038
964453e5682c98dc,0.09013075306619113
6220fee3bc1e75ff,0.17214163458731904
44c74ce2f7dfda22,0.16175144109970602
0e420abbb67f6653,0.22592947294863486
381d753868abf15f,0.05057833961522543
c90e0c45f7fc22d0,0.04016642412623545
28cc75a35f51a8f5,0.13087537650844477
3ec9f6c06061e5fe,0.16473033579399934
b014ddae55b634f3,0.03943309420948277
90879b42c1e54236,0.11849220597605474
7e62b4fce61bbae5,0.09865353723020487
6e384e2ddbb3399a,0.08099576660621435
6f07849a73f44a97,0.19968266545659918
f48a2f5d095509de,0.10259991633532077
ba999a22ce5b3fa3,0.16478522023879558
ba9181802cbd9401,0.15730796553116583
bd73bd26225890fa,0.04597693117460986
64c38fe6742e3036,0.05462348704485324
df243043992dea1a,0.12164566965641775
0119114d3ccf9eba,0.18699485204863067
f21453041c1dbfb2,0.05324398149952587
65850a53164c135e,0.04880474073631324
48527244bf10d792,0.07137483092615449
cd4848b0c5d09b82,0.10224854689738223
d29250c293d24f3b,0.11633024774019123
8e49853ead7a7782,0.05939388586975784
c4468c09563855e0,0.09071050604176431
06fbbe29034b7d22,0.048915917590884844
85f4de85a28f72e5,0.11120462839258534
61a2fd323396df30,0.06130763234004724
57131a5c1fd27b0a,0.07565429298217355
97148caf47baee80,0.11720699086631438
bc00a7f9820c18b9,0.0520305751052005
0774fb3a81023543,0.112749680836796
26fce92bc23cb74d,0.1315619333317317
c97cd71a9a738f03,0.09038220433106126
e241738a2d4f1fbd,0.1465034054721145
da7df03e550c90ab,0.07739759138233857
35c07da89ceda890,0.12779342282216957
5cf499e1908cd296,0.09338898577883464
d8e67e20d907c472,0.07427106494232524
f3135343f9e7c1fc,0.18056797348053388
35e24477ff3e4121,0.09398666821672326
ad3c1d21283a66e7,0.11046779023719677
fa88a2d04837aa67,0.12977391152814047
3d8cc5538995bbb1,0.02614457987010312
2cd57b0959ffa8b8,0.060775630247473594
abf05406b1a91bf6,0.17951014909444404
0f7b3fdc5d781296,0.16213856113239689
03365bdfcc4be998,0.056993008579189486
b46302fe840c3d5c,0.10011484098724985
b1f966468fc49840,0.06694625618698957
6adafe7e6a6e6865,0.1923201165653394
e92c7a5333472aa1,0.11260903837350981
7eabeacacbf8b37c,0.09267262475173199
655d9a938cd682a0,0.138929996403731
a26607cfecac0d77,0.056863621574190726
8d29e784c2fbc4ca,0.1673811910383885
0552a72825b82f4f,0.05830921692245102
8db26f10038d6705,0.0684626501939527
0eb4f40d8b4a0e29,0.07581908716287669
a1caff7700882d18,0.1537805002839372
ee70a37197156928,0.0508550997149811
6de1b2f62b6369e2,0.1503198333927978
9c2d074867b45c86,0.06844510475196842
36c975ccff63cd9a,0.11277333242340967
eac85b26c054de88,0.13091368247982071
318d374ee2d57a71,0.09915400009778945
ea743176167975bc,0.09087466674807805
3ab9fd28956b4c1d,0.04286322146569839
478582ec139d868b,0.1129603023195709
fb9d44e71840eb0a,0.05632335624906621
bd4fd0a37b2b9312,0.12738892308085822
5dffe03302a0fce9,0.16888023774187577
d94e1f4138ee9631,0.08672138334352834
298ced22f474a1c7,0.11048329966423684
0268d1d90c8858ff,0.08500123709834488
84cf6eb7514ea305,0.04704319946471696
95d0de11255bad7e,0.05278241979469599
9df308f6f0758e94,0.11429363061640335
b0fb6fef1f3a5762,0.1061471023248865
3fe46d292459737f,0.037603928931866815
6bf62b52eaee324d,0.06362385809551142
8b6a50f8f0d1474f,0.1550808031517134
89833118f346eb37,0.05009849752254089
48fd781830adf147,0.19838570471632105
209845b666a00820,0.06383385226968771
f23faebe09506cb7,0.12158089994655076
5f9584bc58bae0e2,0.049628477420464265
a08d713f9ab75910,0.1149111361038763
5c4f577995e30921,0.1713478241320367
db21d37dde61a7e5,0.08525645156632938
d22dc3977ccf9208,0.08726080840307708
d0fab5e12cd60c77,0.0418693963234075
5293676c6774f75b,0.04430876609826762
d3ae1f0b7031a78a,0.05647171540753448
bf57f1265cfe2fc2,0.08264415824898191
468b54d83b570a50,0.06345247599598038
134c07b69f25f030,0.10652996910705022
2cfa14158d7d3661,0.09817176308329761
a87b1a98b2c48b05,0.07039527754828823
c0bed62168e9892d,0.10901382990598775
fc44e0d5137363f1,0.07941138829697192
1247308f81ebf41c,0.033362747072811436
083caac4b6cb4eba,0.12537419406901895
a9d470ae3ce0af34,0.032448062903704236
935c423d001e7dda,0.0626088854511301
d096b8795c71a6e2,0.17828964866001348
2acc0dd1e03e59b3,0.08003496566897252
bdba30d6e4c5095a,0.07535848021860911
57b0ac86659a9329,0.12593747012571413
23d831dd1ba487be,0.036317481901779025
628b14a47b392334,0.1316260958521303
76a400c7177ea365,0.07191930108937897
86ab9bf8f20612b3,0.0849200088441036
fb26e948e7444ee8,0.14749240624587265
367ec7e6bfbfc6a1,0.19912697635714277
efb297fa666f7cca,0.1675157403648077
0a0f715a63ed4738,0.08147440664652149
00b759c30fbbcbd4,0.16766671354993926
4c133deea22458f5,0.14610710443228392
b354cc89789a3136,0.11188653408757009
f3595bdad2050118,0.06462070114611099
2171a4f574746f33,0.09903867655810247
ce89301fff62a739,0.05450822214056812
f4786178a6026169,0.07590638124376797
e1db1fa3be2d2bde,0.10306351272175056
05b896a0d6b00e98,0.023051304621514758
89658e4ea0b49c47,0.16181343497930661
db78c841ae5796ca,0.06154452643339941
6af4698b636d1c84,0.0795274410673258
be3f82b0567a0962,0.05558731946459583
1dbeb642447425a9,0.03365032499330163
eec325cdb9dc0154,0.1197936516273882
cab58c1297ee8294,0.08207915287378999
97e9bafef493dc0c,0.06282020328280015
c738edb5352110f8,0.0796777200858842
fe298587b58a6ac7,0.14188218929600563
b01b2bff457f7030,0.06473187612835707
599065c0cda14c65,0.14126229086959383
feb91e47c3d327b0,0.07794391708880843
1b0d5c427077f7e9,0.09867261203651703
6c1338d0338c0bca,0.16048608439359027
aec29f6d68d9e001,0.041081989447605397
c6567adae6722bc2,0.11063514022758952
c6e04efe9811e16f,0.051486636646776454
eb86688c957ec913,0.11279662984702286
a450a6576dc20dbd,0.08446025644997796
b700f2322066f731,0.1640216583919349
a4302475b7326abd,0.16766685333558412
af5f8038b513a4c1,0.07461502864128008
0d73ab8c4cb1fa9d,0.16911571583278812
8ca59ee3a85773df,0.04587326913929516
e3f7ceafab0856f5,0.05906051294045148
2445f30cdcdf58f8,0.09694356191139555
23b0f57c015407cb,0.05408841514577826
2750f1a3f3525b16,0.04614159782997029
4d1502e6806c5f5f,0.0673795689421899
9cd2cc7d553443cf,0.08374644845131782
5e314b952cc18869,0.06764287112548481
e8851ddb49233587,0.13582264104699385
6339c240bbb14c01,0.07814397935816561
196ca6bac51b24e0,0.09335514239019178
ff664b7817ef187d,0.03232368210509755
1f50f2cb8e01a9d2,0.09514280047128812
f655a99b43cc6c6f,0.051560634046390365
2dc6d88fd87d67db,0.08549418016906636
b61c9fd4a46a6bff,0.03151710547143167
478a862e9bd10007,0.10362414135514258
0b9c9bb9e3bd1c5c,0.06548743843886318
8ba72175f80e2cb8,0.07932273609503215
80bd1c42bca86409,0.0901922048466129
ee7025a20728385f,0.07621263326531032
a94a734822cd1066,0.09627791235889978
9e445d829547acdf,0.10517754584436106
d08fa8b4d19b0300,0.1500658744241969
8ef8adecee83165a,0.15296601419885658
476933f8311d441a,0.12413755265562312
fd9f323abdfccd58,0.08485699890215431
fde943f5062e49d2,0.12818561072213033
32e1723a53483290,0.0698854131152741
3189ae9ce5829fb1,0.17320057011612805
a691ae869c7c7c20,0.17216046516029787
aec6a61870dceefa,0.0966919818660024
301339e42c2fd935,0.1217010191300571
33bdb599f03ad3cc,0.036695105158643354
ef958079692354ec,0.22120819816972362
6b9de167c2e2a382,0.12794962498125506
81a3aaebe87a402c,0.057378210678123695
78734bb73a549d35,0.10124135125439501
801a31247ebc0426,0.10261227694250163
703c72ed057e80ad,0.15474890484814885
d512ce41ff14126d,0.047377210979634654
b14adfc6f2de5274,0.09398635651741984
3ffc252e11d8a5c7,0.06383050091302163
dd94c4e414636803,0.07132685297834282
089a1dca65e44b84,0.09160045337759545
95e32e732db3ccdb,0.06423071584880354
aca38e8f736ef297,0.030994468919613986
78b2b40abd748fc2,0.11878773309583597
2595c73b081498d2,0.04913168294618568
4821901eb98463cf,0.12304183764765758
81f36fdaf2813666,0.042862826490298475
1e80444ce87788eb,0.11805844009040055
47c976d0b2db324a,0.036975945930651705
76e7956f7212a4d7,0.0535714502875804
2f42d37419bdab8f,0.19241009061645575
460717034c7c127a,0.1568580688142755
f46b154a36f88b49,0.11332353245935761
af4a2f1334861acc,0.14635926216318906
cf562fd6a1ec6763,0.1031065841381834
a58fda4597ded16e,0.07978167599553057
7c5b545797c724f6,0.1806579079337352
cd2d2cade053f8e7,0.1651817782470667
0d42478d5f847ddc,0.030709792707616826
fcdbc1ca107a390e,0.1403769188423527
4a6cd78198d5a5ce,0.1610196402480463
13c39c2f8d3cd810,0.03193094318228151
c79d8a5d80e7f04c,0.04048296196071453
51a701717aef4136,0.18634839588968033
4e8d630667c21f23,0.11306262478403237
9b8e9dc382061f91,0.063607100323269
fddd94710360c28b,0.09540147909642047
2c33fa5f3f2d5e24,0.04455316715900157
3ca87064dc34dde6,0.11052937436908328
c9d8edd3fb7bf971,0.08075263178549899
d582a1a34b5b977c,0.18115359688220667
2fd593bbcde3caa3,0.12774280571325197
d2f2308d5fd09adb,0.069102299809571
dc6fdbb3f28f8f2f,0.12752181581654423
ba8e32a15085aa3a,0.13536970551473873
3ecab659633b8be1,0.15533538344675837
80f14a6b7deb5266,0.0750634932830216
6809016a071b3b5e,0.12793614655085006
d26156516af475ee,0.0981249909443804
7946e76f5438edcc,0.12554711516988376
b11ee2ead8527494,0.1269606356790343
03e49d963acfe851,0.06189796324523892
4a3e2db752cc071f,0.20960237459015243
6e5157888073a37b,0.16259710132405764
1f7bd653103f1863,0.10765164326145454
5cc0f066c9d8a28c,0.12081878018452621
61240fe8a4dc9a2d,0.09164595848269882
ab6cae9885409088,0.14017744300850948
c4e40432b0ffcfda,0.11117340337274631
1f7fbe6992fe8f33,0.163689381123987
94953e6bc4d48c7a,0.07958185584479202
e1f4fd779b279dca,0.17687861107269767
38ccb655faf1cbcc,0.07116383619876931
dcc976ac3a08e676,0.03301789694896997
8a586d58683ab8fd,0.13428834829037975
9d1f98568599273a,0.035176302895989144
f5a4bf16401623fa,0.17118510582900026
42c6f25951f7db7b,0.07242260990152861
673b99f498fb7880,0.09564923210020522
e4f2c6820273bf2b,0.16451634302938534
8e7d37f34a1f3efa,0.18773768127907178
ec4bdd78abd81c4d,0.10863573318642111
a15343296b9f6f42,0.11224202816158532
dd76563555eb67b5,0.1241515639287846
3ce8de8291ffa6a6,0.17930938344320013
1d036919bb298ab6,0.05494533596644488
9579b233e83fe284,0.05251690223302237
be5c561435858f1c,0.19140824918756288
5cf1d9bf22b73559,0.15311603007111213
d5e3e7616edfb5bc,0.04568557810106245
ad00da3aa56f4d7b,0.055638319267902
0ccceb1154debc59,0.13043847656928262
8e2c8545bf82cc60,0.17990096668841904
d62e1e8938e1c97a,0.17347994954893833
a8dc86e602a746d3,0.2621276536166153
c4329a7f54415286,0.09978538762080702
04ec4184a6a2f40e,0.142756950248707
a8874aa6ff7ddd20,0.06316602039939043
c9a607048a5bc5dc,0.14803529811544477
002c27108f6666f6,0.05843365617463096
e4f6a20915cb1601,0.06799184228435745
bb014c28cd6924bc,0.11876814470627295
196e2f507f594bbd,0.07053485770955067
9f1be9fcf021fb5b,0.04344156986281661
9391d5f366da4c40,0.12090919975860091
3453a5ca3d904777,0.10018734816589697
686ba22e52de9068,0.053435283229934266
3553eafc050e9c0b,0.12174177173783302
edab086e1fc56c68,0.18433606525134405
d79a009be9287b82,0.10361873084367891
b86e1b1f8503684e,0.1170866948827218
9ad70763cc07c36c,0.17925077395870734
419885390abac7a1,0.03142606081053537
70bb28465e350bba,0.13476738784049658
d2fe3be15c7a040c,0.10199814896936188
df051580b1fd88ae,0.052139494529307856
799dbb3bc5de0bff,0.14647744539144958
c18575ea64f02a42,0.16630348459187136
bc265e458d29169e,0.1619213150505763
d59c94219a63b100,0.14593116757890948
0b79c6776df906c4,0.1337563955031721
1bbd089c39955fe1,0.0753797606660809
e07ee63645347087,0.08784093958699399
6795923abfe3b196,0.15287644318589208
f23bdf1e94c91124,0.0788619367759006
a1fbaeecebb55865,0.03791728409813982
bc95d3915a49249a,0.09392292471845412
c565efbb2d18144b,0.17524625100995403
321866d63b3b1b00,0.11214062911985756
50ef5d8288aabf7e,0.056523686254141704
3948549457628975,0.1594140333589968
b958074c10bc601c,0.08665727084266375
f075bd7b8efbf058,0.11821570193124248
f05a42508ffff350,0.12092652698785908
3c1c900935bc3285,0.04593477814426686
cba59c1afecb3734,0.1088335415778389
013e1691ae9f7898,0.040544716105229126
ff4fafab1f01bf0d,0.20740660456700916
16a52132c026c176,0.07004711660352061
7e6dc3264a60f3c6,0.04572590279217706
fde7be20171bb23d,0.039239181786731574
4709ae8a61f423da,0.14379629366065697
f2f7edc4fdecd842,0.029757362832263587
81421fdc47bf7d1e,0.09005193106155314
e130b6363bcbe974,0.0508267353677179
8b5dc994eb4224ef,0.08363025066610782
ced09e40d6cdb2ec,0.05810029970177964
b65873d2d6509482,0.07738652440922421
d663eee7b55b1c09,0.059783456498178525
e8ac634318c1c070,0.11602962582786955
9861a481912689da,0.047640687075133956
c170f4b630a3b239,0.28472455149700626
31f66aa5ebaf2ad8,0.10561032652273114
31bc47bb1448c433,0.04120577051291773
79eacc58c9cd0f29,0.1787375208797236
32cb3b1b23ea545b,0.06153485440988813
89357b6904f7d6ab,0.08821866753667085
0d9d1cf89bcda082,0.15342292790584183
7c15e3fb5080a6af,0.0836439694278957
a8580d9f4b1f100b,0.14251182983883898
ba1c0d81b8bfcda3,0.08468988877432015
d5c76d632f469288,0.17902783632322175
4faeee72bb8b4acc,0.054798580523710276
10875f7f7d53acdc,0.053376575976402794
3fb5a4da63283ba6,0.16599107874321842
6551e600570cb09a,0.18776656884642107
6b4949612595764e,0.06831582409633356
d45b6491898d0fdc,0.06493191856043287
0c40fcc6d696a66c,0.08451353990981147
74607a92b5ef932a,0.04496717688963908
e7bf586ef35ff70a,0.06041331212222028
65e0da070f27aa66,0.06405977154139708
38a09fd79a425aac,0.08609737513136319
aed136202b0b58d4,0.07076111846493734
5f5b7b68b01d1299,0.195235911208614
cc5db835afffd307,0.07874393097962273
d8842b37f5416b48,0.1005746276623516
d8aee4335af252d3,0.06706973141759232
00494862dd9b9e04,0.1074943109886105
95d5441c82b1c46c,0.22837370895496362
c6e492bd428631d5,0.08952130599607966
598200ada2678880,0.13902433764782363
8094f4dc74add0aa,0.04488475524208457
6831a0024a1dd23a,0.04710296638230186
d56926e610462f66,0.062736984208417
bbe39148bfc2e434,0.14190812803605593
1a07a83f589de802,0.10458912466364872
8210d5a233d3d65f,0.03114295455495865
ef4e598f566c9558,0.06965809563555464
c02b919584ea5cd9,0.05248744706647275
68bc1f08eb5258a7,0.1411106999555925
d57a9ae04f68912b,0.1254669042057022
fa41a48959374ae3,0.060298673894772566
5e725dcb74b4e75e,0.05529628360019367
121dbf76a9cf73a8,0.18124083309771064
a2383e552a5f2313,0.05100282145945385
378738808b201e0f,0.08150570925284434
9642ee1e267eee82,0.09912846884006835
e55cdf82fcc57177,0.06360264674204252
2103c3d1e5063e3d,0.04964783916436505
02004dc8e2729e0a,0.07579570203301576
95ae4af4bade5009,0.08823973603428809
8a4e103c92d62a5e,0.15518356876479655
c4414b2ee31b7e94,0.08120984227242785
0866387e16259486,0.10779493673228935
f0b7e616767a0197,0.08730048180658925
a86d2f80a3468f5f,0.08240178860988615
691f9a97e9645bce,0.0389052334120016
2f2e7662f26d0933,0.07677224007981828
72cbdcef4a6b4f07,0.11660610899744774
3ca15eac9b7ce8d7,0.11958665426417525
d9f713c872a26c76,0.10802116638593659
38c5cae3c23f24a9,0.05637145300053742
80e12c9a6e625e7a,0.17434626426404326
78211c4fb5585628,0.17066736222074438
59e71eb2f5c7c432,0.1381535329645736
b7abc4b3e6ff0e3c,0.05144879150315354
42eaa77ee15f2ca3,0.028986176980906782
bb8ed5a0931148f7,0.041276738277974546
2ca7468532706e2e,0.06030996931917336
98791c70677eb76c,0.09823122843835048
e7ec6ff3f296ed38,0.06585268848574284
7845f67130f900d3,0.11834013230839781
fcec4d0ce44eda40,0.1122175017245216
0ac91fd23085433d,0.13803344494171077
ff61891d90f930cb,0.0694740114395019
41fb4a2210a6066c,0.12905475327584542
4c7ebaf834966e32,0.03572960670193189
81aef88d712fdd5b,0.07894357388825772
36b0ae34db90ecd7,0.1724195604004321
72fff2ad28f42426,0.14203593779156742
717207649c078f67,0.046925545576058394
925d6e357d7ec158,0.15467727115442867
effe2d48627efbe4,0.08414800622219103
0577c43390d4bf43,0.2502952507100045
546cd9bb6f2ba820,0.07259595983823257
8a47c92c6443e7e9,0.12420395190727271
bc9467bdc8642922,0.07824279136193525
af91160b63f1bc90,0.17104845497492258
464ea9bea5384944,0.13046486410624408
b838b4792a3c540a,0.09849741013558659
11fd6e717c95ce29,0.13958331637536098
b1e2e5a1c0f42f8f,0.10799232143988143
222e74272be1ccd2,0.0872028472679639
21a85a0b474e45d8,0.1018189792293564
5c5c76ce21ac9a03,0.03811490780753082
98c3f3c5243d4fc6,0.04865906654026977
745be7354fe05a2c,0.033603732128323294
ebf17df229daa6aa,0.09032958734494956
14929f1035ed296c,0.12328838984358925
af1bc354186d653b,0.032209333363181755
88e44f6549d78a5c,0.0475930247223747
1a5119861af7675c,0.05094355012039055
4675a1f396e095ac,0.11486294796641969
306fd63061172f24,0.03197853490546853
68fb9067ffff02de,0.15114448835313346
93665736b22ae558,0.07861648502302519
2f3252e131fb28c1,0.11690811714411181
a90bb7ef537f3ccc,0.10659245820763831
f8c47e6a1ab0bf1f,0.10743425199516432
7f335ac0ff549013,0.059775493604766375
e9c7c37b6584e68a,0.047028317953541864
e2f8c99b54c930c0,0.040581719399530806
4f0ffae34b450b85,0.13679695521223753
94e27d2dbdf9010f,0.1782276822006573
db05b31fda1c2b1b,0.10365589056747136
af64ad7d713d5a93,0.08984828642548573
4d1462da71b0efa9,0.04684749193766021
04fbab7984c52c30,0.12701187090171068
c01a62e78e6d8a2c,0.10303208038614892
74f8579fc40b2d7b,0.05618425564649902
0eb2d3b71cf2b61a,0.13939609755596832
57788504ce4c82b2,0.12371644740786791
9e7dfd444a9f30e7,0.09865343017615323
0cd8b38e5a4b74cf,0.06941307761632486
e8c1c982ff8a6704,0.09137590371397859
36bfe943ee63fe65,0.0863226822237714
998d9f62a717ccd1,0.038485266329377654
8069d4397377adbc,0.046821073833540894
ba8f312910226da5,0.14505696817908398
37faa0207a18eb20,0.1237474762089365
c16962d752780184,0.17184124904207526
f1d62e28f903e96c,0.09376608651884645
8cab416d1f2bc624,0.13052416857025861
b791af74c95ffa06,0.1720435021744476
05b113e465a98080,0.09128494865027381
b17d9630e851487a,0.09193822001260606
92981268f9d56f38,0.1312772877694421
76775e095989aebc,0.03303272264387126
a07f4266c4b1cb5a,0.05481301221152668
7b5b1f94772d1b60,0.05070688491870854
4f8ef604a40bca4d,0.059145371701515424
673f3a4c0bd90267,0.05778047412257701
58139d3ae9373ae0,0.15306168911032536
c24d1452d22e8db4,0.11328902059936312
441d9763fdc1b0df,0.14766923612601618
d2987a3199c1109d,0.13233797422604135
cab99a91ac2562ca,0.1391173150588446
df1222f0cc1e08bf,0.100971691077775
bdb610f14d1f9c0a,0.049428126220305645
d63652d83092f4cc,0.04597529906814442
dc121e137a206780,0.08546999026101801
e5fde6a720ffea60,0.052567446642015146
52f7118d77a951d2,0.05595669111501633
1b60cd7738483c77,0.12415482917531706
c7ef81c5ec66b855,0.19481148718651403
42a4005911b6abb2,0.19415340088384303
926e4ef2979d43ba,0.05218717692487741
936393261928dd44,0.12783631354158195
90b3943086a67cf1,0.0801911327692289
80b6c2497708cc79,0.11172091398308048
dc880492a16f61a0,0.1095672377699011
363fa6d193ea1791,0.05722381714230206
11443cec444ffbdd,0.18512249258026714
174e280d8c42163e,0.1523247256679658
d7fddec00bcd1345,0.08508168294149443
2f2a0292483de945,0.2034832097689517
2638757dc8ccf105,0.04441621502450445
af967b1ba12837c7,0.07822469871578473
6cf0ebd8925305ad,0.1881302364372684
0307e7dd94f223c0,0.03472725971639897
d86f818a421d896a,0.1499827604193537
95c76aa135d94e8b,0.0596176406987149
dfb2dc72331615e7,0.1619917849234207
b488c877787792d6,0.09481458003261167
5864514fce7556aa,0.09861242597092036
7db51b9dfaa6c3be,0.03539069883404141
475afd5ca8082909,0.11297298284035136
aef3fd34396adfe2,0.04689722388150417
e93ef7b1eb85a270,0.07626469131187968
e643f5e629c7ab40,0.030439304512667128
e9234451a7ebfa5b,0.08746383335157623
e8b95693607a1af6,0.1770403998274735
362e59ee5f24ba56,0.08618021658716839
760d3c489cbc2365,0.0556751784235412
cdc43a10fec587b7,0.17124061077118083
436bfce1b2e96ebc,0.14870101736064853
8364b88b9aee50f6,0.11214559593099296
49b33a422ea5bc22,0.19959568754725582
7c87edf2fa4449ce,0.025966816042250134
ae4d87302f77418e,0.058997243235505266
80504f5553a663cd,0.06812045076725587
285102ab56c81c9a,0.10324938395833144
ce75929520b6600d,0.18345545628730542
90e157fa590bed49,0.16800108584833964
72308a9b8ed351ac,0.10102984132030882
67da97f4bf5a43aa,0.04503885047795639
7a2c3503f50e758b,0.12342889475438477
7c277b093ca6e70a,0.04190747476869305
e17cdb698e7793a0,0.09402067696838376
304f33ed70c9905c,0.1385888045657832
f671940234873df5,0.12077123727585382
4c60ff51f1a98ddb,0.06805470762387741
357333ab581b26a4,0.09052601169442367
c12b50c410a56d62,0.0428243955547116
280ee73ea3f9a150,0.10682092770701813
9794f61f2b35c374,0.0490577616627057
99bef954535737b8,0.16286426672630366
164deb1fbf6d3d15,0.09029143659432555
17f64dfc919c257d,0.06001983250088678
177f1a78be284fe4,0.07081203012299955
6575a6e55c3aa52b,0.1267924106709894
e1ceb3cf89c78b04,0.08826486538806544
2787d14ba4491e60,0.10242711134074971
47283a11f402ab9e,0.13570637914177985
3e13ab75e759c66d,0.15039500383533638
565632830f202280,0.11578035680138068
c60dd36532e24523,0.1116509635950669
1bbb760f70ac35fd,0.06610371747107788
5952ee73f64f8e8d,0.09756487656358467
0d2e12deb5dc05bb,0.0811298986767432
93cf50cff9e70197,0.12524851083622104
71a0f1d3a79f9279,0.08952684452839496
ff1b97bfbc1de495,0.1357799530770173
152d66dccd700ae2,0.13013207591135698
af9475d72cb09bff,0.06956030888211756
50c6ae4f3f0c520f,0.09530688677599639
53277c274f93827c,0.12907843751689427
65c28bc2a138b604,0.15930148298489472
ab3f36de97ff5288,0.04717911457947332
6e673b3e05a86556,0.03822646426729601
29ade739f5ac47ef,0.11021752403661611
d6c96030b8564b06,0.12317828329322675
5ffe88ee98e246bd,0.03637248085859265
b75847a46dbc7758,0.05241773462856491
fd4f072e7db648e2,0.1694521926426623
3b600a791eee47c3,0.10392277149981227
3205c60644f3310a,0.04608605758638354
37edd7d198365da8,0.1385360970028694
4aed77bb42b6c35b,0.030890659661390586
70b9c5d2c47a6231,0.1316745021738503
5aee71b30cf4e773,0.031102281101160686
3b6034955fe901a7,0.036537945543215995
53f7e37ad065a1ff,0.0933882088408452
8249af221f0dfc62,0.07000676013844612
4a798f098b3ac80e,0.14741451079191767
7859a3365dc11f7e,0.11977503842830303
0d6ab61f58e22d8b,0.0737781377829331
d90f47b845ad8044,0.10292569017056197
908f76b67c5d77d6,0.07898535885721085
2e13d0c9efbac24d,0.09368464665110254
fbd3509fdc1e2fe3,0.03965945564852835
d0c07aa05dbee8c0,0.05482163230352232
e2066400c0c997d5,0.11961617769870413
9d002016fad484c4,0.2168906962042072
18105a09ff042e04,0.08553288870783184
97dbf62f03867f4e,0.08474615600168728
008e7b56ab9053c6,0.19823536088351332
e382e61b69858e84,0.03327943521836975
a02b2c12a9b232a6,0.06701957172590627
5d4eefc602f1a815,0.11469699613672728
8c8faef5bff7b3c9,0.0417464341274424
8ea4fb1f9e66fa76,0.03338642750798601
22a32bb8f8bde6fe,0.15866417921032316
6a655866f90d61e3,0.11908348645298028
b15548596622ebdc,0.047496389467824224
e6426b5a54e4a972,0.136114496108612
2bb1ea15970a2de4,0.05350060715488754
5b2c1fc3ca8dca34,0.04290570112263409
b26bc3d1078e5a5f,0.05562442717944455
9db2f38d40ccfed4,0.05837833822693941
8481c054b0537a7b,0.14371958540029717
c4016925a614e39a,0.1270151545617137
a6145b00b87ffbfc,0.18276946561139462
856c1f1b7a16dccc,0.04023102635247647
5db9aa657576b123,0.03564334233062831
e6c91e69fe022b81,0.21410866099197945
18323213899682a7,0.039740584894655866
84aeda77a9eaf7a8,0.11877780223202337
60aa7eb39a1066d5,0.14720391973666233
011908fe41b2ead8,0.1898367965026092
95a236faf4cbd0c8,0.12599296608248153
c58d93928c4b43a9,0.041740936760624146
e3d5116d0ddea646,0.17316182298985558
3d33771711b587e9,0.12138582705403102
ca902179e21ff302,0.14070893529090162
4b2142ee3d149d15,0.07779163416112758
d78803f699e1394d,0.13484522535815435
ef2d9881a6438977,0.03599009586371804
3b5fc032ae2a290c,0.06262863753233183
9d5473cf79999f4a,0.11187139636363996
9aefa72a94558b66,0.10774536745545382
78cc36a16e5afd3f,0.07265494506153186
0628d45dc33a5639,0.14627487252264382
bc63ee6da23c5dc0,0.16456383774107802
5a69761001b7342a,0.0850976596120758
f5384c1b33a306d5,0.053579018097710575
9f4fb39fb6e8b6a8,0.15668727887202588
f7787ed37e4b9d05,0.11954072342565288
eecdd457b6c7edb2,0.16032760524847722
f36c01f2f7fefef6,0.15944093044146146
abe3d414c510a7dd,0.09394984966664185
d1f7dc9b905e0fb1,0.0535499618393993
a97c23cf1c8d474e,0.07984594187561533
fa77ebf418dd2361,0.03987352706188717
4fa91df3f09b649a,0.15838588063423883
4c40bd5075d26ea1,0.17606929857011944
559cb0c10ea413cf,0.1173585430127797
b07714f5d0a305a3,0.1308971323297005
ac26d06332fffb35,0.05690957510583782
f3a18a7976f15c5b,0.05873834973301675
bd610a8daf3173f8,0.03126808724350191
b4db2ea448a373cd,0.0453615201561379
a9e601aca0377220,0.12917886936101364
7580e5af192dbd01,0.1526879422810493
3b50e09f1d1584b8,0.09909663762691778
e752099897ef3c84,0.03582530287403378
9e556374eb31bdcc,0.08121538520047089
09bf3001382d4d51,0.05045391609392785
ac4f9d21db6d0551,0.09002379223095985
bab162c780dd5d3c,0.08875023303959599
1ac05275c95e2b9b,0.052630391517055244
ba53d76ac3815303,0.13560848458249813
731194026ddc8a00,0.16332862184908087
565ccf55ce0f19b3,0.060331896227861975
c610846e274513ff,0.08343333029302163
4f2f55e6f8f022f8,0.084864867729365
171594c12d4f22c7,0.03506469754406182
fd9a29be83f07915,0.05589121894680575
0e69e13d2585552f,0.17698511461100394
8458a25c7d299656,0.06630106036147276
36510a7e2e8cf5e6,0.15153014843283305
4c689c2ab0b1e458,0.14844088226145796
bbbb01b896a60659,0.07623917727375062
95a6091ed902a1c0,0.12285472002688999
226f1fdbdf45c3f3,0.06299974843029033
b3776535f92034c1,0.04709653288205141
e136a41bbd9d2ebb,0.1423624799751882
2acab7498f95984e,0.05121582609228288
5a97d6bb500166e9,0.09055816474277287
53ad75887ce27a2f,0.040330289433131404
4bbccacfaab6a76f,0.11080087953929456
8d5dbeff654a20b3,0.03413348830044037
885918cc4b58a92d,0.10094865721939268
c33b954ec9e9d53a,0.04862163527492081
c73aa72e6960366b,0.08661094133068288
28c265c8e738031b,0.1775226840883369
16f59244fa16b9c5,0.1358847978320867
ab1bbd20f2288ef0,0.05561244022608054
21ce9f486720b00d,0.11028739366535342
ea98936cd5a062ef,0.107132445393046
092b99905affadc7,0.13289017102563588
f8a1935cbff0e3e2,0.11114902339379883
557ff2105e2227eb,0.04320615016625681
e28b4c1e7eede953,0.04404781894041653
afcd2875196e3514,0.11094127866116038
622d0c5c885e5d67,0.09738814725729701
5ab123deb8c8e0b9,0.142020583189723
d70f7077ffdc3675,0.09252876536073704
ec0e23575480409a,0.12114470702561297
c42b1312f2466d13,0.06086899015047438
58f7c9cedf508963,0.1820864849674696
483a6a2fc6820e34,0.0674851119823998
9a410bdaf99ab250,0.14635654049613517
27d8448c7743312d,0.1170836914400291
d22510648b60b80f,0.8625549117197676
cf71cc1d5beaf427,0.1413242243257669
b16d96c422e7686d,0.1288162367302386
f3bb00d62eddf347,0.04503358270363886
e7ad214e8e1b87e3,0.12081362431587978
a149a81fa46121c8,0.05678137464598865
954ac0304d013ceb,0.13685643313426527
5fb61c8caa291bb7,0.05310291421394059
b3e6b65c022e07a8,0.13146263304476563
014590f5ad393d98,0.09745213266300015
fd3098a48d0565da,0.02661750659124295
597dfb91140f7a43,0.047475604860347846
29c72ad86d92588c,0.041825916167399946
46403e8726688e63,0.0346410289928673
586f9bad93615a9e,0.19976963949171195
518268ad7eaad020,0.07313558382254652
eb68006674ff7853,0.11145328156197776
829bf94f3c7511b9,0.08105476817980685
472338feab38fd63,0.03938369575818615
e2eb7c00452da3bf,0.09087780538111319
264d5eac0a3db4c1,0.13245680797239276
5dd40ed8f6931f40,0.10267102237880486
ea07294f7b9321f6,0.08816154965799584
800d5b199211d908,0.04885411541913117
c26171ff73291cde,0.15392757750510805
9b039401395029d1,0.06183269377204041
149773fc93e82e0b,0.17897550473973478
377962b226c4354c,0.057229368427503
b33ace47f8c9cce3,0.03649690371155336
5898aee0357167ae,0.06363987347367565
5011475bc46160b0,0.05205366442706915
49403fb05b28bdc1,0.1539604592710908
d64f9b8328cadfcf,0.1464840273933094
8347b5a18bb84a35,0.08004383125702491
a72c9158377598af,0.08427187968640315
346932f67e7d808f,0.12455514104897522
e4962aaff0cf97fc,0.12829014324052035
d63549a6e599cc24,0.031226267974657357
d013eaf626e99575,0.10425573057528631
a7c0072db3d224b7,0.12421259266268136
b87493b15c6b1e21,0.06604649777485616
cd6d6ab0bf1601eb,0.1039324464977086
fc7b0d78438f45bc,0.11798112927802878
b53e88867e63ec5f,0.0978759635857416
1e1e7de7f17a14fe,0.0942733028974109
fff1df28cf047de8,0.09151437362683135
9a4279b8c94a438c,0.0364488407976879
d1a19d29c2aa4b9a,0.13725514708779835
ea65ca7ec57132e3,0.12599212820684527
35cc6e8b29ac28d6,0.19225943875215948
35cebb20cef64701,0.13837462039188003
03c27c6fa94b88b1,0.039403384026908114
654a7847a4c3d0a9,0.17794702218022124
d82da976d107c4ef,0.176538896256663
0f7cdda5aab7cb9b,0.08031811060997954
511e61b096246922,0.06316930606023959
9bd56be8ba9524b8,0.15770396349176213
08980e1d210b6aa6,0.15854855289995948
c84430f350b3a159,0.0799611352966339
152edc8f6b8762bb,0.14619318993343008
a4a8682aa22552a5,0.1334593974500759
5448387d25232e4f,0.034676266318788826
86b5af3c99c2229f,0.05207270610855847
a243c84e17ad5313,0.10780737920854899
1cd4111d9e2c14af,0.03598080841250303
d6596bfbfd4cc049,0.1464244346714279
5f6669357f9d2602,0.14810914794033286
8ce4d3415fe4440d,0.10183599216879768
b7804e0aef5425ac,0.04321764874451974
a68ac8503924dfd3,0.15710066601674386
0ee54a169cddc5a0,0.07935801209455128
91e67962d58a2196,0.09451767987082094
337f92313341198c,0.08818121986221694
62fdb17735fc24f2,0.062070541824231405
32070e417cceeade,0.10128747530017906
d10e86cc3232dbc9,0.12104413607125367
9e379ff80b817265,0.15834572368151906
cfff3503c56dab5b,0.03418302867934922
9f21d3f021ded79b,0.06825925845720768
5fe69ac7610324ba,0.10546136078264318
fda80e0f061a2a2b,0.09159430755161481
e5f50a39b4e83fe7,0.1120136550077929
b7ac8ea60b369ad0,0.04431267171299845
f4aefa9fc2e0d241,0.16631947057645174
0f32bcb05a22709a,0.12206704473573939
13334ae771ee01a2,0.1112467369587963
d2596a53564c0b21,0.09378271801776666
1a90578444c1c9a4,0.061707812800517715
38767f6c13ad1bfc,0.0936037438940848
8d312d36ba150056,0.06303467871091084
c4e9fb7cce4bc726,0.10014648601171339
9ff220beebc71a5e,0.05171418223107187
24bb5e20d933da44,0.09972404591567641
42f6ebdc63da37de,0.10468055891992745
39f065a3b51d8011,0.04624462573347954
adfccf4de2f8f9e4,0.07723387034272566
bb73756443a5eee4,0.0903556529530953
0d9c7ad016175e4c,0.08555965858659553
01d6dee3fee929b0,0.04436798267216334
4c94ce26b7eb0794,0.11708938735758406
184edb2637a41d50,0.08043447285900959
b14c8ed6d2ad7039,0.03439423731627494
efdd1d7495765245,0.07128115187791018
affe3b0f590fae77,0.18428012969936702
3edd7de677b91b05,0.1091545415173571
ba9e4528463c5dbd,0.07765389919073161
8be8330f2029f548,0.06901242572154911
df6e6d77a02918af,0.06092499124554874
33d9746c24d2c070,0.07879746846073493
e51c785618029ad1,0.14827304037240316
d53ca1e375f1420d,0.12641170081740213
d4133e84363708fa,0.1780849005809698
094a4df459f84f9c,0.049242108465478766
c95b97cbc9622e38,0.047161666399710776
8a243d50081a0a41,0.1243011127706597
f6f2fd05daf66b4d,0.04664242299360948
3b5e52e54ed29ece,0.12260247344301263
144d292add5f41e9,0.10700058112211001
49aedb77fa2fb4fc,0.1273895420644338
81e5d80b657413b9,0.14639268092107857
fb21fa126522b6e2,0.10595666710088297
3451b921fd37a93f,0.1315587572789379
e25080fc68263c8a,0.16811438635130538
64f0448c8bc4b1eb,0.03251150572624297
ed89496194aa19dc,0.07947302515838096
fb22f7c013b24779,0.12618747727708546
1590a07714e8a656,0.04310670364526473
54ae2ffdf139cc38,0.045901616376364786
96bf13f3fa835169,0.10178509517057535
559cc1345795571a,0.05529873052924243
325ad194b9f588f7,0.12342420069066559
13ff609306472199,0.1429331879772623
3c87f31b6953fbbb,0.032111365406942885
2dd14f20786549ef,0.09411027240318283
be72fb5da729ec70,0.04544046949001726
dea2b01ff6868477,0.11184298978753449
c7ffc036c6fcf66f,0.11618341661849257
67b0cdefddff90ef,0.11677976362540829
eb949d7c7beb6354,0.09916282077187358
72dbbe8ab710128c,0.10309946269214901
fe50a3aa77d27195,0.034013687076614646
b7dea5f446a371e0,0.07099990088820411
3b6627fce4fa7c6e,0.03535244985675562
5766e8d8c783a487,0.1111430240215136
818813e68f11c85d,0.09994748793848113
4efd1ededeb6af5b,0.07795666570898582
7339d8d336c0728a,0.0827329635702489
5932b86b513569c7,0.11969134617001122
667e3c34655efebc,0.1466272128230513
211cf2ea67620b3e,0.15230477052972471
73ddd41ae18acb03,0.0729618118357158
b7d7b9bb940bf7b0,0.17743001345770526
672de9994012beff,0.07151197075005229
1fcb989eab73caf4,0.032343377494295854
1a8eef4f4936cf0b,0.0633913471489123
181bfbae0ed5b503,0.026073740825906973
0144b06a9d5772ce,0.18851203793156418
a6d79b35c359d2ca,0.17283190695227788
adb1f5a83ffc8956,0.17451250991398787
7fe7578307634c36,0.21614322505970787
ef916f6bd9bbf8f3,0.127445724211614
261b4b9303f16955,0.1369963631507182
bdd3d57f2dcbf24e,0.04836205140075302
87478ecab9990b69,0.08107616099045724
00903281b49f7885,0.16916225348823927
faa54ef489380476,0.17734281733634077
afd67495e65ca43e,0.056885872537979776
3cfeab5f2a521bd7,0.1691178829430624
f889243e554a57b9,0.16497044849236026
1633226e5baee1a0,0.18928589866914908
09429539f12260dd,0.06559339117670437
4642f19a02b65fbc,0.04679134182084816
454379600a0d58ae,0.12579665398554019
806b67c9407deaf5,0.039788340935393116
64147a091385f1dd,0.045856430979926546
410684a9ca496c4c,0.04820595014566514
198aca03e558bad7,0.04053251441190685
19112c76b72e70ac,0.047444191942216093
33cdd595d6f64465,0.0554617792688065
b678efa350251d1a,0.18226602709552112
2773ef74c8379c3e,0.16588397670656868
21a85668c56f4a28,0.10551324020502874
ad44c67c941b730b,0.04673793047412968
afafaec6ed7cb894,0.16021354424978435
7b2afaaec11da7c6,0.0997789498871993
14f8df83cb5fb959,0.12481106868532335
2fa6287a9d075ec1,0.08936699591552427
a20301029a5e8b78,0.11380915933244316
64c226150b42ee5c,0.12477124316061006
7012b66ec38b6038,0.02670688028808821
334a43b3d7746442,0.11589245894127993
3e39b50358f01b64,0.10530924717882936
dd424dd258080c0f,0.10162496126068185
b6815449a050c02f,0.07656507605983451
786b0bb1d7a4dfb8,0.045211929485641136
bfadd1b4779947e6,0.1550452973721922
23bda92c60bb92e1,0.1748721655520047
20f374eb224e1a7c,0.042640398542933944
04bc6e2ce35edb4c,0.17732220546759012
f5fe2d58beb86d40,0.08303835775010433
203f3df885ff03b3,0.03832421199307626
ac5388e6680db6ba,0.04297199456193815
20a190db150bd0a2,0.07129940245463
03b8f432ac8e3226,0.09535280700771633
800d13aa581dc05a,0.13828112088111094
32ad97494e39788e,0.1547659051008262
762f69f875d0a0a7,0.11269698299414142
7102288564065a58,0.14492715758172292
a244d35bd0a46b86,0.11873916610761961
9fd85d10d8d80cd1,0.07742467397145571
cd37f417a290a412,0.13824907167593836
087a61efb373df95,0.05270342867449601
5cc1bb67fc9fa495,0.03577690502429794
38260167161be0f4,0.09425726590007807
377d6156aea5f7b3,0.14804339239218162
de73631ba462d9d8,0.03216673306315087
c6ad617675fc82bf,0.1606284583272214
53c0301b075c4edb,0.07733628459453362
d5d5bb7bc7475a6d,0.07607434694813794
2785f7c003032f79,0.0848614257229593
bacabfcb41e851d5,0.19205258773932868
930620d9c45cfc16,0.12186072109795572
a2253bc60bd26111,0.089001031663515
48be98b0da47a60d,0.04299255897747773
4192611de72c647f,0.10322406770383316
0a3e55a0415cf1db,0.025739327651024664
94a41eaf6c166f8a,0.040939609987003474
65c588ff0e6a0940,0.1074280367062738
7316f0f5207cff7d,0.13948584846089898
fb48d6120d40241e,0.0294848413397174
83e835be4b7da5bf,0.06497174684576965
be007ff41dfe8e33,0.18628382664348808
ae762981ec3e2222,0.17425906485243414
9cde4da63a470364,0.07230443831597788
1e641e6a0e15cb0a,0.17946852371868888
f1e1bfceceaf5b3d,0.04851626353755241
b33a9dd2d6116451,0.10669399445615135
6a00f8682a96e6c2,0.07322312481849622
4889bb3fafff04a6,0.04158652885526136
d83965adda3948e8,0.16035704744043391
35ebd3eb17d43331,0.1385536136712162
4fddbddae3f8c321,0.05887225394843762
279f5d02ec1d4618,0.14292931030901954
18dc05e08437b19d,0.1112287720921995
fd5e41a3afe867c6,0.07985125935854667
4dfc9b4693d64425,0.11041547337287468
38efe84b2371909b,0.029456504293047525
d5ab3634461fbdba,0.11913252772215902
88ee52d04ccee47b,0.13472396934728098
311d0a7d1bc40182,0.09340752844492842
ca3eabbb86d9d394,0.11525062395781616
0839345320590491,0.08032638582946484
3166da0225b35bf6,0.09893028130606454
4fdcce92f68b7529,0.17721281543273762
4c0a03f188fa9938,0.07906825636119964
efd671b84d562241,0.04456287991461817
a1be96b06611a4a7,0.09654362073966657
7c15209ba7808ba2,0.1519037912131438
b4fb7e75679d28cb,0.15215030580281
095adfc07a65ed27,0.08281149124679216
a19e6a028348c708,0.03148773417775627
bb5e510a6639b43f,0.12362043503655226
fcf27b9cd834eeab,0.039978028648987605
dd9e809656743e04,0.07118605484255339
9cf20fc9b8513a03,0.14279836101805932
d929256e10f5e94b,0.10159144908680026
c7372107d1356264,0.15655351594900416
fb002ae965e2435b,0.08429086820951291
891d7ae2edccb735,0.14176908434645025
33b3795f9d4a8ef6,0.03217566802073265
bd1c976bfd04983e,0.1102725248907364
22d26961eaf80875,0.13807260455251352
3267d0aa9600286c,0.11571857722163896
f85b98ab9c2071aa,0.04433814221099737
4b4c86d64f258caa,0.11773193029810075
af271d6d690a0b0b,0.03580907481142508
8b1bdd0f68e6ab19,0.05767671213285015
aca740ec2df56ecd,0.12586567507038063
66cae06936335046,0.1395276197943507
8aa96ed1f09b6e82,0.1806914186459524
fb089d648c0fd719,0.09673443682416241
b3b39f3310bed9f2,0.10581533932335795
4c9ddb6a1c08a7ae,0.029065663993432907
8dafb6cdb58233f8,0.2363663331026574
8512f25e0995f115,0.14987580433648223
3e89b24f6780dfad,0.10855891254038959
811b5cd3d60f8f01,0.10333058535808273
8cecb78a9a20021d,0.07547645149043093
c726d19506a1a864,0.05783790671335039
bb71d5690f654fab,0.13731622615415143
01fddb547603eef0,0.08931759772534248
c6592de36f791128,0.07111095935748507
ccde7fc6a8ec59a5,0.06228115250621702
ba6d1493e3a1c1ad,0.12717262637547053
7dfaf88276d52a5e,0.14315503700987878
c09d65931e21624b,0.16054174983811856
f9544a6dbd4caa2f,0.0371711772796257
b374ef23d5ca3b3c,0.10216124921390951
c51f8b67a66b5aa4,0.17499680353165675
4793cb7dc1d36c4d,0.13209694319007917
c4a77a4226cf0e3f,0.09180955572862225
11b46e06959d7824,0.15521055511843643
75083fbf03436018,0.12425760509500876
44cc96b7436e60fb,0.15693647279905798
9c78ab8c7f52b1ad,0.0844299589912826
27c3ba5b3d6374ec,0.04617491013477516
09bad77cec8a0ea7,0.08616909438351951
7e5eaee69f7e8e60,0.05828040586428772
9701beed4cb2fd40,0.037780877588055775
a886ee5f5e57d356,0.027210359239116216
43322ba6466f83ae,0.08756976211152444
39ac7a6c910dc826,0.07865191255168433
a7624810eab99b39,0.10327138496728402
27ce336c13dd7f0e,0.05174875888836429
35ec56371ec7bab3,0.14312847958234498
1033972a8d27b8f3,0.15648231377352403
246fdf152b78ea45,0.052795819708139645
67db089b7a0697c3,0.04364477599896427
51541de4865fee3b,0.0836047938983781
2e0ffa5c733d2a47,0.17439597289902847
c307a7a1d2e93ae9,0.16982433795339627
60775afc974d2192,0.08915609497323243
1af8370aec8adce1,0.1300372177666181
7adaed59e375f94a,0.06894583298682147
d3f971f17d9ab0d0,0.04450678154193204
f1eff57932ef0f4a,0.08615605658471628
b41ea8380984305d,0.11407091208372616
dac2137cd3aface7,0.16257445821365435
48da40bf199dedce,0.05692481088161386
2c36f80cd8d50da4,0.03640164953673303
e45c5c285ae25a13,0.12518284954842573
d57fa89c692abe6a,0.11711736911017107
0d5b889f910953e2,0.03940036611009102
a2bb73ef62a1fa41,0.1385527291861138
161e450caac64b0b,0.07247695573137145
870239c07fe84d59,0.20047729068312176
1a510d36c73a9190,0.09697580464795987
6365e056680facbe,0.11896445533266276
7e5efd56e82bc148,0.06609586679393839
8ddf8d226ddfa267,0.03413825263554014
aa2927ee663efd7e,0.06897541479344199
1969a71e6c309cce,0.08467820074859689
33e3103e2045fa64,0.05027237031912008
79d3953d4c100b9d,0.18406638284156776
8a0bec565c237aae,0.0782360009666016
e7b2425696ad04e1,0.039605522143184434
1585c48da5187cc9,0.12673925171411793
b508d898d174eb05,0.13188837605043474
ae96ed3d88eb7aed,0.05402091961205821
3780b01a20d9aafc,0.13783637660833925
5d2ea0bc3f49f99f,0.1238823322445367
609566c49b16621d,0.03897545049578358
52a50658bfe832ee,0.08853237386052822
76655f684bc2518a,0.06941465752059509
507aa51e38d00459,0.07443700273753512
e7edc5fb783b818a,0.04983139803015891
3488c9b765c1219f,0.04537301949375538
60726ee6707bab89,0.16808671229599884
724b704c54783fd3,0.03455039339552155
23405c43202f489c,0.07571648565124212
0a275c8c3adc1e3b,0.053922446387133095
ad727a83295f79c1,0.17914685384782852
9fcd517a3727524e,0.09601352200476841
c1a15f34e5189a8f,0.08406457016394019
ee586308edeeb5fd,0.1394641415758251
61323c4c907b9667,0.1672843825401091
dc6ad9b2ea237556,0.2103519941490454
fc261535991f079a,0.0468222713069859
199f8696fe22e8f6,0.07235056694406759
80c803fed1e7b815,0.03739591328277349
b3645ff1881e6181,0.065269557283082
f077bcf8ba579026,0.10868311107340281
c98984325495234b,0.08130633237897718
2b1acfb2885f0207,0.05712576566360074
58aea5fe94bdc9f0,0.07997758315016465
13ce2e76f9ac9797,0.12536732553514776
585b1ae5f2fdf9d8,0.165224457508447
c02d00f3c935fac9,0.05639353253232829
961c1ecf22020dd7,0.09845083753264447
34a2c0730076cd51,0.15252961495069178
f08c72208c842a80,0.15706517356142302
3d0365b300b08d12,0.1302201817915587
7698d1646b1160a7,0.06122326309254887
46fe0812a4d6a0e5,0.07090742628819195
1992a8cfd9dcd0a4,0.15151965575102266
234824681fe92370,0.05012029106916675
66dae8fb83f01cda,0.05205799879003449
565a8741e734fb66,0.06541681594158233
85796d3a4623f1b4,0.06118315628793693
980c038df259aca4,0.048870331134104446
847d49fff22ffac8,0.17002431957291322
3ab579aad87803f2,0.0385301967706296
7c287939d256c04a,0.05446338617361002
9b56b63c1ce61e36,0.04493888114601794
2b2beb4ade849fe5,0.13554442499255195
ca97e3a639d0f212,0.08243207957922802
cdf0a515724936f7,0.06436828181995248
f0d9600d63271cb1,0.17429401765793343
61f6d6cd6e8ebecb,0.08917748220241625
66bb128d75c1a31d,0.11036298031256642
ff6ace3df2f93fd8,0.02889983736613004
174f6de5e6fd0ce6,0.13763804047069567
f629016e686c93c7,0.13130531596012124
8a5cd96071aee653,0.032496585041087454
47a56fcce1a48c57,0.1820878395708651
bc218a229f6dd8a3,0.06284866132667075
6700a0d8cc03fd40,0.130554177787595
bf07422782deaa4e,0.19288322814399156
67e5b268a06fc16c,0.062469018105503524
775246a31de87040,0.08612215929802894
a8c96679585190f7,0.04039345307873859
85e8b073ae9d6cb6,0.11457657398781698
8d783fa9a84a2016,0.11820531530660958
afa9ef8b36efca27,0.03864058933903809
292ad72f433b2ec4,0.0568534180049696
543a382acb950efa,0.0691632612491538
97eee667e12fac11,0.05847280761161448
f1594e042dbd4135,0.05135581083376059
c4acac79bfd54ae4,0.06770458107959638
f1bc5cee7cfbe74f,0.08711451554738611
25e346e1b0340347,0.09118576084117777
53b71602a81f5c52,0.1027962575689248
6d2d4b17736e595e,0.08201768420047648
f652427f39b6f10d,0.21520887717536602
1437d0c59eca00af,0.044938552751703
d8980b5b1d68a4ee,0.15342506650639715
442b8a915014e871,0.11067841156840982
6a1e5bce20cbbd53,0.16355401097191943
ec75dfc7e578543f,0.037475914060313975
94cd35193b228a90,0.1581971521416709
15617a2281e76896,0.11874671524446188
ae22b29ad0d98702,0.047294620544999895
3e5ee530dd802ab2,0.07326601148899312
9304c1771978ab05,0.04168741154027347
635d5bab100147aa,0.06965070509093844
cf12cab6ff5fa6dc,0.11436205064459398
cc7ce49efd47f0a0,0.04273609207762882
20c507d578183dfc,0.14788426714357378
e29e2bc7c3e6ef41,0.1212674956830258
61e270d51cee0fe8,0.08872253061920012
a1cf27e43a150760,0.10054058705877732
9bdddc292578558b,0.04828218402353379
fa0f0cb920abdb0c,0.12839621227568615
95dc87b7553104b2,0.18500662313511823
c268681605733a6e,0.0877668802290818
57f8444d376ead3c,0.13463932640278747
1eb08c4e2e2d0a0a,0.11849503251257601
65f04a475e60bc71,0.11200336527119782
54b86d86b2c582db,0.06164599224188971
ac660728eb9adcbe,0.10557418640463813
9dc70760c7a65427,0.15681660523989588
707fa7577b28c00b,0.043791834390849785
dfc0ad3ac006f7dc,0.11638579400025437
d02c60d97c52824d,0.05503862596719507
68735cd4123d2c31,0.13716997695908056
e7fa76e1a52159ec,0.0417964207352955
8e2a48702b61cf4b,0.038020732263448404
7b4d442d12660d2e,0.06849337318470913
1879fdf1618adb5c,0.10640640754886058
28331b7b0b1598fa,0.04441702785011665
c27a3cd35a718f85,0.09435400240400171
003398b630719a7d,0.03603313950701705
70b9137733db97b6,0.0999732299991852
f0ea5635eb777479,0.13910936129583465
e80ca1e08210095b,0.1453312051384288
033b8feb5aaae03b,0.04208167640157038
ac6a54139c7c9d37,0.1447002263878959
ebc95757b2947172,0.0655512060434622
2fcf426035785728,0.09123007255379237
78996a14f02ebbe3,0.04718215598334807
a87e26d221511c94,0.027868580306243305
c5eddf448403ab6e,0.040200501992641136
e8da0e67e35aa293,0.07113673227322015
88b632eaf9356d3a,0.07482349553330975
85571b011c6fcfaa,0.20938346725172252
9013d63ab473f952,0.11908280277972608
960cad37cffe68eb,0.07177834896044126
e247eb8f78f75a9f,0.05429015857852464
80eaa51c4c8a00ee,0.05382260814880743
35849a3326fb87fa,0.05025293530287468
d95e6b933db44247,0.047817313862960203
c8d99c2ec6082321,0.04082715243522392
c9aea5e1048b2e51,0.12384912767882372
e01947dd147cbbce,0.05592909380128855
ae79b75a13c928bf,0.0596774787705562
ce571fad3257b3f6,0.03882596768834879
a95633f51ef3a7b0,0.04072270347175458
297c6928439e696a,0.1849712165076307
a4d78fd9f9ffb303,0.07416504388343267
2dbf5dac4bc14af2,0.1589324741348171
484f57153280140c,0.11559208588314314
db3d92a2887ed53d,0.1303441015294475
0fcc2eaacbd92a61,0.028868865361520033
3b06de421485ddad,0.1379298624437978
3ab1395e200e5b42,0.15427052004649233
8b607b6592065a8e,0.07020116077162147
a58b1c259179dc09,0.14678729454815648
a84f2ec64cddb96d,0.194166551719787
794ec7ff88727529,0.05898186320920552
7bec4fd7e9a158f2,0.0862274404048721
bb364b5bbcd978f4,0.18603550514312583
89b648a5f0f0ab12,0.08463646148653989
63de8d6c54817aa3,0.02570280300864425
f379e9f71ba0c23e,0.08200434965322002
a4d79f83a661fa2e,0.11201868459299946
211b21d15b3b91a0,0.05667676740404859
1186f6b426beed22,0.06828555874850953
8dbf55afa93fb576,0.10998078043442734
4c37d40f77654769,0.0466199135439742
282449c18b62e5e6,0.15787066061820304
12472f1c83854116,0.14883519551738622
eb624c530d058714,0.07173053638470114
916aa0618dc412d3,0.1261773411929662
b9f7f01f0c234a62,0.1838220177443549
d6a72e0c5f8c9277,0.047334398608923814
888195334e946eb0,0.0346546576548155
f1aaca6b558ffaf2,0.06524551027979236
cfd7c6655e63d480,0.1969150104264158
d54c579db2ee74b5,0.03202640629747257
3d05c28ee2849928,0.20029274992380125
88653ba09b9797ff,0.033734855061081294
270649bc52035cbd,0.04713365839253202
164c0240a44d6755,0.07971836237994571
71d79d68a2b92f27,0.12784133877480444
9bb25aadd2b3bdb4,0.15944879557553127
b3c62935a53d8997,0.06901646766487113
e850d24192f9e415,0.044524160894097886
0834b059b33fe386,0.1587480487905358
57cca7c7ea10b6ab,0.07130058506069638
39483c2d8174f1ed,0.16528768243500438
4df07eb70c71ec51,0.17159482741340354
771b30a38c390789,0.09167784223544853
65037a69f9336b3b,0.10208133921539891
97bf39056279f7fa,0.06555787943933407
1a2d12af54623039,0.08471015687846506
e649d739e4cbe4eb,0.1970878006129514
7c35e8ece8dd52b2,0.16832915267716303
4f679f800c6abb6d,0.14462167971345943
42a8a8ccd4f9f9e2,0.028366826222106616
662eb31e5ca29cb7,0.11032116673586202
39a75d0fc9a932b4,0.09760922183126598
f80b6c96f9ca16ca,0.03658871727266225
d1112438bc117eb4,0.10664164784427438
2a23256f8a1b1dad,0.1412254387927337
e3da84e292717dd8,0.0854014138140301
b3da0bcad91df631,0.156087818690968
b7317d34b8035aa3,0.06939837087871817
263b44530f890156,0.1170434545492387
4908216a464f51c6,0.14167138467132792
d0b576af5fedd973,0.10620758584546325
d53abab056eabccb,0.10480574448976412
9947a71c07c08013,0.13045632599703968
e3f83e6765042b60,0.10730786896970071
b5e1fe2cd612caf7,0.07737798085960247
2c979dd3ae786b0b,0.02939143789979171
37ebd133842ac652,0.1379982110049774
8d7452fc00bad24b,0.1258111601159258
be4d73360ad37873,0.08819571964056552
40b14de62d50cd96,0.3745203004150849
e8b95e5aac14d285,0.03768433893376156
545aeb4e5c2808c7,0.035003859728095665
3ea943e815e609c3,0.053942681229217526
9c3663c00fb99ff6,0.07034022258601896
6806a16705d54743,0.12013156241066336
9658ef3f8e3ed080,0.11404010898427733
72aca7fa36feebdf,0.1224311675427161
dfe86e43c4930991,0.12623136635284357
4f82ff5b5651d2f0,0.06019321004256423
d13da56afbdee207,0.10675411031221396
0dcdbb940af66121,0.05204920152544716
0e09773245767eac,0.059482596596811134
b186bc9610e2b533,0.17125643240108707
d54841a2e0a4cca8,0.15058153713790462
166c017caddab251,0.13626846206124701
a23f0288384f2f2d,0.0914945976886324
4886d310e5914363,0.07779197299345655
41edfc6111e88f1f,0.05165111815134997
0f33a4c86170e40b,0.08824596140262958
19bac5bcc4414e66,0.03943505559628044
88ddba34446d1ade,0.07578171205099785
a8dfc97deea7f5fa,0.11598028453960675
fbe5da4001a21c4a,0.04740778514545889
8ea535444187b6ac,0.0470848780191614
1be66765efbe9174,0.09974156956351958
05f16b595e33f77b,0.06355181020055298
3fb3259efef9eda0,0.05584224325414124
43836f5657b092dc,0.1534495624691372
26ac42441170201f,0.15916033395514578
12a4ec2031ef6174,0.05741036531753717
d8e7f33605a80ae3,0.11759186672887476
d6bde3bc380d8735,0.10758823433622458
9e0c178f3e852551,0.1580834413532106
88a6149ecfb1f651,0.08858006620086031
54a33fc8125490a9,0.08036461581391666
2930f4f063583542,0.0525786297826242
5092541f5024187c,0.05741755969822731
e78a593c9b385330,0.09486356149033558
a09be3a8eeceee6f,0.157566958724538
7010ac1b44772de3,0.06108430528141968
49a17880c454c7c3,0.05438669019484023
4e36cc0f1383ebd3,0.1373076754654955
ebdb25864f6ce1b9,0.04597227125339416
bdb72360a5581c6d,0.12624534303067386
8c698e0fbcb6a090,0.06275326532942484
9c350ea7550d8378,0.05417371482963184
a8b88f7bb8ca6361,0.07086599586454993
3d326c98287fba6f,0.07328861394954479
f42c01d8b045f708,0.14927753694609078
8e5d62b3ab696aaa,0.034278514323488926
6224caf3c72e7ee3,0.07504055140607958
926fddd6b2ee63aa,0.02739838745657383
922cf50522b3b88b,0.13746592327531135
7d0fb10204af6166,0.1465178145670621
1a76fbd031e39a6b,0.17858364967874957
fd68ea29d356dd75,0.05208054539772461
03cc36191251ada1,0.08813530974057288
99b5bb0b92d8a55a,0.05275459440308742
aac02a9d632924f3,0.03639544888290991
5d220b8e18201d3a,0.06845952792420744
14fc1d6fe2d4e69a,0.17940392645774872
35e119f52196b1ba,0.037077843658755404
40f1234b5a30403c,0.11823084799071434
d59ccb5d557c022e,0.1305375396107874
0c385e728de38f99,0.06819507084691331
f8683477a2ab2ade,0.17346518568104993
511fe8f39056b9f0,0.09465007609973478
c99c5d897170f156,0.08829378094978868
9d753071d21e6c36,0.07277357933656253
9e9289f66961c664,0.12353284362157468
5f8b0d75fdfecea0,0.04573471469182423
9dc13c482e059e6f,0.07689449172084348
3f87fc97c66a3191,0.14976208233377336
1b3f3ffb589858e3,0.052192274795758276
5358785efbcfdaaa,0.0700014775037684
57193bdf5b9a6b42,0.12153603113198848
4ba6c061c5bcb057,0.09646693005619007
218a85cad268eab4,0.17122318660942573
f93dbe2cfff78101,0.11415090719620914
a8481146cd533ccd,0.15291209397469427
84b0e8fa750b7a33,0.07816830152652146
fdcc76060f099b01,0.03756079594070726
300a47eca14f8974,0.1344652417392329
14218faebac40dda,0.07105538034109135
6df2c2d2e3c3a7a8,0.12679143904239187
73b49cfc1f3e9dfe,0.03603330412904862
7f686a76e0a43e5a,0.09094888086377653
bf81324a27520bde,0.12138717748207858
f5d463ec64cf0b0d,0.09373135044938712
7b0554b8ca04f697,0.0662368352314598
e1b2fbbaa6be8596,0.09926003815984596
1b881aaa4217102a,0.09135131512337719
c212840fd1764342,0.07585646834708101
ef314439dbb365d6,0.04841533360324435
1772dc13f02d39b7,0.08330473582201223
b9ed04801fc7a354,0.059291557711765995
105a3d1544b0f94b,0.12644157058043523
78654baca9d1378e,0.19692327090072673
9bc2056512b6d4b6,0.06377884762669395
09c4cf78e2e7adc5,0.0781872289786898
b2555ae21207d05b,0.13460344752173037
ae348fe15c764802,0.07002360016749486
f0124c71b8a4ad33,0.11869711529586782
b56dc4e690b38942,0.06258371610035655
f780521ce14740f3,0.04713533672935796
dc6f043604dd54fe,0.07105638773139172
e07db4ab9d64f3ee,0.12848369256575792
8afd23b140e4bcb6,0.12248538952788393
11bdf36dc7a35404,0.05819128604788286
4996a5c048b055d5,0.14916112196309017
623d8021b7d32292,0.11654122656863637
9eaa2f70288d4b3f,0.05768465608442383
9b0054be7988059a,0.08573813743607545
3952d82f6df456f1,0.045322930730980454
8533f9a63a9367b1,0.0705076539146399
391d9fb2c3bd6fbe,0.03322475506304989
101b529dd70a1e11,0.05258963055024742
85b19b6a46b45156,0.049836236948712885
a4b17c05d90ca2b2,0.08906966189109276
194ecba02d51bfb5,0.057953080473020696
20a12da2d8890e93,0.04906079790580978
2df9214ba1de660d,0.08741223057344968
bd7e307eb75933e1,0.10778012625977257
5e0b0dbe5ffe6e83,0.6403169093269663
bf3a6cfc9a1f3c80,0.07540804998070735
82ae8090ca11b2e6,0.08553377192123496
4901ed9747386ca7,0.12109735874077936
53084b49be13c52f,0.1569365102847489
0263cc51aa1acd4c,0.1364316194725977
41e313f2355b137c,0.13174722511891004
51a37cfce403f12f,0.057750376407890894
df4f484e6719459f,0.05377948662904624
de7f255e061d07f9,0.10027676546575844
741683772f1576c7,0.13535508067672508
54c7fb2af01e96d6,0.17037934597780013
24c542dab399c685,0.03838095032800891
a1230bf06c58290d,0.07739400872550739
900e15461a12870f,0.1508951420899513
c089536a25834f70,0.056617810198693434
afc3286b544f0040,0.0691935235006403
c61465243a2221a5,0.11351695425725317
cb1f20d4bb93c243,0.07943351942807451
30725d20e5558b56,0.07713614471074744
94ce3e10e75f90a6,0.03437491784217151
48d0b89d569495d8,0.10003985270152266
ff1ad6d36283f697,0.0693362461670307
72be68b75d2c814b,0.05335370158214342
e4b90062b12b7030,0.17949269675807553
d6323a665e446722,0.05666844047153328
2d37f4baed1667c1,0.1227506557138865
05781aee37a18dac,0.057411411820592576
de24d558a18a9f32,0.06220586805605141
cb44379989560ff1,0.042126974650396554
eb333ca8ccdad2c8,0.05936387518834902
1d5cf29e044bf468,0.1470186940253564
172401cbfcd665a3,0.13263049978849142
8247761544773a90,0.03358098831268644
5f2c0797f7cb831e,0.04523007410049507
a7edbfd2acdf8ad0,0.07857085802935197
fdcb685349aaef9b,0.11975891436775052
1568e5a308c50e7b,0.15405279922485504
53f5f1c7014efbaf,0.11016231096039787
e992034fc58854a7,0.062450497320615986
b1fc334e48e20c8a,0.038930675613939314
ca9f6168acd90b8b,0.0422513363870402
929bd47a71c6b958,0.21108703640261325
f7ee05e2b2ea34e4,0.07378575156187563
2f3fdc90e73536d0,0.046359719630096975
b43f6d156041778c,0.04532106033634273
6b0740f130757056,0.051872052458061944
9f1200bd8ef18393,0.07301544380651143
bf0849396acf9180,0.04649556768500974
58f62b02898dcd7c,0.11245156181271547
825b360a284d4a2e,0.03904170561209311
0274228343b0c7cc,0.1681256508856153
746ca6b736caea7b,0.04592350780373973
69cadc81ce7e015c,0.05583515917618437
295dc3bdd969b7cf,0.13243100311515882
e0c7aeb2471c9ba6,0.16109273022905693
a7c128e7baf08587,0.09311789163210132
74ac5ce19092de45,0.10970145035916153
5642496d768456f0,0.17310072374713065
9568d09b37d48147,0.13527234049366177
687eb07ac1ec9aba,0.07563442132244813
1131d59f818ebfc7,0.0595886932206378
70d46c4ad271dfcf,0.09017486287176335
333d8235e3bd1acc,0.06908948146728378
f9dc0ee30937f393,0.10298943719237008
e2e48b863ea7d61c,0.10981881753512514
96ad67d29a15ec47,0.12684418898025082
998b0ea49069c858,0.04347670890493856
cbf500fe483dca27,0.06621056524428078
32889f39f5c7e4e1,0.05845808129215658
f87241418df6147d,0.10750479083581521
afed174cf13b9d7f,0.08759784469208998
d52f3c40480519e8,0.13772054007883638
67306d595867bdca,0.03851668648820464
dc439b5c79486948,0.08605313570084284
35089dcee9e9ba1c,0.05680756471729406
61b5d6ef5f241490,0.041906434722411616
45f5713dcef10264,0.09381937959418446
2a3053d58302242a,0.03450589588363404
0998f38d4d069491,0.1234642214065247
accc2c8ae67e6063,0.03913354667988543
9f5292cbd3806d79,0.06055017621470162
1fb85b95e91ae45e,0.08670715441768538
faa0394464cef2e8,0.031174988045972546
af95309c63fadc79,0.09781122974538886
b8b45d6732b08fb5,0.058563031215586384
66966f55862259dc,0.08596145674454636
608333309da6527a,0.14502669138239022
36dc5921a7d84ed1,0.11017090893527454
27813742ebfe2b33,0.101084065943422
211d5db960ca61c8,0.0369736246694982
5b186ac0d11513b9,0.21722599666428688
832d1c008bc3ef2b,0.15152310514147324
7d4e4f8d7d40dcfc,0.06126824562461096
f0dfb22c3a27665d,0.15202599244129564
407451c452cc5d17,0.19873297418809932
56928312feff0ba3,0.0908361104255986
9454541a6582c13a,0.0610252408925508
e6e2f33f21d593de,0.035154938745676115
eaa2910769614f8e,0.03797873298436179
127bd9796d970cc9,0.0797769381020596
169858f0ea055525,0.06414665128700767
47a3a9c393a619bb,0.048422637257197254
d25e98683c74aa8c,0.08998443514708904
4f2ec1f813538809,0.1132765556877537
8e5753d72777a9ac,0.07640012525951935
d9cef172341ac628,0.14760514105243883
d2c6b2e087495365,0.15676829920250196
5aab483da67d16b3,0.09695222653082013
ad319fa45d964c5e,0.16987807628286916
730d677b8c968e37,0.047719100233127726
b1e38b684248bd0f,0.12495142617774835
ccd097c32d7ca7c0,0.06684592374889933
4cb0f5de29f8b8a8,0.09323862169979177
902aa8ae7819a527,0.03214049137481708
36cc1fd78eea46be,0.1503515475504157
5b8a6b0aae157e06,0.1376642438838789
d371f4cddd5ab580,0.06415240749702258
a07311ae113f1cc7,0.16201024345429496
8ff382f017152a6b,0.13146259648177322
bfe18fe096f61209,0.07299442813083572
97f3a3f55f767d91,0.06449892623564685
a4058a2e4bbcaddc,0.10086107696460991
6dbcfd20040642cf,0.03973651058962452
42a6b3c10ef18f02,0.10826931627653673
9d7f6f4e136504fc,0.056469063042952496
0165f411bc818cb0,0.1052704653803454
bffe1b12bbe69fb2,0.1117272051883642
e01b40b1d6f30df0,0.1786674045838006
3201c568d1d26470,0.1527207854430635
0affa4eadbf1db83,0.18393440666356434
ddd3b7b0ab9f40d9,0.14544138908740906
ec738c2ec1bfcd80,0.029116915314583464
906a954f8e1fea07,0.1987617900975316
cdbfc59fb04fc180,0.1656830420716858
2d4770eef88200b3,0.03593814613349201
3d18600bcebb32aa,0.08887749198184208
3e050322f92541d9,0.06974024914242337
1221e13593768788,0.07552862117732106
e7ea980a9b3cc8c4,0.09534354700738056
398953f786ac4845,0.15583503563920106
e8efc32edeaa174c,0.1228813001426061
49f061e869ee997d,0.09964636628971735
17668415b4ad9f20,0.07511263731958259
81e71cda520c7c11,0.12744982474763916
7c48e5537ec69161,0.08474357612202842
7b6ba45bf7c43e21,0.1075150572684428
9cdc08694020bc45,0.11649383540351274
60a026b4a766753d,0.05979103578971953
719db72fef47ca30,0.05542863534168578
c0b5b808eb068fc6,0.07164831351265923
b20616efa1e51758,0.04641696051053729
d1c2190b7e54ae51,0.03927530887167702
88d71cf388b60bf4,0.13199421440103964
c2394a42025bd869,0.15170997190849095
19b165b652dbcda4,0.14851816139336557
c17841139e5914a5,0.149455635910062
5549a53bbf9d24be,0.1370658003095036
2da830aa5b2812cb,0.058438932930925114
fb36e8ea3112744a,0.08924035315917078
3dcfee7f0efc084a,0.17476367223015232
16a97d3860c22e1c,0.16737666295509257
6322b2e3f7dca7db,0.09768910947668366
a48ff3331f89fc6d,0.09279178589851014
e07a96472008d97e,0.19659409121933885
42af4fb223127bc3,0.05179937627532154
4aa484762f1d25ae,0.12058581574494642
c414fb964c9cbb8f,0.11015023274797359
397cb89e6ab8a959,0.1565659582577733
2e9d9d9e0a6af0ff,0.11796468477423504
fc32ff9c59a22f95,0.03327818645486277
5783d334ad7f831b,0.14970793252230108
dbaa31f9fbbb6219,0.05074846502339317
93eb228beb06de30,0.04221231252454161
482d6bc5204e5ae1,0.07088870028077432
7128efa4863f0362,0.10487416704683178
ba5809f410734a94,0.09785863516820723
a571eb5010a2e299,0.051340800315561846
ad6cdd09fea09683,0.1341361359417158
fa9d2cf12e72efce,0.13962439836247847
a8ae0f9ef30ce81a,0.10088553579094282
3b234a17219db0b1,0.0510132230383746
25b24a0734045bd8,0.17247451775108902
771f41a483c9f8a5,0.0922538832699225
22a6c4ec274869d7,0.13365074671136348
e48895820558223a,0.04658276093742947
02c11767f29d0426,0.039622481053802075
d686fd200c65923c,0.19003110114827285
adfe117f01ca698a,0.025968677770471883
69f3b49837e76dc6,0.08688363800500315
2e72632e2ea73631,0.054029401713624484
3207b91e24e27568,0.06061745604654001
95f22517cd16a7c2,0.07805146433329185
543936caa0e83a72,0.05535388710425075
58c5c659df736b0b,0.0377850851346294
997b65e2ca34d529,0.07270084415908115
75bd9c566434eae8,0.04890733882515248
14088d0f66d091e7,0.19007386182659677
4014d97b63499622,0.09267071063090367
f9d10471eb47111f,0.13144478145363497
545fffb7628e26bd,0.04429221636427509
9c45d75bebd4d820,0.032890776685816095
f710caef77284ef1,0.16216767131363807
e4bc3c14c4f4b1a8,0.11615752116168998
392b17be6354d3a9,0.08777322931415288
9cc8d07ee090f377,0.1631738058440108
b2fbccdb690a2b84,0.11834324689722105
291257ccaccf9d11,0.13379793556535302
c9022a6ee3a5d7d8,0.042665709923406125
19a688707e160732,0.041761945996505734
84bef4f5323ebd93,0.1779594757291847
a3e5e1903e0e9682,0.09258405199670419
3b0297530613b732,0.04569343835991334
ca0fa3062d6f947a,0.12108876107067668
aba2a7eb167c6548,0.13693322001203062
7dace0a49f811059,0.1283654461990127
522ed32d9fdf2d72,0.08991316666940655
8771c418cc219aa1,0.11263158300205188
1b8f8b528f041137,0.026926840548740692
a9112add272578cc,0.06030550078403292
e722b584b816d2f4,0.13609454812986532
324dcb8fa3962b96,0.10174550254334958
ee84f939a7ab4e14,0.15366252129955804
f7a5683abeeb512e,0.076589341050761
788dec8bb41081b9,0.04000659440129777
20880910f50c0159,0.11388058034503323
a55d2babd6ac6e05,0.040573425181411854
7c5af2b41b2f1889,0.10631805738202967
af9599e0e687edff,0.06010812164510056
96de608fb997caee,0.054269177053177034
ef99f60d68f58a7e,0.1372428958860088
59d2159096523cdb,0.1982112260546959
606abd74dcfa442e,0.13319629553849477
20fdb4917e7e9401,0.055572116972619524
a3a5ff27339bb075,0.10504298300843361
b5ecb5c63b48ec75,0.1835310680163985
0a039166594e063a,0.04392310692504668
62bfe04683f51a3c,0.11352718155890026
b430c4d5161b59db,0.1890548033300606
a385f4145be5f5d0,0.03273774052088173
904e0bfdad64bd43,0.1471244858125474
0f4074528657c491,0.15644598969777573
39e4468b2f4b7935,0.08440362830888073
9125b00413b353d6,0.03568478019915548
fafd8063bc5f5cec,0.13155523868917468
6b06401ff364064a,0.03010811440593054
e5c9addac3faca6d,0.04032123291165757
d12807d748517f6e,0.07151440044413962
828de307532bb29a,0.17114642674966185
2799da617b3128ab,0.03529519221856093
7b6d6ea6d9feff86,0.036162743041794544
0627c402fd75fb9d,0.15951206989049677
a1bb99f3b749279f,0.0763445602348995
ceac2c53c27234d5,0.029876217478331336
9b3de1b793447910,0.0629670496569013
76a426cfc81a4d2d,0.0824938108347602
abac3cc21ba1b309,0.05334453549213089
4e8b9323fa254334,0.11533175166303615
1a4205578a28486e,0.15936233487478724
fa7dfc3f7d4a1344,0.14605838355425005
340b1651b36c8645,0.08518970375198892
73cf2e26157ed703,0.13327376277899386
87add43c2ce1b06e,0.11483320434878834
01717bfb5b3542c8,0.11676621365665554
70ca05c9213444aa,0.1060745125762372
0684a9a80bfd34b3,0.06879230053532512
8c2ae373e2809c29,0.07230947099775606
331341a7f1c33272,0.12625819937763189
97078c12c161c701,0.08692610991240071
4ddffb1d8861cc54,0.03787033689794356
2dbc5e3027b4817b,0.11676745497963706
8fcb717c71bb3cfc,0.05544334289895986
58ed220fa88a029b,0.03466129755027688
fcad4ebd837b0031,0.05144607105448139
0792e52fe2c9b711,0.1318918103831258
576de6970c4ba90c,0.1042773698470435
930888a00b16e315,0.13096994922751878
bb00b59f720aadc8,0.11009429519718339
05aad23e028bea27,0.09767904306629738
0ccaef7346d2eebe,0.07922054671323982
bc31c0a97c89dac1,0.13339340263735827
239478b0c695aad2,0.09379004331526793
6d59238e91d3c6d6,0.10480732953920513
02b6f6002980042e,0.1417692548065868
0164fc5fb575ee2b,0.0722555756979228
d8ba5ce01fe8a09d,0.12634301237689402
173b378df818b167,0.03370915426793135
7f5edae9b09a208c,0.11838042611086891
0b5662c2a594c20c,0.12525053579100276
55ba1dbed1a641ea,0.14587144251000897
c944ecb134192652,0.19614617197696832
3984b7d478aec2b1,0.15057464268502627
f6ff304e4f459ab4,0.13711656586105447
a49951ac9b42ceab,0.08442411525034599
4b48ddb6a65e584b,0.19094705056448746
624009526008e265,0.07738083450340891
9ca1f3fd0ed031b3,0.14344005470227061
dd7e10345355a17c,0.07048004744043909
a324ae18d57bb12f,0.11424137175372412
f3aede6892999fdd,0.06978812790168809
798f779dbd13fb6c,0.16616303575318836
21481b4c28f91b47,0.05573862339005928
8529066c088169cd,0.037556973194381185
7e93ed2093de4112,0.06553550644921206
51687c7ba8a553be,0.12211406596996495
4ad8b585409698e6,0.04355460628935326
eca2dbbd4829118c,0.1490686609657078
7a9bea3f50549e57,0.10563463207951444
e53cb4d81fe012e8,0.10237182480808352
25e3af07b73ccb43,0.08432427291621866
939b59f220b94ec8,0.08772040172125828
9618c75bab14bdc4,0.16827059896883306
2ac483615d4696d4,0.18645143036979847
b357b45b22852d5f,0.03921781600551791
eed158b983054ab2,0.04611045837842688
25b699ec3d33020b,0.21915931307726377
fabe692869cbf6a8,0.05521506967682149
e30cdc55701f891d,0.12737292947568624
4e247c59738e0754,0.09790902446247593
eb6c93bf83ef9f01,0.12661348545169004
4b2a51b89182eb2f,0.10962122783516873
920800c7a752c35e,0.03725449698478798
00e3f3638706ad20,0.10157724698021178
3b68344f608e8cf6,0.057304240921204244
bd0092d0e87dd02b,0.08142011051254026
d3020752ddea13e5,0.08180973494006766
679a41beeaebf503,0.14651697682857306
7fcec9e71dcf18cc,0.06498113549179578
735724a234bf2816,0.11212780204882371
31cdf3e24ce53af5,0.09466278381827598
58b83792be0f6321,0.14931590215618581
2a84a58cf96025f5,0.04212631272145224
9fcedeea63586bf0,0.13027700362331157
d9de7aba8c682fda,0.03690333796624225
08572215a3892815,0.07482197084505515
b488884763d551a2,0.16468808300433607
c30e80405d6e58b2,0.040659872635277206
0c86a250e70f6eb2,0.08820137338860926
a11c15fcf4597f82,0.12312791588120695
2caedcb4ee1a4103,0.2220489849503101
f91d05eaa3df539e,0.11580330216800822
8bba0a98ae140af5,0.14174197241974004
a987e81632676043,0.10611075048153325
f50807d17b5c038f,0.1512015859550916
ee12454070596716,0.09826230816715215
b6e0190c3e5766ef,0.12027018493225831
a57b30735e272a29,0.03304674767213554
ca66fe2ee058013e,0.13854105406226808
1969a8349757d32d,0.09576735119140492
a5bad4f4702eb96b,0.05721244854189978
2f4ee5ef7a9e32ab,0.20966432596122267
abb1f9350d96ed70,0.05969103328324745
8a663152856f606b,0.047398136794911054
5965e2be33eecfc3,0.04165706019944395
75414a1e69d6f205,0.09272062942140155
0d6362f82430762d,0.12096953290769377
cded8976cdbec569,0.11756977960548451
2f21d9cb88d7004a,0.13560214902442308
bd0809d01c93396d,0.18585175257889494
d368fd4152e904a0,0.16798678971953268
7a088b0bef4cb74c,0.05984260785228475
dad9460a25f9913b,0.15132510747103295
50f138449e3fe2e8,0.07176590313546824
53eecae41b9614fd,0.14440668556049735
c88755b5796bc0c9,0.1589950585542135
1b2bf22690f55b23,0.06666558313034501
4c0b6078692f7c89,0.11485432874514676
d310596293c8f04c,0.07058059516012721
3a724ceda4c76f9c,0.03807215442700614
57c2219b4f1a0a5a,0.11345463553490726
6069a9ccdba45516,0.09974893024144586
504a8185dad726d7,0.09675488581409894
c950477e87d58094,0.05567532724848237
9f1e86207b2be555,0.16437378862846497
69051b19215e3e0a,0.09380276385337083
7f70b72d97083c7b,0.12919763696744924
61279ec74a6d3645,0.04624405991802488
4a35368f7daabf53,0.09619128701727342
8730f5f1237b818b,0.026937158554237582
f9492b545b552f5b,0.1274695512294974
a5e99c4117b486a0,0.08353530233163081
c10ccbadcdafc1cc,0.03951858853359148
e0d15a865fdfb988,0.05912963239451121
eb916f460ee1b545,0.0959009937337155
1b7bb61fe350c5ec,0.042834608884652514
03e5516590f20096,0.08144061651298856
18e0a9eb3145a82b,0.05336594389406768
39cab30b8f09a081,0.1180862180492401
dd47b13d3aa2de79,0.04332163392776258
6a431bf1b07deab0,0.1680162400379436
2b0db9b43f8d905b,0.08135418938525929
363b638b117d0e37,0.030876730167698086
87518c28a26f4d41,0.031004537502353637
3e73b6c86098ef20,0.13351013921776544
f7580d024f627389,0.07192044082525331
626946bf85055423,0.05150839046448633
1d4ec81574db910c,0.09260917177662117
eb3384eb6ec0ee10,0.05178539090233556
ba1a0a18164d2ed4,0.05196907596354019
8736a356e18687f9,0.08013236321532509
f66ad6f9a0d13057,0.06092593372055906
6781beeb2a94c80b,0.08999476240654328
45ec50d9e9b762dc,0.051514320416411956
f993d49be31858db,0.09860414049802915
68630d40b3d8c8a7,0.10674167734697895
790d0e863cbc896c,0.04603266806294869
6b9f40e1b5440454,0.04581902896558743
5bd12aaf1d87cfb6,0.09001896627756388
9593f8af8e49622c,0.041986217564656425
7787873ef39eb65f,0.1261680229409464
3b43be2428bd133c,0.08537128935525007
51614174133f7405,0.11380355863151334
90ef1be7933c7d32,0.06089384988062996
b9b0bc5968838ca2,0.05906521868891748
34854ac0b59be9cb,0.16180865907976782
552972fc397a3d7b,0.10458372111642081
538cce811be930f6,0.1852455698718313
3684947575a87995,0.1466073865379996
3458934dca749c27,0.12191440808348483
777593519303d6bc,0.12781998071120654
c998d0d7e544f18a,0.071892576126713
a23ad55fcdc44126,0.13103245491303148
628f59b52e0f1abb,0.14535002141296846
f55fd4a896009b37,0.056780427042267746
891966bf8125b263,0.053259833546017356
31a036f4acb27daa,0.0977845984748444
b329a2756c4e7e5c,0.03484761448906033
4abec7b3aa11b00d,0.06437309972486123
506d7e6eca5fce8a,0.05997203162622701
93767eb66242b1fc,0.15218263908160784
f07f619af08f71e3,0.21886305751353383
067779ad870efb29,0.08036130165471413
5772509431f3d5d1,0.12485796403441346
562161d24bca87e5,0.032980450757255364
f3e2eded68a25564,0.07628895092780834
4e9f50f16ba04465,0.053750882033120256
a4208a55db792b95,0.06701603520422689
9540d1c34ce10213,0.0721401417755426
3b047ea1a379c251,0.06345976185360155
90c24520deb11d2d,0.07152393244847918
174bf54853f8e212,0.07398786733978603
e32af9607e1574ac,0.04735393695863758
177d7eaf2ebe4bb3,0.031463368192855896
1d3872dea5918cf8,0.15792024271360108
b6641f418df5107a,0.10670078000401974
7b0a91f0c2754446,0.15648450817318083
3074d01b6d512da1,0.09241551845142773
a1ded8ab2ac8cbc3,0.06224637974059277
99d24231acc81bda,0.1581034552905356
ff0efc6b635f0dfe,0.09678672482495948
4b26bc2a5271e828,0.08042161368513558
323cc294321346a4,0.13326667323458347
1c5da1e20342a0bf,0.09103679191944558
4f414677966cf8e5,0.07827457557792761
a08962f7cf8ef6ea,0.18906609080309872
e6778d3ce59810c5,0.06161103273340361
944d32b8f9e9db1a,0.17440333063677393
e5c8bee2002b6ca3,0.14212956168082463
fcc9190b336ccdc9,0.05606999404457265
d8c0de2ec20dd583,0.10854548746045897
fb55a45c51379250,0.040004211094242396
d6e81f789123be62,0.06918537011348029
2653ffee6d9f5abd,0.1568791999826544
daf885e44112d6f2,0.12891574799706967
a75fbb195a5c31b4,0.23896867103947989
d6946d6a1e5de8e0,0.07854120765402842
262eea09fa9fdd15,0.04556299933562789
0661f0f9daa76a96,0.11152645951820706
3796742963319893,0.20745956044083402
b7d31b3502739b04,0.10105856088420898
ca3ab2b2441679fe,0.09141791262352844
6ff3c95261a2e60c,0.0407317340648056
296198ef516bccfc,0.026938417048682932
fd7387d23f2c2e12,0.09665282052593717
705f7c9f6f9a1ddb,0.04089123953428114
664080d9a44e09d5,0.040926073887473075
d7bfb116b3f0171e,0.08419167012660275
df7650f2e15b685c,0.10789594654435178
13d553333a49e1fc,0.039337903168937816
d60997f0da2b3161,0.03956814530294407
e3dc5b0748d9d1be,0.2754321539289555
126cc7a3354c3a59,0.05375959304552315
68c831e307f80c40,0.03168600338582785
4c10437c6f1f749e,0.180195336204582
4de56fff18170df4,0.06682153827552167
93ee64e43ea9b0ac,0.11726342826895375
622e27b7a834d371,0.2039806290604094
8283fa9a80b68052,0.06448443614761197
3cbb48910802e9b0,0.14785120767500126
898c4451fed60e39,0.09808441891270843
560b7b7af9fe8dd1,0.12367177819643117
bcc595e893e2a797,0.06200249762300716
cb2fa098224a9f0b,0.10903978737731548
9e2a88f835bbb5df,0.10874408579825537
07e1bd9a166bc257,0.17046829930556437
10fdd890be2462d8,0.04212729001397124
34a7adccbdf4dbe6,0.15284395412909527
5dca94f6e13922ed,0.07050944879271184
be032af3265ed2f8,0.19562900325552462
afebc493854ff065,0.033731029491164105
755bf2132b96ea88,0.034909648838698015
11b6872eb913fe4d,0.03355681542719806
5a73131a74b5e6f1,0.0564311743889397
a1445f34ce4c970c,0.12971317004340713
c84303c64f096b4d,0.0957358844532924
ee5a57da13fbcab4,0.15422049991279665
9e237fe51b937f8b,0.08487702047522722
04c0ce452fa54511,0.10512722570126909
e4cc4cfb493c102c,0.1323492234988483
13ec6848e5d8c7ec,0.05894468624955819
8b117511fb3c0bb5,0.17712066306316349
45109a7dafad71a4,0.1039979893021747
be5d51769b283a70,0.1457927739164382
4b049c030fc355f2,0.09207672204904536
e1b125afa19663b9,0.08859309361102242
7f5ee99bec52fb31,0.1930046183266056
0ea477a7bb524c43,0.0914895421952445
b2ef814029a4593b,0.11237492453555395
54642bb90de7c651,0.06217858403556101
5562db51544efda6,0.08625596039672623
8c3fc61ec6b0570c,0.13270471378665555
19990ada3d732a59,0.12493181633728244
d4a097538c2270df,0.09884808768226591
a8e6780d12272bb2,0.1382154990066249
0de7c0afdf2ac64d,0.09202629675943491
ec3a682eb391eb7a,0.08333565876421137
de499b3d3aa77620,0.07582368621142663
bb95d7738f26c137,0.08558928081056676
76de6c48fb303a99,0.1687378163810611
f54db052a2c1bf61,0.11405337665872442
d2b45f024d0f9012,0.1490249343490103
26693e446f60e43c,0.07325752209231313
00fedb2a014dd220,0.07758330743980674
8b353042d65300c8,0.07165656976244425
90c55b1f3ca98c5b,0.044831240681402394
b874c35d79d74f6c,0.0919128871958454
d482eb847a0a40c6,0.06778222433464394
fc4d3a97478802f1,0.08552509272669795
0a7a2b85838db506,0.04176838844451622
c697f27fe38b040c,0.05328964610943178
a4d2009627d556d9,0.1073852355557538
1c403f2124470ed4,0.048831469473834946
33627e42df750fa3,0.04125928004124516
ba9bd925e360f225,0.09524559758441584
ea28b791d0295ad0,0.10679094188928172
d149d439304c8705,0.040037415363453
536b709bf5515eeb,0.051169270189269006
88c0a8061e7a3795,0.12521445736657796
8764acb490f19b62,0.052667323423950516
417f76acebadcb48,0.1695118877909219
475869c5be3c507b,0.08993853650921527
3ef8009767c7fa25,0.16385564673953876
b554efed5fb706fa,0.16114144245542245
84da50183b024285,0.04915633610461936
a4b1d18f46aa981c,0.03891219318272275
9b47e555a004cdae,0.0677187824315808
ef262814960ff13f,0.12153019947448647
5c0868ac8eafc7f9,0.09208059298820093
db15a0f6f796aefc,0.038896132224056336
9e813d48e7fed678,0.12053158183401835
7e45e93f027eadd9,0.14543562172158594
bba24189518e4411,0.1563408639377692
80cba429bade3fd1,0.03829850251438867
ea2c64045d0a1c12,0.147283732360445
6eea65bf31a2bde4,0.04005518177444192
986a532aee033e7a,0.05153290364551015
d254bc6437766f3e,0.06904289504236721
3c2c4044a5a205b7,0.08139231707329313
d1698b7f7ce2ac63,0.14387205152449056
5615043a1f36b137,0.03049663066093198
fcb9321c88377fa5,0.05200221779128052
885250c55edfcb6f,0.09270337283647292
f48232723a1bd05d,0.21499912655558254
27b4eb77530a112c,0.043818203599129524
98a1669bde0eac7b,0.2006477832146482
c85cfc3341c8708c,0.045329216670008624
8043ae38af9b3ce5,0.12375119196329032
babccd7388fd8c21,0.08280026120187402
28aeae730b623cab,0.052425876142024604
4bf1da87dd838f3f,0.03545482307105674
8da93da167404e45,0.12161860631953733
4a0a3077b5581645,0.09123445400194768
bfa2d19017923568,0.08213191366920232
5f6e00c966c5f59f,0.13424335687275962
52c9dbfce9f1b95b,0.05143843289442694
cdfc3b9f626b0845,0.13870663367317587
5e6ad4f66342dce9,0.12833550943960914
42b0a534c0da50ab,0.05885438207286031
e454a16a94a43530,0.08148372218296449
1b6c9c3629bff42e,0.17840101001808684
3d4ea2f562e04d67,0.04438005370682721
e5e88946dd245e5b,0.0904022579091303
7c08fe11ea59472e,0.09626015901883522
48716b8ef3837856,0.05288738692998453
22cb220fb3d03ef0,0.15361673059783018
ad38c3a4c4f92dd2,0.03888981862451362
439506f46710d418,0.11166452945760733
e6d46d90ae71b635,0.08381948724770716
cc306ba2474886f5,0.040959215157831935
c3dbfacba8b29888,0.05052396560630522
3349746bf536b40c,0.05988456174492583
254dff7f2f5e27da,0.04402971645669999
5f715d9d99d8aef8,0.12592334984994868
28877bba74273a2c,0.040794904830296644
0837f11e1dc53f72,0.1678755621406549
700d9c6e6406ca13,0.14654397099008118
6e0d475eeeff64fb,0.10183674854510319
36ba7c400d24c8ad,0.0374057740267067
8c371f8737f1a2dc,0.22653833355837572
163b4afe1f475ea0,0.17465981198853794
2e2c632a9af9b807,0.18264632425397753
a891091666dc0643,0.12479939961447908
a990b188a8200e9e,0.03106231909095941
e0da7835cc3694da,0.12790941225576924
6965bd28dc460b44,0.04140574313587821
84b4fd2717d4bf2c,0.05148552156780059
0544118474e570be,0.10188582137527512
2437b2d4a2e8ae82,0.18715536026099291
647299fb2ba00e43,0.04073054201615717
7372537f1eba1dab,0.17863247330776288
8854c27e996efd14,0.08679255807088315
380235b034a986da,0.16333785350271615
a2d407f16ff373fe,0.16185656070200316
0ed19a3a868aaa3c,0.07404850638383469
c173b6242dff9b1c,0.08105798448548808
2043889f64f744b8,0.10068278613584655
19989bc6ef928517,0.1272704008447433
d0665c65b0cf8d5d,0.1255680411482918
2b072792e895a81c,0.05012480731125428
c531857150c9674b,0.10643536047766984
bb56bbe97134a4d1,0.056793110484150276
3e062b6117c4918a,0.08251572126991337
a58a4c24d35bd7fa,0.14295109280898297
4ea7721e8c059b2e,0.06427023843460657
32a75809119cf7bc,0.09719416608098552
e4794a0287930fdc,0.07005286527588547
028903129d296567,0.1205861615690147
910a3bc19a45f893,0.11854098822759368
afb4e9017f94d52b,0.03954026688053408
8c75ef81ac907000,0.09222857685529139
de995213b69871cd,0.059414357178341384
593b54413b1695ee,0.10915124492917339
d68b798f72ec2a7b,0.03753202131759145
2abd97afe8848116,0.04056544054420605
b80ebde982296428,0.11181892964523762
dbe8ab13dd1f44f4,0.04837377157288053
db6b5f2104046f55,0.1063446218223294
1f67c146861efa15,0.03599115784177945
38f490199f1306b5,0.059227574077196386
dce69a47bd1feb56,0.07527497169024336
12cd790efb4486a6,0.14340098932910958
d5806dd0784560a5,0.03937739190879255
207f45be2fb83671,0.1498676903942729
848e2c11fd115b35,0.13379078712357417
0f9d093c9db25458,0.11658106398779361
13e9da15ed290868,0.07900402934528764
8c584f6c1538beaa,0.02682350102154811
5fcd3e5896568513,0.17405528649402197
aa1f013ff05a59f3,0.07249169204472758
eb2bbf6f740d132f,0.04074387791825348
51fcfaba58d7f511,0.19166614701327767
abfff37a1f178105,0.1653025886811368
918258103a71c3ab,0.04799977401846154
99beaa8c134356ed,0.1408843267236327
f3d97c979517c08d,0.11916274771474317
577a00d787373595,0.14987183144133914
d71bd663eab2681d,0.13037150907105435
3b59c956b239b3db,0.05990070679899839
9115eeed93f30a1c,0.041453394865682086
3d992bc625e7dad1,0.038619499519119735
4db07f6033192f9b,0.06088089997000681
a58a45e9afd5b405,0.12961534198876357
519774a276bdada6,0.16358397663975713
50bc50ed77a01d75,0.11825695467370416
d608451c67dc5cfb,0.0914756319198186
2856ffa4f0a1ce80,0.12329059550810781
2bdff8f74778c4ea,0.03560552461383912
068acd67c99550cd,0.12222802232037623
6123220972766a4a,0.08307075062750377
c4d534fff3fc5628,0.11025629531434489
9fc3fdf14ea045ac,0.08522014313859794
3f86edfd0be75ecf,0.08126393686746788
c36573a6175092a9,0.13109787715227195
7c4df8c2f29666ee,0.04266247878021561
3c791b72118b74a6,0.10439542469502636
747b04b604c95fc1,0.05073807782236137
e780dca0db5520a5,0.048169201607944835
af83daec6d450e57,0.09560582332847097
5d4ff9f52e2e4f34,0.1366563278648969
b2b8e551d87be54f,0.6589375426122435
203b6e0e0fcaa971,0.08391590725773124
eb36b4336605a7d6,0.08725234404788605
14713adcc060333a,0.08765384520587165
251c0c9a3789eff9,0.13809291060430628
0d0e059449af50d6,0.061009821263178506
63b1850f6f5df5d3,0.07211606577827882
90ace0c383247390,0.03859248867664524
1ba1d1cb2d6d1bb9,0.0826218567663014
dcb2cbe56ba92129,0.04427172686734204
88b8fdeb6d82597c,0.058112944667628064
0ccfe20a4b77ea6e,0.043121740853149154
3482a5b15357f00e,0.04055714021755352
6d71348fed8b9c4f,0.05901773320836569
f8723e3306bf7c43,0.20357946941861924
7ef77b74f9baecb6,0.05203105428719042
bc80f01834269376,0.06567330063517052
18da383af4fa3cb8,0.17638775751335828
b474ff492fb9a94d,0.04819736879427195
d157b8492ffba0dc,0.05791688971865398
cbd2d4eb5123804b,0.07953762459334503
0f9515404031e965,0.06562605574289027
4f1dcb8a1669a31c,0.12834175271932685
28c27ce346a7a7b7,0.15894726436096102
58928eff8cb29089,0.09710483082017056
8069cea0e02052d2,0.04277979071704947
3b583c05db5ea4a6,0.03495513021496917
36384df41240d0c1,0.08380565449107946
15e9a245d6d06a3e,0.16560500089924618
d2dba561c29b817d,0.11007326370467294
2a507f7014709986,0.1565864603950084
a27e43abacf3b1f2,0.18696432537526542
686019b683e849d6,0.1866424844020491
9a3663eadae7822e,0.12565894345155368
f4857bb0e0b52a47,0.07865499326448357
29f988f929e638a6,0.05026298744202751
cc08f5318b40d7b5,0.05837711022943479
3aa8c59d9c5dc7ac,0.09895673960418377
eeeb124ea0b0d51f,0.06316684385619084
c422bdf822a0dc56,0.1389859483965993
98269904767a2636,0.05181664296819904
e6cbd02151c72662,0.16234889754501702
5e7bd880681d9f61,0.11250304498034792
fbe456da262eaa3b,0.09765776821351534
dfe3e7968ec080ba,0.06907564868253586
0e9ef351ddbc9ab1,0.060436417127600305
2902b3339eeca5e3,0.09844178177758682
a7137a063b883e92,0.10235649946753853
b733ad3dd8899d06,0.07566449801942017
44fe9234ab115e2f,0.18524090911251742
000b03fc8664c7d1,0.04483978596558276
9020a01496eaf633,0.14437114450442168
53b7a21b0f4cc200,0.04477698275763116
20cc306cbb1c6bcc,0.15074275974418153
debcfcb981ae0125,0.04149029222826711
802bd1039c3e6a1b,0.042768151820909844
5f5c21e0b6a4d4a7,0.07077780629447611
4e1d92bfbc009b58,0.11249976664233613
644c03f056f3bf9e,0.1429008911631992
3b4855d86d450661,0.03779270090240254
dbe1c9a9d3e563ac,0.058726922241038135
2fb49e6e63bbe8f6,0.13072544597795943
2347ddad2e1b095f,0.07068224413711104
e315a627d1ca8573,0.16082014388258592
0558a476ace81c15,0.10806809584369176
4426fc96456aa43d,0.1700392218282589
ee5092888f963b26,0.058682069066811046
57886ec9ac1bcba7,0.14487461115616534
69e1947ef1a19192,0.12021555776087971
af29d6fac97c87a3,0.06513395121779626
6952926383750b48,0.08960912262388276
b6e14b919c7ad1f2,0.055560170720492894
8d09ba7da0267580,0.16382538893085513
40e7e13ba421c25f,0.04955920981866084
c3d8677083122b80,0.16818527505718367
e41366313db49145,0.056696358959748505
ed95e31015c5959c,0.11839627382242379
64f0bef89a702494,0.045814717406510885
81918dc774b899ca,0.045027322337913796
dc9dc895fc8368b6,0.08236826091822477
ea0dcc9add9ba8c9,0.10135814617156566
c45a009981cf2faf,0.137434273517767
ee4eee5c2cad18b3,0.053929510149946416
4b8886ccb99d4b95,0.09217565101155435
a11b7637d21059b0,0.050272684306566784
ae6bfde3685ef5dd,0.042003700457183296
095f96ba3b90f727,0.09856076233738825
c800465fabd83658,0.05131265285973159
c75993f60039bc22,0.1059032864318288
15b2e13c51d54758,0.09080887217699676
cef343af7e936391,0.10488141381550906
bb9e37137f42fad4,0.09108491219679365
b6f54b152f0f2c28,0.0996846815321159
54548a1370ae962d,0.10883984524503687
774675091e96f38e,0.03847145475577247
64db0198c907fdc5,0.04565952540698272
ee3a2eba79a61cd2,0.06060416348942124
d87ea92ca2504e8e,0.1570180797904164
493f68967d2931dd,0.07167819591114015
33c5bd3953cad989,0.08470082889962169
31719675e9834500,0.051667569259602086
283d0d3d8afdcd48,0.14452335932841429
0954b46131527b56,0.04236531063402971
c7f99cdcd74ddfb2,0.14644266610412124
89e81b0750c67025,0.11561664776274248
ef2e114a293d6051,0.05856611472791149
3eaa82eb74b0d2b9,0.21296131677651917
f115b5827c53fdae,0.16319719216933504
5b981d50572234ec,0.08421177760801488
bc2a7ac2fb6ad312,0.13827791743909854
cabb5fa14742de79,0.1611146645160218
9dcd899d3120d04e,0.0422735227139671
5bf75dc153469005,0.1349568063562928
a99c57a3cfd238a9,0.19659557222296478
7d3c73f6e6251236,0.14001193507799078
79c824cab095ef0e,0.08912425116133363
50457f03b19ce000,0.14285483411539987
72ea29c850f97747,0.08685249054898285
949aabf35ccb0c4c,0.11165600073914247
bd3b7b9b5cc3a346,0.10608691708184054
581ae7bcf533000a,0.05716396040742055
f944b728b8eb9aac,0.10844877775984985
6add937f4476df2c,0.1023536772019285
478be273b158fbf1,0.04198481988255878
43c1856ef31d1073,0.17616165768394607
8f97466fd3810c1f,0.05960164602956482
3ae22b8a964781ec,0.09968922420234917
82ba55bfceb0ffbd,0.08908479954815784
5966bfc14b304d05,0.09590848263276464
eedd90867e3cd9d4,0.027463876582579698
99db9ab5fdf84102,0.03947083498539076
6c6761878fa11c78,0.11602002176104231
731bd2e8496a9b0e,0.04126753859488301
9f1fd83e49b82f88,0.15570616486469294
51a2cc12286941ac,0.14108146274032599
7b60067efe8e7c4a,0.17614564152033554
7ba8d7a5a2f30106,0.1910319532709097
677aebcf5c57a29d,0.08569820378423784
c2e6810f10057ffc,0.09469249840800825
f770bf49e8b32f7d,0.1293541318494583
d999d97cecc80f08,0.12589350233952742
225695249568ef3d,0.15639091118848844
64c347ce204607a2,0.15820952602815702
8b972fc1665f8aff,0.048541480966508746
fd3a180f558ad235,0.10737642372121206
f24ea2f162b99780,0.12399422881285918
71edcfb193fa3be3,0.14366255353299107
4507c7c846e862ed,0.06026578048394492
ac51d145f495fdf8,0.10525498439754385
3ab5c54552e9add3,0.11598668707688345
0e545a1fa4aecf83,0.04757199460544694
19eb7f93e53f33d0,0.07147052136733273
f4653f53352a740c,0.10635630925503962
c716d718820e66c0,0.05839747929385892
a8a2778b42759e84,0.13559548519206707
d632ca08f997e38d,0.0431353537936971
47c56ea6034205ca,0.045928686674542155
f436395245784b88,0.1893790994569789
ddb7078278325022,0.05444210682304589
1c24525f31c1953f,0.16249286436280466
7c7e6ee56d6ea5c1,0.15871350335179746
0e67b9cedd55f492,0.06304051398024037
a585afa6cc802221,0.06863038598601533
132bdb2d81abf434,0.10895813765963368
cdafcf3dcd774b36,0.09993617409067912
5694f780d2c8e463,0.039495920226270555
317ba4057a04aa16,0.14578943915161197
a92ae25f2defd1f4,0.13088794943788193
ff0073be9d8669a3,0.17665328359885654
2c4d6fd16e7da4d0,0.11388397420566862
e8b93ecfcfcf69bf,0.09804283455747233
aecdf632644c9922,0.14842826012434984
0f4ac8759cecccb4,0.03410492579273035
ae0ed79b3f56091e,0.11037653526715879
492dcb545fd160e3,0.08326525947259414
b6feaae9a6963540,0.06721714053748915
10bc80bca38b6418,0.07944221120980335
d8bf52f15b58b474,0.04479216681740732
d590d13d8a0daf0a,0.11482367752299569
bafce96906ba0c73,0.06561383480909672
15a89b9d9a174795,0.08583010476085585
3c895a00e202bc6e,0.13786168396058524
62100baf87d531c1,0.11379423654083504
8ea52f2642c87cd9,0.08931895472400936
78bf3db367f46ea8,0.15999918263183094
7303626be6419b04,0.05294961178541119
86f2e3f9f88bf00e,0.1983046606062464
39921131b7d48cf3,0.13007255477064256
7c06255c489ce455,0.20074064184484236
2a0f68fcd60099b6,0.14258389367578228
968f899504b28211,0.10894498626760485
98dd9df8fdcb29f4,0.08164056848876974
ed55728c47c8b666,0.04983244331817306
0e54abd540000681,0.16105725548461264
2687ae2ad26c6497,0.11796534791599333
afe3e3f4edc8f7b7,0.08335377768158962
3d8ff2a3976b69b9,0.09528242480218706
13e6deb5f77cd1f5,0.10967981747309233
8c8711be796262dc,0.06981107853159278
8eb1ab06839664b5,0.06813558579029459
dbd58b32bf776c26,0.052971962535970016
4be0c2fba004271c,0.12637421122504783
a0f6b49ec1b86bc1,0.15294772124096023
3b33e5fb16341fe1,0.12121307394188426
d39f326ae61cb937,0.033631463463519556
00e28c2a11d38c61,0.13879840880801736
a55c74a9759fd56a,0.048271203292554944
8bfd04b0788122e2,0.18941831746451035
895776a9cf9c8d43,0.08615436487489923
7ff187535e206416,0.1994075816229507
b2d991e4147a68e0,0.04056980967407817
b62ae246269c58c4,0.1939607433584035
b8af731f19b5c84d,0.033813227734502
19f5143484b38101,0.11748722672667689
982f6a3f1bccc6d4,0.05537084364852522
2cdfb20347feec4e,0.18376635728426988
5b2d62e736467c16,0.07135442221059754
f85bf07959deae92,0.059881957990786924
8e923fa1dedcd01b,0.10002451379907415
93b3dea6a99fe31a,0.09533905017242297
8bc3af23b3d5ba85,0.05388192383950929
91db39152bd6ad50,0.1452446537036648
d911a9c74b505826,0.12803557697068224
0e53e628826772d6,0.03789289466711968
14d7b607e5e3f0cc,0.07267024919595702
f3e8e3469f0aab7b,0.05196254290623495
b9c36eb092bb275d,0.10766793153163867
9cff3e265921dfed,0.13866138570485304
585bc81acbe5b1ec,0.040586148386980325
15f8e68c7ac23dec,0.06816582744576116
a37b05bbb09f8496,0.17738980033563279
4f31f80a263d61dd,0.0417180193138581
6a3987a9bab31c44,0.03889663586708886
9f59a5ca5ae6d119,0.07663613684121881
afc6cb824b3596c7,0.036143039829749965
64dcbe6f4ac8de61,0.21743204540202943
1fcaa5c3533f63ca,0.06247425197877964
a266793e0c2619d2,0.13883546619712378
598af3378495839d,0.07808289149623418
b40ecfcda1506387,0.055304575200735145
22537a4c1f1cb22f,0.06308566112314345
8c5b78cda30c225e,0.10847360244678453
3239189122d043fe,0.0697225836323112
4b34859a41dd8627,0.06919749254349897
7577c8941b2e888b,0.0355008730988702
8ef15229dd291883,0.036277371191132904
3332780ef14cd99b,0.12766919528041695
f93d1a6ecd62d897,0.07941904760508323
9505f55ac00dbadb,0.17460053282135332
7c1831bf48bd728b,0.029516853683792598
17cf81ec2dede54e,0.14018202161373128
e84c6f3155ec9762,0.16869466314789122
e894ec9e0ac2e7a5,0.16561497728042748
c307472500eaf782,0.15917612817433913
96de47679c4cb6b6,0.058996084931719935
e0dd44e7040c3168,0.08004955632848293
bd9e6bd2fcf5a54e,0.12735478062567898
0382e0d155285962,0.08975314174070134
509eccae9abde09a,0.12511203015881214
f2147e0be04acf5c,0.1336130461243794
f3a6b01cc0938196,0.15273868428339532
c1956069b7309004,0.06649535838616998
2292dd5e617286e5,0.11080519554509133
3644d81639ce9f29,0.1588946806713668
4a5bf3e5c85dbfe9,0.04006540018167301
095a4f241c64795f,0.17202877155951135
aa45545b6df75be3,0.1081109969327692
ffda21a7e2973492,0.12263526999779328
662adc1ed3e8fd43,0.10577183550796526
218ae6cc5968ab6e,0.17651142805801243
316379f30810e1c6,0.09294320863654215
eef8a37b8fe20ec4,0.1341842908075858
d9a0aead3407db9e,0.13061478762096246
f0c65e7320950a84,0.1361935371171443
4625132a59dcda74,0.16418221371082556
ab1c8b0c3967b656,0.15799559737641106
f00224def382933b,0.11665265599114694
090051f10ebcb768,0.08511555957909264
2a0c37f157e82f1b,0.09815022960054429
61914ca3afe42c15,0.06470366709215178
a9fc0e9ff5b0e706,0.03954818272898081
f548f7ed3074067e,0.08351396029201097
9aec70578372daed,0.04873515959353609
fbb0734a4e985290,0.05104361204726521
a8cd11786e7fe2b1,0.09918177482840632
6a4338f210f336ad,0.07135066823017183
cdb63c81014bd072,0.07562343692186155
2c5a98b60450efca,0.07762606024602864
2337a75838293036,0.04844456724158043
a0ed386ea018cce6,0.09303543853037556
db76609f02b3bb31,0.11160587819559831
597bd387a63987b9,0.18698848989263697
bc7571c47a54ce9b,0.09370883042586875
547510d3ce221301,0.12766924542807606
8e84181f60b3ec91,0.09539894960427373
13880ba898b8f597,0.15425082399383955
9ee1fb0201512e8b,0.16686094206119825
48aefa3d80da5764,0.07858453231352497
498d517a667856a7,0.10316419335749476
f07b0e35881505f2,0.05732631088803982
1df225f3addcce26,0.03523559578058563
84a772cbe6d216a1,0.07249235454907803
f0e4a70f82f01004,0.0977588177611292
3b639af3777f4c39,0.03442155628594057
b9f77a4295400abe,0.03913644772846782
7d646e2fd78953af,0.04182496036286559
4127b246e0beff6c,0.03898422195454848
2321d1fdb21c809d,0.07222269929417333
9936f8d7184f5e10,0.03845350710959374
e2e9ef0520d08656,0.04589050169913926
0aa9b948dc8766c5,0.04750798261035232
d96df85b5160b1a8,0.050144198497912476
3bef9584524abbef,0.13137166591997315
806989faeae50571,0.03989551454168527
6fedd263e1290110,0.11992387425259488
5762314e60a560e2,0.20808825230276265
748cd550549c514c,0.09482709061200875
58a8e997e2757de6,0.03608584613209299
c13887db4b2ded8d,0.1321281651951458
eba0106899e8fdf1,0.1796836599137124
a947c7f89cb176bf,0.22285162494816574
4ac4a17692a2a70b,0.0379967850227421
2fa4409e1b6a3d85,0.16567367964905647
a783eca691369f3a,0.09734077885402821
e6e45dc137aa0511,0.03146794304212373
c589fb4e517e579b,0.07442954734994606
0535f48557a68402,0.12620252187120612
48e423add1624f2d,0.13727482108680034
d20110b1a6f20e55,0.05109094198688329
739f7cc76c78d0bb,0.13720243549997305
2d439083c11f62ae,0.11145096438010957
0c74bc780e465296,0.05984499224453758
52294576789c8ec1,0.11326384753955665
99b2421c51d37084,0.04551770949686005
de49e465a4c970c4,0.16962633540032362
4c88fb93b8d12270,0.04095213491747583
dcce15e3b59d9796,0.05001145067621635
b8e0e09067432f1c,0.1683091130430932
962f882f18c11d46,0.0715932038752807
34753ee28116af4d,0.11340122512046684
7c71a6fe87ccd6e2,0.03916916781771479
7ff97e6a175132ea,0.10872495584534402
d84022bd67943384,0.10198150078624023
c270a677c7614aa6,0.07067084394346532
1266e1b58e87a761,0.12471757568281841
9fc631524aa3372e,0.047706327749395476
88da969d80daabce,0.1595165202730685
9c5cf1807334358b,0.08259046316040691
0e5706f9560fdbf7,0.06728493299818092
d9db7cf658a35e31,0.10869635424677528
38bb0629e63b6590,0.11473841245186567
726236f75c9de724,0.1093468443247714
47ff559912cb3714,0.05622022042484333
bd567ce69cb8cb62,0.053267790383401785
6b7338c16e1db627,0.03623029782278168
2e47f13eecf939c0,0.07091974418696115
7e001225afcdc58c,0.11222466720777191
b0ba287dc9f94b2c,0.11341071687861674
07be300260466f0d,0.04155552364658039
49e2abe2ca234745,0.1397309605029895
bf163922b4b12745,0.16679400164765018
aef9d385e9ff8518,0.12759421216589728
3e364e82bc780650,0.1870302725725297
393a9aece2867c5d,0.08529735289905735
b0519105b55d4bc5,0.13498245087110433
c5a4b1418dc4e412,0.12332387402743428
ae000e40b4cdbc49,0.06469792474841056
bdb4932474ae13dc,0.18662838188858355
54ab20f1339d0955,0.05551991636805981
bb6cce3b0b6744fe,0.050802870684988094
0d04ac4d48d1e700,0.21173386171542474
6e3f51731aaa2c77,0.09207147811903585
783b7b163b234e5e,0.13798405705921188
bb6501e8f6ab95a2,0.04662064331049197
e5f20b7a540b7472,0.0901634762284592
726e2ec81830f724,0.14630570997459136
e8dc50204900e975,0.0432320555079063
1334006b9c4f4ffd,0.16389072558402917
3553330b5c7e6092,0.1036632815284903
e1a3e161c8b2e221,0.07830831351205185
44e747740cb4260b,0.0370575740090434
00202304b4481207,0.14108170033196865
931eab5e85d6e3fc,0.05215294026325905
e4b8ca3da3eff8e6,0.07078757632777463
103e5a44f9c30ed7,0.09155740469773134
448d40536e9c5670,0.08334827627655604
1b4d4b42760e781e,0.14630246638655708
e0b110d4f6844bbb,0.1220237926445549
0d928dd7f13b92dc,0.11862422572044187
1bf6e2dae324cf0e,0.11387793496735016
b2a17e2a9337f111,0.25253777490025253
564d7ef8fb681d94,0.07609474573267
a2088d882fb6d77d,0.1597311752428801
3fe22caa380445a9,0.10475494813974329
2b3c171024a98155,0.19023706859304168
2014d23cd7792183,0.11684947591517622
fc996643d63f02d7,0.06041155020569223
c8d5c605e447f4fd,0.09151620684110036
634298df42266b22,0.06651100403920308
5c8cbaf8b4d39f57,0.18369544993597775
a688ddfeb76eb78c,0.18867562761028767
85a12cd29f47007e,0.046815309386275705
a5e1a3f8e312e1a0,0.03619765190779851
29e076c93c2b7fab,0.1633190036974276
71b7b90e9a0b70ae,0.12503291376426395
11583aaab15330e4,0.03317569656741724
5b34705855c1c880,0.049312818885773206
26361ce2a06897d2,0.05941719721687595
2be888bcb74be336,0.06313730440247059
fd96abe884c43d6c,0.1654560507672414
165fc0b6a160dbd9,0.21674829324697598
b8c8c114a79ff453,0.0410959971637981
e22746fcf084642c,0.03807709158868782
3fc60942cef4b9f8,0.1572623771098212
c78a85aab85debf8,0.10432512279513144
9c2166227724c80c,0.04101301207540408
e0291b12205c2c68,0.13856416862056647
307b5de4b89748c8,0.03491969420912139
b83469a7d7ed138a,0.16005443050960794
4726c5e084cb6f1c,0.11999572938751543
33795c308f648269,0.2196835038868935
d44b56532551df1f,0.13776975190201748
7db689f550f62666,0.08355052446228302
c64b1df6de24f982,0.04468715411647169
d9685a6aeee511e7,0.06011198372105357
2c867c13048a2311,0.19457487796637193
b3f36f5f67857959,0.06736800494396672
c8dbafacc0fb77d3,0.11820320444674008
3a1b2137777bcba5,0.03606855804536342
c9627e77fcbdd360,0.12101630150580517
cf4f6641c91382ed,0.0658364099041557
fb519c3fdb753245,0.19159038076722437
035449e62c90677f,0.10452670099019708
5201d1bc5a7cf0ef,0.11356891360643677
01ef09b451cbddb0,0.09411418886971591
b98e367af7c0158c,0.03977442668418179
bec6844244ad0aa4,0.09774335414529128
ed82262b135c6e4f,0.15804498631218572
67637bf7061cb7b0,0.04243998814330375
96ef8b85b60392d5,0.1711448018557532
fc1b0a61b9dd082c,0.10442805268970841
c408b4beae948cc1,0.08122011961825125
f26323206d284ed1,0.10181250600350028
9214caa6c1a0dc02,0.052115941982234466
591a28a3c195b6f1,0.15197871570463814
9cd8a8ffb7a9e96e,0.0365593515105532
7ce580a49450111c,0.06021210175736054
abccd8c43775abd4,0.048368281655329644
5c6acd44464d3db3,0.1195600242630841
b0e58b3d4a2a773c,0.21671682114275959
eff75fe4ffdcb49f,0.16182748184532242
06ac1908fb89960e,0.13736604652501283
6e61df7259588c80,0.10976153696699287
87752778bf4206ba,0.11876186173969393
2fecec0b55303222,0.07561317902260246
d57c0fad9eabe24a,0.15510572524473104
93cc7546b8c345e6,0.2107800083369477
eb76de6938c4c38e,0.11653197997322816
0e733a579e63472e,0.0602282101058021
e7dff8305acefcd5,0.05599029338004527
23423479e34fc441,0.17338697232843853
3f66f582c2bdc24a,0.09421065348803735
d312e4d7fce5fa01,0.13053880123363026
c04cd9fa54077b8e,0.07328496759688213
04b68ab2f6458e33,0.08803139768969384
35665b0fc6847811,0.13066147691993982
9028f284365c7863,0.08048237089012404
fa23926a88284b39,0.15811556702200355
ff5e27f506ba1ffc,0.1332539939216948
e6a04e92205e9e33,0.1439236771531096
934c2e26775faaec,0.03903030258515015
35403697fd72709d,0.08949213966140415
fdc814fd85f237e4,0.14361244625143102
bf4ee2f20859884d,0.055716846092754416
d2d10af48a354c4a,0.08816298343254517
a38e463e1b086d42,0.129904606575134
ba49ce0117002110,0.09770557941469664
d5393f1776772d2b,0.0972041651214692
80a6b6e9f65aa3ae,0.08301403675367432
d84698a77b768899,0.041483453801095624
8d09ae0709d01465,0.17573293936492793
0ac53b64e16a0efa,0.14101741694457626
a632a91a07ac8406,0.12505242183355111
1f2437c787ad39e6,0.17321543901140407
beb116a0a3ad4f5d,0.15594847554586572
c38f343ecf8e9527,0.07343321668095873
d04bd8d61ac99c5e,0.05900069373216136
6a279faa81d0684e,0.08699808716332401
1b49b1154407ea05,0.09791080888424258
b71746f211be0a24,0.03759186919067609
bbe0b7fa6d60f17d,0.1669757223598771
c9117e785fa1cd68,0.040403880722224304
a700a6b3a689a18f,0.0721853279482649
d998a004d828aadf,0.13184402653131905
54cfb8bb56897eb5,0.1558882947421122
bafd504785d302a8,0.17150071974164074
3f45db97b95a3352,0.05632460123288528
2364a75ca729f899,0.1689311885929855
9387acf4770f549f,0.11034184385867594
a434422326289b00,0.04036050991531703
8bbcd05afad8573e,0.21323884513655128
82fc48f10b8d7cc9,0.04867847549846929
65dd24b31c0c4067,0.11953031423607448
b25ccb8b682acbeb,0.10952468978269084
291117008b4408ee,0.11183318376991999
aae3422dfbb55bf7,0.10595351214226113
d436224afb38b7e2,0.09562240268619941
1287c0ffa2f14635,0.08803394824454203
4feb7edca163def2,0.16582419205269247
00df2416e72cdbc8,0.0605835899497186
e51c757048ea36b0,0.049350582673142775
59e45992c3fccfa8,0.11717896511952845
7b44475e4e2e3b92,0.14312201439648542
be457ea8112e2391,0.1253398543934819
1e4fd1293a611d2f,0.10813404003127389
343371989bd61c74,0.13675189303860474
6bb985812e990044,0.0554643323097391
c0be9996bfb5270b,0.08003134266288464
bb367ec1a239b8c8,0.11363397052654681
91fc9ee0920431a2,0.04647206692610452
82f2985fe6157914,0.05530015723288245
eaad7a9709bacd50,0.10755972477770687
1bb729bdda8eab4b,0.037606930709887194
35320f198f2157d7,0.04939757764909557
74cd9018fd2aa194,0.0899924313303945
fd091b5e49f8138b,0.09213723688466598
917e088d530b042e,0.17657272277533065
b0e606a7344aea7b,0.12532884697263263
c220230ca6b46d2e,0.09165804184963956
2174f0850e20c2b1,0.03680220753167769
3bfea4a031f46e50,0.05672525216000343
22199945c8b6f01d,0.16859614347956886
efd4e993a8d94f5e,0.09104674374900955
acad3b0b2e72b212,0.10803655343646446
1a33438ea9b6ba09,0.08223913440609656
c9a22295bdb2b49c,0.2132439738894548
0a24b5a0c164f36d,0.08447660008611382
12b662eae7ad89fd,0.07880939686319666
788a4a1a340ccebd,0.1753986139345532
0b6ebec97e53c571,0.07483694697697443
be4269de80d8b34b,0.21479017776155956
ae99dff2a596c7fd,0.1489982990731073
1cc563af87248566,0.14153740314584112
95b03e2a8add3a08,0.0851852588792954
bde7f9ddcf827170,0.04476392570800401
e24c4af855561b6d,0.08545958680558495
a1ef8a44aeab6af5,0.21972146634727396
2bf2e0d5f713e9ea,0.039947596848845274
6585c55605f3d692,0.13638355759547352
4a44bfcf3c8bea26,0.036515434762468005
78a21d5aa40bf4bd,0.06199933472128112
d208a68d90d83d1b,0.09439709345957598
fabf07be02cadf0d,0.14913656634366873
3fc8a4ec51114a77,0.12561650364776353
d8da2f9a640f4e03,0.11541199969996777
f7a8212a941af65b,0.0229910816296826
836c933a5cb4ecbc,0.14525859124917448
e292f252eebf817f,0.08475192120377839
ae7e8b931e0ade53,0.17225516184167933
c937062a293ea0e5,0.05126088943460277
673793020f42eaf0,0.04940677532319578
531a753aa5a10879,0.05733690783563186
65613b893147c771,0.1383547967858823
a3609d34533ca6b4,0.08363169842532595
c9eecf5329211123,0.12022650435585755
4e6d4f733588a212,0.1279385029360601
95e0d5ddca2118d4,0.19680970760521616
4b071534952c920b,0.07708049241315389
f333221664eda263,0.0626535509001089
8627e41026f74eaa,0.10135899072329617
789f4695cdd6a417,0.09432900336568972
908034eabc372b99,0.050307657847896606
984bfa387795ef76,0.1443522117502995
91c8e8e6f637fb1f,0.13031132120607256
363aeba9c072e960,0.15594071668281412
5cd6915b98d723ff,0.09728018500695998
20f027368dbc60fa,0.04360734692199379
a58841827e8017bb,0.0723947775205847
ad9e6a299aee4827,0.11725656282433664
fad46bf569ac7443,0.09244193268167267
0bdec115af64e996,0.10884020219378446
e78e15a02aa6163b,0.19826868975109257
94c1b40d53f1c78b,0.08507834135990164
c1dee5b6d55fd7c1,0.12201201253722363
502f0c8494138feb,0.035293499439878945
316c5e9c86bbb645,0.049721771754152905
c5624991cdcf670d,0.06869091251493725
e000077bf8c8b49b,0.09837930100294376
9a36d5ad49081233,0.03890662860200063
e4ac16a92daba7e8,0.14960752840853303
caf1ce5141ffb34e,0.03297953432096393
d07bf091bf998e0c,0.10883535473713334
f230be64e9f003ae,0.16318629995169048
fcfe55e0768ab257,0.05151638883344594
ad04ef9c94f25ea7,0.059247901471554114
b6c3dc163008115f,0.08459213755458392
2a0af6ff3489e003,0.07581732789931592
5c098958dc2a26c1,0.041965849196118434
a802f6f7cd6d7b2d,0.07696554620775718
f0897866ed523f60,0.12277665228207715
3c1071f1773cc7f2,0.029895049616613704
5fb77ed43c58e517,0.049271895197919094
3fbcf72648af3500,0.07957638170900323
64964fe3e34849fb,0.05623952659775737
3d3b19b2da76dc78,0.15915776630996833
69eb4e47c0f3104f,0.1244164969916598
1b55daf09e9f129f,0.0851078929490533
853fa0b67eda4e6c,0.05179783583320671
636b3bfe96c8c67a,0.05641571688154885
51b24fbdde490535,0.05683560875841868
b80f84359d81c98d,0.12323404038718577
a865666aeb2b82d1,0.0353227826108056
08fd3d5f06273089,0.035370450411134374
cdac52f8c24b9616,0.160555186731491
bdc841da585c4a1d,0.14914117829887275
8858154c3efe65ff,0.10797982661138092
29f989d45429b9ee,0.11649075390114098
b97dff4909968aa8,0.03434611877175235
69c86328a89e4898,0.04972427619130571
2d50759601edb9c3,0.11995077134272022
134be78ce02d48e1,0.115225376132437
53b540f7c8d16cfe,0.034775413508605746
76d2e83b30cca3f9,0.08053403609483756
062167d4ccf76346,0.164854328396356
84cc2a48661e807d,0.04698888132208029
60f1e251520005f8,0.12064277530981153
781115a32396b4cb,0.0640021560362526
4c1e17c82f4cc326,0.14856193839510928
b602ad5debd51028,0.1286062203237351
4d9da053a872a970,0.12647239130694046
95f7ebe4304bd2e4,0.18465606749877017
67a8207cfef9f011,0.19007324688810365
b1c3468185b9514e,0.12506352694447542
f80ccd7ace26ae4d,0.21945035849843372
3ac147039aaf4499,0.05868512241134817
fe5cd175ea7fc09b,0.04291325711037225
9026d2936cf2bda8,0.16096160470904972
a4b0e01784fc7cf8,0.1455409494039997
43c462b48d97dd20,0.12559592833179917
e36d0189d20a7617,0.060682632949519394
43c3586991f4b403,0.06676317647053939
009e48f2b32be557,0.04038494454919549
a1689ef168f2f333,0.1974833874018148
dc310fc66470ab07,0.09842552675527562
bc654d187751fe04,0.08926894488065906
247e62af046a99a5,0.08700039014313678
48f2f9556bb2ad1c,0.10988442529862688
e604b921624a200f,0.14204481620446205
e46765e152f7daef,0.13148925836305114
3d183f0c812b6d09,0.111296603931755
3a7275f9aeda8305,0.03604194557769773
1d994aeb47ff952e,0.05144383534783714
75dd9cd1bcd35d05,0.0378390252623807
a976b4932381b300,0.03319666753255355
da2e39ced8c0afd6,0.047419043128183576
c77fd47bb1683f58,0.13650118869753508
ceeddee046f39ae0,0.04136403802287107
cc50dd12d1f23bac,0.09326069736247382
8b73f447d60fc992,0.1052172060369223
dba1029662f0c412,0.08425788816165188
ab65e0876504bba1,0.16445600943909855
00754e6b5a7298f1,0.05380946076555518
082f192c053e5283,0.04450927760997494
4cee8c7c13d1afe2,0.10540071501049518
9ea9e3c8cb3df9aa,0.06533947115557835
2caa75dd78c01d17,0.20285033682692405
42ca39ab5466bd19,0.17922728378776723
939ed128e268f834,0.04765834103484655
e452cd65ed19c900,0.11965490000381779
e5ee2d79d0c49d1d,0.19168089439510902
ce0d423deb82f2f5,0.05534029253619789
3c30319ed1684972,0.10275301429357825
18968bda98628242,0.12510590679758177
9566631a173d48de,0.1704927668203996
01d78d3ab164da20,0.05836283062802751
7245800926a4112f,0.11872455902218562
3fffc62471c1f18a,0.13668417495588897
3b530b29e9f5617f,0.13461466056131322
65305594301ba50f,0.13368109159194058
593ee003a4981c15,0.10930691027800571
f79985b30220adb1,0.07136184534863106
60dd8dcd3a1d1839,0.17906194932082808
288aaae44688b015,0.1503427983114064
8a16369cb4554d3e,0.04716426085694139
4e49cf49f79e1181,0.18245166898366114
1a6026c94f49058a,0.055677546438276965
8c29813aa363f889,0.1065345040586197
5fcc5826d5f8db34,0.13168313101324294
b002c58138c724fb,0.0443328707588279
62a918db11ef3076,0.1773969130726914
8fb91f382ae2782d,0.16092641676931685
af730eb0035cf0d3,0.11868709622176671
546fef357d2bcd57,0.15341315701726724
c6129c4b99d7f4c6,0.11559608010728084
7596069ac38eadb8,0.08379344995955304
9560c8310cf23dab,0.03792462619672676
ca1acdabe94e042f,0.13010150278560217
521f9d2193473fd0,0.06602470887941786
617eda3b96abb577,0.09237651431641988
8d735b59dd0a4270,0.20040021783408896
1b405139fc287a40,0.07071183281334084
e621733719a2d775,0.16296488260333186
95f4b0d76e779b43,0.13746052243148887
bd6a23cab176ffec,0.03902684587910603
3c5fadc2c957c7ce,0.18538996918882553
37cae1b2dd3c1330,0.11796116964045034
0fc2ffbd9370b121,0.0867689397227121
b31de0d8e304eeab,0.1365366169435382
5738bf5ea59fcb0a,0.12449071882776358
402c7edae37bcf39,0.1377648094200376
1d79e32040c6b05f,0.19279429483042185
bf493f6f4a48b2ff,0.04217358674065699
8530681352913ce0,0.040199003267656006
c79cb0e184ac42c1,0.06936202710220865
32ecd92eb352979d,0.1543491758973916
c9a54261284070bb,0.0422356629150455
e6c2ba81e397e33d,0.058475765678859606
955bdf4fc9420404,0.07809069367662404
b180a78e50608ab9,0.08944986057947121
69484ff0bdf4b104,0.0958471992089375
8d62a01ddfa11fe9,0.15247927212180812
12c3df9b72ef96e5,0.045350052470841645
12ccc513557a0656,0.09406224344593234
2aaa9bc35f4acee2,0.1835783458387369
e31d14248a98a72e,0.140557750062937
1058c1f47fca2b81,0.0646334239641502
02ab14036929f70f,0.097947789981014
6880fd1518aecd04,0.09025725617819529
580068eee74ae5d6,0.03596585335872396
fedf1e1bd320672b,0.06636455069072306
d47c1d43f9dbdf92,0.08538113183152009
8a7fa6c84cb2b0fe,0.08365326635801015
089bead0dc0d7c16,0.11281557678017483
3f12eac5d776ac9b,0.055892032367799015
2b55254bb421a326,0.1104919770651547
16721efb42f49e40,0.19531285468338663
87ada6cbd040d527,0.08836722507442804
c5c4d8e14015f4e3,0.12332326968597446
5d499b0e085f025c,0.14982590316293648
183039182079fa48,0.1641367244722625
05d6c8a5d3db19c4,0.16987773811528933
4477fb4e0a476ae4,0.1256494538073572
3965182266dda565,0.08970624509681271
72bafef29554438a,0.10016605880214473
1b31f23c3e55dcb7,0.10723270017850593
66c42c9008125f10,0.1288616111965507
5bf14b82c919f706,0.10944291265490091
2c7401c2798c92bd,0.07916383739074369
4adf517216b1dd47,0.04319649296485227
26348c70727fc713,0.1863106121458835
82c1c6b9b0ad498d,0.1062716413680142
1365ca92c2e04031,0.06873484753144603
9edbc98e397ab4c2,0.08528579325252454
1059c066d6e0626d,0.0356324253471013
af993cc3ac374b83,0.06772250386235965
f32194afe634dbba,0.1468539103409539
29de97ac80feb956,0.09969105959317669
e5fb185d8c6181d7,0.08605432585881606
632347c0452d889a,0.16122028147928802
35ad7b818afa2cc9,0.20021259507131195
0e9b47d072e9f5d9,0.06988113951502814
4b2ee7a5a4d7d797,0.10053901346304502
793b579534d59c3e,0.08969798318565814
3b23c46e8aebaa25,0.1310586508957471
f68b741461469ae2,0.03394271840340502
79e144db8265864c,0.03795815273602843
09c4fd90bed2d748,0.14909860150730547
2215efb176105acd,0.1257588356559527
b4a9877c6c234878,0.1005730596151249
529f75ff399c033b,0.13965863272891843
ad20741d26dac628,0.19742228609387244
abee4fe9fcb49deb,0.048327386795039964
80bf7ea1dfa6b569,0.12590702302792942
7d637676608f51cb,0.05433993297280473
79855154621f663c,0.04418580860609338
db630a696b94324c,0.09664739170833672
2c87f55f1bd853bf,0.03987779977770826
05466a89f589fe04,0.15486210217742855
073f9b06f7bf95f5,0.05141877731032575
d8c52af1d9a0ab94,0.043232693835297584
170df691b9758d76,0.11516624747181421
098c223fa7ac1f73,0.11856362195133623
947d4f80370f0b58,0.09274726864519385
66196fa0af9abe3f,0.1497381040476801
356513b3059ae50f,0.11248121631566307
a951ca23d4bdcc33,0.14342001847532115
defaffd4e20a4c47,0.052210429574105155
9aeb8ce75c56fcce,0.053035260775208516
0e52e6d570d8f008,0.044537474912786576
d177a330dadb2707,0.041079717955208706
4acf903d98d08aa8,0.23634330192593345
673bd4205f6635b8,0.14466619940403194
17b635201a20862b,0.10637925130934629
e31cdafcb4337eef,0.047183966643435334
2f57ad23a2ad21f5,0.1318709098047841
8c76f3fa81c149a4,0.0745870437378291
7448092b980edcbb,0.14008043295723413
cc3891e28dd031fb,0.047434890522886325
05d416ef906cddf6,0.04283130574020039
d5cdb3c4f4965afa,0.06305905049189875
bc40575e98475699,0.03904213575859685
7227a9d91f309e1e,0.07599435833299127
f83295ed727a429c,0.05657693874328513
44f16ce1d7899c02,0.038384158306377224
219b4d22a5bcceb7,0.040472922245859876
5684d434bf545e82,0.05247796913875305
03d5ff6b9db6a1ce,0.07299868659326636
c402ad00c62dd803,0.06050518202920706
d384f2bb50d7321e,0.12842922142358987
865ca8dbe8ae9927,0.08733148700677325
0cfaded78f4c55c4,0.14720428849390507
c1f9c03f1f673cb2,0.14264091478850055
80784aef1b00a337,0.14290505725591773
2cc7c6c16592cbf5,0.06929164829014997
f816697d9e23576b,0.07512102528469786
e0a3063ee410875f,0.06606593148822748
187c083474d62911,0.09051069344426282
32fe8606c8a5cb67,0.14906984446295543
e3b603a450f69271,0.05741612259031361
13ea25fe500d74e1,0.09024370294751186
3465f2b92e5411a4,0.041701364191984634
f84c04deab8f0a53,0.13425929777053547
ce64b825ce5f48e0,0.040146959955282314
a03d161faa6231d7,0.04348363767145988
7b73399454d06d9d,0.04977790623911654
726ce1fc6c05064c,0.12666622383892567
0e660e2441745329,0.07827091019096646
d4373d25e109dcb5,0.18518539828156722
6c8ad2f1018079fb,0.03476540836106846
485cc002fda9b938,0.04179189418451901
840b1b00c51f87cb,0.027442792447763365
e7c9e19e247f843b,0.10608354119121326
4f97589fa05c40f1,0.16428296237046652
41919c492d55190b,0.1454686407837688
8fc6cb3936ed4ac6,0.09623471943176476
75e3076bf4b29ba8,0.06354648378792918
8357351f6977683d,0.09563127121002263
1a6590aa6c3d2a06,0.13171785636117875
6b0dae5047e0ba12,0.11691240640442604
6f8bc4fa3d91a3dc,0.06444215038497977
e4aecbadc139b9ec,0.08641181913508725
7616bb2872e18231,0.13387467920510002
f97102e411194f18,0.05390358243691411
4f25e4f4959ce4e1,0.06761406856213838
46d34ae6f3e900ba,0.10657251023792622
73e3288eeb552e3f,0.04685557646300877
e7010fbb2150676d,0.08717001475948309
cc2c1c680ac82832,0.03478084791293705
d025b02417a63fbb,0.09860534023603733
08070948781ecfb5,0.050036960853615024
2bdbf073750d4864,0.10297520685246926
2783928eaba81305,0.14364956694904502
51bcbc84c0f437ad,0.05542798660319734
dbecf7b9325b78d3,0.19770542273483183
39b3096dbfceade4,0.09897706035283527
4299599a54525066,0.1485101466061443
ccd92654fb1f721f,0.11410869709206821
ee1170819ca7d594,0.047601572753437627
c30ab4f74d33afa9,0.03774178496589888
40f10fad12afb51f,0.10379119737358126
f4e63fba51ec3896,0.15738287975281157
60ad4f8eda2cf6d5,0.172762573291677
4dfcb17aa4236952,0.1187667361803403
2e54d9b1b4e00337,0.05562399370034496
47a9e135733c2ab4,0.09011355448096015
4b3c22d3da587d59,0.10265898015681768
ef89abef9807c003,0.06957434177130756
e7530eb737c85931,0.07916899790146237
dea26fe32dbe26a7,0.10827191393519672
08133a148f3d4ed6,0.13617745567916129
d39b177320bf091f,0.1221464441449925
c2eeafe05948ccae,0.12762333783948404
73c8d1e2bc9f517f,0.0554049656372423
0dd4da33e5e18c44,0.09630398206496314
25e076876a1fb6c3,0.14367765698350027
873d0ca47a7ce61e,0.11252091647733031
930d090798b9ad8e,0.10364831667878177
98e38baebfb97bcd,0.1378656635928748
9c779fba6fe0839e,0.04374601117683066
5bb1f9fc76a02c1b,0.08908665404069643
f83de39c4e518f6b,0.11792665538764456
10bbab1f08d2e6c2,0.034738475709161304
ffe63eebf605244b,0.19873227641270877
1e55e67dbb9fa1ef,0.09214300985599605
e53426cca968ebd9,0.1545477347502773
51bba86dd8aaec50,0.13502321537046413
582102afed3c818c,0.05717006711610059
b280a8fb8ffb9bf1,0.09439168800401035
e8e7ee8589574a45,0.075800673786317
228ac1a17bade85a,0.09074537646900357
2bb37b0ac11a0c2b,0.1405744906851717
5588a1f5d8da9c77,0.05745303117280514
a46d657f4c9bc8ca,0.06569903001507243
7373ad47c61f558c,0.1879544695519676
0f1fcadf13eee28b,0.12896318072610266
1f8603bf90774382,0.1942088505505546
b0dc746e7f7ac87b,0.0734387942397546
82107223b7ff9788,0.11369662111510341
a38cbc0aecaa644c,0.0743021686900765
61dbaab39e7dbc01,0.03802476383768146
85064aac24d665cd,0.03470751303493162
48be998c9a3000d0,0.09445848420994163
26b2daccb2b045e0,0.1759827321581207
95198d21e3fae237,0.07394311316538069
b2a2d7a18404d7a4,0.13735527388552674
6b178de020b8598f,0.06779466051547761
38c1b19633279892,0.11020475153592
186d5468edde7455,0.18025836814646518
4f33d36d7b629852,0.08397560953814254
b955eeaecbe25ef7,0.14366841825714552
39ad39dbe012b34a,0.1930046864765418
929e8e2af2403da0,0.07535054871491546
fa22cc093dcf1822,0.05199190295253632
f56ff6b1c2817475,0.055183633551289746
56b30f44349ddb92,0.10815557118591412
617dd77adea9e711,0.10337625570772829
4cd7a91de7bacdd1,0.13362056872995332
c07844f4e94ce116,0.22500850619599594
692bbfe3fde429f2,0.15615153194971845
6e8117bf11d2b904,0.07278205371749383
27efca94126fb8ff,0.04562927143925172
4d2a406b540c41f9,0.20021088037967827
5ca9c8756c163b0e,0.05117190566845951
c10aad8b54af6017,0.10952109604711133
60798b007f7b4637,0.05913597169950595
805031b5ab834e54,0.09294864444405715
fea6be92744b0c40,0.20193865375423337
284e4bea4a96494c,0.08530257286335788
4db0c35a634d4fb9,0.055125841957996594
351dca6bfd544a21,0.169253569454066
c36cc7323d4f4de5,0.15860646322372207
78c350098097af6d,0.0330156008586367
1404eca61a3105b6,0.04588724985743209
2472a09a3e602f48,0.1304213426598646
5f9d50958df392e6,0.1327280333003689
ab8fde4ac70ac766,0.17687310102728443
6649908e57ee98c0,0.03377531103460213
6f6b426a42753b8f,0.07389603339639442
9f89dd1b9ea145e9,0.12291641369463127
d56cce1c1c4c9780,0.07063139388741266
fd794932c3ad58d3,0.029315988496719337
901c8562d025f79d,0.06900133066060249
2460966f3ca7d3bd,0.13498591934469956
41c6149d1848cad1,0.08842323649612965
2c948ba95eb3128a,0.15346679796791518
0263f07afc6e71f9,0.04022605944067283
59520bb39396ae13,0.14233329351735152
096e1b740c779095,0.1095040505599499
13bcd446b5b75780,0.041191300863998276
82652e7aaa1e423f,0.0427683190463536
b4c2a047510b1d1d,0.04392024096494944
8e95fe1172cfd49b,0.09284866223607272
8b3b319f1bf34127,0.15470688098892876
8e876b9274c5930f,0.05026886862724436
74c8dbccca14e4c9,0.17154190516166712
a13d2861af1b8b95,0.13107235307390308
3d0443784b9008d8,0.10290827097209293
30a6c22faea5d219,0.1389215896479627
8ccaf0cd13ec8d69,0.18994638475294728
ea79b75b6fa4e024,0.10154627106964695
df41150fbde2201f,0.09441867075854726
6bfaf27148ca783a,0.13477563040387927
016b24ffbde9f2e6,0.1765107118841201
c7f17aea0b57c810,0.045575323860491984
1974cb4a4a5105f9,0.10096444517728072
ed6fb2d892b20325,0.07688410280947398
029aa7e7739f68f3,0.06025305423021603
1499ced0a7fec031,0.07177121435140679
1da835ae2069715d,0.05052554308054573
3b48789ebdae6cf1,0.10246604145565624
b2501a34b4204e11,0.06889568327123613
4e1bde0d2fdb1719,0.08993195245829069
bd42c11dc1ea52c1,0.04125369350543624
dcdd441194892326,0.08197302127513523
890cf601bcb4d1fc,0.14004545139053948
efcfd07026d6f75c,0.1426398356849667
6e5921c9eaa0bbae,0.07399507079557477
076e6b937f9e0f1e,0.1811466502481521
fe7aa6148631a52b,0.07495556007842004
0204709b122147fa,0.048751574055219335
3bf87c4ce9af3343,0.038012561268499966
e5d3cf73e07cb881,0.13170252634244714
d79da024e674f570,0.1122787083995081
f137410611053710,0.07440670661326244
4b48a5ea7d8db38d,0.0497149501057324
6e5b5708c1bbde63,0.14538669456067238
2e21f1e2f4f0d11b,0.06172890698553874
2fcb7b875a97fd67,0.12580886556538393
c9c50dcabb2aaebd,0.0394951687895459
ade709965be588c6,0.06158840239493055
e99ce68035fd1383,0.11716678457277455
9abdf47140639086,0.23347147846273061
c0370f3f688a69d3,0.1841782793823965
023ecf078fbcbe04,0.10560462469100673
9366b2145d9ffbaa,0.10691072504317453
907dcd98979cefc5,0.049127035279989295
1430d1f8417967a9,0.10523956563456684
12cf954bc6f7953f,0.1893946295771864
9f439978c3ff1caf,0.12568981533675042
3d566b52640665bf,0.19140463464927085
1da24b04359879c2,0.0652467807517196
5fb8e8cdc5a458af,0.10033001185228155
69f63de79af9dd49,0.1269952070353522
078cef5b5f6aff6f,0.14122750481549828
ee64ad3ef7cbc727,0.04341779182504554
30f789de29e44c84,0.17120745744665417
ed6dc35d0f6c3f4b,0.19939605540691205
24171dc6016596e0,0.11008573421534375
d9753be4a4ac4d5f,0.16590395804281408
08b18f56dc4a9978,0.09782191800990886
2fe99f58d73a842b,0.04719915743696132
231cb4b19f8ddc4a,0.03230128520033644
a0f57bb92842d2c6,0.06528157312107288
b451e5af95310e52,0.1257588358908796
4d5e3c273bff2df6,0.11557669792344379
69445874395ad7f7,0.0419403124644854
72d5eb4d04446c06,0.07315324620637886
676277c834acaafa,0.051733347107462954
345fac6fcbfce3ac,0.09857899885512422
77268d80339453f4,0.08411646866668496
0a3d332e3608b10c,0.17217605270273292
3d3e247d278aad6c,0.18218412704909667
c6d0f1503380066c,0.11968884601388007
a7ccb8ff054ea663,0.13853948423330503
d3b3fd3963b35751,0.1554548506846198
e361e82e1559efea,0.12791318589668754
94f03a339108fe12,0.0327103290838282
0d6b47fe3047807f,0.09532597446654723
f0d2a9398458201f,0.05698308052314912
8189ef648444f31a,0.168077965677081
b341aa9047a23001,0.06785947319303161
0b603f589ffe5334,0.17336353237699856
dfcd5836b6d7807c,0.17642020927575053
c69510f82760fc8e,0.07380962717926584
bc2b0e3b0279f394,0.04269718398983213
9e59359a937dc386,0.06938538732021096
9bd6fbbffc3029b7,0.08029526980852418
78533ed0a4d75031,0.10846938155758361
24d3b857d9ec7516,0.14529741309486272
d9f1874f6346d786,0.12067446124730147
6588a72e611a860f,0.03877448076996261
52fef00321899df1,0.14932846106856523
b3c2a81210323102,0.05591900461307746
c1501d30afd688d2,0.0829013511993197
2bd1f2fa8a7cdbba,0.0723364845154175
7472a7ac18cd8ab0,0.2170202631009642
b1dcab1c1027e375,0.067984901777793
2add558fb5890d0f,0.05688456465916762
51a6b2ebff82bb8d,0.12396436812064054
3486d76917d26380,0.12757240709226234
7d9915dadeee6dc0,0.1101871627386267
1a5e5859e62a5ff4,0.03277116844839527
ba7cc06ca707247c,0.10116763084867855
3c42318ad81df936,0.04201703155034757
e7f32c62736ba8ec,0.07900051318634715
01970049a1d79ee3,0.1519803795999423
c34d08417ccc14e1,0.12410478912070107
dd08d7511ab95a7c,0.10056928337135329
147c9ed162930636,0.1306249674932748
4d55d8c7e32d9a9c,0.08433906511186023
1df22e6d0f4be856,0.08904800541725962
29e5cfdbc9735f7b,0.13580336646665486
529dfd620d6ee22a,0.08013899489664522
22b829fba260c24a,0.06696366871666982
712c502ecc45cac8,0.050206719113176736
2806f2b7f968844a,0.13951806909956968
1ff716c957da8f4c,0.031346197095484286
33a651d1e2266900,0.14292852437843426
01aa41460821647d,0.1153052031085787
2728591ac3aaa7f9,0.1611617399489897
62153e0ba99bfdc4,0.1488532694238814
a336835871390b27,0.08316575278954347
66040815dd14bdc6,0.0755763282576061
e0d8f324ffe3e925,0.11838606740598093
e7d245b8d234167a,0.05398421492573288
b30acd5fe8990b03,0.12968577583105168
8b87df65e3f61018,0.09997184884694202
92d913128fc856dd,0.1062515961112978
c1aa97bf3aa49c01,0.06181728636066314
37b85ed57524087b,0.17479051970071902
fbbd2368a21a9e6b,0.0954310843902906
39795c53fb16d719,0.07244280413283523
6d637bbe837caf77,0.11491287574673294
ac09426ca8b44dc8,0.1356497751918794
0007a5bb7310d604,0.12367166304394858
f8c5400d321751bb,0.19115218118565577
5c5d74b2ed3fe0b2,0.04235948426555132
a0d70afd5aebab39,0.09252718181485525
dab67f5669ab1b4a,0.11720149840140727
b094a6aee2983e4b,0.09335571683583758
76eceb39e4bbf598,0.11045970219693615
08792ceaef2278a0,0.07511352042805838
421639eb32096298,0.137389697652067
3732446a2dc0ff2c,0.07474073067014
f42e7bbaae983e33,0.11938353054932713
1d7a33be5e41401e,0.09610420132997155
c94efe294bf687bc,0.17028245484365123
54153bda194f6353,0.04452251367461398
275f14633d4a7de0,0.05149349917161933
7a750521e7810b4b,0.18516447656242024
b94bc2b4bd62e236,0.10731091506298204
3c2076842f11afcb,0.0480595615901004
53c3d245534bdda0,0.03745883057690527
bee1ce38b4653a33,0.0644991559816116
7fcd7a8a7c44d7f7,0.0460380858592462
60fc2edd396bed1b,0.09128260498144969
df7a1a739d1e3d31,0.14122671678932378
293173b622ae6047,0.09356482056052115
c18a9f29b23ca49b,0.05024298375669426
4497cca94390df91,0.07643496030668184
40d9096835771f2f,0.19051346861985072
ba30e997b8338d76,0.1467665383485473
56d89283c0f5c7c8,0.07099535433223153
f460984ca4f4f1a0,0.06470592306647827
63585cd6e35862a2,0.0781794735628014
26e41712e705d5ad,0.12984607636874357
0a056eacd56539b4,0.0388621688086264
9060dd63376b8616,0.10031804488204424
f11e51ec27009738,0.12562218017510682
d0496dc870887d72,0.11923176174572186
65fef6d3fb26ca70,0.03901798922750708
a586684b41fa9769,0.06075604868310336
3bb2f0950e70a234,0.10725270729513703
6c6a97e3ad10abbf,0.154661278052272
ede33053b334b03e,0.11361990334588645
0dfab1673fe84ab2,0.06627994735296691
f65b0230673c2e76,0.10147284816313253
5618ac6872992ff3,0.2003077290672107
77febd71dc7777e6,0.16517320089036602
7f54b45c8c0b9310,0.18136918837391483
9273e3e5412cfeae,0.12646893602490092
52087475796918f7,0.06935278768161371
643455f14aa1df04,0.03648754728010273
d1b24b005a16d2e7,0.12573585308351248
88788f98d41f9611,0.14671505296343176
bbbe50af555f1d68,0.10618463961218272
1bfe964817713a25,0.19947959227111792
40d6df07da814020,0.12957235106481568
8a96d0eccabff7b3,0.03586798687660621
439300a43f735490,0.035364537942528765
bfaf88448d1869a5,0.12787212957839278
1eb331ca2d61f16e,0.1325798282120214
5ad8f23386d2ce42,0.1680707529997827
69ddf95fb1e28199,0.12320899700597164
6c224fe2f90a4ac6,0.07770992315880676
7d2d81f3b2e16bb2,0.15471783751633053
306bcc14dd7bcd69,0.18593457030008964
db0b579d4d6c3202,0.03309095580502691
5e7670a553fae63c,0.11218187965015669
999f8c054ed84981,0.06548056986258284
645969c8fdeb22a1,0.025940696755329173
6158cad9f5117a45,0.08040011102711193
3717d43b0bfbe61e,0.12370953636898278
8ffc981637d61bb9,0.06056887796407842
8b934f4c25070ad8,0.06165099674948083
15701cad20890a02,0.08572089349768286
4a22e527eecd22b2,0.13348651226548522
6b7e69ddbeb27f14,0.1471716705292746
c44f66a5254d5ede,0.18651058280499783
1dd06cc994df91c5,0.15700857467946974
43da23e0c905b332,0.08762615382914173
cef6bb5fbd6d7d4c,0.03407864901874329
74e65522686e974b,0.07954713116208205
b2ec41e4d4e17991,0.07125154641604253
7adfda5837586ee5,0.09203571054448649
7be7cd83da184778,0.09785533189426361
331453c919db4a8a,0.05187686467548028
1ad90b2ad8ec5751,0.042938114095580876
06f305aa47e1f3e5,0.14446377468904592
5d77b6a032a98222,0.09875704100973164
2fadc388cbe136d8,0.03333061704969867
3a64f59d79eebaa0,0.09146174337424023
e9d4d3a03ce54237,0.14913471489811653
5bc032bc2d4db536,0.06417009041635773
42afab27f6d63b09,0.10023206302691402
0ce59aff9d61ddc0,0.1279334766534533
c4b23b3e64f8fa59,0.03460050890346234
df5826f4adc2407c,0.1266323568145174
1006c7d207337c5d,0.06345365998846726
74f20f15f7388f9c,0.03853992579353763
e8c69436b1cb3320,0.08665803810529771
609680f04da9fb46,0.046595343915218634
060d99e1fde9dc79,0.03574167992482458
6555f0c293c5a1f9,0.14439770487285986
cc835ba475e9656e,0.1248024571478661
960c65dd29d3417b,0.08802040789517016
c7596c71a0f505bf,0.03836497985261926
3f3297df319604e8,0.11998380006582465
21c886bdfaeba657,0.1649622270146858
4c47eb742008376f,0.11269115516499698
0360ab7e3c03e1d6,0.08210522124318256
106e8c5cc993ce96,0.10880439604198308
3f189ef767336273,0.11051149057833604
d87c2b5ea60e2e70,0.04745532814261481
924a02ba0ace2e0f,0.054007813781572434
e0a93aee5351fc40,0.15116556669945969
60036012aab0d68e,0.11952053651527889
92196298fd1f0a2c,0.09658256786193084
2c9507cd32c0dc32,0.04546856414919542
f138d3401d1ef8d3,0.03919215574702277
0550e84ce3342ea2,0.18169555479031602
433b7b91aefd0d89,0.04139838281236297
2f084abde9824f95,0.05733555336306117
aec34c208a4086e3,0.17736762723325614
77832263f798d3db,0.12418285636121743
423646a4264a51ea,0.10045505546573791
99a11463587499b5,0.16612913197409446
5666dcd2f61e1fdc,0.08457293818189417
414bb3e31a06b128,0.18313250304193426
9825bfe27f61ead1,0.08632837700605431
3e8b0ac764ba974f,0.02904271214118731
f494e58fc4f527c1,0.07434087597338032
4b3ed9d300487cc2,0.14133837061658722
064d5daca103bb1b,0.09278768189065931
1a4b5aa55f664cd7,0.07451252498964067
65fae5433da58938,0.0765784593084033
77df36f32951641e,0.039296588643069924
2734faa9175621e1,0.1649241801909947
6952ae6c0325e147,0.03881150099223218
bc49ff32a733b5b3,0.11306851930909081
ddb437f22bdce5ad,0.18072212810578803
ad2ca89540526e80,0.1710228687500155
8eb86976f1f7faeb,0.1750970242094938
351b2cac3bb60649,0.15638587755618333
f3685748a7717d4b,0.04020251160606739
af64f4a787a28c01,0.0441383474158951
e41d8e72f6a6da64,0.06278140590954753
43199fd3cad0d080,0.10575737466169825
08639490dad5a32a,0.16458786453868124
251545c20caf2d9a,0.10643641521528144
657fbf140a397f3b,0.09087031207276312
d28dd01372e08f90,0.11813822072596447
fb9bccbf5affc835,0.036825400548955445
0c3e0f0e422bc214,0.14727923974936552
b6fe616b3ee4f983,0.11013601358488603
1a05d9b0ab2c483b,0.07689896239055516
be053c37d8d326fd,0.10770703814207602
b0cc45542dd09eba,0.08365723412879086
0d1c9ebdc72b57f6,0.08584671963793628
926a38d305ede2ee,0.16777363738042908
381047d838351f95,0.07489338639638207
5afb977a1eeba5b5,0.08261787978074431
1ef7c785c8633cc8,0.07978132674533173
2f0bd78e22c8874e,0.1428245270986308
2765e2bdf659e633,0.03881823594868586
31756eaf193dde51,0.055589530964678974
ba5f5a3df72c6be8,0.18935791249525377
90e87591d24ae44e,0.07646240701431108
f9f063e55d3db8b4,0.10641328815604512
3ef90711b7e5d86b,0.14928080903655722
ec0a6ecd2422c215,0.13561517875449208
2a75009bf5006a5b,0.06057769293000437
9edf622febac0e4b,0.11970765260503316
9cee551773541f4f,0.09514649323485629
2a07f1c2d7378d29,0.10170147481019937
aacdb09c08c9a960,0.04018432899414043
df9753fd02aeca78,0.08304278524727621
ecc853e05f1891ac,0.11312013519204243
859bd8582d3d2811,0.0996694434399758
a124273d56f60796,0.09449843522861624
9cd33034524d6b66,0.09318166934090094
9e58973154c42431,0.0457313081624775
fe78518186335668,0.04672343259623814
0c195b45f68a8952,0.07856776827743212
bb6b109cc9317218,0.03358986659105261
a58342d3aee051b5,0.07043109855832322
48f975291ebf9397,0.15717478868254622
672604676c29d735,0.13481693943440484
144b0a7e9cb057ed,0.16963618835365907
02ea6c1ef4cf0b61,0.033236544408570164
fe3c47193f742bd1,0.05898993406994438
782fd306b790e8b4,0.09489103634520478
53f0ab0c206a7f5b,0.1468689409717751
2d15bf73a2700357,0.07683460968676609
569b34b568032161,0.17364513309460422
d98474765b2d7880,0.11983516870477182
f3088caf81ec54f5,0.20252544112150098
884de3bae564118d,0.19044402327857712
5b62a55571d795f7,0.15813601878697015
e860976e6aaf78f3,0.07022226789152061
bc5f8d0b2f9683ba,0.03486398635089058
92555d85c6369cfd,0.1846569966047386
189861fc294e0daf,0.10823702743723762
b8212e2222eb4313,0.038483714585276774
53afc56ddcd63d8d,0.1345001160100776
0592b0cab7becf5c,0.09392622711068098
ac4cbdd76a84da91,0.07528230208668796
f2eeb139d518ca60,0.1389395057947765
e02fcc8b8b63c0cb,0.06030517798377609
a7f194a18e15e185,0.07442318428140123
b9b57b5beadd1490,0.137689779784826
357c4988d289017f,0.07876580286772514
f0d98c09bd71837f,0.12280541993295911
b1c0df4bb0c82383,0.11103443814875454
5bb361813a233522,0.06796256325628539
c3eeda7b200e2c92,0.06273439417741353
db0460b8a23a94e3,0.0907101285396062
3c80f795a35190af,0.04298313979245133
ecf5824d8b392491,0.08323726766124051
5fc7a11376239e12,0.03856359244527544
2008fba1ef946ecb,0.12192269794735125
e2aa59fe541e0ac8,0.06950220273103842
09b5c7802e6b561b,0.04242384007722359
988df0719acbb76e,0.09775209082019648
48d79ec301d31948,0.07885613647368894
d288ed9b89b3675c,0.06498463891075251
75abd1caba2694a1,0.04671955466611467
3660f3c735d8a187,0.09658560885390029
0440ac4598276f6f,0.18036527792180315
836bbb09e4831df8,0.0831413849211791
51432ea27e463eb4,0.06628274945424456
3fd99194e4efb12e,0.06229260068451413
ef1b4ca1f2c1e357,0.04784148995013133
70c464af7e1cea4a,0.05660472981342206
54c64f47d761f86d,0.13303362202283608
333dcb05411a601b,0.06958256576885172
11861d1571dcc3a1,0.06045659383380286
20e00d08f625d409,0.1388803811002843
8574c4f5b2db8c92,0.12190315973572542
95feb433faa8520b,0.13507399370020023
1dd496796a5dadff,0.07469720596213268
c1c248e8483e9ef8,0.06806781146377168
5e0dc0f0f0ea48f3,0.06580137106113133
7ecca4d6c9eac123,0.08321231469416085
58dbf7650b2286e5,0.051304600696615806
4c62224901fd183c,0.10039646683958162
affa636fe0cafb15,0.1656852578644657
c9f2c416d003a925,0.03522073276464657
c19024a709757f11,0.07291052102562019
d3444b15af3a9536,0.10362021449834623
2f54cc2167b0cfdb,0.07762646771583946
d974c7d47092679a,0.08421133876407227
1f04a25da2b17ee9,0.13355168706163664
f133299dc49c2bf2,0.041044274773856734
9542ec8d29575b20,0.18057228304483636
6e476b773a15e2f7,0.043626077869993445
c468f0fe05876276,0.06458646640640776
1bdf15bc47508221,0.10878631832441034
687b1d6eaf1bb287,0.1331219935283729
fc8590ee9d55c5db,0.042048062045884405
a4379a3efec7361a,0.03531312116799032
30a2e56d4d608b28,0.10439111261077688
4b400d52635e28ff,0.21318790527085302
992d4d4846551047,0.17437762168886536
b91c089133d42f62,0.08026875466108618
c98879c523da912b,0.04576549248038285
7c8f510d8af822b4,0.12992930213193954
9d674a6212b3431c,0.04994753038703528
d3da05b2f284cb87,0.09881203451674614
853ab873686c227e,0.17187173221714225
ee0d55e13012503e,0.041179175396164225
fed761caa06202e1,0.05495936545174114
7750406f980f78c8,0.13874883758119408
e8770d9a28fdaeaf,0.2074129301827471
4025856444b9ab51,0.0534701265606297
1d0cc87631f52974,0.20842830682774072
f87d2af1aa151b69,0.11140977421513466
e2746f6359714da0,0.0735356797198905
6b20c519964ca8fe,0.07011147390804158
ac0ef70a6dbe1ce0,0.04271484276297479
29219b6baa3ffa60,0.11083094098272292
ef5245dc0733939e,0.09062376877675607
26d625d3997169dc,0.04398244716957019
ff9580c0b2b1a370,0.12805844843623057
bdad383d41eac454,0.027451348827971483
a6bebd6247dce4a2,0.15673660507388357
846ab5063b60d099,0.19008441523897052
1e342d4cd0cd2bac,0.08635860514436412
b111d554bd56dcf7,0.10653622711183025
9ddbb649643fc0ee,0.1446427243854278
0dc9c8998b42da67,0.1706089796641833
80444594c0d4b5b8,0.07451752459168104
9bf8b2752ad4d752,0.14693233176580178
794812675f553fb1,0.1163758044225942
c60c7cf09844c202,0.06390347777550018
06559b4012a85953,0.04412473403405669
dde7362e34a81ac2,0.08128504713201637
fa1ccff8a7481b47,0.160102474848895
89c1eb286bad23b4,0.03268214559431796
b389067306356b78,0.11753622164309328
a4328554fc4a45e3,0.13549355382756545
fe2ff0422ecd1440,0.08231945801487392
e1f0e9e0dd1f6a8e,0.10596721110288607
e431bdc8db1622e3,0.11259508065149203
54d5ddd4fde3db7e,0.034801130992001876
d6a2262fc314d2a8,0.08606059574886506
e7039d9ed0ec0c39,0.041264898342177773
357fb25344e0d8ef,0.07212548802797619
8479ceedf945cd0b,0.07034763966443096
30e12f447d932d19,0.11943083479362884
a33acfadc007c5d3,0.1605978584792898
32b72fee7f2bc37f,0.08658954217686723
e2ef0cf7c0138e95,0.14745194017936278
c53a5098d3feab43,0.10393356835817004
2d1a504956a9bc59,0.033862453261607244
5b9d63bb61f11842,0.043166268642446666
f8fbcd4440a074e6,0.10624055012653699
c18b0ab8490d1c66,0.0672420384587996
18cc6b0ca558d790,0.2142165877686188
c78d6d8adb708879,0.05454441204886645
928fe114a90feded,0.12740836377451437
806b11fae1f6bd45,0.05594515206035216
ac8d5b4456a25f98,0.046085388864985324
0de3b4e998fb61e4,0.044334576565948705
0344ee3e70daaee8,0.14419419028841174
9459a694f708e7cc,0.03564933418205776
f8f24bc3cf3562cb,0.07051784942526625
fca0d01a476eb58c,0.053179999129347136
ef25fb3354e1c732,0.12479691683178697
83ce56a22c714f81,0.1524564152791186
781864846ec190fd,0.04086897303652176
99c27791616e6a14,0.11554027573985765
f00a56545441ae1e,0.049045968754977146
160c77c56d0bc3b3,0.044981347892625485
6bc7f7e6a8dbe398,0.08762408113160144
565c31dc34339cb6,0.14203175905586313
d47a57dc58d8cfca,0.10583305408788769
7d91fd093f331634,0.20034576403025925
a33fd6143896a064,0.053816593873290845
af6776fae916125c,0.1654507342306942
eb63791dfd566fd7,0.12263519199646541
fd94632e98a57fd7,0.15648380399773687
7afa48755b2905cd,0.2192549802184509
cbfe89a23b516339,0.1400936440202894
bc9eb4d602b27458,0.0804411257795152
fb8b7e3482eaa33f,0.07910573587654347
0d172dce11eeef53,0.03205291854521508
6cb7efe2f15a8b1f,0.07025025665339785
0b234c8955fa5560,0.06484552956480222
1564bc14da2389b8,0.14152778645519493
11d440c4ffeb2e60,0.06217596884907921
fa46240b99291663,0.12153847959590278
52eb5978e0a48397,0.17634109654224853
bb2cb3fc47f785b4,0.15600100303642203
bd402ae2e81bc456,0.03736665257377307
5b2c73c3c2fab67b,0.03159488837497551
558785e2cd64bd4e,0.12624116354755588
d8d0cdd0e630be6e,0.22511291475696327
54a5cf67504e37cf,0.13199975338585324
b7225c4787addde6,0.04026561594235474
2e444cb3f4217098,0.04394003367046654
ae6ea7b6c44fe6f5,0.1118820548680535
8917e3ac1e161b77,0.08049090928693653
ca8e1b8f4b045be2,0.17414263090407678
b16a002c43cda488,0.15279361180298756
38988311c0c8e2b7,0.15762034258523178
40ac9a289f991b8c,0.11277274194703754
83dbe87c0f3ff118,0.09624267758004429
d8412746401ef6ff,0.05156285275254517
95a1b17435300c3e,0.09804161857667891
9576e0a63d76b324,0.07802689801089481
8e43c1faf8514a42,0.02905994396679578
64462847893bb0c3,0.1264242018285468
2e8d60596fe0288d,0.03704564010090201
e3064eb18f25f417,0.15399131161669444
5c24da1b9f2ac392,0.03062444332435861
ad26aaf8f4bdaf41,0.1250058675609384
a21097bbd8645f25,0.04363432775431816
cffe1ff942479449,0.0477535143040326
39170ff154aa8058,0.14747517641332078
0e2b77f6fe4d94af,0.09116972247104649
4fb4ed274c87cfd9,0.05816681624420449
dbe218b606bf3cff,0.09004899691244266
b1ff3f405ab15e62,0.09119068775731279
b77bd0eb977bfde6,0.03224571408625446
c65c01d13c9051fb,0.15916254361100787
9f7d2bd32579e9b3,0.07155901988166052
1d42bbb95380256d,0.1328113460840662
799c5bdb519f3962,0.09380157573838804
af54b26cbb15ae3e,0.10042751282569247
9ce958c47b1e7d3c,0.12357461262798856
d39bba0520b226fe,0.0936016954569764
c4923735c16e8881,0.03151237475294156
43506b20fd8ac430,0.06799639561884385
685b0ab35ff084e8,0.17959749238264888
03212fcbf4fcc22d,0.16907815139177468
7aff26a87411e8ee,0.14595477115959168
9af789cec1453f89,0.03653752259031659
41f2ebd04afb728d,0.15058886559953713
a3a3009c55baa210,0.20012505190535385
688382bd40810598,0.07649142753794683
42cce10beb6c55b1,0.05027644326726168
59fe211f9aa2b83d,0.150440678601263
86466c925086fe3c,0.15385198229460334
cd36f54626e83a21,0.055769022538887845
ded728c05e20539a,0.14704855604005831
0c7fd3a164040b3f,0.17754116966056435
614f526f552a972f,0.0674693004688829
cf076cf42abbd2a6,0.07907121490474234
e20135d1136fb289,0.06441280467279042
2b40340f15b07950,0.14486565941712626
92ea7f3ec80af25f,0.14663615102105032
1de6db095fe81c3a,0.14480113347467266
e13432ce761076fd,0.08315149740574333
ae126eb3da41487a,0.031969078172049525
05436df37c119ff6,0.10715570613411678
b9203ce854a26300,0.11098981094863362
e39f8336b7fa1f6e,0.13480879869364273
2d031b0318ea5a02,0.091007289734864
54304b5c419290ad,0.055514217791438114
e9b3e8a0a4077e28,0.04018771089957695
1dced917867d765e,0.15717248974426667
c004a070a93054de,0.14868143574266948
3fa194a91f4562c5,0.07970312994200393
76d5a2300ca56933,0.03963221143913155
993bd3c445b80c92,0.10056996307650265
16eff5adf0cf07a9,0.17656731661636166
19f4c91cd1038cc8,0.04867544812966829
4ace42dbd199d1b2,0.06785622880370754
8232534ba45ef07e,0.10106046580942818
a2eb06ecbdb56bd2,0.049243663467222094
e33ca091fb503e03,0.08875555729576504
8b65603997a5d0ae,0.0431287228713574
c4702fc1a3b838e1,0.0794433026959114
0a2ca915437c9a04,0.06273873317396488
6e4d60a1e5913350,0.049292748599600596
0eb4def034c0e542,0.16737832670547673
0dc7bc6ce45f37c8,0.0394574372430497
69c1bc9b1691880f,0.07146349164502631
249619e3bba248c5,0.11354387720885661
8a0925f386616243,0.0727141983092741
c609c9019d1d7b32,0.12720572283324982
dea132cdd56b9c8f,0.17815548870514794
24c6ff18b883edd2,0.16326291814637248
06ea151cc4ea5974,0.04954487137015569
dde1072c2340c07c,0.03412526705685813
bf6234d11406ea49,0.06876480933280893
610c0fee53d0cf9e,0.12645426012053562
fc0691273040fddb,0.13573159019149628
46bbaf2bcdf5a362,0.08964190545520422
6f4198d004803569,0.07466331201103546
3f726ca9a49e022b,0.04410717127249035
2263ab08ec01d546,0.06060153341524696
dc2a61d22023b42b,0.21305734254428038
9cb03c429bd54976,0.03962944199005382
d3d5427c6c9640bd,0.1559860146360431
a356aac05b7d44bf,0.0662577111525051
2c28820cf1ae8254,0.1444126148779295
cf49994228b74e3d,0.05751187930391894
ea984ee0501b30dd,0.09761608376237992
3639d96562366ada,0.03998541125679524
007d989968211b0c,0.08758891341934161
47b004a1df7ac9c9,0.10643626062827216
f09cbcb79049a436,0.15848778013553144
d3e17fc998bf6787,0.10678894952344457
0c6c8663f624c58e,0.043413116951541486
52720efef03dc54f,0.20225170633979112
c6a5cca33f57da61,0.05805757978956599
b1208369a0074122,0.05540067363112779
b0563e971ad0dbda,0.04004110054276842
a0bb9373f1dff1b6,0.1685782839224871
607b5d747f350fa9,0.1508838095730804
8945214e2c9cda71,0.13877878218331263
7fdea294906af44c,0.19235439566288418
1f3c2f31d844d10a,0.04018735353812956
248eb5a4a5179bb0,0.19461396474959908
f7522ca250fc8477,0.05515593909440016
3ac3d9675fc09e64,0.12758400211058213
b65116a131be84cf,0.161455590933563
7cba939dfaa4fb1c,0.16553058269793375
4e484a321de70373,0.13292760140233695
48c00464ee810da7,0.1212434314380089
11c760a8108e0ab5,0.1368324342127969
4ece5849758d2bbf,0.10404582449072876
2d34cfaba66dade6,0.19733323742965025
597b3aa023ec1731,0.04192669120397994
65e095698c6b2018,0.1404332315455942
d4685373bfa64d8c,0.06687207068159262
b2a24aac339b046a,0.10209997422080427
d018e1502c830522,0.1421983173244136
b4a5d705266bfd48,0.07041504734003023
1bc1ad21db736edf,0.05877894931846419
3584862144963b16,0.06590286261717371
64acc3b4a0341a38,0.03625701689906885
ae1b7c2913418b6f,0.033588101938891085
5ff184c18b029b7c,0.04211829234736138
d407cc2c1f68ef5b,0.1964552040649704
10610f40d2c4beb2,0.04345180983694939
a8e72b280bf38b81,0.056624337681677725
4802ee9701571a2d,0.18070541640924562
c0ba503ad79cb130,0.16834193771734524
a428e18a2571696e,0.10127006526887858
d973ea3bf88a0f3e,0.13293961117537956
cca48a6fecdefbfd,0.10713896439544694
387eb4b1c9690ed5,0.06235548579169027
f9b045f246df515e,0.13682642311844867
b8aa274fe0062de8,0.12509822345731544
9d67fee3adf9e1fb,0.1695775501394774
3196cf2ddaa8893c,0.15866427200628547
c6cb67394ff79930,0.08544195798077513
b713b9f13a1a825f,0.06797325738854487
0c55301e8a9a0e8b,0.10894123233763892
06cf6a66edc51d64,0.1401552443086389
73877568d5adcb7f,0.04458432609472683
6e713b6c6d9ff701,0.18523183162121928
35b98290788b0e15,0.17279546220312308
c1699d21d21f249c,0.058410604491652744
4d4b1f0d9defbbe6,0.15590311875357843
c1eb4bc9fb4e0c7f,0.13224489767276443
ac64ea4bb93cb2ae,0.15486152185550994
a6c0198d0ade9eda,0.12510890332766103
4ee5d36590d4f29e,0.10294231538688636
39d7718a5529cc62,0.03746085510815259
4f6e36e222d122b1,0.09468090791231251
f7b65c4533428cbf,0.16318608754407027
32839e57f8e1ec72,0.08998799078622521
0a631a26c3a1a8ef,0.15171725897755645
42ae365efff05b84,0.08539422337777207
aaf16c83ac07884a,0.1081460360454422
e3fe57ec38bc0cae,0.07188623867231597
a269d748b94103bf,0.08240783699854194
29320c0461eae48c,0.03641589327047669
98b75056b390e87d,0.13971608947245356
a18aa53890bd84ac,0.15476462659023596
fc5a2a2354cb11ed,0.04000010162315462
912408725cfa628f,0.1009103155418817
6453b1a068b68ddb,0.14940308872266486
d95e854d614ff5a3,0.12534362296976626
85a79337144b2a84,0.07129243688440318
b5e18d3eb66f6250,0.03339378809032804
3b90fc3f1087e3d5,0.037846378821075916
36f89bae0e5df26e,0.09246638180594038
7de9a21c9a6df7bc,0.14249622217991953
4ad662d48155a76d,0.12845053372901183
1016d05cc8d07dfe,0.11015126611530751
b0a028857d9a81dd,0.10425321365737937
c7da65ddda5ab002,0.13672351246351344
8faf1048140782ab,0.11595417977398072
d0f1cbe5f5c2cc97,0.13900459674654386
766a85256e2db000,0.04147185481138302
83f8495a5ff0fc2d,0.041485302994462556
a57ac84facc6651c,0.16777598361337262
3e18333d2d1812a0,0.04956811842134523
2e2c93c0b28242d7,0.15961382116245346
290025e556e7a964,0.07294464565133085
34abf7197c7817bf,0.12171641339146948
4c990af23095a8ad,0.14911250066930182
b30f0e7ab6ef02e6,0.089045387621409
955f054ef8ac2a98,0.16817554417679897
efdde8377abe8fe4,0.15989251957350875
cbfaa9b940f4c2cf,0.1676181351272731
51e64153531937a9,0.12837427807601604
3b7b80317148399b,0.1250106686373385
b1de8383db45dfc8,0.09293722628892329
0d3f9429ecf4d4c2,0.04343166258470108
c4499c39e29ecf53,0.07067237081724537
7800f7a3f936332b,0.05518393567215819
b837532e3fdf4a50,0.09802666886226971
c681da0099cefd6a,0.041065093927111995
c7acb3b5705e68f2,0.03950417172580297
7072f5cd32c791ed,0.16867212439530307
00b5216b2f2dfa33,0.7413066105411499
b2ae02f82d15b4ad,0.11374454679393385
5ddd4c1db54b9114,0.11570397384692575
3e6fa59b53549aa5,0.07503818313206931
6b853eda68180bf6,0.1643581185246721
0ee247af650122c3,0.20262168310295103
9e2c6c5193f21067,0.04948554613307633
6cb5b3e20565dfc2,0.1410954132548543
dedaeeed301662dc,0.05164343892783087
7244a91f3ecd611f,0.03617028309852765
d5447b494619e05f,0.10338001429792967
d114e64d8dfca5ca,0.038120939315726465
762e061721ae89c2,0.04010266775348391
0359613691f7c01f,0.09583032276427728
ca90a47bd789f6fd,0.09503420645584862
b43584123f43b018,0.06252666958894881
0770e000ee552df7,0.13085593821976282
b396a1df0d592f4f,0.05431969748639985
51ffd9a173cdec87,0.20391700557713632
38e628d583de2dcc,0.04176222961461115
5e444909efb4f076,0.09631460798107297
147047e5cda600ea,0.09466994797823006
02f5e786b6ca732f,0.057178308417016606
b29abac474eba51d,0.2565544589163645
14f09256775b5595,0.12090343039464585
4132a178395f2d42,0.10086408303552427
3ecf5a5ba7668082,0.05820210067781416
f7b8ef9f4baa3954,0.20030974490243286
344ae6cefc6e5e28,0.05457397525980065
9f8993a4d3fd8c66,0.09324891111910825
02fb2d64b2963430,0.1159583039177424
cc3e88fc10db73fd,0.15912648131170984
e1b25ee0d1bded29,0.19054930024974798
6811aeda7c48195f,0.11950784965612916
2caefea2089d3348,0.1529304722528591
06624c42e6f173c4,0.21438616548593942
18d0862452891d30,0.12899248124784257
aeff78b9acbf4d71,0.06987319639175256
3c4fb720d11f542d,0.04730487967449614
ccf649ea4bfee844,0.07296497110009638
72bca5a449e85cd9,0.053883629237914184
fd6a74697a1a9ec1,0.04645403939184056
a629bcd8e7727428,0.054011369411494106
4234c32600399d7b,0.1683822160104174
dbf0f354d6059039,0.06039627132468268
3807b180f301e7e0,0.13168292492293687
5cff8cd0dc4c326d,0.07483706166356258
a28550e03a14c9e2,0.18013334528192246
244915cbbfabaa93,0.039362996537288794
f5d28c37e1483258,0.08453872983050152
625d0351dedf957b,0.11963240264264145
daa98d98f6971d07,0.09778207944683433
aac141e3478df5f8,0.06150225189582746
6e2d6b44bfbd409b,0.14162375648875036
34a46acb36dc8ef8,0.040961405218419025
f709bf78e6f0fe9a,0.06736690851902498
573ce0864f1f1a1e,0.05278317749403223
d6421a369f95b35a,0.06873788427282332
6c74b5b293b1b97b,0.05125782646755134
51cf0713d5fbc070,0.12130955873080457
062ba7304652bc27,0.05162747883203865
930853397c388814,0.03091243122507769
2e48c840c19e48bf,0.15950290464170952
2a51f116e23cffb3,0.10186547588931119
070669d7057f8aa5,0.22629308201232246
967936eb15802a83,0.1066241831812818
83ec0a0ff919a926,0.04236369288509302
a35f4a25719a4b95,0.045318363145161564
e646bad2986e850e,0.13591437354890817
8b488afbcc578dfc,0.03479484621196366
13ea6594c14a4026,0.07658690692618421
d0e536523f93f64c,0.07867442730732821
0e5ca22bcfd8c5db,0.15792863824409326
9fb1e891c08b715f,0.04048012783790246
7199fd0ada65fcc2,0.07239316096836797
2275f9dac244010e,0.044675971470175296
24e5ed05f908296f,0.06698463819967357
6cb602b86bec19a4,0.12629634948747373
9325343b0fd3d676,0.07117430389189248
644e5f81463951ba,0.08358119263863731
37046a2dda9e5889,0.038992455473634696
c7df199599dc296d,0.08574619825183127
54e463d760c0c6af,0.046120808909528195
9bde8f101bdb4095,0.08998569150355414
bc5c320666ed7ca3,0.044955230365816244
4e44d72109230bfd,0.12348801889296497
235aebae2ca0d45e,0.17875379592087798
55a1d48711c4359f,0.06643922285696187
c1ec685fcc48d91e,0.10260981232984083
a51c93906bd78ab7,0.12321276771647163
207c0a6423cf7a33,0.11997824844553495
c7693bad80c482e1,0.08067872784294314
36b92309f6e5618a,0.09249169148347346
26ee6d56130da0fc,0.15116795592969284
587c7d36156381d1,0.04449591715944866
50d432d2b52052b2,0.11029471954352424
b738afb14f60d587,0.18917976611269507
1157c08c11e901e9,0.12900313347204742
cfaea6958357ef1d,0.0674134749830198
d8b3ec80ec080d08,0.12706711831288056
809c8f80468b1337,0.1375108399756878
1bdded460bb636a5,0.1264198659676587
96cc52a1a3f13e6b,0.07747578999725642
c97a25af08369f73,0.044596979202553795
0de5d7bc5b46bdc6,0.07000662313290501
c6eca151f8576037,0.09867792230082262
7ef7f606745e05ec,0.037475433023213496
c5ea9ba7fa065f8d,0.2665516062449661
63142c0d75cf9aa4,0.03315077228780407
c396e609d01a9bcc,0.05126515966438154
7c9db70c27860a32,0.11342613813578224
8dd4bb6eda603b43,0.07275393809197553
d5eb724b5ea43bba,0.19285518062895332
e7e9bc7d5e2e5674,0.12177454355130016
24b3176d5020b612,0.16135659578396921
6fed295aff782896,0.2729852881023875
12d17a3ef6b47faa,0.14709245975130658
2c550aa9cd671368,0.038902897247168514
df00e28247baf9ff,0.12808933956285828
9449a45c9d7b914f,0.04508052451283315
9a8393310d9b352a,0.1076548016704337
e1b1b6a194b4b1d6,0.06984426655744122
7097d3e397e94525,0.05432199010667969
e3d1f895e94e8bbf,0.1052724473653675
6c46ce4b2303ecb9,0.09777211561781082
999760aff655cfad,0.035595925621238214
6d526f4593563124,0.06818224963790517
467801b5de42246d,0.11908786739286105
81c9cccf75c1503c,0.04094236384776487
bd1aa64c7a5dcc06,0.03496499046911115
df1a75c489d95957,0.03914875574641522
7e6ebb5b237b817e,0.04843675136356031
1aeecba2c7866fb9,0.11025819970338785
14269028868b89d2,0.06275808411075591
5ec456826b243dcb,0.0720458445690936
e574a546f8e193c1,0.1798821494648616
b0ce65cf243f3ae1,0.11738292559186957
8b8e8a00e6e1fdc9,0.052492454188823826
4a87b2b000e87686,0.141826352754643
1175204fe5f8cb6b,0.05841938102540238
50a79bbfcd719a29,0.11570221916630563
0d8c215cc600c1f5,0.08139603440170391
3ceb989ec05cb0ef,0.15197437048681764
c7ea3f3ae516dbc5,0.046179539719483464
060631dc9f8845f2,0.11285963183002654
4ccc3fe421151149,0.044485709956173174
fd51240f58f2ec0a,0.03483336575064408
9bb25b00d30f4ce0,0.031362982575430964
1e633867010ad35c,0.038578051478118575
90da0c9b099080e2,0.07641467644171017
f3ba8015df41ef05,0.15132893937397157
7006c751c11cdc01,0.12004421847669663
db5b922ab7ac849c,0.08027409485846929
8ed9c5e3ceb94d30,0.10681521640787933
32bc573af0d063e6,0.049264018257415096
b6f5ace9b32140b2,0.10514085481731145
2acea7857a236b62,0.1069126582032181
2dd5886a7dff0caf,0.11614227293652686
cec7e9631578eacf,0.1773805532715138
aa1276a52bb96bae,0.15913246969595105
f90658bc8d521271,0.08927720572722934
8b65638e31a74f80,0.10674036397547451
233d4e0eb18d8449,0.1846204214621548
95e779988eaf54f9,0.1132835811250557
ce033e0586a41f4e,0.0609903251297854
29007abfebc6bd71,0.11674162685572113
37555eedf932eb41,0.09105114310081244
43f0b7fdd64e4d62,0.08931106205678102
48d11190742f10b8,0.18656479439710494
54167e2d347acd9f,0.046354183340452215
adf2b2540dad8766,0.13261407773527717
aa4854b6b5329860,0.8459247990905361
371dbcc2d3dab4d7,0.09394088920047505
29fd5cd58cb38dfb,0.15068774862842255
276d786a03dacf69,0.09538352487482694
90290aaf619cb77b,0.06904142706687166
80904c6eddcf06db,0.04325729140771345
5232eeb9a1fa8f60,0.14254863859829922
6205daeed9459b81,0.056573576422703276
6b4abc5da4e3aad2,0.13223367286165624
ecce281c5f6153c3,0.1600298425744356
926feb1c20abd0b8,0.0441285629394058
64874c60d39dc86d,0.17862414330190865
1868aaf30c77d6e0,0.11946949659933814
52e964be6dd475ed,0.2376123816091192
4404ade20ca8acab,0.153710667892634
f6bbde7cdf6430cf,0.7816315159237486
6f9ac9a8227bf174,0.12272306469315339
e4afa0c3ef07f2b8,0.06771389934007556
a85d4f04f63f1f8b,0.06246698941936625
7f3411e87c2708d7,0.10141384832715186
5be924d7d731a308,0.0743057570675677
41ea202bf96f7295,0.055315676091604996
e7d3e68c097838d3,0.18844757436936388
c21ded045b04b1d7,0.07983803603951244
a87de56d4f2dc966,0.04728297613079429
b073cc5a7d5d1fc4,0.08215858955435217
cdbbb57088163b02,0.05616020018913026
97a093dfe9e1eb64,0.1682734971498949
68aafe54d00b3081,0.10064428206338066
dca611f4099c1df7,0.06599219522189416
068c9856fb6bfd0f,0.04830334459287519
ccec2927e56ab3d2,0.03143510423357924
f4239e382087c8d0,0.19969968611044694
a37f1921e2ae64c3,0.1111651937560865
abc7d40ccad7d04c,0.04044305724046929
7be1ba405f826136,0.16873427935529925
82f1ae3eff7b57d1,0.0678289649569444
64bcb6835fcb93ff,0.15879547411180056
8a7d498479d37ffe,0.08390313449760353
ddd893f6f7c67340,0.04912485917791138
63438b2313c7cb87,0.038363116494062655
