id,label
6403a3f8d07557bc,0.06556358365954841
1b1d097ff5b144e1,0.07909304900748679
08c7c3c71a02ca8a,0.13130839458551788
7f09e9039629a38a,0.07631245638386823
1fecfdee265e685f,0.16121837948308468
2b1b1ab99f54e1a7,0.07314179982750404
f893cdb025b56c89,0.1301101898352031
84466d5fc69b1dd1,0.15084344360909013
e0f419be2a81cbff,0.05457882355823353
d9e55e1259c7c29e,0.158816710401547
602d7f4b0882ec4b,0.11706048226602167
67f2f87cc129d7da,0.13369731751046332
eec96ea0e1c9f7cf,0.025087347311141827
d85127e773ec4820,0.12796268970978927
9e96822b06b0f7f3,0.045514751653649564
c6489148a3f9498b,0.08171772444328913
ad5ca801b22a4eb2,0.03283574667564517
22e01b671e9f12bc,0.04695272425163997
4953dbf3e113fbdc,0.03327120378624459
95397470f084bc6e,0.5565211852521506
ff39045f375a9792,0.042303773884997904
893575902a76b6bf,0.04595389570264846
4d9211d2b44f7d9f,0.09167745831847414
8205441451789e41,0.019990105809574898
5ade617aad761daa,0.3327648620318668
7d8bd74eaaf831a8,0.11969388711042254
3a4abb16616fb838,0.0383479460383175
6e14ae545a54ec6b,0.15087658292987458
a6d127f7b7a19a79,0.1098544200807059
e29e33c4a6eaf6fb,0.08843686984704023
42b296aec3a400d2,0.08450557335181362
238a42187f0c12de,0.047899685317745445
4c99d80ab952e272,0.13973764654087262
ef909ea8db65784b,0.12193992118497683
53283f9869842cd5,0.22365081365909334
fa99ef0b96b51157,0.1180257525142288
3cdaa31c37582a6d,0.18099164906817378
e007009eea08f15e,0.08156904590002634
e46769b586a6b83b,0.12445915872186254
c77497b63a864028,0.061485631698830555
bceeb0086c625fac,0.04445692511441901
5abf8e5791e5fa94,0.22161132330127742
0b7d89ea3694651f,0.15090750603599376
ce60477eea0a9007,0.21370966855314508
847baeeadbaba41a,0.0636114146428414
aefefeee7da6b616,0.18349775503198806
321cc4b04985f915,0.06787658599161339
590cfafdd102ec19,0.1145368215863842
0a3027ad8dd82438,0.04078384871730471
01e58c9ae88cd390,0.03668472531874199
8f5eb2d903aad722,0.0485943763542197
3f1b90f008fcd5d0,0.17299535539259792
9e55098b34909114,0.15122060749858493
ed3723d6f0b305ec,0.11233246838882527
e1d77367315c8c64,0.08204432603555295
b97a34687794c3cc,0.03896606058320477
2d9a8bda25c031b1,0.04369779454491863
367427e76fbb967a,0.11244845086602138
2d1de7cf3363aa2c,0.06040361795692613
d69cf5bc1f0112f9,0.029646320627852284
2a75c552e6a0103c,0.2766748808124025
943114c642b7e30a,0.04062982432931114
5f4258edf6c1b382,0.04066666642510926
ff0a817eba03cc6b,0.13692456139206144
c77fe2a4fb942f02,0.1511356273207823
df587d726667a5fb,0.13202993907819394
8c09d6fdeb48dfe5,0.034845661036973806
564e16bfb829c7a8,0.027970133612653107
e592482dff2b62bb,0.03415320241756871
33319a7020313788,0.12163816637979781
4700a73d634e28f5,0.1991197775641448
e5d9aee597bb4052,0.0801527922412904
b93533776029ab4e,0.2409009797379359
e9274894e7ca5d48,0.024109611752541144
37e126228f093cb2,0.03939831087654495
ee5e8daf19a62436,0.1930347995795297
5c2af7cb33fcb9b8,0.0728775749795612
dd6cf914fd458758,0.03344058648795736
7943edf1ba3d08c4,0.05668749277028645
50dccf68b6d84c9a,0.0675243573882622
71b1d024ea8e0791,0.08320868432293525
a8ccfbc903739855,0.03818334513038936
bbf9130a10bb2e61,0.027583412197804743
41a2cd1fb3af1f62,0.07789312322262192
e5b00c5e94bb1efc,0.1162478871633438
8a2951b875e32f95,0.04081743301516134
4b4241c32f2ae2c3,0.04992993687250132
8beed49416c057b7,0.06064143517405023
1cc185c7cde5f29e,0.18332986797994202
635d0e269bd151c8,0.030373652866598527
9eb98f9a7202dfe8,0.028209089552517358
c224615f7e3ecda9,0.030553160261765328
f93a14286735bede,0.05911678264687601
c118092c44e808f2,0.11723902387668184
0972b7359cd12fb8,0.0268644926240728
22318b12ec6eb14f,0.14175507791826347
9c92d4068021c258,0.15783835081848524
053aaf6bcba9464c,0.06662968117338525
966f0341c7d1f5bb,0.04572127706009784
624826d8d4f7d476,0.06566514424060713
250e83ae550b1992,0.2899049534508092
9ff420d30b835836,0.12056332634849327
f74cb9754e9ea82c,0.07254519911520863
8ab5a2752e698725,0.06246868299177433
56957aca1f34dcea,0.12026245214638104
a6c0cf21bf0a1be2,0.024621738687980402
427e6266110ac72a,0.15960519762024752
7b84fe626f3ebccc,0.12715560799958586
6abd9ee5808aa267,0.04973472146755278
15aaf86082111e4c,0.14883409518920862
afb1bcdc94b9bce3,0.0281874216801062
93a337e7b4fedfd4,0.10704594463663701
cddee4f1517d9dd4,0.07740713405404567
755140c7bd8e7223,0.08250915830246164
0ae88cec371ee0f0,0.03353197028943323
08a9f02754051fc8,0.24632641619989498
4bab179b9218d454,0.07304543740626616
2af9aad0b831d3ec,0.026046958181571548
7d330fd87e35ee09,0.08800190818795468
d79f0de699294b3b,0.12568079311493874
652a8c0826eb2609,0.11419695470426262
2ae2ef63a2565c3d,0.1431993544675785
1bcffad3764f7c4a,0.05928523380324808
707e78f41fd82174,0.03184917952327826
e4824a55ce76b702,0.029849144260371597
993182bb80730c31,0.09518734427903477
dd67c105d030f636,0.1424228707027214
3dc4dceeeecb58eb,0.11286427203488093
90a67d119116b976,0.15939021476645782
a483f8d40e026f5d,0.022808559118837935
3d24648e710fafb4,0.048369794109064106
9104c44e8910b122,0.04643557917012062
47b77ad7aec9f1dd,0.04298240134863359
a66cc4155a0edaca,0.10297412888115662
1f4dcc29503e1a4d,0.10861491479808222
0a295834d6044914,0.04962764646837583
bdce8615df21ee2f,0.024122968585922222
694b4d3b1ed04c61,0.034659627716025675
ffd75ff5c92f624d,0.11368015678365752
717e992041e77d9a,0.11521051180524228
eb5157274916100f,0.12338824981282852
b77c5c610fc74da8,0.031211121260140775
41d2ba14e653bbad,0.1511905943031724
f2b612c9be07aabe,0.14350132562968976
3451e892c310a998,0.0926223785080558
2ab24c04722d8bf6,0.049181914566568195
38ded7c17115e7e6,0.1536189914831295
afed8219aa70efeb,0.06886420836528434
1e9c4d7d2de01fba,0.12104698285463367
c1bda90e9a3b9ec3,0.05895403854615456
d406fda410e7c177,0.1726192153245395
f49753bbcfabdaff,0.0700352591348453
4daee2e232e58a56,0.19066189693243363
858a9c1611f558cb,0.08409715139106427
05b0a9e8b1444d99,0.09005114750394401
8b2ac5da79a42e4a,0.16757373015008506
222fc0675ea28b67,0.03196730289340149
77cb5f88dff15921,0.09255566927729657
947d5752d88dc00c,0.23695351509336193
309a531dddebb471,0.14856096593434392
7e5f9d7d0cdf5a81,0.03183653307768667
6dfe2ff41e67b01d,0.057175929752950334
9a51f7696f388499,0.08154511197396211
9c5cb5a9b9b2b4cb,0.1558379484538026
bc7e89abddb2aa54,0.9560813531559896
5d3eff0bafcd186f,0.1274898010662036
d592e9d5579075d5,0.050860565887795604
475f765f9fa22959,0.17427161878405023
71d36204d6040aaa,0.13077345406095944
78119b8ffb9aa8ab,0.036045676116702986
09d1e9b9b858fe18,0.12888537965578803
ba5f5f59e3b0b755,0.11949276274327639
3b7344f40bf64734,0.0847557755096751
1f72c876a5e3738a,0.11793547547784787
86262f7438a90d1d,0.06765848587913038
3f6e10ed3e6a6303,0.31365576335352335
ada42e94aae1a58f,0.14339441187898402
b5320e4cd134414b,0.11174932540425876
ef83ac91e80ddd9d,0.07011777970737892
b8a457f0c9f14bef,0.06119406365420241
74947cda3decdbb1,0.07439907415000123
a39392c735bde1ac,0.06434445542638835
afb321701a74d5b0,0.03048059067778758
df401b9701e04299,0.051796080653654264
c9b67772b4c4f44b,0.15126552945961322
b5665177cd7b6c5d,0.018428402558241904
1d621e5fa6b0c45f,0.09755397341991683
2d595ec6f4c2524c,0.055721461180745856
6a96a53512d24696,0.06441743227756815
b3a68808640b25da,0.03152484433179905
cd9f2b2346e70af7,0.040906079034391224
d78d162e0d903e67,0.1588011705085178
512b0444982361f4,0.15247653317856666
36f4f9a58e05409e,0.0494189309022758
e4b4fc878504822b,0.08029712231841672
d2c6c32ea3387653,0.027009561736603835
62d5596d1fe892ad,0.22571252841349257
8756eb85074bbf32,0.03820460572816833
9120f37fb674d8d5,0.08936478937204635
ad529a51765d4ec3,0.03791171455599692
f5e98c69a45e4a76,0.1475646460183582
4e8ecc5a6ef67336,0.05871529028699544
e26f37d892f837e3,0.1255560925255091
377bd33e8a9d5e7b,0.05686125905623348
7277e822016a05a5,0.12671853436154107
94fed9a4092a19bd,0.06943429276498565
28d304cf97ca614c,0.1161410792488075
5a5195df47e373d6,0.0270121519726694
ebc9acfa1d364336,0.04235425893010244
5d76c6de5ee62843,0.10777909127959928
511d1dd15e99184d,0.08378856871471661
b6d744f202fb4a14,0.12834129708409814
43c3e8abee7ceeda,0.12489396497586826
41afcd725afd0bb9,0.10981340675566723
bd4f0c1a61da90cc,0.30995987529686303
ac5e8e6812e3a526,0.1219528352509064
61843635f4d407cc,0.15166589800186753
d643d4e6d84db59f,0.12321029368612564
5c0b8bce49a0a773,0.11403048512865559
7c6020b2e5dae41a,0.12320572214876566
4a6f26c4ccfa8a2a,0.03876485965966083
f5ff436197b8129d,0.0897788368673436
27b8587241bf56d8,0.05288776520313182
a198a7b963854e6e,0.034871856633136536
8661667952751501,0.17408260433333425
282a1321ef8c1306,0.07170660592811295
db3dd0b21b03ce9e,0.11199044224257931
3bdc9a83d65a78f8,0.09436769316005339
2983651d59dfaedd,0.1759611085686233
ba2be23d69668658,0.04959912465754078
89d58eb00d13e4fd,0.045046620206861454
d2caeec36f4769a6,0.07510143811738798
dc23c7fae5f57288,0.055627950790309605
c6e284593c89d176,0.1071354547583785
523464c4f48eb02d,0.23774731101644342
cc7624fbfc77736e,0.14996441246820708
6b0c371df7cfc676,0.10825589156832865
986e8a5497d243a9,0.1711854174681926
0880ed3a1a77013a,0.10988846203966944
791d60ceeffd7ccc,0.20556731102664458
1fb2b452cb819b3a,0.12931629536559028
6e683e5731d8aac7,0.11109135634565796
d752f92de2b858c1,0.046344295055996375
91654f6c88bcc480,0.04769963631505916
308caeebcc6bc059,0.05874493396501568
0a092e2b8c9c06c5,0.1264869898936432
e29749c7cbb0ef48,0.038427743890242755
02521319f8872bf9,0.02953361987444981
f699494da66c4efe,0.10240760291011229
060f874ec99eadc4,0.06437254964729304
1a2ea8a74fd54c2b,0.08164303398923921
a98b83e132c75465,0.031735535477943964
0fe8ca7c247fab07,0.10244202598164014
c8d9bcea59632f23,0.10057826366041231
0ab0d9c2a040f32e,0.036446086162517176
a03fc647d8141fd3,0.15807175160272632
1036e1cd53a850ec,0.033608423405751486
519d3f96c9895253,0.04527081560603196
28df6bdb66f8e09b,0.24571043167856504
89713786047cfd0e,0.09146558291667746
6389830954a0227d,0.07686427908561556
8a5f2d2c5004dead,0.033599250134733145
19d4cd44aecb29c7,0.09304041775056328
2ed9718fa269e456,0.1130714103231474
31d0832c9b203b46,0.05945620503632643
e21b68ce26bfc500,0.1278362996624494
cf8783ddc0b9bf95,0.028717606976745552
fcd44919c1b3f412,0.18349438434778267
c6e50665e7bf8738,0.08923263876206404
ce0179fa676d128e,0.27690475707068063
423e064e247fe04c,0.13269373483749386
0ebb4ab2c338fde0,0.08989862164112772
37337cc831e40a2d,0.098838023879274
04eb53517170d936,0.07470842206471448
dac684a7b8635061,0.06274105855235418
a2f354d17d1431d3,0.10997139393311321
8a42e6579214e167,0.08016673748189151
c35d24cd26008161,0.09398714083279268
077789ab8d103e29,0.10793303967812917
5deb9f3705c67be7,0.1059153363163729
dc531f502bccc4fd,0.10788474874753146
ab4b4d6c12291a2a,0.05125908143672595
47b284804faf97e4,0.0734353602876787
d46bd1fa92be695e,0.036953209058939014
11c536ec56a47156,0.037033252608342955
d5bd7d0c4a297748,0.029375138849020693
d30e6ef239a13f14,0.145081671740146
8be010237b513256,0.1259407787292568
e3ed18d3d53d8aed,0.051378320326498174
a9f5c2f8c5922e10,0.15778327092379704
05a75c012be2ab6b,0.3230668094835286
a068617fc089ad48,0.08200753416069648
687932e8fcf71376,0.03444542401801799
fedeffd4ef29f976,0.03954269045222972
5d3e23d9b2256c27,0.07147255581824967
c6544d7502deea99,0.05644094336155958
096cba9bc78d7637,0.1564637706036086
76b587348b5c4d59,0.12014816274496597
62185555ed060f0b,0.09331035924059597
b538966eb4ce164f,0.029440540523942654
8dfc12a6712b0903,0.13269487497997867
3ab52adc4b1c1768,0.04352284645994096
463847f9a1f414b6,0.11261483248167414
e93e14d11fc793e7,0.03966617682276652
2cd7ea4ff0b97ed6,0.0906996774761882
3cf1ec0a8c671d61,0.02768415180367602
e39df281ee7e153e,0.04827238059859427
272a6816ce2c7c9d,0.05917910549037917
f56230f889018c95,0.15086300394380048
4119f28f6d4d40eb,0.10740927852056904
3e744e15c1c6600a,0.07940867835640344
7975b8ce43d7163f,0.11663532896161026
76519a1ae0dba3b0,0.08433803904706445
6f6aca7dc35afbbe,0.057909862956409576
658aa810bdae773d,0.3315131670101303
41c3618b9180e8e2,0.06348342018056118
7cd53693b2b3a4b3,0.04361644301666423
a450a4bce9f2cac2,0.12180865629079665
05bd9ec45ff54b8b,0.041741803337502485
0d67ef8a9dd3249f,0.10059256835799894
514cfc846a144390,0.1186342381488924
2856a2a0114ba55e,0.1614497193935934
ebe02c0b1c116ac9,0.04138546056265531
cc31cb4421bd54a5,0.10030761268340296
d63593c7bd5f72a9,0.13416669838962558
962b8c33b5be069b,0.03755144691654857
40e508ceed1116f3,0.04364344853505838
668eca9c4cdf1507,0.17303753036109892
c15735bac7d4e6bd,0.04618621621335504
09d2cd5ccb05a325,0.06448517881517242
71ed58a8f5d479e3,0.13733615581653646
56fd1ce474cc243a,0.17416554072766688
4c4fc4fe6dea340b,0.18081883599105608
68fcea284ddff8ff,0.11886172023154735
8913329e85f873f7,0.10778012244427689
7a210b4ff6c29678,0.11965865871110529
91bd2a01c0384263,0.16008705072093277
14e4e31c9bd8d90b,0.03331290212944277
410f92d0f317cc8e,0.10929169741752628
780cd523f303a8ba,0.04849043187111329
77ae2af1842fa5b4,0.05883153604474728
eebeb3dc997eab87,0.10936608162311852
fa6c4d5205fdd5db,0.32999256841934044
f1798e22aeb3b385,0.3689196740639035
8af0df5286089649,0.08805707905245336
6e224e4033db63b7,0.03410392525819073
b8624ae03bb7e7d7,0.03701162704004239
52ca2f9cf118011b,0.3744423936315671
52c5dee14f8320fc,0.12636284475802276
43a4ed5577b3346d,0.10807687742946825
332563e196c7a1ee,0.27804950306218074
cc4b32b77225218c,0.1252064784549286
0b34a503e14e5271,0.20841632818022973
33100c4fe51f7435,0.08359131166192245
6de5ffe2b6664d73,0.03296136800243223
ba39076152cb0ee3,0.08116534823485251
aed179ff9c81f4f1,0.024163588746454467
ea1a9bf792fb6a7e,0.05763380751777023
2f06ce2d10fe3866,0.11969469936167591
11855575a4718674,0.06915352139756158
06d39de4f0e13f3b,0.09878404552317911
5fd7c68abce444af,0.14060247625010308
d464bbc0a2f6ec7f,0.1757942572782126
86a7d5c47fa116f8,0.027611364966755574
a260e587d0fd3fdc,0.23579148925393897
6c07a18d9f02a585,0.17895316229835642
8fd3d88e27ef7240,0.05493249843681739
80dd9757384d7ae3,0.05316917756228856
00a0f9038422aeb4,0.1048487811811748
dd38ea8c63c0a90b,0.07056277157053932
e23a165731b18098,0.2216303025173053
9bef89bb8b6e707d,0.026222237157575892
db5779805bc9128a,0.28211624868987756
13c6185147e496ca,0.23289723702449341
c23ad10e1020a370,0.07639634598835125
cdc252e1304b3741,0.05923629415082214
c9866843a2ca38c5,0.07443008236462662
1193dd7feb2e1c1f,0.02986578854551025
145626c411263ea0,0.07976495246915995
b2bb6e4261a0a280,0.26834564771990493
ce6c9830339e8d23,0.12492393342438403
e5a315b7bb844af6,0.11971951922966743
d85cacbda54cea30,0.05153632219412794
ec609eb2e4100b33,0.15917253081179816
0d785515807808bd,0.13903411690052925
6bcfa2aeebd0236f,0.053605973968258565
9ed83fa2f828fbc3,0.03591689063684288
f596ac3c62688ee6,0.16712632527843696
654c4ca75e7a6d56,0.11803693055714454
162146e83243572d,0.12799734348742048
9878dbf0860838fa,0.09425795777850958
332ca627787dd758,0.15956618796518537
679ad425e74f2477,0.050064219672244344
df5a276859dd4308,0.11055630153169065
e1f7d0ae0443184d,0.12232792659404323
a6434286f4234aba,0.12370403139355034
3351a9314dfcaa5e,0.027588761658156474
e19b22778dcddf3d,0.06362920087880487
a98a59904fcba403,0.07481135407158518
efe47bc01bf23b67,0.07135022163764272
a1a862c811a320f0,0.08502055729006233
bdef7203033a959e,0.12267607786368084
0fa3fd428635e63e,0.045219973837518364
8ed23ba67702fe54,0.21492555990473197
ece14f4f1731d91c,0.14279920760714135
ca20fb73d0c544ac,0.045947647774410405
927bbcf7fa67bfb8,0.14962265413400083
deffe32d78bf8a82,0.08697909863380597
319944ea096b3a65,0.03869976190412743
19bd6f94f36d44a1,0.06699104781734759
6e7447b72d462201,0.056646318300055065
be6959210f99dd41,0.2751577339694424
bc1a4abb3dbcab55,0.06201415404790168
41032395ff67eef0,0.1779951131064632
2b4004b2678cf0a1,0.08524400746547871
469658e2c6728fd1,0.060854198602844946
e67a54cb89e72744,0.03795384810569651
0a1aa269dba98abf,0.0571543526434613
746e977975fa2166,0.024287995343148298
ca51e1b6ef04fd43,0.05876612697928388
dd96408688197b1f,0.09012387792096081
23b5530f05f1d9e5,0.11073283603098323
da29e21770225527,0.058298712686503024
adb83a06bb93e782,0.042815790735271836
0e4d2b4f26be08db,0.1560853792569429
6ece7a74dc7701ed,0.029410652229235383
e5306d42c50fcc55,0.03319593816033914
4381dd659292aa24,0.04909393717976477
e31ebedf532c25cb,0.09748088472322287
853b98dd483b98b9,0.04473422602795105
2e54b76182ee44e1,0.1100147442030565
338f6834e70af5fa,0.02079178102695367
b5abaa739dbebcbc,0.16283394895654824
5a8bb8464a290761,0.115237005960943
f0e90b285061c449,0.039231825689075316
e66581f055ee3b78,0.12174967993750875
0a21004c4d12a011,0.056825802202508234
04cee8b938d82d19,0.03510094742994796
c2eb2ef42ef59006,0.07651258628021186
4db76ad147f6dde7,0.1022574086909392
388d2efe55423a29,0.20490421879188472
b9875250f7ce8623,0.13101085144818259
e354d93aaeda004f,0.31365785388089135
39e7b31ad6490a4b,0.10728400729705563
a31878efea02ed42,0.045166428256431294
4db06f2609831909,0.11223182887734594
e23ceacf623bf244,0.09883060707831681
5b30a3dce1e3fc54,0.1943561314614619
9b09b933e5488d29,0.09713482200254427
64f0282d10422cde,0.06360092040451087
d171c9bf0e731793,0.090251973002874
699a9d5c734b80f3,0.08476117877702484
79281527b5fd74b9,0.04637971279896005
63b9f2af8362641a,0.10955945720875361
8e20990222b8b1d1,0.08155134750638045
cbfad4f1f811ddcf,0.18434329916745473
a6dde1511fe8d47d,0.05156621686916444
54e8815e9966bb51,0.21598852474367825
cda24d31d8c08104,0.09740808083114359
2e41b0e18fd08067,0.028477293418102474
6e8f4f5c6e28c26a,0.12361830086019654
1f4157812e2bb339,0.11861553460562071
c2d3133094dc0fad,0.023096822028926448
e7e2da8351240636,0.051145868535118454
ef2946985749757f,0.05725400621892246
ae735efdf3a84f05,0.12744332252043236
8a459d7c2b588a93,0.2325859249123556
df0d35696f4b164e,0.0724070840496632
8f745cf8cd93face,0.032104082230937074
7aef10c8e6aae208,0.04328064088285233
706e881832fde05c,0.18942894456159018
03a6674f904defe8,0.052070924958610564
f00500b8110dde92,0.12376529356229882
1475216e327695c5,0.13556740028218559
3fc20688817559fa,0.025114087356626322
70df3ece5d814a70,0.03338434177046235
bcf591e552b3ba82,0.019847444065658425
a04e514a6ca8156d,0.18384059588504276
f83e082f10dc4f9a,0.03626589025526015
21a0898a3f0c502a,0.048745917043905074
c9afe9c2efa6168d,0.04226242352230944
9423152627c5de85,0.14885240588226364
fc5761df1ee97d2a,0.04832207633608412
b51c1517f2b27082,0.05341412802970369
966bd6f4b801db6c,0.15030193740909323
c39f09a3a7ee5d1a,0.12808192416512118
cd4ab667a784a10d,0.16620079877503588
053911f801591901,0.11177392618071809
4c12cd87dc745584,0.1289545487775358
f0c4df4801e5dd7b,0.03666752289969747
1cdb9e6374b25c46,0.04141918119136897
55a04d93184e2087,0.11593941024238856
b0259adc08c321ab,0.08128778608903862
3ebefad692cdc413,0.06490527237067843
83d05a33f78392ef,0.04907469455337211
57e746a1c420f866,0.14301554105127043
7086b53e09fe17c0,0.12589298328098125
2cefa5982f1e5321,0.08967249184990302
c4a61e6a8fa1704b,0.10742327491446352
cf3db8bd220d5bdf,0.12293001417026382
75c651d11c0a0337,0.04549276973363539
10dca6cd4d946194,0.08238748210993227
316d771ed9f0b6a1,0.07410628987003118
ef64650ddba7c539,0.027348404652983105
721f58982ee85da8,0.15380766974691296
e8f08bd5b06f41ef,0.023570456227628475
8c2e815ac865660d,0.14391106283944433
8191fefedc6afd32,0.035305251395712715
15c9fc425aed1fd5,0.10878596696496023
52f896a602e74ef9,0.16199983155014533
c8a94bf1f874596b,0.10811517137758249
64024839f91aaea9,0.12624658323986057
23a06e4e391dfcaf,0.10840110150129417
76fc88367fd4b329,0.037917550514010016
e7ffd70d1007bf31,0.04651124471435123
4df67b2b4764df2b,0.3356949350749101
5e23b5ebcc3c7201,0.15720781346025095
97c325c9980b0ab2,0.03488620081053351
3c8bace911db4b05,0.16362843130020532
d3af2a4f1b0513ef,0.11278731135060048
8a66145d22484a10,0.15162347133457796
f501884aa3b0a2bf,0.02872473869859643
21f8710a682b6ca8,0.08514163340500297
67addba46911ef5a,0.14487418419203552
cd5a8d124051f2a9,0.1402376453540842
a1acde423d140030,0.02988951437880572
6284cf5236839f36,0.08869440866179601
37f720257a8a7a33,0.1383371878060166
acc257668dc46b34,0.16668872139303814
23424057c8458694,0.06462700817226089
418a7b8fddf172d2,0.344216941462101
dc356b2589e04c87,0.13598592236818086
f64eef65821a8f3e,0.05546197850460752
9fce647d5b47563a,0.21489603949375177
52f9976ea5b478fc,0.04195711375174164
d240c91989c04146,0.2210979056810868
47ef036d29375b9b,0.21724909579415586
8808a12bef546809,0.0614083526468123
d3a20f2bcf2db8fe,0.10016352688143144
a451d8e451fac918,0.05204393695024238
9826735b01a08344,0.07217247551671803
c4a29152e2eacc8a,0.019681410039286085
631690ed30cc1631,0.20605556540790004
d84d8a6e6ca5eec8,0.03568903215370094
efbafec85fb00cc9,0.2196694201038494
24556c1044963c8b,0.18591997759449366
5dfe6e2137dc82e7,0.031038599370234305
b2400c3aa22283d6,0.05116041206804575
71602580e012f168,0.16736462375684844
cf01eb3e54442236,0.026413776478198755
1a07d25426f87edf,0.12156934101006922
13b3d3fe65bea413,0.05777078826999971
059edd840763fd81,0.14946188457894993
48288e044d74e7cd,0.10004913728690105
add068ffe0671cf6,0.0361607649474472
c99de47efecac792,0.2705725398818506
11cef543afe62f88,0.057879386998545994
e512156389905eec,0.04028068622341489
138703e658867a2c,0.1718274858207721
454c3092e6edd433,0.023721964263467555
dd957118652b5ed5,0.13326361356682664
af01fa5eafb4602a,0.08435544920211645
7bffcfd2a9da1725,0.15356797253261556
24f3f1ab071df78b,0.040311026433248874
3ec7c9ebab0a4a2f,0.15454354363419462
3c1d10f4646f69fa,0.053043482269214064
9c5f959e1195fc54,0.0308980780725502
cda81aae0a16f97a,0.12885247500565958
2bf6c949fa0b6053,0.09404457731482291
546683ea9e5995f2,0.12640360326520045
c4563254d849a8c2,0.09262711002458238
e9e85a92d9ed5065,0.056095476134396964
fc9fd5a085f168e9,0.08396677560471733
54049d409156afd1,0.16366399458089484
e4c0d5c0b9045e4b,0.10583595999355878
058f290d4016fd11,0.04934932799105663
e14cd74f951c3910,0.05246174854322498
05018e18dc83e13e,0.3284832225071846
763ff25fb3a65368,0.039807043577748696
eb5cf6bf7c8b4e5a,0.1578657534185082
013351fb7667dab2,0.08388447228191358
e08181f896cfb680,0.05397017336667697
e65d39ec9e3de422,0.13658658903551127
9cf499aa7626f14a,0.10873527746293404
f203a5ba78b7389f,0.1683943993863974
8ea386546c0f8c96,0.19909948605753908
0391f48a6955106e,0.036547766872554614
d2f70a0377eebc5c,0.040294845516245695
b96e54496b6a6713,0.13718558911105466
1ecd7d7fc32cc874,0.09856516222383734
a91fae320445e22f,0.041572075593812506
7f7f8d9e95bc3227,0.11845934118708652
8ed9c9b27ed7229d,0.059300735943113664
19862b4c0d2f34b9,0.06524994084885197
e5b1c6b3822addb0,0.13852149956143095
191edcd8d76cb951,0.3933290778543207
6b08a1554cdf28c8,0.045098454835270696
706610ca333da138,0.09588458478622565
5cb5f8466022eb46,0.09434732689606289
acb3a526d9921b55,0.05516977968473569
947db252e781ab55,0.071511176548972
e94881433d15d819,0.04487263674611605
34439005f71e07fd,0.11616061183866473
989a2593307d72e3,0.08486824631789149
ec8f1d04cffddc96,0.1508831779989032
11dd5f5d722fb0e0,0.12885903390241954
d6738bf320835a10,0.05426166822234807
025b09a306181a55,0.07443542122541742
e5e3f5fbf93a1918,0.110396337985806
2d60731de40ca5ec,0.06774110833238324
96789dc76cce8bb4,0.12563171460285735
e04c2f21eb86c30b,0.036318546727056526
eb4f7827e27f3e50,0.8172133788503704
c72cafb3b0ed2058,0.030131188776020886
38e789ce64afac4f,0.0828843066845192
961a36d1522e6ffe,0.06122076475836288
d915888ab3fe3241,0.08302501645532111
6d047ff0d07fd1a2,0.052729578924541325
96212cff04501fdf,0.16895692437589746
6cb30ccf0384596a,0.15562040329755936
1878cf5a842e6727,0.09369082402546074
47adc8c9afbd6fad,0.03905177903227062
bcecb579dcba782a,0.05547715757492128
24fe0dc9ab19be83,0.03169342537905163
d56cbf99a17acafd,0.060214310649454816
5caed519a777c666,0.033931924771229104
de3dd7a6a4564414,0.12290041336746782
3ddc28164f664050,0.11717128378274443
45693136342888df,0.040829136531603596
143c3caf6eb25742,0.11577486342911925
9295c919e27237a6,0.05404836015970832
0dc756a818dc5d9e,0.12948644345486893
67a0ca3f82ae78c6,0.03378906390015155
cbd51c3558265f5b,0.10937107369086692
b6df5050c31c7287,0.04769562131025553
73f20d006cfc47e6,0.053464403094109506
2de69b9443d4fc52,0.041357565849960136
1ea20c09b6c79a3d,0.05496389478947502
ea1427791f675329,0.11277933730972
cd6c9a86e5c13535,0.1055077923172431
fe03f010fd99f729,0.20647500891443055
3cac934a5e569272,0.11417392774176278
1f9c8c5a31c38592,0.08310423116527677
325d3152d318ac6a,0.06320139688958258
c796149ae059bd36,0.13954426742873352
139b95acad0d8500,0.039206467814984554
ef8ca6e1ad6cbc40,0.13583276467710753
738b1f5edad8bc5e,0.023453286894156076
00b5753c64f3aa5e,0.12151769806745759
7509e02d19e2f87e,0.04045410120030651
a85aa8068fa925c9,0.1555928931682957
f8ff744430f73aa6,0.10549173586285826
4106129a02383134,0.02922310043113813
3be6495b6e47bbe8,0.10059536315341007
d58d8cb98c5344c3,0.054601127602455224
72c32db073874592,0.045426147731849574
b33541a9535d3cb6,0.08088413698870538
f117d4aad78b524a,0.11629602418169906
5e48da846d46eabc,0.15744333451151182
b0b266000f2d6b03,0.16457685240263883
2aa63d23f11f3aa0,0.02657791185455172
7ca15ff99bdc719f,0.05012513089623821
286e550605b2d970,0.041370677080010076
140d123f8919309f,0.17172914143053167
5406d7c0119b8b77,0.12095587672412715
feb8f158efc528af,0.11385490473104541
20e9295f7f1b6809,0.05890387996074744
8c67df2b06a8af30,0.11278976751336899
0b5100f2d589252d,0.1374340121891237
a7dff4879e1f2c8f,0.20151098579830864
6b9c17dec469153c,0.1553717643716687
b064e718f3825ae0,0.02852887817034695
633aa423117b483a,0.06216856656141376
2bd2dc8cda610b2b,0.14985580283489366
16b4f1b4b30d7a5f,0.20381830234196177
7ce520db2bb5b181,0.17028003073230927
359fc18aad246386,0.110188158632758
4040467f440a4681,0.07474394690575602
ba27a17c66a28567,0.08939654001970827
5e4bef63f0b3974c,0.1235779944194643
849863283a0793dc,0.1047786093328719
aa9c499ad44baf78,0.13077564640278316
a3fd494842016ae7,0.1097249975622716
5f079c78614b8a83,0.19766394752956654
7420f14669961a6a,0.14885947968652188
0a083c164a874ea9,0.038247466937849646
396f04d4bed14a3c,0.1041369452404826
bda29126d66debaf,0.0570830961207702
8d5ece395c6a6b60,0.09718480833532543
9ea22d08386ce3ae,0.05413111090394111
1a277b47ca192cc3,0.031514782574544264
5534d1ac3ad47ca1,0.09729914570007384
164e32a2b96ed3eb,0.15689542571365603
cdea1d25f481df1c,0.05595016886786137
37e1f37cd163cc12,0.16748850285690095
4f896e74ddfe48f5,0.09754451179165546
ec881c0b42489ba6,0.0907689697542395
6cbbc142e3b6532d,0.05535240073548439
af58eeb2cce1b1d8,0.0442601439865555
3792b407d3147240,0.07021068988534163
44abea18902dcc6f,0.057669262604472915
f174b76e8c589bc7,0.06446448149696088
d5cb1d76e26e865f,0.18938061365026787
c953fc1a52b6d2ae,0.15916339323113562
dd9860c103eaa486,0.02730636882825063
1a338e9358b4b71c,0.018621209425449273
28a055a15e2bee63,0.08537328344318985
d810129e88130889,0.06617699797227511
20b2f55f0ebfeb9c,0.09401091082676893
2dbfb79bb9d5d576,0.22817816035506416
a4f168601004a705,0.07902390237839342
7419f46f112678b9,0.1287948805868394
7d0ff708b6d6752f,0.15656694693860745
cbb85fa489a893cf,0.03653040336603175
c46a723fbfa594f7,0.056343053944877985
2104390897549457,0.06035336610924511
75c276f7d0f29aa9,0.23034729118845562
01a679a23b212287,0.17946477316297954
6cc58651b88eadb4,0.043388291595290195
14cf1ac65f8ca02b,0.03232337366479327
2a5d42d92966192f,0.04275217440599604
2010478948b9aef8,0.10300130789875112
31542ae607bdb59f,0.15486381935086269
783c99f058bdb723,0.0705831610376082
8e49ec786a6d5abd,0.08301386132469901
d2b9a740ddba79a2,0.04186629370745132
47c1231311a7aaaf,0.0661328651596713
c7937d0c63ca6a92,0.09946688142733535
64628bdb8224fe18,0.036362401735864844
49cbb2ff9274a4cd,0.044255643184063505
a4dbc0e728a780d5,0.1894465351585252
54a5b82f046318b5,0.1483380299495114
daa0b6896a1749ca,0.05761139309531679
4a251ebb1de72153,0.15704585707459895
edc7eab7534ce904,0.062160101096011146
0d31a18c31d12329,0.17325207557668915
ef643ea0ac629b95,0.07178803749902515
39049e24be5a4306,0.2669638551231845
f41fb0591a5b1902,0.03719084104946968
ef3add49907eb895,0.045836377482965644
3c80e6a34fb3e4ce,0.14438056944428937
681bbfb8c5372f79,0.11216195221430432
007f4be9a3f6e89f,0.03407820596126184
25144a9b2bed9be3,0.13456525098982594
61233f40c0cdaa2b,0.04751318718185187
73a058838f6b7f2a,0.168996356341269
cbc20660739af678,0.22260153769660238
8fc723bf625337ee,0.1604183846335478
3ba49bd9e60f519a,0.03398056613495172
6a3b3033fdfe94b2,0.07565681775650623
c8ed653c9f871795,0.14042988227780423
2f6d48d7acb127aa,0.09830459368571783
92ff64a44efeaa6d,0.06263361646031293
d7169f20999bc93f,0.7379445399260471
53604f2aaf701357,0.0858906040896104
a7001845bc2108a4,0.15202596373853816
e1c8d84bbb8add74,0.028242666374638625
0b6ec467b5610434,0.03442614705889999
8ac52d2ec127a096,0.05094684553678471
b10baee15fb9d01e,0.15753514145603104
221ebe5d40d467ff,0.11969510215831052
4fe55b114acc6ade,0.07118854576254247
d8482a667d8a69cf,0.02925471792265027
53ade36e2a1b1e97,0.159627304487229
23415b9cfe9e209c,0.10997498421652449
280c7808d94b9763,0.15798813285353552
de5885c6a7c6423d,0.24223691105946918
38de0e8716fdf6cc,0.07455069863540738
55bc25143589b254,0.1426318864011868
957e73c37d447545,0.03842294457675401
af84b2641d1c74b3,0.0552365784264626
e7be7f3fe2a831bb,0.02877802486661844
841f7e8235380174,0.2510789439511809
63d88f28c2a5df22,0.1494062952862434
8dad4fd4df5c221c,0.12953034171932107
3572ebf75eb17942,0.09364504533459084
25a1a550572c1f93,0.031240738761548138
6ae06440fe74b44d,0.22888760400951846
b4bf088ea90582b9,0.07713708173969411
6b9449d16e81079b,0.04256460895156699
4ff7c9e8a089b94d,0.1143675498204314
aa5c5648b80a1a3a,0.0867622523407215
5dc1f3d49bbbe4c7,0.09993734099099494
99546cb325e5dc06,0.1436572215585805
220c843637482425,0.09781225821672335
6608fca5b64d440e,0.11903563454446357
f29988dc0a3c0243,0.10911409586113657
51058b99b395787f,0.03741302018871311
ed1bbe11677f7bca,0.06560413708027306
9f9b85620fbc0cf4,0.04782481641617622
8aaeef3315304e45,0.09208067780038484
5d92173cdb00c0c4,0.0914862299490575
acbcfbef3b1946c1,0.03867936732027855
73cb612fe6d23320,0.14849202535461103
4216594871a36761,0.033878266232460534
1c2bf4927779574e,0.2140798344549184
1498d0dff1fb5394,0.04845959584950559
53f47e8f08b91aad,0.06056579128851886
c4229a0ce07e83b9,0.02755208214954613
bf61a06ee47b2027,0.023923054205078037
8aef635fd1b3a740,0.0325958267117068
0f6a8a20e3587b09,0.0395684934891554
75d7914477c996b1,0.04980922617228204
7b1790935e6cb838,0.02374550236230306
d680549ede3f6dc9,0.05278636161949802
f3bf39cd2ab5bd9b,0.06500728936571731
0b0930b54070750a,0.04074545395811003
3d97f118d250279a,0.1836683252035071
e9de0ad29a82a54b,0.08357777569805874
9485f200c4e02805,0.10102674608033346
12d95850d018d3a3,0.05004221511913525
ddc866b96dfc3aa3,0.13906861277135407
45a33a8161cb4b46,0.04338118164551138
990eb9e1c61c80b9,0.03921754999196967
378b6aac03179007,0.03875468054579143
b6ce4df0bfb4d3c4,0.03240181845324014
a50653ff586cd76a,0.0873875594414049
65cd9ee07cfab83a,0.0926721035991602
d2bbc0c9f79df720,0.17146417093867453
82ce816296a1512d,0.023647951898873892
e502c517a223aa14,0.05602201217476854
71d19ea693604e1d,0.04939759851551035
0d037e649d83d735,0.09588450374042383
6ba6991213384d83,0.11392661370737905
4cac0de9485495fc,0.12499576174747079
9a0be358e968c623,0.026240648143923292
f1ca34616439cd54,0.03498523145432839
e301cf1f2e4c3681,0.10924652014428826
d614ef3ad50cc2bd,0.1263328563014028
c0b33846eed21da4,0.07401057348903863
d4e499c8cbcbf2c7,0.08588377618437919
112d556866bfa77d,0.15818944868423546
3f5b776bac1c2a71,0.083182832508932
97fe9a981d0717bf,0.0956293720844978
ce3280649c6eb5c9,0.12304246604428848
7ae7079159ced82d,0.060912871014919566
f1eb50e28869a50f,0.050368465563775146
52c8dc366cde6d2f,0.04182977834699988
ef14064579612c4d,0.12954482386970936
7897eec02201ca6e,0.062072195133183586
321d33ef853c8fb7,0.1676914158045069
96766da6bd7c3998,0.02774738834386926
fdccd120c1ead149,0.11909109898581356
288252f0e770ce50,0.16452462836346027
d4d977f5a3d8f01e,0.09451847071907614
62ea4677a492334c,0.15985324199230053
d1f182b83a420b6b,0.055119387356124955
0a8ea601fcc75d1c,0.11054516969551768
27930c385742439f,0.12818075081191396
13d12d929ca71339,0.218458956677543
159b4f9fc1efcb55,0.03746505854845395
94ffb2f9a90b358c,0.09505633049269206
68615d70615e3b37,0.0344895757363104
d4a40bf8afd7e4b4,0.04897613137043827
e3dcfffec2d51e7e,0.052226723336958596
10366fd321e0ad43,0.042142024339803734
80e3f13b4e86e5f9,0.19109556622805182
6272a9e176561590,0.12591655765890955
14ead2f08e775ba6,0.10921043438318569
08ecd3e0061305ed,0.11097341863330089
b91abfe0273da79d,0.2437000737725762
0c3efbd8c39177b8,0.7294435819962407
e9e21b290009d63a,0.058081017115555335
c188505410fa547d,0.11344100759950002
768d9e0553a1399e,0.02453622862810748
a9370f34870acac0,0.1294993376980583
9f6dbe29c2020549,0.048795950123903885
6da7088fbbdbdec4,0.07062219711336977
944a046635530efe,0.16176152086819437
55a97e1488c333a9,0.04623918612693484
bba6644aefeb263d,0.13324784421321215
750f5d2c63709654,0.1765353807799889
b7f5c550aeab6fa4,0.09158140544061995
bf2efa05075a9f6e,0.053095127254126386
2987973344ab04ce,0.07239506577679296
a97d19edf8f608bd,0.04555946738688025
6138ff6754f14dc4,0.04588800326137099
87522437573af7c1,0.13260572134903473
57cc4278d6b67c5a,0.03815885069871147
8f29d789ebf40f9f,0.031819440435749136
15e17422c43ac280,0.0638839198057024
57faf77cf5f72f53,0.11091134189853546
febc8ada0a8d768d,0.048486111353473256
86ab68be69241db5,0.09697967485323371
5fcfe942606240bd,0.03289519167186323
31bf257f6a4a70d1,0.12305213565387664
a09897cadb789dba,0.02319036922702349
328299ca9da15ccb,0.059210245539305796
c95184d7971b2960,0.18145984682904406
6ba9df085d34410d,0.5263581805331892
396ed8ae6d33d2bd,0.164358423752638
b058bc3c8a9fe33f,0.11724402178706249
77b29cbb7ea1ac6b,0.13994371078956067
c8d191e05666d6f5,0.16079707983815017
c4d716a53ad99b70,0.11039051528949842
31d17f992245249a,0.07555307325118124
aa459cbd8c781f76,0.10510282014685816
7ba0185e8220f22c,0.036524089982843455
eb077a940d0bbcbe,0.11499658941706248
9298c80a21191034,0.09522857298012768
037747626ac5db4a,0.0509145095881292
8ee7aa8b54022319,0.19399779820215804
a2b57b918f2661db,0.06031380096017789
e703b056b17c6038,0.053552702920195094
5d760ec696eac629,0.09691834618557894
68589cc32366dc9a,0.08220627388021123
83d1d02b456e13c0,0.08542277373710656
f5ea6585ff5edb0b,0.1710329960744673
32290819a9b6b754,0.06669776020642108
f0cddec42ddbe07d,0.02486418849953371
41d5134ef4aa43c6,0.06352030324246792
9a422d8246e3f97d,0.08417784243896187
341cbe1cbd51048e,0.0428335863656217
3d2c0583f01cd72c,0.09756201208568549
870996e4835ca83f,0.04311963518181713
28b09161f3b17dab,0.11471552676292285
051b367d8fe91233,0.02490611310956589
9b8aba50b3ab95c1,0.14708586014504926
ff5577bdd79bcd6b,0.06873883968585684
92e4eb0a0d4c41e0,0.25788859812676695
575ace0896b22257,0.22021275705797422
a16f31da04bf60c4,0.07608890411351447
cbc13a2671d3578b,0.02863093122829163
876ba2c5e443fd41,0.1724277743369158
5d5689e87dee129a,0.2147556750704449
71a60a6dfa7e1760,0.24171298799516086
f2a38a0b81dc90e3,0.14729798379162098
ec97de286c2686f9,0.04775310509709688
b77b633a5106f906,0.06594091763310034
972df202456969d5,0.06056077575677332
5d7f4e9617d1e7a2,0.03480820498564366
196dc3655d9d1d79,0.030355861473749697
7b9da0adcf1bf365,0.03324721750805822
b9d78de840ab100c,0.04070688844238826
803868566ffdbdc1,0.028781918500646445
cc5f60c8c3c2b5e2,0.04184287404666504
88919e17cce1dcd0,0.030789173062774317
88bff82c05879a44,0.03499081292763301
aa64759c290cdf84,0.08083502272114006
b224a7d8b6f39ab3,0.08070344719779876
ef11b15a28910cae,0.040222732691432735
7e08eb8d4482e7e0,0.14949084725130948
609b606891c6ff2c,0.03653102435887447
07ecd08d07bac830,0.08008809605394733
aea578dbbc154142,0.14850225608525003
9c702ee77f731a28,0.08681901898148114
74a102877446027d,0.12628156606238342
dd13d150ff97f653,0.17444673794655616
36157f72f10981f7,0.06636631203044752
808639f0db0c51a9,0.08063623869148466
d809389ba1350646,0.08693085192432408
353512ba78ee6085,0.027475369688932712
207ae6c9e8f4fabf,0.060338974117129206
333ed3894f0f2865,0.14444738572755833
c8e41f868f963ff6,0.13525441385261808
c0436a45e3cdfea0,0.02839652279581903
497bc4409ccbba90,0.13927348428106096
b29f7d1224fd0321,0.08266220712853181
7795ac2497824361,0.10253661465081683
28bd2f25cefc0467,0.0364399999677977
7a5268c2c0ad3fb2,0.06489838766671387
9335e306e6ef6c17,0.04862277187963445
380dbd85787bd38f,0.1698733171012782
4df3a358e7ec87b0,0.029750833007461498
b423d03461c67e1f,0.1593337332602464
8d6c8b00790579fe,0.0573285744375169
75302981ca660bf5,0.12423131026747745
34fae39e3b6350ef,0.06920426524951527
47ee9553918d83bb,0.13667559788672337
525eb09cf01d4422,0.06784284674666051
f285090a9d6de2ea,0.16486576267833422
9a015d0a0e9dca3f,0.05244269256633155
5b9ec24c9cacd921,0.08931832517890144
80f6887bba571ef8,0.07556080298213291
a0121be4cb97ee81,0.039256941814951866
98bbb1d875be50a8,0.16087457678006278
d13d14d73f638740,0.0796002738623846
b2c1f66103087339,0.05770238900804914
ed544070c1558a6e,0.08107864166130635
6dd8a5af5647059e,0.08978241130979808
ec707e8be77e5bf3,0.09801258227975969
435ba973814b0e29,0.06846804151032145
a003759cbad0ca72,0.0806612184827489
4c1f413aeaaeca8d,0.05180230137676343
febaa69039e2d424,0.11147441165997182
1a7702c55d1c3c6c,0.11753656805771136
747b48174e7e8cc5,0.03345450996012258
e73a38787bc7abf6,0.07637267703942752
591163e5c881643c,0.1546469005644717
95f08a028b009350,0.03428124050862665
74cf8eff69e3ee73,0.03615133159294746
44639b509c809540,0.09010412436537475
abcf4a1f567f5b1e,0.09092411868835584
987d6ffc23a79a57,0.06748593986476369
e7aea6a6f0d83afb,0.08963888645340819
d9d2d9b2890a7999,0.043465408429868325
deeaee8dc56ee2e3,0.09397251501856457
ed44fe0714d05825,0.14115221852490073
68d0096d6964bebf,0.04645251338180658
8d52d8ee49e4e8ec,0.1561713434569025
b877123e88a6a266,0.0661679060109865
8aae92b438c0c262,0.02724413487324685
40864f11272e903b,0.04774997054750796
7583bd973a7787bf,0.25601911018658513
209764663e3680ab,0.07400656428408778
1802828e130f444f,0.130597004888473
c7226e4c37f1c216,0.1668032525675117
cd0110875b4d057e,0.09664157177952774
b66e634d66bc8033,0.030525665572582582
644bd7580a1fab58,0.0673158176900955
ceed54b1129eb356,0.07129287238678109
4a02d907bb4803fd,0.035798195857974585
d09af6dce02bcd02,0.041241006428460264
c81869bf2ef1408e,0.14363246633504287
455bd62f0c9a8b18,0.16106156461717228
8c648fe7475ba2a1,0.10912214922423934
e7c1606cda3f50ca,0.05174867626122318
386a0c809777aa8b,0.07186772594185799
882d6e6250d5d648,0.12078385068413051
e73fd396a2d7e661,0.04985230406928979
e1293605384c5923,0.02097875149909362
d8e5a75d55957e5b,0.1331149375311236
75e6395a1cc7d878,0.10525570586505169
ecc995a8d29cc898,0.11175519149931575
ba27e43ae6b021c3,0.06838113729616842
075b11725eefed48,0.14633825141723608
16e06a6abad58f9f,0.052536896845923074
039a18d8a9005443,0.2178840546614104
166eabcb1845baea,0.04737862894746351
150f221c402f471f,0.1436807704957163
2af5183224226208,0.10064079613910176
30a31bbf87301908,0.028403117927835276
95c87aa909d557a9,0.030497317622138226
d70eb57711fa415b,0.16256047973803414
9464555817eb4951,0.1687207744153913
8d4e5d5935a1a663,0.03502570637502593
289e3f76cc551091,0.07773671725345652
8646ded190e78433,0.07920911244845918
f2e3c326fd923449,0.04933543737292347
83f8985c38ecf25c,0.06217335211226013
8b698836d194ab64,0.04756344041948593
74a48ddff930321f,0.03416549037208285
79a5efbbc2b4f8ec,0.06631032356389154
6e88ede348b8871c,0.10788341873406995
d98b06d0f7e1b8d0,0.04652880697059275
dc56b06363e3abc1,0.08480448064340113
b5355653b987b958,0.06537958139837527
e5bc532f235bc0d5,0.031725698172600784
153cb69740320d37,0.060989694420535534
30ad5d4441533a6c,0.10098442713074263
05ba774a4ce6ab73,0.18912405178802075
ba467da19b1f2810,0.02718839341774891
9ad04a6b621bfaf3,0.122065069088491
f605e43b08e76847,0.1333597279821616
fe2d494aa36b099a,0.05611890393295057
1e5a8f5e21430d42,0.09332622904800927
9b28fcb2ee487967,0.26312617360049806
2f1c0ef6d36a75c4,0.06685983616395548
37fc5525bb7de5e9,0.03067338088283196
d6538f0dbb2a123b,0.10500533016514979
7dde59a4542325aa,0.03189748202891366
20c617dcbd71f357,0.05293804748913494
77f00b5e8f833d41,0.1372805750100663
869a14428379a740,0.064980861435929
5fe5544f8e236559,0.09685721258613289
2d3681cba05bb562,0.19947991176338123
499be0abf97d1597,0.047896559381463734
5b423761773c3a6b,0.20462106792642676
57cfb14bc788cf66,0.1299526996573056
bf8ee8443882eb4a,0.13183547832789463
400e3c9ccfed951c,0.07210281802249274
95c34bd334691146,0.14184087964417436
441b99f616030e70,0.06563694849756212
d6449401e78d3385,0.0643667222967463
ee04b5380c7d4f07,0.16751175054538142
47350f4648bd6090,0.027358427767371962
3d184c420016986f,0.05572976444547584
2525af5583075cac,0.12466668169638362
37055ef29f0a3dd1,0.10879793662515502
741ca2e53f728930,0.1399689600927788
c2060532831835cd,0.10673029316727796
bdf51afd82ed739b,0.07641629358079527
87516eb4863191a1,0.10577217670138601
034a25e098498861,0.026276941041604728
2beaa963f217969a,0.24167818601218358
6b03ea3eb3783933,0.05107134898496692
99cd56ca4ca12f1f,0.03485137581074021
42288d86bd56d80a,0.06365928055089275
a5497f531ca73858,0.04895926018197946
6b8797ea062ce398,0.09381337703799666
1514a9ebdc630056,0.08519615331588315
6a47264adc77dad4,0.0755234893659073
4cbd1cfe1be11280,0.1891249726946527
555f489d111c7db7,0.061270956249807974
d3d1d52e817c754c,0.03479431019913842
80c2b83979b319eb,0.046885977277749215
b601ede8f1d5ecc9,0.02317548581999175
ac4e394f11848f01,0.13683204001551993
a5d564228af285dc,0.05518840329028373
872eaff0cae2acee,0.047671959473441196
ca524fe71b6054b7,0.07945666877483107
092fdb93d96ab75e,0.0318553644267674
b1224feb365fa8bf,0.04665265077518596
b5883c6e74b0ff0b,0.03187736531632304
7aade43a31d09f8a,0.07372899753174453
585ac3a63ccab1a8,0.05038946468856867
e4933222bb492af7,0.10445788486515137
d4fff28089f09f7a,0.12019493080196018
1faffaa35ce84d77,0.098566225503825
27afb6fd6aac442b,0.028073367375923714
847a053fb85c500b,0.039849938654925636
9ad6971bd0ebf223,0.07133332834466422
a14e1a04f336c6c8,0.05129291561641916
50698da7b2db2350,0.0873917555694323
15655e2cf84c9cb7,0.15447265282264
ef796da1e5967ff4,0.17711563032281888
9331c7e2dd294fef,0.09390173964957099
b7796a59af546a3e,0.0653383046566612
d9279cd811aae7c0,0.05790411618250657
df81c08c47af6c59,0.1631702104498607
1b9dcbf8b65b1a52,0.11325261295592699
dd377f760a65ba2e,0.1381272781005427
995b4a4b97e53e5d,0.08302049869546198
13b533f79e5a5caf,0.1144573746913865
d4c903b8efe43c13,0.22763327952455464
4fb9e1bf5a2f571f,0.13713217317221416
ed595c03e7747694,0.04965067749842561
73e9645c3d48fbb5,0.02236822832302911
a4b5405b00736981,0.13871019306194515
2a653776755ba7b8,0.031211401581363814
158fa97bf999e010,0.10666305427372619
a95d0a261a3bb142,0.059710569738783525
ea46e88a59d4fe5f,0.030523026275633563
6496d7761a0c6190,0.05107544631075487
6f4ba984b6dc3289,0.07054103051225138
5afad3e6c2fda712,0.05275956733650345
02effb9a084a466f,0.062216308600021475
f43a5e53fd455d87,0.19329957585655577
49bcb75b2ef9551f,0.033630903629386165
b21c8167caedde33,0.017695704278458773
15d2bbcb8c316442,0.03488933822532749
523bc8b194fc69ce,0.05969023999985896
d7b8e5c99743aab4,0.087132284447688
3ad43bd42075bb8b,0.14547194317772624
812b9840da2dccbb,0.2677558408153811
e70b5a521c308e83,0.13774889032117785
3c45ba8ca9f6f412,0.03271561074968136
7f616f8d83b3eb18,0.05737761530883792
26c592e1845bb489,0.05264842662945688
68d37c0a802b47e7,0.12467883929430677
d8934f60893849d4,0.0315542091511522
2a3dc482e2f9765b,0.08861347679706523
016da23592d81da0,0.03581515508894629
4fdfd4d0c0f506a0,0.16100049299003738
729fc49d981fa3bd,0.060620003120513744
15deccf643c21df1,0.07584010774107552
7daf2f242a027468,0.040714457978806295
d51a0a86350f7add,0.03335002714016124
52fa3a33f632aec0,0.10618644890591637
bb4d95ad5da1ac87,0.09499605516118735
cd23dbd0e165834e,0.043669458954390956
ba39191a07cf9e7f,0.10580711680031708
9ba5cac296310d3a,0.1911142550535425
d322c51efb437d17,0.021579454905148555
3af739b2f776287d,0.13824970409346363
85804c2e9c6d680a,0.043367197288336025
cb0cd20b25649838,0.05027084606088641
12c942ad8a277403,0.09726054851269997
289e502cd91b1547,0.1444147886633192
31c382a7004fe972,0.07686790409720254
d169a1c279a46015,0.506989964581214
f9b4abfb6291393e,0.06861909208930131
6717d92d92048fbb,0.05908607836753433
469f41c8da1eeb41,0.08625825277122756
769314bb014d1235,0.12012175292629539
ff2e280d521989fe,0.05453834068661031
1d52653d4f3c35fc,0.02562639049065336
4c0ebdf6c9dd9fb9,0.0445854403046391
8e182e2e4650cebd,0.14668900699519644
f55714d17852a183,0.04203839748357186
f2e291daed34f717,0.14997542702348635
2fedf01adbad6180,0.02797622888163474
7079029a20553569,0.10949650390554229
7214daf28cec2f25,0.12379791955617112
3037ee52ce757f35,0.02839143423154455
301594a1fbd58308,0.08324379115703827
971dbbb99046d9fb,0.14324995706404978
c7647059905f4dd4,0.03646249251753297
796f7cb75fc0eb55,0.17230177016163886
bcf00da3386bb946,0.12457504220231869
9fde66ee9b59f95d,0.023260579382511148
752d3e65ebd63369,0.0328604010518078
1a6bbae0cb804476,0.06140365842798675
03cac4272e7b8e63,0.13521952937799536
055fecf2717f29a3,0.12891644639158584
a2aa85d0e1bc4e6b,0.06772985791359197
ef9db57cac44e529,0.07660213376247006
8c91442db55d9d64,0.0848973914432783
7cfa3fef2d1a1dfe,0.049323048086498865
56ede8d9842e0590,0.035054022777189386
fc74e63ad196960c,0.2891730463445749
342867ccf7337815,0.03045501675063972
866f7ea3c4be20e6,0.08161947150300912
f45494a74c712731,0.11310258300518264
414228464c8b74af,0.10694724161640734
e4a3f7a35452e28c,0.12839480120104257
c1eccbf012d9a361,0.03720373321435327
a715e394b41f3a16,0.032374915045498734
26a24b8218ee00b6,0.18400651788581088
db4b58e70acde06b,0.035877829583027036
deaf015c1e137149,0.021761593840394642
9d4fbfbf523a0472,0.23601600559985425
ff7e2911a22e8008,0.16798825835222414
30449ce55b14d344,0.028986635059889253
b930073e02948360,0.09700849845533459
9326674b4c828c15,0.07532845747125504
a9b474db35164846,0.08846410604863775
9183d88dcf308c8d,0.056302028740007046
47c8c6f64cdc0a43,0.056780608872991516
2ee4722095033329,0.07889785561367058
cb8a02ecca44027a,0.02728552370111704
1925e9dc63237314,0.10938919220684078
dd36f08b99fcfa16,0.20999517775397267
9bbd43f6f760c243,0.11791638188949778
a766359aef66a25f,0.08156016404524626
4d10a4698fff400a,0.08055936552161613
44a6285639d7fcc7,0.10736577131258056
a64ce0de598f4714,0.12741111877603187
8c887a6a554fcff6,0.01719763773128567
ef3f3402f7530e37,0.016770586149629226
e9cf43bab751f410,0.016215135718514535
1245634a78a3136a,0.03566138001385444
7c5ed75e73c20133,0.049555464819512514
ff7628423503cb61,0.03692453023373673
55df3baf4cb22442,0.029929414019093274
20497b1ff5df51bd,0.14986868500499118
fe1c1e2e166d6943,0.08286142189635974
0a6a2ebc3b004ba8,0.07264338703969542
ba16bc573e1d9a6e,0.14071324573866814
41ae92fc5f37cdc1,0.042041060381523256
ae05071f58d92774,0.04678979499010786
a8d4083bb2383da5,0.1455230907892194
92cf17c3d59c9b61,0.02341578679721763
f591caedceef4268,0.03952111153578904
e3d006785a8a409d,0.07297623779247094
dcbc913499301796,0.03323275932382832
b630e1af9fc1f3b9,0.12372601130516209
7d6a1e459131bf25,0.15606544542338077
5f891649affd8c18,0.07416099572641749
7dc102adb7ad6667,0.0785513313212569
1b8c16064d0dc4d7,0.0595734244825973
8e5286a9c7d73ad0,0.031140550338462424
147e554cda420ba2,0.03759505206275821
18517e2df9cc10ea,0.07024348324227704
54ca2e9aaea55320,0.5183345315949568
a923278148853286,0.08162832026331043
cfb35f11977c3be6,0.07512552884141542
aef8a4667274a47a,0.030915644482981324
2c51172cc4d5eba0,0.0376413533634799
494446d84318c9ee,0.08810333799978397
aa652d97612fe50e,0.025093732180847678
baecb9e5cd4b2907,0.13828556819820306
c29488c64d211da8,0.051266179815390805
28746b4c4b26d721,0.028658659553813925
8a45d03fa3989bff,0.07253258038837725
462b3e544fe612a2,0.0980661584551918
359614f152fbbc2d,0.07134469878166876
5e953db789137f0e,0.13624229305652594
2a99aaa9555b3dab,0.12362009373609406
aa37a77bc447fc0a,0.20599801315010172
8c0d7f3ade155e48,0.034715090418356354
45b05dd1071039ab,0.3674179593910087
7e037c271c23576a,0.04925481602856485
9adb38d0576dec06,0.10774421968464735
532c84dea557da7a,0.12464320212244703
6c302b9662d3b5c1,0.06251198306604337
666231af023e8fd6,0.046123908376137494
9c06ef2fdb037a79,0.09047372841247991
65230a28464587f9,0.03855072158226671
b3ea4baf43182919,0.12704337267046276
c1f297271ef8cab3,0.035456779657914266
7c58e1fb77913d4c,0.1803324568634926
00ece1c11b40f8ce,0.024383085089246845
a820b5633583bac7,0.14714869013684856
b4e9165d8e2aebad,0.048324685206482115
85f20d358a8d6ce8,0.08914725884792964
148fdf734e431091,0.06436420858120614
67708062cc529759,0.08564576133669131
d764e50c36756862,0.2589468858918668
dc093657cc4bfbc2,0.075882982358826
08c0597e111a2388,0.10212070033199157
58fc68c0720d8cbe,0.06099779652994134
387b7309eb20b505,0.10656692332198292
cca31a05a820ea88,0.1566637144963497
be7e5b7b5839a348,0.09819090687421807
ef7aa159ba83917c,0.10299554908237149
3dbaccedf2355696,0.04281415412935724
3774263bf5c9a393,0.07577472735516648
e830f76f4667709e,0.0860157524539694
c96965b10fe9e8ba,0.02876875400199616
aea0b2d75bb410f5,0.111101337579651
892d778bace3f693,0.10974346162672816
f46440975132762e,0.2024978321882803
6084fc419fc10f1d,0.15627501618110873
c6fb1852daad742d,0.05571509815792621
2bd09ffffa247f82,0.049287404489226916
5ded576ceda86075,0.08969641680713485
c066afacb3fe3a52,0.11051319559070212
21e99c194e94917b,0.026320767091733605
7f4eef61767e4c67,0.02682103546818259
dd19efa057bdb4b9,0.03936851369568365
2b309ca794e9b11f,0.2345901032998269
8428fd508cf86cb1,0.08760420859729519
bd059d7efcd14494,0.11964444076412994
7fcd9aa10e5ab5aa,0.0850466368393465
9398c438c5fe8b90,0.04172598488564857
7401e49aee3edc69,0.09261514529659343
0520f17da71602b5,0.04762284203282546
efeb31befebbeedb,0.04600134794229156
df3fd48fd3b3331d,0.07394970768123042
14e14e2218536077,0.11302036059789228
1f92d25274d4f038,0.07126667148924708
7170ea34f6161e69,0.09355473228745549
04b0152464b775d6,0.060939892602331375
7653ee403f88ff26,0.08644115381775398
ee84092d5d680f67,0.16949195014249385
c41b6329fa5e7012,0.04039383252412248
1514f652f00c3b36,0.04921198663983398
0c6d11c69bcc6f46,0.05749474022165992
382f75d2edb9f457,0.13952509108505898
ab482dbf08ad90d2,0.09629050679893264
5ecd94cb7901e72e,0.04539390147950876
176da975d008461e,0.07643388934115707
882d984b9b9d8fb6,0.06080219924345401
efecedca199bc74e,0.16271290174103573
5f185fd802f0c00c,0.09081446360644836
b7be75c69ddcfdc9,0.022341284820840874
4da0a9696b2e9612,0.053219895319171345
755bd669f9bccb8e,0.07747352278336737
dc744a1038657389,0.06341280096617918
f5565f23a877bd69,0.0939957886151862
45485cf629983a40,0.1885298794007631
9d8248668d721756,0.0732018026231009
7e637102a104b616,0.030908919889663013
b9095cbbb40751d4,0.16358805485308267
b6f5bc351054c7df,0.08044204201513745
d08fe94fcb0dabad,0.035156821832846
edb4aa5de0832a92,0.059717416950162895
b142c9c1185e5f66,0.05419595146955791
1473309b954d71f3,0.14783898216886973
b604a5e504b627c0,0.2370221076822903
d5d6a72d9d2c827c,0.03643467971541933
aac5a801e8926a83,0.07909945032365906
45b600cd20830ac1,0.12866317163833246
8b6f8e193f28c495,0.049786088504713936
9cbdc55a60ad3994,0.030093924300938178
59cc8f62d55aab98,0.02751029929736698
42f81ab5abcba09f,0.07863157220152632
758524a5d6a74122,0.10860939843620365
0acada29c4de07eb,0.08222378016165217
6bf56d0ceb2c1ab7,0.03661977467152911
03b29070bb68828a,0.031066427878676025
2f553bd8ba413efa,0.02956170470945707
c3ea0fbb29a15317,0.07363297229485068
797edeb1c8a9c95a,0.07013861961888924
beb71749be71fd3b,0.11128417318564633
c660714dc6059849,0.0646539218146514
549961b37bef9764,0.023936943910141006
dfac78eae9821675,0.027717651331184937
588c204b822eb2c2,0.11435338773983576
e96e43deab9b69f6,0.15390752433206464
9c9a726ae65647b0,0.0368453761236916
58f635ddafc61c78,0.26268204101434134
d40624f11c720afd,0.1483383095133975
73575ac328053efd,0.0655607709495264
809a4127b076294c,0.23386000305971386
d476e643d990be24,0.02687741166913446
4d04534027759be4,0.07102382581718848
72c2c7664c8294e1,0.13223007770114906
d3bea4fa475618cf,0.08620055824305255
7af7100957117fae,0.06305497522787683
bfeae03c16252052,0.05059869148659022
dab19b0b61104952,0.15664498863888154
8b72f86a4e6a970d,0.13063819145412514
c775b6de816c5092,0.1430033069341962
0de6dca19e114646,0.07421574120442798
0ee2b0fc31b7cbb6,0.03689092050309204
3363b132efc51b9f,0.2236427068145566
ee924a0428a40a76,0.03599800226623745
ac3726dc72e71ad0,0.09057755149347946
374584473bf4cec4,0.0572812786490949
e6b8e496d903523d,0.07620852448213902
8fe009970d6cbeca,0.03736987396756045
b03e574c8770e9d1,0.03667001160263802
27905f95e6931f22,0.06398872824413561
8099a0f72ee1a1b1,0.04897993359237842
5fbbd8a6f4ba3669,0.034082758498570426
24033a02989369f5,0.1422834295555111
223faad452bc6598,0.14169258572152477
c5c13adedfefc67d,0.06608850852149124
ec24ebbbc53f73ce,0.035014887055166664
3a3e4d31cbad45e5,0.03829388946614901
79763f9ebecaea1d,0.09961050519824688
46806e41926c192e,0.08549852346215898
a5cfdf6746ec5cbf,0.14030917221458625
0ddbe3ef0aed551c,0.04395715849439163
b641fe7061b46442,0.0225740689006859
be98835c447eea49,0.15986926997595258
98aa4160c7876f0e,0.1868245756196272
0753638b45dfacf0,0.10965782570341417
e938301ba66e78e1,0.12797270013390782
64b695db5b68b91c,0.09417055755927572
2797a5b06b8c68ee,0.03633063334788043
aee53ec38b7eb6f0,0.1470802720010496
d59b57f46a383c1f,0.08454970087017331
8c3a505dd927009e,0.04502244685920511
436e01defb530baa,0.024870572743339966
2f54c0acfcbfd646,0.14004987977001726
20f15dad96dc92a0,0.041270219486719294
8a16a230e343a296,0.05956385145675656
fc511072e8631203,0.11096609335728141
5d976c71ca9049f3,0.1181384254001519
b207e579713d5841,0.589837023792864
ac03eddc2e2fd2ca,0.1388450585825841
6b1e6ff0118fe59b,0.10578164524835922
2cc92c1f6bdd93d0,0.07070786481016657
f651266acfce6c0d,0.05157063111973006
c3b49d19c43acd64,0.045587518228944295
05a27ebb8a82cea7,0.4009931055504446
f32c511446a68874,0.05153853584992394
108d6b400d52aa73,0.12740560455589175
7e3cd0895bbfcd9e,0.14897946150196323
2245ed07ee31662f,0.10218078549037496
c81aede118be0e5a,0.06585939453567846
d664a113973613cf,0.0688720083219541
2899dbe3769e8b1c,0.07660013752268018
164d8c33239c5511,0.10884683152563197
e753bb93c30cfba0,0.13980571677959763
4493eab669361ba7,0.044058826837902854
4e55ed26dc79c3e0,0.0697397395349169
1d2f7db4504f10b9,0.031385020867072254
9749ddc8b2a3a385,0.025888425936064063
9aab93db4ffdba7e,0.16021835288440175
88558205521546f1,0.07124860810375584
02a8e05f667b2fa4,0.05261107281134416
f95b0bb67413dff1,0.10739539282960002
b821f8fa7a26d286,0.04412122794301307
bed1456aa64d60fb,0.13191220768687814
685b1294dc5f8cbe,0.13878034656853372
79a0510c936f5eb5,0.12453251415113213
07f28f119366b484,0.04174012302125999
949af0edccb8d159,0.15352294709350486
9965f63ba2d41ed4,0.03625453067001236
f635cdb577ae5471,0.12093414254307118
6419d144df4c87de,0.13826585253578202
bc7f2dd2340df372,0.023388441708936766
cd35e912794bda2e,0.0515272556339808
abf3b6dbce73db98,0.04949594086795237
4eeba8a4c17e4351,0.08019898698833472
f612b9af4ce98bda,0.152378919119381
d8120911733689b5,0.05110699503772435
723bd2532e39f731,0.08082030995120186
3889ee7a1f5fd62a,0.10685574612947116
66ffb196fbbb4006,0.03964586247681944
53a1c51ae93d0e81,0.09403182913922803
0a4f5ec5f9339110,0.040341333484021205
34416b6b8b600a61,0.04237743667806387
1e0b561b5df0447d,0.1537417940782409
43e848bf56ec0bb2,0.0906032439997926
1ace2be427eaf92b,0.038335524348254074
e24ea459233ec078,0.19409553587166006
e019c487befa7761,0.02371154170518885
7734ddeb14b3d277,0.03613551831835818
1961aba76570acf7,0.06085872750974883
276265c86a0e2a26,0.04211296133055067
4fc5594c301766d5,0.12011170644024831
bfd20f3d76573073,0.09096766316360269
8526753e065f5b50,0.2237718661906923
5c03ad68783d0d61,0.03541190494885573
9c83e80d019e0f5c,0.1016666008486312
4e6019e87ab5ac6c,0.12526223821409396
dbf6023ccc73b0e7,0.03525560071675113
fb35b29ad551c9c9,0.04262197193065368
3ab9a4e335cdfda6,0.07029141642907492
86fa9d51e632ae1d,0.0727822239437793
ab30ffa9ef0220dd,0.23301174025854032
ebfe496544b5a6af,0.1365349426985254
4cb026b93d1e4edd,0.04353892973326234
426a41478cfcfc22,0.05369466705648951
3e16e5f885a5764e,0.0511560009976408
dab52f137b1ba008,0.16154685554785694
a7e545c29eee2bf1,0.054847711335068494
6a50159c50f7f9d0,0.025740050152875792
ded3c69308607da3,0.18145800616167573
921388faeaacbc80,0.22838697526295007
8c90e1ab4a546bcd,0.07281034336670418
31b1827fce88917c,0.039332113220490315
d97cfaa40be224a1,0.036525241191320425
b4dae0ea6d15a25f,0.08116658693196571
ffb033e54895ee3d,0.14651601094632372
2b625e5d9c22b0cc,0.05284750736448291
87605745817d0ffd,0.019070339639969486
9717417666a66daa,0.04601888729845194
3267d4ecd26e96f1,0.04021337441027773
3399800c4f113d8d,0.10017970067271904
f457366f48f27702,0.06281185304237162
5a6c4f9b661a0ab2,0.12339764638651396
76628bf9d8b6b0e6,0.5153370232332933
997a5333179da7c1,0.0485911000040545
044dbb2023ecc53f,0.2213468120035669
737497734f709843,0.1619107812694208
fc7d05c3ca74b0fe,0.061279553976787644
f5b74bbaa8085255,0.06115368737142912
c1d1e5c41f539d03,0.1106965648343808
86f9c72ffb536f2d,0.31756242338534346
95b9d46eff640109,0.058241918905751734
3aff516939a3de92,0.05701513293961711
23c1d6b14d960725,0.024683480400625152
0b0950c974175a86,0.05201111578125477
e94d8ce0ed816caf,0.0507615181471251
037bc4751346a482,0.12898635028123656
d43c5617c5e69df5,0.3276551300127945
82c6f27cdcf850e2,0.17325508175822874
7652727437cf5e6b,0.0613400541602341
86f089e7c7ae0d75,0.06068103036464908
b9d7751ccd00d9c9,0.17251446941914964
0a079836e9e1ac2f,0.06437003541352061
90461cd0e33baa56,0.11544150603373048
825b16c4984f4382,0.11543258765198185
9054cbcd60dd433c,0.06064866224661236
770e4ea8a1273a1c,0.07748979381632205
518ad8ed2ff052f7,0.08501294801562848
f12c4df4f05fb6c3,0.04914864545370964
95a9d1c987aae5f2,0.1068599806400842
1d60b64e1441c91d,0.09968051464723764
84ed70c1cda568a6,0.08912058109142926
3d6e8f3a5d06c7a4,0.0341974946586947
eb1779538632b044,0.04254412701032376
bcf84068bc4b5615,0.0783154574826894
3dceaab87e5bd6cb,0.08502651155592675
c86b418e43874d34,0.10007770955328457
95397751cf365c4c,0.0988110030334487
e80b64dbd916f780,0.06443109081100527
d2a231ba481924eb,0.08826203010894651
e86aab1a495bc94e,0.025941506128170422
4c088c5147f6cc2a,0.07172910115996371
746c9771aa5c751d,0.07028656319233383
90005adf46be6af1,0.0198493172681025
78338f5a63e742f5,0.10636555082643322
9c3f2d29681d0d34,0.12762821247153147
f93fd851b68279a6,0.19611863499072324
afed2c838b247303,0.17666551419515608
995d752a3bf1fbb2,0.08604069048119134
33609320e5c7578f,0.04392702075775449
1ecda15121ffa27d,0.04649645914887488
47b2accb2f516cd3,0.1372148626873794
5571f2482997d163,0.13862156033082487
32897e94a9feeb0f,0.1974189576053277
3d5fedc7f245d35f,0.0630282689799112
1b4707947519036f,0.07901197462042257
3cee4d33cd4686de,0.0786798047510996
155f6d74191258a2,0.11852658173336335
3ae6a0b3d379dce4,0.06628446740286938
dab9de12664f7b0b,0.08056496169557922
cc73e04980d2167e,0.05692072753399227
be7f0f5d2c65bf06,0.09042489712108014
dea114b428048ebf,0.029689466143966257
deece306851a2a78,0.07836374655435878
d1ce358b8f732eb4,0.04248660133885914
e025d916d395fc1e,0.11296319339663903
f50d9be3d733fdc9,0.053936954538220824
a6c0d8fd193f76fe,0.08095909502698949
569e045332c790a0,0.09779448947869247
977114ec6d208ff4,0.03161738071304166
17faede0e698eb93,0.06427303916223048
0610c3287750d822,0.09032198824646771
58e6e26dd56a60a1,0.03007611365694161
bc263b5b32d9ae07,0.03907183476997434
8894323cc5f185da,0.030237674876619103
e8229221a1595393,0.04816196286851338
63c589b1e27997d2,0.12392539589777703
fe21e0f0344dfca8,0.11226335752831013
7e0194535136acfe,0.057433674128158835
cc859709caaa52f9,0.03196977658814115
56e7153dc35c0573,0.03773967119016703
c76e1ab42940cee5,0.1172828677680816
2ed46ca4b8d10516,0.08341081977997232
ae2f86a0a6c3b696,0.0681497817700654
a05d11d463a21a32,0.04812219589713192
89e7dc0647f4db8e,0.1650410722401657
80934ce845013628,0.0766308116660727
f66422247e89d830,0.09848699779313708
b0a301739cfa2228,0.03767738382016318
42b93c5a8b628ba5,0.061249521312145956
f74f1673a45ce9b3,0.08933929132092594
2b76aa4b82e23768,0.06409416259676921
0d6190a27ee0d6ad,0.15794797343496111
7492fbffda1eb950,0.06140187265685193
35355c2d5692cdbb,0.15892373492481635
de976dafed9c0fc3,0.09940970813024985
e2601be919261723,0.026915859066868497
f56a91dde5defb60,0.06283849624454897
1a9c207021895aad,0.14459972756507936
86ec8e715d2efa2f,0.09263644432559559
7762b73652848f92,0.07906421006268419
ccd34b74bb18d71e,0.12180982428069484
eb6c259855aee52d,0.10575018615570146
7bfe956eabaf5f10,0.06311469241815403
38c6063d22fa4f9e,0.14748485989883683
46b7352aa3c8a1ba,0.11528278646171694
049fa3f6cc3a62a7,0.22574849078112338
5f77b44deef47d28,0.033990404555651485
27462f3d6cf43575,0.06483815900358005
ca854373b937b419,0.12535485338640193
1f6eb5f2da254111,0.13698124563953637
9262bb44aa7937b7,0.07661713586180735
d81678051b65ebc4,0.10181067268537183
0edc1ad07f4aa86e,0.17151028863949974
a8e836b90034f123,0.042214966871701926
c729d0e49b2411cc,0.47669119973027324
db925a43365c86f3,0.08531903514913869
1cda28c15e8e4170,0.1445802960909766
ef5a97a20c5118bb,0.19186344823462528
4b990b98ec734989,0.14409779994438118
a96f328dda3bc98f,0.09885119603022985
b467b21cee5c9a57,0.035432882247882935
8c1694e84b06dad7,0.0491232421563566
7b038881fb7ec965,0.08902351646477376
60e46ceca8ca6531,0.04889593254401338
be2e51dc6bf61727,0.14513119829215085
f1063bee63d2cbd4,0.06050020919546936
1a3d53e660017625,0.07710590371195546
6db1dc15ad1e28e3,0.15493875596376616
34f0bfc533c2a23c,0.08148479192735092
76e738496305310c,0.07423163280664231
a76e95f0a09b03d4,0.02772051711746195
6a0d13d3e413c0e5,0.032247340823656455
e002702b095c4d9b,0.06109408164012107
435eb85f778a69f5,0.04109857938544622
5584a339491f1a03,0.09987178623675858
9a06cac14b623965,0.09174373371668477
b199a982f9480beb,0.2263751318924759
e32add368c6de44a,0.053301770486216725
34824decbc66688c,0.06934168650344508
070711d7fd9b7ea3,0.10799178714429541
a1656b509ebf749c,0.2806534751456779
ee96df140d42129a,0.3727774472796095
09fb51e0fded24ab,0.08750141579103557
77e04872ab10bf20,0.12189969937830225
6b34ce0940c8c237,0.1367265038701094
8b94f16483f351e9,0.11970357379110103
a7d4f13860590306,0.027844928522701307
66537bdf81c41f46,0.18123446158361167
3014fd36c07b8950,0.10883499408031042
789380ce86c031af,0.18067002896055828
dbaee9defc780591,0.10234158635105839
bad0375f198257db,0.040389483493367996
a7b766569c6f66fe,0.060651584026634724
efd3fc92b86b90cb,0.08096490717609121
3ca6e7825d948c12,0.10890771230287227
5c73fed8f1d584c0,0.05588032966302932
cb7f45c4ee30e84d,0.1146309032544082
aac70ac68209f1cb,0.1336658148333723
fb253a15132c7c36,0.10011130242741721
4f1ad3d1864799f9,0.17682772518751644
06cc890b7c3abdd8,0.03211314247890172
48f5b50b05af6685,0.0348841786481963
8abc163b25fe8f16,0.03000425804558345
5220ee550d303425,0.14350717912652244
8f7e85307eb35706,0.09164510698179901
dec525eaa4588cc8,0.1366828367797455
8a7aa7c3acead22b,0.09121810230582478
0618f0627df67711,0.12237840155947333
5d9929a965640bc0,0.07654024944559842
b45f8124eea44b5f,0.026561270453548818
32e371f83b148fb6,0.16845444526690723
83b9c322c9febec6,0.0862813084000529
8bb4d82df107f45e,0.09105431119379502
cc28d0d6ace393b0,0.07355778650119997
29c17f03906ad1f0,0.0633878173417673
b10cf30c243ed8c4,0.18425388706421508
85c180d755530692,0.03884246045569694
e9478d4c11f48523,0.024560248205814636
329d63bfe65d67f5,0.047720598928233125
4e7c7fbcb6fde9af,0.029394611239935954
1f2d4ca7586d9ef4,0.038864860206291985
04ff2418e503eb55,0.11002489520738538
5807d02f74d22963,0.12462392568055967
23aa15ff2408a5ed,0.03765747669187277
5c3fe62807fba6c3,0.038072861134123566
c97a3c1357c537a3,0.13142537886427264
bde91246f16123d6,0.02913570135244606
dfcf3493677dd9ae,0.024614257075391954
4a0cb390212d6320,0.12785856745985857
dd48f98a0e7c2640,0.06797147374411334
21669e26853a5beb,0.1150054845865429
c4c279dadffc28bf,0.12759003002221747
27f99b00db0702b4,0.03566769416044473
823a471435809e0c,0.16040437598469678
36d9872df73f0208,0.10492156320380079
69b691bd3b11f565,0.07559951750297618
051aab7c376493bc,0.02290107977683455
897a042cdd939f4a,0.23684661943671315
16e574aceb37758f,0.16484436293190108
7acdad670c7e177e,0.10704426907870616
af7211a4b66028fa,0.038632827524911026
3b768875237c8195,0.12272910800844367
a9e4e55b286f1971,0.1153982068149014
1e42f2e9ad67815d,0.0625806656042565
0d527f8f008f8efe,0.02453838022917472
4c2ccade1925c5d7,0.08588715925081791
b3a98dacc0702405,0.05028989825949839
9b8e0f7bf05d953d,0.02612345265549543
7968527b42656286,0.0486076257725489
caf14438584b43fa,0.030321725225698103
31e140000e0bf36b,0.06491570303386329
336acc52a893cf2f,0.06538855310384713
bce6e39fc4407c93,0.036669029144339116
d5e58bdbf23f01f5,0.03994991255442388
1ff7a8ec347ef2c7,0.0466584577252798
ce432d29b214887d,0.039906076959725006
44e820df9233e162,0.10386133389942812
fd036d6641276c78,0.06149960188827335
45c36909115a7b3d,0.13487828392347873
0c18ad3d4c7f25b8,0.12822622882020934
4502d8fecdca43ef,0.10172290731203122
9bf5cf3ace55851d,0.06275966179303259
0e04a1cc15af0b5c,0.02693980102334742
86bc772734133e12,0.11803207935806326
76fda8694024d3e9,0.1048094107754643
d244839566b6672e,0.07947769682258649
e165495e76c8691b,0.06613177056750258
18e8d9f4f0ed1ffc,0.04536565095819347
c198ddc9a1a0f0a3,0.0275261575508887
4f15b2cd5370863e,0.06533913169253573
5b71a33a75b4b41a,0.2682166453276939
85211a41d91dfa68,0.09437707620595784
31c3ad8e554acb99,0.06662989099650637
f05e3b467a207ea7,0.021040372723550717
20eea1cacbacd917,0.13045879218994727
338ac2331272bb7c,0.08908678050445791
e6740f272d44da83,0.1537474770565721
9368ba44560c50d9,0.08872559311197531
18e4039723086124,0.09274470388771557
c935d65cb1c5cfc1,0.04583611853947217
dd819f141dcc8319,0.030980592983880523
90488975d041fada,0.083476177667733
a5aa463adede1f1b,0.10617345674281248
872ac9ef6cc6a618,0.038623169244919625
ae4040a11f651b1b,0.0820834136335686
468c82067304eb0a,0.12698292718472326
cb460a2bc70974da,0.03759428347469869
366ae30bce6f5b98,0.051339341626251804
7638518d282a3163,0.17266544665954536
633878cd7103f469,0.07359401856041012
73b8cda0da8e3c6c,0.08278718433044516
b24a01610939d7fc,0.030874226684124827
99024e3163df7833,0.14615718089121868
f67fd1bdae4a88b9,0.08795466371744516
bed6a87757540498,0.08149797677060118
97afe9a3ddc497f7,0.04561095359716688
dd9f348a3e019188,0.09229015383538441
34946df4f3dcb0b6,0.16285546676747809
9444819c9eb0c9d9,0.17008190769697837
fb4483e1ad010ba7,0.025460332450714506
00c68b30c299654d,0.10478278205229241
72515cd3d8b3aa9a,0.12779694615610504
908510f96be347b0,0.14150097937682884
99a21c81b1b48573,0.087631322121757
22f68a423b09a5d9,0.02990215466065073
e7f04cb37080c9fa,0.019340558005610377
dc02fa202a12aa6d,0.04836818735833915
10d0b7f586529eff,0.024126542931965474
ffd7b011eb85f998,0.1055317002015192
e621dd32e1b264df,0.04132088389618349
4af1a1f24964fe8a,0.04720281112697486
811ce0830dbadcca,0.030382636363110296
19f0e848aacfeb93,0.10393677841441566
8d3f02ada61029a5,0.14609460503096786
1e2a07a17f935db5,0.02836786148975259
32328db851b10b18,0.05339124439127083
9ee145457cc792ea,0.20192967089964783
ad8df560233793e0,0.03695931852165931
d22762aa0ca69d56,0.08756733639080751
f8355291593dca46,0.19470018001853892
0c612654e51e01fc,0.03043472616479037
ae7e23426e25bea2,0.032300564504515
e009b5beb1619a81,0.1349169757101944
520faa13a8c7065c,0.14927991073761765
b5f1a39aded71e0d,0.026050710965186453
de6cb6bc5b8d1640,0.1027321454657904
d51fb6ba7bb6913b,0.16538024757287137
a1375923af03ec27,0.11761641402544044
8c4b7d8e2bf037d3,0.07901280428120247
681405cfbc0dd97d,0.0604777774871891
992164c7365bc333,0.14373428104206148
4814a10f30ed6822,0.08371168785574239
f125562b955f34ac,0.06507555766513397
8665c174c23e0232,0.0596032825406987
c03010cc5ef028ec,0.2080610075707384
d2cbd396091301dd,0.045553583836399146
c5b700f429ada2a9,0.04907745837064816
07d97ad7c5757563,0.03511223172010397
abe88bd25b74cec2,0.22750998869849948
b5242ec51fa10803,0.05225819601213358
504c204a4b07adc1,0.0358153512537689
eb3e885ca8381431,0.07075693383883357
88019e77a7570235,0.1762733632421529
4f5b5ab494b7fa3c,0.09536537086663129
ff857c8685376696,0.13050961167871933
c97ffff5899cdd5b,0.2181289411941675
06d8545946fb794f,0.1428879554382775
86a18a847664c8db,0.0925751185806889
236b7caf60e83702,0.04380710312590477
b7362d1c5e6ea485,0.07250364203631526
75a194abbc3951a6,0.14195116522145174
0739352b03f43601,0.07663663859339419
d5fb0ad6dfbebd36,0.037973956058381754
ab3267950cbf32e4,0.12671634042618363
061b96409f1ecea5,0.04553459611269498
77507cbfe35570ee,0.03222944952574293
a36af5b550eaa873,0.07280079330187834
9ea7c406af2ba7ab,0.12467658639345426
f67f1e53508bf00a,0.2017585120538281
c1e4dc287c41d581,0.03862966316472552
a53a53e86b02f37d,0.0476445914133774
608291782c527827,0.07233480801008953
d0ad07399c84455b,0.08383977846110259
fc8986567718f61a,0.1908020744570149
5dc1fc6a5d643435,0.10972711358643039
5c05741c61417dc3,0.06000498033390426
d702bbe78e1fa189,0.029313625731275873
e781540ac8518204,0.04433987574730577
7dfe0b8686f2f32d,0.10912771150956137
150a93d31aae72a3,0.05383601000549749
6eef12e9a09066d4,0.1839924056480054
636152d21bd16667,0.14034999353368502
c7f6af439da950c2,0.035788843655805924
27acdee466fcf485,0.6082746802734885
a8804fe9eee0fa90,0.030068477420229608
6192ee4938021f38,0.1689199703014698
fc02f9550afeac41,0.024578378897446084
7c9ba87d30178a3e,0.1850002037944803
a17444b2e1cdd78a,0.11206277810341893
83df6fde56cebe4a,0.055399040669890556
b35110acb0de3b77,0.1434589366375726
9fc1dd40acc8bff1,0.12819600103678316
0c521eb5fabcd49d,0.05922603678398081
e081802079fcf55a,0.14797578803865818
12aedbe868f79776,0.023183264747228944
be8a2586f0738799,0.13148276276859555
077d63174223dbbb,0.04555291839350491
bf95a5f9268fccfc,0.030012354182404565
51ac7bebc69eaad3,0.13040235246037293
823b8b0cbed56665,0.09355807364729629
7b06037a7dc44eab,0.32131401730601905
c3468f13ce305a3e,0.20591012886583035
82906bbb278815e9,0.030776117559679666
26d93d94ea19b1b9,0.07507526650892554
d59469ecf7c3bb29,0.07058677294786692
7db5fdf7d9e7b81b,0.09435572499520248
251dd43cde3297db,0.08544306653803081
cb1945985d64f4de,0.048511244973183716
4eeb92e907af170f,0.08764767218258088
feb8fa429dd67ef4,0.10025486501069399
4de67c2419537ea6,0.03537060279558434
538e4f56402af36b,0.14789444172491567
a4cf878441380a52,0.12426235795762397
96be7b3de04ff62a,0.11300650424731318
39c3d3887c8c1a94,0.036951676554694626
1921999c1eb2c5c0,0.08999616127066691
d57e9b30000ad4ad,0.1131584665711137
7c4dea060b3cac3b,0.14641624884705945
b72576d562bd56cf,0.1485985457029788
e1b21c89aa287e10,0.051010078094443634
ea91d426f07b035a,0.06720849901844853
e3fe0ea3b0e68165,0.05426275591268604
733a4e55740edd52,0.15597048894665907
e3ec47884acfc533,0.24371165963752306
8b4fc284f4d71fb3,0.128071691157104
ecc8c2db5ddf594a,0.027111416408022858
6a2e9bd8a0f89c66,0.10740742140758383
330cb959caca2412,0.16829201544138028
d9ec4fb651c85ebe,0.05214443798993563
059f9fe46af8bf1c,0.05771294768497034
3a4738e51c5cab59,0.08613711201968341
2defc05f8aab4fc1,0.18078666849619143
5eff676251527676,0.024854202310190393
fbe244ca19447d90,0.10243805222461114
6a795f7ddcc9922b,0.03470753660155332
31e47d59215b37f6,0.06442003282078053
dc507cec24e10ba0,0.14175793782487003
a6bb01f0933df044,0.032217294436513694
8d856f853ce1deca,0.06545753649230034
6da96325a4517519,0.09118677249257101
1154f92cf57d2532,0.026965876435850966
f6f5511b39bec2b4,0.029717628682856566
52b72c128d8d91b3,0.11562061100648342
75e7fc7c7ea0f472,0.09523934325440435
197817ba33606b5a,0.08636308305594254
c1951ebb86cb1446,0.15158284993653126
c4c41b18d788438d,0.12908735087892628
aa26bb9dcc890fe2,0.1270598418926331
c2c4703ee4c876c6,0.16090723290185494
4c5d7e0beffa310b,0.03403226548069866
83c908bdb66cb2b3,0.11156064549098241
f5402da16c14957e,0.060068429176210435
2ab80ba80d56a41d,0.11293912369614231
1c6b71fcf804ee07,0.11893174433380144
2f3e4501cfcf6dfb,0.1095493863389012
e6dae542e381015e,0.039269417526219284
eec4124d10360067,0.0360860381926084
9105a2588a4a2770,0.10486700706320869
130f75788d8a46aa,0.0445267785162195
8835b5e539659c18,0.10646283969579767
d219e6e0ab855f68,0.1012210370048337
0723230fe86de14f,0.08654933706959038
e81853b0b0f8c271,0.04449599862345563
979af46a1f611253,0.11177278426550881
945f78f066a99193,0.09692959709008456
9fd22540f39891b0,0.03497686651277555
2631c1e94bf99eb0,0.14961826909907144
41d6c34577272404,0.048252286672791515
13285c2b73770aa9,0.06536426389454297
1d2b2b68357f4992,0.04560986685467362
5e3172665089f4f1,0.15962294543655026
9f7be9231e3552f7,0.12852315510176152
6e458ab88b4204e1,0.03558039886573726
10739a7eee3e87cc,0.05362718995246557
a326839f328dce7e,0.219455509043079
2e706184335e4bfb,0.180777349610118
e10da35ed5233e23,0.02854772545230927
85df2a159bcafca0,0.11546180578210592
7e459f89aae58555,0.05857510663332383
c5733fd52fad180c,0.07900537143432093
d78be06de4424dc7,0.024962566769910266
af782e55eeec3b26,0.1767855756051825
a5428b7d3e5eb0a2,0.053006876720197264
8d920a6bdb004f92,0.21132815343770195
f4be0e405024df8e,0.1596847976968187
d5059f8f88290d5d,0.0931206676251749
e368d0170d51ce4b,0.04764908719372071
d8ddb30bad626df3,0.04990495438738152
d1e892e5a070ad3b,0.04652129283680867
8a30b24e45c8dd56,0.08428788708132949
7616820e7f2f060c,0.027919408191637185
35bf1de33ef37b4e,0.17176430923162297
7fc73341974a9c57,0.1614140036141658
9f5bd41b72cee0ab,0.04756713356951533
44e5daba8a615664,0.12138816539692893
6a29aa78116608ee,0.12023620200309115
74c36fa527d5e914,0.04517211488144255
65e5065a97a00477,0.07841506906253021
2bb9d6b7e64b8108,0.02845698002266937
297129de9133a71a,0.035731382250602683
e6233ca37ff20ae1,0.10765849047912723
e6c230b1db202085,0.1499852091540705
042447db024700a4,0.034994541768964514
5347f880cf1bb93b,0.07035201598202011
f7f2f5d41652f6cc,0.026379874957551137
71ccebe269774017,0.02649538494058674
5d89474915222841,0.04483530980192779
583b0f485ee37a28,0.040053813902942034
cc5a91f4a1b878cf,0.29817173826652504
636604af09feb6f9,0.029164122513819436
9149bfd2414e1f06,0.09340744134319878
69c71a71af3a6a93,0.05430869860084225
5cab1ef744ae1f07,0.08988007563181293
2c01a13c5bd11b48,0.10696276961392437
3dd5148c39f554e1,0.0659936346642091
e55b6c8712632bca,0.06321100127728255
1e70f997f11d309b,0.06472587592367207
0b5140a69c454fd2,0.04048513504346143
bf3433f1790ded45,0.11772727290109745
848bb9f5e15ea664,0.061549593684415295
ddec6d5fb5e1d8e6,0.13808145551336864
483be22ba816efd7,0.04947844722886158
c5e5341d9853e204,0.06022269022485863
21afeb4d02745cb0,0.04439925240470821
214573582fdadc69,0.0575812130749849
1584cb670481cd0c,0.13876862638842005
a5b74fec60dff97f,0.21780956182812714
500761048fa68af7,0.08665964000306194
17911ade8f9db4a9,0.10207793330419208
0d5e4ec73265e718,0.12903901583482089
9a23b511d19c5b74,0.08215530950190504
b0a68b6e9b5aa0fc,0.10058790484682174
f2408ea825dab651,0.0763029186330905
c46a0253ce15db70,0.10130696050747534
280ee758ffb1d1f5,0.08328952902471878
f120c6f37766ad60,0.045289818562784336
f0bd6e897436f50f,0.07644298788362469
d9838a74cd5c15d2,0.02230285342438827
ef4f4beebb23098c,0.11939180393561381
81e1191f9eeac89d,0.09227936762570968
38a4b85540a1d008,0.0387521975201546
583c98e432bf450e,0.07799428378846997
9319566dff410e11,0.10203891127340675
967a61a65ca3958f,0.029096596278744852
78d063e4b7ce7f7e,0.05510878422757868
d2f8e62df2e4ba25,0.11799298951559492
810d2f780629077a,0.15841336373809708
3515d882b6639805,0.0954080451081664
11e50493155c9e73,0.25108187093873896
4ed708372af004b4,0.1740420121821743
c4e45da34ddf3b44,0.11495381754214552
c8a93dd49c2a92bb,0.17600004869523847
0db19fe44a9a780e,0.02541982570673142
2b3538d47f1c15b4,0.037420580612448164
c3310c72d9734462,0.06479052149284292
14085746773f19af,0.034308198737196836
556db80d967a1693,0.08140236848931003
43fc5ae409f4f500,0.22839929771730877
081a87f22c3b38c2,0.10939009292097047
d375cbc133ed4f4e,0.11661761729728108
5ad546feb694ad21,0.07618625278994817
4f93720827de0ed1,0.07197097830646337
3aa17624d6ff3bda,0.02711385977370639
9242e8dc12c52248,0.09956897085181604
6842dfe6284804e1,0.20926934111690407
0d73a6a834744d44,0.06620989065144786
0830204cd861c6bf,0.034852256071026225
66161f0924e78225,0.12197798839391688
496464a4d50db8c5,0.11094720527682489
06324bbe66728955,0.14788264207349497
14f78d4e391911eb,0.028494970533549196
2b82c80f72759096,0.04546101565156183
098ac1d81b9e8c1e,0.1361938253926173
1b76ea6cbf734ce4,0.025747782607271938
0500bc92e5b55537,0.038737572485564635
ac5aed573f280b25,0.05581829981837468
ea03975f1d5baea3,0.05737429885304155
88b17a552fbab232,0.09926002791351174
b8de7af9fcdbf382,0.14740876470761294
1200abef5b424cb7,0.026961700810061953
31b60e9d8cfa862c,0.029465064430836723
893db3bdf6bcd36a,0.12077982303343686
ceb6b035da1d3d7a,0.1069588259746543
4ec436f2d7284b90,0.05244254776759625
8aed9038981199a5,0.054811223312857454
0004c2d09b2a5399,0.09588562983425471
5205db0c297b51cf,0.08741808267063718
fa00a8d5645e29e8,0.03723055047323665
e059a125b2f75271,0.14710987284233346
0a245e9039a475ae,0.07429789375686294
f6dd2588e26ea334,0.11469620968453985
973b401c5b3a29bc,0.07503539048872077
3c3d0acff02d8d77,0.10469932829479496
29614e0f15db6e61,0.09502411803631002
59556138531e1193,0.0523340399097596
6864e194fe467f06,0.07617443566117525
92d1a78a0805f085,0.09850873150497834
673c83d5875338f6,0.14506449736949742
97b9da49283296e1,0.03672236470483386
8e266443d27cb222,0.06756560521110497
01740ec6cd7d3fe6,0.13508127511280432
bf22ef3c96b1cf8c,0.04052315407450134
eceff6a46e6bb846,0.06061670121953827
595cd3775c548381,0.04486949735199828
dc88015ad74c395c,0.04681575061101375
1d829ac1fba966c2,0.042779215822646176
7af5a547c0ff87df,0.038546603346752736
42082090188c20fe,0.18315594327496604
f7c6df36a4354bbd,0.05196514160794152
fa583dbce17dca3f,0.11046003785608687
31b430017b021b90,0.16240523165715673
7efc9cb13b2def86,0.17948815076960498
d06fda4e5bcfc129,0.25222170386612996
72cb2bb85767bcac,0.17348286190415296
50f1226e03b9f878,0.0475645575521712
24eed0e6d7789047,0.08056923599606686
d026da38fc55bfdd,0.04990460691356385
47c591c2bae2052d,0.10247006216692464
92966f857e0e8aaf,0.05255505437414623
56b22e07fb9e4c9f,0.3211053808179017
95e7a0024d29a8e8,0.15037037071260195
77413f2ce0fc0b0d,0.06624521749006598
169ad5f354082bda,0.06590925891352785
cb6a3ddb00bb4caf,0.1659572008128459
c1351ef23bdee19f,0.057320694917799335
23e0eeea647bf809,0.09484573458410275
52cb9f8084c2979d,0.1145058592387786
7f071403034451bd,0.2111892974838312
64c6b8a675d8d210,0.07717028400922912
25bcfd9c6c4bc119,0.0966518250644561
68234d071437f6c1,0.03131462464610496
cdba54b09ad0a5e0,0.034758107100440756
8b2a453d25a9793d,0.30799856441581686
379b3cf15b5cd618,0.03074345602942329
04f8b3d8fbcd3c09,0.03815938531386771
8db2aa7a87a0b0b0,0.11238083033436812
09904cf5297e4c52,0.13772115470203672
e5d6021439d46003,0.13091294313854288
87a2e4212129d19c,0.1594726825877029
e218c57596992271,0.07601791538384038
18b98da5b42722da,0.08789666869359396
449920a89db3ac7d,0.21126944114456955
9ce041cdc0639315,0.11716984770770762
722f357fdbd5c880,0.08533987268298719
d468cd43dc6a08bd,0.2527311800735122
9700c7a3ef819ef3,0.15943496495590034
b7f1d881f8c72980,0.033427844370036604
b23236c476c94144,0.2635142046858071
18dd1046074e1b37,0.098176183922606
55f227029ee88bf8,0.04558447459001753
5e3b8e365345db58,0.04394342630101269
d97a5d6269148ed6,0.06272727341696861
ec6dfb974b3c0b88,0.15308679729117566
7ff4153e9bc66bd5,0.15300166399540582
70ade30377aa52d0,0.12432159341644006
e81c74c9a5e64310,0.19451879452651258
27609b892f19ce38,0.044401486765314316
665fe4d9e267c32d,0.14960792020915342
e4efa861a25c36f2,0.13772529862031732
707cf306deb0ca20,0.05352312631591063
53a0fc682407a107,0.08585074245649944
4bd91ec011ba7743,0.028015092435515244
3b7c880189ffdf65,0.11094803472865111
c5f1834657b1d9a8,0.0969703508673887
60a043d7036ea402,0.04408193985299962
d69dc65f9a8e3647,0.11028221719432955
c3978282c1335961,0.1241676843261676
248bcc5d97740cb9,0.07199770489898479
ba074101d0551828,0.07307257341110746
f22fd6cc76b9eb99,0.02927152378398119
cad3b5acbccd1a75,0.033053435076824726
4e3d749c5d0d8b99,0.11075662231704775
1024028ec93908ac,0.3379472697298505
db5f96700f81e32e,0.14508802342978724
d00456f5c537affe,0.04246021901751675
ae6c9a4ac1923d77,0.04024347245735067
5c4ef0457f9b795e,0.08658950365729663
a36087b510ed1bbe,0.18858503204870042
9700dc3668cb0d40,0.028271423715715203
e404394c28efb780,0.08353322396812327
0720a1b755cf55ed,0.15702082661980213
035439e10d353f33,0.07105306119474215
53421be12c0c7d0a,0.1247924016977712
c76422f9c7f1c224,0.022955556161333098
ca75e192477ae30e,0.052301018595814514
480e9e2f5f6eac7f,0.0906380187311585
b1b0c9414a07e81e,0.02742333514999551
e09f31da0edae6b7,0.06124525477842451
9386dbd09f1eea31,0.050524856101840564
4027ad13f744ab47,0.16581203084774834
dd57f9a9617410f2,0.1337383412653539
53816ae08db4500d,0.06985441308092347
d39479f04b318c0d,0.12148565536531135
5223cd189c2850d3,0.04864519847741779
8c0a9ec776187a0a,0.029174091706060532
387c460bf9c82eed,0.0975520776691381
1fd31e1faa118ee6,0.03315987949616813
49fba05cb591b00c,0.03506345240600807
bd80ada68eebd0b9,0.05919597045806213
0e3f686f072a8a0c,0.06398842939237712
84925d826d461c4d,0.12781259614349452
a7badd0bb8ead7cc,0.08223630384036719
e2c838fd32fbb729,0.06312372445514966
3a6cf220f53b4cb4,0.10768249655252617
9dacb79ad9fcf34d,0.07006322136175942
92aa4c1f7f258a86,0.1453170956626439
c85e22a117db207d,0.0313022571159137
c5acfefdb9e64f54,0.046743134663463116
26015640e05a3378,0.06898391730419753
834b3501453f5c5c,0.09944448096212406
42af151534cbcca4,0.05523914971829921
6342222ab4bd07c5,0.15591659571905336
cec95d0eb86b553d,0.1166942136535104
b4129a57f4c5c1ca,0.08148114240391259
8b51d76d9c838743,0.08848967609083558
36d6124fdfb6b5fe,0.0677532957955591
2212f9196bf749b0,0.20055475230319672
fe9345df75362fb9,0.10922180558381822
75774ccf0b19e8bd,0.02958832062990834
026c096720d1702d,0.12330879455024384
6aca91fcef83cdf6,0.08412748250841101
8fc4c42ef85eb9e6,0.20686458920418813
1b64496c26985a3d,0.03158153459610591
591d0017ec185df0,0.08754142391581363
028968c773b11f62,0.10462038630035282
3a09eb47d1ba4acc,0.025714812493201678
000019235d24a363,0.07438812668857404
ac5122e50d1ce8c3,0.093008964784371
7d4feba02220abf7,0.03332607693153074
e59a3b16b4a6d416,0.16293871232958018
84a820be4f12f7cf,0.032108434807838725
2f535756a73607c7,0.26956488466390727
fe5a15197d453416,0.0222194462337918
dfe7a446a8aeb1c9,0.026166379251507024
0ba28eeeb91393c6,0.08379475751533023
6cbf1767b759c6cd,0.096538974271996
a6e42b03d097a184,0.10091581608102479
da6efa9d56a293d8,0.10953798484611992
20eb958ac40ae3ec,0.03571894307358629
861472b884b8b80b,0.17329610097886344
83313fb5d3e30121,0.0440764433290566
75c00015b88462e9,0.2847707403210881
abad9a6070f32056,0.08799505339098329
dbb0ac574180786c,0.12434676059221045
1ff23956ddb48080,0.20078561494426198
1030748990c873e0,0.10063542900992196
3b392b51ebbe98a8,0.22975527329641518
9bd3ce96b5220545,0.03738515743810659
e80afbedc991fe85,0.18785240999087968
b892e30bd65f1cf7,0.027064638518029902
45be6aeb64cd6e75,0.06544573488263647
10b2dab220d2112a,0.14370159018149278
397e2c46ae990a0c,0.04753209390363905
19d3b02c14e869e0,0.039048704232820516
cd4dc389be000277,0.18285642024136725
fddeaaa21cf9f333,0.05518340780754605
c73cf810b1eec5b7,0.029499350854166283
2d89c6930c494b36,0.10483743944245537
731c1ccc4e036603,0.035279218062304336
a9448f44773fe67d,0.09214697609173184
89d7d09573e87744,0.16606431113421677
09a1c2b53c31bc10,0.1266453041857172
6c6319f9764e8514,0.3657236182521058
f56bb1ad09aacd4d,0.13096717847100497
a49d99323a265849,0.033454439971465556
3ee9be6434e0e715,0.09836707872722183
875debef7413e1cb,0.11646068024607381
a2d775ceeadd24c4,0.1618865292942289
18c8aaea7c834671,0.26076238396766066
df0c46251bada9cd,0.1232778610717956
aab9add2fbc56aa9,0.031954279391125905
a6fc3e9da5c8e555,0.05696740838617794
f637661db81b90bf,0.32595858051127746
33f67c649066e956,0.05270047242335369
86c73cb2d30683cb,0.1009167077422132
b5c00f8557fcf692,0.07657968634678558
a2c9a8f18d345227,0.1700207294299645
5ec5cdcb7ea71186,0.07095129617831582
0f3e463f9177f7f5,0.10277934352400525
4e7f08dff5d4d708,0.08215518394248723
3bf84009bb5fc3d5,0.17006007797613953
51395fde52e82c96,0.13684310913126296
11111626d4279259,0.0654840412373127
ae179d72addf4dc6,0.03527228352491065
e88ef89c0abd640c,0.03643394624709448
c514af589b1c5c49,0.041625223084301576
ff07eef5fb056c81,0.153303091674035
96fcc4e5d6f59237,0.34082373974305513
28c21a0768568fe3,0.13355525393991532
73627db8491905c4,0.05709437586852128
99467bd1e0347c4f,0.022092059345926448
f68ba1afefa7c356,0.17644040490105078
f2dc825ecdbac412,0.047702208732304775
4aba146c1a03941e,0.031129043483810275
80d5d6de30bce75a,0.08430767234832341
07139bc3c4fbcf8e,0.1281031277496285
e20fe10aec859d4a,0.22443042972943048
7ede37b476b9198b,0.10407282616536437
13f259dd7b600fe1,0.07285985540040658
351f432cde665f41,0.034227884812800306
a0721905432fac03,0.25634724349415
c64298a4451fa34e,0.08857670911707279
4498869b991b879d,0.12854117971293708
17636075cadd05b7,0.080955662079702
f1a1bbb6f878a877,0.07329036835525411
0eb6903ad4fa3f90,0.07586816990613451
3188bea8d6f5b35b,0.13635637811743592
c4c409536eb6c51a,0.03149411392370672
d280dab3667294dd,0.09865457341824257
52c6f5f136513403,0.07079852760019177
5090d67fa1877997,0.06009310695310561
16b61b14def64393,0.10169840467445201
baafe2fb18314839,0.021328497335916862
4dd870bba94a4e61,0.062332802286128995
09dc62cfe943169d,0.034500945763919016
c479d440fcf7aa16,0.12616517888309473
8afc03aa50ceaa11,0.12264741640008514
edde45a77638faf8,0.020890339597181163
6d7692d9c32c3019,0.06670784414263951
5732b6767099399b,0.0569712875083942
17d91b5e97f3116f,0.040570427861131686
0d8f39533be9f182,0.11854011766973649
fde5949373183adb,0.17976786704001377
958e0e17661293ac,0.17302337754804778
c5216e7c4a482059,0.041120197526557246
903c649790deba31,0.03450571285028491
4a0069fc3386e06c,0.09770995506061941
a8ed067c70e68299,0.17961215130746713
2739c45027efcd82,0.10261691967290809
9cebb6633780881d,0.22982831587009223
61795ee62a8075d9,0.035075234322482725
58f2b934b0d49345,0.1245457752045436
dae79d85843b121b,0.018542403340818744
2a1568df2de08c44,0.10376749899692829
ee4fd2a6e3a78dff,0.06262089034990291
b757cce25b9c26a4,0.036838837432013084
66ff45cad74a6679,0.053918892381097205
b0017bdcd541c6d4,0.049158886295176674
a3f277c9b5c91e67,0.05008691365178397
a5cf1cd034f1cbe7,0.20558503352951263
68c1e518bbf4e77b,0.05646201866891388
39bc60ddd2106538,0.08115713855505921
6efa72d0df99c34d,0.1318540642276724
ba7209f117ae9238,0.1325494564036229
7c5bee138819f339,0.11046480996386243
0a18482d62e5cb36,0.08225962259499191
8e35efabb244500d,0.04155980706623904
43a9275d59ca040c,0.12029816418888369
481df5704a84657c,0.03176431692887437
4d8d82c65a5b6227,0.03404334612089888
f93eec03effd7d38,0.396750474940015
3ffdcb2a25a0754d,0.10063885066019033
95109279ae9a6a9e,0.12142849076291258
d6ee9c0efd68efce,0.08906226641996802
74c4894e7bd0708d,0.1316986396159181
d33fec8f45769c79,0.10157205753034464
8fa4532d6a6caae1,0.026707859041047513
3dff5467e3be88a2,0.13559298404195752
fc6d9a8363c4609c,0.028406552785879103
c9cec12908a9bfc4,0.04920031667728012
a971fe519809a939,0.03657590208723754
5ef5d379d20d65e1,0.07000927819863693
e3fb799669853199,0.10311128564300794
6f8c415e8466353c,0.06982552977594447
6a84824f0fe20d4b,0.05175332887680526
8cfc43e4b7c26f14,0.05269613869514441
de7c6a12dea21dcb,0.10788784424953513
d478e64abc5e2623,0.10838477339907138
437101bfe8957347,0.07127486251589298
6e285e3b9740ddd7,0.10243503663900085
c3ad227a535c2fe2,0.18323545477009545
8f43b3a85065f086,0.161295076216432
90aa3a900822f96a,0.09468868537788461
c9000a6868faa0ce,0.18107430115388642
32a000ae2024ab05,0.031089250513494326
c4605d1a5e5e5f5a,0.127135557930043
892acb659d8cf3f0,0.05780979116762275
c69855f3bb4ca032,0.020783346265171778
edf73aedf6b35217,0.07409736963060211
8877ec8e52d1ecc5,0.043447094342040006
fa3630178cfa8ffa,0.029258287584762042
9f5f7129d1af2116,0.12632738634326726
5e7e17e9ef20547d,0.13195097717956303
a0bb691eee0adcbc,0.03481958283596223
47aa950ec1d03709,0.05394270218675775
89b3fd466c092666,0.030528000987479445
f58ae0404d156690,0.028823258270874275
766c4ba6be3c0785,0.11378748315992296
eb2e4b71d64f3173,0.18707602722697905
4912ee4332177555,0.13229090217723144
2bef19c70fa1eb95,0.0555965503131691
c6686c6fb6297feb,0.1975212714428601
67508ac580fa166b,0.12923491762576508
ff311f69cd822985,0.058676111834310846
bfff1dc879c76509,0.112192234939424
3d1fb3f5ce631cd6,0.168051198446608
cc268338bd6cf9ca,0.14391366705950295
d5798960a3e8183a,0.08120178445296188
11d573b74ae9ba82,0.10705054468301431
8c8705f908dede75,0.19991768322012043
ed2bfbed36ac2b84,0.12378052185830259
89361517fc2f10d5,0.1750294477887739
1626bf6a9e33402d,0.1429046841568708
549de17e617d4cb1,0.02250570685100271
241acccc8c4c5c98,0.1371921812035295
ea3cd2074cfdd18b,0.021714072971696825
3482477cef332442,0.1227614315784617
4f0e6d903964496b,0.0425942806887347
55f5ac50a1704cc5,0.10194351391794254
2754a911af5ae6ac,0.03938624956231759
f2e293367584282c,0.21966655392045223
2efb3cb92bcc9b98,0.025495322832936845
5896699316dc3ab8,0.05929914534051545
2d0483ceb9c643bb,0.10730439074583843
efc8974e6723a58f,0.08042897860764592
a6a0006f726c94b1,0.10291455642877452
6f5c59612f3c92fc,0.5337688606810947
c78209036cd357a4,0.22893826366284956
db9a3030e417457d,0.038515099781456084
99988b482a1d195f,0.13444033764581415
52e13ab6586efd97,0.1731941194636426
3e8fbcc54eca7fca,0.05579724196425959
5bd1113a10668c30,0.06508151191792769
4bef48512ade85b6,0.033481200680494975
2882464c483cd0f8,0.052342382117855725
079b1ed9350bf75b,0.12013239244953991
7063caa968c586c4,0.045968267778405764
ec19c34addb8624f,0.0670336632156439
8cbafbdb15a9de28,0.052272459762009726
a38115fdbf75c1c5,0.11759205053846396
6d8390c7927568de,0.03733646885763445
00981f14236ef71d,0.1531832339631578
12f84fa2b4c572e1,0.021632948143862962
ca5bb700586628a5,0.03495886266021006
4a7058a9b89ae975,0.05138049612565011
878bc0b3326ea889,0.029231489615848556
57f748e3454293d9,0.09652094437681318
07949795ad3e2e93,0.11066492986883208
8cfaf8d91ea4f1c0,0.05307517246381769
0973b331fb200feb,0.6379524675091923
fe33cc8c6e5126c9,0.033516598732070364
95338421b02d6100,0.13696863407031376
6d14e413603d239b,0.1290018298936998
8dd0a5354bcc36ad,0.1269538041786666
73e26e96853b1101,0.02631808092559443
1d9173dbd30bfa8b,0.4706361871181503
b8164626d047cbb3,0.10752305434688138
0fb7907993c4b37f,0.33350243125814166
59ee8f98bf511a26,0.12166216229867584
0c3008cd7e493e83,0.15942610352707842
ca16172c325cea2f,0.032632463241291425
2bca85f81b167432,0.13347470080680424
22fee0166c140a09,0.204926465243224
e2724c0840a5145f,0.052105836605451455
f36672a2c0e1cfac,0.02167871784652999
1fb583d94ee99482,0.14175717311171399
02f264a344c830ab,0.08052633062315367
4da6645d6969cd52,0.04185841798311944
44dc081e8f45104c,0.11252039813564314
2c2b2f0c44e4f0d6,0.04830047122438887
36b10927a5ef8124,0.1596673110558879
c1aaa1a11b02c7a6,0.07697419594741348
052a4c4d54a4bc92,0.13230851893407036
d52322d3a4091590,0.03844470529236948
836f3b0ea82976dd,0.07775912047570403
76fb069dc8449b55,0.11645477058169064
9c73e1140fc59c02,0.043730192593209954
ae6c780a01769bbd,0.08186973065535354
ef3be0cbdd14848e,0.04103797184867465
3599f0b9c0feb095,0.021613465365255383
88664205bb714f9a,0.03225287332435963
b978ad9fbc2debb9,0.10379195998475627
c82c9b618c165d10,0.06866293856013621
0b15c07bf352553a,0.1396839110174095
7891a28610913711,0.12490903262026243
ad4639fd4e49662d,0.038236207340644486
08bf7df7a564e646,0.05389304306847011
7ed362e9d16716d9,0.03494545762718592
0ad5b72ef7c0ed2b,0.06517634374564558
511e654ff2a5008d,0.05707310211059571
c2cd9bde4b5e7a21,0.13145594229063062
5b3e02e26bec5e7b,0.11100819950345747
89c64c8f9efcecb3,0.07000429221603192
a8f6c6e3e62d6b71,0.041721084129899076
019cc0b8962f5cc0,0.11392854615579014
bc4e4242db6ccd37,0.034328623301826615
3fff2ee4dbde3d85,0.09164702875986708
dc37fcbe553235d5,0.05232494907064151
3bd0b86bbb97a337,0.05676460498102395
4992d9bc07447302,0.03962473910258372
bfdf1c0f0ba7cdac,0.1680711465030309
a6ab2d1d53fe912a,0.043735154908567934
1891df3302c7b348,0.02905153562150777
b9959e103e10b920,0.08008741558349472
0ef3c10f8c9072d3,0.06852936710359293
a10619d97fb76c2d,0.0412786274048541
0863a38392b70b67,0.05311267178574097
60b64acaf466a536,0.12144171515194774
12e3e5d6d9c41e98,0.13938479382536312
9523154e7d045c29,0.12973509080368553
c75a93ff5b4249af,0.030325587039859648
254953a015ac6eeb,0.1774739701049601
800fca2f6db1274a,0.02506133697046864
495cb7b810650027,0.037479573844372435
32f2ab9bccd62523,0.05156402837997736
710c1a24eaeead5b,0.042951590314840915
bc05e8a0b1a36967,0.08895748225811319
7f9c858cee39c32f,0.06938552996505433
d943890ab2a0dabc,0.11232905147407694
e8365a58644b452e,0.11626528973687028
8b6555b1e2375ec2,0.08374378612027884
2d05b7a2752c3cd7,0.055721532497201104
cae674aba0ce36bd,0.12579899602790698
ded2185f98f5d222,0.2097004954211939
5aa4335a084d6172,0.10763772513602958
ea84e8283949a22b,0.1432596260057202
e05b38abdcb5ba20,0.02771672868981523
1a8232cb16668217,0.02495351379809985
964453e5682c98dc,0.050336555387854254
6220fee3bc1e75ff,0.16922981245329605
44c74ce2f7dfda22,0.20002568867988
0e420abbb67f6653,0.2930790902576407
381d753868abf15f,0.0370359314498415
c90e0c45f7fc22d0,0.02910321169692322
28cc75a35f51a8f5,0.12667672155824636
3ec9f6c06061e5fe,0.1485691787121636
b014ddae55b634f3,0.030827032896449228
90879b42c1e54236,0.10628318372289898
7e62b4fce61bbae5,0.1248892706728376
6e384e2ddbb3399a,0.05346656275992081
6f07849a73f44a97,0.21660333503164442
f48a2f5d095509de,0.10246262369068158
ba999a22ce5b3fa3,0.3769850859922968
ba9181802cbd9401,0.1523998175179461
bd73bd26225890fa,0.035460010975143626
64c38fe6742e3036,0.03691051299577535
df243043992dea1a,0.09925012085675776
0119114d3ccf9eba,0.16282055331684098
f21453041c1dbfb2,0.16346933035169742
65850a53164c135e,0.03442632554056782
48527244bf10d792,0.11757202373318153
cd4848b0c5d09b82,0.09855963772150078
d29250c293d24f3b,0.08789429119739935
8e49853ead7a7782,0.04608865799038094
c4468c09563855e0,0.06869136378189462
06fbbe29034b7d22,0.04231120530869702
85f4de85a28f72e5,0.20555952982079795
61a2fd323396df30,0.045286813173908314
57131a5c1fd27b0a,0.06476625971247436
97148caf47baee80,0.10904657229657123
bc00a7f9820c18b9,0.04084222044350048
0774fb3a81023543,0.09183031883112766
26fce92bc23cb74d,0.10552731838365188
c97cd71a9a738f03,0.06686630531168915
e241738a2d4f1fbd,0.14800811361944127
da7df03e550c90ab,0.0565368767162708
35c07da89ceda890,0.15139546565678025
5cf499e1908cd296,0.07799560493864263
d8e67e20d907c472,0.07001597784884936
f3135343f9e7c1fc,0.2082822834507806
35e24477ff3e4121,0.07766251577772842
ad3c1d21283a66e7,0.0781628482148256
fa88a2d04837aa67,0.12631460875023937
3d8cc5538995bbb1,0.017721458916143493
2cd57b0959ffa8b8,0.05801893687166077
abf05406b1a91bf6,0.5147809424750374
0f7b3fdc5d781296,0.16511400195617817
03365bdfcc4be998,0.05775925820106588
b46302fe840c3d5c,0.08883695888853405
b1f966468fc49840,0.05977501505818646
6adafe7e6a6e6865,0.177934056146604
e92c7a5333472aa1,0.13243434983187352
7eabeacacbf8b37c,0.07904286363363185
655d9a938cd682a0,0.5466224940492199
a26607cfecac0d77,0.04980400562738474
8d29e784c2fbc4ca,0.17779457253094008
0552a72825b82f4f,0.05322420592424277
8db26f10038d6705,0.05332352308167077
0eb4f40d8b4a0e29,0.05468249933790779
a1caff7700882d18,0.18201076443497788
ee70a37197156928,0.051577720387018716
6de1b2f62b6369e2,0.1715065489883003
9c2d074867b45c86,0.046887947947987424
36c975ccff63cd9a,0.12052499012844149
eac85b26c054de88,0.10086731150003742
318d374ee2d57a71,0.09916712376129025
ea743176167975bc,0.07221358648265537
3ab9fd28956b4c1d,0.03944356764033438
478582ec139d868b,0.11424696014264035
fb9d44e71840eb0a,0.03564917146818337
bd4fd0a37b2b9312,0.1013041388550965
5dffe03302a0fce9,0.2361007807777958
d94e1f4138ee9631,0.07314309352216139
298ced22f474a1c7,0.0941814817312275
0268d1d90c8858ff,0.06016713382089142
84cf6eb7514ea305,0.0359224618038335
95d0de11255bad7e,0.034612398729258545
9df308f6f0758e94,0.13424273780521204
b0fb6fef1f3a5762,0.0899441997494049
3fe46d292459737f,0.03797524801037559
6bf62b52eaee324d,0.059101682253231314
8b6a50f8f0d1474f,0.16839736696362578
89833118f346eb37,0.054128404973236594
48fd781830adf147,0.20944898737062237
209845b666a00820,0.042383152448972596
f23faebe09506cb7,0.10779714195019652
5f9584bc58bae0e2,0.040205920838230165
a08d713f9ab75910,0.08851996348561895
5c4f577995e30921,0.16507020158356214
db21d37dde61a7e5,0.07697206667840162
d22dc3977ccf9208,0.05925894970263066
d0fab5e12cd60c77,0.030962037930898006
5293676c6774f75b,0.037329755062641315
d3ae1f0b7031a78a,0.03691436974083008
bf57f1265cfe2fc2,0.060205439066987644
468b54d83b570a50,0.040146779260821226
134c07b69f25f030,0.10109020368605544
2cfa14158d7d3661,0.0951690159809514
a87b1a98b2c48b05,0.07911541949083711
c0bed62168e9892d,0.09868939524139864
fc44e0d5137363f1,0.05927902766969706
1247308f81ebf41c,0.020581124360094172
083caac4b6cb4eba,0.15544503941935806
a9d470ae3ce0af34,0.02488269708809519
935c423d001e7dda,0.05091804292522651
d096b8795c71a6e2,0.1700883495278177
2acc0dd1e03e59b3,0.05788840546770537
bdba30d6e4c5095a,0.06789332884513137
57b0ac86659a9329,0.1131460842752782
23d831dd1ba487be,0.029176601612401265
628b14a47b392334,0.11325544845727976
76a400c7177ea365,0.05194155278815882
86ab9bf8f20612b3,0.11729265548210858
fb26e948e7444ee8,0.12742657818231576
367ec7e6bfbfc6a1,0.2240487061141453
efb297fa666f7cca,0.14790602382297935
0a0f715a63ed4738,0.06639151105508362
00b759c30fbbcbd4,0.15974298062095432
4c133deea22458f5,0.14693367808160473
b354cc89789a3136,0.11395079952377435
f3595bdad2050118,0.055037967113906995
2171a4f574746f33,0.09272844752166279
ce89301fff62a739,0.04614505140880925
f4786178a6026169,0.07400868193258131
e1db1fa3be2d2bde,0.09507176648782356
05b896a0d6b00e98,0.019304566298370966
89658e4ea0b49c47,0.15773960811638518
db78c841ae5796ca,0.05415369598093933
6af4698b636d1c84,0.05935767475046132
be3f82b0567a0962,0.03841465671658378
1dbeb642447425a9,0.02617947743961053
eec325cdb9dc0154,0.0976236743921371
cab58c1297ee8294,0.11015226830454228
97e9bafef493dc0c,0.08294057436114005
c738edb5352110f8,0.06204562488931288
fe298587b58a6ac7,0.2041099394975306
b01b2bff457f7030,0.05800458118440879
599065c0cda14c65,0.129233164410438
feb91e47c3d327b0,0.058613918624842366
1b0d5c427077f7e9,0.08392433333277599
6c1338d0338c0bca,0.15671549335797824
aec29f6d68d9e001,0.0324698765070721
c6567adae6722bc2,0.08998952843522662
c6e04efe9811e16f,0.044341946856465364
eb86688c957ec913,0.0805375547172489
a450a6576dc20dbd,0.06900876924405273
b700f2322066f731,0.16270764177297148
a4302475b7326abd,0.17313119956983145
af5f8038b513a4c1,0.07023316183014609
0d73ab8c4cb1fa9d,0.17166518568412292
8ca59ee3a85773df,0.04276797269082615
e3f7ceafab0856f5,0.04630899884812864
2445f30cdcdf58f8,0.09558206253425805
23b0f57c015407cb,0.037465197611691335
2750f1a3f3525b16,0.033718015501167896
4d1502e6806c5f5f,0.09302221136058536
9cd2cc7d553443cf,0.06336781980284402
5e314b952cc18869,0.056064961199096715
e8851ddb49233587,0.17045086919716532
6339c240bbb14c01,0.06809197063762974
196ca6bac51b24e0,0.1860334424239899
ff664b7817ef187d,0.02028189869596872
1f50f2cb8e01a9d2,0.07920808914670405
f655a99b43cc6c6f,0.032002211428529624
2dc6d88fd87d67db,0.07215925520047402
b61c9fd4a46a6bff,0.03257766544681645
478a862e9bd10007,0.08755977827936626
0b9c9bb9e3bd1c5c,0.03624463539142431
8ba72175f80e2cb8,0.07967248283735219
80bd1c42bca86409,0.07851254285466852
ee7025a20728385f,0.05921024594208903
a94a734822cd1066,0.06077848175455255
9e445d829547acdf,0.09113885857205373
d08fa8b4d19b0300,0.1506110723079679
8ef8adecee83165a,0.12389908456470028
476933f8311d441a,0.0921021587285229
fd9f323abdfccd58,0.054209951284542535
fde943f5062e49d2,0.15325194548210844
32e1723a53483290,0.06237319297877628
3189ae9ce5829fb1,0.16387669333488897
a691ae869c7c7c20,0.2147508683718812
aec6a61870dceefa,0.07753749952041476
301339e42c2fd935,0.09490441168231752
33bdb599f03ad3cc,0.028369129913040973
ef958079692354ec,0.38469010332512354
6b9de167c2e2a382,0.12020579126639214
81a3aaebe87a402c,0.05482448418684953
78734bb73a549d35,0.09640104387556418
801a31247ebc0426,0.07868236114303406
703c72ed057e80ad,0.1374052540477479
d512ce41ff14126d,0.03271284727759496
b14adfc6f2de5274,0.07742857410189653
3ffc252e11d8a5c7,0.04328101113527564
dd94c4e414636803,0.05809367750330748
089a1dca65e44b84,0.0623086874709843
95e32e732db3ccdb,0.07570338292560029
aca38e8f736ef297,0.0232338162302828
78b2b40abd748fc2,0.1034773742255568
2595c73b081498d2,0.030487092710081123
4821901eb98463cf,0.09892298592513471
81f36fdaf2813666,0.032000565202301344
1e80444ce87788eb,0.09557416571393967
47c976d0b2db324a,0.02924735830892811
76e7956f7212a4d7,0.04317201146582488
2f42d37419bdab8f,0.22022110880396037
460717034c7c127a,0.18660151132679115
f46b154a36f88b49,0.09814457571728072
af4a2f1334861acc,0.1700670606107945
cf562fd6a1ec6763,0.09029855260083042
a58fda4597ded16e,0.06425780415445376
7c5b545797c724f6,0.19435048399490143
cd2d2cade053f8e7,0.150540698119202
0d42478d5f847ddc,0.029470204287763858
fcdbc1ca107a390e,0.14182854091611857
4a6cd78198d5a5ce,0.15574706921877943
13c39c2f8d3cd810,0.0220142184129538
c79d8a5d80e7f04c,0.029391360628769014
51a701717aef4136,0.1917338329915661
4e8d630667c21f23,0.10220787245675907
9b8e9dc382061f91,0.06131043202980721
fddd94710360c28b,0.08108176657375919
2c33fa5f3f2d5e24,0.04714925594494208
3ca87064dc34dde6,0.11895740491574187
c9d8edd3fb7bf971,0.07723103789673717
d582a1a34b5b977c,0.20323576340400343
2fd593bbcde3caa3,0.17317755786325015
d2f2308d5fd09adb,0.05196551109986904
dc6fdbb3f28f8f2f,0.12376552864053425
ba8e32a15085aa3a,0.1072072920125305
3ecab659633b8be1,0.14764063418172407
80f14a6b7deb5266,0.08053531681193954
6809016a071b3b5e,0.14100623041947943
d26156516af475ee,0.07323532031322495
7946e76f5438edcc,0.11670577157279116
b11ee2ead8527494,0.12889537777775764
03e49d963acfe851,0.055562679452116015
4a3e2db752cc071f,0.21705906475121603
6e5157888073a37b,0.13130032583390314
1f7bd653103f1863,0.11430620778288345
5cc0f066c9d8a28c,0.11752890446381253
61240fe8a4dc9a2d,0.08121260207572176
ab6cae9885409088,0.3416897215911021
c4e40432b0ffcfda,0.14892655704430754
1f7fbe6992fe8f33,0.17707063306885393
94953e6bc4d48c7a,0.06827350258552671
e1f4fd779b279dca,0.15053633480251152
38ccb655faf1cbcc,0.053183383332427545
dcc976ac3a08e676,0.028826179875083752
8a586d58683ab8fd,0.13022636823305786
9d1f98568599273a,0.029710412901228955
f5a4bf16401623fa,0.1800681398296135
42c6f25951f7db7b,0.050570169665404646
673b99f498fb7880,0.09820101928023608
e4f2c6820273bf2b,0.2328832251105946
8e7d37f34a1f3efa,0.17984408560749793
ec4bdd78abd81c4d,0.09173618211237093
a15343296b9f6f42,0.15436127200640867
dd76563555eb67b5,0.11969464531155734
3ce8de8291ffa6a6,0.1864865931948632
1d036919bb298ab6,0.05029457470286979
9579b233e83fe284,0.043416555306364596
be5c561435858f1c,0.2210582908800358
5cf1d9bf22b73559,0.13654745174168373
d5e3e7616edfb5bc,0.03409182179003673
ad00da3aa56f4d7b,0.039669690323681735
0ccceb1154debc59,0.11830752422847368
8e2c8545bf82cc60,0.19338665595237417
d62e1e8938e1c97a,0.21943177337631448
a8dc86e602a746d3,0.3535102166008332
c4329a7f54415286,0.09931349157184026
04ec4184a6a2f40e,0.11896576359434423
a8874aa6ff7ddd20,0.06104155945248402
c9a607048a5bc5dc,0.1477876281628949
002c27108f6666f6,0.0862330885748251
e4f6a20915cb1601,0.05575195743605134
bb014c28cd6924bc,0.10428016827098577
196e2f507f594bbd,0.06298427235954118
9f1be9fcf021fb5b,0.030429731836711233
9391d5f366da4c40,0.15170172184519676
3453a5ca3d904777,0.09183641309785143
686ba22e52de9068,0.04870409125378146
3553eafc050e9c0b,0.13263516610407705
edab086e1fc56c68,0.16517480716296953
d79a009be9287b82,0.07534828214875289
b86e1b1f8503684e,0.12470779916396274
9ad70763cc07c36c,0.17559209631642933
419885390abac7a1,0.022019110348288556
70bb28465e350bba,0.15522360964725507
d2fe3be15c7a040c,0.0961290278606998
df051580b1fd88ae,0.05275172012785154
799dbb3bc5de0bff,0.14307505150421726
c18575ea64f02a42,0.19062985096279583
bc265e458d29169e,0.18845234916793485
d59c94219a63b100,0.1734130881117438
0b79c6776df906c4,0.10245722275301426
1bbd089c39955fe1,0.05787737368992057
e07ee63645347087,0.08645737240392104
6795923abfe3b196,0.3061549409864423
f23bdf1e94c91124,0.06219348308097011
a1fbaeecebb55865,0.04224202768887225
bc95d3915a49249a,0.10308263794675376
c565efbb2d18144b,0.15990767079517085
321866d63b3b1b00,0.12905797690864865
50ef5d8288aabf7e,0.056693100802210565
3948549457628975,0.14912867106598757
b958074c10bc601c,0.07698528122978718
f075bd7b8efbf058,0.1012267748717494
f05a42508ffff350,0.15726119616179388
3c1c900935bc3285,0.03351133414496208
cba59c1afecb3734,0.07900972437919779
013e1691ae9f7898,0.03480502428947588
ff4fafab1f01bf0d,0.19538179446784767
16a52132c026c176,0.08224405914412111
7e6dc3264a60f3c6,0.03447467358277028
fde7be20171bb23d,0.033981618268724076
4709ae8a61f423da,0.14009521503212305
f2f7edc4fdecd842,0.021735573990610473
81421fdc47bf7d1e,0.0948389464988577
e130b6363bcbe974,0.04475223016262827
8b5dc994eb4224ef,0.08554412014218582
ced09e40d6cdb2ec,0.05775757979395957
b65873d2d6509482,0.056080528735969415
d663eee7b55b1c09,0.0523356233010715
e8ac634318c1c070,0.11820081834345346
9861a481912689da,0.03556532428144884
c170f4b630a3b239,0.45019181143218995
31f66aa5ebaf2ad8,0.10263320150999924
31bc47bb1448c433,0.03654047784552224
79eacc58c9cd0f29,0.1774706095365125
32cb3b1b23ea545b,0.059892272318979735
89357b6904f7d6ab,0.07560243648668898
0d9d1cf89bcda082,0.1510208885613805
7c15e3fb5080a6af,0.054731594384465065
a8580d9f4b1f100b,0.39169921426284127
ba1c0d81b8bfcda3,0.07608172631924037
d5c76d632f469288,0.17091525364975735
4faeee72bb8b4acc,0.05164442984017609
10875f7f7d53acdc,0.0707902334540998
3fb5a4da63283ba6,0.1999611244083148
6551e600570cb09a,0.1971912123463128
6b4949612595764e,0.04716908155598268
d45b6491898d0fdc,0.056013428496301844
0c40fcc6d696a66c,0.055562704236222775
74607a92b5ef932a,0.045603402983281825
e7bf586ef35ff70a,0.052013473385492115
65e0da070f27aa66,0.04576554606681735
38a09fd79a425aac,0.10233262450109325
aed136202b0b58d4,0.055872572186501296
5f5b7b68b01d1299,0.5206469486485911
cc5db835afffd307,0.06077144617716773
d8842b37f5416b48,0.07042295248861292
d8aee4335af252d3,0.04850601490032055
00494862dd9b9e04,0.10717558487430581
95d5441c82b1c46c,0.3110195361078719
c6e492bd428631d5,0.0667089617244851
598200ada2678880,0.2264631982695054
8094f4dc74add0aa,0.03865044160526728
6831a0024a1dd23a,0.03135082680673735
d56926e610462f66,0.05123382431350011
bbe39148bfc2e434,0.16729449935741
1a07a83f589de802,0.09933636195676229
8210d5a233d3d65f,0.018366323461877526
ef4e598f566c9558,0.09751058852376397
c02b919584ea5cd9,0.056070999683090206
68bc1f08eb5258a7,0.22645014371303018
d57a9ae04f68912b,0.1149487965925362
fa41a48959374ae3,0.0496756888196807
5e725dcb74b4e75e,0.04144133900490171
121dbf76a9cf73a8,0.18530542011818468
a2383e552a5f2313,0.0340562417365789
378738808b201e0f,0.06998098644641446
9642ee1e267eee82,0.10065155698128325
e55cdf82fcc57177,0.05115321338036845
2103c3d1e5063e3d,0.036158225938338125
02004dc8e2729e0a,0.0755067352764003
95ae4af4bade5009,0.09738375901762239
8a4e103c92d62a5e,0.14632300682685265
c4414b2ee31b7e94,0.06409508855156115
0866387e16259486,0.101963474750627
f0b7e616767a0197,0.06365899435005494
a86d2f80a3468f5f,0.061076594582642495
691f9a97e9645bce,0.028436342728860895
2f2e7662f26d0933,0.05526979783375468
72cbdcef4a6b4f07,0.11512837968236499
3ca15eac9b7ce8d7,0.13352218438580793
d9f713c872a26c76,0.09903666728295878
38c5cae3c23f24a9,0.04819580282638474
80e12c9a6e625e7a,0.16424328510227088
78211c4fb5585628,0.1538998769571355
59e71eb2f5c7c432,0.126375400454604
b7abc4b3e6ff0e3c,0.0346389250753439
42eaa77ee15f2ca3,0.03014515548485574
bb8ed5a0931148f7,0.04064269422685835
2ca7468532706e2e,0.052707209524542054
98791c70677eb76c,0.08865447059064262
e7ec6ff3f296ed38,0.06610506659342727
7845f67130f900d3,0.11232716400339404
fcec4d0ce44eda40,0.10842175233617854
0ac91fd23085433d,0.11332559290127532
ff61891d90f930cb,0.08562371438623922
41fb4a2210a6066c,0.11595298780932525
4c7ebaf834966e32,0.026651019933418577
81aef88d712fdd5b,0.07284884548902905
36b0ae34db90ecd7,0.18712272175614894
72fff2ad28f42426,0.1284276481074058
717207649c078f67,0.0417991603578584
925d6e357d7ec158,0.13599839368586664
effe2d48627efbe4,0.1119594855979941
0577c43390d4bf43,0.6324633183407012
546cd9bb6f2ba820,0.12265631452929261
8a47c92c6443e7e9,0.13562894800543285
bc9467bdc8642922,0.05519588929947777
af91160b63f1bc90,0.16548816960125562
464ea9bea5384944,0.11399792064012282
b838b4792a3c540a,0.08029991941299429
11fd6e717c95ce29,0.13570990258805635
b1e2e5a1c0f42f8f,0.06417435145088674
222e74272be1ccd2,0.079054012510467
21a85a0b474e45d8,0.07272959480633599
5c5c76ce21ac9a03,0.02874099711652529
98c3f3c5243d4fc6,0.03750532320000528
745be7354fe05a2c,0.02817715593661026
ebf17df229daa6aa,0.10227785367918393
14929f1035ed296c,0.36866560320740555
af1bc354186d653b,0.025066250719709696
88e44f6549d78a5c,0.043476624318044076
1a5119861af7675c,0.0369547322488991
4675a1f396e095ac,0.11792951806687442
306fd63061172f24,0.022625876772637592
68fb9067ffff02de,0.1604279208019781
93665736b22ae558,0.05643652544390118
2f3252e131fb28c1,0.1009570798741138
a90bb7ef537f3ccc,0.11620153170454336
f8c47e6a1ab0bf1f,0.0932486289279557
7f335ac0ff549013,0.03999815517430668
e9c7c37b6584e68a,0.03916326415296774
e2f8c99b54c930c0,0.02813064928904864
4f0ffae34b450b85,0.130992782211873
94e27d2dbdf9010f,0.1902675412567736
db05b31fda1c2b1b,0.08779976022414866
af64ad7d713d5a93,0.07541475867724569
4d1462da71b0efa9,0.03965164109365016
04fbab7984c52c30,0.15183886444049485
c01a62e78e6d8a2c,0.10382480243413339
74f8579fc40b2d7b,0.04055531595234015
0eb2d3b71cf2b61a,0.14351378216049168
57788504ce4c82b2,0.12706671278708517
9e7dfd444a9f30e7,0.08024487852728485
0cd8b38e5a4b74cf,0.05841433894038792
e8c1c982ff8a6704,0.07644150876437425
36bfe943ee63fe65,0.08468154870435735
998d9f62a717ccd1,0.03256484364822883
8069d4397377adbc,0.036764720640403585
ba8f312910226da5,0.15342113390757997
37faa0207a18eb20,0.12267646053629722
c16962d752780184,0.16738657641495705
f1d62e28f903e96c,0.09759212365079017
8cab416d1f2bc624,0.11022049564958854
b791af74c95ffa06,0.25467115795953305
05b113e465a98080,0.07869462514033637
b17d9630e851487a,0.10978206103568942
92981268f9d56f38,0.12877760687102147
76775e095989aebc,0.026460410120019068
a07f4266c4b1cb5a,0.04112142897988311
7b5b1f94772d1b60,0.04422172406727972
4f8ef604a40bca4d,0.05242363831977601
673f3a4c0bd90267,0.05760822247142975
58139d3ae9373ae0,0.12569296981220954
c24d1452d22e8db4,0.08802788497882559
441d9763fdc1b0df,0.16977738727562378
d2987a3199c1109d,0.1235502096016066
cab99a91ac2562ca,0.14523116218899737
df1222f0cc1e08bf,0.09546302861495888
bdb610f14d1f9c0a,0.028273196960812957
d63652d83092f4cc,0.03003831387132851
dc121e137a206780,0.06944820200244085
e5fde6a720ffea60,0.0429912041530876
52f7118d77a951d2,0.045062611229844264
1b60cd7738483c77,0.14116021570082612
c7ef81c5ec66b855,0.27879764989713857
42a4005911b6abb2,0.16748151959042418
926e4ef2979d43ba,0.03530614913817726
936393261928dd44,0.10588617751534102
90b3943086a67cf1,0.0607950934083136
80b6c2497708cc79,0.08479363850594197
dc880492a16f61a0,0.09424181877124693
363fa6d193ea1791,0.04930016633087448
11443cec444ffbdd,0.22394814960078038
174e280d8c42163e,0.1456908437296583
d7fddec00bcd1345,0.08729376114423665
2f2a0292483de945,0.25967366075152704
2638757dc8ccf105,0.02476555456960301
af967b1ba12837c7,0.0674291054870548
6cf0ebd8925305ad,0.22712196980773416
0307e7dd94f223c0,0.029431999228706558
d86f818a421d896a,0.14189389733718552
95c76aa135d94e8b,0.041861173832658034
dfb2dc72331615e7,0.14086538495069081
b488c877787792d6,0.0889324502651782
5864514fce7556aa,0.094339329535784
7db51b9dfaa6c3be,0.028988976998793742
475afd5ca8082909,0.08648787698216927
aef3fd34396adfe2,0.03096898649782873
e93ef7b1eb85a270,0.06159304237157959
e643f5e629c7ab40,0.024297574946701834
e9234451a7ebfa5b,0.11920626243569521
e8b95693607a1af6,0.1920067888428107
362e59ee5f24ba56,0.07370516766310647
760d3c489cbc2365,0.038773293045050984
cdc43a10fec587b7,0.17643196950349638
436bfce1b2e96ebc,0.13229961309563676
8364b88b9aee50f6,0.1114732988111183
49b33a422ea5bc22,0.2517368645676598
7c87edf2fa4449ce,0.020890669299209363
ae4d87302f77418e,0.054560107185375274
80504f5553a663cd,0.04748475970466842
285102ab56c81c9a,0.09418346363555535
ce75929520b6600d,0.16944380826270652
90e157fa590bed49,0.16448268488782283
72308a9b8ed351ac,0.18686125337580428
67da97f4bf5a43aa,0.03536752098150539
7a2c3503f50e758b,0.11699854807701558
7c277b093ca6e70a,0.030064317213601446
e17cdb698e7793a0,0.08945619815465893
304f33ed70c9905c,0.12128431230471137
f671940234873df5,0.11923018457640384
4c60ff51f1a98ddb,0.05509196789209952
357333ab581b26a4,0.06358330328873783
c12b50c410a56d62,0.03546612136460027
280ee73ea3f9a150,0.09973092706788458
9794f61f2b35c374,0.04131004774380002
99bef954535737b8,0.15667575363479858
164deb1fbf6d3d15,0.091807554788954
17f64dfc919c257d,0.05209778813555599
177f1a78be284fe4,0.06303071361909766
6575a6e55c3aa52b,0.12147325390415513
e1ceb3cf89c78b04,0.07556681750337974
2787d14ba4491e60,0.08053964019109613
47283a11f402ab9e,0.11392419505507966
3e13ab75e759c66d,0.13875570151155917
565632830f202280,0.09299319035505944
c60dd36532e24523,0.09317518190309644
1bbb760f70ac35fd,0.05447673381295459
5952ee73f64f8e8d,0.08939621702684657
0d2e12deb5dc05bb,0.08398604864916265
93cf50cff9e70197,0.1104146532569418
71a0f1d3a79f9279,0.07955952865858192
ff1b97bfbc1de495,0.12430462604957944
152d66dccd700ae2,0.11487052000280196
af9475d72cb09bff,0.06131684074818517
50c6ae4f3f0c520f,0.15847010775462952
53277c274f93827c,0.11050933179857715
65c28bc2a138b604,0.15778194676859192
ab3f36de97ff5288,0.028781789754483977
6e673b3e05a86556,0.03872743455599194
29ade739f5ac47ef,0.1299741661188358
d6c96030b8564b06,0.10901421153120107
5ffe88ee98e246bd,0.027922776819635068
b75847a46dbc7758,0.04718460573983938
fd4f072e7db648e2,0.1590255340344647
3b600a791eee47c3,0.08980434748073712
3205c60644f3310a,0.04784290072548439
37edd7d198365da8,0.3397546547370039
4aed77bb42b6c35b,0.031662396257611386
70b9c5d2c47a6231,0.178315026077885
5aee71b30cf4e773,0.021015762545093342
3b6034955fe901a7,0.029195066653503687
53f7e37ad065a1ff,0.14096628430155492
8249af221f0dfc62,0.05813742143713648
4a798f098b3ac80e,0.1307172198641377
7859a3365dc11f7e,0.12208079664886592
0d6ab61f58e22d8b,0.05410812278690414
d90f47b845ad8044,0.10529541421545845
908f76b67c5d77d6,0.06391795723860998
2e13d0c9efbac24d,0.08972195247845016
fbd3509fdc1e2fe3,0.03609463668980812
d0c07aa05dbee8c0,0.04948330150851693
e2066400c0c997d5,0.12291321317216457
9d002016fad484c4,0.47080479777628254
18105a09ff042e04,0.05135948906625291
97dbf62f03867f4e,0.09226019632970876
008e7b56ab9053c6,0.19241617247341097
e382e61b69858e84,0.023973548824446137
a02b2c12a9b232a6,0.04613705717265849
5d4eefc602f1a815,0.11128131969726046
8c8faef5bff7b3c9,0.046437134646101774
8ea4fb1f9e66fa76,0.022940087184272165
22a32bb8f8bde6fe,0.14872332080013687
6a655866f90d61e3,0.09235766596974414
b15548596622ebdc,0.04583347108091018
e6426b5a54e4a972,0.13582445411895677
2bb1ea15970a2de4,0.030770221502286605
5b2c1fc3ca8dca34,0.039909368262565977
b26bc3d1078e5a5f,0.0497677970474539
9db2f38d40ccfed4,0.049112936314512655
8481c054b0537a7b,0.12352714781304618
c4016925a614e39a,0.09979988182140542
a6145b00b87ffbfc,0.20425329485455504
856c1f1b7a16dccc,0.02797687112123236
5db9aa657576b123,0.021372831016663017
e6c91e69fe022b81,0.49400379071134
18323213899682a7,0.02864492487625847
84aeda77a9eaf7a8,0.12189155925531456
60aa7eb39a1066d5,0.15674028786788535
011908fe41b2ead8,0.2553579529596918
95a236faf4cbd0c8,0.10530251310692024
c58d93928c4b43a9,0.02995819165964782
e3d5116d0ddea646,0.18510071061097333
3d33771711b587e9,0.12648312036410206
ca902179e21ff302,0.13619869982330823
4b2142ee3d149d15,0.06465448351246349
d78803f699e1394d,0.14749683031914407
ef2d9881a6438977,0.030545572977956018
3b5fc032ae2a290c,0.05567249649296124
9d5473cf79999f4a,0.07178459609977374
9aefa72a94558b66,0.09007210871386585
78cc36a16e5afd3f,0.0633124730700354
0628d45dc33a5639,0.11186716729345009
bc63ee6da23c5dc0,0.15394727171526654
5a69761001b7342a,0.07522018299349294
f5384c1b33a306d5,0.04160955799297886
9f4fb39fb6e8b6a8,0.13601242018087864
f7787ed37e4b9d05,0.11836992097289742
eecdd457b6c7edb2,0.13954154767468804
f36c01f2f7fefef6,0.14566056699240695
abe3d414c510a7dd,0.07841418621505551
d1f7dc9b905e0fb1,0.035254385981609175
a97c23cf1c8d474e,0.0865903501903698
fa77ebf418dd2361,0.03230695070068765
4fa91df3f09b649a,0.1282010918808534
4c40bd5075d26ea1,0.16291750900087962
559cb0c10ea413cf,0.08942171599484439
b07714f5d0a305a3,0.1473041221275158
ac26d06332fffb35,0.04341254315351454
f3a18a7976f15c5b,0.05213402126486689
bd610a8daf3173f8,0.01989336380842985
b4db2ea448a373cd,0.035165765763580444
a9e601aca0377220,0.14162672853965497
7580e5af192dbd01,0.24990879630095497
3b50e09f1d1584b8,0.08609982571662043
e752099897ef3c84,0.035908769005874086
9e556374eb31bdcc,0.12320628192011888
09bf3001382d4d51,0.037068962051257454
ac4f9d21db6d0551,0.07147558351710849
bab162c780dd5d3c,0.05462135894813702
1ac05275c95e2b9b,0.04588845068815389
ba53d76ac3815303,0.13338497924568246
731194026ddc8a00,0.14231742471207312
565ccf55ce0f19b3,0.04553386132786557
c610846e274513ff,0.08505885199241593
4f2f55e6f8f022f8,0.05991109265399242
171594c12d4f22c7,0.0260434764819784
fd9a29be83f07915,0.05535406523456368
0e69e13d2585552f,0.32229649973910374
8458a25c7d299656,0.05342584304623817
36510a7e2e8cf5e6,0.1427763809734346
4c689c2ab0b1e458,0.24445531467499723
bbbb01b896a60659,0.06823296824337971
95a6091ed902a1c0,0.0874760152119496
226f1fdbdf45c3f3,0.04499978536504797
b3776535f92034c1,0.03392718204872051
e136a41bbd9d2ebb,0.11664643318913481
2acab7498f95984e,0.04583361306700686
5a97d6bb500166e9,0.07586158087398838
53ad75887ce27a2f,0.03908558883994034
4bbccacfaab6a76f,0.10297406947250698
8d5dbeff654a20b3,0.028064073104302475
885918cc4b58a92d,0.09547249027713596
c33b954ec9e9d53a,0.04462035779726248
c73aa72e6960366b,0.08336077682855582
28c265c8e738031b,0.14910630550596585
16f59244fa16b9c5,0.14552053906809487
ab1bbd20f2288ef0,0.04206434762924549
21ce9f486720b00d,0.11067103362870619
ea98936cd5a062ef,0.13108417191588848
092b99905affadc7,0.1505527002242277
f8a1935cbff0e3e2,0.11444461621258023
557ff2105e2227eb,0.026833420744587333
e28b4c1e7eede953,0.03977805426975829
afcd2875196e3514,0.07971321969326609
622d0c5c885e5d67,0.07242044320489563
5ab123deb8c8e0b9,0.14211691931138928
d70f7077ffdc3675,0.11596476715049434
ec0e23575480409a,0.11643378674541621
c42b1312f2466d13,0.05477648936145086
58f7c9cedf508963,0.33534612338324604
483a6a2fc6820e34,0.048374916116966926
9a410bdaf99ab250,0.17348904460249445
27d8448c7743312d,0.10750831703504145
d22510648b60b80f,0.8318326974840188
cf71cc1d5beaf427,0.15780810323779673
b16d96c422e7686d,0.12358220451773556
f3bb00d62eddf347,0.03551034950867063
e7ad214e8e1b87e3,0.10048340206723387
a149a81fa46121c8,0.05014595688656002
954ac0304d013ceb,0.1558399650641295
5fb61c8caa291bb7,0.05441329427644475
b3e6b65c022e07a8,0.11719523507337919
014590f5ad393d98,0.06209632957390326
fd3098a48d0565da,0.017754531928604367
597dfb91140f7a43,0.03306971812602788
29c72ad86d92588c,0.0315182947269912
46403e8726688e63,0.028392043479508407
586f9bad93615a9e,0.2054421736791147
518268ad7eaad020,0.06561231356959431
eb68006674ff7853,0.08870821521285643
829bf94f3c7511b9,0.09418228393241139
472338feab38fd63,0.025605029505627704
e2eb7c00452da3bf,0.07036252936730875
264d5eac0a3db4c1,0.12987975353205677
5dd40ed8f6931f40,0.12491454801926372
ea07294f7b9321f6,0.0779071834258271
800d5b199211d908,0.04787416409379393
c26171ff73291cde,0.14781650035825447
9b039401395029d1,0.04860485796170938
149773fc93e82e0b,0.20533496738352075
377962b226c4354c,0.06439007014588852
b33ace47f8c9cce3,0.0285694654224115
5898aee0357167ae,0.047057034064717784
5011475bc46160b0,0.04158888426601988
49403fb05b28bdc1,0.1289930560704678
d64f9b8328cadfcf,0.13864131122229406
8347b5a18bb84a35,0.050144708170150654
a72c9158377598af,0.07443341411629564
346932f67e7d808f,0.08910535582158996
e4962aaff0cf97fc,0.12940847268967004
d63549a6e599cc24,0.026858216077674555
d013eaf626e99575,0.08045947434342231
a7c0072db3d224b7,0.07980075720351963
b87493b15c6b1e21,0.07094572631407468
cd6d6ab0bf1601eb,0.09563199172921712
fc7b0d78438f45bc,0.13162003833540073
b53e88867e63ec5f,0.08520645241262292
1e1e7de7f17a14fe,0.0785850358549062
fff1df28cf047de8,0.06216958010740647
9a4279b8c94a438c,0.0279624653072409
d1a19d29c2aa4b9a,0.13007541768406022
ea65ca7ec57132e3,0.1355451649489556
35cc6e8b29ac28d6,0.21682886551254935
35cebb20cef64701,0.15413774519505677
03c27c6fa94b88b1,0.03503885875029406
654a7847a4c3d0a9,0.25015183496716664
d82da976d107c4ef,0.18657997874885246
0f7cdda5aab7cb9b,0.05775442947011913
511e61b096246922,0.05203987637909002
9bd56be8ba9524b8,0.1377670813971773
08980e1d210b6aa6,0.1460542289988218
c84430f350b3a159,0.06717849110691171
152edc8f6b8762bb,0.13676673284451635
a4a8682aa22552a5,0.10829135621948978
5448387d25232e4f,0.03387515655517898
86b5af3c99c2229f,0.03421767339240107
a243c84e17ad5313,0.10512049449586582
1cd4111d9e2c14af,0.02670356746078828
d6596bfbfd4cc049,0.14283836228393584
5f6669357f9d2602,0.11917408207893333
8ce4d3415fe4440d,0.08916882496266036
b7804e0aef5425ac,0.03928137173386878
a68ac8503924dfd3,0.12246953053829307
0ee54a169cddc5a0,0.07317170398751387
91e67962d58a2196,0.07105387444289578
337f92313341198c,0.09112363199966134
62fdb17735fc24f2,0.05019123302063344
32070e417cceeade,0.08906196331811023
d10e86cc3232dbc9,0.27596547478312605
9e379ff80b817265,0.15486505938339046
cfff3503c56dab5b,0.03120940141641566
9f21d3f021ded79b,0.03998289800679871
5fe69ac7610324ba,0.09530565046635325
fda80e0f061a2a2b,0.07966601975429355
e5f50a39b4e83fe7,0.13736857779998013
b7ac8ea60b369ad0,0.036050366008164046
f4aefa9fc2e0d241,0.28205315031931955
0f32bcb05a22709a,0.09723134335670121
13334ae771ee01a2,0.0973065022641348
d2596a53564c0b21,0.06623988999414164
1a90578444c1c9a4,0.04926636716708166
38767f6c13ad1bfc,0.06240733685973146
8d312d36ba150056,0.0462292140718427
c4e9fb7cce4bc726,0.08696781208005179
9ff220beebc71a5e,0.030193593220816873
24bb5e20d933da44,0.08967797576831947
42f6ebdc63da37de,0.12947663546551733
39f065a3b51d8011,0.03313727867560187
adfccf4de2f8f9e4,0.056095173375122036
bb73756443a5eee4,0.06655534023443903
0d9c7ad016175e4c,0.07525184276052913
01d6dee3fee929b0,0.05094291244816186
4c94ce26b7eb0794,0.13221727327523258
184edb2637a41d50,0.06607847198338443
b14c8ed6d2ad7039,0.029197229278540043
efdd1d7495765245,0.05249447579261882
affe3b0f590fae77,0.16395530492061222
3edd7de677b91b05,0.07678765516936914
ba9e4528463c5dbd,0.06951149942671009
8be8330f2029f548,0.06299834751653406
df6e6d77a02918af,0.05911409683111015
33d9746c24d2c070,0.10192952500402024
e51c785618029ad1,0.11720685623476608
d53ca1e375f1420d,0.11769546550201762
d4133e84363708fa,0.19374741751719005
094a4df459f84f9c,0.042949277043107296
c95b97cbc9622e38,0.03557750699454901
8a243d50081a0a41,0.12007941458071963
f6f2fd05daf66b4d,0.04336403314005334
3b5e52e54ed29ece,0.0954046503096641
144d292add5f41e9,0.12383589271883655
49aedb77fa2fb4fc,0.09357209469138023
81e5d80b657413b9,0.13591875079516572
fb21fa126522b6e2,0.09827116177238471
3451b921fd37a93f,0.1210399447564174
e25080fc68263c8a,0.170261498397495
64f0448c8bc4b1eb,0.03219071667230009
ed89496194aa19dc,0.07619679718393924
fb22f7c013b24779,0.11613894532045153
1590a07714e8a656,0.029388424015662606
54ae2ffdf139cc38,0.03567070429166667
96bf13f3fa835169,0.0926241632008979
559cc1345795571a,0.05013490671678702
325ad194b9f588f7,0.11171204110972743
13ff609306472199,0.12136181471765523
3c87f31b6953fbbb,0.02330208745505645
2dd14f20786549ef,0.06275754189482435
be72fb5da729ec70,0.0356345768897111
dea2b01ff6868477,0.09288255451736488
c7ffc036c6fcf66f,0.11812193309725605
67b0cdefddff90ef,0.11715238415032507
eb949d7c7beb6354,0.07883778032023046
72dbbe8ab710128c,0.13139041819836408
fe50a3aa77d27195,0.02094378572345992
b7dea5f446a371e0,0.0484491502316173
3b6627fce4fa7c6e,0.02523799553732085
5766e8d8c783a487,0.11472004048791436
818813e68f11c85d,0.07271240930840056
4efd1ededeb6af5b,0.06647177439695641
7339d8d336c0728a,0.08707217304835602
5932b86b513569c7,0.09295922518783077
667e3c34655efebc,0.1375044924306642
211cf2ea67620b3e,0.19146187226447967
73ddd41ae18acb03,0.04719326130896916
b7d7b9bb940bf7b0,0.15358050507808457
672de9994012beff,0.048762690497464144
1fcb989eab73caf4,0.029740515029596678
1a8eef4f4936cf0b,0.058628505106772665
181bfbae0ed5b503,0.01938689792529788
0144b06a9d5772ce,0.17545762190008427
a6d79b35c359d2ca,0.17525146975537773
adb1f5a83ffc8956,0.1712639247778951
7fe7578307634c36,0.22668353298429691
ef916f6bd9bbf8f3,0.10449385104013591
261b4b9303f16955,0.13028436931754125
bdd3d57f2dcbf24e,0.039321982982886895
87478ecab9990b69,0.08433583562290992
00903281b49f7885,0.5507615000684473
faa54ef489380476,0.1587814183588622
afd67495e65ca43e,0.04215880062223385
3cfeab5f2a521bd7,0.37133036330660507
f889243e554a57b9,0.13757074291526095
1633226e5baee1a0,0.28975169300627085
09429539f12260dd,0.055857452746096194
4642f19a02b65fbc,0.029717000702370957
454379600a0d58ae,0.11363931618141714
806b67c9407deaf5,0.030617665107501354
64147a091385f1dd,0.04069147409366435
410684a9ca496c4c,0.040820215194994916
198aca03e558bad7,0.0341573733239192
19112c76b72e70ac,0.03426449240038649
33cdd595d6f64465,0.04157208623358132
b678efa350251d1a,0.17517204114934196
2773ef74c8379c3e,0.15567210363650263
21a85668c56f4a28,0.0782121757731786
ad44c67c941b730b,0.03406045358346679
afafaec6ed7cb894,0.1282975633097659
7b2afaaec11da7c6,0.09370835718137224
14f8df83cb5fb959,0.1281058971682159
2fa6287a9d075ec1,0.06788997894846209
a20301029a5e8b78,0.12613172355533497
64c226150b42ee5c,0.08764676158646155
7012b66ec38b6038,0.023696525841078554
334a43b3d7746442,0.12247383213949838
3e39b50358f01b64,0.10532637161105356
dd424dd258080c0f,0.10528932033514707
b6815449a050c02f,0.049018296051520006
786b0bb1d7a4dfb8,0.037380677035551035
bfadd1b4779947e6,0.20490249968420057
23bda92c60bb92e1,0.1787840545326238
20f374eb224e1a7c,0.035638979735835914
04bc6e2ce35edb4c,0.14526044151658365
f5fe2d58beb86d40,0.07164757799033544
203f3df885ff03b3,0.02869760196305871
ac5388e6680db6ba,0.034470227159144134
20a190db150bd0a2,0.07712725531792136
03b8f432ac8e3226,0.09070945193026009
800d13aa581dc05a,0.12889152142065172
32ad97494e39788e,0.1315377994715052
762f69f875d0a0a7,0.11866185607434855
7102288564065a58,0.1359231733619901
a244d35bd0a46b86,0.08689212632646275
9fd85d10d8d80cd1,0.0648798441868138
cd37f417a290a412,0.13459611649145029
087a61efb373df95,0.0407859927816222
5cc1bb67fc9fa495,0.027760369758831626
38260167161be0f4,0.10409629966533836
377d6156aea5f7b3,0.1510991961129214
de73631ba462d9d8,0.03124696070419017
c6ad617675fc82bf,0.1669393576718636
53c0301b075c4edb,0.04896669397247777
d5d5bb7bc7475a6d,0.06335211729167964
2785f7c003032f79,0.06584247410888562
bacabfcb41e851d5,0.20606446979118284
930620d9c45cfc16,0.1129369408020976
a2253bc60bd26111,0.08937236172039285
48be98b0da47a60d,0.03724263739132613
4192611de72c647f,0.2036539286695761
0a3e55a0415cf1db,0.024181605237236073
94a41eaf6c166f8a,0.03338864994648926
65c588ff0e6a0940,0.09365171296134693
7316f0f5207cff7d,0.20194011187712482
fb48d6120d40241e,0.026396856543272118
83e835be4b7da5bf,0.04833259511242513
be007ff41dfe8e33,0.16381075556103122
ae762981ec3e2222,0.22041462909453402
9cde4da63a470364,0.060251492730847955
1e641e6a0e15cb0a,0.24592488178587893
f1e1bfceceaf5b3d,0.03815116075663952
b33a9dd2d6116451,0.09639186419258272
6a00f8682a96e6c2,0.057148425667834755
4889bb3fafff04a6,0.027268746779215244
d83965adda3948e8,0.1536354611267423
35ebd3eb17d43331,0.11080393340745638
4fddbddae3f8c321,0.046661534601032985
279f5d02ec1d4618,0.13603962026973995
18dc05e08437b19d,0.08510861823191251
fd5e41a3afe867c6,0.08650097681569067
4dfc9b4693d64425,0.11743447926199112
38efe84b2371909b,0.024506586821602044
d5ab3634461fbdba,0.08739501918354729
88ee52d04ccee47b,0.1424651889994447
311d0a7d1bc40182,0.07838887368188245
ca3eabbb86d9d394,0.11193328375990871
0839345320590491,0.07147386958952917
3166da0225b35bf6,0.0791438227268879
4fdcce92f68b7529,0.1864402099558815
4c0a03f188fa9938,0.06955730614134044
efd671b84d562241,0.033701445286282314
a1be96b06611a4a7,0.0786882067210219
7c15209ba7808ba2,0.15123718042918025
b4fb7e75679d28cb,0.16995199684650242
095adfc07a65ed27,0.08007910129774494
a19e6a028348c708,0.020995098875368757
bb5e510a6639b43f,0.10189873175264247
fcf27b9cd834eeab,0.030044027943246517
dd9e809656743e04,0.1006154030293285
9cf20fc9b8513a03,0.16930743410348142
d929256e10f5e94b,0.0839790589800898
c7372107d1356264,0.16612924837977489
fb002ae965e2435b,0.055302241337499135
891d7ae2edccb735,0.12929995904702885
33b3795f9d4a8ef6,0.027505702917464316
bd1c976bfd04983e,0.1036174595509101
22d26961eaf80875,0.2215035684571265
3267d0aa9600286c,0.11121329780937084
f85b98ab9c2071aa,0.034620279073281274
4b4c86d64f258caa,0.11638652532280196
af271d6d690a0b0b,0.027337509819827365
8b1bdd0f68e6ab19,0.03717997045582196
aca740ec2df56ecd,0.11280252071603612
66cae06936335046,0.12797115364097622
8aa96ed1f09b6e82,0.17243701184247054
fb089d648c0fd719,0.06811317972784281
b3b39f3310bed9f2,0.08711817553423096
4c9ddb6a1c08a7ae,0.02650550111873044
8dafb6cdb58233f8,0.22719250792549708
8512f25e0995f115,0.13461493784801407
3e89b24f6780dfad,0.14263703081411633
811b5cd3d60f8f01,0.08819454719209587
8cecb78a9a20021d,0.061407860936560144
c726d19506a1a864,0.04712871180860754
bb71d5690f654fab,0.13622576923061927
01fddb547603eef0,0.059137571814884916
c6592de36f791128,0.06149001592999508
ccde7fc6a8ec59a5,0.0581817216822987
ba6d1493e3a1c1ad,0.10679504648796985
7dfaf88276d52a5e,0.13729150464675557
c09d65931e21624b,0.12257178204809042
f9544a6dbd4caa2f,0.03109737841247938
b374ef23d5ca3b3c,0.07820405685496663
c51f8b67a66b5aa4,0.30998502920683085
4793cb7dc1d36c4d,0.1224689670548278
c4a77a4226cf0e3f,0.07740100096821516
11b46e06959d7824,0.1646795477694535
75083fbf03436018,0.1007669392642881
44cc96b7436e60fb,0.1618008870739321
9c78ab8c7f52b1ad,0.06474898979968659
27c3ba5b3d6374ec,0.04090043334468203
09bad77cec8a0ea7,0.10384211542908721
7e5eaee69f7e8e60,0.05298794869488138
9701beed4cb2fd40,0.02714565705296702
a886ee5f5e57d356,0.017473714463226417
43322ba6466f83ae,0.06820752535027207
39ac7a6c910dc826,0.07753759333202807
a7624810eab99b39,0.13313880688757135
27ce336c13dd7f0e,0.04971656903041627
35ec56371ec7bab3,0.10710424595239808
1033972a8d27b8f3,0.19243554759844492
246fdf152b78ea45,0.040537621856848706
67db089b7a0697c3,0.03356502303136428
51541de4865fee3b,0.060713229284132315
2e0ffa5c733d2a47,0.1639062387568051
c307a7a1d2e93ae9,0.1725367460494692
60775afc974d2192,0.0653682320123359
1af8370aec8adce1,0.14098869017673463
7adaed59e375f94a,0.06498954654271284
d3f971f17d9ab0d0,0.037992220657063244
f1eff57932ef0f4a,0.12342473617261603
b41ea8380984305d,0.09196545320939839
dac2137cd3aface7,0.1158418501096492
48da40bf199dedce,0.051707621528177504
2c36f80cd8d50da4,0.02687358552775355
e45c5c285ae25a13,0.10035012831880186
d57fa89c692abe6a,0.13486031242830296
0d5b889f910953e2,0.030265421169256207
a2bb73ef62a1fa41,0.1361729333463858
161e450caac64b0b,0.05630096069901928
870239c07fe84d59,0.19291533904749159
1a510d36c73a9190,0.06583108213195504
6365e056680facbe,0.103228073273878
7e5efd56e82bc148,0.03617025866312327
8ddf8d226ddfa267,0.025893450084005083
aa2927ee663efd7e,0.06730642300888708
1969a71e6c309cce,0.060390352267612434
33e3103e2045fa64,0.03732959187508545
79d3953d4c100b9d,0.24946656569649447
8a0bec565c237aae,0.07978370616560156
e7b2425696ad04e1,0.029707856807999533
1585c48da5187cc9,0.13705382448546674
b508d898d174eb05,0.12384964223642297
ae96ed3d88eb7aed,0.05536635105593738
3780b01a20d9aafc,0.13591350496294194
5d2ea0bc3f49f99f,0.11766155329856964
609566c49b16621d,0.03467342169988267
52a50658bfe832ee,0.12306477937622791
76655f684bc2518a,0.04580305935114735
507aa51e38d00459,0.04559988592963222
e7edc5fb783b818a,0.03561540165878963
3488c9b765c1219f,0.03369242055324797
60726ee6707bab89,0.18528524873559726
724b704c54783fd3,0.029681603587166882
23405c43202f489c,0.05585647263888898
0a275c8c3adc1e3b,0.053498483721878085
ad727a83295f79c1,0.1954354606319847
9fcd517a3727524e,0.08501690191319039
c1a15f34e5189a8f,0.06684262915201138
ee586308edeeb5fd,0.13593642520578966
61323c4c907b9667,0.1572840295623892
dc6ad9b2ea237556,0.2583823201100597
fc261535991f079a,0.042539804613861205
199f8696fe22e8f6,0.04942509618817296
80c803fed1e7b815,0.02560465710756211
b3645ff1881e6181,0.045953809550581697
f077bcf8ba579026,0.0970439692855364
c98984325495234b,0.06917325378881208
2b1acfb2885f0207,0.03584902464449083
58aea5fe94bdc9f0,0.06758868066613921
13ce2e76f9ac9797,0.11032161927091019
585b1ae5f2fdf9d8,0.21503269821981788
c02d00f3c935fac9,0.06664061981157265
961c1ecf22020dd7,0.07836757573743552
34a2c0730076cd51,0.17871486158486025
f08c72208c842a80,0.15714976814116413
3d0365b300b08d12,0.13849404652296654
7698d1646b1160a7,0.04826953537258206
46fe0812a4d6a0e5,0.04803971303513316
1992a8cfd9dcd0a4,0.1646022844083901
234824681fe92370,0.04228799465398375
66dae8fb83f01cda,0.038864574398219005
565a8741e734fb66,0.061337404408430406
85796d3a4623f1b4,0.04155520984141085
980c038df259aca4,0.04098467927174255
847d49fff22ffac8,0.16027316721904108
3ab579aad87803f2,0.02589609665840038
7c287939d256c04a,0.05197104424347787
9b56b63c1ce61e36,0.036179332298055616
2b2beb4ade849fe5,0.10558824351700923
ca97e3a639d0f212,0.06148137240085653
cdf0a515724936f7,0.0940898620049163
f0d9600d63271cb1,0.1616906352046231
61f6d6cd6e8ebecb,0.07637852324032701
66bb128d75c1a31d,0.07940825895978164
ff6ace3df2f93fd8,0.025725793511450545
174f6de5e6fd0ce6,0.15030722243224698
f629016e686c93c7,0.1399163550510882
8a5cd96071aee653,0.018410967674100904
47a56fcce1a48c57,0.18392827202438536
bc218a229f6dd8a3,0.0605439273192386
6700a0d8cc03fd40,0.11023611402667437
bf07422782deaa4e,0.23022452446172514
67e5b268a06fc16c,0.04254664238826241
775246a31de87040,0.06742092000204601
a8c96679585190f7,0.04156752100992004
85e8b073ae9d6cb6,0.12815512183427571
8d783fa9a84a2016,0.31154219570355757
afa9ef8b36efca27,0.02689779504771676
292ad72f433b2ec4,0.04807522390316673
543a382acb950efa,0.046551862778787555
97eee667e12fac11,0.06285271035847421
f1594e042dbd4135,0.03862086238726551
c4acac79bfd54ae4,0.0578733508993691
f1bc5cee7cfbe74f,0.07905765363219226
25e346e1b0340347,0.06548740708112394
53b71602a81f5c52,0.06996683541551062
6d2d4b17736e595e,0.08935170278886177
f652427f39b6f10d,0.355238207924141
1437d0c59eca00af,0.0392887449421069
d8980b5b1d68a4ee,0.1358981436309067
442b8a915014e871,0.09645210772087418
6a1e5bce20cbbd53,0.1682165247362897
ec75dfc7e578543f,0.030327714953657187
94cd35193b228a90,0.34786034161076423
15617a2281e76896,0.09472714137525913
ae22b29ad0d98702,0.04320148554883619
3e5ee530dd802ab2,0.06113355078149444
9304c1771978ab05,0.028117199696486225
635d5bab100147aa,0.08584054749732073
cf12cab6ff5fa6dc,0.11008106910252095
cc7ce49efd47f0a0,0.03456729803310086
20c507d578183dfc,0.13501018339806156
e29e2bc7c3e6ef41,0.2302894896107317
61e270d51cee0fe8,0.09597220961999225
a1cf27e43a150760,0.2485363677628701
9bdddc292578558b,0.046823451215526044
fa0f0cb920abdb0c,0.13799504991459158
95dc87b7553104b2,0.20437792770245108
c268681605733a6e,0.06773930922138938
57f8444d376ead3c,0.15288650183182656
1eb08c4e2e2d0a0a,0.10836993480645787
65f04a475e60bc71,0.10876753401165205
54b86d86b2c582db,0.044529025013765156
ac660728eb9adcbe,0.08524837115456811
9dc70760c7a65427,0.1782792419033058
707fa7577b28c00b,0.03666646688711064
dfc0ad3ac006f7dc,0.08831241759952553
d02c60d97c52824d,0.05237008652412803
68735cd4123d2c31,0.24864357765735365
e7fa76e1a52159ec,0.03433615004928144
8e2a48702b61cf4b,0.02741664297044113
7b4d442d12660d2e,0.04975039272920045
1879fdf1618adb5c,0.10629146007512844
28331b7b0b1598fa,0.04602757938636268
c27a3cd35a718f85,0.05926534842676667
003398b630719a7d,0.03905797840732166
70b9137733db97b6,0.08816657777241964
f0ea5635eb777479,0.11926406117556924
e80ca1e08210095b,0.11627231004951795
033b8feb5aaae03b,0.033146070540996615
ac6a54139c7c9d37,0.13632719273261398
ebc95757b2947172,0.05359728525345486
2fcf426035785728,0.08981492831647735
78996a14f02ebbe3,0.03581541136762074
a87e26d221511c94,0.018579489007206792
c5eddf448403ab6e,0.03496999292085642
e8da0e67e35aa293,0.09687818971316485
88b632eaf9356d3a,0.056788252223279684
85571b011c6fcfaa,0.2250046896478547
9013d63ab473f952,0.13764623908731738
960cad37cffe68eb,0.0599341105552906
e247eb8f78f75a9f,0.03735241780022804
80eaa51c4c8a00ee,0.03319309288104165
35849a3326fb87fa,0.051354205269033504
d95e6b933db44247,0.03504293631951309
c8d99c2ec6082321,0.030278782055705878
c9aea5e1048b2e51,0.11852188444428237
e01947dd147cbbce,0.03114353079965844
ae79b75a13c928bf,0.041045085099217886
ce571fad3257b3f6,0.04023624727895365
a95633f51ef3a7b0,0.036536904665626896
297c6928439e696a,0.1765435033627201
a4d78fd9f9ffb303,0.06702252523605394
2dbf5dac4bc14af2,0.14494113476305912
484f57153280140c,0.10324752450670283
db3d92a2887ed53d,0.11379644253650541
0fcc2eaacbd92a61,0.02333612646705951
3b06de421485ddad,0.11711198072429495
3ab1395e200e5b42,0.1572015522725446
8b607b6592065a8e,0.05053132600463379
a58b1c259179dc09,0.1692713005410012
a84f2ec64cddb96d,0.18730243685748013
794ec7ff88727529,0.05613320273651275
7bec4fd7e9a158f2,0.06279077582837367
bb364b5bbcd978f4,0.20238402596066002
89b648a5f0f0ab12,0.0850546166991911
63de8d6c54817aa3,0.019111960812611198
f379e9f71ba0c23e,0.07947779476288404
a4d79f83a661fa2e,0.10180962693398478
211b21d15b3b91a0,0.047905052850277
1186f6b426beed22,0.0505133042492536
8dbf55afa93fb576,0.1067717967159524
4c37d40f77654769,0.042587855131898424
282449c18b62e5e6,0.16862091805268914
12472f1c83854116,0.13982958064803175
eb624c530d058714,0.07267294538500531
916aa0618dc412d3,0.18038060505643538
b9f7f01f0c234a62,0.157739988452124
d6a72e0c5f8c9277,0.03304306342229487
888195334e946eb0,0.02538583536538695
f1aaca6b558ffaf2,0.061172414908526936
cfd7c6655e63d480,0.20777569904029367
d54c579db2ee74b5,0.03152806982994577
3d05c28ee2849928,0.2497750608688403
88653ba09b9797ff,0.027995980324480123
270649bc52035cbd,0.03565356386374296
164c0240a44d6755,0.07689571330409205
71d79d68a2b92f27,0.10369913125103924
9bb25aadd2b3bdb4,0.18890782068239145
b3c62935a53d8997,0.05965317634868676
e850d24192f9e415,0.03483308684533864
0834b059b33fe386,0.1476224219069773
57cca7c7ea10b6ab,0.04664995726317491
39483c2d8174f1ed,0.15082919428186523
4df07eb70c71ec51,0.16961073567384977
771b30a38c390789,0.06674806928332841
65037a69f9336b3b,0.09031041827437415
97bf39056279f7fa,0.10703669550761159
1a2d12af54623039,0.07221301376407242
e649d739e4cbe4eb,0.21655114664375896
7c35e8ece8dd52b2,0.1320941772221688
4f679f800c6abb6d,0.1672252107861357
42a8a8ccd4f9f9e2,0.026201905069845932
662eb31e5ca29cb7,0.0872123736115138
39a75d0fc9a932b4,0.12638118268361134
f80b6c96f9ca16ca,0.02567665489243723
d1112438bc117eb4,0.10403425973560125
2a23256f8a1b1dad,0.11783324167716855
e3da84e292717dd8,0.056778043676826186
b3da0bcad91df631,0.16305427231507785
b7317d34b8035aa3,0.06371555446342421
263b44530f890156,0.09113951080936945
4908216a464f51c6,0.1368937931234043
d0b576af5fedd973,0.09723832886376033
d53abab056eabccb,0.1010765620500556
9947a71c07c08013,0.14789282840006082
e3f83e6765042b60,0.09192794736159911
b5e1fe2cd612caf7,0.0526445809614546
2c979dd3ae786b0b,0.028007254060389196
37ebd133842ac652,0.13073924059423395
8d7452fc00bad24b,0.10791644652942717
be4d73360ad37873,0.06927733194125392
40b14de62d50cd96,0.4742604393777956
e8b95e5aac14d285,0.03254159173301483
545aeb4e5c2808c7,0.05337142860225439
3ea943e815e609c3,0.04152783074679391
9c3663c00fb99ff6,0.05994343340467385
6806a16705d54743,0.13396318130131224
9658ef3f8e3ed080,0.09638648375891212
72aca7fa36feebdf,0.09452310459215824
dfe86e43c4930991,0.10891408371847647
4f82ff5b5651d2f0,0.046885120041425664
d13da56afbdee207,0.08250735650783263
0dcdbb940af66121,0.044415810399568025
0e09773245767eac,0.0393388318459518
b186bc9610e2b533,0.14421166630947665
d54841a2e0a4cca8,0.4035282011640691
166c017caddab251,0.15667537191584777
a23f0288384f2f2d,0.0667097894204935
4886d310e5914363,0.06700243622317238
41edfc6111e88f1f,0.04321927139502841
0f33a4c86170e40b,0.07002371993944241
19bac5bcc4414e66,0.031463836623828186
88ddba34446d1ade,0.07135403625659763
a8dfc97deea7f5fa,0.12554036830672574
fbe5da4001a21c4a,0.03189239894156191
8ea535444187b6ac,0.05283060667518728
1be66765efbe9174,0.07298579679193075
05f16b595e33f77b,0.052298025550154836
3fb3259efef9eda0,0.03743881126688778
43836f5657b092dc,0.15458859088439114
26ac42441170201f,0.16364476984779855
12a4ec2031ef6174,0.05713247841161364
d8e7f33605a80ae3,0.08064932299202603
d6bde3bc380d8735,0.08489943025027598
9e0c178f3e852551,0.1853661208948839
88a6149ecfb1f651,0.07531986416580057
54a33fc8125490a9,0.05649978298434482
2930f4f063583542,0.05694037328904503
5092541f5024187c,0.040085480037833736
e78a593c9b385330,0.09658191245819328
a09be3a8eeceee6f,0.1519345556261695
7010ac1b44772de3,0.06742015786308174
49a17880c454c7c3,0.045222512944600335
4e36cc0f1383ebd3,0.11984232795586174
ebdb25864f6ce1b9,0.03938428207290858
bdb72360a5581c6d,0.11411686575082908
8c698e0fbcb6a090,0.046776954878290755
9c350ea7550d8378,0.041559297051944825
a8b88f7bb8ca6361,0.04895278297626523
3d326c98287fba6f,0.09275030990468804
f42c01d8b045f708,0.12341265497810311
8e5d62b3ab696aaa,0.023747354889185255
6224caf3c72e7ee3,0.07115562176810426
926fddd6b2ee63aa,0.019813281966089658
922cf50522b3b88b,0.13303714727336027
7d0fb10204af6166,0.1851147152003202
1a76fbd031e39a6b,0.2261184430567563
fd68ea29d356dd75,0.033479486854140816
03cc36191251ada1,0.1299623676927271
99b5bb0b92d8a55a,0.05534618393455583
aac02a9d632924f3,0.029749617694609487
5d220b8e18201d3a,0.043527661084512205
14fc1d6fe2d4e69a,0.17791986725549216
35e119f52196b1ba,0.027024348145409365
40f1234b5a30403c,0.11676460465894199
d59ccb5d557c022e,0.11554656613137611
0c385e728de38f99,0.06480622588054245
f8683477a2ab2ade,0.15558771343142286
511fe8f39056b9f0,0.07520257097851268
c99c5d897170f156,0.10669856418215051
9d753071d21e6c36,0.06016105003892314
9e9289f66961c664,0.11371555170859791
5f8b0d75fdfecea0,0.04982525375215949
9dc13c482e059e6f,0.07831913783339356
3f87fc97c66a3191,0.15239365577377034
1b3f3ffb589858e3,0.03740383518806487
5358785efbcfdaaa,0.07355342668215845
57193bdf5b9a6b42,0.1250477320955212
4ba6c061c5bcb057,0.5898790645078988
218a85cad268eab4,0.16862309755935997
f93dbe2cfff78101,0.11589557689828267
a8481146cd533ccd,0.12084723366801685
84b0e8fa750b7a33,0.09069595499408473
fdcc76060f099b01,0.031569991675613245
300a47eca14f8974,0.11201920910943182
14218faebac40dda,0.0677053208415414
6df2c2d2e3c3a7a8,0.12315650210686528
73b49cfc1f3e9dfe,0.0276232912274187
7f686a76e0a43e5a,0.0847664966863593
bf81324a27520bde,0.11460295574922184
f5d463ec64cf0b0d,0.08271103834334576
7b0554b8ca04f697,0.05029279951358963
e1b2fbbaa6be8596,0.08847421040320919
1b881aaa4217102a,0.07584715856448833
c212840fd1764342,0.05031199100483108
ef314439dbb365d6,0.04207838296697838
1772dc13f02d39b7,0.09310763145539709
b9ed04801fc7a354,0.05217193239210618
105a3d1544b0f94b,0.12000074963969226
78654baca9d1378e,0.22257978954375457
9bc2056512b6d4b6,0.04886928367691506
09c4cf78e2e7adc5,0.05393516242245544
b2555ae21207d05b,0.12609055243659878
ae348fe15c764802,0.060152238091219445
f0124c71b8a4ad33,0.08832884888983644
b56dc4e690b38942,0.03878019943972117
f780521ce14740f3,0.042251653632495605
dc6f043604dd54fe,0.084196351908351
e07db4ab9d64f3ee,0.10794208961451418
8afd23b140e4bcb6,0.12603703781107467
11bdf36dc7a35404,0.04192203350879257
4996a5c048b055d5,0.14549063597445874
623d8021b7d32292,0.12016300911221724
9eaa2f70288d4b3f,0.04815246410554213
9b0054be7988059a,0.08148733848781452
3952d82f6df456f1,0.03950462402775879
8533f9a63a9367b1,0.07102275380641519
391d9fb2c3bd6fbe,0.025111711925197993
101b529dd70a1e11,0.04208830648610862
85b19b6a46b45156,0.04205336894943092
a4b17c05d90ca2b2,0.08576938004012852
194ecba02d51bfb5,0.036644887236021564
20a12da2d8890e93,0.03809729592835469
2df9214ba1de660d,0.07921821539463413
bd7e307eb75933e1,0.09053785966648482
5e0b0dbe5ffe6e83,0.9535794232877842
bf3a6cfc9a1f3c80,0.0634848103967921
82ae8090ca11b2e6,0.1321166328803668
4901ed9747386ca7,0.12424134638481053
53084b49be13c52f,0.14377918367349182
0263cc51aa1acd4c,0.08817660228709741
41e313f2355b137c,0.11875745663245393
51a37cfce403f12f,0.05384346931215674
df4f484e6719459f,0.046921355769839364
de7f255e061d07f9,0.10138838765811327
741683772f1576c7,0.16589441452520146
54c7fb2af01e96d6,0.1653696350486476
24c542dab399c685,0.03194835973595907
a1230bf06c58290d,0.04472124242237138
900e15461a12870f,0.1693760525492946
c089536a25834f70,0.05225391373240797
afc3286b544f0040,0.1566266734419145
c61465243a2221a5,0.14123264941729824
cb1f20d4bb93c243,0.04869682941571202
30725d20e5558b56,0.06376381450241016
94ce3e10e75f90a6,0.03392902438742083
48d0b89d569495d8,0.1109470703886661
ff1ad6d36283f697,0.05098970314229495
72be68b75d2c814b,0.03862982158137209
e4b90062b12b7030,0.14661774306578948
d6323a665e446722,0.055430973281863916
2d37f4baed1667c1,0.09258098350430732
05781aee37a18dac,0.04101575799005047
de24d558a18a9f32,0.04617986503074658
cb44379989560ff1,0.04596591540057413
eb333ca8ccdad2c8,0.05543965044261754
1d5cf29e044bf468,0.14254281227099594
172401cbfcd665a3,0.13871265631839494
8247761544773a90,0.025337857823682343
5f2c0797f7cb831e,0.03537104845016565
a7edbfd2acdf8ad0,0.05907769440374689
fdcb685349aaef9b,0.10393020500416812
1568e5a308c50e7b,0.12878494744024263
53f5f1c7014efbaf,0.08880862522622827
e992034fc58854a7,0.055609914579380804
b1fc334e48e20c8a,0.02704025269346061
ca9f6168acd90b8b,0.030891356205175764
929bd47a71c6b958,0.25741911741615814
f7ee05e2b2ea34e4,0.0648539582698358
2f3fdc90e73536d0,0.03675183980506089
b43f6d156041778c,0.04148597520995147
6b0740f130757056,0.04843455348493847
9f1200bd8ef18393,0.07661271415672798
bf0849396acf9180,0.034086869818594344
58f62b02898dcd7c,0.2894184306423325
825b360a284d4a2e,0.03345364752544994
0274228343b0c7cc,0.20407270422312296
746ca6b736caea7b,0.042378202278018494
69cadc81ce7e015c,0.05437601511305881
295dc3bdd969b7cf,0.08777869523473221
e0c7aeb2471c9ba6,0.16486965233203696
a7c128e7baf08587,0.0586082632640742
74ac5ce19092de45,0.0850004170147433
5642496d768456f0,0.15763065872030044
9568d09b37d48147,0.1142194126680779
687eb07ac1ec9aba,0.0689238992250703
1131d59f818ebfc7,0.04890983715875444
70d46c4ad271dfcf,0.08061505457223284
333d8235e3bd1acc,0.04860567309481952
f9dc0ee30937f393,0.10017947712025131
e2e48b863ea7d61c,0.1049161393264585
96ad67d29a15ec47,0.10801876290918658
998b0ea49069c858,0.029362983481109422
cbf500fe483dca27,0.04583929902351341
32889f39f5c7e4e1,0.05023682087313843
f87241418df6147d,0.09438367778497171
afed174cf13b9d7f,0.06204288880982134
d52f3c40480519e8,0.14852457941461059
67306d595867bdca,0.031585747397997126
dc439b5c79486948,0.06851042692137399
35089dcee9e9ba1c,0.04553182388548032
61b5d6ef5f241490,0.043967495068478614
45f5713dcef10264,0.08460672921460943
2a3053d58302242a,0.036978558749317825
0998f38d4d069491,0.10499706855730086
accc2c8ae67e6063,0.02589493203962162
9f5292cbd3806d79,0.0475265931879369
1fb85b95e91ae45e,0.055265551095394994
faa0394464cef2e8,0.03029893924010717
af95309c63fadc79,0.08383338083024
b8b45d6732b08fb5,0.05994055010210414
66966f55862259dc,0.07548362987530376
608333309da6527a,0.13847847841387428
36dc5921a7d84ed1,0.07900192983414601
27813742ebfe2b33,0.0863479562776519
211d5db960ca61c8,0.029337043567177368
5b186ac0d11513b9,0.28130656944182175
832d1c008bc3ef2b,0.1295583222740848
7d4e4f8d7d40dcfc,0.04505568762504116
f0dfb22c3a27665d,0.1653992757648776
407451c452cc5d17,0.20044240778740105
56928312feff0ba3,0.0959173951770836
9454541a6582c13a,0.055039964556897865
e6e2f33f21d593de,0.02921585739395578
eaa2910769614f8e,0.0257036648480983
127bd9796d970cc9,0.06767536228872283
169858f0ea055525,0.055866815042801284
47a3a9c393a619bb,0.03885518482873322
d25e98683c74aa8c,0.09375272665435519
4f2ec1f813538809,0.10501123977755193
8e5753d72777a9ac,0.060336412370422456
d9cef172341ac628,0.41088699646378657
d2c6b2e087495365,0.14456143217764478
5aab483da67d16b3,0.10069454424781085
ad319fa45d964c5e,0.15909811181587458
730d677b8c968e37,0.046299555195474754
b1e38b684248bd0f,0.1440557752083882
ccd097c32d7ca7c0,0.05537036822921482
4cb0f5de29f8b8a8,0.10233884314023275
902aa8ae7819a527,0.027432104630976704
36cc1fd78eea46be,0.13740944199233132
5b8a6b0aae157e06,0.1319394283341982
d371f4cddd5ab580,0.04025760663007467
a07311ae113f1cc7,0.13151410204267047
8ff382f017152a6b,0.11368068408702857
bfe18fe096f61209,0.06215718764508505
97f3a3f55f767d91,0.04209437174980313
a4058a2e4bbcaddc,0.1554989652091463
6dbcfd20040642cf,0.03242334951837718
42a6b3c10ef18f02,0.08985233491676421
9d7f6f4e136504fc,0.04445597963548292
0165f411bc818cb0,0.10604688445193694
bffe1b12bbe69fb2,0.1161710823809545
e01b40b1d6f30df0,0.15661510103755039
3201c568d1d26470,0.14640968323598125
0affa4eadbf1db83,0.1826619859853509
ddd3b7b0ab9f40d9,0.12982851165605894
ec738c2ec1bfcd80,0.021749429583817596
906a954f8e1fea07,0.21374608922161165
cdbfc59fb04fc180,0.18332918860721686
2d4770eef88200b3,0.02619694080550944
3d18600bcebb32aa,0.08128874444564517
3e050322f92541d9,0.0598390333195426
1221e13593768788,0.05159495268890194
e7ea980a9b3cc8c4,0.09107740592992998
398953f786ac4845,0.173418458616274
e8efc32edeaa174c,0.1473086377827134
49f061e869ee997d,0.09329140588483557
17668415b4ad9f20,0.04874461729743184
81e71cda520c7c11,0.12772260047829131
7c48e5537ec69161,0.05742082005749281
7b6ba45bf7c43e21,0.08838270553034522
9cdc08694020bc45,0.138698103372971
60a026b4a766753d,0.08023885158940794
719db72fef47ca30,0.04596992932782962
c0b5b808eb068fc6,0.12456659727400578
b20616efa1e51758,0.03466372970053183
d1c2190b7e54ae51,0.030232023746133752
88d71cf388b60bf4,0.13256293757308138
c2394a42025bd869,0.22401252270534344
19b165b652dbcda4,0.1492559803735328
c17841139e5914a5,0.12851516054238904
5549a53bbf9d24be,0.12114187335639898
2da830aa5b2812cb,0.05495257901223369
fb36e8ea3112744a,0.0686507881339518
3dcfee7f0efc084a,0.13930942158046114
16a97d3860c22e1c,0.15835627745036188
6322b2e3f7dca7db,0.0772974501748444
a48ff3331f89fc6d,0.10006246573950221
e07a96472008d97e,0.22109501386281527
42af4fb223127bc3,0.04475968286864939
4aa484762f1d25ae,0.12008656890242114
c414fb964c9cbb8f,0.12536316334531886
397cb89e6ab8a959,0.13884088152668494
2e9d9d9e0a6af0ff,0.10862390182668495
fc32ff9c59a22f95,0.02299258061583777
5783d334ad7f831b,0.13987885670080405
dbaa31f9fbbb6219,0.043927823382576385
93eb228beb06de30,0.03237300970861757
482d6bc5204e5ae1,0.05941928488410045
7128efa4863f0362,0.10517890383067785
ba5809f410734a94,0.06767923061123117
a571eb5010a2e299,0.055261534366330786
ad6cdd09fea09683,0.14007078324449634
fa9d2cf12e72efce,0.13974256144975122
a8ae0f9ef30ce81a,0.33786524607034235
3b234a17219db0b1,0.04393015087914534
25b24a0734045bd8,0.16392863987510314
771f41a483c9f8a5,0.11310769819757456
22a6c4ec274869d7,0.11316870278408749
e48895820558223a,0.0490860324749632
02c11767f29d0426,0.022773679150968142
d686fd200c65923c,0.19619787175108963
adfe117f01ca698a,0.020008227147149074
69f3b49837e76dc6,0.06598870602750688
2e72632e2ea73631,0.037410214814785396
3207b91e24e27568,0.04292153887786499
95f22517cd16a7c2,0.06602397909338302
543936caa0e83a72,0.05407385894201894
58c5c659df736b0b,0.04748579124908696
997b65e2ca34d529,0.06003717358807567
75bd9c566434eae8,0.03959392727514989
14088d0f66d091e7,0.17158099751245445
4014d97b63499622,0.06933521108735201
f9d10471eb47111f,0.13166455937577523
545fffb7628e26bd,0.03015922071992665
9c45d75bebd4d820,0.028406743461739218
f710caef77284ef1,0.15067446199409593
e4bc3c14c4f4b1a8,0.11457014601892745
392b17be6354d3a9,0.08322401805566564
9cc8d07ee090f377,0.14949976365402629
b2fbccdb690a2b84,0.1033021430120389
291257ccaccf9d11,0.12001306027334441
c9022a6ee3a5d7d8,0.038133621054890786
19a688707e160732,0.03886689459328085
84bef4f5323ebd93,0.13499800752046678
a3e5e1903e0e9682,0.06794983887790777
3b0297530613b732,0.03010208904914004
ca0fa3062d6f947a,0.14177570652102844
aba2a7eb167c6548,0.12354718225303346
7dace0a49f811059,0.11445203167964972
522ed32d9fdf2d72,0.10083168615651993
8771c418cc219aa1,0.10471715901171051
1b8f8b528f041137,0.01841396019766978
a9112add272578cc,0.07321507230131721
e722b584b816d2f4,0.12885205409019254
324dcb8fa3962b96,0.09329747656861627
ee84f939a7ab4e14,0.1566020753968659
f7a5683abeeb512e,0.052574871359978015
788dec8bb41081b9,0.03536839075240019
20880910f50c0159,0.11324913711752972
a55d2babd6ac6e05,0.0405428674509159
7c5af2b41b2f1889,0.0899711255471916
af9599e0e687edff,0.04704191428198906
96de608fb997caee,0.038547243547303364
ef99f60d68f58a7e,0.2786625093072607
59d2159096523cdb,0.2545194958505339
606abd74dcfa442e,0.15855928551579862
20fdb4917e7e9401,0.04461924629962657
a3a5ff27339bb075,0.12031357789481088
b5ecb5c63b48ec75,0.2033468902967216
0a039166594e063a,0.0291981117641765
62bfe04683f51a3c,0.08316526820907046
b430c4d5161b59db,0.1596383499134599
a385f4145be5f5d0,0.02918003547466623
904e0bfdad64bd43,0.34359592761485963
0f4074528657c491,0.15627633296948928
39e4468b2f4b7935,0.10151148361573722
9125b00413b353d6,0.02782691621558497
fafd8063bc5f5cec,0.13644749319743738
6b06401ff364064a,0.019118293015360593
e5c9addac3faca6d,0.04031458124083347
d12807d748517f6e,0.06159384319562652
828de307532bb29a,0.1715663428652506
2799da617b3128ab,0.02761562101952249
7b6d6ea6d9feff86,0.033273018767759656
0627c402fd75fb9d,0.14460277852324166
a1bb99f3b749279f,0.06784426079046489
ceac2c53c27234d5,0.02551763103488126
9b3de1b793447910,0.039401419121748944
76a426cfc81a4d2d,0.14319578487504311
abac3cc21ba1b309,0.03540563198986712
4e8b9323fa254334,0.09912084646871781
1a4205578a28486e,0.14831842224802833
fa7dfc3f7d4a1344,0.14053291464778978
340b1651b36c8645,0.05824989636472246
73cf2e26157ed703,0.13633170125085492
87add43c2ce1b06e,0.11006497212174093
01717bfb5b3542c8,0.11791224713941105
70ca05c9213444aa,0.07713902714857081
0684a9a80bfd34b3,0.04771368012515559
8c2ae373e2809c29,0.049220451178245216
331341a7f1c33272,0.11900145181437434
97078c12c161c701,0.07069784530266916
4ddffb1d8861cc54,0.03665431144488828
2dbc5e3027b4817b,0.08378537537227786
8fcb717c71bb3cfc,0.043916200608266016
58ed220fa88a029b,0.02870477749173331
fcad4ebd837b0031,0.03514238572411247
0792e52fe2c9b711,0.122140123771101
576de6970c4ba90c,0.11773800813548554
930888a00b16e315,0.10501263838297066
bb00b59f720aadc8,0.09476597921465897
05aad23e028bea27,0.08171421204702471
0ccaef7346d2eebe,0.058555008259013046
bc31c0a97c89dac1,0.11246077721413517
239478b0c695aad2,0.06713686176345625
6d59238e91d3c6d6,0.08067639851574991
02b6f6002980042e,0.11054065938693076
0164fc5fb575ee2b,0.09490874616761888
d8ba5ce01fe8a09d,0.10558612504906455
173b378df818b167,0.0273279289125129
7f5edae9b09a208c,0.10727095151492679
0b5662c2a594c20c,0.10151798906281438
55ba1dbed1a641ea,0.13162897349718494
c944ecb134192652,0.17709096468944727
3984b7d478aec2b1,0.14591214438783562
f6ff304e4f459ab4,0.162009682628166
a49951ac9b42ceab,0.06601268270337786
4b48ddb6a65e584b,0.21063976187085554
624009526008e265,0.05812027693878275
9ca1f3fd0ed031b3,0.11925501067117728
dd7e10345355a17c,0.06810880306927909
a324ae18d57bb12f,0.13896334924361173
f3aede6892999fdd,0.06261839718659466
798f779dbd13fb6c,0.21496250917808482
21481b4c28f91b47,0.03460622307088786
8529066c088169cd,0.03136698653951903
7e93ed2093de4112,0.04912415330079817
51687c7ba8a553be,0.09764912221804661
4ad8b585409698e6,0.03325974554364963
eca2dbbd4829118c,0.1519844591181981
7a9bea3f50549e57,0.078622783756588
e53cb4d81fe012e8,0.10362711954765602
25e3af07b73ccb43,0.05717358169836914
939b59f220b94ec8,0.05545400474614282
9618c75bab14bdc4,0.1962488623449743
2ac483615d4696d4,0.1723543407384293
b357b45b22852d5f,0.03148408553596422
eed158b983054ab2,0.030220690675975836
25b699ec3d33020b,0.2918597529429246
fabe692869cbf6a8,0.05962348030339967
e30cdc55701f891d,0.1129636241594134
4e247c59738e0754,0.09721195252980604
eb6c93bf83ef9f01,0.1265803552794456
4b2a51b89182eb2f,0.09105324498009597
920800c7a752c35e,0.024108591383381294
00e3f3638706ad20,0.0892493000219647
3b68344f608e8cf6,0.03876568421180217
bd0092d0e87dd02b,0.0728655225368499
d3020752ddea13e5,0.12529967547816637
679a41beeaebf503,0.15056598514338498
7fcec9e71dcf18cc,0.04870608334452573
735724a234bf2816,0.1076952553572826
31cdf3e24ce53af5,0.07992432534569917
58b83792be0f6321,0.15255910231935113
2a84a58cf96025f5,0.029617264830769822
9fcedeea63586bf0,0.12885728127729323
d9de7aba8c682fda,0.028820209312474077
08572215a3892815,0.05535735798532836
b488884763d551a2,0.14357650917747813
c30e80405d6e58b2,0.03980908954574366
0c86a250e70f6eb2,0.07856237256972468
a11c15fcf4597f82,0.11946612820815126
2caedcb4ee1a4103,0.24555177585843824
f91d05eaa3df539e,0.08421458752899875
8bba0a98ae140af5,0.13915722651176804
a987e81632676043,0.1069987030574143
f50807d17b5c038f,0.14606867306785054
ee12454070596716,0.1112249158156207
b6e0190c3e5766ef,0.2190244523018702
a57b30735e272a29,0.029307234268989953
ca66fe2ee058013e,0.12732309584572782
1969a8349757d32d,0.11358932786303193
a5bad4f4702eb96b,0.0431715792125309
2f4ee5ef7a9e32ab,0.18146147753331912
abb1f9350d96ed70,0.06501374412830067
8a663152856f606b,0.04065434430424824
5965e2be33eecfc3,0.03485889445198396
75414a1e69d6f205,0.07905883979067645
0d6362f82430762d,0.11105180834809698
cded8976cdbec569,0.0883929616878994
2f21d9cb88d7004a,0.1315658895524319
bd0809d01c93396d,0.19090482533005373
d368fd4152e904a0,0.164011764664583
7a088b0bef4cb74c,0.04961019292809323
dad9460a25f9913b,0.19130209830634604
50f138449e3fe2e8,0.0943996062803782
53eecae41b9614fd,0.15071167753856923
c88755b5796bc0c9,0.1542816728425454
1b2bf22690f55b23,0.04724788648116709
4c0b6078692f7c89,0.09708214903598765
d310596293c8f04c,0.09359061313695344
3a724ceda4c76f9c,0.027598507471236707
57c2219b4f1a0a5a,0.10202247768992648
6069a9ccdba45516,0.08382337534762119
504a8185dad726d7,0.10367859987156618
c950477e87d58094,0.0390392939009249
9f1e86207b2be555,0.17656365776024208
69051b19215e3e0a,0.0800426779595314
7f70b72d97083c7b,0.1054214915756297
61279ec74a6d3645,0.05315395105749053
4a35368f7daabf53,0.07190515939579324
8730f5f1237b818b,0.025716771646658754
f9492b545b552f5b,0.09461300969776962
a5e99c4117b486a0,0.05723131675731746
c10ccbadcdafc1cc,0.029050800537155363
e0d15a865fdfb988,0.0419332268876604
eb916f460ee1b545,0.0809336654970232
1b7bb61fe350c5ec,0.04466002420033373
03e5516590f20096,0.06204062203849028
18e0a9eb3145a82b,0.048990823031742514
39cab30b8f09a081,0.2779956484141012
dd47b13d3aa2de79,0.04601872418077696
6a431bf1b07deab0,0.15386956136162322
2b0db9b43f8d905b,0.09217223439096388
363b638b117d0e37,0.018703746630767803
87518c28a26f4d41,0.02156997096194276
3e73b6c86098ef20,0.11667363487115168
f7580d024f627389,0.05181082339884673
626946bf85055423,0.03441191607750155
1d4ec81574db910c,0.08486664205365901
eb3384eb6ec0ee10,0.036502348129781724
ba1a0a18164d2ed4,0.04356020959900662
8736a356e18687f9,0.06456472478788987
f66ad6f9a0d13057,0.06556294141884285
6781beeb2a94c80b,0.06696268737019961
45ec50d9e9b762dc,0.030617674288564
f993d49be31858db,0.08719872661177554
68630d40b3d8c8a7,0.08398491489978739
790d0e863cbc896c,0.04817959190046874
6b9f40e1b5440454,0.03515752581741863
5bd12aaf1d87cfb6,0.09938771058322869
9593f8af8e49622c,0.034617935544633764
7787873ef39eb65f,0.1399451678441995
3b43be2428bd133c,0.06232817510146308
51614174133f7405,0.10669318578500538
90ef1be7933c7d32,0.05020540089333816
b9b0bc5968838ca2,0.053045233113829936
34854ac0b59be9cb,0.11755640254863092
552972fc397a3d7b,0.08802787278749007
538cce811be930f6,0.16464931977594083
3684947575a87995,0.28068490382932315
3458934dca749c27,0.09937838390175587
777593519303d6bc,0.10898393038248283
c998d0d7e544f18a,0.11753194949211038
a23ad55fcdc44126,0.1511662187218286
628f59b52e0f1abb,0.18670676790192678
f55fd4a896009b37,0.04763479664002331
891966bf8125b263,0.05862581091606547
31a036f4acb27daa,0.08212180374241486
b329a2756c4e7e5c,0.02710745372293556
4abec7b3aa11b00d,0.07272369268067932
506d7e6eca5fce8a,0.04679279070296627
93767eb66242b1fc,0.16748366354400734
f07f619af08f71e3,0.2636427109253637
067779ad870efb29,0.05218340575072586
5772509431f3d5d1,0.09667793389926384
562161d24bca87e5,0.029758855148392317
f3e2eded68a25564,0.08999435394559303
4e9f50f16ba04465,0.043957287509772756
a4208a55db792b95,0.08413041492005432
9540d1c34ce10213,0.06517496054739653
3b047ea1a379c251,0.05877737153150094
90c24520deb11d2d,0.04384013102253218
174bf54853f8e212,0.07014454160261266
e32af9607e1574ac,0.032424565649280986
177d7eaf2ebe4bb3,0.03052888256700059
1d3872dea5918cf8,0.17790671300127706
b6641f418df5107a,0.0845481904848313
7b0a91f0c2754446,0.1308283586404086
3074d01b6d512da1,0.07751028512960398
a1ded8ab2ac8cbc3,0.05632451229299625
99d24231acc81bda,0.15505858611359452
ff0efc6b635f0dfe,0.05660846555512448
4b26bc2a5271e828,0.0587896047360316
323cc294321346a4,0.09516922047601836
1c5da1e20342a0bf,0.08464943727416936
4f414677966cf8e5,0.07646176807500979
a08962f7cf8ef6ea,0.21453303710744795
e6778d3ce59810c5,0.048811431110003405
944d32b8f9e9db1a,0.2343135373338768
e5c8bee2002b6ca3,0.16354166356985753
fcc9190b336ccdc9,0.042032575099088344
d8c0de2ec20dd583,0.07926497065501095
fb55a45c51379250,0.02783489957599707
d6e81f789123be62,0.054064377462628654
2653ffee6d9f5abd,0.17996584071507274
daf885e44112d6f2,0.11838538332928937
a75fbb195a5c31b4,0.3535779887401184
d6946d6a1e5de8e0,0.06576737176898102
262eea09fa9fdd15,0.031171743127277936
0661f0f9daa76a96,0.10340197810384712
3796742963319893,0.20600343583938663
b7d31b3502739b04,0.09613419923660911
ca3ab2b2441679fe,0.09458243333903545
6ff3c95261a2e60c,0.03644015922414775
296198ef516bccfc,0.025961453505277256
fd7387d23f2c2e12,0.08414767988226513
705f7c9f6f9a1ddb,0.03249204511605474
664080d9a44e09d5,0.03570938022069185
d7bfb116b3f0171e,0.08523246586771616
df7650f2e15b685c,0.09972133753569629
13d553333a49e1fc,0.031886345826882
d60997f0da2b3161,0.02892845237262436
e3dc5b0748d9d1be,0.4306269610088272
126cc7a3354c3a59,0.03304323940063358
68c831e307f80c40,0.03829740130783719
4c10437c6f1f749e,0.33997606370099426
4de56fff18170df4,0.04266158058671837
93ee64e43ea9b0ac,0.0987047283208756
622e27b7a834d371,0.2453168423443512
8283fa9a80b68052,0.05656900652029459
3cbb48910802e9b0,0.11175685626963283
898c4451fed60e39,0.08036447117641801
560b7b7af9fe8dd1,0.09727696099922
bcc595e893e2a797,0.060597838476450484
cb2fa098224a9f0b,0.09952590683881218
9e2a88f835bbb5df,0.11597302629001097
07e1bd9a166bc257,0.1547615791844194
10fdd890be2462d8,0.035457443091965815
34a7adccbdf4dbe6,0.14077468614594638
5dca94f6e13922ed,0.06477504399120568
be032af3265ed2f8,0.2474774063862002
afebc493854ff065,0.025367106171729128
755bf2132b96ea88,0.026979206531114228
11b6872eb913fe4d,0.02948064042673836
5a73131a74b5e6f1,0.045714361495843576
a1445f34ce4c970c,0.13582610373229392
c84303c64f096b4d,0.10624206514453634
ee5a57da13fbcab4,0.1703000453365521
9e237fe51b937f8b,0.06058295243984511
04c0ce452fa54511,0.06964722478486696
e4cc4cfb493c102c,0.12091984260697913
13ec6848e5d8c7ec,0.060478012351010725
8b117511fb3c0bb5,0.16133674043959584
45109a7dafad71a4,0.3177939080882912
be5d51769b283a70,0.151881113106347
4b049c030fc355f2,0.08352242176193507
e1b125afa19663b9,0.07744470085055545
7f5ee99bec52fb31,0.2074017098302401
0ea477a7bb524c43,0.06616605899274826
b2ef814029a4593b,0.1151899707629353
54642bb90de7c651,0.04040816205414399
5562db51544efda6,0.08600448198757969
8c3fc61ec6b0570c,0.12192677285411622
19990ada3d732a59,0.1012465162371578
d4a097538c2270df,0.09026228481441011
a8e6780d12272bb2,0.13747525506360414
0de7c0afdf2ac64d,0.08206207652454231
ec3a682eb391eb7a,0.06863927153270005
de499b3d3aa77620,0.059243892558014745
bb95d7738f26c137,0.06979838053014552
76de6c48fb303a99,0.14118133637194746
f54db052a2c1bf61,0.18298686919810989
d2b45f024d0f9012,0.14544270980570104
26693e446f60e43c,0.06337021430316225
00fedb2a014dd220,0.06369968118911883
8b353042d65300c8,0.0685211729896281
90c55b1f3ca98c5b,0.030817531519726143
b874c35d79d74f6c,0.0963198069436099
d482eb847a0a40c6,0.0581489837991129
fc4d3a97478802f1,0.07834140164765804
0a7a2b85838db506,0.03125125048620978
c697f27fe38b040c,0.047181832497582545
a4d2009627d556d9,0.11479544568337934
1c403f2124470ed4,0.04466340405475283
33627e42df750fa3,0.026848797513625178
ba9bd925e360f225,0.06823724995502607
ea28b791d0295ad0,0.10797109389945705
d149d439304c8705,0.028837970123699205
536b709bf5515eeb,0.03711877742179321
88c0a8061e7a3795,0.11074030902719245
8764acb490f19b62,0.041487424020199636
417f76acebadcb48,0.16246186192844794
475869c5be3c507b,0.06779531921215727
3ef8009767c7fa25,0.18412485717767604
b554efed5fb706fa,0.15482086148585458
84da50183b024285,0.04890601009418851
a4b1d18f46aa981c,0.03603127967324762
9b47e555a004cdae,0.05906512351068325
ef262814960ff13f,0.11396090637464257
5c0868ac8eafc7f9,0.06020168141715213
db15a0f6f796aefc,0.023428073526596177
9e813d48e7fed678,0.08920226320120646
7e45e93f027eadd9,0.14578840661769324
bba24189518e4411,0.15485327393932014
80cba429bade3fd1,0.033814698068420385
ea2c64045d0a1c12,0.1346855581385077
6eea65bf31a2bde4,0.03285028861133434
986a532aee033e7a,0.047214341396077136
d254bc6437766f3e,0.04340297586856671
3c2c4044a5a205b7,0.06574534435163704
d1698b7f7ce2ac63,0.14855932896400353
5615043a1f36b137,0.03220299246048852
fcb9321c88377fa5,0.043262884652191524
885250c55edfcb6f,0.08908558176333281
f48232723a1bd05d,0.22602706589774646
27b4eb77530a112c,0.035144433751757326
98a1669bde0eac7b,0.2157825074136296
c85cfc3341c8708c,0.05594721261118181
8043ae38af9b3ce5,0.1165356800279627
babccd7388fd8c21,0.053138561170097964
28aeae730b623cab,0.041760406972929674
4bf1da87dd838f3f,0.03052749413330974
8da93da167404e45,0.10807208912254379
4a0a3077b5581645,0.08650680471169235
bfa2d19017923568,0.08788012396906476
5f6e00c966c5f59f,0.15249453687191472
52c9dbfce9f1b95b,0.032884673254643594
cdfc3b9f626b0845,0.09928015749820229
5e6ad4f66342dce9,0.11013439478601177
42b0a534c0da50ab,0.04450506768809167
e454a16a94a43530,0.06903570982507863
1b6c9c3629bff42e,0.16280338119389948
3d4ea2f562e04d67,0.037367778348356646
e5e88946dd245e5b,0.09262079668644779
7c08fe11ea59472e,0.11328216408895345
48716b8ef3837856,0.03488276368219809
22cb220fb3d03ef0,0.13695152035154193
ad38c3a4c4f92dd2,0.029828997121936412
439506f46710d418,0.09646086749830311
e6d46d90ae71b635,0.0876382492075311
cc306ba2474886f5,0.0337743525762235
c3dbfacba8b29888,0.04383469194144036
3349746bf536b40c,0.04798117026168608
254dff7f2f5e27da,0.03944297770827852
5f715d9d99d8aef8,0.13007751355041494
28877bba74273a2c,0.03188698990602751
0837f11e1dc53f72,0.1421152973067487
700d9c6e6406ca13,0.1329309427886783
6e0d475eeeff64fb,0.09021002070646773
36ba7c400d24c8ad,0.030454519942432354
8c371f8737f1a2dc,0.5755231677309628
163b4afe1f475ea0,0.2095091928747611
2e2c632a9af9b807,0.19977701507194698
a891091666dc0643,0.13776396898506557
a990b188a8200e9e,0.02909977711364059
e0da7835cc3694da,0.10300722740335273
6965bd28dc460b44,0.03404410213790417
84b4fd2717d4bf2c,0.044494582031688344
0544118474e570be,0.07464709113666324
2437b2d4a2e8ae82,0.36560317653395624
647299fb2ba00e43,0.03565932662917388
7372537f1eba1dab,0.1408823441420919
8854c27e996efd14,0.06973428701905396
380235b034a986da,0.17052602215825538
a2d407f16ff373fe,0.16770832988836895
0ed19a3a868aaa3c,0.05918265380354295
c173b6242dff9b1c,0.06931424214195589
2043889f64f744b8,0.104937391703183
19989bc6ef928517,0.12947273100320997
d0665c65b0cf8d5d,0.18549278645020525
2b072792e895a81c,0.03492851727514926
c531857150c9674b,0.11732308819671616
bb56bbe97134a4d1,0.03885462744381682
3e062b6117c4918a,0.0649486666399222
a58a4c24d35bd7fa,0.12603662359222084
4ea7721e8c059b2e,0.058527300635415946
32a75809119cf7bc,0.13447832382435015
e4794a0287930fdc,0.0634774952223567
028903129d296567,0.09327397635129142
910a3bc19a45f893,0.1070533719413243
afb4e9017f94d52b,0.02956667285670674
8c75ef81ac907000,0.09043779325937551
de995213b69871cd,0.043407751970983496
593b54413b1695ee,0.11452030447699822
d68b798f72ec2a7b,0.03039059979750847
2abd97afe8848116,0.035904866880708104
b80ebde982296428,0.08889099525258075
dbe8ab13dd1f44f4,0.03849203208754387
db6b5f2104046f55,0.08654533962607357
1f67c146861efa15,0.026042553767377186
38f490199f1306b5,0.05417955055039498
dce69a47bd1feb56,0.06129489053571228
12cd790efb4486a6,0.12597936918565902
d5806dd0784560a5,0.02877017611406298
207f45be2fb83671,0.12631141086933723
848e2c11fd115b35,0.1126808769789929
0f9d093c9db25458,0.09069182755724292
13e9da15ed290868,0.0934791922365267
8c584f6c1538beaa,0.017298149123187553
5fcd3e5896568513,0.21111067069311515
aa1f013ff05a59f3,0.08454904523937934
eb2bbf6f740d132f,0.03018300167193062
51fcfaba58d7f511,0.17645239839197227
abfff37a1f178105,0.18453511554181934
918258103a71c3ab,0.04996209845292478
99beaa8c134356ed,0.11451660177758848
f3d97c979517c08d,0.12172676389253718
577a00d787373595,0.15985343920395417
d71bd663eab2681d,0.12244324359853574
3b59c956b239b3db,0.04105151234009588
9115eeed93f30a1c,0.05339907157733645
3d992bc625e7dad1,0.031110542710545613
4db07f6033192f9b,0.04242793492069835
a58a45e9afd5b405,0.13089879830210377
519774a276bdada6,0.14800797326791834
50bc50ed77a01d75,0.10086300696605106
d608451c67dc5cfb,0.06895789466600687
2856ffa4f0a1ce80,0.10857643866816882
2bdff8f74778c4ea,0.030445800017290053
068acd67c99550cd,0.13401842709279757
6123220972766a4a,0.09334250113487257
c4d534fff3fc5628,0.10361756575570356
9fc3fdf14ea045ac,0.09150135817135126
3f86edfd0be75ecf,0.06198336895924716
c36573a6175092a9,0.12771921055294919
7c4df8c2f29666ee,0.0313765182298145
3c791b72118b74a6,0.09535097608867328
747b04b604c95fc1,0.04091091350679592
e780dca0db5520a5,0.033301544443430774
af83daec6d450e57,0.09283152035018379
5d4ff9f52e2e4f34,0.19309141727630974
b2b8e551d87be54f,0.6379830801628131
203b6e0e0fcaa971,0.10666476795703979
eb36b4336605a7d6,0.06929505784014231
14713adcc060333a,0.10476366026848277
251c0c9a3789eff9,0.15274261648154763
0d0e059449af50d6,0.0565624069258544
63b1850f6f5df5d3,0.05440035929585805
90ace0c383247390,0.03695314077377243
1ba1d1cb2d6d1bb9,0.07357350746287039
dcb2cbe56ba92129,0.027765084002039375
88b8fdeb6d82597c,0.03607355759323684
0ccfe20a4b77ea6e,0.03465468240806451
3482a5b15357f00e,0.03526450844456314
6d71348fed8b9c4f,0.051659777245618675
f8723e3306bf7c43,0.4449717770786959
7ef77b74f9baecb6,0.0492001372746382
bc80f01834269376,0.047585883337206765
18da383af4fa3cb8,0.24776184319398106
b474ff492fb9a94d,0.038549814016852646
d157b8492ffba0dc,0.03813656347138527
cbd2d4eb5123804b,0.1278966532381764
0f9515404031e965,0.04989309543680013
4f1dcb8a1669a31c,0.13414106454943642
28c27ce346a7a7b7,0.15243101873592899
58928eff8cb29089,0.08760459521154973
8069cea0e02052d2,0.03251716445842858
3b583c05db5ea4a6,0.029531615802562274
36384df41240d0c1,0.07844095173370752
15e9a245d6d06a3e,0.15419387085320196
d2dba561c29b817d,0.09488836160866136
2a507f7014709986,0.1567821726743151
a27e43abacf3b1f2,0.1768308944953988
686019b683e849d6,0.1761939036131691
9a3663eadae7822e,0.10675642498266309
f4857bb0e0b52a47,0.07608524406727685
29f988f929e638a6,0.046825887031379486
cc08f5318b40d7b5,0.0471412816633724
3aa8c59d9c5dc7ac,0.11163148057420393
eeeb124ea0b0d51f,0.06608179278695722
c422bdf822a0dc56,0.11857198891180742
98269904767a2636,0.049326235887852246
e6cbd02151c72662,0.16566656597367557
5e7bd880681d9f61,0.09580270262136109
fbe456da262eaa3b,0.07492404926620351
dfe3e7968ec080ba,0.10298970149430069
0e9ef351ddbc9ab1,0.05616388911348221
2902b3339eeca5e3,0.08141437174440717
a7137a063b883e92,0.11044097036153969
b733ad3dd8899d06,0.06604184908263394
44fe9234ab115e2f,0.2590201847792305
000b03fc8664c7d1,0.030907843063135276
9020a01496eaf633,0.12193141005757017
53b7a21b0f4cc200,0.03133133180735258
20cc306cbb1c6bcc,0.1772075150349039
debcfcb981ae0125,0.036128400321315896
802bd1039c3e6a1b,0.03029027498200058
5f5c21e0b6a4d4a7,0.051197615574851675
4e1d92bfbc009b58,0.13803095487156228
644c03f056f3bf9e,0.15376611919046954
3b4855d86d450661,0.0323496194150033
dbe1c9a9d3e563ac,0.05591162728807453
2fb49e6e63bbe8f6,0.13578260431194922
2347ddad2e1b095f,0.07016843454635359
e315a627d1ca8573,0.14350696159173562
0558a476ace81c15,0.08179594966134333
4426fc96456aa43d,0.18822767149011413
ee5092888f963b26,0.05486564493334104
57886ec9ac1bcba7,0.18250367837526169
69e1947ef1a19192,0.1289298375586729
af29d6fac97c87a3,0.06467462613180716
6952926383750b48,0.07579750690055016
b6e14b919c7ad1f2,0.05249189665049268
8d09ba7da0267580,0.1400544900448266
40e7e13ba421c25f,0.04284448653807768
c3d8677083122b80,0.17383196141590018
e41366313db49145,0.03723127741094087
ed95e31015c5959c,0.13353809401428038
64f0bef89a702494,0.02992498311553865
81918dc774b899ca,0.028311173539743956
dc9dc895fc8368b6,0.09227204031676858
ea0dcc9add9ba8c9,0.09622322903418921
c45a009981cf2faf,0.13171375820499803
ee4eee5c2cad18b3,0.05025328386280788
4b8886ccb99d4b95,0.06890808639618723
a11b7637d21059b0,0.04078570056292685
ae6bfde3685ef5dd,0.0325062668320996
095f96ba3b90f727,0.08338421292910154
c800465fabd83658,0.03292413180413439
c75993f60039bc22,0.08480751099912505
15b2e13c51d54758,0.07254963689399191
cef343af7e936391,0.08886330996452185
bb9e37137f42fad4,0.07056661709479822
b6f54b152f0f2c28,0.08192740368163313
54548a1370ae962d,0.10882210484984609
774675091e96f38e,0.030155305568384472
64db0198c907fdc5,0.041061121899246204
ee3a2eba79a61cd2,0.04407208507598226
d87ea92ca2504e8e,0.2054044714479663
493f68967d2931dd,0.10528785045208086
33c5bd3953cad989,0.0715877681500594
31719675e9834500,0.05142661322107406
283d0d3d8afdcd48,0.140669666395208
0954b46131527b56,0.027162311959483574
c7f99cdcd74ddfb2,0.15957219566939948
89e81b0750c67025,0.11791151035951992
ef2e114a293d6051,0.05025872963216309
3eaa82eb74b0d2b9,0.24815298882461934
f115b5827c53fdae,0.18995533947260493
5b981d50572234ec,0.07868593591205787
bc2a7ac2fb6ad312,0.15286238001081826
cabb5fa14742de79,0.15903119336561236
9dcd899d3120d04e,0.03433013941687739
5bf75dc153469005,0.10316069042526499
a99c57a3cfd238a9,0.22817324728597121
7d3c73f6e6251236,0.10910754123512305
79c824cab095ef0e,0.07504404670726146
50457f03b19ce000,0.13430613655710025
72ea29c850f97747,0.0634017140172131
949aabf35ccb0c4c,0.09561889950819602
bd3b7b9b5cc3a346,0.07961286362300489
581ae7bcf533000a,0.056618728814371466
f944b728b8eb9aac,0.0903962481393492
6add937f4476df2c,0.12112747178522541
478be273b158fbf1,0.027346703929281898
43c1856ef31d1073,0.16441666801263705
8f97466fd3810c1f,0.04731818780041926
3ae22b8a964781ec,0.10655745086227708
82ba55bfceb0ffbd,0.07796189402588061
5966bfc14b304d05,0.0895910785755159
eedd90867e3cd9d4,0.02165727801379988
99db9ab5fdf84102,0.03100209439633402
6c6761878fa11c78,0.09798496057026373
731bd2e8496a9b0e,0.03320726814031968
9f1fd83e49b82f88,0.25425690887438274
51a2cc12286941ac,0.27623862682781253
7b60067efe8e7c4a,0.16494261588362102
7ba8d7a5a2f30106,0.17406694286279403
677aebcf5c57a29d,0.0919870466046476
c2e6810f10057ffc,0.07189680027283456
f770bf49e8b32f7d,0.11904179911792497
d999d97cecc80f08,0.115912953746123
225695249568ef3d,0.20382506242630818
64c347ce204607a2,0.14835432429669965
8b972fc1665f8aff,0.04675633970195072
fd3a180f558ad235,0.1254556861595012
f24ea2f162b99780,0.13405781260159874
71edcfb193fa3be3,0.14521590043140895
4507c7c846e862ed,0.058554653051872275
ac51d145f495fdf8,0.10138623252832143
3ab5c54552e9add3,0.14437402188268028
0e545a1fa4aecf83,0.03702812120508678
19eb7f93e53f33d0,0.06549952188041125
f4653f53352a740c,0.09179245894281413
c716d718820e66c0,0.048618195029831536
a8a2778b42759e84,0.12126940257092159
d632ca08f997e38d,0.031105627914177283
47c56ea6034205ca,0.03234123048434423
f436395245784b88,0.19700282477860645
ddb7078278325022,0.04827554371155838
1c24525f31c1953f,0.14010390700169886
7c7e6ee56d6ea5c1,0.18018957360354246
0e67b9cedd55f492,0.04427079345275592
a585afa6cc802221,0.03810355884782738
132bdb2d81abf434,0.12416275619177826
cdafcf3dcd774b36,0.10365843079421325
5694f780d2c8e463,0.03586302186582361
317ba4057a04aa16,0.16649179240583759
a92ae25f2defd1f4,0.09051323722560166
ff0073be9d8669a3,0.20692588092024025
2c4d6fd16e7da4d0,0.09162822736383076
e8b93ecfcfcf69bf,0.07850834485137999
aecdf632644c9922,0.12075147761834888
0f4ac8759cecccb4,0.028224368277150247
ae0ed79b3f56091e,0.09981553307497001
492dcb545fd160e3,0.0561268012280707
b6feaae9a6963540,0.06241632571660838
10bc80bca38b6418,0.07817028908257062
d8bf52f15b58b474,0.03531739813168624
d590d13d8a0daf0a,0.09941783874420296
bafce96906ba0c73,0.050056161947207356
15a89b9d9a174795,0.0679333939926887
3c895a00e202bc6e,0.14824799574266645
62100baf87d531c1,0.11624998089845417
8ea52f2642c87cd9,0.06844685514718246
78bf3db367f46ea8,0.21873643529165365
7303626be6419b04,0.17579134290340237
86f2e3f9f88bf00e,0.1570956643824413
39921131b7d48cf3,0.16586168998521192
7c06255c489ce455,0.20649858560827505
2a0f68fcd60099b6,0.14222985848218508
968f899504b28211,0.11502634614763921
98dd9df8fdcb29f4,0.07516336504725352
ed55728c47c8b666,0.05221390308712118
0e54abd540000681,0.18804487415663254
2687ae2ad26c6497,0.15377360967833856
afe3e3f4edc8f7b7,0.0733750828533883
3d8ff2a3976b69b9,0.13397378990090292
13e6deb5f77cd1f5,0.09423223583215475
8c8711be796262dc,0.05664737692483223
8eb1ab06839664b5,0.06551402118137867
dbd58b32bf776c26,0.033450351322990436
4be0c2fba004271c,0.10337391446760674
a0f6b49ec1b86bc1,0.2251169944977339
3b33e5fb16341fe1,0.11247399337418493
d39f326ae61cb937,0.021470878864486665
00e28c2a11d38c61,0.133580662422386
a55c74a9759fd56a,0.030533619886807528
8bfd04b0788122e2,0.5818862315369215
895776a9cf9c8d43,0.0761098959598617
7ff187535e206416,0.28515615916341347
b2d991e4147a68e0,0.03610276859551922
b62ae246269c58c4,0.15824086522575237
b8af731f19b5c84d,0.024262417320627016
19f5143484b38101,0.11097670873075986
982f6a3f1bccc6d4,0.04493085293799562
2cdfb20347feec4e,0.14949503097226466
5b2d62e736467c16,0.05655510071151915
f85bf07959deae92,0.04948779039218307
8e923fa1dedcd01b,0.07653330489370876
93b3dea6a99fe31a,0.061630567813421695
8bc3af23b3d5ba85,0.0443161971144029
91db39152bd6ad50,0.3181262613766419
d911a9c74b505826,0.12611828483505994
0e53e628826772d6,0.045121689729418435
14d7b607e5e3f0cc,0.061524986857963905
f3e8e3469f0aab7b,0.0334060190428398
b9c36eb092bb275d,0.10599666897905424
9cff3e265921dfed,0.1659274012357621
585bc81acbe5b1ec,0.033262656837194496
15f8e68c7ac23dec,0.06031102233840315
a37b05bbb09f8496,0.17525556017532257
4f31f80a263d61dd,0.03344228439396168
6a3987a9bab31c44,0.03033254354592162
9f59a5ca5ae6d119,0.07589073955085608
afc6cb824b3596c7,0.02875348696547113
64dcbe6f4ac8de61,0.19573413819905416
1fcaa5c3533f63ca,0.05188857393291798
a266793e0c2619d2,0.11173146370583693
598af3378495839d,0.08044355347376289
b40ecfcda1506387,0.038451806905668205
22537a4c1f1cb22f,0.048471581381092664
8c5b78cda30c225e,0.09439276998406824
3239189122d043fe,0.07533867048562393
4b34859a41dd8627,0.06330360003751732
7577c8941b2e888b,0.03862818443228273
8ef15229dd291883,0.029855244160119726
3332780ef14cd99b,0.1177854331206585
f93d1a6ecd62d897,0.10762083550416755
9505f55ac00dbadb,0.1695274082433762
7c1831bf48bd728b,0.021220789663133736
17cf81ec2dede54e,0.13376188175865322
e84c6f3155ec9762,0.5230911863587523
e894ec9e0ac2e7a5,0.15919391760136117
c307472500eaf782,0.1477598661351465
96de47679c4cb6b6,0.03997772729068813
e0dd44e7040c3168,0.08004360943968927
bd9e6bd2fcf5a54e,0.11891589383924814
0382e0d155285962,0.08033693314777633
509eccae9abde09a,0.15375338141288136
f2147e0be04acf5c,0.1196181308778723
f3a6b01cc0938196,0.10837351614611757
c1956069b7309004,0.050993276572764173
2292dd5e617286e5,0.08772533890672785
3644d81639ce9f29,0.16434659659814627
4a5bf3e5c85dbfe9,0.034611556133377575
095a4f241c64795f,0.2040401488292738
aa45545b6df75be3,0.130186140979542
ffda21a7e2973492,0.13319438845736056
662adc1ed3e8fd43,0.07593888060931413
218ae6cc5968ab6e,0.20655465300524378
316379f30810e1c6,0.07985211194058826
eef8a37b8fe20ec4,0.38284104574817884
d9a0aead3407db9e,0.1098409336563501
f0c65e7320950a84,0.11138539168525574
4625132a59dcda74,0.2607039778733945
ab1c8b0c3967b656,0.24777707728250922
f00224def382933b,0.09723887698895149
090051f10ebcb768,0.07417624881232462
2a0c37f157e82f1b,0.13102244334138566
61914ca3afe42c15,0.06494043473955198
a9fc0e9ff5b0e706,0.04540835271477791
f548f7ed3074067e,0.06278566032858528
9aec70578372daed,0.045634408825193984
fbb0734a4e985290,0.03168728513585889
a8cd11786e7fe2b1,0.09168116160976103
6a4338f210f336ad,0.04703136937776923
cdb63c81014bd072,0.06132451286397799
2c5a98b60450efca,0.06782815633682897
2337a75838293036,0.03843379362691357
a0ed386ea018cce6,0.0783808636732585
db76609f02b3bb31,0.10618100455699349
597bd387a63987b9,0.17336183941139643
bc7571c47a54ce9b,0.062466033470507554
547510d3ce221301,0.0976192512536121
8e84181f60b3ec91,0.06651792919642284
13880ba898b8f597,0.2753082435471181
9ee1fb0201512e8b,0.17559251230056092
48aefa3d80da5764,0.06548367018265805
498d517a667856a7,0.0882347107805616
f07b0e35881505f2,0.05034435855837457
1df225f3addcce26,0.03130071703745045
84a772cbe6d216a1,0.05726880697347698
f0e4a70f82f01004,0.10536691811326064
3b639af3777f4c39,0.032443703943013165
b9f77a4295400abe,0.02812113133730001
7d646e2fd78953af,0.025920453019497358
4127b246e0beff6c,0.03533365911153736
2321d1fdb21c809d,0.052189823622046716
9936f8d7184f5e10,0.02946345191070317
e2e9ef0520d08656,0.0354231804880558
0aa9b948dc8766c5,0.040148900265708866
d96df85b5160b1a8,0.053023089108865044
3bef9584524abbef,0.11732723714273215
806989faeae50571,0.027362800224420544
6fedd263e1290110,0.14104729743179098
5762314e60a560e2,0.20559452190141492
748cd550549c514c,0.0787847905953607
58a8e997e2757de6,0.02848487885739781
c13887db4b2ded8d,0.11756715310960623
eba0106899e8fdf1,0.1547166192052101
a947c7f89cb176bf,0.19589132562779688
4ac4a17692a2a70b,0.028774196903117128
2fa4409e1b6a3d85,0.18123146393609108
a783eca691369f3a,0.08659151308066797
e6e45dc137aa0511,0.02933974951060697
c589fb4e517e579b,0.09594500737904
0535f48557a68402,0.11457415582301986
48e423add1624f2d,0.13384332913513086
d20110b1a6f20e55,0.03058475070410273
739f7cc76c78d0bb,0.16302204569626036
2d439083c11f62ae,0.12110671538564995
0c74bc780e465296,0.039167245328829516
52294576789c8ec1,0.0955025481709852
99b2421c51d37084,0.03549987237046784
de49e465a4c970c4,0.23381779843340517
4c88fb93b8d12270,0.033445104722496316
dcce15e3b59d9796,0.03800127642678979
b8e0e09067432f1c,0.18876683787278606
962f882f18c11d46,0.056378434137082996
34753ee28116af4d,0.10576656308660395
7c71a6fe87ccd6e2,0.034285547162810466
7ff97e6a175132ea,0.09593827629417098
d84022bd67943384,0.11389236756099941
c270a677c7614aa6,0.07915840413180546
1266e1b58e87a761,0.12845676310904391
9fc631524aa3372e,0.04906160613844039
88da969d80daabce,0.1144469347178565
9c5cf1807334358b,0.05968223446910228
0e5706f9560fdbf7,0.07145168478731616
d9db7cf658a35e31,0.21141103524405822
38bb0629e63b6590,0.14248101722004822
726236f75c9de724,0.10452452431212049
47ff559912cb3714,0.048942807493027506
bd567ce69cb8cb62,0.04595423084909722
6b7338c16e1db627,0.029985947029286687
2e47f13eecf939c0,0.05930190458065258
7e001225afcdc58c,0.1440094410017526
b0ba287dc9f94b2c,0.13050776461236846
07be300260466f0d,0.03590250901148971
49e2abe2ca234745,0.1723336956443656
bf163922b4b12745,0.15158529719350344
aef9d385e9ff8518,0.16437275632403492
3e364e82bc780650,0.20098021140542344
393a9aece2867c5d,0.06325395403824563
b0519105b55d4bc5,0.1345728769312226
c5a4b1418dc4e412,0.11963023597112452
ae000e40b4cdbc49,0.052093582378869935
bdb4932474ae13dc,0.18693312401697204
54ab20f1339d0955,0.06181657611108031
bb6cce3b0b6744fe,0.039071973992643304
0d04ac4d48d1e700,0.20876207516036888
6e3f51731aaa2c77,0.06698080316320627
783b7b163b234e5e,0.11546660468893233
bb6501e8f6ab95a2,0.036466998120534964
e5f20b7a540b7472,0.0637050621890192
726e2ec81830f724,0.2596297420661839
e8dc50204900e975,0.03575787840454291
1334006b9c4f4ffd,0.19027850568451268
3553330b5c7e6092,0.08937814607392644
e1a3e161c8b2e221,0.07291644621930181
44e747740cb4260b,0.03040662911294098
00202304b4481207,0.13421138685873868
931eab5e85d6e3fc,0.03244755319455304
e4b8ca3da3eff8e6,0.05159797883651732
103e5a44f9c30ed7,0.0849324091974539
448d40536e9c5670,0.07286572168707753
1b4d4b42760e781e,0.30184400596537625
e0b110d4f6844bbb,0.11584858683417532
0d928dd7f13b92dc,0.12104150639946047
1bf6e2dae324cf0e,0.10703731016751751
b2a17e2a9337f111,0.24511162280051754
564d7ef8fb681d94,0.05338829408070683
a2088d882fb6d77d,0.20803672198628168
3fe22caa380445a9,0.10022343162154654
2b3c171024a98155,0.2924276978419369
2014d23cd7792183,0.12031300083347447
fc996643d63f02d7,0.042892800707312016
c8d5c605e447f4fd,0.06958769069624073
634298df42266b22,0.03932750367092256
5c8cbaf8b4d39f57,0.21875371394607818
a688ddfeb76eb78c,0.1658731418936163
85a12cd29f47007e,0.03693977296774484
a5e1a3f8e312e1a0,0.02467668251178244
29e076c93c2b7fab,0.1519560074601668
71b7b90e9a0b70ae,0.1317653368278881
11583aaab15330e4,0.029014993603350726
5b34705855c1c880,0.09477773380379056
26361ce2a06897d2,0.03962263059582675
2be888bcb74be336,0.05937815943726701
fd96abe884c43d6c,0.1508082239462002
165fc0b6a160dbd9,0.19567305758680975
b8c8c114a79ff453,0.03503221536778391
e22746fcf084642c,0.028684004022403734
3fc60942cef4b9f8,0.15744470964867144
c78a85aab85debf8,0.10268109180940975
9c2166227724c80c,0.032288976495842295
e0291b12205c2c68,0.16211430656866713
307b5de4b89748c8,0.02618955948225705
b83469a7d7ed138a,0.14012677298148538
4726c5e084cb6f1c,0.11101503933096088
33795c308f648269,0.2918909614933455
d44b56532551df1f,0.1447130120247192
7db689f550f62666,0.06746319079513852
c64b1df6de24f982,0.03469961581189038
d9685a6aeee511e7,0.05031922298058189
2c867c13048a2311,0.16362894198823572
b3f36f5f67857959,0.08004420151504256
c8dbafacc0fb77d3,0.07894871296653483
3a1b2137777bcba5,0.03333242734866927
c9627e77fcbdd360,0.1193113885988194
cf4f6641c91382ed,0.07611973947976097
fb519c3fdb753245,0.1717434805754761
035449e62c90677f,0.08906181996197433
5201d1bc5a7cf0ef,0.08528104653793361
01ef09b451cbddb0,0.06777809407673362
b98e367af7c0158c,0.03619624059465185
bec6844244ad0aa4,0.08385667579018108
ed82262b135c6e4f,0.1355630281922178
67637bf7061cb7b0,0.028251070797789306
96ef8b85b60392d5,0.14074763266315576
fc1b0a61b9dd082c,0.21428583554652056
c408b4beae948cc1,0.05352473412896663
f26323206d284ed1,0.08706879859853063
9214caa6c1a0dc02,0.046312280655078954
591a28a3c195b6f1,0.14377896562202513
9cd8a8ffb7a9e96e,0.03590613676963735
7ce580a49450111c,0.04698265557037959
abccd8c43775abd4,0.037953786861582565
5c6acd44464d3db3,0.241542144644966
b0e58b3d4a2a773c,0.20151653445108525
eff75fe4ffdcb49f,0.1471744123224569
06ac1908fb89960e,0.15203144422111958
6e61df7259588c80,0.3738934654128832
87752778bf4206ba,0.09650880692696234
2fecec0b55303222,0.05626721903325165
d57c0fad9eabe24a,0.1580969821296787
93cc7546b8c345e6,0.22490662255744936
eb76de6938c4c38e,0.09854131081034122
0e733a579e63472e,0.04681118085248875
e7dff8305acefcd5,0.05391531246280798
23423479e34fc441,0.16642282777422723
3f66f582c2bdc24a,0.07089855458104358
d312e4d7fce5fa01,0.09533108206940213
c04cd9fa54077b8e,0.057289644203873835
04b68ab2f6458e33,0.07519246482750726
35665b0fc6847811,0.1273022137145205
9028f284365c7863,0.06761014422797453
fa23926a88284b39,0.2830077112471046
ff5e27f506ba1ffc,0.10088629884431914
e6a04e92205e9e33,0.13682147368522327
934c2e26775faaec,0.03951181854797502
35403697fd72709d,0.06863339859906296
fdc814fd85f237e4,0.1339700160147112
bf4ee2f20859884d,0.04489599754366994
d2d10af48a354c4a,0.06008599827938741
a38e463e1b086d42,0.14521035885121175
ba49ce0117002110,0.06832608514659441
d5393f1776772d2b,0.08425402463879232
80a6b6e9f65aa3ae,0.09917890277881604
d84698a77b768899,0.0367268771562577
8d09ae0709d01465,0.17240332584693907
0ac53b64e16a0efa,0.41214255399444033
a632a91a07ac8406,0.1046915840992922
1f2437c787ad39e6,0.15150054435784185
beb116a0a3ad4f5d,0.14948255331180405
c38f343ecf8e9527,0.047497183332504356
d04bd8d61ac99c5e,0.055418884019130754
6a279faa81d0684e,0.07385899354216786
1b49b1154407ea05,0.10934313634508852
b71746f211be0a24,0.02973443035948639
bbe0b7fa6d60f17d,0.16126874431866986
c9117e785fa1cd68,0.029472109105580485
a700a6b3a689a18f,0.0683444010801773
d998a004d828aadf,0.1667924657174559
54cfb8bb56897eb5,0.1488874988426336
bafd504785d302a8,0.20975191939011933
3f45db97b95a3352,0.049339308183540466
2364a75ca729f899,0.16643448037964037
9387acf4770f549f,0.12838190946017985
a434422326289b00,0.027073830995065523
8bbcd05afad8573e,0.19117101623943178
82fc48f10b8d7cc9,0.04911786744630832
65dd24b31c0c4067,0.0993022764786428
b25ccb8b682acbeb,0.11228688057410591
291117008b4408ee,0.10259333951974133
aae3422dfbb55bf7,0.07472899031341897
d436224afb38b7e2,0.08314488159087446
1287c0ffa2f14635,0.06329024116814452
4feb7edca163def2,0.1737250518486681
00df2416e72cdbc8,0.052890970421684114
e51c757048ea36b0,0.05532450972463972
59e45992c3fccfa8,0.14912691645116416
7b44475e4e2e3b92,0.13540485170883199
be457ea8112e2391,0.0888184082424693
1e4fd1293a611d2f,0.13153880248078287
343371989bd61c74,0.10897176337464091
6bb985812e990044,0.05871343835729675
c0be9996bfb5270b,0.05216541302409292
bb367ec1a239b8c8,0.08605639251150966
91fc9ee0920431a2,0.03308111816435803
82f2985fe6157914,0.04940340599033277
eaad7a9709bacd50,0.08305972339424213
1bb729bdda8eab4b,0.03186424395456789
35320f198f2157d7,0.03970864924926992
74cd9018fd2aa194,0.07408653395972546
fd091b5e49f8138b,0.09632348507514832
917e088d530b042e,0.1637599295892836
b0e606a7344aea7b,0.08918404714816262
c220230ca6b46d2e,0.0687951363332513
2174f0850e20c2b1,0.03141848911653172
3bfea4a031f46e50,0.0324460234833674
22199945c8b6f01d,0.1423801965970026
efd4e993a8d94f5e,0.06695121747603493
acad3b0b2e72b212,0.08494548100307943
1a33438ea9b6ba09,0.09140881463709061
c9a22295bdb2b49c,0.2550852776686569
0a24b5a0c164f36d,0.06683047582791464
12b662eae7ad89fd,0.06939969788934934
788a4a1a340ccebd,0.15679517646193492
0b6ebec97e53c571,0.07195110335864482
be4269de80d8b34b,0.2400679662526878
ae99dff2a596c7fd,0.13765273079080537
1cc563af87248566,0.1182461857563732
95b03e2a8add3a08,0.06144052333180833
bde7f9ddcf827170,0.03630494492705041
e24c4af855561b6d,0.07245258236549294
a1ef8a44aeab6af5,0.2972552719496305
2bf2e0d5f713e9ea,0.027615776557473284
6585c55605f3d692,0.1284065990727553
4a44bfcf3c8bea26,0.02970453673461745
78a21d5aa40bf4bd,0.05989527418705736
d208a68d90d83d1b,0.08720954442425492
fabf07be02cadf0d,0.14147635234159595
3fc8a4ec51114a77,0.11717406105078676
d8da2f9a640f4e03,0.1108975253451293
f7a8212a941af65b,0.02218405472503447
836c933a5cb4ecbc,0.1256380087760756
e292f252eebf817f,0.09739920336704497
ae7e8b931e0ade53,0.16513848943853665
c937062a293ea0e5,0.11766915456044258
673793020f42eaf0,0.04023246069028635
531a753aa5a10879,0.04472120160820736
65613b893147c771,0.13981278461197735
a3609d34533ca6b4,0.11675528969778283
c9eecf5329211123,0.488100495460565
4e6d4f733588a212,0.11800677910263406
95e0d5ddca2118d4,0.31984584107340774
4b071534952c920b,0.07681414273568873
f333221664eda263,0.05141540043835706
8627e41026f74eaa,0.11446779601203073
789f4695cdd6a417,0.08827243665121165
908034eabc372b99,0.050526242599192195
984bfa387795ef76,0.1535420284709562
91c8e8e6f637fb1f,0.1003008425443281
363aeba9c072e960,0.1436281954554024
5cd6915b98d723ff,0.09241177877348344
20f027368dbc60fa,0.03035459238401736
a58841827e8017bb,0.04955942876955955
ad9e6a299aee4827,0.10467345638687481
fad46bf569ac7443,0.06458541874564587
0bdec115af64e996,0.10665567331854262
e78e15a02aa6163b,0.2745968491718305
94c1b40d53f1c78b,0.07806293038201169
c1dee5b6d55fd7c1,0.2514951059859913
502f0c8494138feb,0.033530552121965054
316c5e9c86bbb645,0.04938076510184014
c5624991cdcf670d,0.047015063271694725
e000077bf8c8b49b,0.11529731525306197
9a36d5ad49081233,0.031157567042089784
e4ac16a92daba7e8,0.1127806561948606
caf1ce5141ffb34e,0.02852260280124568
d07bf091bf998e0c,0.08527380981518447
f230be64e9f003ae,0.15197580884225115
fcfe55e0768ab257,0.04570476283460217
ad04ef9c94f25ea7,0.04602409685246781
b6c3dc163008115f,0.054621099799794286
2a0af6ff3489e003,0.09437669204418836
5c098958dc2a26c1,0.036223080042927604
a802f6f7cd6d7b2d,0.06922612535692128
f0897866ed523f60,0.19131665112414514
3c1071f1773cc7f2,0.023989731555540062
5fb77ed43c58e517,0.04918702220860843
3fbcf72648af3500,0.05051862371629864
64964fe3e34849fb,0.055250293006091404
3d3b19b2da76dc78,0.14197728196659687
69eb4e47c0f3104f,0.1440974128819085
1b55daf09e9f129f,0.060697357538773776
853fa0b67eda4e6c,0.044161447670324504
636b3bfe96c8c67a,0.06789378895555141
51b24fbdde490535,0.049523576108328554
b80f84359d81c98d,0.12377671198165956
a865666aeb2b82d1,0.02741368337773267
08fd3d5f06273089,0.02425680899590683
cdac52f8c24b9616,0.1660458725300756
bdc841da585c4a1d,0.19811360689514448
8858154c3efe65ff,0.09256623335030041
29f989d45429b9ee,0.11901242894724788
b97dff4909968aa8,0.028996807664052316
69c86328a89e4898,0.03550927442887703
2d50759601edb9c3,0.14321015370799442
134be78ce02d48e1,0.1055979842885267
53b540f7c8d16cfe,0.025921805815104195
76d2e83b30cca3f9,0.07213882374578262
062167d4ccf76346,0.13865904381213837
84cc2a48661e807d,0.046276199861409274
60f1e251520005f8,0.10421766812095322
781115a32396b4cb,0.05396988958036635
4c1e17c82f4cc326,0.20341611437161045
b602ad5debd51028,0.12134356599737212
4d9da053a872a970,0.12721493906554113
95f7ebe4304bd2e4,0.22309862218600557
67a8207cfef9f011,0.49310550826372096
b1c3468185b9514e,0.12866295962854968
f80ccd7ace26ae4d,0.6529455207530575
3ac147039aaf4499,0.04633857833365454
fe5cd175ea7fc09b,0.03842587573923744
9026d2936cf2bda8,0.13789855848777235
a4b0e01784fc7cf8,0.13787389614427012
43c462b48d97dd20,0.11698765274520258
e36d0189d20a7617,0.06460119321936118
43c3586991f4b403,0.0526612213332863
009e48f2b32be557,0.03338310388827161
a1689ef168f2f333,0.18772450684017386
dc310fc66470ab07,0.08713740824615442
bc654d187751fe04,0.07968064860442374
247e62af046a99a5,0.08883520916950116
48f2f9556bb2ad1c,0.09532395969497007
e604b921624a200f,0.15546752994349813
e46765e152f7daef,0.11362070434342242
3d183f0c812b6d09,0.11456821341701226
3a7275f9aeda8305,0.025471564090362584
1d994aeb47ff952e,0.036942194340582456
75dd9cd1bcd35d05,0.03497288745470592
a976b4932381b300,0.0228254736998679
da2e39ced8c0afd6,0.039447718490147485
c77fd47bb1683f58,0.12135279353942267
ceeddee046f39ae0,0.03240894551295406
cc50dd12d1f23bac,0.07312566301349605
8b73f447d60fc992,0.11177937046423454
dba1029662f0c412,0.07025261965923184
ab65e0876504bba1,0.11551195647910568
00754e6b5a7298f1,0.044409640195115514
082f192c053e5283,0.03977573318171793
4cee8c7c13d1afe2,0.09896536639922904
9ea9e3c8cb3df9aa,0.04752693451069104
2caa75dd78c01d17,0.1930084111926011
42ca39ab5466bd19,0.2475548425527776
939ed128e268f834,0.04128641519748374
e452cd65ed19c900,0.14042543813305639
e5ee2d79d0c49d1d,0.21339634877480815
ce0d423deb82f2f5,0.049756203953393065
3c30319ed1684972,0.10854345952203479
18968bda98628242,0.13494146356529776
9566631a173d48de,0.1680725502912654
01d78d3ab164da20,0.049790122575391414
7245800926a4112f,0.12729669289484108
3fffc62471c1f18a,0.21155239223285585
3b530b29e9f5617f,0.1346132710789386
65305594301ba50f,0.15922651113344233
593ee003a4981c15,0.0755000708682363
f79985b30220adb1,0.12228781475904105
60dd8dcd3a1d1839,0.14504819702146857
288aaae44688b015,0.12662492804009273
8a16369cb4554d3e,0.06695322870279677
4e49cf49f79e1181,0.18051844605980105
1a6026c94f49058a,0.06412192582788305
8c29813aa363f889,0.08597803367197142
5fcc5826d5f8db34,0.1264214876568049
b002c58138c724fb,0.038656324002167564
62a918db11ef3076,0.29194510599803813
8fb91f382ae2782d,0.2350258030195274
af730eb0035cf0d3,0.22779869990078908
546fef357d2bcd57,0.1611209936813768
c6129c4b99d7f4c6,0.09197910903769381
7596069ac38eadb8,0.06125943804957334
9560c8310cf23dab,0.02474242175590063
ca1acdabe94e042f,0.09939454257494952
521f9d2193473fd0,0.05953368890809944
617eda3b96abb577,0.06285175983119277
8d735b59dd0a4270,0.1916552451411632
1b405139fc287a40,0.04929475937606694
e621733719a2d775,0.14906632786259152
95f4b0d76e779b43,0.12349244837147037
bd6a23cab176ffec,0.03315586077620452
3c5fadc2c957c7ce,0.17687930550136816
37cae1b2dd3c1330,0.1006824778136503
0fc2ffbd9370b121,0.08899408006890944
b31de0d8e304eeab,0.14157579242428564
5738bf5ea59fcb0a,0.14035839702191802
402c7edae37bcf39,0.10886343360094686
1d79e32040c6b05f,0.2560097398850809
bf493f6f4a48b2ff,0.03743263651923521
8530681352913ce0,0.03268517896733151
c79cb0e184ac42c1,0.05366865227592634
32ecd92eb352979d,0.13504789465134057
c9a54261284070bb,0.03348796111864896
e6c2ba81e397e33d,0.05552837790868501
955bdf4fc9420404,0.06896568795963848
b180a78e50608ab9,0.12044368740820227
69484ff0bdf4b104,0.12181564784310486
8d62a01ddfa11fe9,0.14237900534169717
12c3df9b72ef96e5,0.04205236266530319
12ccc513557a0656,0.07766738241293138
2aaa9bc35f4acee2,0.418056046898271
e31d14248a98a72e,0.1225972154290603
1058c1f47fca2b81,0.0492236069768637
02ab14036929f70f,0.08166720846084481
6880fd1518aecd04,0.08035505815369187
580068eee74ae5d6,0.0339161743884221
fedf1e1bd320672b,0.07332511138632863
d47c1d43f9dbdf92,0.05966055411047957
8a7fa6c84cb2b0fe,0.09317898657893232
089bead0dc0d7c16,0.08680232889710927
3f12eac5d776ac9b,0.06776693170643384
2b55254bb421a326,0.10181664576214561
16721efb42f49e40,0.1749093802668146
87ada6cbd040d527,0.0996729449907997
c5c4d8e14015f4e3,0.09855356070851988
5d499b0e085f025c,0.14034692572653673
183039182079fa48,0.15230987829896056
05d6c8a5d3db19c4,0.18719152327699617
4477fb4e0a476ae4,0.122747111020596
3965182266dda565,0.08815111296177967
72bafef29554438a,0.10299408421760603
1b31f23c3e55dcb7,0.1357110792632004
66c42c9008125f10,0.10303282123661343
5bf14b82c919f706,0.10460537785589666
2c7401c2798c92bd,0.06365147024358532
4adf517216b1dd47,0.031389011056566114
26348c70727fc713,0.1789569823600371
82c1c6b9b0ad498d,0.10856308635425609
1365ca92c2e04031,0.050410875197362294
9edbc98e397ab4c2,0.06211718182888509
1059c066d6e0626d,0.025083266657389455
af993cc3ac374b83,0.04531435789456795
f32194afe634dbba,0.14219098101409855
29de97ac80feb956,0.08037473173895811
e5fb185d8c6181d7,0.07489139657577208
632347c0452d889a,0.18549869106436448
35ad7b818afa2cc9,0.1850479679012989
0e9b47d072e9f5d9,0.09502489111242762
4b2ee7a5a4d7d797,0.1293826709039307
793b579534d59c3e,0.07362339297502027
3b23c46e8aebaa25,0.10528945948547445
f68b741461469ae2,0.032470146092175876
79e144db8265864c,0.03036418587348834
09c4fd90bed2d748,0.13566423504290487
2215efb176105acd,0.14644000039470306
b4a9877c6c234878,0.09227642008493474
529f75ff399c033b,0.1666628237492489
ad20741d26dac628,0.21219080092321763
abee4fe9fcb49deb,0.042561069908073824
80bf7ea1dfa6b569,0.1286813016714878
7d637676608f51cb,0.04504464879991915
79855154621f663c,0.036377918034576275
db630a696b94324c,0.06352913738562412
2c87f55f1bd853bf,0.0374088385092059
05466a89f589fe04,0.5027106851205411
073f9b06f7bf95f5,0.03597689216524495
d8c52af1d9a0ab94,0.03870375284651918
170df691b9758d76,0.12610571672154094
098c223fa7ac1f73,0.10479145721861911
947d4f80370f0b58,0.06701232459311773
66196fa0af9abe3f,0.14045175421304426
356513b3059ae50f,0.1261925581830591
a951ca23d4bdcc33,0.13245992503819637
defaffd4e20a4c47,0.04089296774948602
9aeb8ce75c56fcce,0.036345639391112565
0e52e6d570d8f008,0.04013911490104601
d177a330dadb2707,0.032664912331126235
4acf903d98d08aa8,0.22793486850107644
673bd4205f6635b8,0.13502991718759053
17b635201a20862b,0.08049839651446174
e31cdafcb4337eef,0.037962834713768455
2f57ad23a2ad21f5,0.13805902457292
8c76f3fa81c149a4,0.06371056694075157
7448092b980edcbb,0.12888591893164267
cc3891e28dd031fb,0.044286570407857856
05d416ef906cddf6,0.04061813091538132
d5cdb3c4f4965afa,0.04892113383190895
bc40575e98475699,0.030446773912361728
7227a9d91f309e1e,0.06754384184375489
f83295ed727a429c,0.03897294015051515
44f16ce1d7899c02,0.03594991149075857
219b4d22a5bcceb7,0.03752432347138762
5684d434bf545e82,0.03532359038872955
03d5ff6b9db6a1ce,0.10234232276895296
c402ad00c62dd803,0.050851314470826546
d384f2bb50d7321e,0.11146336541652385
865ca8dbe8ae9927,0.07300004521270453
0cfaded78f4c55c4,0.11938803580073433
c1f9c03f1f673cb2,0.12962182912880252
80784aef1b00a337,0.14817872412639682
2cc7c6c16592cbf5,0.06080615168510924
f816697d9e23576b,0.055534030740489786
e0a3063ee410875f,0.058161516734009024
187c083474d62911,0.06683332982384434
32fe8606c8a5cb67,0.16202652125451908
e3b603a450f69271,0.052925950646594715
13ea25fe500d74e1,0.0805780178473067
3465f2b92e5411a4,0.03724955169638876
f84c04deab8f0a53,0.15768453640576627
ce64b825ce5f48e0,0.03647153427068569
a03d161faa6231d7,0.036427496789321244
7b73399454d06d9d,0.048931887952983866
726ce1fc6c05064c,0.11349801791692213
0e660e2441745329,0.12916155981997213
d4373d25e109dcb5,0.186800902019673
6c8ad2f1018079fb,0.0275791761082128
485cc002fda9b938,0.031101194389682493
840b1b00c51f87cb,0.024353803803442552
e7c9e19e247f843b,0.06885837571884046
4f97589fa05c40f1,0.15835665418638215
41919c492d55190b,0.12025306175030348
8fc6cb3936ed4ac6,0.08586819807342738
75e3076bf4b29ba8,0.0474251320959081
8357351f6977683d,0.10597266182817681
1a6590aa6c3d2a06,0.14144688423730498
6b0dae5047e0ba12,0.11409679842423365
6f8bc4fa3d91a3dc,0.049698034988872576
e4aecbadc139b9ec,0.06053623852099544
7616bb2872e18231,0.11994806783197427
f97102e411194f18,0.041652321478394955
4f25e4f4959ce4e1,0.06510614845491161
46d34ae6f3e900ba,0.0782466748313963
73e3288eeb552e3f,0.03839294566196474
e7010fbb2150676d,0.07382113408600877
cc2c1c680ac82832,0.02667102390763401
d025b02417a63fbb,0.08746947961139474
08070948781ecfb5,0.03833583324952264
2bdbf073750d4864,0.09694957648075829
2783928eaba81305,0.13915733571787114
51bcbc84c0f437ad,0.04123945960836309
dbecf7b9325b78d3,0.1785856086796829
39b3096dbfceade4,0.07767757951435614
4299599a54525066,0.1588833822694689
ccd92654fb1f721f,0.2758870205975204
ee1170819ca7d594,0.033690246857922095
c30ab4f74d33afa9,0.03070715787673391
40f10fad12afb51f,0.07640805748008266
f4e63fba51ec3896,0.15670273283754838
60ad4f8eda2cf6d5,0.1856039402185604
4dfcb17aa4236952,0.10303021739486705
2e54d9b1b4e00337,0.06734078438899664
47a9e135733c2ab4,0.06737626899287551
4b3c22d3da587d59,0.0939338658507982
ef89abef9807c003,0.04585377885002164
e7530eb737c85931,0.06140772554581216
dea26fe32dbe26a7,0.10313081262215504
08133a148f3d4ed6,0.10595897959996625
d39b177320bf091f,0.11778193317915461
c2eeafe05948ccae,0.11505043317725287
73c8d1e2bc9f517f,0.050668345351294025
0dd4da33e5e18c44,0.11709980955700078
25e076876a1fb6c3,0.14981806582048823
873d0ca47a7ce61e,0.11366208896983548
930d090798b9ad8e,0.11915906690647571
98e38baebfb97bcd,0.14203455873755663
9c779fba6fe0839e,0.03596069933335395
5bb1f9fc76a02c1b,0.0696491889392526
f83de39c4e518f6b,0.20916916524243648
10bbab1f08d2e6c2,0.039641465977875
ffe63eebf605244b,0.5184567246401488
1e55e67dbb9fa1ef,0.06814712068898239
e53426cca968ebd9,0.14087327228393065
51bba86dd8aaec50,0.15119732140691547
582102afed3c818c,0.05433653164144635
b280a8fb8ffb9bf1,0.09621111170118091
e8e7ee8589574a45,0.05344970646501423
228ac1a17bade85a,0.08540673578883037
2bb37b0ac11a0c2b,0.1414828091408503
5588a1f5d8da9c77,0.04764138538592852
a46d657f4c9bc8ca,0.11559028006992361
7373ad47c61f558c,0.18752957078967986
0f1fcadf13eee28b,0.10931000701974299
1f8603bf90774382,0.31520612079496807
b0dc746e7f7ac87b,0.06090043733034035
82107223b7ff9788,0.11384552558895729
a38cbc0aecaa644c,0.0738199425819309
61dbaab39e7dbc01,0.027629697054396513
85064aac24d665cd,0.02868636402682184
48be998c9a3000d0,0.07387269411714957
26b2daccb2b045e0,0.2258603712711253
95198d21e3fae237,0.052754331601747556
b2a2d7a18404d7a4,0.12747056085377645
6b178de020b8598f,0.05853005161816118
38c1b19633279892,0.12136438186976156
186d5468edde7455,0.18079917987310065
4f33d36d7b629852,0.07341798804587131
b955eeaecbe25ef7,0.13537162395444174
39ad39dbe012b34a,0.26588059746379505
929e8e2af2403da0,0.0603568517065084
fa22cc093dcf1822,0.03731347141171316
f56ff6b1c2817475,0.0431780777039198
56b30f44349ddb92,0.07270130405997194
617dd77adea9e711,0.09501165770219196
4cd7a91de7bacdd1,0.09613197520108877
c07844f4e94ce116,0.2537943797832124
692bbfe3fde429f2,0.2433237041601547
6e8117bf11d2b904,0.04855438109624452
27efca94126fb8ff,0.04700993593825298
4d2a406b540c41f9,0.18783521822548277
5ca9c8756c163b0e,0.052724884362868964
c10aad8b54af6017,0.11811164549316495
60798b007f7b4637,0.05131796373341741
805031b5ab834e54,0.0708510298005451
fea6be92744b0c40,0.2068240029879616
284e4bea4a96494c,0.0638330171340901
4db0c35a634d4fb9,0.04142676009458334
351dca6bfd544a21,0.17122845980732807
c36cc7323d4f4de5,0.1287428104735558
78c350098097af6d,0.024883188831748226
1404eca61a3105b6,0.04022656587941879
2472a09a3e602f48,0.13015580361609796
5f9d50958df392e6,0.3039280945824883
ab8fde4ac70ac766,0.2443567244032658
6649908e57ee98c0,0.028234921449545657
6f6b426a42753b8f,0.058383204904540666
9f89dd1b9ea145e9,0.1371372002585187
d56cce1c1c4c9780,0.05433067165001562
fd794932c3ad58d3,0.022634456035746403
901c8562d025f79d,0.051655095446797174
2460966f3ca7d3bd,0.11441973623028566
41c6149d1848cad1,0.06987079333651358
2c948ba95eb3128a,0.14810446857871684
0263f07afc6e71f9,0.04607270020234577
59520bb39396ae13,0.12290652914740204
096e1b740c779095,0.0895135035828792
13bcd446b5b75780,0.03044988048476055
82652e7aaa1e423f,0.030352210524557176
b4c2a047510b1d1d,0.03363899838788738
8e95fe1172cfd49b,0.08668947217172408
8b3b319f1bf34127,0.15080381232010004
8e876b9274c5930f,0.03454078577446603
74c8dbccca14e4c9,0.185809216070011
a13d2861af1b8b95,0.12760691285631776
3d0443784b9008d8,0.09495696969521267
30a6c22faea5d219,0.11157161216849369
8ccaf0cd13ec8d69,0.21672648813085557
ea79b75b6fa4e024,0.09900434727588954
df41150fbde2201f,0.09834486712956066
6bfaf27148ca783a,0.14960255118166424
016b24ffbde9f2e6,0.20812367927363185
c7f17aea0b57c810,0.03618715545261049
1974cb4a4a5105f9,0.06613306915585003
ed6fb2d892b20325,0.05297431564282468
029aa7e7739f68f3,0.053665935301829795
1499ced0a7fec031,0.06031700062993489
1da835ae2069715d,0.049241334150880486
3b48789ebdae6cf1,0.10995405820393231
b2501a34b4204e11,0.04505869387110559
4e1bde0d2fdb1719,0.07252199906055053
bd42c11dc1ea52c1,0.032929596147037964
dcdd441194892326,0.09175831063077473
890cf601bcb4d1fc,0.16081465910716544
efcfd07026d6f75c,0.10813599370195032
6e5921c9eaa0bbae,0.06740948177323296
076e6b937f9e0f1e,0.1650409241443074
fe7aa6148631a52b,0.0641764143150756
0204709b122147fa,0.03964983783188469
3bf87c4ce9af3343,0.029474363573387632
e5d3cf73e07cb881,0.0901195200562694
d79da024e674f570,0.13374445766745927
f137410611053710,0.06483473377007916
4b48a5ea7d8db38d,0.05166513488667071
6e5b5708c1bbde63,0.1481226292084768
2e21f1e2f4f0d11b,0.07464856293581329
2fcb7b875a97fd67,0.11576001686063613
c9c50dcabb2aaebd,0.03233894525014236
ade709965be588c6,0.07518732686090394
e99ce68035fd1383,0.08233333723077317
9abdf47140639086,0.27630885637350816
c0370f3f688a69d3,0.17557959691818933
023ecf078fbcbe04,0.06623137217578719
9366b2145d9ffbaa,0.2303765622316745
907dcd98979cefc5,0.03918824626909301
1430d1f8417967a9,0.10154151688323527
12cf954bc6f7953f,0.2114851250922212
9f439978c3ff1caf,0.13784369317591494
3d566b52640665bf,0.1923872260819313
1da24b04359879c2,0.050189624169785896
5fb8e8cdc5a458af,0.0767640407830984
69f63de79af9dd49,0.11402989869260123
078cef5b5f6aff6f,0.13981752953106907
ee64ad3ef7cbc727,0.03230980275693365
30f789de29e44c84,0.19101206175654095
ed6dc35d0f6c3f4b,0.28408618864749635
24171dc6016596e0,0.2063944328854415
d9753be4a4ac4d5f,0.1999256835159565
08b18f56dc4a9978,0.10327503075034762
2fe99f58d73a842b,0.039143034320381
231cb4b19f8ddc4a,0.030707595536446503
a0f57bb92842d2c6,0.05388092199570775
b451e5af95310e52,0.12662768252154144
4d5e3c273bff2df6,0.10084363900553799
69445874395ad7f7,0.03610870045392394
72d5eb4d04446c06,0.05430773473361794
676277c834acaafa,0.045229119459647894
345fac6fcbfce3ac,0.1295042450376939
77268d80339453f4,0.07181418550357292
0a3d332e3608b10c,0.17553423894444714
3d3e247d278aad6c,0.14607727354447358
c6d0f1503380066c,0.21260971695187733
a7ccb8ff054ea663,0.14578553762922022
d3b3fd3963b35751,0.1456023738345383
e361e82e1559efea,0.11869198230833182
94f03a339108fe12,0.02536033652123613
0d6b47fe3047807f,0.09707066491712031
f0d2a9398458201f,0.03902811616900571
8189ef648444f31a,0.17354164256296187
b341aa9047a23001,0.05364188141987417
0b603f589ffe5334,0.1660673378802291
dfcd5836b6d7807c,0.15594444679975342
c69510f82760fc8e,0.052878186353371326
bc2b0e3b0279f394,0.03057079054616522
9e59359a937dc386,0.044663359344611235
9bd6fbbffc3029b7,0.06718261315776276
78533ed0a4d75031,0.10659017932095272
24d3b857d9ec7516,0.14896827393142228
d9f1874f6346d786,0.1315850355096614
6588a72e611a860f,0.04076744762196655
52fef00321899df1,0.16031430066400776
b3c2a81210323102,0.05131691904293525
c1501d30afd688d2,0.08965498140985091
2bd1f2fa8a7cdbba,0.04412919447240082
7472a7ac18cd8ab0,0.1796847536076843
b1dcab1c1027e375,0.15343609329363006
2add558fb5890d0f,0.03416530954408122
51a6b2ebff82bb8d,0.11657947344540369
3486d76917d26380,0.11311579757407048
7d9915dadeee6dc0,0.10178849684040665
1a5e5859e62a5ff4,0.02656603058036522
ba7cc06ca707247c,0.11649204246600073
3c42318ad81df936,0.035071988532005695
e7f32c62736ba8ec,0.07084439384577322
01970049a1d79ee3,0.1364998427490747
c34d08417ccc14e1,0.12647158476872897
dd08d7511ab95a7c,0.08629922018320206
147c9ed162930636,0.10792694139288538
4d55d8c7e32d9a9c,0.0635616247326372
1df22e6d0f4be856,0.06624070581742077
29e5cfdbc9735f7b,0.1083858822462468
529dfd620d6ee22a,0.06023549763917988
22b829fba260c24a,0.04668972743369528
712c502ecc45cac8,0.03875445760722072
2806f2b7f968844a,0.1302211766147498
1ff716c957da8f4c,0.024567619993002627
33a651d1e2266900,0.25834601561602677
01aa41460821647d,0.11506413923721621
2728591ac3aaa7f9,0.14280875280455296
62153e0ba99bfdc4,0.18090046331314996
a336835871390b27,0.06551271050622465
66040815dd14bdc6,0.04873947790398695
e0d8f324ffe3e925,0.10340768288592712
e7d245b8d234167a,0.06614123086467848
b30acd5fe8990b03,0.3984613462916437
8b87df65e3f61018,0.07560250209007248
92d913128fc856dd,0.09238876294277015
c1aa97bf3aa49c01,0.05495082246971964
37b85ed57524087b,0.15450752659082778
fbbd2368a21a9e6b,0.08044981668703553
39795c53fb16d719,0.04669583827282602
6d637bbe837caf77,0.10772752630670697
ac09426ca8b44dc8,0.21885175818457445
0007a5bb7310d604,0.12350139605747357
f8c5400d321751bb,0.1755646439525118
5c5d74b2ed3fe0b2,0.035270378097662224
a0d70afd5aebab39,0.09242739984597782
dab67f5669ab1b4a,0.1100466246815271
b094a6aee2983e4b,0.13749573874005744
76eceb39e4bbf598,0.09177984922288962
08792ceaef2278a0,0.06713702277878678
421639eb32096298,0.1144035176559976
3732446a2dc0ff2c,0.11216657499696868
f42e7bbaae983e33,0.14283340932437327
1d7a33be5e41401e,0.08182651359893017
c94efe294bf687bc,0.15275963172918045
54153bda194f6353,0.035595572492828985
275f14633d4a7de0,0.03938799815186065
7a750521e7810b4b,0.19469706643383225
b94bc2b4bd62e236,0.12977032041156658
3c2076842f11afcb,0.04789622416802984
53c3d245534bdda0,0.033348819861725464
bee1ce38b4653a33,0.04015842856087024
7fcd7a8a7c44d7f7,0.04004222539643485
60fc2edd396bed1b,0.0859646355361673
df7a1a739d1e3d31,0.12300938522474571
293173b622ae6047,0.08513062843848795
c18a9f29b23ca49b,0.03753224912438157
4497cca94390df91,0.0616930575704626
40d9096835771f2f,0.17114743075749642
ba30e997b8338d76,0.14615365813399864
56d89283c0f5c7c8,0.07064198546514991
f460984ca4f4f1a0,0.0537991011575194
63585cd6e35862a2,0.05383499780903885
26e41712e705d5ad,0.12462941472438847
0a056eacd56539b4,0.035542233229256245
9060dd63376b8616,0.07755373230965014
f11e51ec27009738,0.14908309788010432
d0496dc870887d72,0.11181388537074867
65fef6d3fb26ca70,0.03006118702100798
a586684b41fa9769,0.196203205391871
3bb2f0950e70a234,0.08081515073548523
6c6a97e3ad10abbf,0.15385470653866
ede33053b334b03e,0.10871057697068319
0dfab1673fe84ab2,0.05519331157858565
f65b0230673c2e76,0.09233620181318071
5618ac6872992ff3,0.30493025814994323
77febd71dc7777e6,0.18309617844439385
7f54b45c8c0b9310,0.16295939894029646
9273e3e5412cfeae,0.1105850509368813
52087475796918f7,0.051807581628245565
643455f14aa1df04,0.022950223420473648
d1b24b005a16d2e7,0.10343034975026733
88788f98d41f9611,0.13044621259421732
bbbe50af555f1d68,0.10394663055130868
1bfe964817713a25,0.5289129985384499
40d6df07da814020,0.14450129910223553
8a96d0eccabff7b3,0.031272221281050894
439300a43f735490,0.029156854622950635
bfaf88448d1869a5,0.10561054010605804
1eb331ca2d61f16e,0.11776454288577354
5ad8f23386d2ce42,0.15986686023929095
69ddf95fb1e28199,0.14481007017726696
6c224fe2f90a4ac6,0.062420017539563256
7d2d81f3b2e16bb2,0.1598998616305893
306bcc14dd7bcd69,0.1918659266220844
db0b579d4d6c3202,0.023657329608159573
5e7670a553fae63c,0.11153862518217347
999f8c054ed84981,0.055854629964711335
645969c8fdeb22a1,0.018568328287723267
6158cad9f5117a45,0.07278389255841254
3717d43b0bfbe61e,0.11080703256371734
8ffc981637d61bb9,0.08055582741749681
8b934f4c25070ad8,0.06836143771455902
15701cad20890a02,0.07386540752877176
4a22e527eecd22b2,0.11721763160020147
6b7e69ddbeb27f14,0.13857468323342662
c44f66a5254d5ede,0.17191777849314893
1dd06cc994df91c5,0.16331542478669683
43da23e0c905b332,0.10524604031889884
cef6bb5fbd6d7d4c,0.028066425794080613
74e65522686e974b,0.06557150936353492
b2ec41e4d4e17991,0.054669309233029706
7adfda5837586ee5,0.061896968952435884
7be7cd83da184778,0.16811256234181018
331453c919db4a8a,0.035791895400909574
1ad90b2ad8ec5751,0.02347313769913172
06f305aa47e1f3e5,0.14011114730459784
5d77b6a032a98222,0.095627104827374
2fadc388cbe136d8,0.026271756769247773
3a64f59d79eebaa0,0.08530908745509923
e9d4d3a03ce54237,0.14571958412003116
5bc032bc2d4db536,0.04385876567993028
42afab27f6d63b09,0.08136945389825767
0ce59aff9d61ddc0,0.11681342244525753
c4b23b3e64f8fa59,0.034938531847066134
df5826f4adc2407c,0.11313959291580518
1006c7d207337c5d,0.047595635028405615
74f20f15f7388f9c,0.03300261837165549
e8c69436b1cb3320,0.06746389353876421
609680f04da9fb46,0.03865776181728057
060d99e1fde9dc79,0.03642356998831427
6555f0c293c5a1f9,0.13138856583169714
cc835ba475e9656e,0.11792591373274589
960c65dd29d3417b,0.08174310833359366
c7596c71a0f505bf,0.03417087495903657
3f3297df319604e8,0.11716110421646046
21c886bdfaeba657,0.17267440201796433
4c47eb742008376f,0.09174806780686819
0360ab7e3c03e1d6,0.06192338350637563
106e8c5cc993ce96,0.09378030996701654
3f189ef767336273,0.09896359992114989
d87c2b5ea60e2e70,0.04077835196434685
924a02ba0ace2e0f,0.04636978716461774
e0a93aee5351fc40,0.15868166478655385
60036012aab0d68e,0.08273386709598708
92196298fd1f0a2c,0.0682691501810674
2c9507cd32c0dc32,0.033769128102174376
f138d3401d1ef8d3,0.02799093127926372
0550e84ce3342ea2,0.15753557108049035
433b7b91aefd0d89,0.029247798564005677
2f084abde9824f95,0.04239021834512015
aec34c208a4086e3,0.19547778766010493
77832263f798d3db,0.10230203697474498
423646a4264a51ea,0.09587280524280484
99a11463587499b5,0.140202180599316
5666dcd2f61e1fdc,0.07331362773128049
414bb3e31a06b128,0.21377689768452537
9825bfe27f61ead1,0.08373067918264832
3e8b0ac764ba974f,0.020898148155077612
f494e58fc4f527c1,0.06635522552540289
4b3ed9d300487cc2,0.14963012372330922
064d5daca103bb1b,0.06582922049878671
1a4b5aa55f664cd7,0.08063570520221167
65fae5433da58938,0.06255566689580823
77df36f32951641e,0.03701537848362753
2734faa9175621e1,0.2927538061788401
6952ae6c0325e147,0.03185751286791589
bc49ff32a733b5b3,0.14587255274055827
ddb437f22bdce5ad,0.1786102185605095
ad2ca89540526e80,0.1615279994584304
8eb86976f1f7faeb,0.19503684625555387
351b2cac3bb60649,0.12429156790321831
f3685748a7717d4b,0.027481040414504457
af64f4a787a28c01,0.041172739530838894
e41d8e72f6a6da64,0.04537730491821218
43199fd3cad0d080,0.09970754588876034
08639490dad5a32a,0.145154328122431
251545c20caf2d9a,0.08858295365344666
657fbf140a397f3b,0.06128842544492024
d28dd01372e08f90,0.1089932369737866
fb9bccbf5affc835,0.026305791802539127
0c3e0f0e422bc214,0.1216295334466972
b6fe616b3ee4f983,0.09516786376024221
1a05d9b0ab2c483b,0.060848649114818666
be053c37d8d326fd,0.09668210737753892
b0cc45542dd09eba,0.0706457821998221
0d1c9ebdc72b57f6,0.07733922624098415
926a38d305ede2ee,0.14584509364360757
381047d838351f95,0.13491246769077578
5afb977a1eeba5b5,0.07333807643399413
1ef7c785c8633cc8,0.05734023409842526
2f0bd78e22c8874e,0.1497217464448437
2765e2bdf659e633,0.02920425132093049
31756eaf193dde51,0.03860020111462703
ba5f5a3df72c6be8,0.22676507041164104
90e87591d24ae44e,0.0660807919368854
f9f063e55d3db8b4,0.09223642608476695
3ef90711b7e5d86b,0.13426820946741844
ec0a6ecd2422c215,0.11366644642099903
2a75009bf5006a5b,0.05186669195802959
9edf622febac0e4b,0.11574151111783704
9cee551773541f4f,0.08651230226348212
2a07f1c2d7378d29,0.13734755189781378
aacdb09c08c9a960,0.03049614356245249
df9753fd02aeca78,0.07294948141111646
ecc853e05f1891ac,0.1029404155377125
859bd8582d3d2811,0.07965391674616429
a124273d56f60796,0.08293752155661283
9cd33034524d6b66,0.06899514684095502
9e58973154c42431,0.04632922264260731
fe78518186335668,0.032563651496719685
0c195b45f68a8952,0.06154057855143175
bb6b109cc9317218,0.03445754181683078
a58342d3aee051b5,0.04937129159761189
48f975291ebf9397,0.1706557301049113
672604676c29d735,0.11188499175830154
144b0a7e9cb057ed,0.16771109416919833
02ea6c1ef4cf0b61,0.023263297278380602
fe3c47193f742bd1,0.04063368243737032
782fd306b790e8b4,0.09102274103800759
53f0ab0c206a7f5b,0.14558331208394293
2d15bf73a2700357,0.06321872926158816
569b34b568032161,0.13318527814946038
d98474765b2d7880,0.10588965706425713
f3088caf81ec54f5,0.1775638269395675
884de3bae564118d,0.16659139058276107
5b62a55571d795f7,0.1456958576743053
e860976e6aaf78f3,0.1274639885643356
bc5f8d0b2f9683ba,0.02693972601287951
92555d85c6369cfd,0.16360584174204126
189861fc294e0daf,0.09133148943765311
b8212e2222eb4313,0.028285587602229927
53afc56ddcd63d8d,0.11458446573234037
0592b0cab7becf5c,0.07734976598984211
ac4cbdd76a84da91,0.12574652754518442
f2eeb139d518ca60,0.14277665306651324
e02fcc8b8b63c0cb,0.04643722357042393
a7f194a18e15e185,0.06716595724926906
b9b57b5beadd1490,0.13558388135405353
357c4988d289017f,0.0896362322450908
f0d98c09bd71837f,0.1082295391581208
b1c0df4bb0c82383,0.09119384301517265
5bb361813a233522,0.06431505700269793
c3eeda7b200e2c92,0.05714594430603984
db0460b8a23a94e3,0.09606789361274831
3c80f795a35190af,0.049472348173077545
ecf5824d8b392491,0.05421013926801394
5fc7a11376239e12,0.030028475695779613
2008fba1ef946ecb,0.11462744847238053
e2aa59fe541e0ac8,0.05287910744887447
09b5c7802e6b561b,0.03217220574602767
988df0719acbb76e,0.115361801894319
48d79ec301d31948,0.07213250312458176
d288ed9b89b3675c,0.06166144759921945
75abd1caba2694a1,0.042566205305290435
3660f3c735d8a187,0.0670257941626859
0440ac4598276f6f,0.16033714892213527
836bbb09e4831df8,0.07223592259409482
51432ea27e463eb4,0.04646475443964846
3fd99194e4efb12e,0.047888775651160814
ef1b4ca1f2c1e357,0.029697724298253698
70c464af7e1cea4a,0.03914027072148467
54c64f47d761f86d,0.13156701561803463
333dcb05411a601b,0.0479659621838899
11861d1571dcc3a1,0.04689981811959565
20e00d08f625d409,0.12365278005950157
8574c4f5b2db8c92,0.10854121613450085
95feb433faa8520b,0.12246232816928711
1dd496796a5dadff,0.04799799199890145
c1c248e8483e9ef8,0.047710804215977565
5e0dc0f0f0ea48f3,0.04765628515744638
7ecca4d6c9eac123,0.05832696993664834
58dbf7650b2286e5,0.0454007229675801
4c62224901fd183c,0.12002695171884543
affa636fe0cafb15,0.14603158847007824
c9f2c416d003a925,0.028519631145883836
c19024a709757f11,0.061681949814679976
d3444b15af3a9536,0.0982844606758182
2f54cc2167b0cfdb,0.045700799704602814
d974c7d47092679a,0.061078018958326985
1f04a25da2b17ee9,0.10412944829508264
f133299dc49c2bf2,0.03353922217086049
9542ec8d29575b20,0.14955332175264896
6e476b773a15e2f7,0.053930575702123056
c468f0fe05876276,0.05297063416249172
1bdf15bc47508221,0.13817437970851074
687b1d6eaf1bb287,0.11672451056424864
fc8590ee9d55c5db,0.03288547206825209
a4379a3efec7361a,0.028451362774633532
30a2e56d4d608b28,0.1117306659025913
4b400d52635e28ff,0.34536037385540874
992d4d4846551047,0.13070231248611888
b91c089133d42f62,0.06490273618536686
c98879c523da912b,0.04069889505979389
7c8f510d8af822b4,0.14003360667910303
9d674a6212b3431c,0.04142864119638419
d3da05b2f284cb87,0.08137185439413792
853ab873686c227e,0.1421224212865773
ee0d55e13012503e,0.029168733011809517
fed761caa06202e1,0.046111222147681395
7750406f980f78c8,0.11413146348944199
e8770d9a28fdaeaf,0.24533724941178592
4025856444b9ab51,0.04392482062855485
1d0cc87631f52974,0.41460924923120085
f87d2af1aa151b69,0.1061860118537682
e2746f6359714da0,0.06447773176499345
6b20c519964ca8fe,0.04808299183576694
ac0ef70a6dbe1ce0,0.037630146092473775
29219b6baa3ffa60,0.09589826736993395
ef5245dc0733939e,0.06599509703661804
26d625d3997169dc,0.03602763088839522
ff9580c0b2b1a370,0.10851999967649212
bdad383d41eac454,0.019818260214430995
a6bebd6247dce4a2,0.21309522186430455
846ab5063b60d099,0.18806143261898053
1e342d4cd0cd2bac,0.0755780265395652
b111d554bd56dcf7,0.12550106873018474
9ddbb649643fc0ee,0.18512457248388944
0dc9c8998b42da67,0.15793401108551852
80444594c0d4b5b8,0.06228973392386481
9bf8b2752ad4d752,0.18216582366104644
794812675f553fb1,0.11260745521241304
c60c7cf09844c202,0.0706065229927465
06559b4012a85953,0.03281757014573905
dde7362e34a81ac2,0.0696937592897097
fa1ccff8a7481b47,0.13446592566861618
89c1eb286bad23b4,0.023540256123013765
b389067306356b78,0.08531808426190456
a4328554fc4a45e3,0.10986165532248761
fe2ff0422ecd1440,0.10260000178061852
e1f0e9e0dd1f6a8e,0.09639470417270601
e431bdc8db1622e3,0.11876086449747786
54d5ddd4fde3db7e,0.030847614084201575
d6a2262fc314d2a8,0.05982910300861526
e7039d9ed0ec0c39,0.028991681028554844
357fb25344e0d8ef,0.06222463764205629
8479ceedf945cd0b,0.07100743588428178
30e12f447d932d19,0.11726678256618732
a33acfadc007c5d3,0.143262664672601
32b72fee7f2bc37f,0.07640555281692639
e2ef0cf7c0138e95,0.144845108826199
c53a5098d3feab43,0.11885941219104486
2d1a504956a9bc59,0.03506937796668973
5b9d63bb61f11842,0.039807820233442044
f8fbcd4440a074e6,0.12281300983747041
c18b0ab8490d1c66,0.057565768268803295
18cc6b0ca558d790,0.2307574477703341
c78d6d8adb708879,0.04393502779798187
928fe114a90feded,0.12754025971203906
806b11fae1f6bd45,0.04791495342613386
ac8d5b4456a25f98,0.04519972565670505
0de3b4e998fb61e4,0.03156541958425007
0344ee3e70daaee8,0.15653777976902192
9459a694f708e7cc,0.028110615616337323
f8f24bc3cf3562cb,0.04955505941520178
fca0d01a476eb58c,0.04957877164444776
ef25fb3354e1c732,0.12364187047438828
83ce56a22c714f81,0.12049528638779579
781864846ec190fd,0.03232435724066489
99c27791616e6a14,0.10666196469647515
f00a56545441ae1e,0.0405109769676696
160c77c56d0bc3b3,0.03883242017887958
6bc7f7e6a8dbe398,0.06854565745160103
565c31dc34339cb6,0.1502549437463437
d47a57dc58d8cfca,0.09023134650811677
7d91fd093f331634,0.18700560242704556
a33fd6143896a064,0.034835941112709
af6776fae916125c,0.27873359260474545
eb63791dfd566fd7,0.10614849136669509
fd94632e98a57fd7,0.12678142228134076
7afa48755b2905cd,0.3132248685570815
cbfe89a23b516339,0.1258816763086851
bc9eb4d602b27458,0.06283237834032855
fb8b7e3482eaa33f,0.06856592332938012
0d172dce11eeef53,0.03657480611292763
6cb7efe2f15a8b1f,0.05800584824051824
0b234c8955fa5560,0.06995875278332152
1564bc14da2389b8,0.1529456693904042
11d440c4ffeb2e60,0.11034721647887645
fa46240b99291663,0.1324730861255269
52eb5978e0a48397,0.19317367018807663
bb2cb3fc47f785b4,0.1416117006514008
bd402ae2e81bc456,0.03141387669361833
5b2c73c3c2fab67b,0.02754251720175016
558785e2cd64bd4e,0.14651836187479073
d8d0cdd0e630be6e,0.3264573474419856
54a5cf67504e37cf,0.1128626370251531
b7225c4787addde6,0.04062504106055885
2e444cb3f4217098,0.043537508226470935
ae6ea7b6c44fe6f5,0.1101581077017525
8917e3ac1e161b77,0.09334366757072118
ca8e1b8f4b045be2,0.2064122730278612
b16a002c43cda488,0.18648405372867918
38988311c0c8e2b7,0.12498145843625601
40ac9a289f991b8c,0.08915263858951149
83dbe87c0f3ff118,0.09232787227296878
d8412746401ef6ff,0.033762757272289966
95a1b17435300c3e,0.11388230825014153
9576e0a63d76b324,0.05849007935969954
8e43c1faf8514a42,0.019415334955419188
64462847893bb0c3,0.08858064744224237
2e8d60596fe0288d,0.027072368849644205
e3064eb18f25f417,0.19876332435931568
5c24da1b9f2ac392,0.030370451314860738
ad26aaf8f4bdaf41,0.09240192936614117
a21097bbd8645f25,0.037499596252276335
cffe1ff942479449,0.04144976242230208
39170ff154aa8058,0.10376559578508475
0e2b77f6fe4d94af,0.1572876684422714
4fb4ed274c87cfd9,0.039518752960935245
dbe218b606bf3cff,0.08861888475936126
b1ff3f405ab15e62,0.08328743199549939
b77bd0eb977bfde6,0.026550897336276563
c65c01d13c9051fb,0.17002565403433278
9f7d2bd32579e9b3,0.05544763674506483
1d42bbb95380256d,0.1428252170114077
799c5bdb519f3962,0.08815478298457448
af54b26cbb15ae3e,0.09350461517027508
9ce958c47b1e7d3c,0.11602466820848066
d39bba0520b226fe,0.07930355817067913
c4923735c16e8881,0.023304409449587504
43506b20fd8ac430,0.06943135365806419
685b0ab35ff084e8,0.18925115682890403
03212fcbf4fcc22d,0.16638457916552488
7aff26a87411e8ee,0.12636082849758204
9af789cec1453f89,0.033113322239393755
41f2ebd04afb728d,0.14404289789683372
a3a3009c55baa210,0.2539586384873108
688382bd40810598,0.06562395650082042
42cce10beb6c55b1,0.04603603779765394
59fe211f9aa2b83d,0.10971854252449754
86466c925086fe3c,0.1686290043557271
cd36f54626e83a21,0.039692376990112625
ded728c05e20539a,0.14769714343054752
0c7fd3a164040b3f,0.16552234843474076
614f526f552a972f,0.054023249125425665
cf076cf42abbd2a6,0.04269334091391951
e20135d1136fb289,0.046894000860950275
2b40340f15b07950,0.12837901624148823
92ea7f3ec80af25f,0.1482334839760494
1de6db095fe81c3a,0.12729031435201338
e13432ce761076fd,0.08265753346903397
ae126eb3da41487a,0.03569758245335436
05436df37c119ff6,0.08487459943504061
b9203ce854a26300,0.11744597796946885
e39f8336b7fa1f6e,0.14258430683838302
2d031b0318ea5a02,0.07106679458810784
54304b5c419290ad,0.04406088022552671
e9b3e8a0a4077e28,0.030051568549882977
1dced917867d765e,0.1531264077177517
c004a070a93054de,0.14857332052130115
3fa194a91f4562c5,0.07021318515269226
76d5a2300ca56933,0.03359301669777152
993bd3c445b80c92,0.09462338250277112
16eff5adf0cf07a9,0.18992252128604817
19f4c91cd1038cc8,0.03278632430348808
4ace42dbd199d1b2,0.09332507158907741
8232534ba45ef07e,0.10240809665358608
a2eb06ecbdb56bd2,0.033138545167707006
e33ca091fb503e03,0.1002411610645858
8b65603997a5d0ae,0.03645964499114299
c4702fc1a3b838e1,0.06543409542325147
0a2ca915437c9a04,0.04482091637765104
6e4d60a1e5913350,0.039993492112401635
0eb4def034c0e542,0.157270425725102
0dc7bc6ce45f37c8,0.03961104370894379
69c1bc9b1691880f,0.10855153547664505
249619e3bba248c5,0.09642618203435226
8a0925f386616243,0.08681022102949955
c609c9019d1d7b32,0.1549717209160869
dea132cdd56b9c8f,0.1517806323031683
24c6ff18b883edd2,0.17419842282910758
06ea151cc4ea5974,0.029599290363843993
dde1072c2340c07c,0.031098880435229605
bf6234d11406ea49,0.07218021804457181
610c0fee53d0cf9e,0.11311294669739251
fc0691273040fddb,0.13970580773903543
46bbaf2bcdf5a362,0.0832483526131003
6f4198d004803569,0.0659242087770203
3f726ca9a49e022b,0.03430496761507881
2263ab08ec01d546,0.037281783619735054
dc2a61d22023b42b,0.46724948127071575
9cb03c429bd54976,0.027365381335272786
d3d5427c6c9640bd,0.14541166865447
a356aac05b7d44bf,0.05485738026545637
2c28820cf1ae8254,0.13603623931282538
cf49994228b74e3d,0.060018364173667585
ea984ee0501b30dd,0.07886584883145932
3639d96562366ada,0.03388801272999432
007d989968211b0c,0.07356004984911997
47b004a1df7ac9c9,0.09094902220847206
f09cbcb79049a436,0.1584630835113162
d3e17fc998bf6787,0.11425662792591507
0c6c8663f624c58e,0.032645216582417494
52720efef03dc54f,0.2012347932922905
c6a5cca33f57da61,0.04375919024887482
b1208369a0074122,0.04783926135365537
b0563e971ad0dbda,0.027406190895117075
a0bb9373f1dff1b6,0.15339323701958038
607b5d747f350fa9,0.13550296072894033
8945214e2c9cda71,0.1653033674901782
7fdea294906af44c,0.17151457826333785
1f3c2f31d844d10a,0.03694868070939641
248eb5a4a5179bb0,0.270577115858613
f7522ca250fc8477,0.04857155690579109
3ac3d9675fc09e64,0.11470861787125403
b65116a131be84cf,0.16260697951977632
7cba939dfaa4fb1c,0.14848126037815276
4e484a321de70373,0.11583577161082459
48c00464ee810da7,0.11386075173886485
11c760a8108e0ab5,0.1670982499868596
4ece5849758d2bbf,0.10195638502619697
2d34cfaba66dade6,0.18503755167616437
597b3aa023ec1731,0.033330963875720196
65e095698c6b2018,0.10836470626237771
d4685373bfa64d8c,0.04693111894750962
b2a24aac339b046a,0.11738948095211076
d018e1502c830522,0.1165191498516208
b4a5d705266bfd48,0.06456619232261308
1bc1ad21db736edf,0.04790234049517302
3584862144963b16,0.06227207034222421
64acc3b4a0341a38,0.03028971118676053
ae1b7c2913418b6f,0.02561937418852636
5ff184c18b029b7c,0.03063784805233079
d407cc2c1f68ef5b,0.21382197621830076
10610f40d2c4beb2,0.03546840286227953
a8e72b280bf38b81,0.04821936137090828
4802ee9701571a2d,0.5374983331821802
c0ba503ad79cb130,0.4182496668062674
a428e18a2571696e,0.12913478943736426
d973ea3bf88a0f3e,0.14165010900064723
cca48a6fecdefbfd,0.09039921440430498
387eb4b1c9690ed5,0.04373772241013809
f9b045f246df515e,0.102897932033167
b8aa274fe0062de8,0.17349516764646675
9d67fee3adf9e1fb,0.16551573392140329
3196cf2ddaa8893c,0.17906433441587424
c6cb67394ff79930,0.1086939930345014
b713b9f13a1a825f,0.06478612406801075
0c55301e8a9a0e8b,0.1614094179875199
06cf6a66edc51d64,0.4472143871658421
73877568d5adcb7f,0.030321143652875998
6e713b6c6d9ff701,0.18663601021224632
35b98290788b0e15,0.1722651304548297
c1699d21d21f249c,0.05988916526971725
4d4b1f0d9defbbe6,0.2415615125735941
c1eb4bc9fb4e0c7f,0.11111205961792046
ac64ea4bb93cb2ae,0.15310151177326548
a6c0198d0ade9eda,0.2677248832013506
4ee5d36590d4f29e,0.11857542771180934
39d7718a5529cc62,0.028865168080948033
4f6e36e222d122b1,0.06845839865515049
f7b65c4533428cbf,0.2676532873689063
32839e57f8e1ec72,0.10532218957592172
0a631a26c3a1a8ef,0.15701636780258035
42ae365efff05b84,0.08771360940320468
aaf16c83ac07884a,0.11838676198052844
e3fe57ec38bc0cae,0.05892066916941491
a269d748b94103bf,0.087916595660723
29320c0461eae48c,0.028517306537099982
98b75056b390e87d,0.1289910067869143
a18aa53890bd84ac,0.1436148112546618
fc5a2a2354cb11ed,0.03114345241629125
912408725cfa628f,0.08025150394344367
6453b1a068b68ddb,0.11711274683519295
d95e854d614ff5a3,0.11653472631013968
85a79337144b2a84,0.06822405587981886
b5e18d3eb66f6250,0.03297097080802039
3b90fc3f1087e3d5,0.03100365163006209
36f89bae0e5df26e,0.0905554349908212
7de9a21c9a6df7bc,0.15988434305029486
4ad662d48155a76d,0.10483344842088593
1016d05cc8d07dfe,0.09843786353877947
b0a028857d9a81dd,0.11565075147514944
c7da65ddda5ab002,0.12361559397451327
8faf1048140782ab,0.11104480882216693
d0f1cbe5f5c2cc97,0.12304570013045746
766a85256e2db000,0.0368709078013311
83f8495a5ff0fc2d,0.040041246875744514
a57ac84facc6651c,0.1661014687885305
3e18333d2d1812a0,0.03639398748585978
2e2c93c0b28242d7,0.16018809616143684
290025e556e7a964,0.06948189724264715
34abf7197c7817bf,0.11965034714828335
4c990af23095a8ad,0.14340456175647445
b30f0e7ab6ef02e6,0.09282118624937997
955f054ef8ac2a98,0.38706782247528077
efdde8377abe8fe4,0.11680490626266271
cbfaa9b940f4c2cf,0.15921808476066213
51e64153531937a9,0.2282674153588245
3b7b80317148399b,0.1342453683653952
b1de8383db45dfc8,0.11214176287820689
0d3f9429ecf4d4c2,0.04045875427566609
c4499c39e29ecf53,0.08785910195898408
7800f7a3f936332b,0.04214286495136332
b837532e3fdf4a50,0.08038162702522308
c681da0099cefd6a,0.03974304973034837
c7acb3b5705e68f2,0.0398709738175831
7072f5cd32c791ed,0.15757813615419117
00b5216b2f2dfa33,0.672098908941978
b2ae02f82d15b4ad,0.10889968245691503
5ddd4c1db54b9114,0.08464725466897342
3e6fa59b53549aa5,0.06346701810032965
6b853eda68180bf6,0.1289419625172423
0ee247af650122c3,0.18532615358837157
9e2c6c5193f21067,0.03764242391512266
6cb5b3e20565dfc2,0.11226247536294498
dedaeeed301662dc,0.0503334913430633
7244a91f3ecd611f,0.02460683039284064
d5447b494619e05f,0.1276682027481363
d114e64d8dfca5ca,0.031364495176505705
762e061721ae89c2,0.032171106958368695
0359613691f7c01f,0.08556626582706761
ca90a47bd789f6fd,0.09733929186022125
b43584123f43b018,0.04794188265283434
0770e000ee552df7,0.14352500066980156
b396a1df0d592f4f,0.0336105206470895
51ffd9a173cdec87,0.192252228977794
38e628d583de2dcc,0.03505414570715674
5e444909efb4f076,0.08662148839589486
147047e5cda600ea,0.09399517793003893
02f5e786b6ca732f,0.05111328289491188
b29abac474eba51d,0.23522763157614734
14f09256775b5595,0.09430677609409187
4132a178395f2d42,0.12672513630683102
3ecf5a5ba7668082,0.041439432443941264
f7b8ef9f4baa3954,0.1752764897418504
344ae6cefc6e5e28,0.037374534391486046
9f8993a4d3fd8c66,0.0742590527395278
02fb2d64b2963430,0.10538673919777375
cc3e88fc10db73fd,0.12295217097596457
e1b25ee0d1bded29,0.18193803859420843
6811aeda7c48195f,0.12361600366621865
2caefea2089d3348,0.12508222532981186
06624c42e6f173c4,0.2679426416524943
18d0862452891d30,0.11053865310805151
aeff78b9acbf4d71,0.08710025500202441
3c4fb720d11f542d,0.04205699764203349
ccf649ea4bfee844,0.05718738544281068
72bca5a449e85cd9,0.048558909526594494
fd6a74697a1a9ec1,0.043131602382848105
a629bcd8e7727428,0.03311605136142451
4234c32600399d7b,0.1138782125302882
dbf0f354d6059039,0.03497301791781402
3807b180f301e7e0,0.112005579010393
5cff8cd0dc4c326d,0.08376278626771212
a28550e03a14c9e2,0.15193704910009537
244915cbbfabaa93,0.02984915133400304
f5d28c37e1483258,0.06353445507343476
625d0351dedf957b,0.10937064645508722
daa98d98f6971d07,0.09697404833001944
aac141e3478df5f8,0.09705942860472326
6e2d6b44bfbd409b,0.14675851065715328
34a46acb36dc8ef8,0.03813756238595487
f709bf78e6f0fe9a,0.0578952005493061
573ce0864f1f1a1e,0.03948184665360949
d6421a369f95b35a,0.06970791288660538
6c74b5b293b1b97b,0.03458283276792269
51cf0713d5fbc070,0.10872899867031843
062ba7304652bc27,0.040914746893871756
930853397c388814,0.020815914789244935
2e48c840c19e48bf,0.12128525744696979
2a51f116e23cffb3,0.10914778768924106
070669d7057f8aa5,0.2690608618351575
967936eb15802a83,0.07504532425458947
83ec0a0ff919a926,0.035882539213784335
a35f4a25719a4b95,0.03428863975311172
e646bad2986e850e,0.12214897696501367
8b488afbcc578dfc,0.06343688486331986
13ea6594c14a4026,0.05736738227746795
d0e536523f93f64c,0.058985918764675564
0e5ca22bcfd8c5db,0.15903619377040584
9fb1e891c08b715f,0.029471752270356377
7199fd0ada65fcc2,0.045845411075259884
2275f9dac244010e,0.03235999244383887
24e5ed05f908296f,0.056534679907794316
6cb602b86bec19a4,0.10778010483361551
9325343b0fd3d676,0.057873638258912764
644e5f81463951ba,0.11924772308435888
37046a2dda9e5889,0.05948483427311465
c7df199599dc296d,0.08330555420530104
54e463d760c0c6af,0.03478593614361906
9bde8f101bdb4095,0.06987530429645403
bc5c320666ed7ca3,0.03293174237239156
4e44d72109230bfd,0.10945635366121031
235aebae2ca0d45e,0.12477879392208457
55a1d48711c4359f,0.07242904763269391
c1ec685fcc48d91e,0.0783928427839296
a51c93906bd78ab7,0.08751691823258805
207c0a6423cf7a33,0.0973255558996437
c7693bad80c482e1,0.1668142869718113
36b92309f6e5618a,0.07733149809626239
26ee6d56130da0fc,0.13663873836149365
587c7d36156381d1,0.031489911290478324
50d432d2b52052b2,0.12242778542759004
b738afb14f60d587,0.18531322825500163
1157c08c11e901e9,0.11200898934134107
cfaea6958357ef1d,0.054688956362025275
d8b3ec80ec080d08,0.1294803978586949
809c8f80468b1337,0.0921865363492669
1bdded460bb636a5,0.38605518576515835
96cc52a1a3f13e6b,0.05237322783714394
c97a25af08369f73,0.03960413034286344
0de5d7bc5b46bdc6,0.054475497986739126
c6eca151f8576037,0.1137611515964162
7ef7f606745e05ec,0.026923203108291282
c5ea9ba7fa065f8d,0.47742984056052346
63142c0d75cf9aa4,0.023136731556081546
c396e609d01a9bcc,0.05361718251498589
7c9db70c27860a32,0.10112171170590718
8dd4bb6eda603b43,0.051183138204739076
d5eb724b5ea43bba,0.19333519922703468
e7e9bc7d5e2e5674,0.13079665622435177
24b3176d5020b612,0.1735559774679791
6fed295aff782896,0.6176962453092126
12d17a3ef6b47faa,0.15788146181403853
2c550aa9cd671368,0.03021427151576796
df00e28247baf9ff,0.1391003304045612
9449a45c9d7b914f,0.04119621919027356
9a8393310d9b352a,0.09506908720039753
e1b1b6a194b4b1d6,0.06371141928823942
7097d3e397e94525,0.04357675464557607
e3d1f895e94e8bbf,0.10290972292020152
6c46ce4b2303ecb9,0.07217054197539705
999760aff655cfad,0.026287536767005997
6d526f4593563124,0.0761542158126582
467801b5de42246d,0.12604090445814123
81c9cccf75c1503c,0.038004905150243226
bd1aa64c7a5dcc06,0.031085887313217306
df1a75c489d95957,0.03628851673504181
7e6ebb5b237b817e,0.036799796825182716
1aeecba2c7866fb9,0.09231197645278753
14269028868b89d2,0.056692188255055155
5ec456826b243dcb,0.04678188853879749
e574a546f8e193c1,0.15934480690511288
b0ce65cf243f3ae1,0.096724254588888
8b8e8a00e6e1fdc9,0.03887186857505384
4a87b2b000e87686,0.2029388246382741
1175204fe5f8cb6b,0.0694338652498367
50a79bbfcd719a29,0.12053624339886292
0d8c215cc600c1f5,0.05830462712367862
3ceb989ec05cb0ef,0.16630906766115172
c7ea3f3ae516dbc5,0.03186951465484953
060631dc9f8845f2,0.13202441195259126
4ccc3fe421151149,0.03574209463343112
fd51240f58f2ec0a,0.04395040214507036
9bb25b00d30f4ce0,0.02060916849889795
1e633867010ad35c,0.030919089429596536
90da0c9b099080e2,0.08466161846277542
f3ba8015df41ef05,0.13574081119180567
7006c751c11cdc01,0.13147466646381906
db5b922ab7ac849c,0.04638004773191506
8ed9c5e3ceb94d30,0.08631175476180084
32bc573af0d063e6,0.036569766992448585
b6f5ace9b32140b2,0.18929327727627876
2acea7857a236b62,0.07920867020768164
2dd5886a7dff0caf,0.12529645288898827
cec7e9631578eacf,0.2349941547138413
aa1276a52bb96bae,0.12759347194544318
f90658bc8d521271,0.1081589899579432
8b65638e31a74f80,0.10244937673634118
233d4e0eb18d8449,0.16816640235676306
95e779988eaf54f9,0.08047822667352193
ce033e0586a41f4e,0.047750429862430215
29007abfebc6bd71,0.11996248238981631
37555eedf932eb41,0.08548774268210764
43f0b7fdd64e4d62,0.06359624640048406
48d11190742f10b8,0.23827353299177906
54167e2d347acd9f,0.04465708939980919
adf2b2540dad8766,0.12980934512145237
aa4854b6b5329860,0.9876932030240355
371dbcc2d3dab4d7,0.07001714339979251
29fd5cd58cb38dfb,0.1601816472938174
276d786a03dacf69,0.06850224428635762
90290aaf619cb77b,0.051124509568114505
80904c6eddcf06db,0.027906817459296213
5232eeb9a1fa8f60,0.09920290850764064
6205daeed9459b81,0.04196521605441767
6b4abc5da4e3aad2,0.11176815821906179
ecce281c5f6153c3,0.15218463123756634
926feb1c20abd0b8,0.03991950372075259
64874c60d39dc86d,0.19422829583752108
1868aaf30c77d6e0,0.11118961716522521
52e964be6dd475ed,0.42441863395919255
4404ade20ca8acab,0.21107000398255338
f6bbde7cdf6430cf,0.9832195661540318
6f9ac9a8227bf174,0.23057802899740484
e4afa0c3ef07f2b8,0.042646338937445315
a85d4f04f63f1f8b,0.06262826722557101
7f3411e87c2708d7,0.1166827884133087
5be924d7d731a308,0.06961170222052236
41ea202bf96f7295,0.05448394114498444
e7d3e68c097838d3,0.2168328999131212
c21ded045b04b1d7,0.04771417201314453
a87de56d4f2dc966,0.03148354429865685
b073cc5a7d5d1fc4,0.07204512182404214
cdbbb57088163b02,0.04844742661117076
97a093dfe9e1eb64,0.27658732448261414
68aafe54d00b3081,0.09038444547102852
dca611f4099c1df7,0.04347882870374753
068c9856fb6bfd0f,0.03863566148675455
ccec2927e56ab3d2,0.02789900449309055
f4239e382087c8d0,0.19628882764815453
a37f1921e2ae64c3,0.08372575886203389
abc7d40ccad7d04c,0.03539819494833396
7be1ba405f826136,0.16911626888979323
82f1ae3eff7b57d1,0.05784363203599002
64bcb6835fcb93ff,0.1861492373812283
8a7d498479d37ffe,0.07639680389776274
ddd893f6f7c67340,0.039257970014629835
63438b2313c7cb87,0.03242650909847122
