id,label
6403a3f8d07557bc,0.06556358365954841
1b1d097ff5b144e1,0.07876140145312457
08c7c3c71a02ca8a,0.14438519569130187
7f09e9039629a38a,0.07792480318690347
1fecfdee265e685f,0.16121837948308468
2b1b1ab99f54e1a7,0.08319152117283618
f893cdb025b56c89,0.12745559698869338
84466d5fc69b1dd1,0.15037280141965115
e0f419be2a81cbff,0.05511361654252251
d9e55e1259c7c29e,0.158816710401547
602d7f4b0882ec4b,0.11634216811784712
67f2f87cc129d7da,0.13036961931731184
eec96ea0e1c9f7cf,0.0310992316289777
d85127e773ec4820,0.12555894628422357
9e96822b06b0f7f3,0.045514751653649564
c6489148a3f9498b,0.08318502238214484
ad5ca801b22a4eb2,0.03210884116606534
22e01b671e9f12bc,0.06087542370796094
4953dbf3e113fbdc,0.04198004544208182
95397470f084bc6e,0.47479513114004657
ff39045f375a9792,0.05828420528367803
893575902a76b6bf,0.06678656828212465
4d9211d2b44f7d9f,0.09167745831847414
8205441451789e41,0.029236590259498166
5ade617aad761daa,0.3327648620318668
7d8bd74eaaf831a8,0.11963665480934224
3a4abb16616fb838,0.03988594722892376
6e14ae545a54ec6b,0.15087658292987458
a6d127f7b7a19a79,0.11106207815414887
e29e33c4a6eaf6fb,0.08867227859196908
42b296aec3a400d2,0.09008695056340019
238a42187f0c12de,0.06733464474260434
4c99d80ab952e272,0.14062998661137688
ef909ea8db65784b,0.11667440518890687
53283f9869842cd5,0.21428137070858033
fa99ef0b96b51157,0.11654891921613386
3cdaa31c37582a6d,0.18099164906817378
e007009eea08f15e,0.07563515405628661
e46769b586a6b83b,0.12924526239759043
c77497b63a864028,0.06827173600351606
bceeb0086c625fac,0.04545447424646864
5abf8e5791e5fa94,0.22247568900915285
0b7d89ea3694651f,0.1393566220958845
ce60477eea0a9007,0.2067888686817979
847baeeadbaba41a,0.07103571694716068
aefefeee7da6b616,0.194488906973311
321cc4b04985f915,0.07432820870493224
590cfafdd102ec19,0.10947700085335031
0a3027ad8dd82438,0.04524641826201573
01e58c9ae88cd390,0.0537464320264597
8f5eb2d903aad722,0.05359850379679913
3f1b90f008fcd5d0,0.18439366408447438
9e55098b34909114,0.15235138222754552
ed3723d6f0b305ec,0.11840936151603676
e1d77367315c8c64,0.09213690058376281
b97a34687794c3cc,0.03896606058320477
2d9a8bda25c031b1,0.04304709576194644
367427e76fbb967a,0.11278154491765949
2d1de7cf3363aa2c,0.058966773900939795
d69cf5bc1f0112f9,0.029646320627852284
2a75c552e6a0103c,0.200277498784316
943114c642b7e30a,0.046784194309197655
5f4258edf6c1b382,0.04066666642510926
ff0a817eba03cc6b,0.1361321871782516
c77fe2a4fb942f02,0.14746745409735293
df587d726667a5fb,0.14723839857476156
8c09d6fdeb48dfe5,0.035566633168210515
564e16bfb829c7a8,0.03377952081338189
e592482dff2b62bb,0.03371244804107701
33319a7020313788,0.12068166687321395
4700a73d634e28f5,0.19181812005515653
e5d9aee597bb4052,0.08052061543266081
b93533776029ab4e,0.2409009797379359
e9274894e7ca5d48,0.024925672931225537
37e126228f093cb2,0.03939831087654495
ee5e8daf19a62436,0.19332637991281146
5c2af7cb33fcb9b8,0.07416336156191974
dd6cf914fd458758,0.039999962318414135
7943edf1ba3d08c4,0.05571661131081044
50dccf68b6d84c9a,0.06348824069861833
71b1d024ea8e0791,0.08320868432293525
a8ccfbc903739855,0.04830664955225328
bbf9130a10bb2e61,0.031200706760973973
41a2cd1fb3af1f62,0.08445325094504516
e5b00c5e94bb1efc,0.113204843464943
8a2951b875e32f95,0.041911077985846826
4b4241c32f2ae2c3,0.0500088941924416
8beed49416c057b7,0.06131929388122483
1cc185c7cde5f29e,0.18466367330828062
635d0e269bd151c8,0.03612543351018867
9eb98f9a7202dfe8,0.03054607080324835
c224615f7e3ecda9,0.030553160261765328
f93a14286735bede,0.05911678264687601
c118092c44e808f2,0.11548147926502488
0972b7359cd12fb8,0.0268644926240728
22318b12ec6eb14f,0.13775866492142994
9c92d4068021c258,0.16164317164888198
053aaf6bcba9464c,0.0693441146642948
966f0341c7d1f5bb,0.047340615803376375
624826d8d4f7d476,0.06853097352579479
250e83ae550b1992,0.28560512178091735
9ff420d30b835836,0.12056332634849327
f74cb9754e9ea82c,0.07742461795852715
8ab5a2752e698725,0.06461856307211791
56957aca1f34dcea,0.11919470260660064
a6c0cf21bf0a1be2,0.02206980466221466
427e6266110ac72a,0.18470960701643865
7b84fe626f3ebccc,0.13650503558646052
6abd9ee5808aa267,0.05147833358123616
15aaf86082111e4c,0.14883409518920862
afb1bcdc94b9bce3,0.0281874216801062
93a337e7b4fedfd4,0.108121160468867
cddee4f1517d9dd4,0.0788587375253835
755140c7bd8e7223,0.0830513408329153
0ae88cec371ee0f0,0.046546620151613836
08a9f02754051fc8,0.22451441249697385
4bab179b9218d454,0.06699974264087777
2af9aad0b831d3ec,0.02718923320355405
7d330fd87e35ee09,0.07861259705662657
d79f0de699294b3b,0.12568079311493874
652a8c0826eb2609,0.11440044930468918
2ae2ef63a2565c3d,0.1431993544675785
1bcffad3764f7c4a,0.07037806019223009
707e78f41fd82174,0.03184917952327826
e4824a55ce76b702,0.035434964538907376
993182bb80730c31,0.08998503200345394
dd67c105d030f636,0.14096413500875504
3dc4dceeeecb58eb,0.11271911165554646
90a67d119116b976,0.15508807824869963
a483f8d40e026f5d,0.022808559118837935
3d24648e710fafb4,0.04854893905725708
9104c44e8910b122,0.05450949277352414
47b77ad7aec9f1dd,0.0431191608498407
a66cc4155a0edaca,0.11605674103343895
1f4dcc29503e1a4d,0.11986996046666239
0a295834d6044914,0.05294692125818094
bdce8615df21ee2f,0.03040758963282406
694b4d3b1ed04c61,0.034659627716025675
ffd75ff5c92f624d,0.11368015678365752
717e992041e77d9a,0.11207853720971801
eb5157274916100f,0.12338824981282852
b77c5c610fc74da8,0.038019957646204
41d2ba14e653bbad,0.14980494570513758
f2b612c9be07aabe,0.14350132562968976
3451e892c310a998,0.11609479963060926
2ab24c04722d8bf6,0.06571255196618067
38ded7c17115e7e6,0.15446475476114602
afed8219aa70efeb,0.07530197325927976
1e9c4d7d2de01fba,0.12989504159299775
c1bda90e9a3b9ec3,0.06683140658682532
d406fda410e7c177,0.17432734785780907
f49753bbcfabdaff,0.09675788603459178
4daee2e232e58a56,0.19031366632149596
858a9c1611f558cb,0.08539192654369096
05b0a9e8b1444d99,0.10431616645220287
8b2ac5da79a42e4a,0.15571362924763377
222fc0675ea28b67,0.036652528291772124
77cb5f88dff15921,0.10474855589961887
947d5752d88dc00c,0.2025440486128562
309a531dddebb471,0.14856096593434392
7e5f9d7d0cdf5a81,0.03592940795741324
6dfe2ff41e67b01d,0.057175929752950334
9a51f7696f388499,0.08839707890072203
9c5cb5a9b9b2b4cb,0.15342930043754638
bc7e89abddb2aa54,0.7901162368021803
5d3eff0bafcd186f,0.1256267682830911
d592e9d5579075d5,0.05964667351262873
475f765f9fa22959,0.18429979700402702
71d36204d6040aaa,0.1305668317171968
78119b8ffb9aa8ab,0.036045676116702986
09d1e9b9b858fe18,0.12779980425970036
ba5f5f59e3b0b755,0.12480417830466177
3b7344f40bf64734,0.08764333398131258
1f72c876a5e3738a,0.11839255424341145
86262f7438a90d1d,0.07316281217981449
3f6e10ed3e6a6303,0.2970728144379817
ada42e94aae1a58f,0.14389090650566755
b5320e4cd134414b,0.10844827500495526
ef83ac91e80ddd9d,0.0754184948301023
b8a457f0c9f14bef,0.06563332123909367
74947cda3decdbb1,0.07626990188582822
a39392c735bde1ac,0.06466120837933059
afb321701a74d5b0,0.03145439630227959
df401b9701e04299,0.05642983303872892
c9b67772b4c4f44b,0.17870743862153038
b5665177cd7b6c5d,0.018428402558241904
1d621e5fa6b0c45f,0.08403750302246432
2d595ec6f4c2524c,0.06660558783467786
6a96a53512d24696,0.07428030120488414
b3a68808640b25da,0.03182364507081306
cd9f2b2346e70af7,0.04196350059793191
d78d162e0d903e67,0.1484873612291465
512b0444982361f4,0.1512722049862656
36f4f9a58e05409e,0.05188170696479448
e4b4fc878504822b,0.08029712231841672
d2c6c32ea3387653,0.03344070794887774
62d5596d1fe892ad,0.21582445798112115
8756eb85074bbf32,0.03928985396591246
9120f37fb674d8d5,0.09140769360595058
ad529a51765d4ec3,0.03791171455599692
f5e98c69a45e4a76,0.1475646460183582
4e8ecc5a6ef67336,0.0639646757385207
e26f37d892f837e3,0.12748069341763912
377bd33e8a9d5e7b,0.06209951932045395
7277e822016a05a5,0.12122343805379933
94fed9a4092a19bd,0.08094838395950157
28d304cf97ca614c,0.11618798194531021
5a5195df47e373d6,0.032793519917928546
ebc9acfa1d364336,0.04944164739457017
5d76c6de5ee62843,0.10594874126259524
511d1dd15e99184d,0.08543239004168374
b6d744f202fb4a14,0.1411001707657532
43c3e8abee7ceeda,0.137786691131291
41afcd725afd0bb9,0.1369972158748956
bd4f0c1a61da90cc,0.2838259814794488
ac5e8e6812e3a526,0.1182875553029746
61843635f4d407cc,0.15139498733696072
d643d4e6d84db59f,0.12440667475455362
5c0b8bce49a0a773,0.11403048512865559
7c6020b2e5dae41a,0.11072548835869632
4a6f26c4ccfa8a2a,0.03979382794512107
f5ff436197b8129d,0.0897788368673436
27b8587241bf56d8,0.05818275555722492
a198a7b963854e6e,0.05104941886349071
8661667952751501,0.17322074292921774
282a1321ef8c1306,0.0710717836823768
db3dd0b21b03ce9e,0.11735378738175689
3bdc9a83d65a78f8,0.10630811057679246
2983651d59dfaedd,0.1750561873200972
ba2be23d69668658,0.04818147046620458
89d58eb00d13e4fd,0.045046620206861454
d2caeec36f4769a6,0.07399744279314063
dc23c7fae5f57288,0.0576089560942736
c6e284593c89d176,0.12095976826752128
523464c4f48eb02d,0.23774731101644342
cc7624fbfc77736e,0.148207900663554
6b0c371df7cfc676,0.10726207601867105
986e8a5497d243a9,0.17029630203260868
0880ed3a1a77013a,0.10964528779064608
791d60ceeffd7ccc,0.20517129912617776
1fb2b452cb819b3a,0.14358535012790521
6e683e5731d8aac7,0.1090345546954615
d752f92de2b858c1,0.047168781988121786
91654f6c88bcc480,0.04769963631505916
308caeebcc6bc059,0.06296510743314666
0a092e2b8c9c06c5,0.12536245896982687
e29749c7cbb0ef48,0.03839395047396833
02521319f8872bf9,0.02953361987444981
f699494da66c4efe,0.10280838143202006
060f874ec99eadc4,0.07280269195569467
1a2ea8a74fd54c2b,0.08496657385658742
a98b83e132c75465,0.032510138990798944
0fe8ca7c247fab07,0.10513785896737465
c8d9bcea59632f23,0.11369521223157017
0ab0d9c2a040f32e,0.03629708747407519
a03fc647d8141fd3,0.17568467979429403
1036e1cd53a850ec,0.03924904385398589
519d3f96c9895253,0.04527081560603196
28df6bdb66f8e09b,0.24231695691120927
89713786047cfd0e,0.09089308832848639
6389830954a0227d,0.07995731519781174
8a5f2d2c5004dead,0.033599250134733145
19d4cd44aecb29c7,0.09304041775056328
2ed9718fa269e456,0.11065339780899175
31d0832c9b203b46,0.0626960853916024
e21b68ce26bfc500,0.12654557703550323
cf8783ddc0b9bf95,0.028717606976745552
fcd44919c1b3f412,0.18349438434778267
c6e50665e7bf8738,0.0870740696202229
ce0179fa676d128e,0.2766117295666496
423e064e247fe04c,0.12223142752964417
0ebb4ab2c338fde0,0.09006039321108683
37337cc831e40a2d,0.09862573738912556
04eb53517170d936,0.07219646735534851
dac684a7b8635061,0.06311938804779499
a2f354d17d1431d3,0.10997139393311321
8a42e6579214e167,0.08022481605153249
c35d24cd26008161,0.09311848256280578
077789ab8d103e29,0.10775650798052044
5deb9f3705c67be7,0.11080811893762621
dc531f502bccc4fd,0.10788474874753146
ab4b4d6c12291a2a,0.05125908143672595
47b284804faf97e4,0.08323144069554164
d46bd1fa92be695e,0.036953209058939014
11c536ec56a47156,0.06665886216363473
d5bd7d0c4a297748,0.03513385972680301
d30e6ef239a13f14,0.14576104131243084
8be010237b513256,0.1259407787292568
e3ed18d3d53d8aed,0.051378320326498174
a9f5c2f8c5922e10,0.15910326088879245
05a75c012be2ab6b,0.32118790504351646
a068617fc089ad48,0.0801168921698556
687932e8fcf71376,0.03497110755880561
fedeffd4ef29f976,0.040165625084941786
5d3e23d9b2256c27,0.06213570736489301
c6544d7502deea99,0.05644094336155958
096cba9bc78d7637,0.15067296916318687
76b587348b5c4d59,0.12406302905278355
62185555ed060f0b,0.10556946004354428
b538966eb4ce164f,0.029440540523942654
8dfc12a6712b0903,0.12865776830192285
3ab52adc4b1c1768,0.04352284645994096
463847f9a1f414b6,0.11261483248167414
e93e14d11fc793e7,0.03966617682276652
2cd7ea4ff0b97ed6,0.09667725860080995
3cf1ec0a8c671d61,0.02768415180367602
e39df281ee7e153e,0.05281159004150144
272a6816ce2c7c9d,0.06315690163584861
f56230f889018c95,0.15086300394380048
4119f28f6d4d40eb,0.11473426434005872
3e744e15c1c6600a,0.08093320263645866
7975b8ce43d7163f,0.11015900274110746
76519a1ae0dba3b0,0.08433803904706445
6f6aca7dc35afbbe,0.11470848131793586
658aa810bdae773d,0.303623327736498
41c3618b9180e8e2,0.06458488332352308
7cd53693b2b3a4b3,0.04426416365717088
a450a4bce9f2cac2,0.1342756512875976
05bd9ec45ff54b8b,0.041741803337502485
0d67ef8a9dd3249f,0.10059256835799894
514cfc846a144390,0.13088646194412906
2856a2a0114ba55e,0.16389943073409363
ebe02c0b1c116ac9,0.04674759736337497
cc31cb4421bd54a5,0.1082384672464053
d63593c7bd5f72a9,0.13400772427014046
962b8c33b5be069b,0.03755144691654857
40e508ceed1116f3,0.04364344853505838
668eca9c4cdf1507,0.1548959857857147
c15735bac7d4e6bd,0.046332246458394205
09d2cd5ccb05a325,0.0655738266860526
71ed58a8f5d479e3,0.1318248983510954
56fd1ce474cc243a,0.17446516802401923
4c4fc4fe6dea340b,0.16746198255280337
68fcea284ddff8ff,0.11881933376255749
8913329e85f873f7,0.10466240574222638
7a210b4ff6c29678,0.11801632398599281
91bd2a01c0384263,0.16049762359938746
14e4e31c9bd8d90b,0.03523253733357545
410f92d0f317cc8e,0.11614637812247461
780cd523f303a8ba,0.08490744131665051
77ae2af1842fa5b4,0.060813544894681326
eebeb3dc997eab87,0.10934826223687383
fa6c4d5205fdd5db,0.3306447114591783
f1798e22aeb3b385,0.3689196740639035
8af0df5286089649,0.08818925999658753
6e224e4033db63b7,0.03329021191837685
b8624ae03bb7e7d7,0.03701162704004239
52ca2f9cf118011b,0.3483800882562782
52c5dee14f8320fc,0.12466231363046174
43a4ed5577b3346d,0.10807909965236498
332563e196c7a1ee,0.2651051913814551
cc4b32b77225218c,0.1239101016002612
0b34a503e14e5271,0.205327546068307
33100c4fe51f7435,0.08359131166192245
6de5ffe2b6664d73,0.03434320677162234
ba39076152cb0ee3,0.0803889762396518
aed179ff9c81f4f1,0.024163588746454467
ea1a9bf792fb6a7e,0.06588659388298126
2f06ce2d10fe3866,0.11615945609896583
11855575a4718674,0.07028578682467007
06d39de4f0e13f3b,0.09878404552317911
5fd7c68abce444af,0.1399897625142426
d464bbc0a2f6ec7f,0.17611917995220305
86a7d5c47fa116f8,0.02847173701305847
a260e587d0fd3fdc,0.23579148925393897
6c07a18d9f02a585,0.15441124634625797
8fd3d88e27ef7240,0.05493249843681739
80dd9757384d7ae3,0.05316917756228856
00a0f9038422aeb4,0.1048487811811748
dd38ea8c63c0a90b,0.08666536474844991
e23a165731b18098,0.2216303025173053
9bef89bb8b6e707d,0.03606608558585188
db5779805bc9128a,0.27897001759810286
13c6185147e496ca,0.2201249171708983
c23ad10e1020a370,0.08880358262444049
cdc252e1304b3741,0.06388406125922988
c9866843a2ca38c5,0.07367771001018843
1193dd7feb2e1c1f,0.03213266245499177
145626c411263ea0,0.08462348144979985
b2bb6e4261a0a280,0.24278465738076688
ce6c9830339e8d23,0.12181454608537393
e5a315b7bb844af6,0.11971951922966743
d85cacbda54cea30,0.05911470886486439
ec609eb2e4100b33,0.15902011461038756
0d785515807808bd,0.1377310803888045
6bcfa2aeebd0236f,0.05753240774135128
9ed83fa2f828fbc3,0.036301371046055006
f596ac3c62688ee6,0.16839895967901522
654c4ca75e7a6d56,0.1388738752158794
162146e83243572d,0.1281791731645484
9878dbf0860838fa,0.09578839774849773
332ca627787dd758,0.15956618796518537
679ad425e74f2477,0.05140483869757691
df5a276859dd4308,0.11958249760727827
e1f7d0ae0443184d,0.11990184811583368
a6434286f4234aba,0.12487654864019537
3351a9314dfcaa5e,0.028864743051867852
e19b22778dcddf3d,0.06914090931033254
a98a59904fcba403,0.07481135407158518
efe47bc01bf23b67,0.07186009297348242
a1a862c811a320f0,0.08615760166919006
bdef7203033a959e,0.12392883095218288
0fa3fd428635e63e,0.045219973837518364
8ed23ba67702fe54,0.20369686841895962
ece14f4f1731d91c,0.14279920760714135
ca20fb73d0c544ac,0.045947647774410405
927bbcf7fa67bfb8,0.15897916899500747
deffe32d78bf8a82,0.09595710469167165
319944ea096b3a65,0.0399037458684393
19bd6f94f36d44a1,0.06972916605137444
6e7447b72d462201,0.061402817315991495
be6959210f99dd41,0.2549180333907275
bc1a4abb3dbcab55,0.06249674086767809
41032395ff67eef0,0.17753240602375986
2b4004b2678cf0a1,0.08524400746547871
469658e2c6728fd1,0.060854198602844946
e67a54cb89e72744,0.03795384810569651
0a1aa269dba98abf,0.05724939653697062
746e977975fa2166,0.025087995992540045
ca51e1b6ef04fd43,0.062262455310532316
dd96408688197b1f,0.09012387792096081
23b5530f05f1d9e5,0.11990625818517017
da29e21770225527,0.05878907259804432
adb83a06bb93e782,0.04268676108482915
0e4d2b4f26be08db,0.1597302297449287
6ece7a74dc7701ed,0.02917933688710672
e5306d42c50fcc55,0.0363120849452344
4381dd659292aa24,0.05988979462318868
e31ebedf532c25cb,0.10213577978928445
853b98dd483b98b9,0.0603557434628615
2e54b76182ee44e1,0.11006258117714546
338f6834e70af5fa,0.02079178102695367
b5abaa739dbebcbc,0.1609467839462128
5a8bb8464a290761,0.115237005960943
f0e90b285061c449,0.039231825689075316
e66581f055ee3b78,0.12564613513476613
0a21004c4d12a011,0.05893716705952562
04cee8b938d82d19,0.03510094742994796
c2eb2ef42ef59006,0.0777383391602604
4db76ad147f6dde7,0.10146530275312379
388d2efe55423a29,0.20434538294953186
b9875250f7ce8623,0.1467679815623779
e354d93aaeda004f,0.31365785388089135
39e7b31ad6490a4b,0.10803767703260697
a31878efea02ed42,0.05257973090686129
4db06f2609831909,0.12860121125325355
e23ceacf623bf244,0.09883060707831681
5b30a3dce1e3fc54,0.19134990892508053
9b09b933e5488d29,0.09886899793281853
64f0282d10422cde,0.06409918913036154
d171c9bf0e731793,0.0973685911617264
699a9d5c734b80f3,0.0842734069126704
79281527b5fd74b9,0.048571239007534295
63b9f2af8362641a,0.11843189891417505
8e20990222b8b1d1,0.08211102678390331
cbfad4f1f811ddcf,0.17921886741099496
a6dde1511fe8d47d,0.05257813527847574
54e8815e9966bb51,0.215486219440129
cda24d31d8c08104,0.10166517232020147
2e41b0e18fd08067,0.029651905752720573
6e8f4f5c6e28c26a,0.12297055008632157
1f4157812e2bb339,0.1257904266165359
c2d3133094dc0fad,0.023096822028926448
e7e2da8351240636,0.051145868535118454
ef2946985749757f,0.0647275728672416
ae735efdf3a84f05,0.12628001584209492
8a459d7c2b588a93,0.21055155074853787
df0d35696f4b164e,0.08833988576109124
8f745cf8cd93face,0.032142244925360115
7aef10c8e6aae208,0.04409789611046493
706e881832fde05c,0.18316975891704498
03a6674f904defe8,0.05902495287893186
f00500b8110dde92,0.13162997318930247
1475216e327695c5,0.13490139472306695
3fc20688817559fa,0.025114087356626322
70df3ece5d814a70,0.03338434177046235
bcf591e552b3ba82,0.019847444065658425
a04e514a6ca8156d,0.18416134574304677
f83e082f10dc4f9a,0.041126104678576414
21a0898a3f0c502a,0.048745917043905074
c9afe9c2efa6168d,0.04226242352230944
9423152627c5de85,0.15647085391518267
fc5761df1ee97d2a,0.04904264715414609
b51c1517f2b27082,0.05341412802970369
966bd6f4b801db6c,0.1475463875241415
c39f09a3a7ee5d1a,0.12822688564436246
cd4ab667a784a10d,0.16811795217569891
053911f801591901,0.11177392618071809
4c12cd87dc745584,0.1291447330458924
f0c4df4801e5dd7b,0.03635516557321948
1cdb9e6374b25c46,0.04246601483527926
55a04d93184e2087,0.11492243988723605
b0259adc08c321ab,0.09383341598761795
3ebefad692cdc413,0.06312564806761911
83d05a33f78392ef,0.05591910425067238
57e746a1c420f866,0.13915079573719547
7086b53e09fe17c0,0.1254851523318235
2cefa5982f1e5321,0.08967249184990302
c4a61e6a8fa1704b,0.1102453055960662
cf3db8bd220d5bdf,0.12319074605420949
75c651d11c0a0337,0.048986898473467134
10dca6cd4d946194,0.08266333194592798
316d771ed9f0b6a1,0.08564116005356306
ef64650ddba7c539,0.03348017266258249
721f58982ee85da8,0.16137068864141488
e8f08bd5b06f41ef,0.024771089481242754
8c2e815ac865660d,0.14602238364063827
8191fefedc6afd32,0.03817055028577713
15c9fc425aed1fd5,0.11337693215773861
52f896a602e74ef9,0.16595485666583126
c8a94bf1f874596b,0.10663318124846155
64024839f91aaea9,0.12456774097785236
23a06e4e391dfcaf,0.1271338713007964
76fc88367fd4b329,0.04406662457675027
e7ffd70d1007bf31,0.05170171960912258
4df67b2b4764df2b,0.3356949350749101
5e23b5ebcc3c7201,0.16162988389728175
97c325c9980b0ab2,0.03602265221324655
3c8bace911db4b05,0.16273095749823718
d3af2a4f1b0513ef,0.11299969543859478
8a66145d22484a10,0.14640080404691064
f501884aa3b0a2bf,0.02872473869859643
21f8710a682b6ca8,0.09607266121728325
67addba46911ef5a,0.14487418419203552
cd5a8d124051f2a9,0.13733725364124122
a1acde423d140030,0.02982033870400059
6284cf5236839f36,0.08916445042866958
37f720257a8a7a33,0.13401199546253134
acc257668dc46b34,0.16668872139303814
23424057c8458694,0.06253543524067719
418a7b8fddf172d2,0.344216941462101
dc356b2589e04c87,0.13750090671455756
f64eef65821a8f3e,0.056634643319251346
9fce647d5b47563a,0.1967525802060936
52f9976ea5b478fc,0.044144892814357115
d240c91989c04146,0.22129656113499968
47ef036d29375b9b,0.21763394798775504
8808a12bef546809,0.06259897682554665
d3a20f2bcf2db8fe,0.09850731659155473
a451d8e451fac918,0.05788301777774339
9826735b01a08344,0.07496176329109955
c4a29152e2eacc8a,0.02079331286325055
631690ed30cc1631,0.20605556540790004
d84d8a6e6ca5eec8,0.03595511749221176
efbafec85fb00cc9,0.21820172356597545
24556c1044963c8b,0.18591997759449366
5dfe6e2137dc82e7,0.031038599370234305
b2400c3aa22283d6,0.0518044775619344
71602580e012f168,0.16736462375684844
cf01eb3e54442236,0.02709701695389026
1a07d25426f87edf,0.12156934101006922
13b3d3fe65bea413,0.05742885663322918
059edd840763fd81,0.14689092569719353
48288e044d74e7cd,0.1016455790230146
add068ffe0671cf6,0.037296844975507705
c99de47efecac792,0.2705725398818506
11cef543afe62f88,0.06458113417807786
e512156389905eec,0.04874951375363241
138703e658867a2c,0.16574491261841032
454c3092e6edd433,0.028368171480808765
dd957118652b5ed5,0.12994158367064146
af01fa5eafb4602a,0.08452274006712093
7bffcfd2a9da1725,0.15214245284947492
24f3f1ab071df78b,0.040311026433248874
3ec7c9ebab0a4a2f,0.15358222914232467
3c1d10f4646f69fa,0.053492646535608104
9c5f959e1195fc54,0.03147570679182349
cda81aae0a16f97a,0.12885247500565958
2bf6c949fa0b6053,0.1065337422361326
546683ea9e5995f2,0.124857790508375
c4563254d849a8c2,0.10663550203506754
e9e85a92d9ed5065,0.056095476134396964
fc9fd5a085f168e9,0.0854243843917527
54049d409156afd1,0.1623772869959796
e4c0d5c0b9045e4b,0.10583595999355878
058f290d4016fd11,0.049439013245254224
e14cd74f951c3910,0.053488344642716304
05018e18dc83e13e,0.2900907550074739
763ff25fb3a65368,0.04127156509977234
eb5cf6bf7c8b4e5a,0.1515707974296493
013351fb7667dab2,0.08388447228191358
e08181f896cfb680,0.053087153085508515
e65d39ec9e3de422,0.13812709696236242
9cf499aa7626f14a,0.11019972052890717
f203a5ba78b7389f,0.16105128875725108
8ea386546c0f8c96,0.19999794761141743
0391f48a6955106e,0.036547766872554614
d2f70a0377eebc5c,0.0413579677311742
b96e54496b6a6713,0.13718558911105466
1ecd7d7fc32cc874,0.09856516222383734
a91fae320445e22f,0.041327737219950963
7f7f8d9e95bc3227,0.12184759518769539
8ed9c9b27ed7229d,0.06358843125945904
19862b4c0d2f34b9,0.06624779971409585
e5b1c6b3822addb0,0.13755866629773683
191edcd8d76cb951,0.3926626511927751
6b08a1554cdf28c8,0.042970078055024265
706610ca333da138,0.09588458478622565
5cb5f8466022eb46,0.09537085483586268
acb3a526d9921b55,0.05567881909885535
947db252e781ab55,0.07839931958879301
e94881433d15d819,0.0494475678831932
34439005f71e07fd,0.11537960214939785
989a2593307d72e3,0.08486824631789149
ec8f1d04cffddc96,0.15075563704171197
11dd5f5d722fb0e0,0.12435320687547612
d6738bf320835a10,0.05426166822234807
025b09a306181a55,0.07443542122541742
e5e3f5fbf93a1918,0.110396337985806
2d60731de40ca5ec,0.059098152592531275
96789dc76cce8bb4,0.12274403706142799
e04c2f21eb86c30b,0.04394954868661258
eb4f7827e27f3e50,0.8179200760393812
c72cafb3b0ed2058,0.034768156519542015
38e789ce64afac4f,0.0828843066845192
961a36d1522e6ffe,0.06565202105132632
d915888ab3fe3241,0.08428313399865592
6d047ff0d07fd1a2,0.052729578924541325
96212cff04501fdf,0.16685598318307754
6cb30ccf0384596a,0.15387336778338256
1878cf5a842e6727,0.09344599476770934
47adc8c9afbd6fad,0.03956583629671277
bcecb579dcba782a,0.05457402594689609
24fe0dc9ab19be83,0.028992836890784246
d56cbf99a17acafd,0.0640838219774946
5caed519a777c666,0.033931924771229104
de3dd7a6a4564414,0.12290041336746782
3ddc28164f664050,0.11697856462266565
45693136342888df,0.053807849411129975
143c3caf6eb25742,0.11642426607503256
9295c919e27237a6,0.06866999253886319
0dc756a818dc5d9e,0.1543844120592665
67a0ca3f82ae78c6,0.03378906390015155
cbd51c3558265f5b,0.10937107369086692
b6df5050c31c7287,0.05385935222095181
73f20d006cfc47e6,0.05457729577174588
2de69b9443d4fc52,0.05252338391532285
1ea20c09b6c79a3d,0.06296247373099273
ea1427791f675329,0.12077345504142026
cd6c9a86e5c13535,0.1068273349060346
fe03f010fd99f729,0.2072859476488788
3cac934a5e569272,0.11448463459128277
1f9c8c5a31c38592,0.09186498144062696
325d3152d318ac6a,0.06348983810680653
c796149ae059bd36,0.13763107289683507
139b95acad0d8500,0.039206467814984554
ef8ca6e1ad6cbc40,0.1359231708573499
738b1f5edad8bc5e,0.03197234760484556
00b5753c64f3aa5e,0.12151769806745759
7509e02d19e2f87e,0.041566454160092636
a85aa8068fa925c9,0.15566635678939683
f8ff744430f73aa6,0.10846390236725359
4106129a02383134,0.030849387665247065
3be6495b6e47bbe8,0.10059536315341007
d58d8cb98c5344c3,0.054601127602455224
72c32db073874592,0.057173201152900824
b33541a9535d3cb6,0.08088413698870538
f117d4aad78b524a,0.11787638083179006
5e48da846d46eabc,0.1620406116808828
b0b266000f2d6b03,0.1629975882347804
2aa63d23f11f3aa0,0.028497643278911168
7ca15ff99bdc719f,0.05012513089623821
286e550605b2d970,0.041370677080010076
140d123f8919309f,0.17778314013474916
5406d7c0119b8b77,0.12244105128982663
feb8f158efc528af,0.11317137433041169
20e9295f7f1b6809,0.05890387996074744
8c67df2b06a8af30,0.12228451531917237
0b5100f2d589252d,0.1488644100352145
a7dff4879e1f2c8f,0.20151098579830864
6b9c17dec469153c,0.1519402298520428
b064e718f3825ae0,0.030808454533765593
633aa423117b483a,0.06331095561119833
2bd2dc8cda610b2b,0.14985580283489366
16b4f1b4b30d7a5f,0.20381830234196177
7ce520db2bb5b181,0.16563627771145809
359fc18aad246386,0.11879280221585768
4040467f440a4681,0.09030837058889603
ba27a17c66a28567,0.0915429048386362
5e4bef63f0b3974c,0.1323180159841933
849863283a0793dc,0.1047786093328719
aa9c499ad44baf78,0.12847661258416931
a3fd494842016ae7,0.10902360789773245
5f079c78614b8a83,0.18912222045487498
7420f14669961a6a,0.14240774917713317
0a083c164a874ea9,0.038247466937849646
396f04d4bed14a3c,0.09950800860367766
bda29126d66debaf,0.05719741960959532
8d5ece395c6a6b60,0.09569216472070363
9ea22d08386ce3ae,0.06594343670861427
1a277b47ca192cc3,0.03266244261706767
5534d1ac3ad47ca1,0.09004007874092353
164e32a2b96ed3eb,0.15689542571365603
cdea1d25f481df1c,0.05667937705154538
37e1f37cd163cc12,0.16748850285690095
4f896e74ddfe48f5,0.12945920070983646
ec881c0b42489ba6,0.09978745024606486
6cbbc142e3b6532d,0.05535240073548439
af58eeb2cce1b1d8,0.04948331973324338
3792b407d3147240,0.07028858758294415
44abea18902dcc6f,0.060425272590758014
f174b76e8c589bc7,0.07955570321753254
d5cb1d76e26e865f,0.19238161849676055
c953fc1a52b6d2ae,0.15916339323113562
dd9860c103eaa486,0.027621844015108428
1a338e9358b4b71c,0.027854511693933274
28a055a15e2bee63,0.0880317524593058
d810129e88130889,0.07425390371720061
20b2f55f0ebfeb9c,0.09516421608380346
2dbfb79bb9d5d576,0.2277053253835259
a4f168601004a705,0.07868665504588321
7419f46f112678b9,0.12981691136649273
7d0ff708b6d6752f,0.15694587056268655
cbb85fa489a893cf,0.05487701521930793
c46a723fbfa594f7,0.05866428304356027
2104390897549457,0.09352376935337543
75c276f7d0f29aa9,0.216238811098517
01a679a23b212287,0.1913890595591398
6cc58651b88eadb4,0.06066986487784133
14cf1ac65f8ca02b,0.03232337366479327
2a5d42d92966192f,0.04387190738587709
2010478948b9aef8,0.1024967104966853
31542ae607bdb59f,0.15486381935086269
783c99f058bdb723,0.07404068647271181
8e49ec786a6d5abd,0.08961699394130658
d2b9a740ddba79a2,0.04686789508456024
47c1231311a7aaaf,0.08271674306649379
c7937d0c63ca6a92,0.10098266031586532
64628bdb8224fe18,0.06688100193247948
49cbb2ff9274a4cd,0.048269780650558314
a4dbc0e728a780d5,0.1894465351585252
54a5b82f046318b5,0.1483380299495114
daa0b6896a1749ca,0.05689745358157698
4a251ebb1de72153,0.1562031483987813
edc7eab7534ce904,0.062160101096011146
0d31a18c31d12329,0.17140189966689925
ef643ea0ac629b95,0.07178803749902515
39049e24be5a4306,0.26508446885132125
f41fb0591a5b1902,0.04339014071902274
ef3add49907eb895,0.08966803102441605
3c80e6a34fb3e4ce,0.14500973851865273
681bbfb8c5372f79,0.13413936082901204
007f4be9a3f6e89f,0.03407820596126184
25144a9b2bed9be3,0.13567668173853556
61233f40c0cdaa2b,0.050288260005859356
73a058838f6b7f2a,0.20822837463470462
cbc20660739af678,0.22260153769660238
8fc723bf625337ee,0.17555273524322107
3ba49bd9e60f519a,0.03887279864144637
6a3b3033fdfe94b2,0.08530083794126449
c8ed653c9f871795,0.13633186628449456
2f6d48d7acb127aa,0.1063455110944633
92ff64a44efeaa6d,0.07117832446565842
d7169f20999bc93f,0.6916112149718086
53604f2aaf701357,0.09161915876634946
a7001845bc2108a4,0.15166423670767254
e1c8d84bbb8add74,0.028912674388589566
0b6ec467b5610434,0.03873997549663506
8ac52d2ec127a096,0.055597395803722804
b10baee15fb9d01e,0.15765083316875178
221ebe5d40d467ff,0.11969510215831052
4fe55b114acc6ade,0.07181002420895297
d8482a667d8a69cf,0.02925471792265027
53ade36e2a1b1e97,0.16174388920783161
23415b9cfe9e209c,0.10872843585263553
280c7808d94b9763,0.15584162886981345
de5885c6a7c6423d,0.23369119803555882
38de0e8716fdf6cc,0.0777314180651121
55bc25143589b254,0.16100017665208416
957e73c37d447545,0.03918731047623409
af84b2641d1c74b3,0.06012333470305334
e7be7f3fe2a831bb,0.03115014705601752
841f7e8235380174,0.25219583984368693
63d88f28c2a5df22,0.14786446257680852
8dad4fd4df5c221c,0.12953034171932107
3572ebf75eb17942,0.09279154826686027
25a1a550572c1f93,0.031240738761548138
6ae06440fe74b44d,0.27972448239449565
b4bf088ea90582b9,0.0763209152406227
6b9449d16e81079b,0.043216665484153385
4ff7c9e8a089b94d,0.11227123027905814
aa5c5648b80a1a3a,0.0878321979094088
5dc1f3d49bbbe4c7,0.12296166556209542
99546cb325e5dc06,0.1547282681622409
220c843637482425,0.0976820281173619
6608fca5b64d440e,0.12141855963290535
f29988dc0a3c0243,0.11894850803930634
51058b99b395787f,0.08212993424882273
ed1bbe11677f7bca,0.0692954548180659
9f9b85620fbc0cf4,0.056839083310188956
8aaeef3315304e45,0.09208926855344057
5d92173cdb00c0c4,0.09165273854399981
acbcfbef3b1946c1,0.04473953061603765
73cb612fe6d23320,0.14849202535461103
4216594871a36761,0.09985213479016501
1c2bf4927779574e,0.1978746134988429
1498d0dff1fb5394,0.04845959584950559
53f47e8f08b91aad,0.06056579128851886
c4229a0ce07e83b9,0.030360795016002168
bf61a06ee47b2027,0.028626784842878703
8aef635fd1b3a740,0.03240413146418001
0f6a8a20e3587b09,0.038991050634958016
75d7914477c996b1,0.05883788381105126
7b1790935e6cb838,0.03304097229697059
d680549ede3f6dc9,0.048354921792708914
f3bf39cd2ab5bd9b,0.06991084574621823
0b0930b54070750a,0.04062807499135568
3d97f118d250279a,0.16322490831540065
e9de0ad29a82a54b,0.08550949633790145
9485f200c4e02805,0.11108302877878647
12d95850d018d3a3,0.05311048078705766
ddc866b96dfc3aa3,0.14635700439247648
45a33a8161cb4b46,0.04843515232567691
990eb9e1c61c80b9,0.04071254664057962
378b6aac03179007,0.03875468054579143
b6ce4df0bfb4d3c4,0.034318543635211814
a50653ff586cd76a,0.09006787646355521
65cd9ee07cfab83a,0.08630962208934946
d2bbc0c9f79df720,0.17146417093867453
82ce816296a1512d,0.023647951898873892
e502c517a223aa14,0.055270835282434726
71d19ea693604e1d,0.06363933094909065
0d037e649d83d735,0.09652993310926303
6ba6991213384d83,0.11360052611283437
4cac0de9485495fc,0.12074793846202792
9a0be358e968c623,0.09598965501583531
f1ca34616439cd54,0.03640286263620285
e301cf1f2e4c3681,0.10924652014428826
d614ef3ad50cc2bd,0.12707955706647264
c0b33846eed21da4,0.06742972035325243
d4e499c8cbcbf2c7,0.08814507509423847
112d556866bfa77d,0.15601926860790152
3f5b776bac1c2a71,0.08448847329094682
97fe9a981d0717bf,0.0956293720844978
ce3280649c6eb5c9,0.12165347312671632
7ae7079159ced82d,0.0671590749389317
f1eb50e28869a50f,0.05552838695652523
52c8dc366cde6d2f,0.04269848669391797
ef14064579612c4d,0.12888466815534866
7897eec02201ca6e,0.06299614453586852
321d33ef853c8fb7,0.16428556559705032
96766da6bd7c3998,0.03400875044123043
fdccd120c1ead149,0.11909109898581356
288252f0e770ce50,0.16452462836346027
d4d977f5a3d8f01e,0.09451847071907614
62ea4677a492334c,0.15985324199230053
d1f182b83a420b6b,0.07180693275519286
0a8ea601fcc75d1c,0.11393592417629805
27930c385742439f,0.1280643167558046
13d12d929ca71339,0.2168903742561664
159b4f9fc1efcb55,0.04445011753330089
94ffb2f9a90b358c,0.09505633049269206
68615d70615e3b37,0.03478427520181497
d4a40bf8afd7e4b4,0.04897613137043827
e3dcfffec2d51e7e,0.06898418759546703
10366fd321e0ad43,0.04349513189023234
80e3f13b4e86e5f9,0.1918293983919545
6272a9e176561590,0.1236438181753723
14ead2f08e775ba6,0.10751818530507024
08ecd3e0061305ed,0.11097341863330089
b91abfe0273da79d,0.24353194751359977
0c3efbd8c39177b8,0.5094012796741396
e9e21b290009d63a,0.058081017115555335
c188505410fa547d,0.11150707523908708
768d9e0553a1399e,0.030623915825407834
a9370f34870acac0,0.11987829841093672
9f6dbe29c2020549,0.04867853964253863
6da7088fbbdbdec4,0.07231411910730542
944a046635530efe,0.16148621000995853
55a97e1488c333a9,0.047054037527912346
bba6644aefeb263d,0.13507757720766467
750f5d2c63709654,0.16891515027385073
b7f5c550aeab6fa4,0.0934596964220244
bf2efa05075a9f6e,0.057468276957719444
2987973344ab04ce,0.07233818125224607
a97d19edf8f608bd,0.05103466266985021
6138ff6754f14dc4,0.04588800326137099
87522437573af7c1,0.13374220715692955
57cc4278d6b67c5a,0.03818634834219688
8f29d789ebf40f9f,0.0395359860776458
15e17422c43ac280,0.06331246882561735
57faf77cf5f72f53,0.10945014597970525
febc8ada0a8d768d,0.04749840652685681
86ab68be69241db5,0.09925282303583077
5fcfe942606240bd,0.035650091135786634
31bf257f6a4a70d1,0.12305213565387664
a09897cadb789dba,0.031758557381793215
328299ca9da15ccb,0.059210245539305796
c95184d7971b2960,0.1795794600561756
6ba9df085d34410d,0.4464579199349408
396ed8ae6d33d2bd,0.17522761227942157
b058bc3c8a9fe33f,0.15200769978673342
77b29cbb7ea1ac6b,0.13994371078956067
c8d191e05666d6f5,0.16079707983815017
c4d716a53ad99b70,0.1101147154958558
31d17f992245249a,0.07032758292703267
aa459cbd8c781f76,0.1041344565611618
7ba0185e8220f22c,0.036524089982843455
eb077a940d0bbcbe,0.1244882639493318
9298c80a21191034,0.08788102492887752
037747626ac5db4a,0.05506992679776848
8ee7aa8b54022319,0.18113314995754276
a2b57b918f2661db,0.06066528691348494
e703b056b17c6038,0.053552702920195094
5d760ec696eac629,0.0970922583954335
68589cc32366dc9a,0.08222132558452849
83d1d02b456e13c0,0.08542277373710656
f5ea6585ff5edb0b,0.16975767764742042
32290819a9b6b754,0.07143018316641525
f0cddec42ddbe07d,0.02448992418891878
41d5134ef4aa43c6,0.06411086458126955
9a422d8246e3f97d,0.08907154994871919
341cbe1cbd51048e,0.0428335863656217
3d2c0583f01cd72c,0.09971008443332874
870996e4835ca83f,0.04311963518181713
28b09161f3b17dab,0.11290030698950852
051b367d8fe91233,0.02535257376666464
9b8aba50b3ab95c1,0.14708586014504926
ff5577bdd79bcd6b,0.07406434799986064
92e4eb0a0d4c41e0,0.25788859812676695
575ace0896b22257,0.21622075747238673
a16f31da04bf60c4,0.08217875477124811
cbc13a2671d3578b,0.02863093122829163
876ba2c5e443fd41,0.1724277743369158
5d5689e87dee129a,0.1752797217374803
71a60a6dfa7e1760,0.24116549211474358
f2a38a0b81dc90e3,0.15242884040817106
ec97de286c2686f9,0.053533747465335714
b77b633a5106f906,0.07108709916376227
972df202456969d5,0.059241312228001844
5d7f4e9617d1e7a2,0.035332425898153524
196dc3655d9d1d79,0.04812852130066095
7b9da0adcf1bf365,0.049796403400385464
b9d78de840ab100c,0.04516459339264993
803868566ffdbdc1,0.03338483814939421
cc5f60c8c3c2b5e2,0.05261468992787409
88919e17cce1dcd0,0.031145589191259898
88bff82c05879a44,0.03499081292763301
aa64759c290cdf84,0.08083502272114006
b224a7d8b6f39ab3,0.09154047082855142
ef11b15a28910cae,0.040222732691432735
7e08eb8d4482e7e0,0.14360262356491352
609b606891c6ff2c,0.03523437241053542
07ecd08d07bac830,0.08271893101514843
aea578dbbc154142,0.14513863382253997
9c702ee77f731a28,0.08534402155744109
74a102877446027d,0.12628156606238342
dd13d150ff97f653,0.17444673794655616
36157f72f10981f7,0.06852099301630948
808639f0db0c51a9,0.08063623869148466
d809389ba1350646,0.0880561333214121
353512ba78ee6085,0.08077655200717472
207ae6c9e8f4fabf,0.060338974117129206
333ed3894f0f2865,0.14395168023111587
c8e41f868f963ff6,0.13525441385261808
c0436a45e3cdfea0,0.0361033409641523
497bc4409ccbba90,0.13969058173427473
b29f7d1224fd0321,0.0822501181242638
7795ac2497824361,0.11875909123191655
28bd2f25cefc0467,0.03592071465284812
7a5268c2c0ad3fb2,0.06489838766671387
9335e306e6ef6c17,0.05515542502968551
380dbd85787bd38f,0.1698733171012782
4df3a358e7ec87b0,0.030240824068590223
b423d03461c67e1f,0.15905790911535228
8d6c8b00790579fe,0.06620865081111643
75302981ca660bf5,0.12423131026747745
34fae39e3b6350ef,0.08200198265647879
47ee9553918d83bb,0.13684205458167245
525eb09cf01d4422,0.06784284674666051
f285090a9d6de2ea,0.16529141126144084
9a015d0a0e9dca3f,0.05816185635390257
5b9ec24c9cacd921,0.08873854313568519
80f6887bba571ef8,0.0761765782990495
a0121be4cb97ee81,0.03916369840131102
98bbb1d875be50a8,0.16087457678006278
d13d14d73f638740,0.08562428151381409
b2c1f66103087339,0.05927962602359961
ed544070c1558a6e,0.08196075759873206
6dd8a5af5647059e,0.08355187905948606
ec707e8be77e5bf3,0.09689988335613656
435ba973814b0e29,0.10297215498043263
a003759cbad0ca72,0.07893769245649405
4c1f413aeaaeca8d,0.05546151660099709
febaa69039e2d424,0.12262625658731502
1a7702c55d1c3c6c,0.10976855607937326
747b48174e7e8cc5,0.04634074314034024
e73a38787bc7abf6,0.07718223704432683
591163e5c881643c,0.1546469005644717
95f08a028b009350,0.03793741511492512
74cf8eff69e3ee73,0.03615133159294746
44639b509c809540,0.0913826911475978
abcf4a1f567f5b1e,0.10119857985415737
987d6ffc23a79a57,0.07998701964494336
e7aea6a6f0d83afb,0.09377438806155386
d9d2d9b2890a7999,0.07150791347914355
deeaee8dc56ee2e3,0.1087747426112824
ed44fe0714d05825,0.13988279545938015
68d0096d6964bebf,0.05098278795701054
8d52d8ee49e4e8ec,0.15760158776903838
b877123e88a6a266,0.07480887902552835
8aae92b438c0c262,0.03556674233705402
40864f11272e903b,0.04774997054750796
7583bd973a7787bf,0.23983238761320436
209764663e3680ab,0.07435667825243089
1802828e130f444f,0.130597004888473
c7226e4c37f1c216,0.1673946404304052
cd0110875b4d057e,0.09306663737266482
b66e634d66bc8033,0.03661927827693747
644bd7580a1fab58,0.06840765690323825
ceed54b1129eb356,0.07627640441612568
4a02d907bb4803fd,0.04210808476527867
d09af6dce02bcd02,0.041241006428460264
c81869bf2ef1408e,0.12494674203997459
455bd62f0c9a8b18,0.16158894259976347
8c648fe7475ba2a1,0.11556969586000208
e7c1606cda3f50ca,0.0588288347283662
386a0c809777aa8b,0.07370895966994524
882d6e6250d5d648,0.1208889608133411
e73fd396a2d7e661,0.05025826124303303
e1293605384c5923,0.02097875149909362
d8e5a75d55957e5b,0.13221931231266937
75e6395a1cc7d878,0.1052668036102744
ecc995a8d29cc898,0.11140712233278535
ba27e43ae6b021c3,0.06760718801080479
075b11725eefed48,0.1574410264373801
16e06a6abad58f9f,0.058103270751432776
039a18d8a9005443,0.2178840546614104
166eabcb1845baea,0.04737862894746351
150f221c402f471f,0.14670119311078972
2af5183224226208,0.10064079613910176
30a31bbf87301908,0.028403117927835276
95c87aa909d557a9,0.031078856142715657
d70eb57711fa415b,0.16035060928249617
9464555817eb4951,0.16657369897200186
8d4e5d5935a1a663,0.035355092099488686
289e3f76cc551091,0.08194796532089837
8646ded190e78433,0.09462206999987752
f2e3c326fd923449,0.04933543737292347
83f8985c38ecf25c,0.06217335211226013
8b698836d194ab64,0.04812540844950433
74a48ddff930321f,0.040871080464702586
79a5efbbc2b4f8ec,0.07809552877955059
6e88ede348b8871c,0.13652613451075302
d98b06d0f7e1b8d0,0.08438932209143699
dc56b06363e3abc1,0.08480448064340113
b5355653b987b958,0.07276608396506529
e5bc532f235bc0d5,0.031725698172600784
153cb69740320d37,0.06567466175579556
30ad5d4441533a6c,0.10098442713074263
05ba774a4ce6ab73,0.18912405178802075
ba467da19b1f2810,0.027482297743499022
9ad04a6b621bfaf3,0.12096654094328986
f605e43b08e76847,0.1333597279821616
fe2d494aa36b099a,0.055656850794404515
1e5a8f5e21430d42,0.09352494954174934
9b28fcb2ee487967,0.24053529890183883
2f1c0ef6d36a75c4,0.06743795001864178
37fc5525bb7de5e9,0.031036220486079878
d6538f0dbb2a123b,0.10853065673515098
7dde59a4542325aa,0.03364271224370659
20c617dcbd71f357,0.05740714996629969
77f00b5e8f833d41,0.13708090277044668
869a14428379a740,0.064980861435929
5fe5544f8e236559,0.09895984635278973
2d3681cba05bb562,0.19947991176338123
499be0abf97d1597,0.05128644833596213
5b423761773c3a6b,0.19668391335638463
57cfb14bc788cf66,0.1299526996573056
bf8ee8443882eb4a,0.1313153985436858
400e3c9ccfed951c,0.07215962055422007
95c34bd334691146,0.14314401549606703
441b99f616030e70,0.06920274159139063
d6449401e78d3385,0.07279664419748075
ee04b5380c7d4f07,0.17801658191546404
47350f4648bd6090,0.03216671183078628
3d184c420016986f,0.056905268973423656
2525af5583075cac,0.11376283648308483
37055ef29f0a3dd1,0.10687616654496229
741ca2e53f728930,0.18476884404132576
c2060532831835cd,0.11265435101799656
bdf51afd82ed739b,0.08188790135504112
87516eb4863191a1,0.10577217670138601
034a25e098498861,0.03226099568085909
2beaa963f217969a,0.2267140729330115
6b03ea3eb3783933,0.051001691570670776
99cd56ca4ca12f1f,0.042160712377632026
42288d86bd56d80a,0.07089636091934395
a5497f531ca73858,0.05305988078430793
6b8797ea062ce398,0.10395626395363686
1514a9ebdc630056,0.08519615331588315
6a47264adc77dad4,0.08819115683570758
4cbd1cfe1be11280,0.1891249726946527
555f489d111c7db7,0.061291007188774616
d3d1d52e817c754c,0.035110684221675084
80c2b83979b319eb,0.046885977277749215
b601ede8f1d5ecc9,0.024108422560103683
ac4e394f11848f01,0.15464017868401708
a5d564228af285dc,0.06295930349517065
872eaff0cae2acee,0.047671959473441196
ca524fe71b6054b7,0.09170542424038312
092fdb93d96ab75e,0.0318553644267674
b1224feb365fa8bf,0.059207871410438664
b5883c6e74b0ff0b,0.04837853914970162
7aade43a31d09f8a,0.0767843377687905
585ac3a63ccab1a8,0.05038946468856867
e4933222bb492af7,0.10532808368055163
d4fff28089f09f7a,0.12108143561802821
1faffaa35ce84d77,0.10214639332904513
27afb6fd6aac442b,0.04503832570564818
847a053fb85c500b,0.039849938654925636
9ad6971bd0ebf223,0.07052081709886968
a14e1a04f336c6c8,0.05144885136951798
50698da7b2db2350,0.0873917555694323
15655e2cf84c9cb7,0.15032343825747552
ef796da1e5967ff4,0.1761234564873267
9331c7e2dd294fef,0.09409296740756919
b7796a59af546a3e,0.06834262728287263
d9279cd811aae7c0,0.06693743420258959
df81c08c47af6c59,0.16179593924862073
1b9dcbf8b65b1a52,0.11356523407474829
dd377f760a65ba2e,0.13522301652809682
995b4a4b97e53e5d,0.0841164341841649
13b533f79e5a5caf,0.12568050722939095
d4c903b8efe43c13,0.2185114017035319
4fb9e1bf5a2f571f,0.15284752944902502
ed595c03e7747694,0.04419844918778356
73e9645c3d48fbb5,0.028753791713607008
a4b5405b00736981,0.14959457521885428
2a653776755ba7b8,0.031211401581363814
158fa97bf999e010,0.12229741125132212
a95d0a261a3bb142,0.06684922638755286
ea46e88a59d4fe5f,0.030523026275633563
6496d7761a0c6190,0.052363036504416954
6f4ba984b6dc3289,0.07126956733640133
5afad3e6c2fda712,0.05276520519985235
02effb9a084a466f,0.06937560768687265
f43a5e53fd455d87,0.18363219553078514
49bcb75b2ef9551f,0.03336689877223403
b21c8167caedde33,0.017695704278458773
15d2bbcb8c316442,0.03488933822532749
523bc8b194fc69ce,0.06600733491190033
d7b8e5c99743aab4,0.08716481996880987
3ad43bd42075bb8b,0.1456789852639327
812b9840da2dccbb,0.2677558408153811
e70b5a521c308e83,0.1367997312734009
3c45ba8ca9f6f412,0.03324885083073234
7f616f8d83b3eb18,0.06567915113959408
26c592e1845bb489,0.052741017868969606
68d37c0a802b47e7,0.12329353334125703
d8934f60893849d4,0.0315542091511522
2a3dc482e2f9765b,0.09704789622175133
016da23592d81da0,0.03569299683486505
4fdfd4d0c0f506a0,0.16366609269211782
729fc49d981fa3bd,0.060620003120513744
15deccf643c21df1,0.08406533918547843
7daf2f242a027468,0.04531895650955344
d51a0a86350f7add,0.03332568473130306
52fa3a33f632aec0,0.10327176290542003
bb4d95ad5da1ac87,0.09245018336468372
cd23dbd0e165834e,0.047722671663851426
ba39191a07cf9e7f,0.10409092043275853
9ba5cac296310d3a,0.20613344891194804
d322c51efb437d17,0.021579454905148555
3af739b2f776287d,0.13824970409346363
85804c2e9c6d680a,0.043367197288336025
cb0cd20b25649838,0.053201371931136957
12c942ad8a277403,0.10062399639375302
289e502cd91b1547,0.14123647685411017
31c382a7004fe972,0.07349265485940457
d169a1c279a46015,0.506989964581214
f9b4abfb6291393e,0.06847502606855109
6717d92d92048fbb,0.09795042722975518
469f41c8da1eeb41,0.08708407488023358
769314bb014d1235,0.118217288396417
ff2e280d521989fe,0.05863412140422669
1d52653d4f3c35fc,0.03351053500307543
4c0ebdf6c9dd9fb9,0.0445854403046391
8e182e2e4650cebd,0.1630373972573202
f55714d17852a183,0.05121145722774928
f2e291daed34f717,0.14576509957590789
2fedf01adbad6180,0.03383316983758528
7079029a20553569,0.11100164198958393
7214daf28cec2f25,0.12182235361132707
3037ee52ce757f35,0.028707134106165023
301594a1fbd58308,0.09749323838873385
971dbbb99046d9fb,0.14479060117735307
c7647059905f4dd4,0.03646249251753297
796f7cb75fc0eb55,0.16139878951167907
bcf00da3386bb946,0.12457504220231869
9fde66ee9b59f95d,0.024137083937541194
752d3e65ebd63369,0.0328604010518078
1a6bbae0cb804476,0.06140365842798675
03cac4272e7b8e63,0.13616445564284838
055fecf2717f29a3,0.12573141679454747
a2aa85d0e1bc4e6b,0.0677042572156607
ef9db57cac44e529,0.07749754183883456
8c91442db55d9d64,0.09332182550183402
7cfa3fef2d1a1dfe,0.053093411583998704
56ede8d9842e0590,0.056103576284465134
fc74e63ad196960c,0.25771390845934805
342867ccf7337815,0.03045501675063972
866f7ea3c4be20e6,0.08143065982187922
f45494a74c712731,0.1269658251239416
414228464c8b74af,0.10659980152245555
e4a3f7a35452e28c,0.12714254866863683
c1eccbf012d9a361,0.04200166444218191
a715e394b41f3a16,0.03306938340729247
26a24b8218ee00b6,0.17634303638683116
db4b58e70acde06b,0.04054787119202755
deaf015c1e137149,0.03056047898390476
9d4fbfbf523a0472,0.22298353481535646
ff7e2911a22e8008,0.16488054239899227
30449ce55b14d344,0.03493367370978787
b930073e02948360,0.10747155337593714
9326674b4c828c15,0.0864857316053336
a9b474db35164846,0.11057927568903954
9183d88dcf308c8d,0.0562796774468989
47c8c6f64cdc0a43,0.056780608872991516
2ee4722095033329,0.08125785411814461
cb8a02ecca44027a,0.026083837948937393
1925e9dc63237314,0.10909853231146169
dd36f08b99fcfa16,0.22067666717873463
9bbd43f6f760c243,0.1151072025376538
a766359aef66a25f,0.08812498992504572
4d10a4698fff400a,0.08209350916071698
44a6285639d7fcc7,0.11444657026841491
a64ce0de598f4714,0.12684589375139327
8c887a6a554fcff6,0.01719763773128567
ef3f3402f7530e37,0.027292942622022608
e9cf43bab751f410,0.016215135718514535
1245634a78a3136a,0.03532261384504169
7c5ed75e73c20133,0.05863583874180461
ff7628423503cb61,0.041900650534579156
55df3baf4cb22442,0.031498577465437244
20497b1ff5df51bd,0.14965085797479608
fe1c1e2e166d6943,0.0847164387128996
0a6a2ebc3b004ba8,0.07264338703969542
ba16bc573e1d9a6e,0.1383602009810567
41ae92fc5f37cdc1,0.042041060381523256
ae05071f58d92774,0.052701396332051356
a8d4083bb2383da5,0.13320782893410998
92cf17c3d59c9b61,0.02999735597850183
f591caedceef4268,0.03952111153578904
e3d006785a8a409d,0.07362997329857385
dcbc913499301796,0.0338870899927422
b630e1af9fc1f3b9,0.12271933622463796
7d6a1e459131bf25,0.1594488413999619
5f891649affd8c18,0.08158772304943018
7dc102adb7ad6667,0.09026247609323286
1b8c16064d0dc4d7,0.06346188990726276
8e5286a9c7d73ad0,0.032491306728448195
147e554cda420ba2,0.0421150871132832
18517e2df9cc10ea,0.07180830277139241
54ca2e9aaea55320,0.4911106199726952
a923278148853286,0.0920467123927242
cfb35f11977c3be6,0.0762488999540688
aef8a4667274a47a,0.030245084759575734
2c51172cc4d5eba0,0.03765250767448636
494446d84318c9ee,0.0869239271508403
aa652d97612fe50e,0.02621207818710658
baecb9e5cd4b2907,0.13665211074972253
c29488c64d211da8,0.05800868592552195
28746b4c4b26d721,0.02859809355258663
8a45d03fa3989bff,0.07253258038837725
462b3e544fe612a2,0.09848339361468506
359614f152fbbc2d,0.07168742321314811
5e953db789137f0e,0.12231725980226615
2a99aaa9555b3dab,0.1192196269195789
aa37a77bc447fc0a,0.19542400687046801
8c0d7f3ade155e48,0.034715090418356354
45b05dd1071039ab,0.3479272399484048
7e037c271c23576a,0.056913273453731233
9adb38d0576dec06,0.10789140894985175
532c84dea557da7a,0.12276233671554518
6c302b9662d3b5c1,0.06251198306604337
666231af023e8fd6,0.04657668200105679
9c06ef2fdb037a79,0.09186635628463855
65230a28464587f9,0.05026065978896978
b3ea4baf43182919,0.1261994000345698
c1f297271ef8cab3,0.04008241055936014
7c58e1fb77913d4c,0.17723324782145966
00ece1c11b40f8ce,0.024383085089246845
a820b5633583bac7,0.1478871456967794
b4e9165d8e2aebad,0.04864305498532029
85f20d358a8d6ce8,0.10113874599120914
148fdf734e431091,0.06436420858120614
67708062cc529759,0.0939796909860714
d764e50c36756862,0.23982586457655738
dc093657cc4bfbc2,0.0823525727826904
08c0597e111a2388,0.0904142215185449
58fc68c0720d8cbe,0.06099779652994134
387b7309eb20b505,0.10766364955250181
cca31a05a820ea88,0.15432113973688502
be7e5b7b5839a348,0.11296915369066624
ef7aa159ba83917c,0.11123836814303917
3dbaccedf2355696,0.0438085330466025
3774263bf5c9a393,0.07577472735516648
e830f76f4667709e,0.08591820966973077
c96965b10fe9e8ba,0.02876875400199616
aea0b2d75bb410f5,0.111101337579651
892d778bace3f693,0.10841769405156616
f46440975132762e,0.20129146445281043
6084fc419fc10f1d,0.15673965500078163
c6fb1852daad742d,0.058746888265314726
2bd09ffffa247f82,0.049287404489226916
5ded576ceda86075,0.10108971166591174
c066afacb3fe3a52,0.11177683782983705
21e99c194e94917b,0.03283993057826756
7f4eef61767e4c67,0.02719709734212587
dd19efa057bdb4b9,0.041309323466171124
2b309ca794e9b11f,0.203638473958131
8428fd508cf86cb1,0.08805932908887305
bd059d7efcd14494,0.11805301526131798
7fcd9aa10e5ab5aa,0.08608944852286031
9398c438c5fe8b90,0.04632085013192751
7401e49aee3edc69,0.09317932049955197
0520f17da71602b5,0.05692637570585752
efeb31befebbeedb,0.046736385868254834
df3fd48fd3b3331d,0.08717751206240695
14e14e2218536077,0.11578785488587469
1f92d25274d4f038,0.07467958648441483
7170ea34f6161e69,0.09355473228745549
04b0152464b775d6,0.060939892602331375
7653ee403f88ff26,0.08644115381775398
ee84092d5d680f67,0.16949195014249385
c41b6329fa5e7012,0.040364408994021564
1514f652f00c3b36,0.049613869471552385
0c6d11c69bcc6f46,0.062495424071416436
382f75d2edb9f457,0.13952509108505898
ab482dbf08ad90d2,0.09597367378292532
5ecd94cb7901e72e,0.05170799290162346
176da975d008461e,0.08588885564434129
882d984b9b9d8fb6,0.05994237768914861
efecedca199bc74e,0.13673891335922272
5f185fd802f0c00c,0.09008807555306744
b7be75c69ddcfdc9,0.022341284820840874
4da0a9696b2e9612,0.05306847063869932
755bd669f9bccb8e,0.07747352278336737
dc744a1038657389,0.06341280096617918
f5565f23a877bd69,0.0959246292659394
45485cf629983a40,0.18632342070279787
9d8248668d721756,0.10911489785689993
7e637102a104b616,0.038483462074080814
b9095cbbb40751d4,0.1739552172139754
b6f5bc351054c7df,0.07942849730784643
d08fe94fcb0dabad,0.04122892325061299
edb4aa5de0832a92,0.059689731609970945
b142c9c1185e5f66,0.05475245043843065
1473309b954d71f3,0.1455415876399947
b604a5e504b627c0,0.22303401068479548
d5d6a72d9d2c827c,0.03643203924800289
aac5a801e8926a83,0.07882199679499025
45b600cd20830ac1,0.12673282690559579
8b6f8e193f28c495,0.04997603146879799
9cbdc55a60ad3994,0.030416474379990843
59cc8f62d55aab98,0.024601764308354344
42f81ab5abcba09f,0.08326476918834233
758524a5d6a74122,0.10777147453199525
0acada29c4de07eb,0.0830126215705198
6bf56d0ceb2c1ab7,0.038170073041131486
03b29070bb68828a,0.03054081748252286
2f553bd8ba413efa,0.029785567120723458
c3ea0fbb29a15317,0.07363297229485068
797edeb1c8a9c95a,0.07013861961888924
beb71749be71fd3b,0.11128417318564633
c660714dc6059849,0.0646539218146514
549961b37bef9764,0.027865876252861237
dfac78eae9821675,0.027232521232898307
588c204b822eb2c2,0.11435338773983576
e96e43deab9b69f6,0.14915193854886705
9c9a726ae65647b0,0.036943027064471376
58f635ddafc61c78,0.2447819877359469
d40624f11c720afd,0.1483383095133975
73575ac328053efd,0.07172660053922728
809a4127b076294c,0.23386000305971386
d476e643d990be24,0.029074454843635376
4d04534027759be4,0.06868295048786749
72c2c7664c8294e1,0.13223007770114906
d3bea4fa475618cf,0.08620055824305255
7af7100957117fae,0.06720025364338508
bfeae03c16252052,0.05102069521598537
dab19b0b61104952,0.1672721691207672
8b72f86a4e6a970d,0.1353472545386669
c775b6de816c5092,0.15750212797624746
0de6dca19e114646,0.07468479827823638
0ee2b0fc31b7cbb6,0.04163660991348088
3363b132efc51b9f,0.22742516117290026
ee924a0428a40a76,0.037004843101445126
ac3726dc72e71ad0,0.08766190158686685
374584473bf4cec4,0.05681226664237797
e6b8e496d903523d,0.0901577432161087
8fe009970d6cbeca,0.037325726296203274
b03e574c8770e9d1,0.045380729151556956
27905f95e6931f22,0.06727521559238164
8099a0f72ee1a1b1,0.04897993359237842
5fbbd8a6f4ba3669,0.040503933447624374
24033a02989369f5,0.1422834295555111
223faad452bc6598,0.14306731744600087
c5c13adedfefc67d,0.06656636358330623
ec24ebbbc53f73ce,0.03486393220506089
3a3e4d31cbad45e5,0.03822900114946953
79763f9ebecaea1d,0.10585328373605364
46806e41926c192e,0.10047505677710014
a5cfdf6746ec5cbf,0.13662572892428543
0ddbe3ef0aed551c,0.04395715849439163
b641fe7061b46442,0.0225740689006859
be98835c447eea49,0.15986926997595258
98aa4160c7876f0e,0.1858088505464519
0753638b45dfacf0,0.11219388037396448
e938301ba66e78e1,0.12044267769909144
64b695db5b68b91c,0.10524779988263437
2797a5b06b8c68ee,0.03633063334788043
aee53ec38b7eb6f0,0.11341844930927099
d59b57f46a383c1f,0.07277275679951382
8c3a505dd927009e,0.05413847437935054
436e01defb530baa,0.02561786299611736
2f54c0acfcbfd646,0.14008223969250042
20f15dad96dc92a0,0.04269782037350178
8a16a230e343a296,0.05956385145675656
fc511072e8631203,0.1099643641963121
5d976c71ca9049f3,0.11408643882463873
b207e579713d5841,0.589837023792864
ac03eddc2e2fd2ca,0.1388450585825841
6b1e6ff0118fe59b,0.11366063742365354
2cc92c1f6bdd93d0,0.07186213605022368
f651266acfce6c0d,0.061924201130835424
c3b49d19c43acd64,0.04608717765350792
05a27ebb8a82cea7,0.4009931055504446
f32c511446a68874,0.054990468032127614
108d6b400d52aa73,0.12741567758186165
7e3cd0895bbfcd9e,0.1496955302742539
2245ed07ee31662f,0.12728044077695375
c81aede118be0e5a,0.07101368021776987
d664a113973613cf,0.0762530746439592
2899dbe3769e8b1c,0.07660013752268018
164d8c33239c5511,0.10884683152563197
e753bb93c30cfba0,0.1366840252802625
4493eab669361ba7,0.0546116755706849
4e55ed26dc79c3e0,0.075515312319271
1d2f7db4504f10b9,0.031385020867072254
9749ddc8b2a3a385,0.034464343657315745
9aab93db4ffdba7e,0.1536040339799198
88558205521546f1,0.07124860810375584
02a8e05f667b2fa4,0.05686213422760478
f95b0bb67413dff1,0.10650787053725481
b821f8fa7a26d286,0.04411731433459772
bed1456aa64d60fb,0.1324178500192701
685b1294dc5f8cbe,0.13878034656853372
79a0510c936f5eb5,0.13126915906127584
07f28f119366b484,0.049984242440106394
949af0edccb8d159,0.1489614449372978
9965f63ba2d41ed4,0.037118657799886996
f635cdb577ae5471,0.12093414254307118
6419d144df4c87de,0.13826585253578202
bc7f2dd2340df372,0.023388441708936766
cd35e912794bda2e,0.05934430709361861
abf3b6dbce73db98,0.054088584365739906
4eeba8a4c17e4351,0.07584399221669705
f612b9af4ce98bda,0.16838029466946128
d8120911733689b5,0.05413675520400481
723bd2532e39f731,0.08082030995120186
3889ee7a1f5fd62a,0.11345911885660588
66ffb196fbbb4006,0.05501581335247469
53a1c51ae93d0e81,0.10262498555004192
0a4f5ec5f9339110,0.04076260929977557
34416b6b8b600a61,0.04231894999888049
1e0b561b5df0447d,0.1537417940782409
43e848bf56ec0bb2,0.08921384723552875
1ace2be427eaf92b,0.04407123732877061
e24ea459233ec078,0.18819493607455512
e019c487befa7761,0.02371154170518885
7734ddeb14b3d277,0.04378656169073285
1961aba76570acf7,0.06394196428134674
276265c86a0e2a26,0.04211296133055067
4fc5594c301766d5,0.11573540300067892
bfd20f3d76573073,0.09490092155169666
8526753e065f5b50,0.2237718661906923
5c03ad68783d0d61,0.03541190494885573
9c83e80d019e0f5c,0.10352220338216397
4e6019e87ab5ac6c,0.1240658943416207
dbf6023ccc73b0e7,0.03525560071675113
fb35b29ad551c9c9,0.051063272564772416
3ab9a4e335cdfda6,0.07533091506198507
86fa9d51e632ae1d,0.08335692242571291
ab30ffa9ef0220dd,0.2094780390463754
ebfe496544b5a6af,0.13545912952110856
4cb026b93d1e4edd,0.04353892973326234
426a41478cfcfc22,0.05369466705648951
3e16e5f885a5764e,0.05182797965162708
dab52f137b1ba008,0.16072958264472842
a7e545c29eee2bf1,0.054847711335068494
6a50159c50f7f9d0,0.03179060993496016
ded3c69308607da3,0.1793955230967015
921388faeaacbc80,0.23221633580553036
8c90e1ab4a546bcd,0.0715268056271751
31b1827fce88917c,0.039332113220490315
d97cfaa40be224a1,0.03670020217885886
b4dae0ea6d15a25f,0.09050367255963501
ffb033e54895ee3d,0.1584798443122013
2b625e5d9c22b0cc,0.05357934876166911
87605745817d0ffd,0.019070339639969486
9717417666a66daa,0.04645877172507622
3267d4ecd26e96f1,0.04618085736237178
3399800c4f113d8d,0.10017970067271904
f457366f48f27702,0.06248715502824468
5a6c4f9b661a0ab2,0.12394658984929185
76628bf9d8b6b0e6,0.4407292018742779
997a5333179da7c1,0.05285914758439318
044dbb2023ecc53f,0.20940794773908433
737497734f709843,0.1686289654064419
fc7d05c3ca74b0fe,0.061279553976787644
f5b74bbaa8085255,0.0651133702605325
c1d1e5c41f539d03,0.11368279115770767
86f9c72ffb536f2d,0.31038370972302964
95b9d46eff640109,0.059363263786240454
3aff516939a3de92,0.06539875736685125
23c1d6b14d960725,0.03840804149937606
0b0950c974175a86,0.06579480246681883
e94d8ce0ed816caf,0.05899119835502539
037bc4751346a482,0.1268677593985175
d43c5617c5e69df5,0.29436582720315563
82c6f27cdcf850e2,0.17262721643389556
7652727437cf5e6b,0.06138489206784495
86f089e7c7ae0d75,0.06068103036464908
b9d7751ccd00d9c9,0.17251446941914964
0a079836e9e1ac2f,0.06550826735952389
90461cd0e33baa56,0.11538030864681643
825b16c4984f4382,0.10742320763359778
9054cbcd60dd433c,0.06841921644451734
770e4ea8a1273a1c,0.11174358110585308
518ad8ed2ff052f7,0.09317319846332157
f12c4df4f05fb6c3,0.04914864545370964
95a9d1c987aae5f2,0.10913135913298791
1d60b64e1441c91d,0.09818595313007608
84ed70c1cda568a6,0.08912662285329288
3d6e8f3a5d06c7a4,0.042315333660600044
eb1779538632b044,0.042612953703311925
bcf84068bc4b5615,0.07350843370735241
3dceaab87e5bd6cb,0.0857235384725661
c86b418e43874d34,0.09868211069413492
95397751cf365c4c,0.0988110030334487
e80b64dbd916f780,0.06626309413006407
d2a231ba481924eb,0.09689685304579514
e86aab1a495bc94e,0.02622386922157338
4c088c5147f6cc2a,0.09348136056575596
746c9771aa5c751d,0.07487659154187368
90005adf46be6af1,0.0198493172681025
78338f5a63e742f5,0.10729966757332741
9c3f2d29681d0d34,0.12485218185038649
f93fd851b68279a6,0.19611863499072324
afed2c838b247303,0.1757809299480748
995d752a3bf1fbb2,0.08875627777871618
33609320e5c7578f,0.044746357835854525
1ecda15121ffa27d,0.05154196161138502
47b2accb2f516cd3,0.1372148626873794
5571f2482997d163,0.13606980423495835
32897e94a9feeb0f,0.1974189576053277
3d5fedc7f245d35f,0.0630282689799112
1b4707947519036f,0.07901197462042257
3cee4d33cd4686de,0.07914941213212379
155f6d74191258a2,0.11852658173336335
3ae6a0b3d379dce4,0.07070615103512612
dab9de12664f7b0b,0.0797247986805229
cc73e04980d2167e,0.06046801940838949
be7f0f5d2c65bf06,0.09042489712108014
dea114b428048ebf,0.03009729360282344
deece306851a2a78,0.0803389751410828
d1ce358b8f732eb4,0.05279196293932534
e025d916d395fc1e,0.1158811456426118
f50d9be3d733fdc9,0.053622247605853074
a6c0d8fd193f76fe,0.08095909502698949
569e045332c790a0,0.11262555463047527
977114ec6d208ff4,0.03148459051791705
17faede0e698eb93,0.0683557775226446
0610c3287750d822,0.09066027549271666
58e6e26dd56a60a1,0.03587620803131232
bc263b5b32d9ae07,0.04037061428176929
8894323cc5f185da,0.031413565889724035
e8229221a1595393,0.04830931675926084
63c589b1e27997d2,0.12104061547352651
fe21e0f0344dfca8,0.11433421718608147
7e0194535136acfe,0.058998315276741736
cc859709caaa52f9,0.03196977658814115
56e7153dc35c0573,0.03773967119016703
c76e1ab42940cee5,0.11844382775625428
2ed46ca4b8d10516,0.10178245530138674
ae2f86a0a6c3b696,0.08346036765353099
a05d11d463a21a32,0.047279607223211714
89e7dc0647f4db8e,0.15880765192555996
80934ce845013628,0.07867069700540666
f66422247e89d830,0.10181594254078777
b0a301739cfa2228,0.038006525363835364
42b93c5a8b628ba5,0.06269162305147544
f74f1673a45ce9b3,0.09530571953517236
2b76aa4b82e23768,0.06755381681157781
0d6190a27ee0d6ad,0.15739630282933798
7492fbffda1eb950,0.0624432247149026
35355c2d5692cdbb,0.15892373492481635
de976dafed9c0fc3,0.12530549356596832
e2601be919261723,0.03103233311349999
f56a91dde5defb60,0.06509487095456534
1a9c207021895aad,0.14272957276611847
86ec8e715d2efa2f,0.09258800860094257
7762b73652848f92,0.07870534158923634
ccd34b74bb18d71e,0.11906126233206096
eb6c259855aee52d,0.10575018615570146
7bfe956eabaf5f10,0.06750400292336575
38c6063d22fa4f9e,0.14789789860150138
46b7352aa3c8a1ba,0.11566593086734775
049fa3f6cc3a62a7,0.20798747688454394
5f77b44deef47d28,0.033990404555651485
27462f3d6cf43575,0.06621788311169871
ca854373b937b419,0.12895868022396095
1f6eb5f2da254111,0.13607244219905335
9262bb44aa7937b7,0.07618995775553865
d81678051b65ebc4,0.1015669929745244
0edc1ad07f4aa86e,0.1704615577808279
a8e836b90034f123,0.042214966871701926
c729d0e49b2411cc,0.3992654499011852
db925a43365c86f3,0.09551629034478737
1cda28c15e8e4170,0.14327719457769966
ef5a97a20c5118bb,0.19024024812022805
4b990b98ec734989,0.14374461006036243
a96f328dda3bc98f,0.09885119603022985
b467b21cee5c9a57,0.03586912007507269
8c1694e84b06dad7,0.0491232421563566
7b038881fb7ec965,0.08560282468519011
60e46ceca8ca6531,0.047221786832732524
be2e51dc6bf61727,0.14513119829215085
f1063bee63d2cbd4,0.06798632595745006
1a3d53e660017625,0.0767940434224646
6db1dc15ad1e28e3,0.15482275500669418
34f0bfc533c2a23c,0.08275521602901273
76e738496305310c,0.08557602998459596
a76e95f0a09b03d4,0.02754845379159628
6a0d13d3e413c0e5,0.032247340823656455
e002702b095c4d9b,0.06109408164012107
435eb85f778a69f5,0.045226732828621066
5584a339491f1a03,0.10921948072076736
9a06cac14b623965,0.09174373371668477
b199a982f9480beb,0.2172966763307932
e32add368c6de44a,0.05441472323532666
34824decbc66688c,0.06934168650344508
070711d7fd9b7ea3,0.10799178714429541
a1656b509ebf749c,0.25657043750494735
ee96df140d42129a,0.3651096015635365
09fb51e0fded24ab,0.08750141579103557
77e04872ab10bf20,0.12032457655023868
6b34ce0940c8c237,0.13731061179887116
8b94f16483f351e9,0.11992800013405215
a7d4f13860590306,0.027844928522701307
66537bdf81c41f46,0.18123446158361167
3014fd36c07b8950,0.11072673905577707
789380ce86c031af,0.17962784884959
dbaee9defc780591,0.10239431837303964
bad0375f198257db,0.04600765058789358
a7b766569c6f66fe,0.060651584026634724
efd3fc92b86b90cb,0.08096490717609121
3ca6e7825d948c12,0.10989134069705334
5c73fed8f1d584c0,0.0571316993669505
cb7f45c4ee30e84d,0.11346902489039483
aac70ac68209f1cb,0.14979134599872043
fb253a15132c7c36,0.10011130242741721
4f1ad3d1864799f9,0.16136919342772216
06cc890b7c3abdd8,0.035523991880979114
48f5b50b05af6685,0.03461548851095439
8abc163b25fe8f16,0.03211008188112331
5220ee550d303425,0.1527592265943427
8f7e85307eb35706,0.09206828503403325
dec525eaa4588cc8,0.11825037311395901
8a7aa7c3acead22b,0.09337711980368785
0618f0627df67711,0.12237840155947333
5d9929a965640bc0,0.07654024944559842
b45f8124eea44b5f,0.040974849354579894
32e371f83b148fb6,0.16729898400190685
83b9c322c9febec6,0.08543137757958083
8bb4d82df107f45e,0.08980415926069465
cc28d0d6ace393b0,0.07516030028027768
29c17f03906ad1f0,0.06424858523800955
b10cf30c243ed8c4,0.18243721198655233
85c180d755530692,0.04308466639375543
e9478d4c11f48523,0.024308864922928795
329d63bfe65d67f5,0.062354414283747314
4e7c7fbcb6fde9af,0.03055992763474422
1f2d4ca7586d9ef4,0.038864860206291985
04ff2418e503eb55,0.11700298551694066
5807d02f74d22963,0.1215660931156107
23aa15ff2408a5ed,0.03765747669187277
5c3fe62807fba6c3,0.038072861134123566
c97a3c1357c537a3,0.11387504501016736
bde91246f16123d6,0.03518890914935437
dfcf3493677dd9ae,0.02910115128486205
4a0cb390212d6320,0.12699412383786735
dd48f98a0e7c2640,0.06797147374411334
21669e26853a5beb,0.1150054845865429
c4c279dadffc28bf,0.13037589836139707
27f99b00db0702b4,0.03498143901242251
823a471435809e0c,0.15904089452382833
36d9872df73f0208,0.10118587647515538
69b691bd3b11f565,0.08343270045499473
051aab7c376493bc,0.023257816454067635
897a042cdd939f4a,0.23733244736856215
16e574aceb37758f,0.16484436293190108
7acdad670c7e177e,0.11450768666029446
af7211a4b66028fa,0.04025581969027951
3b768875237c8195,0.12269147843829667
a9e4e55b286f1971,0.11774060538516831
1e42f2e9ad67815d,0.06933359201833034
0d527f8f008f8efe,0.02453838022917472
4c2ccade1925c5d7,0.08588715925081791
b3a98dacc0702405,0.050060387700242
9b8e0f7bf05d953d,0.030332664133081326
7968527b42656286,0.048573378676223106
caf14438584b43fa,0.030321725225698103
31e140000e0bf36b,0.06491570303386329
336acc52a893cf2f,0.07357903018829351
bce6e39fc4407c93,0.03690662617507349
d5e58bdbf23f01f5,0.04407497816072564
1ff7a8ec347ef2c7,0.0466584577252798
ce432d29b214887d,0.04174165139960499
44e820df9233e162,0.10340934203001456
fd036d6641276c78,0.06281097575707245
45c36909115a7b3d,0.14615890877272333
0c18ad3d4c7f25b8,0.1398948833026085
4502d8fecdca43ef,0.10129934984614251
9bf5cf3ace55851d,0.06275966179303259
0e04a1cc15af0b5c,0.02693980102334742
86bc772734133e12,0.11803207935806326
76fda8694024d3e9,0.13481228463958947
d244839566b6672e,0.07977800261556445
e165495e76c8691b,0.07062378706659345
18e8d9f4f0ed1ffc,0.04536565095819347
c198ddc9a1a0f0a3,0.03354424803537255
4f15b2cd5370863e,0.07087999414330634
5b71a33a75b4b41a,0.23567943667231434
85211a41d91dfa68,0.10352710495266279
31c3ad8e554acb99,0.08908185317310924
f05e3b467a207ea7,0.020714328723472536
20eea1cacbacd917,0.13045879218994727
338ac2331272bb7c,0.10410871889961443
e6740f272d44da83,0.1537474770565721
9368ba44560c50d9,0.08698383493911167
18e4039723086124,0.09681184587112744
c935d65cb1c5cfc1,0.046719718922406187
dd819f141dcc8319,0.038573090032761465
90488975d041fada,0.07947119874221835
a5aa463adede1f1b,0.10656218339834361
872ac9ef6cc6a618,0.038623169244919625
ae4040a11f651b1b,0.08215572464207505
468c82067304eb0a,0.12825837412283317
cb460a2bc70974da,0.038389780731305945
366ae30bce6f5b98,0.052412876320755114
7638518d282a3163,0.1726652800893683
633878cd7103f469,0.07363074182121908
73b8cda0da8e3c6c,0.0969386387665476
b24a01610939d7fc,0.031325578953217637
99024e3163df7833,0.14731514005839896
f67fd1bdae4a88b9,0.08051837525393854
bed6a87757540498,0.08262394334220347
97afe9a3ddc497f7,0.05014586812481451
dd9f348a3e019188,0.09186280870440891
34946df4f3dcb0b6,0.16285546676747809
9444819c9eb0c9d9,0.1671195722364051
fb4483e1ad010ba7,0.025796471355166564
00c68b30c299654d,0.10478278205229241
72515cd3d8b3aa9a,0.12707909203505702
908510f96be347b0,0.14236569623837125
99a21c81b1b48573,0.0855255428534968
22f68a423b09a5d9,0.030790492520207224
e7f04cb37080c9fa,0.019340558005610377
dc02fa202a12aa6d,0.04896398682882907
10d0b7f586529eff,0.024126542931965474
ffd7b011eb85f998,0.1055317002015192
e621dd32e1b264df,0.04132088389618349
4af1a1f24964fe8a,0.047443831719426205
811ce0830dbadcca,0.030382636363110296
19f0e848aacfeb93,0.10454899902699166
8d3f02ada61029a5,0.14467373220252447
1e2a07a17f935db5,0.03402468115711012
32328db851b10b18,0.053787018084235874
9ee145457cc792ea,0.19982702638741573
ad8df560233793e0,0.040721137856092396
d22762aa0ca69d56,0.08994862133716089
f8355291593dca46,0.18725232095234157
0c612654e51e01fc,0.03004107097820253
ae7e23426e25bea2,0.032300564504515
e009b5beb1619a81,0.13230590614053953
520faa13a8c7065c,0.16095275534034123
b5f1a39aded71e0d,0.026050710965186453
de6cb6bc5b8d1640,0.1062557856654569
d51fb6ba7bb6913b,0.16538024757287137
a1375923af03ec27,0.11656982144482905
8c4b7d8e2bf037d3,0.09224555171502366
681405cfbc0dd97d,0.06279437244405076
992164c7365bc333,0.14378359592473702
4814a10f30ed6822,0.08653346287117708
f125562b955f34ac,0.06624697318022718
8665c174c23e0232,0.05361659526927236
c03010cc5ef028ec,0.18781353904370113
d2cbd396091301dd,0.048325245240197386
c5b700f429ada2a9,0.05383031419576274
07d97ad7c5757563,0.03551256305540845
abe88bd25b74cec2,0.23094404355350268
b5242ec51fa10803,0.05189380470097858
504c204a4b07adc1,0.04205346549905402
eb3e885ca8381431,0.07151422689919743
88019e77a7570235,0.17720875963140575
4f5b5ab494b7fa3c,0.09569613390299847
ff857c8685376696,0.13960218731746526
c97ffff5899cdd5b,0.17343567051275274
06d8545946fb794f,0.14202966289653096
86a18a847664c8db,0.09707408352729498
236b7caf60e83702,0.04418676970251673
b7362d1c5e6ea485,0.07368654247589579
75a194abbc3951a6,0.14155349374657783
0739352b03f43601,0.07663663859339419
d5fb0ad6dfbebd36,0.05158050355953567
ab3267950cbf32e4,0.1265916872290637
061b96409f1ecea5,0.04553459611269498
77507cbfe35570ee,0.035724374383457894
a36af5b550eaa873,0.08469035935379028
9ea7c406af2ba7ab,0.1396014422773403
f67f1e53508bf00a,0.18219669178656478
c1e4dc287c41d581,0.03862966316472552
a53a53e86b02f37d,0.0476445914133774
608291782c527827,0.08108491107222421
d0ad07399c84455b,0.08485368303476432
fc8986567718f61a,0.1908020744570149
5dc1fc6a5d643435,0.11199984342904007
5c05741c61417dc3,0.06777684531884884
d702bbe78e1fa189,0.02930655872916421
e781540ac8518204,0.04894445801712931
7dfe0b8686f2f32d,0.10912771150956137
150a93d31aae72a3,0.05383601000549749
6eef12e9a09066d4,0.18224617056039866
636152d21bd16667,0.14073457914833126
c7f6af439da950c2,0.035788843655805924
27acdee466fcf485,0.5352721812090109
a8804fe9eee0fa90,0.030068477420229608
6192ee4938021f38,0.16595234770671263
fc02f9550afeac41,0.025857413750392223
7c9ba87d30178a3e,0.18474680798021798
a17444b2e1cdd78a,0.11783573885443926
83df6fde56cebe4a,0.057169409668922
b35110acb0de3b77,0.14218802720126475
9fc1dd40acc8bff1,0.13003772667904656
0c521eb5fabcd49d,0.0655358549560875
e081802079fcf55a,0.14850990216914717
12aedbe868f79776,0.025307560392159645
be8a2586f0738799,0.1343671222414932
077d63174223dbbb,0.045666898215279736
bf95a5f9268fccfc,0.030012354182404565
51ac7bebc69eaad3,0.13040235246037293
823b8b0cbed56665,0.09799195418676662
7b06037a7dc44eab,0.28680708222655793
c3468f13ce305a3e,0.20570577769955173
82906bbb278815e9,0.03643025272515933
26d93d94ea19b1b9,0.07606867435617495
d59469ecf7c3bb29,0.07367269082666583
7db5fdf7d9e7b81b,0.10371550496843843
251dd43cde3297db,0.08483101348467811
cb1945985d64f4de,0.08225754121718734
4eeb92e907af170f,0.0979720575907841
feb8fa429dd67ef4,0.10570693263472233
4de67c2419537ea6,0.042207029694351736
538e4f56402af36b,0.17266443588801939
a4cf878441380a52,0.1363525040168078
96be7b3de04ff62a,0.12622787655379145
39c3d3887c8c1a94,0.036951676554694626
1921999c1eb2c5c0,0.08999616127066691
d57e9b30000ad4ad,0.12612037479207022
7c4dea060b3cac3b,0.1456718052498254
b72576d562bd56cf,0.1485985457029788
e1b21c89aa287e10,0.05216651805681516
ea91d426f07b035a,0.06780637651878035
e3fe0ea3b0e68165,0.05924516806114162
733a4e55740edd52,0.1547226232169927
e3ec47884acfc533,0.22867046894301551
8b4fc284f4d71fb3,0.12977056188406932
ecc8c2db5ddf594a,0.027269190065302477
6a2e9bd8a0f89c66,0.10525194511940947
330cb959caca2412,0.1685696120679454
d9ec4fb651c85ebe,0.06165226575592575
059f9fe46af8bf1c,0.05937704862701604
3a4738e51c5cab59,0.09706419904815913
2defc05f8aab4fc1,0.18078666849619143
5eff676251527676,0.024854202310190393
fbe244ca19447d90,0.10048841020640714
6a795f7ddcc9922b,0.035359278004918386
31e47d59215b37f6,0.0674940209333062
dc507cec24e10ba0,0.14175793782487003
a6bb01f0933df044,0.03301701481468028
8d856f853ce1deca,0.07251802499180833
6da96325a4517519,0.09118677249257101
1154f92cf57d2532,0.026965876435850966
f6f5511b39bec2b4,0.046558874428983474
52b72c128d8d91b3,0.11574124543894848
75e7fc7c7ea0f472,0.10565000560593696
197817ba33606b5a,0.08538277970646777
c1951ebb86cb1446,0.15298350955946
c4c41b18d788438d,0.13060065188758507
aa26bb9dcc890fe2,0.12701560188671418
c2c4703ee4c876c6,0.15786832095208064
4c5d7e0beffa310b,0.03403226548069866
83c908bdb66cb2b3,0.11716297781000462
f5402da16c14957e,0.06057497590484537
2ab80ba80d56a41d,0.11143240307790041
1c6b71fcf804ee07,0.12678289866509262
2f3e4501cfcf6dfb,0.10571665881732295
e6dae542e381015e,0.04011517095097318
eec4124d10360067,0.03687270020703347
9105a2588a4a2770,0.10601390146690776
130f75788d8a46aa,0.054642355188987704
8835b5e539659c18,0.10734616419775342
d219e6e0ab855f68,0.10173734138256701
0723230fe86de14f,0.12035631600055674
e81853b0b0f8c271,0.04851559706187607
979af46a1f611253,0.12339610530260074
945f78f066a99193,0.09657517693814024
9fd22540f39891b0,0.03480443525742572
2631c1e94bf99eb0,0.14905342644440284
41d6c34577272404,0.05130206489989152
13285c2b73770aa9,0.0686372721063526
1d2b2b68357f4992,0.04442529623897186
5e3172665089f4f1,0.15997885905663548
9f7be9231e3552f7,0.12627567205390117
6e458ab88b4204e1,0.03558039886573726
10739a7eee3e87cc,0.057387690953011786
a326839f328dce7e,0.2104106473993047
2e706184335e4bfb,0.18003781331068983
e10da35ed5233e23,0.028123634119344057
85df2a159bcafca0,0.1144554392481508
7e459f89aae58555,0.059084711906334075
c5733fd52fad180c,0.1437762442794357
d78be06de4424dc7,0.026787853203858885
af782e55eeec3b26,0.178234712131582
a5428b7d3e5eb0a2,0.05651004205180723
8d920a6bdb004f92,0.2082476544100745
f4be0e405024df8e,0.15824093009895074
d5059f8f88290d5d,0.10606938935411225
e368d0170d51ce4b,0.0982435458692264
d8ddb30bad626df3,0.05111381626730476
d1e892e5a070ad3b,0.04751722691923063
8a30b24e45c8dd56,0.08428788708132949
7616820e7f2f060c,0.02956416907568242
35bf1de33ef37b4e,0.19593973751974136
7fc73341974a9c57,0.16203369161207415
9f5bd41b72cee0ab,0.048788135328654614
44e5daba8a615664,0.12865492794000336
6a29aa78116608ee,0.12023620200309115
74c36fa527d5e914,0.07078448830430968
65e5065a97a00477,0.07928517270327826
2bb9d6b7e64b8108,0.03621234444846097
297129de9133a71a,0.037178979597772985
e6233ca37ff20ae1,0.11248856787955547
e6c230b1db202085,0.1499852091540705
042447db024700a4,0.035851217367588215
5347f880cf1bb93b,0.0699439394201253
f7f2f5d41652f6cc,0.032485893920107374
71ccebe269774017,0.027459074135939128
5d89474915222841,0.05284081584065962
583b0f485ee37a28,0.04803609902027035
cc5a91f4a1b878cf,0.29817173826652504
636604af09feb6f9,0.029164122513819436
9149bfd2414e1f06,0.1233027425518825
69c71a71af3a6a93,0.05357286898364272
5cab1ef744ae1f07,0.08988007563181293
2c01a13c5bd11b48,0.11542257760427725
3dd5148c39f554e1,0.0659936346642091
e55b6c8712632bca,0.07122191705275203
1e70f997f11d309b,0.0647544874476315
0b5140a69c454fd2,0.04510357222943309
bf3433f1790ded45,0.11742142836053715
848bb9f5e15ea664,0.06640539210336746
ddec6d5fb5e1d8e6,0.1429129171495413
483be22ba816efd7,0.05099797547696768
c5e5341d9853e204,0.06676821540267905
21afeb4d02745cb0,0.04609855087878942
214573582fdadc69,0.059111175515409384
1584cb670481cd0c,0.13964158993328019
a5b74fec60dff97f,0.21547641923055022
500761048fa68af7,0.08855548670293364
17911ade8f9db4a9,0.11270744388620793
0d5e4ec73265e718,0.1280079398776655
9a23b511d19c5b74,0.08558460805500448
b0a68b6e9b5aa0fc,0.09975028137630286
f2408ea825dab651,0.07762573084689464
c46a0253ce15db70,0.11900731703507479
280ee758ffb1d1f5,0.07040357736978486
f120c6f37766ad60,0.04550507199778619
f0bd6e897436f50f,0.07835675998259574
d9838a74cd5c15d2,0.02230285342438827
ef4f4beebb23098c,0.11955469692438872
81e1191f9eeac89d,0.0827275653349151
38a4b85540a1d008,0.03998788284708384
583c98e432bf450e,0.07799428378846997
9319566dff410e11,0.10149005449037567
967a61a65ca3958f,0.02890374067650383
78d063e4b7ce7f7e,0.05547923690971249
d2f8e62df2e4ba25,0.11647143892522883
810d2f780629077a,0.15749338399682167
3515d882b6639805,0.09799773856766261
11e50493155c9e73,0.25718917953865633
4ed708372af004b4,0.1844803337407901
c4e45da34ddf3b44,0.11495381754214552
c8a93dd49c2a92bb,0.1757168138888085
0db19fe44a9a780e,0.028000699391170912
2b3538d47f1c15b4,0.037420580612448164
c3310c72d9734462,0.06153665675502454
14085746773f19af,0.04147359194830433
556db80d967a1693,0.08140236848931003
43fc5ae409f4f500,0.2285564575415333
081a87f22c3b38c2,0.1661523058763117
d375cbc133ed4f4e,0.1138891249758684
5ad546feb694ad21,0.08789931994901562
4f93720827de0ed1,0.07197097830646337
3aa17624d6ff3bda,0.02711385977370639
9242e8dc12c52248,0.109476232085718
6842dfe6284804e1,0.19114038063275507
0d73a6a834744d44,0.07328186438383824
0830204cd861c6bf,0.035232743067471595
66161f0924e78225,0.1187836480862323
496464a4d50db8c5,0.11094720527682489
06324bbe66728955,0.14852782686836946
14f78d4e391911eb,0.035930975920179756
2b82c80f72759096,0.051626209256422445
098ac1d81b9e8c1e,0.13576335752200389
1b76ea6cbf734ce4,0.030013388601403825
0500bc92e5b55537,0.04162565318145542
ac5aed573f280b25,0.06007617601997428
ea03975f1d5baea3,0.05737429885304155
88b17a552fbab232,0.09975562737751822
b8de7af9fcdbf382,0.1462248009051645
1200abef5b424cb7,0.026961700810061953
31b60e9d8cfa862c,0.10199690744576444
893db3bdf6bcd36a,0.11605426724747994
ceb6b035da1d3d7a,0.09943735269351117
4ec436f2d7284b90,0.05577990359520539
8aed9038981199a5,0.05639519167699655
0004c2d09b2a5399,0.08922717218693937
5205db0c297b51cf,0.08873032935795871
fa00a8d5645e29e8,0.03816112378516093
e059a125b2f75271,0.14932929968746828
0a245e9039a475ae,0.08549387017115115
f6dd2588e26ea334,0.12314885728448033
973b401c5b3a29bc,0.07503539048872077
3c3d0acff02d8d77,0.10469932829479496
29614e0f15db6e61,0.09317810405962734
59556138531e1193,0.050596284085502666
6864e194fe467f06,0.08051933637142578
92d1a78a0805f085,0.09866959291392963
673c83d5875338f6,0.14447727927509096
97b9da49283296e1,0.04719645341911473
8e266443d27cb222,0.06966387698721907
01740ec6cd7d3fe6,0.1316132883461419
bf22ef3c96b1cf8c,0.04052315407450134
eceff6a46e6bb846,0.07543734290085369
595cd3775c548381,0.04486949735199828
dc88015ad74c395c,0.04660382589306593
1d829ac1fba966c2,0.04422253773991261
7af5a547c0ff87df,0.038546603346752736
42082090188c20fe,0.18290860638751236
f7c6df36a4354bbd,0.05196514160794152
fa583dbce17dca3f,0.11046003785608687
31b430017b021b90,0.16267591891041377
7efc9cb13b2def86,0.17948815076960498
d06fda4e5bcfc129,0.23719807984603192
72cb2bb85767bcac,0.17215829239361752
50f1226e03b9f878,0.0475645575521712
24eed0e6d7789047,0.0872623742454803
d026da38fc55bfdd,0.054817804418708954
47c591c2bae2052d,0.12161580768033191
92966f857e0e8aaf,0.05710313250567444
56b22e07fb9e4c9f,0.3227972181732178
95e7a0024d29a8e8,0.15037037071260195
77413f2ce0fc0b0d,0.06743047560938156
169ad5f354082bda,0.06752876685293319
cb6a3ddb00bb4caf,0.16665631648624324
c1351ef23bdee19f,0.05712658918526753
23e0eeea647bf809,0.0939836640194065
52cb9f8084c2979d,0.12592493350099154
7f071403034451bd,0.19978137962923806
64c6b8a675d8d210,0.0777910665472979
25bcfd9c6c4bc119,0.10646594453621677
68234d071437f6c1,0.03131462464610496
cdba54b09ad0a5e0,0.036883855073681894
8b2a453d25a9793d,0.27571835676393963
379b3cf15b5cd618,0.03223560343314551
04f8b3d8fbcd3c09,0.03815938531386771
8db2aa7a87a0b0b0,0.11179408729402418
09904cf5297e4c52,0.13715835005945629
e5d6021439d46003,0.12977331134338957
87a2e4212129d19c,0.16088487295185888
e218c57596992271,0.07601791538384038
18b98da5b42722da,0.0762881891868937
449920a89db3ac7d,0.20807036682867344
9ce041cdc0639315,0.11913397846415728
722f357fdbd5c880,0.09070751837983468
d468cd43dc6a08bd,0.22641511419988009
9700c7a3ef819ef3,0.1600564612142471
b7f1d881f8c72980,0.038377862190056886
b23236c476c94144,0.2616613673011687
18dd1046074e1b37,0.0991752102520391
55f227029ee88bf8,0.04558447459001753
5e3b8e365345db58,0.045022518306326725
d97a5d6269148ed6,0.06272727341696861
ec6dfb974b3c0b88,0.15533657861570818
7ff4153e9bc66bd5,0.14644272939956582
70ade30377aa52d0,0.12523389002695476
e81c74c9a5e64310,0.20414035803331404
27609b892f19ce38,0.047893758889360906
665fe4d9e267c32d,0.18384289780698165
e4efa861a25c36f2,0.1374952126309818
707cf306deb0ca20,0.05352312631591063
53a0fc682407a107,0.11433178361054491
4bd91ec011ba7743,0.028015092435515244
3b7c880189ffdf65,0.1143888358614118
c5f1834657b1d9a8,0.10419526572201346
60a043d7036ea402,0.04965492191558522
d69dc65f9a8e3647,0.0992517118287975
c3978282c1335961,0.12090650462853436
248bcc5d97740cb9,0.07466296202586417
ba074101d0551828,0.1037255782505008
f22fd6cc76b9eb99,0.02923089734894717
cad3b5acbccd1a75,0.03277166033576478
4e3d749c5d0d8b99,0.12368784605815555
1024028ec93908ac,0.30993577935484323
db5f96700f81e32e,0.14627028195137232
d00456f5c537affe,0.043215755313506715
ae6c9a4ac1923d77,0.04604047201809647
5c4ef0457f9b795e,0.08569995500302548
a36087b510ed1bbe,0.1918162270544359
9700dc3668cb0d40,0.03034450409356268
e404394c28efb780,0.0827154383728273
0720a1b755cf55ed,0.15563976989127232
035439e10d353f33,0.07117130607583133
53421be12c0c7d0a,0.12604289924459156
c76422f9c7f1c224,0.02388206221592453
ca75e192477ae30e,0.05252716838291343
480e9e2f5f6eac7f,0.0906380187311585
b1b0c9414a07e81e,0.027782971105901267
e09f31da0edae6b7,0.07828493262794345
9386dbd09f1eea31,0.06392959901030192
4027ad13f744ab47,0.18997085714984316
dd57f9a9617410f2,0.14790014608913477
53816ae08db4500d,0.06985441308092347
d39479f04b318c0d,0.12165551061252147
5223cd189c2850d3,0.09764446497418436
8c0a9ec776187a0a,0.029174091706060532
387c460bf9c82eed,0.1010014082205247
1fd31e1faa118ee6,0.03315987949616813
49fba05cb591b00c,0.03552578965687815
bd80ada68eebd0b9,0.061107784512082895
0e3f686f072a8a0c,0.07668228889793385
84925d826d461c4d,0.1275513703310841
a7badd0bb8ead7cc,0.08575803610259507
e2c838fd32fbb729,0.0672162529661969
3a6cf220f53b4cb4,0.10649693484793979
9dacb79ad9fcf34d,0.0692852626101769
92aa4c1f7f258a86,0.14289645865567502
c85e22a117db207d,0.03658411905736869
c5acfefdb9e64f54,0.05604297249536512
26015640e05a3378,0.06786186644951306
834b3501453f5c5c,0.10346097011564764
42af151534cbcca4,0.07236686040036275
6342222ab4bd07c5,0.15434877429049548
cec95d0eb86b553d,0.1075310325944268
b4129a57f4c5c1ca,0.07425324081033578
8b51d76d9c838743,0.08848967609083558
36d6124fdfb6b5fe,0.07097989151299217
2212f9196bf749b0,0.1923766912882216
fe9345df75362fb9,0.10980643841984758
75774ccf0b19e8bd,0.02958832062990834
026c096720d1702d,0.12348096438920367
6aca91fcef83cdf6,0.08577388883331319
8fc4c42ef85eb9e6,0.1996521395314589
1b64496c26985a3d,0.03258621438364523
591d0017ec185df0,0.08667102347708194
028968c773b11f62,0.10558456391178286
3a09eb47d1ba4acc,0.02562003054879168
000019235d24a363,0.07509441456372386
ac5122e50d1ce8c3,0.10401097849812643
7d4feba02220abf7,0.03416201999300349
e59a3b16b4a6d416,0.14763791621474637
84a820be4f12f7cf,0.032582370268868274
2f535756a73607c7,0.24211796210780506
fe5a15197d453416,0.0222194462337918
dfe7a446a8aeb1c9,0.027573620215475908
0ba28eeeb91393c6,0.08272328878088395
6cbf1767b759c6cd,0.09716063157670597
a6e42b03d097a184,0.10442263886966878
da6efa9d56a293d8,0.10953798484611992
20eb958ac40ae3ec,0.03517293149155597
861472b884b8b80b,0.20225285168422286
83313fb5d3e30121,0.05251545563530925
75c00015b88462e9,0.2759473602720802
abad9a6070f32056,0.08708046374787674
dbb0ac574180786c,0.12434676059221045
1ff23956ddb48080,0.20435406525317446
1030748990c873e0,0.1024265328122255
3b392b51ebbe98a8,0.2281040555215385
9bd3ce96b5220545,0.03751351426208088
e80afbedc991fe85,0.18752365153413084
b892e30bd65f1cf7,0.10903530025970337
45be6aeb64cd6e75,0.06476444954842482
10b2dab220d2112a,0.1432173989519751
397e2c46ae990a0c,0.05955614393388819
19d3b02c14e869e0,0.040509711719151256
cd4dc389be000277,0.17246827907601978
fddeaaa21cf9f333,0.05518340780754605
c73cf810b1eec5b7,0.06350581997209244
2d89c6930c494b36,0.1061873862601802
731c1ccc4e036603,0.035279218062304336
a9448f44773fe67d,0.09647554142900845
89d7d09573e87744,0.16160848372288544
09a1c2b53c31bc10,0.1266453041857172
6c6319f9764e8514,0.3294246086560173
f56bb1ad09aacd4d,0.14664612851207226
a49d99323a265849,0.03349268282175694
3ee9be6434e0e715,0.09836707872722183
875debef7413e1cb,0.11509532139770634
a2d775ceeadd24c4,0.15737783645152992
18c8aaea7c834671,0.26076238396766066
df0c46251bada9cd,0.12102511425155632
aab9add2fbc56aa9,0.03649955880919006
a6fc3e9da5c8e555,0.05640242161202422
f637661db81b90bf,0.32595858051127746
33f67c649066e956,0.06761864339187489
86c73cb2d30683cb,0.09940995837064591
b5c00f8557fcf692,0.07454131234685626
a2c9a8f18d345227,0.17054499407069948
5ec5cdcb7ea71186,0.0706950884442347
0f3e463f9177f7f5,0.10567557583951741
4e7f08dff5d4d708,0.08876439220828983
3bf84009bb5fc3d5,0.17880974319202153
51395fde52e82c96,0.1370512718391829
11111626d4279259,0.0661293904755311
ae179d72addf4dc6,0.03838715372270246
e88ef89c0abd640c,0.03643394624709448
c514af589b1c5c49,0.04929267996387551
ff07eef5fb056c81,0.1513370732212235
96fcc4e5d6f59237,0.27812715326769766
28c21a0768568fe3,0.13380306984627105
73627db8491905c4,0.0590044630842476
99467bd1e0347c4f,0.022092059345926448
f68ba1afefa7c356,0.17554316005703824
f2dc825ecdbac412,0.047702208732304775
4aba146c1a03941e,0.031129043483810275
80d5d6de30bce75a,0.08659106202803354
07139bc3c4fbcf8e,0.1281031277496285
e20fe10aec859d4a,0.21227282246939144
7ede37b476b9198b,0.10322344007708407
13f259dd7b600fe1,0.07285985540040658
351f432cde665f41,0.034227884812800306
a0721905432fac03,0.25802727858069635
c64298a4451fa34e,0.09832729495479159
4498869b991b879d,0.12510343786965647
17636075cadd05b7,0.08059768861714268
f1a1bbb6f878a877,0.07654543367310856
0eb6903ad4fa3f90,0.08487070101477158
3188bea8d6f5b35b,0.13635637811743592
c4c409536eb6c51a,0.031239037208412923
d280dab3667294dd,0.0985276857740349
52c6f5f136513403,0.0732044480766932
5090d67fa1877997,0.07187959156734745
16b61b14def64393,0.10169840467445201
baafe2fb18314839,0.08742527601026712
4dd870bba94a4e61,0.06362163349194162
09dc62cfe943169d,0.03423371701666759
c479d440fcf7aa16,0.13344978776984678
8afc03aa50ceaa11,0.1222313789194575
edde45a77638faf8,0.030042064317015435
6d7692d9c32c3019,0.06670784414263951
5732b6767099399b,0.057328838384306344
17d91b5e97f3116f,0.040570427861131686
0d8f39533be9f182,0.12690176962505523
fde5949373183adb,0.17929131179853008
958e0e17661293ac,0.1659393146452904
c5216e7c4a482059,0.042068761667019006
903c649790deba31,0.03520293482142654
4a0069fc3386e06c,0.09895648375808927
a8ed067c70e68299,0.17797135385570045
2739c45027efcd82,0.1142087485408405
9cebb6633780881d,0.2314731507128402
61795ee62a8075d9,0.035434620139168774
58f2b934b0d49345,0.12296837479274936
dae79d85843b121b,0.018542403340818744
2a1568df2de08c44,0.10404896983124107
ee4fd2a6e3a78dff,0.08807168142092117
b757cce25b9c26a4,0.036838837432013084
66ff45cad74a6679,0.05446531269478662
b0017bdcd541c6d4,0.05678748145294495
a3f277c9b5c91e67,0.06912494739862986
a5cf1cd034f1cbe7,0.2034958432154062
68c1e518bbf4e77b,0.05742483899231982
39bc60ddd2106538,0.07990853475736631
6efa72d0df99c34d,0.13303912469444756
ba7209f117ae9238,0.1325494564036229
7c5bee138819f339,0.1169529290086911
0a18482d62e5cb36,0.08868241282949801
8e35efabb244500d,0.04448951270779462
43a9275d59ca040c,0.11818645338441033
481df5704a84657c,0.045827195849631526
4d8d82c65a5b6227,0.034760879708471484
f93eec03effd7d38,0.3959131189336153
3ffdcb2a25a0754d,0.10063885066019033
95109279ae9a6a9e,0.1236168987617782
d6ee9c0efd68efce,0.08719541038393738
74c4894e7bd0708d,0.12992181871694206
d33fec8f45769c79,0.1058412349440285
8fa4532d6a6caae1,0.027460763471141413
3dff5467e3be88a2,0.13405187485590842
fc6d9a8363c4609c,0.02696387029000328
c9cec12908a9bfc4,0.04920031667728012
a971fe519809a939,0.050904050461983
5ef5d379d20d65e1,0.07941193762738034
e3fb799669853199,0.14181824379847344
6f8c415e8466353c,0.07314922811915936
6a84824f0fe20d4b,0.05175332887680526
8cfc43e4b7c26f14,0.05269613869514441
de7c6a12dea21dcb,0.10956417044403559
d478e64abc5e2623,0.11622039336266324
437101bfe8957347,0.0732471715086468
6e285e3b9740ddd7,0.09855618490494379
c3ad227a535c2fe2,0.18237376977517172
8f43b3a85065f086,0.157089350723416
90aa3a900822f96a,0.1043704200139617
c9000a6868faa0ce,0.1746178050813088
32a000ae2024ab05,0.031089250513494326
c4605d1a5e5e5f5a,0.12824170270291171
892acb659d8cf3f0,0.05780979116762275
c69855f3bb4ca032,0.020783346265171778
edf73aedf6b35217,0.07278770840239543
8877ec8e52d1ecc5,0.04361075088614967
fa3630178cfa8ffa,0.03722109707638812
9f5f7129d1af2116,0.12632738634326726
5e7e17e9ef20547d,0.12956785433790224
a0bb691eee0adcbc,0.03969727622059597
47aa950ec1d03709,0.05394270218675775
89b3fd466c092666,0.030528000987479445
f58ae0404d156690,0.03441053137330945
766c4ba6be3c0785,0.12133261333099922
eb2e4b71d64f3173,0.18720023146500758
4912ee4332177555,0.13229090217723144
2bef19c70fa1eb95,0.05329246257077129
c6686c6fb6297feb,0.1975212714428601
67508ac580fa166b,0.12923491762576508
ff311f69cd822985,0.058611413807123376
bfff1dc879c76509,0.12474330765660463
3d1fb3f5ce631cd6,0.168051198446608
cc268338bd6cf9ca,0.14391366705950295
d5798960a3e8183a,0.07468605845050467
11d573b74ae9ba82,0.12542492582676001
8c8705f908dede75,0.19981899080017418
ed2bfbed36ac2b84,0.13477489721931268
89361517fc2f10d5,0.1738741441670188
1626bf6a9e33402d,0.1429046841568708
549de17e617d4cb1,0.031720003103133235
241acccc8c4c5c98,0.1368427346717014
ea3cd2074cfdd18b,0.031255846901736765
3482477cef332442,0.12110936723371511
4f0e6d903964496b,0.0425942806887347
55f5ac50a1704cc5,0.10608304309838154
2754a911af5ae6ac,0.03938624956231759
f2e293367584282c,0.20819593697686486
2efb3cb92bcc9b98,0.027948929419465363
5896699316dc3ab8,0.060724650335024985
2d0483ceb9c643bb,0.10730439074583843
efc8974e6723a58f,0.08861524410192242
a6a0006f726c94b1,0.13991974898946313
6f5c59612f3c92fc,0.4548188805194731
c78209036cd357a4,0.22280516089938496
db9a3030e417457d,0.038515099781456084
99988b482a1d195f,0.13444033764581415
52e13ab6586efd97,0.1731941194636426
3e8fbcc54eca7fca,0.057399893913744636
5bd1113a10668c30,0.07580778713035538
4bef48512ade85b6,0.033481200680494975
2882464c483cd0f8,0.055069606162128776
079b1ed9350bf75b,0.11848088277618621
7063caa968c586c4,0.045968267778405764
ec19c34addb8624f,0.06900542260804493
8cbafbdb15a9de28,0.05098408585833342
a38115fdbf75c1c5,0.11759205053846396
6d8390c7927568de,0.03733646885763445
00981f14236ef71d,0.15358014900074135
12f84fa2b4c572e1,0.021632948143862962
ca5bb700586628a5,0.03997283325545017
4a7058a9b89ae975,0.050739835780314546
878bc0b3326ea889,0.030520279364334373
57f748e3454293d9,0.09618723247769326
07949795ad3e2e93,0.11782408692276736
8cfaf8d91ea4f1c0,0.054138231667912186
0973b331fb200feb,0.5622536631580588
fe33cc8c6e5126c9,0.03478319203113091
95338421b02d6100,0.14635882823438628
6d14e413603d239b,0.13854881111485873
8dd0a5354bcc36ad,0.12738039067807636
73e26e96853b1101,0.027563285000432924
1d9173dbd30bfa8b,0.44595334442982826
b8164626d047cbb3,0.10752305434688138
0fb7907993c4b37f,0.33393015911920465
59ee8f98bf511a26,0.12039605757324848
0c3008cd7e493e83,0.15942610352707842
ca16172c325cea2f,0.03318968056074663
2bca85f81b167432,0.14645511205394812
22fee0166c140a09,0.20351583059557346
e2724c0840a5145f,0.052105836605451455
f36672a2c0e1cfac,0.07989217633721984
1fb583d94ee99482,0.15068041884291508
02f264a344c830ab,0.09115840411205953
4da6645d6969cd52,0.04216670023476879
44dc081e8f45104c,0.11117653092935194
2c2b2f0c44e4f0d6,0.04939869632034746
36b10927a5ef8124,0.1603386586674283
c1aaa1a11b02c7a6,0.07661556428062272
052a4c4d54a4bc92,0.13406624893167246
d52322d3a4091590,0.03827619855668912
836f3b0ea82976dd,0.08833246527757288
76fb069dc8449b55,0.10533799884963226
9c73e1140fc59c02,0.052656397565133795
ae6c780a01769bbd,0.08155844328517037
ef3be0cbdd14848e,0.040836420307167644
3599f0b9c0feb095,0.021613465365255383
88664205bb714f9a,0.03872509393792623
b978ad9fbc2debb9,0.09602991768278772
c82c9b618c165d10,0.067934129004623
0b15c07bf352553a,0.14986784731891262
7891a28610913711,0.12309569498145284
ad4639fd4e49662d,0.039078854535381166
08bf7df7a564e646,0.06584260433710605
7ed362e9d16716d9,0.03542388178192931
0ad5b72ef7c0ed2b,0.07407662474183489
511e654ff2a5008d,0.08234055216258435
c2cd9bde4b5e7a21,0.13685841785638442
5b3e02e26bec5e7b,0.11794740733741332
89c64c8f9efcecb3,0.07266206558674773
a8f6c6e3e62d6b71,0.041838926587787366
019cc0b8962f5cc0,0.12087073606226298
bc4e4242db6ccd37,0.034328623301826615
3fff2ee4dbde3d85,0.10731288113485482
dc37fcbe553235d5,0.05434795306673698
3bd0b86bbb97a337,0.05687186695093449
4992d9bc07447302,0.04682524901994417
bfdf1c0f0ba7cdac,0.1959764941580721
a6ab2d1d53fe912a,0.04352646045348906
1891df3302c7b348,0.034333392975253924
b9959e103e10b920,0.07840042550841905
0ef3c10f8c9072d3,0.06920490024782999
a10619d97fb76c2d,0.041506195440010614
0863a38392b70b67,0.05885520716914797
60b64acaf466a536,0.12031798420807582
12e3e5d6d9c41e98,0.15020272951405472
9523154e7d045c29,0.12973509080368553
c75a93ff5b4249af,0.03309151774597381
254953a015ac6eeb,0.1774739701049601
800fca2f6db1274a,0.10717689526793193
495cb7b810650027,0.037479573844372435
32f2ab9bccd62523,0.0551058318718593
710c1a24eaeead5b,0.044475852563184745
bc05e8a0b1a36967,0.09623186377389792
7f9c858cee39c32f,0.07243105251701006
d943890ab2a0dabc,0.11150987095500856
e8365a58644b452e,0.11640559214387872
8b6555b1e2375ec2,0.084759914293311
2d05b7a2752c3cd7,0.05636445257029553
cae674aba0ce36bd,0.12543184936564586
ded2185f98f5d222,0.2089637853729651
5aa4335a084d6172,0.10630147448810615
ea84e8283949a22b,0.13872598941680647
e05b38abdcb5ba20,0.02771672868981523
1a8232cb16668217,0.02495351379809985
964453e5682c98dc,0.050336555387854254
6220fee3bc1e75ff,0.1648445584607688
44c74ce2f7dfda22,0.20002568867988
0e420abbb67f6653,0.2711628280136635
381d753868abf15f,0.0370359314498415
c90e0c45f7fc22d0,0.03478969040732851
28cc75a35f51a8f5,0.13006405209010397
3ec9f6c06061e5fe,0.15724375917974232
b014ddae55b634f3,0.0318704829402102
90879b42c1e54236,0.1081100580763498
7e62b4fce61bbae5,0.12284242121270116
6e384e2ddbb3399a,0.06540611677430277
6f07849a73f44a97,0.21625013946700405
f48a2f5d095509de,0.09654654914079518
ba999a22ce5b3fa3,0.2883220114525744
ba9181802cbd9401,0.15153166862998296
bd73bd26225890fa,0.03680246741107941
64c38fe6742e3036,0.04862304722280786
df243043992dea1a,0.09868900120129284
0119114d3ccf9eba,0.1850203613422579
f21453041c1dbfb2,0.14899631771289717
65850a53164c135e,0.036420954841069546
48527244bf10d792,0.11862678444915964
cd4848b0c5d09b82,0.09890153740687765
d29250c293d24f3b,0.08789429119739935
8e49853ead7a7782,0.047098886353332745
c4468c09563855e0,0.07017808092324168
06fbbe29034b7d22,0.040912969386392356
85f4de85a28f72e5,0.19590514544960774
61a2fd323396df30,0.045286813173908314
57131a5c1fd27b0a,0.06661958614403587
97148caf47baee80,0.10718656736749015
bc00a7f9820c18b9,0.046330045785677273
0774fb3a81023543,0.09366907930525759
26fce92bc23cb74d,0.10817640351237928
c97cd71a9a738f03,0.06964989911501171
e241738a2d4f1fbd,0.14750927096863523
da7df03e550c90ab,0.06340584882434958
35c07da89ceda890,0.16528009715940933
5cf499e1908cd296,0.08831530978399024
d8e67e20d907c472,0.07380207800573614
f3135343f9e7c1fc,0.20744109754553477
35e24477ff3e4121,0.07809721812594787
ad3c1d21283a66e7,0.08719826274668654
fa88a2d04837aa67,0.12624271150492197
3d8cc5538995bbb1,0.017721458916143493
2cd57b0959ffa8b8,0.061095924477071795
abf05406b1a91bf6,0.5147809424750374
0f7b3fdc5d781296,0.1637372983039334
03365bdfcc4be998,0.05809666597629226
b46302fe840c3d5c,0.09543476875566656
b1f966468fc49840,0.05977501505818646
6adafe7e6a6e6865,0.17660952305608327
e92c7a5333472aa1,0.15401626342663505
7eabeacacbf8b37c,0.08137763341265317
655d9a938cd682a0,0.48089178084
a26607cfecac0d77,0.05278139908270892
8d29e784c2fbc4ca,0.17806006266300067
0552a72825b82f4f,0.054052724652349546
8db26f10038d6705,0.0545844942039566
0eb4f40d8b4a0e29,0.05468249933790779
a1caff7700882d18,0.15482620238937939
ee70a37197156928,0.0664718976896484
6de1b2f62b6369e2,0.17590509058129739
9c2d074867b45c86,0.048236607016701634
36c975ccff63cd9a,0.12052499012844149
eac85b26c054de88,0.1086579877125021
318d374ee2d57a71,0.11307995683328088
ea743176167975bc,0.08018229925230755
3ab9fd28956b4c1d,0.043749044468330577
478582ec139d868b,0.10673086908225851
fb9d44e71840eb0a,0.0689670233636569
bd4fd0a37b2b9312,0.10324541610825538
5dffe03302a0fce9,0.2361007807777958
d94e1f4138ee9631,0.06862008317833827
298ced22f474a1c7,0.1035989175877968
0268d1d90c8858ff,0.06360660574033004
84cf6eb7514ea305,0.036359041880856965
95d0de11255bad7e,0.041057923084018254
9df308f6f0758e94,0.13556120679732941
b0fb6fef1f3a5762,0.0894770034051149
3fe46d292459737f,0.04403105197934047
6bf62b52eaee324d,0.0706464447157023
8b6a50f8f0d1474f,0.16154686856718145
89833118f346eb37,0.0698977307150179
48fd781830adf147,0.19817459511063684
209845b666a00820,0.04678970048364656
f23faebe09506cb7,0.10761762638308242
5f9584bc58bae0e2,0.040127598483389135
a08d713f9ab75910,0.09546714896036182
5c4f577995e30921,0.16507020158356214
db21d37dde61a7e5,0.07661880830090535
d22dc3977ccf9208,0.06872081661162842
d0fab5e12cd60c77,0.03355129945715029
5293676c6774f75b,0.043966290592221915
d3ae1f0b7031a78a,0.039240408149871266
bf57f1265cfe2fc2,0.06437477252503558
468b54d83b570a50,0.040146779260821226
134c07b69f25f030,0.1008716205532535
2cfa14158d7d3661,0.0951690159809514
a87b1a98b2c48b05,0.08774383327598612
c0bed62168e9892d,0.09868939524139864
fc44e0d5137363f1,0.1124529841070889
1247308f81ebf41c,0.020581124360094172
083caac4b6cb4eba,0.1534925267849111
a9d470ae3ce0af34,0.027623584196337127
935c423d001e7dda,0.05456068324386883
d096b8795c71a6e2,0.1700883495278177
2acc0dd1e03e59b3,0.08252753530818044
bdba30d6e4c5095a,0.06821866058890064
57b0ac86659a9329,0.11706784718878711
23d831dd1ba487be,0.029550557168726427
628b14a47b392334,0.12372549661433895
76a400c7177ea365,0.053838450040846635
86ab9bf8f20612b3,0.11844770920200487
fb26e948e7444ee8,0.14079846518478903
367ec7e6bfbfc6a1,0.2100529236820389
efb297fa666f7cca,0.1462181181888349
0a0f715a63ed4738,0.06756053429982059
00b759c30fbbcbd4,0.15974298062095432
4c133deea22458f5,0.1470027932834761
b354cc89789a3136,0.13051398629509858
f3595bdad2050118,0.05809043187526647
2171a4f574746f33,0.10123213233927078
ce89301fff62a739,0.04663471053958981
f4786178a6026169,0.08303131742443212
e1db1fa3be2d2bde,0.09456724963753975
05b896a0d6b00e98,0.028407874807713472
89658e4ea0b49c47,0.15587214245456454
db78c841ae5796ca,0.05439719257143554
6af4698b636d1c84,0.06025286657374202
be3f82b0567a0962,0.03841465671658378
1dbeb642447425a9,0.026108087239119834
eec325cdb9dc0154,0.0976236743921371
cab58c1297ee8294,0.10787864530821148
97e9bafef493dc0c,0.09537875173052605
c738edb5352110f8,0.060890350487139935
fe298587b58a6ac7,0.20094842886256808
b01b2bff457f7030,0.05848322931506993
599065c0cda14c65,0.129233164410438
feb91e47c3d327b0,0.058613918624842366
1b0d5c427077f7e9,0.08392433333277599
6c1338d0338c0bca,0.15638215728883884
aec29f6d68d9e001,0.033686376969949625
c6567adae6722bc2,0.10021021009936393
c6e04efe9811e16f,0.04494503445922968
eb86688c957ec913,0.0805375547172489
a450a6576dc20dbd,0.06985709873596363
b700f2322066f731,0.15867794416004288
a4302475b7326abd,0.17278846919772617
af5f8038b513a4c1,0.07023316183014609
0d73ab8c4cb1fa9d,0.17905417713001054
8ca59ee3a85773df,0.06315914643579146
e3f7ceafab0856f5,0.045558167762009924
2445f30cdcdf58f8,0.1066014078049963
23b0f57c015407cb,0.037465197611691335
2750f1a3f3525b16,0.03425609543963574
4d1502e6806c5f5f,0.09282224143623531
9cd2cc7d553443cf,0.07166487237290309
5e314b952cc18869,0.056064961199096715
e8851ddb49233587,0.16968663764209535
6339c240bbb14c01,0.06354774415811693
196ca6bac51b24e0,0.17228008222995483
ff664b7817ef187d,0.02028189869596872
1f50f2cb8e01a9d2,0.08348588999920413
f655a99b43cc6c6f,0.03399533389430201
2dc6d88fd87d67db,0.07294649697374785
b61c9fd4a46a6bff,0.039591833695829554
478a862e9bd10007,0.07665321932375041
0b9c9bb9e3bd1c5c,0.040415470192614725
8ba72175f80e2cb8,0.07817746248597476
80bd1c42bca86409,0.07851254285466852
ee7025a20728385f,0.060882098033500406
a94a734822cd1066,0.07527183282453183
9e445d829547acdf,0.09081429608402668
d08fa8b4d19b0300,0.15143261352107312
8ef8adecee83165a,0.12443117671634316
476933f8311d441a,0.0921021587285229
fd9f323abdfccd58,0.06690154927563718
fde943f5062e49d2,0.15039195343600809
32e1723a53483290,0.06237319297877628
3189ae9ce5829fb1,0.17066074982489493
a691ae869c7c7c20,0.2147508683718812
aec6a61870dceefa,0.07830062138090194
301339e42c2fd935,0.0961980129096427
33bdb599f03ad3cc,0.02984517398605161
ef958079692354ec,0.3499569263165185
6b9de167c2e2a382,0.12136945616221588
81a3aaebe87a402c,0.055219453631919165
78734bb73a549d35,0.09640104387556418
801a31247ebc0426,0.08920594509093019
703c72ed057e80ad,0.15439857537423646
d512ce41ff14126d,0.03365531617917873
b14adfc6f2de5274,0.08164660496975332
3ffc252e11d8a5c7,0.048794125458531554
dd94c4e414636803,0.06201384763854968
089a1dca65e44b84,0.07294538661859541
95e32e732db3ccdb,0.07570338292560029
aca38e8f736ef297,0.02665547010254389
78b2b40abd748fc2,0.11963772417542509
2595c73b081498d2,0.03400777143272946
4821901eb98463cf,0.10613217550886636
81f36fdaf2813666,0.03751029411761941
1e80444ce87788eb,0.09463369765010639
47c976d0b2db324a,0.02973593877119024
76e7956f7212a4d7,0.048047611836229784
2f42d37419bdab8f,0.21866824463287024
460717034c7c127a,0.1949293447272662
f46b154a36f88b49,0.09801674330751901
af4a2f1334861acc,0.16158878426472645
cf562fd6a1ec6763,0.0905044977784914
a58fda4597ded16e,0.06880881716361209
7c5b545797c724f6,0.17248089571786268
cd2d2cade053f8e7,0.1469721395791748
0d42478d5f847ddc,0.028988623686685124
fcdbc1ca107a390e,0.14042139090472103
4a6cd78198d5a5ce,0.1557031374421375
13c39c2f8d3cd810,0.09024291369920251
c79d8a5d80e7f04c,0.029391360628769014
51a701717aef4136,0.2003557231994455
4e8d630667c21f23,0.11213086445720867
9b8e9dc382061f91,0.06229229705285139
fddd94710360c28b,0.09204481078409096
2c33fa5f3f2d5e24,0.06773375092166324
3ca87064dc34dde6,0.11634476749054667
c9d8edd3fb7bf971,0.08271535768244437
d582a1a34b5b977c,0.2026059706683478
2fd593bbcde3caa3,0.17440806553973087
d2f2308d5fd09adb,0.05712930330356708
dc6fdbb3f28f8f2f,0.1237024525143518
ba8e32a15085aa3a,0.10667868508337978
3ecab659633b8be1,0.14875706525497961
80f14a6b7deb5266,0.08053531681193954
6809016a071b3b5e,0.13936835063602337
d26156516af475ee,0.0679547612367776
7946e76f5438edcc,0.11517404363788994
b11ee2ead8527494,0.12792634312418996
03e49d963acfe851,0.06085306639942463
4a3e2db752cc071f,0.21585952694759833
6e5157888073a37b,0.132861601881741
1f7bd653103f1863,0.11430620778288345
5cc0f066c9d8a28c,0.12670083372107876
61240fe8a4dc9a2d,0.07905177609552648
ab6cae9885409088,0.3326757141399913
c4e40432b0ffcfda,0.14379373569393183
1f7fbe6992fe8f33,0.16915440225334144
94953e6bc4d48c7a,0.08799517193912991
e1f4fd779b279dca,0.15243644984906135
38ccb655faf1cbcc,0.05212491000569176
dcc976ac3a08e676,0.02925153839213788
8a586d58683ab8fd,0.12910390556079224
9d1f98568599273a,0.029491151859342462
f5a4bf16401623fa,0.1909044812045027
42c6f25951f7db7b,0.05284809065079456
673b99f498fb7880,0.10823355647468698
e4f2c6820273bf2b,0.21029842144573802
8e7d37f34a1f3efa,0.18129341521862224
ec4bdd78abd81c4d,0.09173618211237093
a15343296b9f6f42,0.14964837731547515
dd76563555eb67b5,0.11969464531155734
3ce8de8291ffa6a6,0.18154760876019932
1d036919bb298ab6,0.05029457470286979
9579b233e83fe284,0.043416555306364596
be5c561435858f1c,0.2210582908800358
5cf1d9bf22b73559,0.13751500837401967
d5e3e7616edfb5bc,0.034123003639143196
ad00da3aa56f4d7b,0.04085284767489071
0ccceb1154debc59,0.11688967751742574
8e2c8545bf82cc60,0.19257100609411265
d62e1e8938e1c97a,0.21750528044504064
a8dc86e602a746d3,0.32400959223151055
c4329a7f54415286,0.09931349157184026
04ec4184a6a2f40e,0.11768948247481442
a8874aa6ff7ddd20,0.060659497669345475
c9a607048a5bc5dc,0.14842917533223554
002c27108f6666f6,0.08493568787839054
e4f6a20915cb1601,0.05641689548107387
bb014c28cd6924bc,0.10618940394412466
196e2f507f594bbd,0.07099036955299778
9f1be9fcf021fb5b,0.030429731836711233
9391d5f366da4c40,0.15170172184519676
3453a5ca3d904777,0.08935511133314074
686ba22e52de9068,0.049211995474905124
3553eafc050e9c0b,0.13263516610407705
edab086e1fc56c68,0.164862056938401
d79a009be9287b82,0.08098469357302467
b86e1b1f8503684e,0.13877035823736214
9ad70763cc07c36c,0.1785361677024042
419885390abac7a1,0.027256840080769833
70bb28465e350bba,0.1555748543299792
d2fe3be15c7a040c,0.10382529760262246
df051580b1fd88ae,0.05550591089714586
799dbb3bc5de0bff,0.1559615868102654
c18575ea64f02a42,0.1857778973168952
bc265e458d29169e,0.1853573310484808
d59c94219a63b100,0.16963067736860626
0b79c6776df906c4,0.1041872143137976
1bbd089c39955fe1,0.06348815952063902
e07ee63645347087,0.08645737240392104
6795923abfe3b196,0.24909776306378065
f23bdf1e94c91124,0.06184495198317812
a1fbaeecebb55865,0.055921397754788056
bc95d3915a49249a,0.08884055273752008
c565efbb2d18144b,0.14959800419360894
321866d63b3b1b00,0.12767198097477794
50ef5d8288aabf7e,0.0575236597468934
3948549457628975,0.14830128340650528
b958074c10bc601c,0.07698528122978718
f075bd7b8efbf058,0.10048340666246798
f05a42508ffff350,0.1562326932633133
3c1c900935bc3285,0.03356327571182521
cba59c1afecb3734,0.07900972437919779
013e1691ae9f7898,0.036092991599285036
ff4fafab1f01bf0d,0.19538179446784767
16a52132c026c176,0.09185668132024155
7e6dc3264a60f3c6,0.03447467358277028
fde7be20171bb23d,0.03443240080081304
4709ae8a61f423da,0.13797311768958362
f2f7edc4fdecd842,0.030625168253827766
81421fdc47bf7d1e,0.09370518734317976
e130b6363bcbe974,0.049806425864126355
8b5dc994eb4224ef,0.08469699331996322
ced09e40d6cdb2ec,0.05775757979395957
b65873d2d6509482,0.059964059944766016
d663eee7b55b1c09,0.05280318139521597
e8ac634318c1c070,0.12222276905147446
9861a481912689da,0.037803065431735824
c170f4b630a3b239,0.4042642869638028
31f66aa5ebaf2ad8,0.10263320150999924
31bc47bb1448c433,0.03553428979518416
79eacc58c9cd0f29,0.18125176528565923
32cb3b1b23ea545b,0.06563486034424032
89357b6904f7d6ab,0.07879867705125121
0d9d1cf89bcda082,0.14950562303531661
7c15e3fb5080a6af,0.054731594384465065
a8580d9f4b1f100b,0.30541414957671775
ba1c0d81b8bfcda3,0.07613303838002002
d5c76d632f469288,0.16514066238996916
4faeee72bb8b4acc,0.05164442984017609
10875f7f7d53acdc,0.08173828469687425
3fb5a4da63283ba6,0.1999611244083148
6551e600570cb09a,0.1911789012301282
6b4949612595764e,0.05698094328115788
d45b6491898d0fdc,0.0638766783874951
0c40fcc6d696a66c,0.055562704236222775
74607a92b5ef932a,0.045603402983281825
e7bf586ef35ff70a,0.05147122607521215
65e0da070f27aa66,0.05216434380242581
38a09fd79a425aac,0.10349670207188824
aed136202b0b58d4,0.055872572186501296
5f5b7b68b01d1299,0.495746135625017
cc5db835afffd307,0.06077144617716773
d8842b37f5416b48,0.09545663636146615
d8aee4335af252d3,0.05770496088210081
00494862dd9b9e04,0.1047917237344966
95d5441c82b1c46c,0.2852464661552055
c6e492bd428631d5,0.06930652961369516
598200ada2678880,0.20766625279659318
8094f4dc74add0aa,0.04026321676782081
6831a0024a1dd23a,0.03135082680673735
d56926e610462f66,0.051253470619746944
bbe39148bfc2e434,0.14745678524827652
1a07a83f589de802,0.10265831988368775
8210d5a233d3d65f,0.018366323461877526
ef4e598f566c9558,0.0976864106749937
c02b919584ea5cd9,0.06257183461990559
68bc1f08eb5258a7,0.21760376814967103
d57a9ae04f68912b,0.11486139001087167
fa41a48959374ae3,0.04888822120526112
5e725dcb74b4e75e,0.05017556474486544
121dbf76a9cf73a8,0.1833241376415673
a2383e552a5f2313,0.03655606931656817
378738808b201e0f,0.0688589134990622
9642ee1e267eee82,0.0987511267346453
e55cdf82fcc57177,0.05115321338036845
2103c3d1e5063e3d,0.041379997520227786
02004dc8e2729e0a,0.0736428548638934
95ae4af4bade5009,0.10715870184632359
8a4e103c92d62a5e,0.14565655715877307
c4414b2ee31b7e94,0.072148111161955
0866387e16259486,0.1091737301202592
f0b7e616767a0197,0.11935560314946705
a86d2f80a3468f5f,0.06508345281696887
691f9a97e9645bce,0.028833656033686296
2f2e7662f26d0933,0.06310928066763792
72cbdcef4a6b4f07,0.11456352504834438
3ca15eac9b7ce8d7,0.13352218438580793
d9f713c872a26c76,0.09801789310885711
38c5cae3c23f24a9,0.04903166572582787
80e12c9a6e625e7a,0.16407905212605683
78211c4fb5585628,0.14136825621906698
59e71eb2f5c7c432,0.1256374761136051
b7abc4b3e6ff0e3c,0.04153919609403443
42eaa77ee15f2ca3,0.03267575049761408
bb8ed5a0931148f7,0.04074573894546186
2ca7468532706e2e,0.09013535095127594
98791c70677eb76c,0.127218077466433
e7ec6ff3f296ed38,0.06610506659342727
7845f67130f900d3,0.11090360770684052
fcec4d0ce44eda40,0.1074480509500414
0ac91fd23085433d,0.11332559290127532
ff61891d90f930cb,0.09416412000376614
41fb4a2210a6066c,0.12298520550357635
4c7ebaf834966e32,0.026651019933418577
81aef88d712fdd5b,0.07432109824647617
36b0ae34db90ecd7,0.1856749021123894
72fff2ad28f42426,0.12634970129299353
717207649c078f67,0.043063126071650415
925d6e357d7ec158,0.13652830801577245
effe2d48627efbe4,0.1118743251339722
0577c43390d4bf43,0.6178039380017164
546cd9bb6f2ba820,0.12265631452929261
8a47c92c6443e7e9,0.1385483389131054
bc9467bdc8642922,0.05519588929947777
af91160b63f1bc90,0.16321430538242881
464ea9bea5384944,0.11879749566852468
b838b4792a3c540a,0.08359072854719143
11fd6e717c95ce29,0.13483349325075666
b1e2e5a1c0f42f8f,0.11010108462641652
222e74272be1ccd2,0.07898074336393938
21a85a0b474e45d8,0.08138146930528081
5c5c76ce21ac9a03,0.03508084645622034
98c3f3c5243d4fc6,0.03750532320000528
745be7354fe05a2c,0.028954712077347247
ebf17df229daa6aa,0.10552263087425429
14929f1035ed296c,0.35824374270521797
af1bc354186d653b,0.025066250719709696
88e44f6549d78a5c,0.045164609461813957
1a5119861af7675c,0.03872366978100012
4675a1f396e095ac,0.11792951806687442
306fd63061172f24,0.031225458645891914
68fb9067ffff02de,0.15663151904710337
93665736b22ae558,0.058098537522772734
2f3252e131fb28c1,0.1009570798741138
a90bb7ef537f3ccc,0.12423267099039677
f8c47e6a1ab0bf1f,0.0932486289279557
7f335ac0ff549013,0.04879613666522625
e9c7c37b6584e68a,0.03916326415296774
e2f8c99b54c930c0,0.02837903355033878
4f0ffae34b450b85,0.12752161454730374
94e27d2dbdf9010f,0.1902675412567736
db05b31fda1c2b1b,0.09525735809024208
af64ad7d713d5a93,0.07541475867724569
4d1462da71b0efa9,0.0441140834122134
04fbab7984c52c30,0.15008600373462067
c01a62e78e6d8a2c,0.10554422515516987
74f8579fc40b2d7b,0.04139282646400198
0eb2d3b71cf2b61a,0.1482200625166104
57788504ce4c82b2,0.12706671278708517
9e7dfd444a9f30e7,0.08112617027306149
0cd8b38e5a4b74cf,0.06253527668646859
e8c1c982ff8a6704,0.07697236205213327
36bfe943ee63fe65,0.08882679733524997
998d9f62a717ccd1,0.03279299987198202
8069d4397377adbc,0.037802682683961975
ba8f312910226da5,0.15342113390757997
37faa0207a18eb20,0.12267646053629722
c16962d752780184,0.16417011440855478
f1d62e28f903e96c,0.09640741798621669
8cab416d1f2bc624,0.11022049564958854
b791af74c95ffa06,0.25467115795953305
05b113e465a98080,0.07993412981576084
b17d9630e851487a,0.10910794605308638
92981268f9d56f38,0.12813980079068144
76775e095989aebc,0.027385910628378796
a07f4266c4b1cb5a,0.0417340271072331
7b5b1f94772d1b60,0.05001067683477371
4f8ef604a40bca4d,0.05242363831977601
673f3a4c0bd90267,0.060182305079611725
58139d3ae9373ae0,0.12913246134983386
c24d1452d22e8db4,0.08802788497882559
441d9763fdc1b0df,0.16973408836944665
d2987a3199c1109d,0.1230306961551907
cab99a91ac2562ca,0.15269474073440215
df1222f0cc1e08bf,0.09429007734246272
bdb610f14d1f9c0a,0.042631656326464214
d63652d83092f4cc,0.03139366885972184
dc121e137a206780,0.07222347552704864
e5fde6a720ffea60,0.043572577827190054
52f7118d77a951d2,0.049472721004485284
1b60cd7738483c77,0.1340943996064953
c7ef81c5ec66b855,0.25067292964441107
42a4005911b6abb2,0.165487484901275
926e4ef2979d43ba,0.04008471372148962
936393261928dd44,0.10519223146887072
90b3943086a67cf1,0.06539584327470685
80b6c2497708cc79,0.08817374527771411
dc880492a16f61a0,0.09477546971027692
363fa6d193ea1791,0.053372612916723024
11443cec444ffbdd,0.22318690207376923
174e280d8c42163e,0.14455767787273738
d7fddec00bcd1345,0.08652333185200226
2f2a0292483de945,0.242769598916188
2638757dc8ccf105,0.02601785275820723
af967b1ba12837c7,0.07053745335774053
6cf0ebd8925305ad,0.2144258427034229
0307e7dd94f223c0,0.030325647947069614
d86f818a421d896a,0.15196627349433087
95c76aa135d94e8b,0.04887644823414017
dfb2dc72331615e7,0.14216065753057106
b488c877787792d6,0.10424283912918525
5864514fce7556aa,0.09422912645919433
7db51b9dfaa6c3be,0.036861379216863874
475afd5ca8082909,0.0910656578158523
aef3fd34396adfe2,0.03286795599420879
e93ef7b1eb85a270,0.06733217447188639
e643f5e629c7ab40,0.02518015540275196
e9234451a7ebfa5b,0.11920626243569521
e8b95693607a1af6,0.19191219619873953
362e59ee5f24ba56,0.07928868949237239
760d3c489cbc2365,0.038773293045050984
cdc43a10fec587b7,0.17643196950349638
436bfce1b2e96ebc,0.13136720983480357
8364b88b9aee50f6,0.11093877785231859
49b33a422ea5bc22,0.2450353740286085
7c87edf2fa4449ce,0.022192744539464487
ae4d87302f77418e,0.054560107185375274
80504f5553a663cd,0.04748475970466842
285102ab56c81c9a,0.09727284854001703
ce75929520b6600d,0.1693947283245974
90e157fa590bed49,0.16596844078271328
72308a9b8ed351ac,0.21035842549691586
67da97f4bf5a43aa,0.03931396834235528
7a2c3503f50e758b,0.11699854807701558
7c277b093ca6e70a,0.036317166392430204
e17cdb698e7793a0,0.0907787843217352
304f33ed70c9905c,0.11701882422283527
f671940234873df5,0.13048198374442785
4c60ff51f1a98ddb,0.05720318846683638
357333ab581b26a4,0.08811435305263739
c12b50c410a56d62,0.03546612136460027
280ee73ea3f9a150,0.09852354743799593
9794f61f2b35c374,0.04131004774380002
99bef954535737b8,0.1567268685704877
164deb1fbf6d3d15,0.09069732129647592
17f64dfc919c257d,0.05209778813555599
177f1a78be284fe4,0.0688966691088924
6575a6e55c3aa52b,0.12147325390415513
e1ceb3cf89c78b04,0.07317608409812316
2787d14ba4491e60,0.08899186624628147
47283a11f402ab9e,0.12416361675388266
3e13ab75e759c66d,0.13772506636641796
565632830f202280,0.11756293974180021
c60dd36532e24523,0.09317518190309644
1bbb760f70ac35fd,0.05773025048956813
5952ee73f64f8e8d,0.08939621702684657
0d2e12deb5dc05bb,0.08549445322271183
93cf50cff9e70197,0.1125567024847973
71a0f1d3a79f9279,0.09166642472704546
ff1b97bfbc1de495,0.13634811076397407
152d66dccd700ae2,0.1146118153028063
af9475d72cb09bff,0.0682349418187278
50c6ae4f3f0c520f,0.1550356556427191
53277c274f93827c,0.12726248846703853
65c28bc2a138b604,0.15830973585568303
ab3f36de97ff5288,0.028734595735548096
6e673b3e05a86556,0.038989930139679704
29ade739f5ac47ef,0.14082025672644388
d6c96030b8564b06,0.11332580159041661
5ffe88ee98e246bd,0.03626259582916196
b75847a46dbc7758,0.04718460573983938
fd4f072e7db648e2,0.1586324188414232
3b600a791eee47c3,0.10496414567751802
3205c60644f3310a,0.04900895791266441
37edd7d198365da8,0.3215933377716929
4aed77bb42b6c35b,0.04815574018430167
70b9c5d2c47a6231,0.17756284446761897
5aee71b30cf4e773,0.021015762545093342
3b6034955fe901a7,0.02908512630813894
53f7e37ad065a1ff,0.13396530931281267
8249af221f0dfc62,0.06292765264040764
4a798f098b3ac80e,0.1331084461612636
7859a3365dc11f7e,0.1381599820333741
0d6ab61f58e22d8b,0.056257859529854445
d90f47b845ad8044,0.10529541421545845
908f76b67c5d77d6,0.07900447082380842
2e13d0c9efbac24d,0.088631528735167
fbd3509fdc1e2fe3,0.03639159417947729
d0c07aa05dbee8c0,0.04948330150851693
e2066400c0c997d5,0.12105416144966807
9d002016fad484c4,0.3965680283736273
18105a09ff042e04,0.05135948906625291
97dbf62f03867f4e,0.09392479517296241
008e7b56ab9053c6,0.19144051167025153
e382e61b69858e84,0.02425286255015068
a02b2c12a9b232a6,0.058820585532040025
5d4eefc602f1a815,0.12949193882285587
8c8faef5bff7b3c9,0.0598962705463774
8ea4fb1f9e66fa76,0.022940087184272165
22a32bb8f8bde6fe,0.14724566354891486
6a655866f90d61e3,0.09404373057258072
b15548596622ebdc,0.05496685078417335
e6426b5a54e4a972,0.12345714796845764
2bb1ea15970a2de4,0.041546861191238585
5b2c1fc3ca8dca34,0.044440165362690645
b26bc3d1078e5a5f,0.05387638647248559
9db2f38d40ccfed4,0.049112936314512655
8481c054b0537a7b,0.12627559550511777
c4016925a614e39a,0.10211468603308572
a6145b00b87ffbfc,0.19336002311888192
856c1f1b7a16dccc,0.02797687112123236
5db9aa657576b123,0.021372831016663017
e6c91e69fe022b81,0.49400379071134
18323213899682a7,0.02864492487625847
84aeda77a9eaf7a8,0.1223328159036995
60aa7eb39a1066d5,0.15655392896692738
011908fe41b2ead8,0.2526399565067956
95a236faf4cbd0c8,0.10621077478328186
c58d93928c4b43a9,0.02995819165964782
e3d5116d0ddea646,0.1852897470831939
3d33771711b587e9,0.12648312036410206
ca902179e21ff302,0.15025617564856064
4b2142ee3d149d15,0.06465448351246349
d78803f699e1394d,0.15092001629777607
ef2d9881a6438977,0.030545572977956018
3b5fc032ae2a290c,0.05613411844669484
9d5473cf79999f4a,0.09280968607720902
9aefa72a94558b66,0.09359032678946139
78cc36a16e5afd3f,0.06386072681308022
0628d45dc33a5639,0.11867210496579977
bc63ee6da23c5dc0,0.163517183644521
5a69761001b7342a,0.07330508222962293
f5384c1b33a306d5,0.04160955799297886
9f4fb39fb6e8b6a8,0.12475030469703095
f7787ed37e4b9d05,0.12392054728591127
eecdd457b6c7edb2,0.15283706340907696
f36c01f2f7fefef6,0.14466793474206743
abe3d414c510a7dd,0.07933683768880385
d1f7dc9b905e0fb1,0.04120829911511115
a97c23cf1c8d474e,0.0865903501903698
fa77ebf418dd2361,0.03230695070068765
4fa91df3f09b649a,0.12818933619064843
4c40bd5075d26ea1,0.16291750900087962
559cb0c10ea413cf,0.09038846510958516
b07714f5d0a305a3,0.1592782429260483
ac26d06332fffb35,0.04341254315351454
f3a18a7976f15c5b,0.052178079363689664
bd610a8daf3173f8,0.01989336380842985
b4db2ea448a373cd,0.03575997933823806
a9e601aca0377220,0.13933285499484568
7580e5af192dbd01,0.230471764697947
3b50e09f1d1584b8,0.08668533860544672
e752099897ef3c84,0.04050372733934772
9e556374eb31bdcc,0.1215463738455459
09bf3001382d4d51,0.04510145530917051
ac4f9d21db6d0551,0.07147558351710849
bab162c780dd5d3c,0.0859791159819786
1ac05275c95e2b9b,0.04656197873772531
ba53d76ac3815303,0.13537449698981235
731194026ddc8a00,0.16211994563391813
565ccf55ce0f19b3,0.045487412502884246
c610846e274513ff,0.08514002744267717
4f2f55e6f8f022f8,0.1103627588618428
171594c12d4f22c7,0.0260434764819784
fd9a29be83f07915,0.05858012769676323
0e69e13d2585552f,0.30735841001322983
8458a25c7d299656,0.05300494705161244
36510a7e2e8cf5e6,0.14323964429529806
4c689c2ab0b1e458,0.24323467045183783
bbbb01b896a60659,0.07144781191751119
95a6091ed902a1c0,0.08882734269958334
226f1fdbdf45c3f3,0.04624695576684385
b3776535f92034c1,0.03392718204872051
e136a41bbd9d2ebb,0.17620408285590078
2acab7498f95984e,0.04583361306700686
5a97d6bb500166e9,0.07880362645488659
53ad75887ce27a2f,0.03924283639641565
4bbccacfaab6a76f,0.11517563791843304
8d5dbeff654a20b3,0.02871513267571955
885918cc4b58a92d,0.08601613819486355
c33b954ec9e9d53a,0.05890450011072814
c73aa72e6960366b,0.08340774946588209
28c265c8e738031b,0.14795097371840055
16f59244fa16b9c5,0.1756435973386244
ab1bbd20f2288ef0,0.050062134503335895
21ce9f486720b00d,0.11067103362870619
ea98936cd5a062ef,0.13108417191588848
092b99905affadc7,0.14915691688592653
f8a1935cbff0e3e2,0.10757888643132334
557ff2105e2227eb,0.03385038990867212
e28b4c1e7eede953,0.0443569521968243
afcd2875196e3514,0.07971321969326609
622d0c5c885e5d67,0.09370661262343129
5ab123deb8c8e0b9,0.1390108863343104
d70f7077ffdc3675,0.11389903467721564
ec0e23575480409a,0.13326883366384756
c42b1312f2466d13,0.05842282647064018
58f7c9cedf508963,0.30686478872628375
483a6a2fc6820e34,0.05335452749299919
9a410bdaf99ab250,0.17428681138993396
27d8448c7743312d,0.10742602524765171
d22510648b60b80f,0.8324572476040336
cf71cc1d5beaf427,0.15780810323779673
b16d96c422e7686d,0.12432178130405758
f3bb00d62eddf347,0.036315917796242755
e7ad214e8e1b87e3,0.09958476996171872
a149a81fa46121c8,0.05033688250883511
954ac0304d013ceb,0.14224498661019455
5fb61c8caa291bb7,0.05312810991840734
b3e6b65c022e07a8,0.12054584791764006
014590f5ad393d98,0.07062344984232581
fd3098a48d0565da,0.017754531928604367
597dfb91140f7a43,0.08272408058179974
29c72ad86d92588c,0.03683999122485912
46403e8726688e63,0.03149214623240101
586f9bad93615a9e,0.2054421736791147
518268ad7eaad020,0.06940996233399527
eb68006674ff7853,0.09580707223311821
829bf94f3c7511b9,0.091825517057585
472338feab38fd63,0.02666035638895084
e2eb7c00452da3bf,0.07036252936730875
264d5eac0a3db4c1,0.1412248819462817
5dd40ed8f6931f40,0.12491454801926372
ea07294f7b9321f6,0.07659491525163781
800d5b199211d908,0.04800790805160035
c26171ff73291cde,0.14633560866799572
9b039401395029d1,0.04857795634508708
149773fc93e82e0b,0.20153677340529036
377962b226c4354c,0.06326863096556955
b33ace47f8c9cce3,0.034352292354819666
5898aee0357167ae,0.0518583987206332
5011475bc46160b0,0.04158888426601988
49403fb05b28bdc1,0.13039497775601583
d64f9b8328cadfcf,0.13819295467351886
8347b5a18bb84a35,0.08535468788171444
a72c9158377598af,0.08558577153228927
346932f67e7d808f,0.09884052886539246
e4962aaff0cf97fc,0.12504245909463563
d63549a6e599cc24,0.0267097721346025
d013eaf626e99575,0.08045947434342231
a7c0072db3d224b7,0.10203470143793184
b87493b15c6b1e21,0.07417241283527007
cd6d6ab0bf1601eb,0.09210555063118092
fc7b0d78438f45bc,0.13223889270420397
b53e88867e63ec5f,0.08498444855233867
1e1e7de7f17a14fe,0.07733230132933233
fff1df28cf047de8,0.06216958010740647
9a4279b8c94a438c,0.0336185371576441
d1a19d29c2aa4b9a,0.1271923094726576
ea65ca7ec57132e3,0.1330572960386895
35cc6e8b29ac28d6,0.21680507766871077
35cebb20cef64701,0.15282144230194528
03c27c6fa94b88b1,0.035344446153662834
654a7847a4c3d0a9,0.24675749933246896
d82da976d107c4ef,0.18657997874885246
0f7cdda5aab7cb9b,0.09656564704625778
511e61b096246922,0.05075110754455679
9bd56be8ba9524b8,0.1377670813971773
08980e1d210b6aa6,0.14517658136153744
c84430f350b3a159,0.07037682660133704
152edc8f6b8762bb,0.13676673284451635
a4a8682aa22552a5,0.12251053992802541
5448387d25232e4f,0.04805335337176381
86b5af3c99c2229f,0.043069602092413124
a243c84e17ad5313,0.1040287957532465
1cd4111d9e2c14af,0.032719339031766825
d6596bfbfd4cc049,0.14283836228393584
5f6669357f9d2602,0.11997131598549524
8ce4d3415fe4440d,0.08853091364357518
b7804e0aef5425ac,0.0390653382689955
a68ac8503924dfd3,0.12204289791592884
0ee54a169cddc5a0,0.07317170398751387
91e67962d58a2196,0.07105387444289578
337f92313341198c,0.08922120903210529
62fdb17735fc24f2,0.05019123302063344
32070e417cceeade,0.08862060407288086
d10e86cc3232dbc9,0.24022166492462463
9e379ff80b817265,0.15473061564024315
cfff3503c56dab5b,0.0924330306148187
9f21d3f021ded79b,0.04979185623689064
5fe69ac7610324ba,0.09384532195927996
fda80e0f061a2a2b,0.0797473634094934
e5f50a39b4e83fe7,0.13609330332471714
b7ac8ea60b369ad0,0.03641728639113538
f4aefa9fc2e0d241,0.25854291963613807
0f32bcb05a22709a,0.11739406624721196
13334ae771ee01a2,0.0973065022641348
d2596a53564c0b21,0.07075295359525774
1a90578444c1c9a4,0.057287175461060824
38767f6c13ad1bfc,0.06240733685973146
8d312d36ba150056,0.04636599442418853
c4e9fb7cce4bc726,0.08696781208005179
9ff220beebc71a5e,0.030193593220816873
24bb5e20d933da44,0.08804066196649972
42f6ebdc63da37de,0.13006813402093814
39f065a3b51d8011,0.03313727867560187
adfccf4de2f8f9e4,0.06478128507903974
bb73756443a5eee4,0.06806150860664655
0d9c7ad016175e4c,0.07970340067121245
01d6dee3fee929b0,0.06796583720764036
4c94ce26b7eb0794,0.1321565446339103
184edb2637a41d50,0.06684492709017881
b14c8ed6d2ad7039,0.028657731229433242
efdd1d7495765245,0.05249447579261882
affe3b0f590fae77,0.1753498623535502
3edd7de677b91b05,0.09131869482440494
ba9e4528463c5dbd,0.07084676325201832
8be8330f2029f548,0.06369034983568608
df6e6d77a02918af,0.05911409683111015
33d9746c24d2c070,0.10528887702732474
e51c785618029ad1,0.11620507527501595
d53ca1e375f1420d,0.11874886026329065
d4133e84363708fa,0.19136344526166688
094a4df459f84f9c,0.04212142162423907
c95b97cbc9622e38,0.03631400413240004
8a243d50081a0a41,0.11687658366884185
f6f2fd05daf66b4d,0.043152134022702036
3b5e52e54ed29ece,0.0954046503096641
144d292add5f41e9,0.12383589271883655
49aedb77fa2fb4fc,0.10714437775818145
81e5d80b657413b9,0.13506880247863373
fb21fa126522b6e2,0.09589700890233603
3451b921fd37a93f,0.1210399447564174
e25080fc68263c8a,0.16886471547934243
64f0448c8bc4b1eb,0.03451030951796524
ed89496194aa19dc,0.07549683333659059
fb22f7c013b24779,0.11494861380790067
1590a07714e8a656,0.029388424015662606
54ae2ffdf139cc38,0.03542167703395134
96bf13f3fa835169,0.09176890294463816
559cc1345795571a,0.049684202289091275
325ad194b9f588f7,0.1108677107349004
13ff609306472199,0.1295670342625921
3c87f31b6953fbbb,0.08313024763351565
2dd14f20786549ef,0.07312579766827365
be72fb5da729ec70,0.042810938751281516
dea2b01ff6868477,0.09345774875309551
c7ffc036c6fcf66f,0.11721434823455071
67b0cdefddff90ef,0.11587627115843419
eb949d7c7beb6354,0.0981074578572692
72dbbe8ab710128c,0.12830013654640587
fe50a3aa77d27195,0.02094378572345992
b7dea5f446a371e0,0.05198628175729386
3b6627fce4fa7c6e,0.025260870932986103
5766e8d8c783a487,0.10734764025080276
818813e68f11c85d,0.08694981683902755
4efd1ededeb6af5b,0.06703779072554159
7339d8d336c0728a,0.08671171805261522
5932b86b513569c7,0.09993053314827474
667e3c34655efebc,0.15080290089542167
211cf2ea67620b3e,0.1892099264229597
73ddd41ae18acb03,0.04719326130896916
b7d7b9bb940bf7b0,0.15358050507808457
672de9994012beff,0.09524043181640907
1fcb989eab73caf4,0.02892800107204161
1a8eef4f4936cf0b,0.062180611573007846
181bfbae0ed5b503,0.020793025860283646
0144b06a9d5772ce,0.16946941591186554
a6d79b35c359d2ca,0.17555687218918786
adb1f5a83ffc8956,0.17073316717220313
7fe7578307634c36,0.21575475906698782
ef916f6bd9bbf8f3,0.10497499961154938
261b4b9303f16955,0.13286930721515217
bdd3d57f2dcbf24e,0.03934688169863948
87478ecab9990b69,0.08433583562290992
00903281b49f7885,0.49787586545881096
faa54ef489380476,0.15448206888511012
afd67495e65ca43e,0.044324176299719964
3cfeab5f2a521bd7,0.36678977672776725
f889243e554a57b9,0.1380027979886884
1633226e5baee1a0,0.26143946232415904
09429539f12260dd,0.062078916414104734
4642f19a02b65fbc,0.029717000702370957
454379600a0d58ae,0.11401720861431047
806b67c9407deaf5,0.03602551319279794
64147a091385f1dd,0.04069147409366435
410684a9ca496c4c,0.040820215194994916
198aca03e558bad7,0.03535146821334064
19112c76b72e70ac,0.03426449240038649
33cdd595d6f64465,0.048677644148161225
b678efa350251d1a,0.17290819956172726
2773ef74c8379c3e,0.15663553136693142
21a85668c56f4a28,0.0835422204326744
ad44c67c941b730b,0.03406045358346679
afafaec6ed7cb894,0.12716739237675573
7b2afaaec11da7c6,0.10765320726785187
14f8df83cb5fb959,0.1190260939688059
2fa6287a9d075ec1,0.06928199249716216
a20301029a5e8b78,0.12524571137677448
64c226150b42ee5c,0.08764676158646155
7012b66ec38b6038,0.02359834237449673
334a43b3d7746442,0.1226588968806211
3e39b50358f01b64,0.10684148229559878
dd424dd258080c0f,0.1188789888674038
b6815449a050c02f,0.06167636677126681
786b0bb1d7a4dfb8,0.037380677035551035
bfadd1b4779947e6,0.20329879564117814
23bda92c60bb92e1,0.1756895477594893
20f374eb224e1a7c,0.0405681837622071
04bc6e2ce35edb4c,0.14526044151658365
f5fe2d58beb86d40,0.07164757799033544
203f3df885ff03b3,0.02869760196305871
ac5388e6680db6ba,0.039803626095180844
20a190db150bd0a2,0.0779574689582189
03b8f432ac8e3226,0.0808598331133475
800d13aa581dc05a,0.13409620747287837
32ad97494e39788e,0.13693212370615399
762f69f875d0a0a7,0.11714787861938374
7102288564065a58,0.1359231733619901
a244d35bd0a46b86,0.09406665615629181
9fd85d10d8d80cd1,0.06300640694908136
cd37f417a290a412,0.13431756289267582
087a61efb373df95,0.0407859927816222
5cc1bb67fc9fa495,0.027760369758831626
38260167161be0f4,0.10394209453212583
377d6156aea5f7b3,0.146568498911658
de73631ba462d9d8,0.036100611783874664
c6ad617675fc82bf,0.17568420295493847
53c0301b075c4edb,0.056479828924242526
d5d5bb7bc7475a6d,0.06428221594472183
2785f7c003032f79,0.06584247410888562
bacabfcb41e851d5,0.21803555802158758
930620d9c45cfc16,0.12115291802251413
a2253bc60bd26111,0.09082370875229326
48be98b0da47a60d,0.037559167511274257
4192611de72c647f,0.18587677060659885
0a3e55a0415cf1db,0.024181605237236073
94a41eaf6c166f8a,0.03338864994648926
65c588ff0e6a0940,0.095527687095384
7316f0f5207cff7d,0.19597935524821336
fb48d6120d40241e,0.026396856543272118
83e835be4b7da5bf,0.049631908351574716
be007ff41dfe8e33,0.16298876704822957
ae762981ec3e2222,0.2072632160619652
9cde4da63a470364,0.06777597702015382
1e641e6a0e15cb0a,0.24592488178587893
f1e1bfceceaf5b3d,0.04699106129842497
b33a9dd2d6116451,0.10406741148443369
6a00f8682a96e6c2,0.057148425667834755
4889bb3fafff04a6,0.027268746779215244
d83965adda3948e8,0.1526063361691964
35ebd3eb17d43331,0.11585917773117715
4fddbddae3f8c321,0.05523718283465294
279f5d02ec1d4618,0.13041671404914235
18dc05e08437b19d,0.08682532542049015
fd5e41a3afe867c6,0.08591569008990649
4dfc9b4693d64425,0.11596884316240116
38efe84b2371909b,0.024506586821602044
d5ab3634461fbdba,0.0938576250690403
88ee52d04ccee47b,0.12642246221359793
311d0a7d1bc40182,0.08752956426607109
ca3eabbb86d9d394,0.11985685990924479
0839345320590491,0.07597022681086019
3166da0225b35bf6,0.08356418175882456
4fdcce92f68b7529,0.16921848310435617
4c0a03f188fa9938,0.07068274435541691
efd671b84d562241,0.033971036401651805
a1be96b06611a4a7,0.08332771446025675
7c15209ba7808ba2,0.14471281746418269
b4fb7e75679d28cb,0.1915809834895919
095adfc07a65ed27,0.08050531766789815
a19e6a028348c708,0.020995098875368757
bb5e510a6639b43f,0.1048436914903949
fcf27b9cd834eeab,0.03147530212949683
dd9e809656743e04,0.1090397265313799
9cf20fc9b8513a03,0.1675576446924763
d929256e10f5e94b,0.0839790589800898
c7372107d1356264,0.16598497590922962
fb002ae965e2435b,0.06549760105296475
891d7ae2edccb735,0.14544543420074102
33b3795f9d4a8ef6,0.02769862794564454
bd1c976bfd04983e,0.1039136105461746
22d26961eaf80875,0.20613897205606485
3267d0aa9600286c,0.11519674286226514
f85b98ab9c2071aa,0.03984998912699535
4b4c86d64f258caa,0.11399741904395663
af271d6d690a0b0b,0.028845257283746137
8b1bdd0f68e6ab19,0.03717997045582196
aca740ec2df56ecd,0.11280252071603612
66cae06936335046,0.12576046444699523
8aa96ed1f09b6e82,0.17243701184247054
fb089d648c0fd719,0.07789792956556911
b3b39f3310bed9f2,0.08809362727602514
4c9ddb6a1c08a7ae,0.026697117717291573
8dafb6cdb58233f8,0.2147897026435988
8512f25e0995f115,0.13461493784801407
3e89b24f6780dfad,0.1428100129898564
811b5cd3d60f8f01,0.0871920396089906
8cecb78a9a20021d,0.06137275082163742
c726d19506a1a864,0.04712871180860754
bb71d5690f654fab,0.13351443255797207
01fddb547603eef0,0.0844128808653341
c6592de36f791128,0.06517916061818153
ccde7fc6a8ec59a5,0.05834785287781429
ba6d1493e3a1c1ad,0.10886155128560626
7dfaf88276d52a5e,0.13360986726292154
c09d65931e21624b,0.1353696084217072
f9544a6dbd4caa2f,0.03172389042608341
b374ef23d5ca3b3c,0.07820405685496663
c51f8b67a66b5aa4,0.30998502920683085
4793cb7dc1d36c4d,0.12091382147192006
c4a77a4226cf0e3f,0.07671172697219177
11b46e06959d7824,0.1646795477694535
75083fbf03436018,0.10041200794417586
44cc96b7436e60fb,0.1552085637608863
9c78ab8c7f52b1ad,0.07697552777969333
27c3ba5b3d6374ec,0.05345585341178717
09bad77cec8a0ea7,0.10384211542908721
7e5eaee69f7e8e60,0.05298794869488138
9701beed4cb2fd40,0.029701799197846074
a886ee5f5e57d356,0.017473714463226417
43322ba6466f83ae,0.0758621405169059
39ac7a6c910dc826,0.07770359219338588
a7624810eab99b39,0.13313880688757135
27ce336c13dd7f0e,0.054045393127114275
35ec56371ec7bab3,0.1143131365068217
1033972a8d27b8f3,0.18872014821574423
246fdf152b78ea45,0.042084774080188576
67db089b7a0697c3,0.03356502303136428
51541de4865fee3b,0.06967403015772573
2e0ffa5c733d2a47,0.16555601120136024
c307a7a1d2e93ae9,0.18140776617300244
60775afc974d2192,0.06814943489689959
1af8370aec8adce1,0.1381206189244053
7adaed59e375f94a,0.06519026595243509
d3f971f17d9ab0d0,0.037992220657063244
f1eff57932ef0f4a,0.11370771495255302
b41ea8380984305d,0.09240800631617047
dac2137cd3aface7,0.12510185845578503
48da40bf199dedce,0.055554277673518754
2c36f80cd8d50da4,0.027533349185751607
e45c5c285ae25a13,0.10095449829793438
d57fa89c692abe6a,0.12947100349486274
0d5b889f910953e2,0.032118564159294774
a2bb73ef62a1fa41,0.1361716999881987
161e450caac64b0b,0.05630096069901928
870239c07fe84d59,0.1940648179583842
1a510d36c73a9190,0.07587235180741062
6365e056680facbe,0.10209827151325532
7e5efd56e82bc148,0.04714599112336065
8ddf8d226ddfa267,0.025893450084005083
aa2927ee663efd7e,0.06693266770291703
1969a71e6c309cce,0.060390352267612434
33e3103e2045fa64,0.038014790851242194
79d3953d4c100b9d,0.24336802042335906
8a0bec565c237aae,0.07978370616560156
e7b2425696ad04e1,0.029707856807999533
1585c48da5187cc9,0.134792102146365
b508d898d174eb05,0.12380030551823595
ae96ed3d88eb7aed,0.05545434882233796
3780b01a20d9aafc,0.12288310174361168
5d2ea0bc3f49f99f,0.13209463212909384
609566c49b16621d,0.035064270658962046
52a50658bfe832ee,0.1231364289601965
76655f684bc2518a,0.04899577735906638
507aa51e38d00459,0.04559988592963222
e7edc5fb783b818a,0.03561540165878963
3488c9b765c1219f,0.040875268617768024
60726ee6707bab89,0.18300941809773316
724b704c54783fd3,0.03527834940868828
23405c43202f489c,0.06515880265451085
0a275c8c3adc1e3b,0.05365418529591496
ad727a83295f79c1,0.19568379314347722
9fcd517a3727524e,0.0851551545588958
c1a15f34e5189a8f,0.07383782106151768
ee586308edeeb5fd,0.13639760216351193
61323c4c907b9667,0.14943923900694264
dc6ad9b2ea237556,0.24008119932095628
fc261535991f079a,0.042752967004756136
199f8696fe22e8f6,0.050967226801759746
80c803fed1e7b815,0.028799714248661637
b3645ff1881e6181,0.045953809550581697
f077bcf8ba579026,0.09793148136968995
c98984325495234b,0.06917325378881208
2b1acfb2885f0207,0.03584902464449083
58aea5fe94bdc9f0,0.06793960058117038
13ce2e76f9ac9797,0.1278865867613716
585b1ae5f2fdf9d8,0.21457281174178053
c02d00f3c935fac9,0.07880307327389388
961c1ecf22020dd7,0.0800076404334245
34a2c0730076cd51,0.17107941040917884
f08c72208c842a80,0.15714976814116413
3d0365b300b08d12,0.13898512890508036
7698d1646b1160a7,0.04871989122760571
46fe0812a4d6a0e5,0.06628388989168763
1992a8cfd9dcd0a4,0.16292687595086386
234824681fe92370,0.039093683542170146
66dae8fb83f01cda,0.03973994400547375
565a8741e734fb66,0.06623458049104015
85796d3a4623f1b4,0.042091326939532214
980c038df259aca4,0.04250376714913126
847d49fff22ffac8,0.15979840128846245
3ab579aad87803f2,0.03551688315563618
7c287939d256c04a,0.05447848684478401
9b56b63c1ce61e36,0.037080927221915624
2b2beb4ade849fe5,0.10913272454146009
ca97e3a639d0f212,0.061465274244658516
cdf0a515724936f7,0.0940898620049163
f0d9600d63271cb1,0.1616906352046231
61f6d6cd6e8ebecb,0.07580006199569803
66bb128d75c1a31d,0.0959539203728198
ff6ace3df2f93fd8,0.025725793511450545
174f6de5e6fd0ce6,0.15062475567500413
f629016e686c93c7,0.13814644241662488
8a5cd96071aee653,0.018410967674100904
47a56fcce1a48c57,0.18200734995768741
bc218a229f6dd8a3,0.06412860939185563
6700a0d8cc03fd40,0.11023611402667437
bf07422782deaa4e,0.21338512336229906
67e5b268a06fc16c,0.04254664238826241
775246a31de87040,0.06742092000204601
a8c96679585190f7,0.04156752100992004
85e8b073ae9d6cb6,0.12688905380262355
8d783fa9a84a2016,0.27982792965235304
afa9ef8b36efca27,0.03643901161482309
292ad72f433b2ec4,0.04807522390316673
543a382acb950efa,0.046551862778787555
97eee667e12fac11,0.06285271035847421
f1594e042dbd4135,0.03862086238726551
c4acac79bfd54ae4,0.05814111702430445
f1bc5cee7cfbe74f,0.0710588428814763
25e346e1b0340347,0.06676949442374391
53b71602a81f5c52,0.07214087614169383
6d2d4b17736e595e,0.08449878566982916
f652427f39b6f10d,0.355238207924141
1437d0c59eca00af,0.03910826437545274
d8980b5b1d68a4ee,0.13519914466725944
442b8a915014e871,0.0966395064084639
6a1e5bce20cbbd53,0.1682165247362897
ec75dfc7e578543f,0.03125631655146344
94cd35193b228a90,0.3439629021021906
15617a2281e76896,0.09472714137525913
ae22b29ad0d98702,0.04226356428399746
3e5ee530dd802ab2,0.061719917228489615
9304c1771978ab05,0.030126559456413123
635d5bab100147aa,0.09614232362801672
cf12cab6ff5fa6dc,0.11008106910252095
cc7ce49efd47f0a0,0.034400999052071494
20c507d578183dfc,0.13415469344792474
e29e2bc7c3e6ef41,0.21950491694783614
61e270d51cee0fe8,0.0970607192841487
a1cf27e43a150760,0.2447229858948737
9bdddc292578558b,0.04695375064027331
fa0f0cb920abdb0c,0.13807225634419173
95dc87b7553104b2,0.2006338595081152
c268681605733a6e,0.07656389427259289
57f8444d376ead3c,0.15882021925897294
1eb08c4e2e2d0a0a,0.10666318990190146
65f04a475e60bc71,0.10876753401165205
54b86d86b2c582db,0.04978825500469775
ac660728eb9adcbe,0.08702235648047096
9dc70760c7a65427,0.1774649098863325
707fa7577b28c00b,0.04303299682236035
dfc0ad3ac006f7dc,0.08831241759952553
d02c60d97c52824d,0.052395690392102394
68735cd4123d2c31,0.22944905786450442
e7fa76e1a52159ec,0.03505859741857445
8e2a48702b61cf4b,0.02741664297044113
7b4d442d12660d2e,0.050856044477771645
1879fdf1618adb5c,0.10522373690833296
28331b7b0b1598fa,0.04653434247386161
c27a3cd35a718f85,0.06987019850164455
003398b630719a7d,0.04506470321968582
70b9137733db97b6,0.0909557357246635
f0ea5635eb777479,0.12124835309672544
e80ca1e08210095b,0.12448470939794731
033b8feb5aaae03b,0.03816432188688745
ac6a54139c7c9d37,0.1258330815702451
ebc95757b2947172,0.05400330848916887
2fcf426035785728,0.08981492831647735
78996a14f02ebbe3,0.03845284074564728
a87e26d221511c94,0.018579489007206792
c5eddf448403ab6e,0.03461526235795137
e8da0e67e35aa293,0.09860838779458889
88b632eaf9356d3a,0.05970734771549947
85571b011c6fcfaa,0.2250046896478547
9013d63ab473f952,0.13681401475097055
960cad37cffe68eb,0.0593020073869968
e247eb8f78f75a9f,0.06890042787045951
80eaa51c4c8a00ee,0.03319309288104165
35849a3326fb87fa,0.051762440583831296
d95e6b933db44247,0.03612278294337905
c8d99c2ec6082321,0.033136783530798346
c9aea5e1048b2e51,0.11674725125070885
e01947dd147cbbce,0.048979196669121795
ae79b75a13c928bf,0.042229809509266816
ce571fad3257b3f6,0.04023624727895365
a95633f51ef3a7b0,0.036536904665626896
297c6928439e696a,0.17148631136497994
a4d78fd9f9ffb303,0.07420085764715864
2dbf5dac4bc14af2,0.14545796633129082
484f57153280140c,0.103122555001467
db3d92a2887ed53d,0.12637468082963838
0fcc2eaacbd92a61,0.02333612646705951
3b06de421485ddad,0.1146981484283828
3ab1395e200e5b42,0.15497168298754938
8b607b6592065a8e,0.05424563176782783
a58b1c259179dc09,0.16960980221441838
a84f2ec64cddb96d,0.18768187858478863
794ec7ff88727529,0.05613320273651275
7bec4fd7e9a158f2,0.06279077582837367
bb364b5bbcd978f4,0.20078872651060034
89b648a5f0f0ab12,0.09860222262679691
63de8d6c54817aa3,0.019111960812611198
f379e9f71ba0c23e,0.08302867152852877
a4d79f83a661fa2e,0.10205312596409599
211b21d15b3b91a0,0.048702505259416995
1186f6b426beed22,0.07273102898115652
8dbf55afa93fb576,0.11280061160577456
4c37d40f77654769,0.04209696896393603
282449c18b62e5e6,0.16807880259565175
12472f1c83854116,0.13982958064803175
eb624c530d058714,0.07267294538500531
916aa0618dc412d3,0.18038060505643538
b9f7f01f0c234a62,0.157739988452124
d6a72e0c5f8c9277,0.03341514381386229
888195334e946eb0,0.02596069146159052
f1aaca6b558ffaf2,0.06803984638617934
cfd7c6655e63d480,0.20777569904029367
d54c579db2ee74b5,0.03502963690856468
3d05c28ee2849928,0.2496762901622569
88653ba09b9797ff,0.0295445250097913
270649bc52035cbd,0.03606011315303971
164c0240a44d6755,0.07689571330409205
71d79d68a2b92f27,0.10770514613207016
9bb25aadd2b3bdb4,0.17767188583059923
b3c62935a53d8997,0.06178158513901182
e850d24192f9e415,0.03483308684533864
0834b059b33fe386,0.13705504800400617
57cca7c7ea10b6ab,0.05614811214630458
39483c2d8174f1ed,0.1500982917609952
4df07eb70c71ec51,0.1690896757222235
771b30a38c390789,0.06870595759796685
65037a69f9336b3b,0.10644756334149671
97bf39056279f7fa,0.10703669550761159
1a2d12af54623039,0.07264284288643474
e649d739e4cbe4eb,0.2156981179959413
7c35e8ece8dd52b2,0.1368112425845456
4f679f800c6abb6d,0.17804298337828517
42a8a8ccd4f9f9e2,0.02688146987307745
662eb31e5ca29cb7,0.0872123736115138
39a75d0fc9a932b4,0.12600104552267988
f80b6c96f9ca16ca,0.03187620477501031
d1112438bc117eb4,0.10403425973560125
2a23256f8a1b1dad,0.11822904469571763
e3da84e292717dd8,0.058536896645233844
b3da0bcad91df631,0.1590605724331264
b7317d34b8035aa3,0.06733515635288334
263b44530f890156,0.09739958414225938
4908216a464f51c6,0.15870037459659378
d0b576af5fedd973,0.09847668185973427
d53abab056eabccb,0.09956415242864333
9947a71c07c08013,0.14521724518525247
e3f83e6765042b60,0.09397400339451316
b5e1fe2cd612caf7,0.05553347244318055
2c979dd3ae786b0b,0.030996945776508314
37ebd133842ac652,0.127563574365876
8d7452fc00bad24b,0.10791644652942717
be4d73360ad37873,0.07053804529499641
40b14de62d50cd96,0.4596461239403197
e8b95e5aac14d285,0.035088692668091434
545aeb4e5c2808c7,0.05523099183103508
3ea943e815e609c3,0.048022831750134554
9c3663c00fb99ff6,0.06454706395879024
6806a16705d54743,0.12590559669043377
9658ef3f8e3ed080,0.09914185636046777
72aca7fa36feebdf,0.09692635802180719
dfe86e43c4930991,0.1068454726702836
4f82ff5b5651d2f0,0.0471971537751865
d13da56afbdee207,0.08250735650783263
0dcdbb940af66121,0.0449052877443812
0e09773245767eac,0.0393388318459518
b186bc9610e2b533,0.16183012824916002
d54841a2e0a4cca8,0.31874918138832936
166c017caddab251,0.15525572084095923
a23f0288384f2f2d,0.12027526059407556
4886d310e5914363,0.060583457863047335
41edfc6111e88f1f,0.04806700349233968
0f33a4c86170e40b,0.08583399649175064
19bac5bcc4414e66,0.03170312957252279
88ddba34446d1ade,0.07017382000325331
a8dfc97deea7f5fa,0.12421836535796812
fbe5da4001a21c4a,0.0337571684646228
8ea535444187b6ac,0.06498115980457836
1be66765efbe9174,0.07445269500289535
05f16b595e33f77b,0.05786683745137251
3fb3259efef9eda0,0.04098457874399282
43836f5657b092dc,0.1685835224890781
26ac42441170201f,0.1596776088056674
12a4ec2031ef6174,0.06873687125961349
d8e7f33605a80ae3,0.08064932299202603
d6bde3bc380d8735,0.08643365381807903
9e0c178f3e852551,0.19303990581626332
88a6149ecfb1f651,0.07531986416580057
54a33fc8125490a9,0.08010090844657325
2930f4f063583542,0.05995107265651037
5092541f5024187c,0.047804643360244134
e78a593c9b385330,0.1067213996440152
a09be3a8eeceee6f,0.14450064756886793
7010ac1b44772de3,0.06991087291620979
49a17880c454c7c3,0.04877585655389117
4e36cc0f1383ebd3,0.11984232795586174
ebdb25864f6ce1b9,0.03938428207290858
bdb72360a5581c6d,0.11218994948719911
8c698e0fbcb6a090,0.046776954878290755
9c350ea7550d8378,0.041559297051944825
a8b88f7bb8ca6361,0.04996686310396793
3d326c98287fba6f,0.09137510365829568
f42c01d8b045f708,0.12827872691711042
8e5d62b3ab696aaa,0.03300639732617446
6224caf3c72e7ee3,0.07610594812858655
926fddd6b2ee63aa,0.019813281966089658
922cf50522b3b88b,0.13122548612700016
7d0fb10204af6166,0.1848736412200757
1a76fbd031e39a6b,0.20374327660193392
fd68ea29d356dd75,0.033479486854140816
03cc36191251ada1,0.12348208507865782
99b5bb0b92d8a55a,0.05534618393455583
aac02a9d632924f3,0.037600410878322166
5d220b8e18201d3a,0.05779998855166759
14fc1d6fe2d4e69a,0.1694102141560192
35e119f52196b1ba,0.03498763598771564
40f1234b5a30403c,0.13049782076456634
d59ccb5d557c022e,0.12743845468970408
0c385e728de38f99,0.06480622588054245
f8683477a2ab2ade,0.21109078432477818
511fe8f39056b9f0,0.07315810276144785
c99c5d897170f156,0.10516414311818426
9d753071d21e6c36,0.060239597891224086
9e9289f66961c664,0.11822107051080477
5f8b0d75fdfecea0,0.04982525375215949
9dc13c482e059e6f,0.0769957791860344
3f87fc97c66a3191,0.15765572182646356
1b3f3ffb589858e3,0.03740383518806487
5358785efbcfdaaa,0.07921912104821557
57193bdf5b9a6b42,0.12494003648043198
4ba6c061c5bcb057,0.5898790645078988
218a85cad268eab4,0.16862309755935997
f93dbe2cfff78101,0.129516004406173
a8481146cd533ccd,0.12084723366801685
84b0e8fa750b7a33,0.11208956422468981
fdcc76060f099b01,0.031569991675613245
300a47eca14f8974,0.12117720670505139
14218faebac40dda,0.06834734756167962
6df2c2d2e3c3a7a8,0.12315650210686528
73b49cfc1f3e9dfe,0.0276232912274187
7f686a76e0a43e5a,0.0945938847488678
bf81324a27520bde,0.1043768740766443
f5d463ec64cf0b0d,0.09318632971586507
7b0554b8ca04f697,0.05029279951358963
e1b2fbbaa6be8596,0.08887960043198583
1b881aaa4217102a,0.08714029125968165
c212840fd1764342,0.06120488946493928
ef314439dbb365d6,0.04207838296697838
1772dc13f02d39b7,0.10719087208584445
b9ed04801fc7a354,0.056753562679198
105a3d1544b0f94b,0.1222134694319938
78654baca9d1378e,0.2110639788172231
9bc2056512b6d4b6,0.04886928367691506
09c4cf78e2e7adc5,0.06829900321782104
b2555ae21207d05b,0.13272489948392882
ae348fe15c764802,0.060843837352659795
f0124c71b8a4ad33,0.08832884888983644
b56dc4e690b38942,0.04814469647099766
f780521ce14740f3,0.042251653632495605
dc6f043604dd54fe,0.0803211560600423
e07db4ab9d64f3ee,0.12311548238923753
8afd23b140e4bcb6,0.12603703781107467
11bdf36dc7a35404,0.04192203350879257
4996a5c048b055d5,0.14545509935230388
623d8021b7d32292,0.12051547719561695
9eaa2f70288d4b3f,0.08729353176242678
9b0054be7988059a,0.0968092551347538
3952d82f6df456f1,0.03950462402775879
8533f9a63a9367b1,0.07032099061730607
391d9fb2c3bd6fbe,0.034083987296813854
101b529dd70a1e11,0.04725683035764092
85b19b6a46b45156,0.04205336894943092
a4b17c05d90ca2b2,0.0864855814458658
194ecba02d51bfb5,0.08191521589652606
20a12da2d8890e93,0.03917046353112098
2df9214ba1de660d,0.079233442502218
bd7e307eb75933e1,0.103441775888616
5e0b0dbe5ffe6e83,0.9535794232877842
bf3a6cfc9a1f3c80,0.06338727523742943
82ae8090ca11b2e6,0.13096136646990683
4901ed9747386ca7,0.13546261223117595
53084b49be13c52f,0.14310829870142588
0263cc51aa1acd4c,0.13164038724761573
41e313f2355b137c,0.11748856482447416
51a37cfce403f12f,0.05384346931215674
df4f484e6719459f,0.046921355769839364
de7f255e061d07f9,0.09960617537180802
741683772f1576c7,0.15584249395268013
54c7fb2af01e96d6,0.17538742931207182
24c542dab399c685,0.03252742474341303
a1230bf06c58290d,0.04600278546380354
900e15461a12870f,0.18001636070727847
c089536a25834f70,0.06624026269350702
afc3286b544f0040,0.14373108026330736
c61465243a2221a5,0.14123864318203957
cb1f20d4bb93c243,0.04869682941571202
30725d20e5558b56,0.06376381450241016
94ce3e10e75f90a6,0.03867442600097604
48d0b89d569495d8,0.10977285669034756
ff1ad6d36283f697,0.05098970314229495
72be68b75d2c814b,0.039035406437178705
e4b90062b12b7030,0.14661774306578948
d6323a665e446722,0.054451164505751756
2d37f4baed1667c1,0.09571590671876304
05781aee37a18dac,0.04722374422314929
de24d558a18a9f32,0.04657696411938682
cb44379989560ff1,0.04596591540057413
eb333ca8ccdad2c8,0.05644857213035169
1d5cf29e044bf468,0.14159535296357006
172401cbfcd665a3,0.14664309189427618
8247761544773a90,0.025357185186301798
5f2c0797f7cb831e,0.040059408331551624
a7edbfd2acdf8ad0,0.06463912533470802
fdcb685349aaef9b,0.11699023149629795
1568e5a308c50e7b,0.1360651872838909
53f5f1c7014efbaf,0.08915484057412146
e992034fc58854a7,0.06012720635059966
b1fc334e48e20c8a,0.032580501928192056
ca9f6168acd90b8b,0.039221900851461954
929bd47a71c6b958,0.25895698957533225
f7ee05e2b2ea34e4,0.06399706076115311
2f3fdc90e73536d0,0.03713336078497396
b43f6d156041778c,0.04148597520995147
6b0740f130757056,0.05162259403082962
9f1200bd8ef18393,0.07661271415672798
bf0849396acf9180,0.03564645091238273
58f62b02898dcd7c,0.2731342319946799
825b360a284d4a2e,0.03345364752544994
0274228343b0c7cc,0.2028820432460649
746ca6b736caea7b,0.043320823219504034
69cadc81ce7e015c,0.05513109356839302
295dc3bdd969b7cf,0.09762822189221446
e0c7aeb2471c9ba6,0.16486965233203696
a7c128e7baf08587,0.06585097071659538
74ac5ce19092de45,0.09419313460172468
5642496d768456f0,0.15763065872030044
9568d09b37d48147,0.11312117711177222
687eb07ac1ec9aba,0.06601337714582795
1131d59f818ebfc7,0.05018683302046831
70d46c4ad271dfcf,0.08223684408785434
333d8235e3bd1acc,0.05932712203741124
f9dc0ee30937f393,0.10017947712025131
e2e48b863ea7d61c,0.10650708922161156
96ad67d29a15ec47,0.10704568270716082
998b0ea49069c858,0.03532096674435291
cbf500fe483dca27,0.04742096754650773
32889f39f5c7e4e1,0.053515088832177246
f87241418df6147d,0.09438367778497171
afed174cf13b9d7f,0.09352176264626404
d52f3c40480519e8,0.14852457941461059
67306d595867bdca,0.03143045029401429
dc439b5c79486948,0.06870805830944837
35089dcee9e9ba1c,0.04691513408964625
61b5d6ef5f241490,0.04508124229475408
45f5713dcef10264,0.08450247140898509
2a3053d58302242a,0.04426009033839588
0998f38d4d069491,0.11062673851276686
accc2c8ae67e6063,0.028613486703926477
9f5292cbd3806d79,0.0475265931879369
1fb85b95e91ae45e,0.0817415654011612
faa0394464cef2e8,0.030137716429710006
af95309c63fadc79,0.0852799842135144
b8b45d6732b08fb5,0.06494352849630876
66966f55862259dc,0.07440000826297402
608333309da6527a,0.13585963215086067
36dc5921a7d84ed1,0.0809145367788798
27813742ebfe2b33,0.08948442814033339
211d5db960ca61c8,0.029337043567177368
5b186ac0d11513b9,0.23660781611353154
832d1c008bc3ef2b,0.13157294579785986
7d4e4f8d7d40dcfc,0.04505568762504116
f0dfb22c3a27665d,0.1481481947803257
407451c452cc5d17,0.190498174681122
56928312feff0ba3,0.09616744519737302
9454541a6582c13a,0.05852235691584019
e6e2f33f21d593de,0.030067230186157128
eaa2910769614f8e,0.021992084934101926
127bd9796d970cc9,0.06738228821478867
169858f0ea055525,0.055866815042801284
47a3a9c393a619bb,0.040173573662384776
d25e98683c74aa8c,0.10468811144025571
4f2ec1f813538809,0.10794276914451892
8e5753d72777a9ac,0.060336412370422456
d9cef172341ac628,0.39360382317701625
d2c6b2e087495365,0.1449138970002032
5aab483da67d16b3,0.1197877682636726
ad319fa45d964c5e,0.1555693672516896
730d677b8c968e37,0.04627256654908447
b1e38b684248bd0f,0.14506162636495673
ccd097c32d7ca7c0,0.05664302755476818
4cb0f5de29f8b8a8,0.1249694337613036
902aa8ae7819a527,0.026352916165478787
36cc1fd78eea46be,0.1414541110609953
5b8a6b0aae157e06,0.1319394283341982
d371f4cddd5ab580,0.050177846365068945
a07311ae113f1cc7,0.13151410204267047
8ff382f017152a6b,0.11368068408702857
bfe18fe096f61209,0.06299132081037027
97f3a3f55f767d91,0.04209437174980313
a4058a2e4bbcaddc,0.1554989652091463
6dbcfd20040642cf,0.037806052859770685
42a6b3c10ef18f02,0.09011481920244604
9d7f6f4e136504fc,0.04960276867572966
0165f411bc818cb0,0.1168190480555638
bffe1b12bbe69fb2,0.11426517625120845
e01b40b1d6f30df0,0.15661510103755039
3201c568d1d26470,0.14696553327782602
0affa4eadbf1db83,0.19615908313253233
ddd3b7b0ab9f40d9,0.12887221114007982
ec738c2ec1bfcd80,0.021749429583817596
906a954f8e1fea07,0.2115792122233145
cdbfc59fb04fc180,0.1941803212019526
2d4770eef88200b3,0.034393284744651365
3d18600bcebb32aa,0.0823523936672485
3e050322f92541d9,0.0666922143118401
1221e13593768788,0.06425230905857819
e7ea980a9b3cc8c4,0.09950532747341634
398953f786ac4845,0.16903461949349444
e8efc32edeaa174c,0.16284569356707518
49f061e869ee997d,0.09218465383243797
17668415b4ad9f20,0.04874461729743184
81e71cda520c7c11,0.12772260047829131
7c48e5537ec69161,0.05742082005749281
7b6ba45bf7c43e21,0.0877592273434544
9cdc08694020bc45,0.138698103372971
60a026b4a766753d,0.08970346048322865
719db72fef47ca30,0.04652409548542881
c0b5b808eb068fc6,0.12456659727400578
b20616efa1e51758,0.03964569969289427
d1c2190b7e54ae51,0.030232023746133752
88d71cf388b60bf4,0.1309681596786535
c2394a42025bd869,0.21115729902294017
19b165b652dbcda4,0.1492559803735328
c17841139e5914a5,0.12952076869442403
5549a53bbf9d24be,0.12719090665681657
2da830aa5b2812cb,0.05613074741372159
fb36e8ea3112744a,0.07016747676767184
3dcfee7f0efc084a,0.1394308247360193
16a97d3860c22e1c,0.15835627745036188
6322b2e3f7dca7db,0.08654749323282902
a48ff3331f89fc6d,0.10226836272721615
e07a96472008d97e,0.22181272733852303
42af4fb223127bc3,0.04451014701281117
4aa484762f1d25ae,0.13521779520786464
c414fb964c9cbb8f,0.12636407930438964
397cb89e6ab8a959,0.13884088152668494
2e9d9d9e0a6af0ff,0.10725393523447593
fc32ff9c59a22f95,0.02299258061583777
5783d334ad7f831b,0.1426782993765682
dbaa31f9fbbb6219,0.04474794468306615
93eb228beb06de30,0.03237300970861757
482d6bc5204e5ae1,0.06027833974780076
7128efa4863f0362,0.09609959908039267
ba5809f410734a94,0.07011135389640338
a571eb5010a2e299,0.058086016885696846
ad6cdd09fea09683,0.15199397599004405
fa9d2cf12e72efce,0.15443719195489286
a8ae0f9ef30ce81a,0.302020543644522
3b234a17219db0b1,0.044128616154737454
25b24a0734045bd8,0.1643491061457998
771f41a483c9f8a5,0.11069264937596554
22a6c4ec274869d7,0.1128585207657494
e48895820558223a,0.05631339512277002
02c11767f29d0426,0.023802180688282895
d686fd200c65923c,0.18658771674013996
adfe117f01ca698a,0.020008227147149074
69f3b49837e76dc6,0.07640012163880325
2e72632e2ea73631,0.037410214814785396
3207b91e24e27568,0.05157457524486793
95f22517cd16a7c2,0.06967345048874954
543936caa0e83a72,0.054700498764015275
58c5c659df736b0b,0.05715489289605043
997b65e2ca34d529,0.05937637039493247
75bd9c566434eae8,0.04175894345338384
14088d0f66d091e7,0.17158099751245445
4014d97b63499622,0.0705405124997249
f9d10471eb47111f,0.13166455937577523
545fffb7628e26bd,0.03015922071992665
9c45d75bebd4d820,0.02867694137625606
f710caef77284ef1,0.15012701718531715
e4bc3c14c4f4b1a8,0.1240738857935297
392b17be6354d3a9,0.11355983056027757
9cc8d07ee090f377,0.14949976365402629
b2fbccdb690a2b84,0.1033021430120389
291257ccaccf9d11,0.12102354999861767
c9022a6ee3a5d7d8,0.038791995070528315
19a688707e160732,0.04462728085372341
84bef4f5323ebd93,0.13641053562443006
a3e5e1903e0e9682,0.06794983887790777
3b0297530613b732,0.03887662780961438
ca0fa3062d6f947a,0.14062140002792645
aba2a7eb167c6548,0.1344707665296868
7dace0a49f811059,0.11554356755061937
522ed32d9fdf2d72,0.11184748310980958
8771c418cc219aa1,0.10274989363895934
1b8f8b528f041137,0.01841396019766978
a9112add272578cc,0.08706063163720268
e722b584b816d2f4,0.1272224507477503
324dcb8fa3962b96,0.09329747656861627
ee84f939a7ab4e14,0.15050539650112588
f7a5683abeeb512e,0.05685907955499364
788dec8bb41081b9,0.03536839075240019
20880910f50c0159,0.11324913711752972
a55d2babd6ac6e05,0.03938401470781841
7c5af2b41b2f1889,0.0899711255471916
af9599e0e687edff,0.07413360936577143
96de608fb997caee,0.039568066885856054
ef99f60d68f58a7e,0.22471559072153746
59d2159096523cdb,0.24499394579346112
606abd74dcfa442e,0.15761538345285653
20fdb4917e7e9401,0.04499408235957929
a3a5ff27339bb075,0.134411464206143
b5ecb5c63b48ec75,0.20389701163844126
0a039166594e063a,0.0291981117641765
62bfe04683f51a3c,0.09796227734924032
b430c4d5161b59db,0.15653051127828338
a385f4145be5f5d0,0.028809927598178117
904e0bfdad64bd43,0.30707338722470284
0f4074528657c491,0.15537977503326328
39e4468b2f4b7935,0.09888005230731933
9125b00413b353d6,0.028154944920165646
fafd8063bc5f5cec,0.1351121592865284
6b06401ff364064a,0.02601798729568803
e5c9addac3faca6d,0.04031458124083347
d12807d748517f6e,0.06205201621776535
828de307532bb29a,0.1715663428652506
2799da617b3128ab,0.03564073003908272
7b6d6ea6d9feff86,0.037366513831178894
0627c402fd75fb9d,0.1548509897944555
a1bb99f3b749279f,0.07042502327029965
ceac2c53c27234d5,0.025882037240899904
9b3de1b793447910,0.040723400316131975
76a426cfc81a4d2d,0.13505518310605816
abac3cc21ba1b309,0.03540563198986712
4e8b9323fa254334,0.10156579208223365
1a4205578a28486e,0.14901048547397716
fa7dfc3f7d4a1344,0.1452387393948671
340b1651b36c8645,0.07982225487839456
73cf2e26157ed703,0.13395646809663841
87add43c2ce1b06e,0.11006497212174093
01717bfb5b3542c8,0.11498015042882961
70ca05c9213444aa,0.07713902714857081
0684a9a80bfd34b3,0.08649567750514585
8c2ae373e2809c29,0.05985252863392358
331341a7f1c33272,0.12441658368128641
97078c12c161c701,0.07069784530266916
4ddffb1d8861cc54,0.03665431144488828
2dbc5e3027b4817b,0.0847856194140254
8fcb717c71bb3cfc,0.04484092654310261
58ed220fa88a029b,0.02870477749173331
fcad4ebd837b0031,0.03514238572411247
0792e52fe2c9b711,0.12103428548815652
576de6970c4ba90c,0.11421535861694057
930888a00b16e315,0.11324511450707593
bb00b59f720aadc8,0.10996580695897423
05aad23e028bea27,0.08234789455341426
0ccaef7346d2eebe,0.06340330405691677
bc31c0a97c89dac1,0.12467973445581589
239478b0c695aad2,0.07789137842401092
6d59238e91d3c6d6,0.0847826536228023
02b6f6002980042e,0.1167601844215414
0164fc5fb575ee2b,0.09366635787516828
d8ba5ce01fe8a09d,0.11902022212644191
173b378df818b167,0.028137050267982217
7f5edae9b09a208c,0.10706818029359608
0b5662c2a594c20c,0.10534676193086026
55ba1dbed1a641ea,0.12891259125638682
c944ecb134192652,0.17107022067810168
3984b7d478aec2b1,0.14591214438783562
f6ff304e4f459ab4,0.16017569622193728
a49951ac9b42ceab,0.06635802808752106
4b48ddb6a65e584b,0.2019665763048212
624009526008e265,0.0686098118198225
9ca1f3fd0ed031b3,0.11965682408898128
dd7e10345355a17c,0.07175322555750624
a324ae18d57bb12f,0.13738821620453168
f3aede6892999fdd,0.06217219673429633
798f779dbd13fb6c,0.21496250917808482
21481b4c28f91b47,0.03460622307088786
8529066c088169cd,0.03055954158830608
7e93ed2093de4112,0.04912415330079817
51687c7ba8a553be,0.09760997558957511
4ad8b585409698e6,0.034855464022998384
eca2dbbd4829118c,0.14582022194115318
7a9bea3f50549e57,0.08139349670574703
e53cb4d81fe012e8,0.10263923859631718
25e3af07b73ccb43,0.06634389140537503
939b59f220b94ec8,0.06547343232249593
9618c75bab14bdc4,0.19263264479870756
2ac483615d4696d4,0.17192688686516025
b357b45b22852d5f,0.033314902939406935
eed158b983054ab2,0.03820593716583138
25b699ec3d33020b,0.28255998258905424
fabe692869cbf6a8,0.05962348030339967
e30cdc55701f891d,0.11516505834287788
4e247c59738e0754,0.09971098659627134
eb6c93bf83ef9f01,0.13038658569423178
4b2a51b89182eb2f,0.09105324498009597
920800c7a752c35e,0.03247639458382623
00e3f3638706ad20,0.08948071136552432
3b68344f608e8cf6,0.044334379320989915
bd0092d0e87dd02b,0.07965247224907554
d3020752ddea13e5,0.11682922016280184
679a41beeaebf503,0.14836114708179948
7fcec9e71dcf18cc,0.056534669932354314
735724a234bf2816,0.11523661190793066
31cdf3e24ce53af5,0.08456803641208469
58b83792be0f6321,0.17986680723093162
2a84a58cf96025f5,0.03553251788375088
9fcedeea63586bf0,0.1252784498787506
d9de7aba8c682fda,0.028820209312474077
08572215a3892815,0.06210604754603066
b488884763d551a2,0.14254064055103194
c30e80405d6e58b2,0.03955444157838989
0c86a250e70f6eb2,0.07856237256972468
a11c15fcf4597f82,0.11946612820815126
2caedcb4ee1a4103,0.24555177585843824
f91d05eaa3df539e,0.08855400274059819
8bba0a98ae140af5,0.14070798570508375
a987e81632676043,0.11714542800890454
f50807d17b5c038f,0.14317409449534876
ee12454070596716,0.11073313297689585
b6e0190c3e5766ef,0.2190244523018702
a57b30735e272a29,0.030097976371627498
ca66fe2ee058013e,0.127442219633766
1969a8349757d32d,0.11071351716005293
a5bad4f4702eb96b,0.04463516073023705
2f4ee5ef7a9e32ab,0.1819896199923045
abb1f9350d96ed70,0.066928883373814
8a663152856f606b,0.040173957096086656
5965e2be33eecfc3,0.03442950158684409
75414a1e69d6f205,0.07905883979067645
0d6362f82430762d,0.11105180834809698
cded8976cdbec569,0.1263217355542431
2f21d9cb88d7004a,0.13181545062776345
bd0809d01c93396d,0.1823028415685801
d368fd4152e904a0,0.16358301339058964
7a088b0bef4cb74c,0.04961019292809323
dad9460a25f9913b,0.19383806602127007
50f138449e3fe2e8,0.10058684033619728
53eecae41b9614fd,0.16172812792481267
c88755b5796bc0c9,0.1575643307052463
1b2bf22690f55b23,0.07485057461967212
4c0b6078692f7c89,0.09658473605885935
d310596293c8f04c,0.09359061313695344
3a724ceda4c76f9c,0.02837569432907947
57c2219b4f1a0a5a,0.10445710955947038
6069a9ccdba45516,0.08370854000742234
504a8185dad726d7,0.10355398956414855
c950477e87d58094,0.040352612107881596
9f1e86207b2be555,0.17293181484807676
69051b19215e3e0a,0.08094028944695293
7f70b72d97083c7b,0.10781919889793437
61279ec74a6d3645,0.055428480273986794
4a35368f7daabf53,0.07895505132693478
8730f5f1237b818b,0.03811127237976304
f9492b545b552f5b,0.09827939398565408
a5e99c4117b486a0,0.0660733838548383
c10ccbadcdafc1cc,0.03541460931952505
e0d15a865fdfb988,0.04685490497024221
eb916f460ee1b545,0.08283259653675784
1b7bb61fe350c5ec,0.044352502805435526
03e5516590f20096,0.06289956288222276
18e0a9eb3145a82b,0.05195083897426435
39cab30b8f09a081,0.23749748521177622
dd47b13d3aa2de79,0.04601872418077696
6a431bf1b07deab0,0.153026441200774
2b0db9b43f8d905b,0.09341428739982396
363b638b117d0e37,0.018703746630767803
87518c28a26f4d41,0.0788168269304998
3e73b6c86098ef20,0.11667567724211259
f7580d024f627389,0.049161286213775704
626946bf85055423,0.051022510223376484
1d4ec81574db910c,0.08977103693895766
eb3384eb6ec0ee10,0.036502348129781724
ba1a0a18164d2ed4,0.04356020959900662
8736a356e18687f9,0.06781236227681858
f66ad6f9a0d13057,0.06569353387875168
6781beeb2a94c80b,0.07075129347464318
45ec50d9e9b762dc,0.030617674288564
f993d49be31858db,0.08769990089911975
68630d40b3d8c8a7,0.08359399304991019
790d0e863cbc896c,0.048349195784763724
6b9f40e1b5440454,0.03562841622882868
5bd12aaf1d87cfb6,0.09936773003588789
9593f8af8e49622c,0.03644264981967711
7787873ef39eb65f,0.13931007241101462
3b43be2428bd133c,0.06232817510146308
51614174133f7405,0.10669318578500538
90ef1be7933c7d32,0.05448855644307629
b9b0bc5968838ca2,0.05433266769179056
34854ac0b59be9cb,0.11852468792382208
552972fc397a3d7b,0.08835963437667033
538cce811be930f6,0.16241308649956485
3684947575a87995,0.27784977379887177
3458934dca749c27,0.10103344429929041
777593519303d6bc,0.10873513055914394
c998d0d7e544f18a,0.11864555037058377
a23ad55fcdc44126,0.15077956413335114
628f59b52e0f1abb,0.17738414505663036
f55fd4a896009b37,0.045046659058177105
891966bf8125b263,0.07528861621446196
31a036f4acb27daa,0.09192433811225373
b329a2756c4e7e5c,0.03568488896861977
4abec7b3aa11b00d,0.08604428910066214
506d7e6eca5fce8a,0.049051186444704895
93767eb66242b1fc,0.16408410864782746
f07f619af08f71e3,0.24736281001389954
067779ad870efb29,0.05218340575072586
5772509431f3d5d1,0.10719676481260143
562161d24bca87e5,0.029109295954220404
f3e2eded68a25564,0.08587838317448203
4e9f50f16ba04465,0.04487758187458118
a4208a55db792b95,0.10058903135237772
9540d1c34ce10213,0.06776748996900947
3b047ea1a379c251,0.06373301779155366
90c24520deb11d2d,0.05422459688075533
174bf54853f8e212,0.07014454160261266
e32af9607e1574ac,0.032424565649280986
177d7eaf2ebe4bb3,0.03415382264713619
1d3872dea5918cf8,0.1777750523826343
b6641f418df5107a,0.0944207118372882
7b0a91f0c2754446,0.1307424264442414
3074d01b6d512da1,0.08182076235354913
a1ded8ab2ac8cbc3,0.05716410500737769
99d24231acc81bda,0.1548698220260354
ff0efc6b635f0dfe,0.05660846555512448
4b26bc2a5271e828,0.05046302157705864
323cc294321346a4,0.09714833416206024
1c5da1e20342a0bf,0.07786958261072235
4f414677966cf8e5,0.07578734037398624
a08962f7cf8ef6ea,0.2049263523805665
e6778d3ce59810c5,0.05021248859758047
944d32b8f9e9db1a,0.23271934296184088
e5c8bee2002b6ca3,0.15269890267003133
fcc9190b336ccdc9,0.04273094151055737
d8c0de2ec20dd583,0.08148532413519685
fb55a45c51379250,0.050183190909588
d6e81f789123be62,0.08555906519593914
2653ffee6d9f5abd,0.17787747136019827
daf885e44112d6f2,0.11696219752825748
a75fbb195a5c31b4,0.3240683844614479
d6946d6a1e5de8e0,0.06504129088914297
262eea09fa9fdd15,0.031171743127277936
0661f0f9daa76a96,0.10509878227737153
3796742963319893,0.20451354335356528
b7d31b3502739b04,0.09613419923660911
ca3ab2b2441679fe,0.09340739848912219
6ff3c95261a2e60c,0.03597490613002101
296198ef516bccfc,0.02575570898274498
fd7387d23f2c2e12,0.09387820628774063
705f7c9f6f9a1ddb,0.033250732946854863
664080d9a44e09d5,0.04093642471388686
d7bfb116b3f0171e,0.08523246586771616
df7650f2e15b685c,0.10104436493371598
13d553333a49e1fc,0.03890848811600281
d60997f0da2b3161,0.03202092483973145
e3dc5b0748d9d1be,0.3106555523332873
126cc7a3354c3a59,0.10028335327903598
68c831e307f80c40,0.05077498201782303
4c10437c6f1f749e,0.2954426033013779
4de56fff18170df4,0.050727658273074794
93ee64e43ea9b0ac,0.08933505936092899
622e27b7a834d371,0.24568529093639002
8283fa9a80b68052,0.057464679165959445
3cbb48910802e9b0,0.11175685626963283
898c4451fed60e39,0.08036447117641801
560b7b7af9fe8dd1,0.09802908589047946
bcc595e893e2a797,0.06453116133676465
cb2fa098224a9f0b,0.10003900245053206
9e2a88f835bbb5df,0.12047367692777206
07e1bd9a166bc257,0.16529359717936626
10fdd890be2462d8,0.03520269841551604
34a7adccbdf4dbe6,0.14061707992781233
5dca94f6e13922ed,0.0676276607256063
be032af3265ed2f8,0.23256605453976428
afebc493854ff065,0.02615884751436906
755bf2132b96ea88,0.02786330110511884
11b6872eb913fe4d,0.02948064042673836
5a73131a74b5e6f1,0.05490765823934231
a1445f34ce4c970c,0.1373137800461588
c84303c64f096b4d,0.10624206514453634
ee5a57da13fbcab4,0.17918543629039513
9e237fe51b937f8b,0.1160625100516194
04c0ce452fa54511,0.06964722478486696
e4cc4cfb493c102c,0.12121247403731672
13ec6848e5d8c7ec,0.06040344378227655
8b117511fb3c0bb5,0.15904093705472938
45109a7dafad71a4,0.270774258557835
be5d51769b283a70,0.15020756430108334
4b049c030fc355f2,0.10196091398030016
e1b125afa19663b9,0.08129770706161255
7f5ee99bec52fb31,0.19847539758522564
0ea477a7bb524c43,0.06706696506405341
b2ef814029a4593b,0.11372120493592514
54642bb90de7c651,0.04263279702549204
5562db51544efda6,0.08562033947361361
8c3fc61ec6b0570c,0.1224571439946639
19990ada3d732a59,0.13366274957565344
d4a097538c2270df,0.08995649021957397
a8e6780d12272bb2,0.1323877682255567
0de7c0afdf2ac64d,0.07667851216109745
ec3a682eb391eb7a,0.06863927153270005
de499b3d3aa77620,0.06089382992831453
bb95d7738f26c137,0.06941531649389551
76de6c48fb303a99,0.13898092465272674
f54db052a2c1bf61,0.17228977731465744
d2b45f024d0f9012,0.1437167621602508
26693e446f60e43c,0.06337021430316225
00fedb2a014dd220,0.06956719463970848
8b353042d65300c8,0.06961381722081902
90c55b1f3ca98c5b,0.030817531519726143
b874c35d79d74f6c,0.0963198069436099
d482eb847a0a40c6,0.06257886533443408
fc4d3a97478802f1,0.08378753247350251
0a7a2b85838db506,0.03125125048620978
c697f27fe38b040c,0.047181832497582545
a4d2009627d556d9,0.11364204756772822
1c403f2124470ed4,0.04818114414748954
33627e42df750fa3,0.02967889412620175
ba9bd925e360f225,0.06823724995502607
ea28b791d0295ad0,0.11939984065641003
d149d439304c8705,0.038639007007974284
536b709bf5515eeb,0.037894765922542685
88c0a8061e7a3795,0.12720112134286715
8764acb490f19b62,0.04203785530623077
417f76acebadcb48,0.16151922173472288
475869c5be3c507b,0.07550218625549102
3ef8009767c7fa25,0.18244216930157242
b554efed5fb706fa,0.15449070924762115
84da50183b024285,0.04923460602309237
a4b1d18f46aa981c,0.03603127967324762
9b47e555a004cdae,0.05906512351068325
ef262814960ff13f,0.12763766493090128
5c0868ac8eafc7f9,0.06786173194073182
db15a0f6f796aefc,0.029450682407888347
9e813d48e7fed678,0.09367066628739862
7e45e93f027eadd9,0.14578840661769324
bba24189518e4411,0.1542601939646087
80cba429bade3fd1,0.03374297815424488
ea2c64045d0a1c12,0.13739168441587735
6eea65bf31a2bde4,0.033915656322595925
986a532aee033e7a,0.04817626690822536
d254bc6437766f3e,0.05220925949737702
3c2c4044a5a205b7,0.06759307630621696
d1698b7f7ce2ac63,0.1497817328412195
5615043a1f36b137,0.04487610019772155
fcb9321c88377fa5,0.043481361603348485
885250c55edfcb6f,0.09750813883095098
f48232723a1bd05d,0.2158931240090733
27b4eb77530a112c,0.05538106689436999
98a1669bde0eac7b,0.21467401224784285
c85cfc3341c8708c,0.05594721261118181
8043ae38af9b3ce5,0.12986389730966996
babccd7388fd8c21,0.053138561170097964
28aeae730b623cab,0.045067784838994276
4bf1da87dd838f3f,0.03035241000150267
8da93da167404e45,0.10675664249106426
4a0a3077b5581645,0.08967484194290526
bfa2d19017923568,0.10425470398450365
5f6e00c966c5f59f,0.15344134415158062
52c9dbfce9f1b95b,0.032884673254643594
cdfc3b9f626b0845,0.12483616048161339
5e6ad4f66342dce9,0.11013439478601177
42b0a534c0da50ab,0.047160248253716744
e454a16a94a43530,0.07962872770247431
1b6c9c3629bff42e,0.17481015847048723
3d4ea2f562e04d67,0.03793005289057223
e5e88946dd245e5b,0.09262079668644779
7c08fe11ea59472e,0.11446323358763752
48716b8ef3837856,0.03831125188302838
22cb220fb3d03ef0,0.13942453426586227
ad38c3a4c4f92dd2,0.03585080536015907
439506f46710d418,0.09609645637083089
e6d46d90ae71b635,0.08640488211095557
cc306ba2474886f5,0.03457800313089558
c3dbfacba8b29888,0.045982247186657346
3349746bf536b40c,0.0512648866781874
254dff7f2f5e27da,0.03898283119054026
5f715d9d99d8aef8,0.12803427891924613
28877bba74273a2c,0.03188698990602751
0837f11e1dc53f72,0.14425279284459055
700d9c6e6406ca13,0.132122090434814
6e0d475eeeff64fb,0.08974190965068363
36ba7c400d24c8ad,0.030454519942432354
8c371f8737f1a2dc,0.575387392240984
163b4afe1f475ea0,0.19859218030011686
2e2c632a9af9b807,0.19599329282942232
a891091666dc0643,0.13557501819837203
a990b188a8200e9e,0.034712456136926244
e0da7835cc3694da,0.14161524406686196
6965bd28dc460b44,0.036139697887742586
84b4fd2717d4bf2c,0.0442533949089489
0544118474e570be,0.08268783511881428
2437b2d4a2e8ae82,0.3232634648286811
647299fb2ba00e43,0.03537627637094737
7372537f1eba1dab,0.13919261658024254
8854c27e996efd14,0.07063174197561906
380235b034a986da,0.17245506252353582
a2d407f16ff373fe,0.16669702024392613
0ed19a3a868aaa3c,0.06082705605611427
c173b6242dff9b1c,0.06931424214195589
2043889f64f744b8,0.104937391703183
19989bc6ef928517,0.12604888112347337
d0665c65b0cf8d5d,0.18549278645020525
2b072792e895a81c,0.035848005372502725
c531857150c9674b,0.11590611102101064
bb56bbe97134a4d1,0.03885462744381682
3e062b6117c4918a,0.06475395164076245
a58a4c24d35bd7fa,0.1265306498622582
4ea7721e8c059b2e,0.062434241466163075
32a75809119cf7bc,0.13315617775786986
e4794a0287930fdc,0.0634774952223567
028903129d296567,0.10373912053126579
910a3bc19a45f893,0.1070533719413243
afb4e9017f94d52b,0.030456638182890586
8c75ef81ac907000,0.09115475843209861
de995213b69871cd,0.04312639616832393
593b54413b1695ee,0.11452030447699822
d68b798f72ec2a7b,0.03567429709584261
2abd97afe8848116,0.04067375013485316
b80ebde982296428,0.09047464975171288
dbe8ab13dd1f44f4,0.044375045992666076
db6b5f2104046f55,0.08654533962607357
1f67c146861efa15,0.02612240518156437
38f490199f1306b5,0.0652368289396695
dce69a47bd1feb56,0.0691189938888321
12cd790efb4486a6,0.1281084892186779
d5806dd0784560a5,0.031255534570005
207f45be2fb83671,0.1264443191549563
848e2c11fd115b35,0.11366344079881892
0f9d093c9db25458,0.10231789151378469
13e9da15ed290868,0.09259955538467825
8c584f6c1538beaa,0.017298149123187553
5fcd3e5896568513,0.21111067069311515
aa1f013ff05a59f3,0.08454904523937934
eb2bbf6f740d132f,0.03171646420571324
51fcfaba58d7f511,0.17696136752712233
abfff37a1f178105,0.1764057832997826
918258103a71c3ab,0.05078345058142009
99beaa8c134356ed,0.11592712616877734
f3d97c979517c08d,0.12172676389253718
577a00d787373595,0.15842320966491238
d71bd663eab2681d,0.12449192864564795
3b59c956b239b3db,0.04105151234009588
9115eeed93f30a1c,0.061503845199862975
3d992bc625e7dad1,0.030799152112780497
4db07f6033192f9b,0.04242793492069835
a58a45e9afd5b405,0.12861047624887023
519774a276bdada6,0.14285171186698586
50bc50ed77a01d75,0.1056177726789665
d608451c67dc5cfb,0.07061113747924672
2856ffa4f0a1ce80,0.10158663410344086
2bdff8f74778c4ea,0.03584647737433845
068acd67c99550cd,0.13119751198517837
6123220972766a4a,0.09446526280571532
c4d534fff3fc5628,0.10213785589726865
9fc3fdf14ea045ac,0.09105279571881497
3f86edfd0be75ecf,0.06350221116203647
c36573a6175092a9,0.1370293151563154
7c4df8c2f29666ee,0.09640700022583058
3c791b72118b74a6,0.0879382270652898
747b04b604c95fc1,0.0488169720259499
e780dca0db5520a5,0.039733092139988185
af83daec6d450e57,0.09624524802101955
5d4ff9f52e2e4f34,0.1771864168657172
b2b8e551d87be54f,0.41037993764303554
203b6e0e0fcaa971,0.10666476795703979
eb36b4336605a7d6,0.07127040232743379
14713adcc060333a,0.1038731039117559
251c0c9a3789eff9,0.14617850413740127
0d0e059449af50d6,0.05616962431347368
63b1850f6f5df5d3,0.05608745379084104
90ace0c383247390,0.036770341309212196
1ba1d1cb2d6d1bb9,0.0662749602843132
dcb2cbe56ba92129,0.03745909665409614
88b8fdeb6d82597c,0.039209875845370154
0ccfe20a4b77ea6e,0.03516329715646603
3482a5b15357f00e,0.03576289217585818
6d71348fed8b9c4f,0.11981825500507433
f8723e3306bf7c43,0.3618484733527153
7ef77b74f9baecb6,0.04937243534995932
bc80f01834269376,0.05745146127959744
18da383af4fa3cb8,0.2480320322989059
b474ff492fb9a94d,0.04013743286662104
d157b8492ffba0dc,0.03813656347138527
cbd2d4eb5123804b,0.1283080023335969
0f9515404031e965,0.05763835550077129
4f1dcb8a1669a31c,0.14419476509027981
28c27ce346a7a7b7,0.15226273885946326
58928eff8cb29089,0.08810679933581791
8069cea0e02052d2,0.034289486144934406
3b583c05db5ea4a6,0.029531615802562274
36384df41240d0c1,0.07844095173370752
15e9a245d6d06a3e,0.155673127103049
d2dba561c29b817d,0.0937074905034129
2a507f7014709986,0.15623378827641127
a27e43abacf3b1f2,0.1768308944953988
686019b683e849d6,0.1761939036131691
9a3663eadae7822e,0.10920821226389882
f4857bb0e0b52a47,0.07608524406727685
29f988f929e638a6,0.047273210092720196
cc08f5318b40d7b5,0.05000127959175023
3aa8c59d9c5dc7ac,0.11163148057420393
eeeb124ea0b0d51f,0.07530428018627558
c422bdf822a0dc56,0.11857198891180742
98269904767a2636,0.04926376064243693
e6cbd02151c72662,0.16566656597367557
5e7bd880681d9f61,0.09152516504489815
fbe456da262eaa3b,0.13511455242253917
dfe3e7968ec080ba,0.10296423797830197
0e9ef351ddbc9ab1,0.0567103363640466
2902b3339eeca5e3,0.08289298797265765
a7137a063b883e92,0.12302341091078556
b733ad3dd8899d06,0.06594584799670809
44fe9234ab115e2f,0.22183493496256784
000b03fc8664c7d1,0.030907843063135276
9020a01496eaf633,0.12002747266698677
53b7a21b0f4cc200,0.08273621650112678
20cc306cbb1c6bcc,0.17760726576657476
debcfcb981ae0125,0.036128400321315896
802bd1039c3e6a1b,0.03559982039417832
5f5c21e0b6a4d4a7,0.05118006596772473
4e1d92bfbc009b58,0.13803095487156228
644c03f056f3bf9e,0.15376611919046954
3b4855d86d450661,0.03279046930456503
dbe1c9a9d3e563ac,0.05591162728807453
2fb49e6e63bbe8f6,0.14639184740619857
2347ddad2e1b095f,0.07016843454635359
e315a627d1ca8573,0.14350696159173562
0558a476ace81c15,0.08719239962569533
4426fc96456aa43d,0.188493454510468
ee5092888f963b26,0.05620353155175677
57886ec9ac1bcba7,0.18049262393883397
69e1947ef1a19192,0.12819862077795952
af29d6fac97c87a3,0.06405419729384712
6952926383750b48,0.06862428614032409
b6e14b919c7ad1f2,0.05514807283112745
8d09ba7da0267580,0.14103938896859963
40e7e13ba421c25f,0.046833797076179476
c3d8677083122b80,0.17383196141590018
e41366313db49145,0.04372648107347468
ed95e31015c5959c,0.14713551214089304
64f0bef89a702494,0.03597703596347592
81918dc774b899ca,0.030263162762840495
dc9dc895fc8368b6,0.09070976608563103
ea0dcc9add9ba8c9,0.10344347440413298
c45a009981cf2faf,0.1337919069210546
ee4eee5c2cad18b3,0.05799079081364744
4b8886ccb99d4b95,0.07056522451041088
a11b7637d21059b0,0.0420193332288861
ae6bfde3685ef5dd,0.03315439259137942
095f96ba3b90f727,0.10596735199877827
c800465fabd83658,0.06321213198135879
c75993f60039bc22,0.09384200626549899
15b2e13c51d54758,0.07438720342892445
cef343af7e936391,0.09000209438245058
bb9e37137f42fad4,0.07536912054224676
b6f54b152f0f2c28,0.08509438127229896
54548a1370ae962d,0.1187370523971688
774675091e96f38e,0.0358285848778537
64db0198c907fdc5,0.041061121899246204
ee3a2eba79a61cd2,0.04545653324048265
d87ea92ca2504e8e,0.2038274627097887
493f68967d2931dd,0.10563484301406131
33c5bd3953cad989,0.07459117434237461
31719675e9834500,0.05142661322107406
283d0d3d8afdcd48,0.13839764261318316
0954b46131527b56,0.10205415694488691
c7f99cdcd74ddfb2,0.15015109839857393
89e81b0750c67025,0.11670812585062396
ef2e114a293d6051,0.0539359890550844
3eaa82eb74b0d2b9,0.2279258090836553
f115b5827c53fdae,0.18915973657673008
5b981d50572234ec,0.08101722024053158
bc2a7ac2fb6ad312,0.1459109655454296
cabb5fa14742de79,0.17428063894799506
9dcd899d3120d04e,0.03433013941687739
5bf75dc153469005,0.10663167910735614
a99c57a3cfd238a9,0.21227471806131804
7d3c73f6e6251236,0.11247226486867976
79c824cab095ef0e,0.07696746954647937
50457f03b19ce000,0.13368587775749113
72ea29c850f97747,0.0634017140172131
949aabf35ccb0c4c,0.10487378035594594
bd3b7b9b5cc3a346,0.08143366145191626
581ae7bcf533000a,0.056618728814371466
f944b728b8eb9aac,0.0903962481393492
6add937f4476df2c,0.12026495356159897
478be273b158fbf1,0.027346703929281898
43c1856ef31d1073,0.1639795661281802
8f97466fd3810c1f,0.053195236518191163
3ae22b8a964781ec,0.10787820182365876
82ba55bfceb0ffbd,0.07901572920771227
5966bfc14b304d05,0.09936916837865997
eedd90867e3cd9d4,0.02165727801379988
99db9ab5fdf84102,0.03223007733080802
6c6761878fa11c78,0.09891274567272415
731bd2e8496a9b0e,0.03320726814031968
9f1fd83e49b82f88,0.25425690887438274
51a2cc12286941ac,0.27534912722308824
7b60067efe8e7c4a,0.16690555897103
7ba8d7a5a2f30106,0.1823568702648004
677aebcf5c57a29d,0.11314145968541683
c2e6810f10057ffc,0.07189680027283456
f770bf49e8b32f7d,0.11951393788828592
d999d97cecc80f08,0.11783174534992388
225695249568ef3d,0.20063203534498097
64c347ce204607a2,0.14492889987317809
8b972fc1665f8aff,0.04733642096530151
fd3a180f558ad235,0.1356133169315214
f24ea2f162b99780,0.13296517592195228
71edcfb193fa3be3,0.1486068534865331
4507c7c846e862ed,0.059107561998054725
ac51d145f495fdf8,0.09978820162665825
3ab5c54552e9add3,0.1430719101031096
0e545a1fa4aecf83,0.037925565131776334
19eb7f93e53f33d0,0.06884691101053156
f4653f53352a740c,0.09353910921374159
c716d718820e66c0,0.048618195029831536
a8a2778b42759e84,0.1221966134496893
d632ca08f997e38d,0.03928644108641632
47c56ea6034205ca,0.03234123048434423
f436395245784b88,0.1961887625717485
ddb7078278325022,0.04827554371155838
1c24525f31c1953f,0.1321699434671266
7c7e6ee56d6ea5c1,0.17709247739234774
0e67b9cedd55f492,0.04531660957643032
a585afa6cc802221,0.08291509070709939
132bdb2d81abf434,0.12434826022186538
cdafcf3dcd774b36,0.11494629650857612
5694f780d2c8e463,0.04265475303946749
317ba4057a04aa16,0.16361602933800357
a92ae25f2defd1f4,0.09275581046431491
ff0073be9d8669a3,0.20692588092024025
2c4d6fd16e7da4d0,0.10966690020840775
e8b93ecfcfcf69bf,0.08225489272171921
aecdf632644c9922,0.12377394499561778
0f4ac8759cecccb4,0.028766056478494232
ae0ed79b3f56091e,0.11088238032851193
492dcb545fd160e3,0.06184443346469107
b6feaae9a6963540,0.05964025405770582
10bc80bca38b6418,0.0877623883022782
d8bf52f15b58b474,0.03531739813168624
d590d13d8a0daf0a,0.09877531111250722
bafce96906ba0c73,0.06122623198690351
15a89b9d9a174795,0.06977223094084933
3c895a00e202bc6e,0.1457164822135441
62100baf87d531c1,0.11517894496749126
8ea52f2642c87cd9,0.06894713500792113
78bf3db367f46ea8,0.2188426545005177
7303626be6419b04,0.14295911583112345
86f2e3f9f88bf00e,0.21272607977159025
39921131b7d48cf3,0.17041148706832754
7c06255c489ce455,0.20649858560827505
2a0f68fcd60099b6,0.14110828221150346
968f899504b28211,0.1283857771550772
98dd9df8fdcb29f4,0.07516336504725352
ed55728c47c8b666,0.06129802034113739
0e54abd540000681,0.1972416501801227
2687ae2ad26c6497,0.13392884582466252
afe3e3f4edc8f7b7,0.07407910142668642
3d8ff2a3976b69b9,0.13303382621528564
13e6deb5f77cd1f5,0.09418173166213037
8c8711be796262dc,0.05797952388509067
8eb1ab06839664b5,0.07289523349240787
dbd58b32bf776c26,0.09318604878856271
4be0c2fba004271c,0.10337391446760674
a0f6b49ec1b86bc1,0.2251169944977339
3b33e5fb16341fe1,0.1240306892655124
d39f326ae61cb937,0.021470878864486665
00e28c2a11d38c61,0.14603070443502686
a55c74a9759fd56a,0.030533619886807528
8bfd04b0788122e2,0.5781614767161026
895776a9cf9c8d43,0.08121207125320352
7ff187535e206416,0.26632613835574315
b2d991e4147a68e0,0.040628063700996864
b62ae246269c58c4,0.15824086522575237
b8af731f19b5c84d,0.024262417320627016
19f5143484b38101,0.11242568002802389
982f6a3f1bccc6d4,0.054602622869784574
2cdfb20347feec4e,0.14888320158148932
5b2d62e736467c16,0.05655510071151915
f85bf07959deae92,0.048430485085367514
8e923fa1dedcd01b,0.07874325074580124
93b3dea6a99fe31a,0.07824648526467416
8bc3af23b3d5ba85,0.053347637326408064
91db39152bd6ad50,0.27498134749966946
d911a9c74b505826,0.12739540321620652
0e53e628826772d6,0.05398769189626877
14d7b607e5e3f0cc,0.06170063303020622
f3e8e3469f0aab7b,0.04264849099423499
b9c36eb092bb275d,0.10466315665632164
9cff3e265921dfed,0.1773512656177164
585bc81acbe5b1ec,0.033262656837194496
15f8e68c7ac23dec,0.06710700737530033
a37b05bbb09f8496,0.1786701205540873
4f31f80a263d61dd,0.03344228439396168
6a3987a9bab31c44,0.035787407901805506
9f59a5ca5ae6d119,0.07571229020929338
afc6cb824b3596c7,0.036819775028291014
64dcbe6f4ac8de61,0.21510601197466753
1fcaa5c3533f63ca,0.06324977886722613
a266793e0c2619d2,0.11743746886146139
598af3378495839d,0.0910397656011519
b40ecfcda1506387,0.038451806905668205
22537a4c1f1cb22f,0.04913448205352162
8c5b78cda30c225e,0.1053478792242256
3239189122d043fe,0.07690672412348026
4b34859a41dd8627,0.06560874187461944
7577c8941b2e888b,0.04774537033349671
8ef15229dd291883,0.03550917490086959
3332780ef14cd99b,0.11678571655077424
f93d1a6ecd62d897,0.10777518146729287
9505f55ac00dbadb,0.16980143394547298
7c1831bf48bd728b,0.021220789663133736
17cf81ec2dede54e,0.1344198097448572
e84c6f3155ec9762,0.51257419906458
e894ec9e0ac2e7a5,0.18779543707937513
c307472500eaf782,0.14416810076030784
96de47679c4cb6b6,0.03997772729068813
e0dd44e7040c3168,0.08232395548528122
bd9e6bd2fcf5a54e,0.11766976052633882
0382e0d155285962,0.08367752397308537
509eccae9abde09a,0.17347728129161807
f2147e0be04acf5c,0.1196181308778723
f3a6b01cc0938196,0.12964850389251384
c1956069b7309004,0.050993276572764173
2292dd5e617286e5,0.10792236683434978
3644d81639ce9f29,0.16597764266168658
4a5bf3e5c85dbfe9,0.03955983610485861
095a4f241c64795f,0.2040401488292738
aa45545b6df75be3,0.11994974225622665
ffda21a7e2973492,0.14624124218725207
662adc1ed3e8fd43,0.07719048667793543
218ae6cc5968ab6e,0.18581533934855718
316379f30810e1c6,0.08142412044026404
eef8a37b8fe20ec4,0.38284104574817884
d9a0aead3407db9e,0.10922323442148169
f0c65e7320950a84,0.11138539168525574
4625132a59dcda74,0.2566338240043756
ab1c8b0c3967b656,0.24777707728250922
f00224def382933b,0.09753586424213893
090051f10ebcb768,0.07569266245722715
2a0c37f157e82f1b,0.13078969773409757
61914ca3afe42c15,0.06494043473955198
a9fc0e9ff5b0e706,0.06660085788176771
f548f7ed3074067e,0.06278566032858528
9aec70578372daed,0.04682517971778245
fbb0734a4e985290,0.03730378148526292
a8cd11786e7fe2b1,0.08973395129589634
6a4338f210f336ad,0.05445090993663572
cdb63c81014bd072,0.06132451286397799
2c5a98b60450efca,0.06782815633682897
2337a75838293036,0.038546260216341555
a0ed386ea018cce6,0.08386173100239769
db76609f02b3bb31,0.10584585761895779
597bd387a63987b9,0.17246904876501482
bc7571c47a54ce9b,0.06387617075699487
547510d3ce221301,0.10799085548761865
8e84181f60b3ec91,0.06764886773915799
13880ba898b8f597,0.23824476264891503
9ee1fb0201512e8b,0.16953664091040324
48aefa3d80da5764,0.07060322638755497
498d517a667856a7,0.0916648113443174
f07b0e35881505f2,0.051271975852630894
1df225f3addcce26,0.03657279622126803
84a772cbe6d216a1,0.059129793757158294
f0e4a70f82f01004,0.10617268063182601
3b639af3777f4c39,0.03148747173883279
b9f77a4295400abe,0.02812113133730001
7d646e2fd78953af,0.034158765790317264
4127b246e0beff6c,0.03533365911153736
2321d1fdb21c809d,0.0559909302807179
9936f8d7184f5e10,0.029994337829720726
e2e9ef0520d08656,0.0354231804880558
0aa9b948dc8766c5,0.04604271646011843
d96df85b5160b1a8,0.05631078700267723
3bef9584524abbef,0.1171703434649429
806989faeae50571,0.028191150793588873
6fedd263e1290110,0.13939361864834532
5762314e60a560e2,0.20511037750309719
748cd550549c514c,0.07742337229329388
58a8e997e2757de6,0.03406339449085982
c13887db4b2ded8d,0.11756715310960623
eba0106899e8fdf1,0.15416918341865146
a947c7f89cb176bf,0.1961095442693054
4ac4a17692a2a70b,0.08934994213162332
2fa4409e1b6a3d85,0.1769706319216766
a783eca691369f3a,0.08642371580238192
e6e45dc137aa0511,0.04235021564240798
c589fb4e517e579b,0.0966783641922971
0535f48557a68402,0.12183181539164277
48e423add1624f2d,0.1313390055027855
d20110b1a6f20e55,0.0432729741289664
739f7cc76c78d0bb,0.16346567270753387
2d439083c11f62ae,0.12526844918550656
0c74bc780e465296,0.042457595344481916
52294576789c8ec1,0.09671977149603653
99b2421c51d37084,0.036545875701903395
de49e465a4c970c4,0.24342730022426742
4c88fb93b8d12270,0.03367414344854418
dcce15e3b59d9796,0.03858233110742433
b8e0e09067432f1c,0.172921319433818
962f882f18c11d46,0.06187110384932115
34753ee28116af4d,0.11541993902219058
7c71a6fe87ccd6e2,0.03496847318485219
7ff97e6a175132ea,0.10849046072646563
d84022bd67943384,0.11393682775637207
c270a677c7614aa6,0.07798171410303631
1266e1b58e87a761,0.1268737823066534
9fc631524aa3372e,0.04993255221696034
88da969d80daabce,0.11655040686592312
9c5cf1807334358b,0.05968223446910228
0e5706f9560fdbf7,0.05958594770075708
d9db7cf658a35e31,0.20166177076120773
38bb0629e63b6590,0.14244593644845777
726236f75c9de724,0.10464284098416611
47ff559912cb3714,0.048942807493027506
bd567ce69cb8cb62,0.047081318668203594
6b7338c16e1db627,0.029985947029286687
2e47f13eecf939c0,0.06164591248569806
7e001225afcdc58c,0.15485165804822532
b0ba287dc9f94b2c,0.12862947384572085
07be300260466f0d,0.042732428204425944
49e2abe2ca234745,0.16802964865619352
bf163922b4b12745,0.15153145047297875
aef9d385e9ff8518,0.16468194528819588
3e364e82bc780650,0.19943978850095695
393a9aece2867c5d,0.06368844153790928
b0519105b55d4bc5,0.13481805648037704
c5a4b1418dc4e412,0.11799674582100937
ae000e40b4cdbc49,0.05682704225772145
bdb4932474ae13dc,0.18693312401697204
54ab20f1339d0955,0.0706116005500923
bb6cce3b0b6744fe,0.04582260739362594
0d04ac4d48d1e700,0.19912373128040162
6e3f51731aaa2c77,0.0758560752822031
783b7b163b234e5e,0.11546660468893233
bb6501e8f6ab95a2,0.036466998120534964
e5f20b7a540b7472,0.06501576850986959
726e2ec81830f724,0.2593280349619398
e8dc50204900e975,0.03575787840454291
1334006b9c4f4ffd,0.1904689319363297
3553330b5c7e6092,0.11224055126202169
e1a3e161c8b2e221,0.07222700424751569
44e747740cb4260b,0.029550985832325512
00202304b4481207,0.15267434079029543
931eab5e85d6e3fc,0.03244755319455304
e4b8ca3da3eff8e6,0.05159797883651732
103e5a44f9c30ed7,0.08496119429870316
448d40536e9c5670,0.07286572168707753
1b4d4b42760e781e,0.2736087376579106
e0b110d4f6844bbb,0.11702690392253705
0d928dd7f13b92dc,0.11818336451058709
1bf6e2dae324cf0e,0.10579681376261686
b2a17e2a9337f111,0.23129791953768036
564d7ef8fb681d94,0.055894988755239475
a2088d882fb6d77d,0.2061598908371877
3fe22caa380445a9,0.10109747288020629
2b3c171024a98155,0.2814904090557747
2014d23cd7792183,0.12012250735914111
fc996643d63f02d7,0.042892800707312016
c8d5c605e447f4fd,0.07310838978210704
634298df42266b22,0.03932750367092256
5c8cbaf8b4d39f57,0.21768309502304573
a688ddfeb76eb78c,0.1658731418936163
85a12cd29f47007e,0.03815596959585106
a5e1a3f8e312e1a0,0.027766902248902856
29e076c93c2b7fab,0.15233645598042198
71b7b90e9a0b70ae,0.14166916276210906
11583aaab15330e4,0.03187784795925195
5b34705855c1c880,0.09121168296145
26361ce2a06897d2,0.04365024805224465
2be888bcb74be336,0.05937815943726701
fd96abe884c43d6c,0.1478559755384486
165fc0b6a160dbd9,0.19567305758680975
b8c8c114a79ff453,0.03620175063307672
e22746fcf084642c,0.029922330382067753
3fc60942cef4b9f8,0.15792623679096066
c78a85aab85debf8,0.10172478033153648
9c2166227724c80c,0.032288976495842295
e0291b12205c2c68,0.1613055476634739
307b5de4b89748c8,0.03235152797067314
b83469a7d7ed138a,0.13985268424326353
4726c5e084cb6f1c,0.11163446934306884
33795c308f648269,0.2686250872252735
d44b56532551df1f,0.14458157092105767
7db689f550f62666,0.06764565429655019
c64b1df6de24f982,0.039913453351216294
d9685a6aeee511e7,0.05212364075553546
2c867c13048a2311,0.16054701742259453
b3f36f5f67857959,0.08004420151504256
c8dbafacc0fb77d3,0.08904271596525698
3a1b2137777bcba5,0.03359166275173163
c9627e77fcbdd360,0.1193113885988194
cf4f6641c91382ed,0.08607235890502565
fb519c3fdb753245,0.1717434805754761
035449e62c90677f,0.09269652384171645
5201d1bc5a7cf0ef,0.0864310222800942
01ef09b451cbddb0,0.07647341329336085
b98e367af7c0158c,0.04089458999099796
bec6844244ad0aa4,0.08553703186233702
ed82262b135c6e4f,0.1401370160997002
67637bf7061cb7b0,0.03893181752765245
96ef8b85b60392d5,0.14147828745342808
fc1b0a61b9dd082c,0.21428583554652056
c408b4beae948cc1,0.05841982067675562
f26323206d284ed1,0.08706879859853063
9214caa6c1a0dc02,0.04637119776076151
591a28a3c195b6f1,0.14030489776717536
9cd8a8ffb7a9e96e,0.03535929819484293
7ce580a49450111c,0.04698265557037959
abccd8c43775abd4,0.04267560180998815
5c6acd44464d3db3,0.241542144644966
b0e58b3d4a2a773c,0.20026996937219776
eff75fe4ffdcb49f,0.15714225157708248
06ac1908fb89960e,0.15203144422111958
6e61df7259588c80,0.3527352007586161
87752778bf4206ba,0.09650880692696234
2fecec0b55303222,0.06431237870619824
d57c0fad9eabe24a,0.15485276402703707
93cc7546b8c345e6,0.22248705263066823
eb76de6938c4c38e,0.09854131081034122
0e733a579e63472e,0.04726906201740868
e7dff8305acefcd5,0.05381273784518167
23423479e34fc441,0.16642282777422723
3f66f582c2bdc24a,0.07237767251855037
d312e4d7fce5fa01,0.09653934563806062
c04cd9fa54077b8e,0.0604718566967105
04b68ab2f6458e33,0.07552381741626152
35665b0fc6847811,0.13732884000258683
9028f284365c7863,0.06562065308094525
fa23926a88284b39,0.2830077112471046
ff5e27f506ba1ffc,0.10519803032421754
e6a04e92205e9e33,0.13522927796167483
934c2e26775faaec,0.03830361478966188
35403697fd72709d,0.07321992184417321
fdc814fd85f237e4,0.13187686929624043
bf4ee2f20859884d,0.04489599754366994
d2d10af48a354c4a,0.10381298144016118
a38e463e1b086d42,0.14521035885121175
ba49ce0117002110,0.06943981599507992
d5393f1776772d2b,0.08425402463879232
80a6b6e9f65aa3ae,0.09917890277881604
d84698a77b768899,0.036363202362810834
8d09ae0709d01465,0.17082129086375308
0ac53b64e16a0efa,0.29000825267144226
a632a91a07ac8406,0.1046915840992922
1f2437c787ad39e6,0.14978739304009087
beb116a0a3ad4f5d,0.16599823614406792
c38f343ecf8e9527,0.047497183332504356
d04bd8d61ac99c5e,0.05604962657214189
6a279faa81d0684e,0.0734540157956641
1b49b1154407ea05,0.10934313634508852
b71746f211be0a24,0.03182215848110978
bbe0b7fa6d60f17d,0.18668540179402382
c9117e785fa1cd68,0.030951888308347365
a700a6b3a689a18f,0.0686941037684764
d998a004d828aadf,0.16618835013314814
54cfb8bb56897eb5,0.1488874988426336
bafd504785d302a8,0.20993896701029835
3f45db97b95a3352,0.0529567860249604
2364a75ca729f899,0.16587644896022252
9387acf4770f549f,0.1228714196117336
a434422326289b00,0.027117512711810884
8bbcd05afad8573e,0.1832858912503588
82fc48f10b8d7cc9,0.05035061416075351
65dd24b31c0c4067,0.10230138091371585
b25ccb8b682acbeb,0.11268666179351354
291117008b4408ee,0.10220809917691204
aae3422dfbb55bf7,0.119719193110919
d436224afb38b7e2,0.08263872261106282
1287c0ffa2f14635,0.06687002092548662
4feb7edca163def2,0.1711063255495049
00df2416e72cdbc8,0.052890970421684114
e51c757048ea36b0,0.06878910018474393
59e45992c3fccfa8,0.14805697446404548
7b44475e4e2e3b92,0.13693447382033086
be457ea8112e2391,0.0928861243773278
1e4fd1293a611d2f,0.13462059810751048
343371989bd61c74,0.12023153772919037
6bb985812e990044,0.05871343835729675
c0be9996bfb5270b,0.06742604121380215
bb367ec1a239b8c8,0.08830549231590538
91fc9ee0920431a2,0.03308111816435803
82f2985fe6157914,0.05030637649646556
eaad7a9709bacd50,0.08590859386645464
1bb729bdda8eab4b,0.031793519090097144
35320f198f2157d7,0.03970864924926992
74cd9018fd2aa194,0.07408653395972546
fd091b5e49f8138b,0.09580689116931601
917e088d530b042e,0.16298833633901122
b0e606a7344aea7b,0.10613758835482537
c220230ca6b46d2e,0.0687951363332513
2174f0850e20c2b1,0.03703971587066846
3bfea4a031f46e50,0.04292046837606954
22199945c8b6f01d,0.13928475922093098
efd4e993a8d94f5e,0.06695121747603493
acad3b0b2e72b212,0.0899904057499191
1a33438ea9b6ba09,0.08910673463117724
c9a22295bdb2b49c,0.25477634302749125
0a24b5a0c164f36d,0.06683047582791464
12b662eae7ad89fd,0.06939969788934934
788a4a1a340ccebd,0.15679517646193492
0b6ebec97e53c571,0.0717398429926783
be4269de80d8b34b,0.22547300195833292
ae99dff2a596c7fd,0.13765273079080537
1cc563af87248566,0.11957166545953246
95b03e2a8add3a08,0.06783420788946226
bde7f9ddcf827170,0.03630494492705041
e24c4af855561b6d,0.07247150005378043
a1ef8a44aeab6af5,0.2741826748891267
2bf2e0d5f713e9ea,0.030658778013366673
6585c55605f3d692,0.13024002941265805
4a44bfcf3c8bea26,0.029799566040500367
78a21d5aa40bf4bd,0.05989527418705736
d208a68d90d83d1b,0.08720954442425492
fabf07be02cadf0d,0.14147635234159595
3fc8a4ec51114a77,0.118557668079632
d8da2f9a640f4e03,0.12497171767158705
f7a8212a941af65b,0.021527585844798115
836c933a5cb4ecbc,0.12575897788212415
e292f252eebf817f,0.10939982783230447
ae7e8b931e0ade53,0.16513848943853665
c937062a293ea0e5,0.11534998529753784
673793020f42eaf0,0.04023246069028635
531a753aa5a10879,0.04472120160820736
65613b893147c771,0.136958943578403
a3609d34533ca6b4,0.11675528969778283
c9eecf5329211123,0.458041715417735
4e6d4f733588a212,0.12396400649229083
95e0d5ddca2118d4,0.3193423792550685
4b071534952c920b,0.08579221631627637
f333221664eda263,0.05132940275508273
8627e41026f74eaa,0.12428099350716937
789f4695cdd6a417,0.08827243665121165
908034eabc372b99,0.050526242599192195
984bfa387795ef76,0.1502345701305146
91c8e8e6f637fb1f,0.1003008425443281
363aeba9c072e960,0.1454467225938415
5cd6915b98d723ff,0.09335746117693694
20f027368dbc60fa,0.03009779687287137
a58841827e8017bb,0.04955942876955955
ad9e6a299aee4827,0.10286349645814678
fad46bf569ac7443,0.08147281595030051
0bdec115af64e996,0.10526620233846112
e78e15a02aa6163b,0.27409091843966193
94c1b40d53f1c78b,0.10008282382200825
c1dee5b6d55fd7c1,0.2401106010754023
502f0c8494138feb,0.03555598802764054
316c5e9c86bbb645,0.04938076510184014
c5624991cdcf670d,0.047015063271694725
e000077bf8c8b49b,0.12678338103939443
9a36d5ad49081233,0.031157567042089784
e4ac16a92daba7e8,0.11278778886610713
caf1ce5141ffb34e,0.02852260280124568
d07bf091bf998e0c,0.08711135444274151
f230be64e9f003ae,0.15100324134461945
fcfe55e0768ab257,0.04570476283460217
ad04ef9c94f25ea7,0.046388598092412775
b6c3dc163008115f,0.05962138477488131
2a0af6ff3489e003,0.09119416027888624
5c098958dc2a26c1,0.036703751414222927
a802f6f7cd6d7b2d,0.07642211791077957
f0897866ed523f60,0.19021946113635563
3c1071f1773cc7f2,0.023989731555540062
5fb77ed43c58e517,0.049044244387182245
3fbcf72648af3500,0.05051862371629864
64964fe3e34849fb,0.055250293006091404
3d3b19b2da76dc78,0.14197728196659687
69eb4e47c0f3104f,0.16828273252342396
1b55daf09e9f129f,0.060697357538773776
853fa0b67eda4e6c,0.044161447670324504
636b3bfe96c8c67a,0.07922656419626414
51b24fbdde490535,0.05011626751031923
b80f84359d81c98d,0.12372196740616936
a865666aeb2b82d1,0.028899955249647023
08fd3d5f06273089,0.032861784985858684
cdac52f8c24b9616,0.16187677615870988
bdc841da585c4a1d,0.20683315363580207
8858154c3efe65ff,0.09644749508261324
29f989d45429b9ee,0.11680220301097093
b97dff4909968aa8,0.02998893697650224
69c86328a89e4898,0.035819285567609875
2d50759601edb9c3,0.14004919557791862
134be78ce02d48e1,0.1055979842885267
53b540f7c8d16cfe,0.025921805815104195
76d2e83b30cca3f9,0.07248741700895811
062167d4ccf76346,0.13865904381213837
84cc2a48661e807d,0.046276199861409274
60f1e251520005f8,0.10658492067243178
781115a32396b4cb,0.05460467193982359
4c1e17c82f4cc326,0.19413037144207024
b602ad5debd51028,0.12134356599737212
4d9da053a872a970,0.12496152568458313
95f7ebe4304bd2e4,0.22335232057211032
67a8207cfef9f011,0.49310550826372096
b1c3468185b9514e,0.13851635131814577
f80ccd7ace26ae4d,0.6529455207530575
3ac147039aaf4499,0.047030350179777906
fe5cd175ea7fc09b,0.03849930191626961
9026d2936cf2bda8,0.13703702762140688
a4b0e01784fc7cf8,0.1376406859802398
43c462b48d97dd20,0.11698765274520258
e36d0189d20a7617,0.07394968657638569
43c3586991f4b403,0.053191273143044816
009e48f2b32be557,0.033051165376491
a1689ef168f2f333,0.18559542334941292
dc310fc66470ab07,0.08022391949027252
bc654d187751fe04,0.07693595108142082
247e62af046a99a5,0.10011293620684894
48f2f9556bb2ad1c,0.09225877435631641
e604b921624a200f,0.15116543886962527
e46765e152f7daef,0.11351957764613846
3d183f0c812b6d09,0.1119834341192095
3a7275f9aeda8305,0.025471564090362584
1d994aeb47ff952e,0.09027815889735583
75dd9cd1bcd35d05,0.03434389511711535
a976b4932381b300,0.03158525604988205
da2e39ced8c0afd6,0.040505719086434036
c77fd47bb1683f58,0.14374166483143674
ceeddee046f39ae0,0.03247706783873702
cc50dd12d1f23bac,0.09995774414262926
8b73f447d60fc992,0.1093111098973456
dba1029662f0c412,0.07663648438178705
ab65e0876504bba1,0.11551195647910568
00754e6b5a7298f1,0.04931019394058214
082f192c053e5283,0.03929635530858752
4cee8c7c13d1afe2,0.09747688184348383
9ea9e3c8cb3df9aa,0.04752693451069104
2caa75dd78c01d17,0.19312151759557333
42ca39ab5466bd19,0.2298328507426356
939ed128e268f834,0.04620965926679198
e452cd65ed19c900,0.14042543813305639
e5ee2d79d0c49d1d,0.21361444124978804
ce0d423deb82f2f5,0.07002372511710366
3c30319ed1684972,0.10880155411413803
18968bda98628242,0.144146318359686
9566631a173d48de,0.1680961490771658
01d78d3ab164da20,0.049991051037103176
7245800926a4112f,0.13719195278672697
3fffc62471c1f18a,0.21155239223285585
3b530b29e9f5617f,0.14780917142097924
65305594301ba50f,0.15836240086377584
593ee003a4981c15,0.0789140828490581
f79985b30220adb1,0.11617213351720097
60dd8dcd3a1d1839,0.14422685123670853
288aaae44688b015,0.1289691348494203
8a16369cb4554d3e,0.0658895425536036
4e49cf49f79e1181,0.17506940986762395
1a6026c94f49058a,0.06397511495325528
8c29813aa363f889,0.08597803367197142
5fcc5826d5f8db34,0.12040969458283785
b002c58138c724fb,0.038656324002167564
62a918db11ef3076,0.28143899218630575
8fb91f382ae2782d,0.23527281072722692
af730eb0035cf0d3,0.20668371387064333
546fef357d2bcd57,0.15388525060307284
c6129c4b99d7f4c6,0.09197910903769381
7596069ac38eadb8,0.06382203352251811
9560c8310cf23dab,0.02474242175590063
ca1acdabe94e042f,0.09939454257494952
521f9d2193473fd0,0.0681242891856846
617eda3b96abb577,0.06432450616154016
8d735b59dd0a4270,0.1903692901406407
1b405139fc287a40,0.053337215150284195
e621733719a2d775,0.14906632786259152
95f4b0d76e779b43,0.12313051640526718
bd6a23cab176ffec,0.03836333946800132
3c5fadc2c957c7ce,0.17356894957802357
37cae1b2dd3c1330,0.10078141728942908
0fc2ffbd9370b121,0.09509398493165237
b31de0d8e304eeab,0.14217110756386914
5738bf5ea59fcb0a,0.14035839702191802
402c7edae37bcf39,0.10976451002531123
1d79e32040c6b05f,0.23976640100007743
bf493f6f4a48b2ff,0.04472370159862127
8530681352913ce0,0.04035093290438832
c79cb0e184ac42c1,0.057458200954076916
32ecd92eb352979d,0.13369886811416448
c9a54261284070bb,0.03348796111864896
e6c2ba81e397e33d,0.05497903895992014
955bdf4fc9420404,0.05902256258065433
b180a78e50608ab9,0.12144424103256979
69484ff0bdf4b104,0.131188075343259
8d62a01ddfa11fe9,0.1425476054732197
12c3df9b72ef96e5,0.04646365792558403
12ccc513557a0656,0.07785285027945615
2aaa9bc35f4acee2,0.418056046898271
e31d14248a98a72e,0.12244977588106352
1058c1f47fca2b81,0.05556494350070518
02ab14036929f70f,0.08233574847508895
6880fd1518aecd04,0.0803096976629637
580068eee74ae5d6,0.03301411220249019
fedf1e1bd320672b,0.07332511138632863
d47c1d43f9dbdf92,0.05966055411047957
8a7fa6c84cb2b0fe,0.09235449223500365
089bead0dc0d7c16,0.08680232889710927
3f12eac5d776ac9b,0.06856779784393788
2b55254bb421a326,0.10023192688132511
16721efb42f49e40,0.17044073561179468
87ada6cbd040d527,0.10466852957610469
c5c4d8e14015f4e3,0.09855356070851988
5d499b0e085f025c,0.1398881345364104
183039182079fa48,0.15230987829896056
05d6c8a5d3db19c4,0.18590016391011016
4477fb4e0a476ae4,0.12175199852226487
3965182266dda565,0.08895002197123231
72bafef29554438a,0.1021395499132028
1b31f23c3e55dcb7,0.1364201707007387
66c42c9008125f10,0.11150847022320515
5bf14b82c919f706,0.10189666194224381
2c7401c2798c92bd,0.060831638386916576
4adf517216b1dd47,0.032588662461556825
26348c70727fc713,0.17895193762224393
82c1c6b9b0ad498d,0.10737960209649121
1365ca92c2e04031,0.050410875197362294
9edbc98e397ab4c2,0.06753075120577703
1059c066d6e0626d,0.03348311682641496
af993cc3ac374b83,0.054441602349529224
f32194afe634dbba,0.1141107266934059
29de97ac80feb956,0.11456631290733683
e5fb185d8c6181d7,0.07459309724701874
632347c0452d889a,0.1842920689759533
35ad7b818afa2cc9,0.18466445530839906
0e9b47d072e9f5d9,0.09549290840901159
4b2ee7a5a4d7d797,0.12203243343322388
793b579534d59c3e,0.07415107460485382
3b23c46e8aebaa25,0.10528945948547445
f68b741461469ae2,0.03136495426331356
79e144db8265864c,0.03036418587348834
09c4fd90bed2d748,0.13630841796891713
2215efb176105acd,0.1444893921213418
b4a9877c6c234878,0.09208089214061518
529f75ff399c033b,0.16514509392208107
ad20741d26dac628,0.21219080092321763
abee4fe9fcb49deb,0.04185223558865375
80bf7ea1dfa6b569,0.1280639399718359
7d637676608f51cb,0.04883106397632304
79855154621f663c,0.036377918034576275
db630a696b94324c,0.06352913738562412
2c87f55f1bd853bf,0.0374088385092059
05466a89f589fe04,0.38935287679971575
073f9b06f7bf95f5,0.04124316664416246
d8c52af1d9a0ab94,0.03950168797134247
170df691b9758d76,0.12594145451642547
098c223fa7ac1f73,0.10479145721861911
947d4f80370f0b58,0.07091245329498101
66196fa0af9abe3f,0.13730374958987457
356513b3059ae50f,0.1261925581830591
a951ca23d4bdcc33,0.14718392127273622
defaffd4e20a4c47,0.042187069044231106
9aeb8ce75c56fcce,0.04475782096565836
0e52e6d570d8f008,0.03945345480645951
d177a330dadb2707,0.032664912331126235
4acf903d98d08aa8,0.23066558644502932
673bd4205f6635b8,0.1329318231810035
17b635201a20862b,0.08049839651446174
e31cdafcb4337eef,0.0388889794079795
2f57ad23a2ad21f5,0.13696296594665902
8c76f3fa81c149a4,0.06371056694075157
7448092b980edcbb,0.1284657585272453
cc3891e28dd031fb,0.04327847506118415
05d416ef906cddf6,0.0451735325079696
d5cdb3c4f4965afa,0.0486504447476116
bc40575e98475699,0.08110328857317027
7227a9d91f309e1e,0.07885033784228135
f83295ed727a429c,0.03897294015051515
44f16ce1d7899c02,0.038625343994441313
219b4d22a5bcceb7,0.038143456773859635
5684d434bf545e82,0.03532359038872955
03d5ff6b9db6a1ce,0.10234232276895296
c402ad00c62dd803,0.0509677796630681
d384f2bb50d7321e,0.11186160624474885
865ca8dbe8ae9927,0.07300004521270453
0cfaded78f4c55c4,0.12393173342478825
c1f9c03f1f673cb2,0.1432482176580349
80784aef1b00a337,0.14603457020480426
2cc7c6c16592cbf5,0.06080615168510924
f816697d9e23576b,0.05748479635866921
e0a3063ee410875f,0.06282446903904487
187c083474d62911,0.09098007887837137
32fe8606c8a5cb67,0.1563127879215661
e3b603a450f69271,0.056634672978601475
13ea25fe500d74e1,0.08085693878847394
3465f2b92e5411a4,0.03718362340009729
f84c04deab8f0a53,0.16643985614928897
ce64b825ce5f48e0,0.038268419530202845
a03d161faa6231d7,0.037140449512555754
7b73399454d06d9d,0.061725692623738025
726ce1fc6c05064c,0.11147273809026631
0e660e2441745329,0.12916155981997213
d4373d25e109dcb5,0.16582067488537536
6c8ad2f1018079fb,0.028821102133838823
485cc002fda9b938,0.03181168704990515
840b1b00c51f87cb,0.024353803803442552
e7c9e19e247f843b,0.07947219379075017
4f97589fa05c40f1,0.15884088603039498
41919c492d55190b,0.12025306175030348
8fc6cb3936ed4ac6,0.09232861548323744
75e3076bf4b29ba8,0.0474251320959081
8357351f6977683d,0.10597266182817681
1a6590aa6c3d2a06,0.13882865236097414
6b0dae5047e0ba12,0.11689352575210436
6f8bc4fa3d91a3dc,0.10895828129410866
e4aecbadc139b9ec,0.06876880598939558
7616bb2872e18231,0.11897439115348618
f97102e411194f18,0.05021525153041621
4f25e4f4959ce4e1,0.09503565611500009
46d34ae6f3e900ba,0.0782466748313963
73e3288eeb552e3f,0.03839294566196474
e7010fbb2150676d,0.07791566816326112
cc2c1c680ac82832,0.02562785169842149
d025b02417a63fbb,0.09417226102623069
08070948781ecfb5,0.0680517495231421
2bdbf073750d4864,0.09824251047781811
2783928eaba81305,0.13789252653892067
51bcbc84c0f437ad,0.04123945960836309
dbecf7b9325b78d3,0.1785856086796829
39b3096dbfceade4,0.0774237488896312
4299599a54525066,0.15794243206398803
ccd92654fb1f721f,0.2738610318628907
ee1170819ca7d594,0.033690246857922095
c30ab4f74d33afa9,0.031966714610540986
40f10fad12afb51f,0.08580769776992307
f4e63fba51ec3896,0.16544977861365723
60ad4f8eda2cf6d5,0.1856039402185604
4dfcb17aa4236952,0.10385871574175184
2e54d9b1b4e00337,0.06658833886470664
47a9e135733c2ab4,0.07632829291895563
4b3c22d3da587d59,0.10327965176347226
ef89abef9807c003,0.05520138029356504
e7530eb737c85931,0.06244321905949195
dea26fe32dbe26a7,0.11831538528620938
08133a148f3d4ed6,0.11287076595638824
d39b177320bf091f,0.1315750552803001
c2eeafe05948ccae,0.1146725452829416
73c8d1e2bc9f517f,0.07014348291130543
0dd4da33e5e18c44,0.13113533288539708
25e076876a1fb6c3,0.14478131019098422
873d0ca47a7ce61e,0.11311951360892179
930d090798b9ad8e,0.13531404980199044
98e38baebfb97bcd,0.15305682552042554
9c779fba6fe0839e,0.03553533561655817
5bb1f9fc76a02c1b,0.07839856658822553
f83de39c4e518f6b,0.20015534308002764
10bbab1f08d2e6c2,0.039641465977875
ffe63eebf605244b,0.4367640643096539
1e55e67dbb9fa1ef,0.07904849228150684
e53426cca968ebd9,0.13866699353908757
51bba86dd8aaec50,0.1494635602082687
582102afed3c818c,0.05869770510600224
b280a8fb8ffb9bf1,0.09621111170118091
e8e7ee8589574a45,0.05541103918012851
228ac1a17bade85a,0.09509331613366727
2bb37b0ac11a0c2b,0.14008289124352424
5588a1f5d8da9c77,0.04764138538592852
a46d657f4c9bc8ca,0.11559028006992361
7373ad47c61f558c,0.18507456576107678
0f1fcadf13eee28b,0.11311110635687416
1f8603bf90774382,0.31520612079496807
b0dc746e7f7ac87b,0.0709787947554999
82107223b7ff9788,0.12008067865989647
a38cbc0aecaa644c,0.0754828362038302
61dbaab39e7dbc01,0.03534600748512916
85064aac24d665cd,0.036518385291818375
48be998c9a3000d0,0.07266197157856757
26b2daccb2b045e0,0.22560270594222476
95198d21e3fae237,0.052754331601747556
b2a2d7a18404d7a4,0.1286925744044978
6b178de020b8598f,0.05779973054401904
38c1b19633279892,0.12136438186976156
186d5468edde7455,0.17716208960104823
4f33d36d7b629852,0.07927932351812308
b955eeaecbe25ef7,0.13537162395444174
39ad39dbe012b34a,0.2339658709626365
929e8e2af2403da0,0.06505256932476539
fa22cc093dcf1822,0.03838454961856609
f56ff6b1c2817475,0.0431780777039198
56b30f44349ddb92,0.09033938411264203
617dd77adea9e711,0.09635178768586597
4cd7a91de7bacdd1,0.1055619790263021
c07844f4e94ce116,0.25475015852509586
692bbfe3fde429f2,0.22523406471176521
6e8117bf11d2b904,0.06139846282671252
27efca94126fb8ff,0.04675180909069855
4d2a406b540c41f9,0.1892612878071109
5ca9c8756c163b0e,0.05636746777553704
c10aad8b54af6017,0.1276432357710979
60798b007f7b4637,0.09289424173290801
805031b5ab834e54,0.07831604509097584
fea6be92744b0c40,0.2055406838788487
284e4bea4a96494c,0.06846004020325946
4db0c35a634d4fb9,0.04142676009458334
351dca6bfd544a21,0.17122845980732807
c36cc7323d4f4de5,0.1309546113027707
78c350098097af6d,0.025037803668816874
1404eca61a3105b6,0.044468506410678496
2472a09a3e602f48,0.15113124996250277
5f9d50958df392e6,0.2717480222376001
ab8fde4ac70ac766,0.24525526806687947
6649908e57ee98c0,0.028234921449545657
6f6b426a42753b8f,0.06467611687577529
9f89dd1b9ea145e9,0.13508665417763005
d56cce1c1c4c9780,0.05433067165001562
fd794932c3ad58d3,0.031486821036658216
901c8562d025f79d,0.05180142161561142
2460966f3ca7d3bd,0.12673307749519197
41c6149d1848cad1,0.0722878221961343
2c948ba95eb3128a,0.1485451870328538
0263f07afc6e71f9,0.060195949199414144
59520bb39396ae13,0.12290652914740204
096e1b740c779095,0.09177107943409041
13bcd446b5b75780,0.03044988048476055
82652e7aaa1e423f,0.035736724913155694
b4c2a047510b1d1d,0.03387688321785817
8e95fe1172cfd49b,0.08657977433484518
8b3b319f1bf34127,0.15857911503432776
8e876b9274c5930f,0.041208384898108824
74c8dbccca14e4c9,0.18825485049120438
a13d2861af1b8b95,0.12764707184095636
3d0443784b9008d8,0.10265403262263936
30a6c22faea5d219,0.1559280138272451
8ccaf0cd13ec8d69,0.21545766982797543
ea79b75b6fa4e024,0.12043924657380886
df41150fbde2201f,0.10012482367395151
6bfaf27148ca783a,0.1313586837028794
016b24ffbde9f2e6,0.20005460762945396
c7f17aea0b57c810,0.03621016779761817
1974cb4a4a5105f9,0.06613306915585003
ed6fb2d892b20325,0.05297431564282468
029aa7e7739f68f3,0.0544221660630717
1499ced0a7fec031,0.057145581285509714
1da835ae2069715d,0.06109725620280977
3b48789ebdae6cf1,0.12121546252271631
b2501a34b4204e11,0.04712171012787972
4e1bde0d2fdb1719,0.07252199906055053
bd42c11dc1ea52c1,0.032821665859505945
dcdd441194892326,0.1044491539318306
890cf601bcb4d1fc,0.15947557152811104
efcfd07026d6f75c,0.11153102494717673
6e5921c9eaa0bbae,0.06740948177323296
076e6b937f9e0f1e,0.1632549176032308
fe7aa6148631a52b,0.06573895951432332
0204709b122147fa,0.041055064097781924
3bf87c4ce9af3343,0.02942189921188493
e5d3cf73e07cb881,0.14876929868457697
d79da024e674f570,0.13343446664680741
f137410611053710,0.06821187867464354
4b48a5ea7d8db38d,0.052343738720710145
6e5b5708c1bbde63,0.15991065902777202
2e21f1e2f4f0d11b,0.07464856293581329
2fcb7b875a97fd67,0.13442417846219568
c9c50dcabb2aaebd,0.03256136507318256
ade709965be588c6,0.07200415018531003
e99ce68035fd1383,0.08939780717046339
9abdf47140639086,0.27198949357809393
c0370f3f688a69d3,0.17484681210766964
023ecf078fbcbe04,0.06623137217578719
9366b2145d9ffbaa,0.21916815417852392
907dcd98979cefc5,0.03918824626909301
1430d1f8417967a9,0.10160054321799492
12cf954bc6f7953f,0.21015309962557016
9f439978c3ff1caf,0.13144906716122756
3d566b52640665bf,0.19184962628465219
1da24b04359879c2,0.054014971415691004
5fb8e8cdc5a458af,0.08539425584647066
69f63de79af9dd49,0.11327701080891323
078cef5b5f6aff6f,0.13352705913505017
ee64ad3ef7cbc727,0.033479563120693535
30f789de29e44c84,0.1905162853109555
ed6dc35d0f6c3f4b,0.28408618864749635
24171dc6016596e0,0.19753643618374117
d9753be4a4ac4d5f,0.18683966107851205
08b18f56dc4a9978,0.10244409777537533
2fe99f58d73a842b,0.03942314293473994
231cb4b19f8ddc4a,0.038291723491092416
a0f57bb92842d2c6,0.054135608062329234
b451e5af95310e52,0.12690341525387872
4d5e3c273bff2df6,0.10361695407726182
69445874395ad7f7,0.03610870045392394
72d5eb4d04446c06,0.06882105837239208
676277c834acaafa,0.045229119459647894
345fac6fcbfce3ac,0.13003143053533636
77268d80339453f4,0.07286503654288941
0a3d332e3608b10c,0.1749873438943858
3d3e247d278aad6c,0.2052680350048856
c6d0f1503380066c,0.21245947873436682
a7ccb8ff054ea663,0.1461392692628653
d3b3fd3963b35751,0.1456023738345383
e361e82e1559efea,0.11679658205149758
94f03a339108fe12,0.03351623528198723
0d6b47fe3047807f,0.09826112556346683
f0d2a9398458201f,0.040338958552055174
8189ef648444f31a,0.17452156388879736
b341aa9047a23001,0.054807297777597394
0b603f589ffe5334,0.1659785517081837
dfcd5836b6d7807c,0.15527297743368118
c69510f82760fc8e,0.058640072085720044
bc2b0e3b0279f394,0.03057079054616522
9e59359a937dc386,0.044663359344611235
9bd6fbbffc3029b7,0.07403276234930475
78533ed0a4d75031,0.12024870840626371
24d3b857d9ec7516,0.14843009722188635
d9f1874f6346d786,0.1307290861513593
6588a72e611a860f,0.04053990309705453
52fef00321899df1,0.15776893677093834
b3c2a81210323102,0.05131691904293525
c1501d30afd688d2,0.10770985010627063
2bd1f2fa8a7cdbba,0.05278035879674385
7472a7ac18cd8ab0,0.1796847536076843
b1dcab1c1027e375,0.1369924176043976
2add558fb5890d0f,0.03416530954408122
51a6b2ebff82bb8d,0.12555327612874392
3486d76917d26380,0.12830774643229131
7d9915dadeee6dc0,0.10178849684040665
1a5e5859e62a5ff4,0.027073102007727702
ba7cc06ca707247c,0.11542806283506522
3c42318ad81df936,0.035589140118050935
e7f32c62736ba8ec,0.07203218240392736
01970049a1d79ee3,0.1364992977983912
c34d08417ccc14e1,0.12487065669844938
dd08d7511ab95a7c,0.08811954779227768
147c9ed162930636,0.10792694139288538
4d55d8c7e32d9a9c,0.0635616247326372
1df22e6d0f4be856,0.06624070581742077
29e5cfdbc9735f7b,0.10616515591834791
529dfd620d6ee22a,0.06198092388091084
22b829fba260c24a,0.04668972743369528
712c502ecc45cac8,0.04250285635208285
2806f2b7f968844a,0.1300961016655806
1ff716c957da8f4c,0.024567619993002627
33a651d1e2266900,0.23178214585142298
01aa41460821647d,0.11506413923721621
2728591ac3aaa7f9,0.14269284881635394
62153e0ba99bfdc4,0.19715249939995133
a336835871390b27,0.07104970141001182
66040815dd14bdc6,0.059210619658873684
e0d8f324ffe3e925,0.1045848996737154
e7d245b8d234167a,0.07120224699681817
b30acd5fe8990b03,0.31950931562965695
8b87df65e3f61018,0.08463653938155632
92d913128fc856dd,0.09238876294277015
c1aa97bf3aa49c01,0.05495082246971964
37b85ed57524087b,0.15766589535853934
fbbd2368a21a9e6b,0.07983841503403608
39795c53fb16d719,0.06017352316162777
6d637bbe837caf77,0.10873539775587138
ac09426ca8b44dc8,0.20398770417167536
0007a5bb7310d604,0.12350139605747357
f8c5400d321751bb,0.1711219896084759
5c5d74b2ed3fe0b2,0.039544807570372
a0d70afd5aebab39,0.07444833002854193
dab67f5669ab1b4a,0.11797717230959942
b094a6aee2983e4b,0.13749573874005744
76eceb39e4bbf598,0.09347522774080616
08792ceaef2278a0,0.06673250910961677
421639eb32096298,0.11434334713970418
3732446a2dc0ff2c,0.12005410341682024
f42e7bbaae983e33,0.15768625124090385
1d7a33be5e41401e,0.07620111802890642
c94efe294bf687bc,0.15275963172918045
54153bda194f6353,0.04072097614198422
275f14633d4a7de0,0.03938799815186065
7a750521e7810b4b,0.19469706643383225
b94bc2b4bd62e236,0.12840384799757548
3c2076842f11afcb,0.047749168141118556
53c3d245534bdda0,0.033348819861725464
bee1ce38b4653a33,0.06617317516649497
7fcd7a8a7c44d7f7,0.0399754501236749
60fc2edd396bed1b,0.1002669665057988
df7a1a739d1e3d31,0.12629902811870186
293173b622ae6047,0.08753832344690181
c18a9f29b23ca49b,0.03753224912438157
4497cca94390df91,0.06149997286185703
40d9096835771f2f,0.17114743075749642
ba30e997b8338d76,0.1450807805467314
56d89283c0f5c7c8,0.07126723718056541
f460984ca4f4f1a0,0.0537991011575194
63585cd6e35862a2,0.0580024934239837
26e41712e705d5ad,0.12251397252871707
0a056eacd56539b4,0.041845654610133204
9060dd63376b8616,0.07765571688245003
f11e51ec27009738,0.14760515838354163
d0496dc870887d72,0.11155139806393305
65fef6d3fb26ca70,0.03069348108961542
a586684b41fa9769,0.19281236050074113
3bb2f0950e70a234,0.0900428807409056
6c6a97e3ad10abbf,0.15162939164776523
ede33053b334b03e,0.10882724749044823
0dfab1673fe84ab2,0.05519331157858565
f65b0230673c2e76,0.09233620181318071
5618ac6872992ff3,0.3050714831843636
77febd71dc7777e6,0.1717667090817408
7f54b45c8c0b9310,0.16053369505052623
9273e3e5412cfeae,0.11019116995471796
52087475796918f7,0.051807581628245565
643455f14aa1df04,0.022950223420473648
d1b24b005a16d2e7,0.09862432411840394
88788f98d41f9611,0.13110618873874108
bbbe50af555f1d68,0.10209948566269963
1bfe964817713a25,0.4936186816220355
40d6df07da814020,0.14704789632295295
8a96d0eccabff7b3,0.03431372815034908
439300a43f735490,0.029156854622950635
bfaf88448d1869a5,0.10561054010605804
1eb331ca2d61f16e,0.11921323767171704
5ad8f23386d2ce42,0.15461416682439233
69ddf95fb1e28199,0.13989966652329222
6c224fe2f90a4ac6,0.06273544319112735
7d2d81f3b2e16bb2,0.15388067209867742
306bcc14dd7bcd69,0.18741480998549123
db0b579d4d6c3202,0.023657329608159573
5e7670a553fae63c,0.11154777485839379
999f8c054ed84981,0.057056620846990945
645969c8fdeb22a1,0.018568328287723267
6158cad9f5117a45,0.07356391218927133
3717d43b0bfbe61e,0.11040314381817243
8ffc981637d61bb9,0.09061841950360396
8b934f4c25070ad8,0.06938457389974065
15701cad20890a02,0.07386540752877176
4a22e527eecd22b2,0.11721763160020147
6b7e69ddbeb27f14,0.1401032206112016
c44f66a5254d5ede,0.17191777849314893
1dd06cc994df91c5,0.17084955967449228
43da23e0c905b332,0.10696571826514759
cef6bb5fbd6d7d4c,0.029013141294558203
74e65522686e974b,0.059184750775215365
b2ec41e4d4e17991,0.05586446089976799
7adfda5837586ee5,0.07407725317877603
7be7cd83da184778,0.16811256234181018
331453c919db4a8a,0.035791895400909574
1ad90b2ad8ec5751,0.032674073621710584
06f305aa47e1f3e5,0.14005149836732952
5d77b6a032a98222,0.1035295612492519
2fadc388cbe136d8,0.03472084441133546
3a64f59d79eebaa0,0.08257877992245735
e9d4d3a03ce54237,0.14040280085836881
5bc032bc2d4db536,0.04909023804004803
42afab27f6d63b09,0.0864902535072336
0ce59aff9d61ddc0,0.14629457681217406
c4b23b3e64f8fa59,0.051054691310387326
df5826f4adc2407c,0.12398625899945831
1006c7d207337c5d,0.05171240844750054
74f20f15f7388f9c,0.033084516421298296
e8c69436b1cb3320,0.06724721095996741
609680f04da9fb46,0.03865776181728057
060d99e1fde9dc79,0.04050902056577788
6555f0c293c5a1f9,0.13289992735503026
cc835ba475e9656e,0.13120916733797408
960c65dd29d3417b,0.08038195212555749
c7596c71a0f505bf,0.0409262202084722
3f3297df319604e8,0.11772513582967173
21c886bdfaeba657,0.16586914784324988
4c47eb742008376f,0.09174806780686819
0360ab7e3c03e1d6,0.06472592765156411
106e8c5cc993ce96,0.09375513332609127
3f189ef767336273,0.10357940559083847
d87c2b5ea60e2e70,0.04496365106392426
924a02ba0ace2e0f,0.046799501675623675
e0a93aee5351fc40,0.1700746645009087
60036012aab0d68e,0.08273386709598708
92196298fd1f0a2c,0.0682691501810674
2c9507cd32c0dc32,0.042300549784746254
f138d3401d1ef8d3,0.028745181740649467
0550e84ce3342ea2,0.15753557108049035
433b7b91aefd0d89,0.03470429808401738
2f084abde9824f95,0.04208936392890635
aec34c208a4086e3,0.20809411463281682
77832263f798d3db,0.10183531681987748
423646a4264a51ea,0.08894714701831628
99a11463587499b5,0.13781607182083982
5666dcd2f61e1fdc,0.07424339133556496
414bb3e31a06b128,0.2129785123539269
9825bfe27f61ead1,0.08145849889720856
3e8b0ac764ba974f,0.030252674149364396
f494e58fc4f527c1,0.07162505797717506
4b3ed9d300487cc2,0.14963012372330922
064d5daca103bb1b,0.07042280068100867
1a4b5aa55f664cd7,0.08429466481318128
65fae5433da58938,0.06686798389411155
77df36f32951641e,0.037275918219424914
2734faa9175621e1,0.2691593275477872
6952ae6c0325e147,0.037256828318714824
bc49ff32a733b5b3,0.1510791377803431
ddb437f22bdce5ad,0.16597867358726942
ad2ca89540526e80,0.1615279994584304
8eb86976f1f7faeb,0.19503684625555387
351b2cac3bb60649,0.1325392593353876
f3685748a7717d4b,0.027481040414504457
af64f4a787a28c01,0.04154734924991282
e41d8e72f6a6da64,0.04537730491821218
43199fd3cad0d080,0.10168022520350553
08639490dad5a32a,0.1439911093594768
251545c20caf2d9a,0.09096694378862165
657fbf140a397f3b,0.06128842544492024
d28dd01372e08f90,0.10615847010953255
fb9bccbf5affc835,0.026305791802539127
0c3e0f0e422bc214,0.14442015364217675
b6fe616b3ee4f983,0.0975536596077956
1a05d9b0ab2c483b,0.06983692842630823
be053c37d8d326fd,0.10588983148542055
b0cc45542dd09eba,0.0706457821998221
0d1c9ebdc72b57f6,0.07902166625177236
926a38d305ede2ee,0.14624755767395792
381047d838351f95,0.12961786951481924
5afb977a1eeba5b5,0.07696459941915523
1ef7c785c8633cc8,0.06781217797445109
2f0bd78e22c8874e,0.14131695396831068
2765e2bdf659e633,0.03659518238487432
31756eaf193dde51,0.03860020111462703
ba5f5a3df72c6be8,0.19442535598432173
90e87591d24ae44e,0.06880266675617265
f9f063e55d3db8b4,0.09390377729642203
3ef90711b7e5d86b,0.13642606589100414
ec0a6ecd2422c215,0.11589670888329787
2a75009bf5006a5b,0.05649916700987424
9edf622febac0e4b,0.11406708904499958
9cee551773541f4f,0.08579874776936963
2a07f1c2d7378d29,0.11285024160404157
aacdb09c08c9a960,0.031715232073986854
df9753fd02aeca78,0.07525278623625441
ecc853e05f1891ac,0.10189752362303583
859bd8582d3d2811,0.07965391674616429
a124273d56f60796,0.097740960275681
9cd33034524d6b66,0.07303241873882889
9e58973154c42431,0.049610288473826314
fe78518186335668,0.032563651496719685
0c195b45f68a8952,0.06154057855143175
bb6b109cc9317218,0.034081036511341714
a58342d3aee051b5,0.055595193638318954
48f975291ebf9397,0.1556878689380314
672604676c29d735,0.11177902413235424
144b0a7e9cb057ed,0.16905263236725643
02ea6c1ef4cf0b61,0.03217010937216661
fe3c47193f742bd1,0.04063368243737032
782fd306b790e8b4,0.09181373142154613
53f0ab0c206a7f5b,0.1593847115866403
2d15bf73a2700357,0.07096068783639793
569b34b568032161,0.13378154598908132
d98474765b2d7880,0.10475931808022361
f3088caf81ec54f5,0.1775638269395675
884de3bae564118d,0.18412315869027365
5b62a55571d795f7,0.1441862771029615
e860976e6aaf78f3,0.0994545422903224
bc5f8d0b2f9683ba,0.030350168090465757
92555d85c6369cfd,0.1634622352954475
189861fc294e0daf,0.09133148943765311
b8212e2222eb4313,0.02857305388598977
53afc56ddcd63d8d,0.11272613124985666
0592b0cab7becf5c,0.09030335223497196
ac4cbdd76a84da91,0.11919890971389582
f2eeb139d518ca60,0.14277665306651324
e02fcc8b8b63c0cb,0.04643722357042393
a7f194a18e15e185,0.0702170670482824
b9b57b5beadd1490,0.13500737141070018
357c4988d289017f,0.08937298899561832
f0d98c09bd71837f,0.1082295391581208
b1c0df4bb0c82383,0.09119384301517265
5bb361813a233522,0.06467691245960519
c3eeda7b200e2c92,0.05714594430603984
db0460b8a23a94e3,0.09606789361274831
3c80f795a35190af,0.049472348173077545
ecf5824d8b392491,0.060888278883975785
5fc7a11376239e12,0.03053701164482655
2008fba1ef946ecb,0.10665287533666507
e2aa59fe541e0ac8,0.052625371844792775
09b5c7802e6b561b,0.032692372685967586
988df0719acbb76e,0.10048244811644975
48d79ec301d31948,0.07213250312458176
d288ed9b89b3675c,0.06183611684528267
75abd1caba2694a1,0.05998028202358863
3660f3c735d8a187,0.07953038708538542
0440ac4598276f6f,0.1469205683175321
836bbb09e4831df8,0.08013570563485667
51432ea27e463eb4,0.048130133903256364
3fd99194e4efb12e,0.04768446892003095
ef1b4ca1f2c1e357,0.03594479617370185
70c464af7e1cea4a,0.09346239562977407
54c64f47d761f86d,0.12983426885047322
333dcb05411a601b,0.04825823068875547
11861d1571dcc3a1,0.05459549133446841
20e00d08f625d409,0.12849210895767266
8574c4f5b2db8c92,0.11230220100545538
95feb433faa8520b,0.12246232816928711
1dd496796a5dadff,0.05331910195969809
c1c248e8483e9ef8,0.11139194298618277
5e0dc0f0f0ea48f3,0.053749688530725745
7ecca4d6c9eac123,0.06098824091722985
58dbf7650b2286e5,0.053265416064084
4c62224901fd183c,0.12002695171884543
affa636fe0cafb15,0.1472693777850915
c9f2c416d003a925,0.02645388427423935
c19024a709757f11,0.06664542257969944
d3444b15af3a9536,0.0982844606758182
2f54cc2167b0cfdb,0.060486120582318545
d974c7d47092679a,0.06341259489206236
1f04a25da2b17ee9,0.10421307271884692
f133299dc49c2bf2,0.03338192223530766
9542ec8d29575b20,0.15055290884463995
6e476b773a15e2f7,0.05287856053752965
c468f0fe05876276,0.05291707415619532
1bdf15bc47508221,0.137299697245933
687b1d6eaf1bb287,0.11768368668321517
fc8590ee9d55c5db,0.05087124084444519
a4379a3efec7361a,0.03397660738112869
30a2e56d4d608b28,0.12685626424799235
4b400d52635e28ff,0.3052689194051107
992d4d4846551047,0.13277100970930178
b91c089133d42f62,0.065174696449805
c98879c523da912b,0.04034954096743879
7c8f510d8af822b4,0.16848561133895884
9d674a6212b3431c,0.04167270467049408
d3da05b2f284cb87,0.09513679525024163
853ab873686c227e,0.1418409900045861
ee0d55e13012503e,0.030010445117412722
fed761caa06202e1,0.050659848863395376
7750406f980f78c8,0.11413146348944199
e8770d9a28fdaeaf,0.24676702422680963
4025856444b9ab51,0.04771296203413867
1d0cc87631f52974,0.3967153062976075
f87d2af1aa151b69,0.1039788737817787
e2746f6359714da0,0.0643278333925876
6b20c519964ca8fe,0.05192268782111242
ac0ef70a6dbe1ce0,0.03675657084565048
29219b6baa3ffa60,0.10662869091470234
ef5245dc0733939e,0.06840370867445728
26d625d3997169dc,0.04058672207041518
ff9580c0b2b1a370,0.11024984822914763
bdad383d41eac454,0.019818260214430995
a6bebd6247dce4a2,0.21891467109182183
846ab5063b60d099,0.19189204680685645
1e342d4cd0cd2bac,0.0858217360268275
b111d554bd56dcf7,0.12550106873018474
9ddbb649643fc0ee,0.15865882189477956
0dc9c8998b42da67,0.15483367538178056
80444594c0d4b5b8,0.06310774277786589
9bf8b2752ad4d752,0.16843450830860496
794812675f553fb1,0.11260745521241304
c60c7cf09844c202,0.07194674710269675
06559b4012a85953,0.03780422794353353
dde7362e34a81ac2,0.07083324916451196
fa1ccff8a7481b47,0.1289835142406011
89c1eb286bad23b4,0.02441153041414879
b389067306356b78,0.08956244160500124
a4328554fc4a45e3,0.1105387964269928
fe2ff0422ecd1440,0.10260000178061852
e1f0e9e0dd1f6a8e,0.10137623265211426
e431bdc8db1622e3,0.12858522359400554
54d5ddd4fde3db7e,0.030847614084201575
d6a2262fc314d2a8,0.07211745751432455
e7039d9ed0ec0c39,0.028991681028554844
357fb25344e0d8ef,0.0640921266238663
8479ceedf945cd0b,0.07366146868690052
30e12f447d932d19,0.11758753490047197
a33acfadc007c5d3,0.1416322322597241
32b72fee7f2bc37f,0.07484969289988974
e2ef0cf7c0138e95,0.13201113427840105
c53a5098d3feab43,0.11885941219104486
2d1a504956a9bc59,0.04299699869380423
5b9d63bb61f11842,0.04004248667041112
f8fbcd4440a074e6,0.12281300983747041
c18b0ab8490d1c66,0.057565768268803295
18cc6b0ca558d790,0.21976447407581612
c78d6d8adb708879,0.044693606931669266
928fe114a90feded,0.12528322955085075
806b11fae1f6bd45,0.04964278516796773
ac8d5b4456a25f98,0.04519972565670505
0de3b4e998fb61e4,0.050963643343229253
0344ee3e70daaee8,0.1579990650432594
9459a694f708e7cc,0.04404317840469842
f8f24bc3cf3562cb,0.06024166543905339
fca0d01a476eb58c,0.05257010487422398
ef25fb3354e1c732,0.12303099034290664
83ce56a22c714f81,0.12049528638779579
781864846ec190fd,0.03799528867251761
99c27791616e6a14,0.11794404735560843
f00a56545441ae1e,0.04508565149999262
160c77c56d0bc3b3,0.03872397962938267
6bc7f7e6a8dbe398,0.06382103518862145
565c31dc34339cb6,0.14897175059739343
d47a57dc58d8cfca,0.0894093334841344
7d91fd093f331634,0.18889129846603903
a33fd6143896a064,0.03990318501768013
af6776fae916125c,0.27873359260474545
eb63791dfd566fd7,0.10533553928048382
fd94632e98a57fd7,0.1263530991010193
7afa48755b2905cd,0.3132248685570815
cbfe89a23b516339,0.1258816763086851
bc9eb4d602b27458,0.06446612257255932
fb8b7e3482eaa33f,0.07161080301587469
0d172dce11eeef53,0.03676428268688633
6cb7efe2f15a8b1f,0.05800584824051824
0b234c8955fa5560,0.07041388292656793
1564bc14da2389b8,0.1605052985240853
11d440c4ffeb2e60,0.11034721647887645
fa46240b99291663,0.1324730861255269
52eb5978e0a48397,0.20145460339395735
bb2cb3fc47f785b4,0.1416117006514008
bd402ae2e81bc456,0.03667619637396376
5b2c73c3c2fab67b,0.029622855227491432
558785e2cd64bd4e,0.14522310806439123
d8d0cdd0e630be6e,0.2684341301241868
54a5cf67504e37cf,0.11960554365408352
b7225c4787addde6,0.04091300058796247
2e444cb3f4217098,0.043537508226470935
ae6ea7b6c44fe6f5,0.12081908021156379
8917e3ac1e161b77,0.1066309597876061
ca8e1b8f4b045be2,0.20379119461581935
b16a002c43cda488,0.16538599375093738
38988311c0c8e2b7,0.1370606701186819
40ac9a289f991b8c,0.09145598908109265
83dbe87c0f3ff118,0.0923583339314499
d8412746401ef6ff,0.04324259738005089
95a1b17435300c3e,0.11280056087285509
9576e0a63d76b324,0.06501821954644758
8e43c1faf8514a42,0.019415334955419188
64462847893bb0c3,0.10990178086772531
2e8d60596fe0288d,0.027772865298205614
e3064eb18f25f417,0.19991690876965715
5c24da1b9f2ac392,0.029388684219010752
ad26aaf8f4bdaf41,0.09302232936712214
a21097bbd8645f25,0.037499596252276335
cffe1ff942479449,0.04144976242230208
39170ff154aa8058,0.11259945603756408
0e2b77f6fe4d94af,0.1572876684422714
4fb4ed274c87cfd9,0.039518752960935245
dbe218b606bf3cff,0.0873525473042745
b1ff3f405ab15e62,0.08070030790311536
b77bd0eb977bfde6,0.026550897336276563
c65c01d13c9051fb,0.17005897940823864
9f7d2bd32579e9b3,0.05544763674506483
1d42bbb95380256d,0.13763231829908174
799c5bdb519f3962,0.09325359201712864
af54b26cbb15ae3e,0.09350461517027508
9ce958c47b1e7d3c,0.11580409270613067
d39bba0520b226fe,0.0800205029033853
c4923735c16e8881,0.023304409449587504
43506b20fd8ac430,0.06943135365806419
685b0ab35ff084e8,0.18800329325973447
03212fcbf4fcc22d,0.16638457916552488
7aff26a87411e8ee,0.12636082849758204
9af789cec1453f89,0.03315261414129721
41f2ebd04afb728d,0.14608642766710817
a3a3009c55baa210,0.2539586384873108
688382bd40810598,0.06274396768645951
42cce10beb6c55b1,0.046178970398130514
59fe211f9aa2b83d,0.11153300504474152
86466c925086fe3c,0.1686290043557271
cd36f54626e83a21,0.039692376990112625
ded728c05e20539a,0.14835630515828435
0c7fd3a164040b3f,0.16584817227887316
614f526f552a972f,0.07679640779677757
cf076cf42abbd2a6,0.04631355877649912
e20135d1136fb289,0.048320684905057365
2b40340f15b07950,0.12837901624148823
92ea7f3ec80af25f,0.14859084083715393
1de6db095fe81c3a,0.12387662340040134
e13432ce761076fd,0.0838146608071607
ae126eb3da41487a,0.041966500439441945
05436df37c119ff6,0.0856797720326123
b9203ce854a26300,0.13067949195185863
e39f8336b7fa1f6e,0.15294585989987894
2d031b0318ea5a02,0.07106679458810784
54304b5c419290ad,0.04793067027266838
e9b3e8a0a4077e28,0.035486915046732855
1dced917867d765e,0.1531893543718607
c004a070a93054de,0.14074861177108547
3fa194a91f4562c5,0.07156296617035818
76d5a2300ca56933,0.03387980438737148
993bd3c445b80c92,0.09470094429688908
16eff5adf0cf07a9,0.18243086268193529
19f4c91cd1038cc8,0.03278632430348808
4ace42dbd199d1b2,0.0933424557677194
8232534ba45ef07e,0.10240809665358608
a2eb06ecbdb56bd2,0.033138545167707006
e33ca091fb503e03,0.09893394585808066
8b65603997a5d0ae,0.03805594874969347
c4702fc1a3b838e1,0.06553729398957447
0a2ca915437c9a04,0.054682527939734146
6e4d60a1e5913350,0.040413276246370367
0eb4def034c0e542,0.1568007215316864
0dc7bc6ce45f37c8,0.04479273335281776
69c1bc9b1691880f,0.10624176069874412
249619e3bba248c5,0.09642618203435226
8a0925f386616243,0.08373745547566326
c609c9019d1d7b32,0.1505016124488839
dea132cdd56b9c8f,0.15078469274598513
24c6ff18b883edd2,0.17419842282910758
06ea151cc4ea5974,0.04522638903481431
dde1072c2340c07c,0.03065596572936717
bf6234d11406ea49,0.0773796651396095
610c0fee53d0cf9e,0.1150424335603909
fc0691273040fddb,0.1341704691124104
46bbaf2bcdf5a362,0.08080721171650113
6f4198d004803569,0.07605439059918173
3f726ca9a49e022b,0.03430496761507881
2263ab08ec01d546,0.037281783619735054
dc2a61d22023b42b,0.4030109543397392
9cb03c429bd54976,0.027365381335272786
d3d5427c6c9640bd,0.1441806423697955
a356aac05b7d44bf,0.06116161097283365
2c28820cf1ae8254,0.1369529500084035
cf49994228b74e3d,0.061209448541253396
ea984ee0501b30dd,0.07886584883145932
3639d96562366ada,0.0335530029838475
007d989968211b0c,0.07385958731850825
47b004a1df7ac9c9,0.09706119731606558
f09cbcb79049a436,0.15779830964384217
d3e17fc998bf6787,0.1388830414136379
0c6c8663f624c58e,0.0331727117077607
52720efef03dc54f,0.2006662696921236
c6a5cca33f57da61,0.04375919024887482
b1208369a0074122,0.04837976017833637
b0563e971ad0dbda,0.027406190895117075
a0bb9373f1dff1b6,0.15093200833857684
607b5d747f350fa9,0.13467081103892453
8945214e2c9cda71,0.16629286944359453
7fdea294906af44c,0.17151457826333785
1f3c2f31d844d10a,0.03812497040961719
248eb5a4a5179bb0,0.26893606343906457
f7522ca250fc8477,0.04965356656955247
3ac3d9675fc09e64,0.11387641606850432
b65116a131be84cf,0.16273534922155897
7cba939dfaa4fb1c,0.14848126037815276
4e484a321de70373,0.11583577161082459
48c00464ee810da7,0.11386075173886485
11c760a8108e0ab5,0.16557417347360515
4ece5849758d2bbf,0.10067277897492963
2d34cfaba66dade6,0.18340971703562714
597b3aa023ec1731,0.033330963875720196
65e095698c6b2018,0.11209117917242055
d4685373bfa64d8c,0.04693111894750962
b2a24aac339b046a,0.11679295471327315
d018e1502c830522,0.1165191498516208
b4a5d705266bfd48,0.06580133023126136
1bc1ad21db736edf,0.05213221882632407
3584862144963b16,0.06126993674830698
64acc3b4a0341a38,0.03028971118676053
ae1b7c2913418b6f,0.02561937418852636
5ff184c18b029b7c,0.03063784805233079
d407cc2c1f68ef5b,0.21447408790758163
10610f40d2c4beb2,0.036215155601357185
a8e72b280bf38b81,0.04816409798522862
4802ee9701571a2d,0.47683352233511495
c0ba503ad79cb130,0.4182496668062674
a428e18a2571696e,0.12913478943736426
d973ea3bf88a0f3e,0.13956470922917386
cca48a6fecdefbfd,0.08559271288459354
387eb4b1c9690ed5,0.04373772241013809
f9b045f246df515e,0.10247665892095992
b8aa274fe0062de8,0.16438146563487838
9d67fee3adf9e1fb,0.16455421719928784
3196cf2ddaa8893c,0.16708346678442162
c6cb67394ff79930,0.1086939930345014
b713b9f13a1a825f,0.06478612406801075
0c55301e8a9a0e8b,0.15684264794693173
06cf6a66edc51d64,0.4472143871658421
73877568d5adcb7f,0.10337251852354769
6e713b6c6d9ff701,0.18663601021224632
35b98290788b0e15,0.1722651304548297
c1699d21d21f249c,0.05988916526971725
4d4b1f0d9defbbe6,0.23432257221260755
c1eb4bc9fb4e0c7f,0.11111205961792046
ac64ea4bb93cb2ae,0.15401510911201924
a6c0198d0ade9eda,0.2677248832013506
4ee5d36590d4f29e,0.1175976231284303
39d7718a5529cc62,0.030652104068470708
4f6e36e222d122b1,0.07138379129864811
f7b65c4533428cbf,0.2666627554385157
32839e57f8e1ec72,0.11686335194202802
0a631a26c3a1a8ef,0.15293420351547915
42ae365efff05b84,0.08674888302462105
aaf16c83ac07884a,0.14896335097571667
e3fe57ec38bc0cae,0.06368182194678795
a269d748b94103bf,0.087916595660723
29320c0461eae48c,0.03451029967042925
98b75056b390e87d,0.12259815378937106
a18aa53890bd84ac,0.14261670093044793
fc5a2a2354cb11ed,0.03114345241629125
912408725cfa628f,0.08852546979261458
6453b1a068b68ddb,0.11711274683519295
d95e854d614ff5a3,0.11592300396493074
85a79337144b2a84,0.06822405587981886
b5e18d3eb66f6250,0.03947400735315169
3b90fc3f1087e3d5,0.03485068715706832
36f89bae0e5df26e,0.0905554349908212
7de9a21c9a6df7bc,0.15587921096175889
4ad662d48155a76d,0.10459187571401574
1016d05cc8d07dfe,0.10761866463608591
b0a028857d9a81dd,0.11525144878835882
c7da65ddda5ab002,0.12209360549143501
8faf1048140782ab,0.10956543806672125
d0f1cbe5f5c2cc97,0.12917323641855172
766a85256e2db000,0.03671010113471149
83f8495a5ff0fc2d,0.057603303266034994
a57ac84facc6651c,0.16522533933641725
3e18333d2d1812a0,0.0368529072105119
2e2c93c0b28242d7,0.15009455426116866
290025e556e7a964,0.07218819853723038
34abf7197c7817bf,0.11851425724379672
4c990af23095a8ad,0.14305001483214064
b30f0e7ab6ef02e6,0.09477324835123654
955f054ef8ac2a98,0.3286759701341989
efdde8377abe8fe4,0.11776124817987933
cbfaa9b940f4c2cf,0.15901547457574913
51e64153531937a9,0.22900290676760132
3b7b80317148399b,0.14239280047910272
b1de8383db45dfc8,0.11083197195121507
0d3f9429ecf4d4c2,0.04005343073354153
c4499c39e29ecf53,0.08899915208974973
7800f7a3f936332b,0.043692933694735245
b837532e3fdf4a50,0.08038162702522308
c681da0099cefd6a,0.04082193047838964
c7acb3b5705e68f2,0.0403949619312741
7072f5cd32c791ed,0.1626622319701363
00b5216b2f2dfa33,0.6016429489838924
b2ae02f82d15b4ad,0.10777510000085638
5ddd4c1db54b9114,0.08713770982948776
3e6fa59b53549aa5,0.06931987846617907
6b853eda68180bf6,0.1289419625172423
0ee247af650122c3,0.18637513172222742
9e2c6c5193f21067,0.04330634073767143
6cb5b3e20565dfc2,0.12890713419901073
dedaeeed301662dc,0.04917327903890839
7244a91f3ecd611f,0.032953059171424624
d5447b494619e05f,0.1276682027481363
d114e64d8dfca5ca,0.031364495176505705
762e061721ae89c2,0.032171106958368695
0359613691f7c01f,0.08556626582706761
ca90a47bd789f6fd,0.097308601725728
b43584123f43b018,0.04794188265283434
0770e000ee552df7,0.14343240163724688
b396a1df0d592f4f,0.04510846935664446
51ffd9a173cdec87,0.192252228977794
38e628d583de2dcc,0.03603289718920924
5e444909efb4f076,0.08645511312030421
147047e5cda600ea,0.09511163099841516
02f5e786b6ca732f,0.0525979293522212
b29abac474eba51d,0.23522763157614734
14f09256775b5595,0.09430677609409187
4132a178395f2d42,0.12554694633072677
3ecf5a5ba7668082,0.04681985821078605
f7b8ef9f4baa3954,0.17301900158399638
344ae6cefc6e5e28,0.03921475093515532
9f8993a4d3fd8c66,0.07523198645201182
02fb2d64b2963430,0.10699186457974566
cc3e88fc10db73fd,0.12623908819040983
e1b25ee0d1bded29,0.18223734300194575
6811aeda7c48195f,0.12221515715166968
2caefea2089d3348,0.13710139767654841
06624c42e6f173c4,0.24954111492983608
18d0862452891d30,0.11053865310805151
aeff78b9acbf4d71,0.08776549322057325
3c4fb720d11f542d,0.043052084966507045
ccf649ea4bfee844,0.06189387021369583
72bca5a449e85cd9,0.05159860120136821
fd6a74697a1a9ec1,0.039409276897503745
a629bcd8e7727428,0.03402657384419003
4234c32600399d7b,0.168935010149931
dbf0f354d6059039,0.03497301791781402
3807b180f301e7e0,0.11502881749699523
5cff8cd0dc4c326d,0.08376278626771212
a28550e03a14c9e2,0.1498362189403379
244915cbbfabaa93,0.03579225372399064
f5d28c37e1483258,0.06687381670911155
625d0351dedf957b,0.1081488175842911
daa98d98f6971d07,0.09757209583548791
aac141e3478df5f8,0.09705942860472326
6e2d6b44bfbd409b,0.14437458161864702
34a46acb36dc8ef8,0.03785816162665491
f709bf78e6f0fe9a,0.058330839683411434
573ce0864f1f1a1e,0.03948184665360949
d6421a369f95b35a,0.07060793873118006
6c74b5b293b1b97b,0.06428117075868017
51cf0713d5fbc070,0.10872899867031843
062ba7304652bc27,0.04134758040718664
930853397c388814,0.029860435485535478
2e48c840c19e48bf,0.12254596989684222
2a51f116e23cffb3,0.11437156985144721
070669d7057f8aa5,0.2661400153497886
967936eb15802a83,0.07504532425458947
83ec0a0ff919a926,0.03690657337635642
a35f4a25719a4b95,0.03534541703083523
e646bad2986e850e,0.13030916779553475
8b488afbcc578dfc,0.06370770392745134
13ea6594c14a4026,0.05736738227746795
d0e536523f93f64c,0.058985918764675564
0e5ca22bcfd8c5db,0.168277868759669
9fb1e891c08b715f,0.029471752270356377
7199fd0ada65fcc2,0.045845411075259884
2275f9dac244010e,0.034504879851799244
24e5ed05f908296f,0.06132245184882938
6cb602b86bec19a4,0.10893896863483021
9325343b0fd3d676,0.06589986220262964
644e5f81463951ba,0.1184914019094153
37046a2dda9e5889,0.059065838281119276
c7df199599dc296d,0.08577934658300954
54e463d760c0c6af,0.03976256481635311
9bde8f101bdb4095,0.07672644265583535
bc5c320666ed7ca3,0.033416862853853126
4e44d72109230bfd,0.10995219542558188
235aebae2ca0d45e,0.1484757459425218
55a1d48711c4359f,0.07242904763269391
c1ec685fcc48d91e,0.0783928427839296
a51c93906bd78ab7,0.08751691823258805
207c0a6423cf7a33,0.09691187512543306
c7693bad80c482e1,0.1550209605337223
36b92309f6e5618a,0.07733149809626239
26ee6d56130da0fc,0.13764753603925534
587c7d36156381d1,0.0343793577678729
50d432d2b52052b2,0.13175420568151952
b738afb14f60d587,0.18012025535054071
1157c08c11e901e9,0.1132210162702981
cfaea6958357ef1d,0.054688956362025275
d8b3ec80ec080d08,0.13105654789117605
809c8f80468b1337,0.10082142766436053
1bdded460bb636a5,0.3788458279170436
96cc52a1a3f13e6b,0.05237322783714394
c97a25af08369f73,0.04436153233325051
0de5d7bc5b46bdc6,0.058690073319699304
c6eca151f8576037,0.11377453163151324
7ef7f606745e05ec,0.02994060791065018
c5ea9ba7fa065f8d,0.4278909408515309
63142c0d75cf9aa4,0.03189615985221254
c396e609d01a9bcc,0.06588545675091362
7c9db70c27860a32,0.10262165065874426
8dd4bb6eda603b43,0.051183138204739076
d5eb724b5ea43bba,0.1862198170388957
e7e9bc7d5e2e5674,0.13191620045473387
24b3176d5020b612,0.17328484574551395
6fed295aff782896,0.48395009739878325
12d17a3ef6b47faa,0.1453508708043973
2c550aa9cd671368,0.030663883524770123
df00e28247baf9ff,0.13517715305155753
9449a45c9d7b914f,0.04195151837033248
9a8393310d9b352a,0.09506908720039753
e1b1b6a194b4b1d6,0.07703581746619442
7097d3e397e94525,0.04888626319763084
e3d1f895e94e8bbf,0.10769969896389636
6c46ce4b2303ecb9,0.08107481337829305
999760aff655cfad,0.026287536767005997
6d526f4593563124,0.09066781569772858
467801b5de42246d,0.12417817654425635
81c9cccf75c1503c,0.03782243725736247
bd1aa64c7a5dcc06,0.03614452492029922
df1a75c489d95957,0.03668164199698279
7e6ebb5b237b817e,0.042144156120082654
1aeecba2c7866fb9,0.09655745047100936
14269028868b89d2,0.06339671684253523
5ec456826b243dcb,0.04985408108294792
e574a546f8e193c1,0.15934480690511288
b0ce65cf243f3ae1,0.09134794982221855
8b8e8a00e6e1fdc9,0.03989780206177794
4a87b2b000e87686,0.2029388246382741
1175204fe5f8cb6b,0.07302072783459582
50a79bbfcd719a29,0.11993916792583634
0d8c215cc600c1f5,0.05975999158570108
3ceb989ec05cb0ef,0.16484189297149932
c7ea3f3ae516dbc5,0.03284983646095754
060631dc9f8845f2,0.1478120989117509
4ccc3fe421151149,0.03574209463343112
fd51240f58f2ec0a,0.04395040214507036
9bb25b00d30f4ce0,0.02060916849889795
1e633867010ad35c,0.03214174135467167
90da0c9b099080e2,0.0912056410965823
f3ba8015df41ef05,0.13414408621293822
7006c751c11cdc01,0.14529481946684109
db5b922ab7ac849c,0.04638004773191506
8ed9c5e3ceb94d30,0.0859170390960025
32bc573af0d063e6,0.038040134947065485
b6f5ace9b32140b2,0.18929327727627876
2acea7857a236b62,0.08362853982925506
2dd5886a7dff0caf,0.12471015812911357
cec7e9631578eacf,0.2199691296606206
aa1276a52bb96bae,0.12759347194544318
f90658bc8d521271,0.10955318620741229
8b65638e31a74f80,0.10444219887862219
233d4e0eb18d8449,0.1620410396074437
95e779988eaf54f9,0.08047822667352193
ce033e0586a41f4e,0.047750429862430215
29007abfebc6bd71,0.10768893842239358
37555eedf932eb41,0.08361005823449613
43f0b7fdd64e4d62,0.11572372584117813
48d11190742f10b8,0.21599457930814142
54167e2d347acd9f,0.04289363393107681
adf2b2540dad8766,0.14416399091746174
aa4854b6b5329860,0.7398554235690906
371dbcc2d3dab4d7,0.07298461241971052
29fd5cd58cb38dfb,0.15989305239647658
276d786a03dacf69,0.06965550637447651
90290aaf619cb77b,0.051124509568114505
80904c6eddcf06db,0.032065056860855076
5232eeb9a1fa8f60,0.11523674679621342
6205daeed9459b81,0.04196521605441767
6b4abc5da4e3aad2,0.11482025873332713
ecce281c5f6153c3,0.15088034641621428
926feb1c20abd0b8,0.04608437399633716
64874c60d39dc86d,0.18289608349342984
1868aaf30c77d6e0,0.11000645056840183
52e964be6dd475ed,0.4235556321729511
4404ade20ca8acab,0.20344581152079588
f6bbde7cdf6430cf,0.7032350264497043
6f9ac9a8227bf174,0.2340141942437542
e4afa0c3ef07f2b8,0.052507461326681035
a85d4f04f63f1f8b,0.06262826722557101
7f3411e87c2708d7,0.11535072821819814
5be924d7d731a308,0.07194464498414238
41ea202bf96f7295,0.05471484114746028
e7d3e68c097838d3,0.22129481221160346
c21ded045b04b1d7,0.05788082939658258
a87de56d4f2dc966,0.03185487237286995
b073cc5a7d5d1fc4,0.06980638323824043
cdbbb57088163b02,0.05427123268781525
97a093dfe9e1eb64,0.2325912273631247
68aafe54d00b3081,0.09033608116000744
dca611f4099c1df7,0.05542362736736574
068c9856fb6bfd0f,0.038616647544378435
ccec2927e56ab3d2,0.03155820377932915
f4239e382087c8d0,0.18954548294853144
a37f1921e2ae64c3,0.10525353290662126
abc7d40ccad7d04c,0.04230518946866754
7be1ba405f826136,0.16911626888979323
82f1ae3eff7b57d1,0.06195605287645447
64bcb6835fcb93ff,0.17477069370968443
8a7d498479d37ffe,0.08059380432546312
ddd893f6f7c67340,0.039257970014629835
63438b2313c7cb87,0.03926075516728257
